Date,Adj Close,Close,High,Low,Open,Volume,Daily_Return,Return_5D,Return_20D,Return_60D,SMA_20,SMA_50,SMA_200,Price_vs_SMA20,Price_vs_SMA50,Price_vs_SMA200,Volatility_20D,Volatility_60D,Volume_SMA20,Volume_Ratio,Trend_20_50,Trend_50_200
2019-10-29,578.8588256835938,621.25,628.6749877929688,618.8499755859375,619.0,14232568,0.0038782007089683823,0.002582063298472992,0.0,0.09120447315616365,611.7962524414063,585.1490014648438,571.2629986572266,0.015452444373217356,0.06169539458288775,0.08750260643568653,0.01431057067346397,0.01850576958477011,14112934.7,1.0084768549237317,True,True
2019-10-30,581.584228515625,624.1749877929688,631.3499755859375,621.5,623.4500122070312,12011366,0.00470822984783692,0.0054365336120552055,0.0033354963646750058,0.1124626372821862,611.9000030517578,586.5307507324219,571.6987484741211,0.020060442359848496,0.06418118233961168,0.09179001958445432,0.014345629981207376,0.018388091279484448,13969844.5,0.8598067072256961,True,True
2019-10-31,573.1983642578125,615.1749877929688,631.9500122070312,613.5499877929688,628.8499755859375,13217706,-0.014419033405717263,-0.004651727298412345,0.0023626416794377825,0.0925518708721833,611.9725036621094,587.6870007324219,572.1139984130859,0.005233052321297782,0.04677317522131541,0.07526644951762096,0.014395311834062039,0.018507376176085916,13719806.9,0.9634032094139751,True,True
2019-11-01,577.717529296875,620.0250244140625,621.875,613.7999877929688,619.5,11512260,0.007883995151516165,0.0089910893638121,-0.007006726183435896,0.10145902126023465,611.7537536621094,588.9490014648437,572.5743734741211,0.013520588476064521,0.05276521884225294,0.08287246712079055,0.013948172431239816,0.018523048165154963,13357002.3,0.8618894974660594,True,True
2019-11-04,576.2266235351562,618.4249877929688,625.0,614.5250244140625,623.2249755859375,9935176,-0.002580600069498562,-0.0006867379974707655,0.010869949104697962,0.1133764950975733,612.0862518310547,590.2832507324218,573.0196859741211,0.01035595219293306,0.04767497133897791,0.07923864210992959,0.013154746343731875,0.018427220181023538,13038817.3,0.7619691089620528,True,True
2019-11-05,577.4613037109375,619.75,622.4000244140625,614.5250244140625,620.5,12367810,0.002142559296900215,-0.0024144869215291243,0.04185933501894423,0.11951583565031809,613.3312530517578,591.5752502441406,573.4676235961914,0.010465383781283588,0.04762665399580479,0.08070617154212423,0.011345199472116008,0.018414046531508323,12737026.2,0.9710123702187251,True,True
2019-11-06,585.4511108398438,628.3250122070312,629.5,614.0250244140625,621.2249755859375,12130336,0.013836243980687835,0.00664881562898989,0.05876653346134475,0.15328670360359076,615.0750030517578,593.0125,573.9804986572266,0.021542103141132696,0.0595476692431125,0.09468006957891184,0.011584770132221036,0.01832363346905314,12217882.0,0.992834600956205,True,True
2019-11-07,588.7355346679688,631.8499755859375,634.8499755859375,625.0,630.5,16963034,0.005610095588148845,0.027106088712729903,0.028945915442840864,0.1545382986596635,615.9637512207031,594.7789990234374,574.493748474121,0.025790842941246783,0.062327312536869295,0.09983786118501192,0.008889452483551696,0.018326169780618868,12194670.2,1.3910203164001926,True,True
2019-11-08,584.9618530273438,627.7999877929688,633.5,625.7249755859375,629.5,13251496,-0.006409730077480913,0.012539757385201966,0.04585392071871364,0.14981682745964964,617.3399993896485,596.5214990234375,574.9971234130859,0.016943642747370813,0.05243480548603374,0.09183152789783366,0.007172689260732027,0.018352166761168246,12279402.1,1.0791645954814038,True,True
2019-11-11,589.2247924804688,632.375,634.25,625.25,626.2750244140625,14286610,0.007287372245919688,0.022557323009886776,0.0550133037084406,0.13270497307199247,618.9887481689453,597.8882495117188,575.5191235351563,0.02162600187911834,0.057680930368586125,0.09879059468189966,0.007200076625993435,0.018175189882588982,12134416.7,1.177362732235823,True,True
2019-11-13,585.8704223632812,628.7750244140625,635.0,626.7999877929688,630.9749755859375,9293496,-0.005692786061968769,0.01456236291095192,0.044129876566483706,0.10214728205795365,620.3174987792969,599.1640002441407,576.0359362792968,0.013634188381609347,0.049420566252071696,0.09155520482873936,0.007420755268197174,0.018018108944419485,11985701.4,0.7753819063104642,True,True
2019-11-14,593.487548828125,636.9500122070312,638.5,628.5999755859375,631.9000244140625,11055218,0.013001451195659097,0.013726972239580526,0.04157636528011244,0.14747672068360917,621.5887481689454,600.6655004882813,576.5683114624023,0.02471290557195016,0.060407184513267875,0.10472601345619803,0.00720415612392296,0.01767153790416463,12118443.6,0.9122638487998574,True,True
2019-11-15,595.35107421875,638.9500122070312,642.5,635.5499877929688,641.9249877929688,9279012,0.0031399638302385124,0.011236902580410213,0.046515477818161344,0.14638144152314747,623.0087493896484,602.3097509765626,577.1128115844726,0.02558754244302386,0.060832920554684033,0.10714924254199731,0.007155252511320485,0.017670450765660248,12053053.4,0.7698474147637975,True,True
2019-11-18,587.9668579101562,631.0250244140625,639.7249755859375,629.3499755859375,638.5,9130292,-0.012403142094941977,0.005137044733676044,0.03446725313780741,0.13305209542625107,624.0600006103516,603.7905017089844,577.6025616455078,0.01116082395426532,0.045105914432229,0.09249000318897771,0.007854204113063085,0.017769641089356254,11897387.3,0.7674199191615793,True,True
2019-11-19,592.5558471679688,635.9500122070312,637.5,630.5499877929688,632.6500244140625,10570578,0.00780474244669116,0.0056533104677307655,0.03490644785521768,0.15268366053939375,625.1325012207031,605.4547521972656,578.119499206543,0.017304349022334575,0.050367529363829044,0.1000321094165817,0.007870966997313671,0.01771790872880529,11864225.9,0.8909623003722476,True,True
2019-11-20,593.2313232421875,636.6749877929688,641.4749755859375,633.5,636.5,11054258,0.0011399883198703886,0.012564054029130745,0.027475127423750134,0.14685212968323724,625.9837493896484,606.949501953125,578.6176867675781,0.017079098960227856,0.04897522074602412,0.10033793012744763,0.007714722335189188,0.017712031427137162,11416627.4,0.9682595054297733,True,True
2019-11-21,597.8900756835938,641.6749877929688,643.5,634.1749877929688,635.125,12019526,0.007853300500043847,0.007418126219301602,0.03362596715604571,0.15313243864648807,627.0274993896485,608.6072521972657,579.1562490844726,0.02336020097615843,0.05433345638968001,0.1079479653501545,0.007849396332828636,0.017725823998720608,11508093.0,1.0444411597994558,True,True
2019-11-22,589.2247924804688,632.375,641.8250122070312,631.0,641.8250122070312,7688010,-0.01449329952061229,-0.010290338964577428,0.023177756637752456,0.1634698893242692,627.74375,610.0252526855469,579.686374206543,0.007377612282081669,0.03663741331373016,0.09089160645801897,0.008552982597661027,0.0175451265179497,11237118.8,0.6841620291493224,True,True
2019-11-25,592.18310546875,635.5499877929688,639.75,632.0750122070312,632.0750122070312,7893556,0.0050207357864695545,0.00717081447460477,0.034255472405156695,0.17547510453050363,628.7962493896484,611.488251953125,580.2363116455078,0.010740742187753005,0.03934946544433093,0.09532956665637715,0.008432113134435886,0.01751663972798157,10982119.5,0.7187643514532873,True,True
2019-11-26,594.0234375,637.5250244140625,639.875,633.4749755859375,639.2249755859375,8716002,0.003107602327162784,0.002476628943783199,0.03017702119232224,0.13028841523656576,629.7300018310547,612.9822521972657,580.8039367675781,0.012378356693094394,0.040038308007812606,0.09765961291888181,0.008345576314998722,0.01669621121568907,11330415.5,0.7692570497525002,True,True
2019-11-27,595.5840454101562,639.2000122070312,642.875,635.5999755859375,638.0,9580666,0.002627328698992182,0.003965955098716112,0.028893379810110753,0.13135250959974631,630.6275024414062,614.412001953125,581.3947494506835,0.013593618629757609,0.040344280670151056,0.09942515444276645,0.008331655096897681,0.01669618409174111,11097820.4,0.8632925795050711,True,True
2019-11-28,589.48095703125,632.6500244140625,641.5250244140625,631.0,640.0999755859375,12366040,-0.010247164686923216,-0.014064695602282185,0.013577981794914207,0.12596222365127918,631.0512542724609,615.7777526855468,581.9859994506836,0.00253350283479703,0.027399937160658805,0.08705368344118058,0.008688117281410055,0.01674436172929706,11115554.1,1.1124987462388403,True,True
2019-11-29,593.976806640625,637.4749755859375,639.9500122070312,626.0,633.8499755859375,15567626,0.007626572331746351,0.008064796340679914,0.03624982848046732,0.14501895339045712,632.1662536621094,617.3065026855469,582.6299993896484,0.008397667374800522,0.03267173245810495,0.09413345734641809,0.00804204060562062,0.016693166724968726,11233050.1,1.3858770201692594,True,True
2019-12-02,589.6905517578125,632.875,636.9749755859375,629.2999877929688,636.9749755859375,8946204,-0.007215931231981942,-0.004208933749268118,0.020724930575311884,0.13624634999922747,632.8087524414062,618.9072521972656,583.1944369506836,0.00010468811997021987,0.02256840221720724,0.08518696321775376,0.00815014029352701,0.016737562276641568,11104747.3,0.8056197730856963,True,True
2019-12-03,584.8687133789062,627.7000122070312,634.5,626.9000244140625,634.0999755859375,6991906,-0.008176950887566647,-0.015411178904014333,0.014997816383783613,0.135620481819283,633.2725036621093,620.5225024414062,583.719874572754,-0.008799515884320375,0.011566880713246519,0.07534459515614067,0.008374608461767684,0.016743187323136354,10957583.8,0.63808829826152,True,True
2019-12-04,583.1217041015625,625.8250122070312,628.4500122070312,617.0999755859375,626.25,11395614,-0.0029870956882849242,-0.020924592841947476,0.009802359349788237,0.11369149097013675,633.5762542724609,622.0285021972657,584.2178747558594,-0.012234110753299055,0.006103434161545129,0.07121852865005063,0.00840909591714033,0.01664879070814605,10908974.0,1.044609144728001,True,True
2019-12-05,580.3031005859375,622.7999877929688,629.375,620.375,627.7999877929688,12772494,-0.004833658538821339,-0.015569487459067943,-0.008793258754184352,0.1145560969130679,633.3000030517578,622.4885021972656,584.689312133789,-0.016579844004723454,0.0005003877093370246,0.06518107115742722,0.007872372507163227,0.016643166848141582,10941081.9,1.1673885742505958,True,True
2019-12-06,580.5128173828125,623.0250244140625,630.0,619.0999755859375,624.4749755859375,13774650,0.00036133048411124413,-0.022667479862395035,-0.013966845790713722,0.10962206955687259,632.858755493164,622.3765026855468,585.1511248779296,-0.015538587392124326,0.001042008696853669,0.06472498800037996,0.007747547452772426,0.016640081023784507,10781662.7,1.2775997898728553,True,True
2019-12-09,579.0684814453125,621.4749755859375,624.9249877929688,618.7750244140625,624.75,8265350,-0.002487939917955595,-0.01801307432599253,-0.010074884246600302,0.10504080477845346,632.5425048828125,622.2680017089843,585.6119372558594,-0.01749689421887224,-0.0012744125053335553,0.06124027884084815,0.007643682533166658,0.016649568428036957,10532355.4,0.7847579849043074,True,True
2019-12-10,582.1199340820312,624.75,626.8250122070312,622.5499877929688,625.5,9788900,0.0052697607188041395,-0.004699716663472464,-0.012057718916781979,0.1100252946295679,632.1612548828125,622.3660021972656,586.0823748779297,-0.011723677820442147,0.003830539898255436,0.06597643399551822,0.007548518330023564,0.016654975332166304,10307469.9,0.949689894316354,True,True
2019-12-11,581.7705688476562,624.375,627.0,621.25,625.0499877929688,11054642,-0.0006002400960384291,-0.002316961097348358,-0.006997772244791034,0.09980839447644563,631.9412536621094,622.4285021972656,586.5296875,-0.011973033281595158,0.0031272632854424387,0.06452412095508797,0.007452226924932435,0.016633744487923433,10395527.2,1.063403691541493,True,True
2019-12-12,588.68896484375,631.7999877929688,634.7249755859375,626.5,626.5,12913148,0.011891872341091014,0.014450867335263684,-0.00808544519250054,0.11949323610030382,631.6837524414062,622.6225024414063,587.0265625,0.00018400877197377596,0.014740047646167653,0.07627154911404688,0.007351243943146367,0.01665419003834249,10488423.7,1.2311810019650522,True,True
2019-12-13,588.8054809570312,631.9249877929688,636.1749877929688,629.625,632.5,11775186,0.00019784742389217236,0.01428508170643128,-0.010994638516082067,0.12635076138719192,631.3325012207031,622.9865026855468,587.5484375,0.0009384699363965687,0.014347798979416515,0.07552832662067765,0.007306396865501471,0.016623714862695704,10613232.4,1.109481593939279,True,True
2019-12-16,585.7772827148438,628.6749877929688,635.0,624.0999755859375,634.625,11327576,-0.005143015488833225,0.01158536142222455,-0.003724157569306996,0.13717857422808688,631.2149993896485,623.072001953125,588.0660000610352,-0.004024003864191772,0.008992517433427105,0.06905515321021571,0.006851499243586164,0.016506679874925195,10723096.6,1.056371720086901,True,True
2019-12-17,592.18310546875,635.5499877929688,637.4000244140625,627.6749877929688,630.0,12427354,0.010935698307539488,0.017286895226840793,-0.0006290186435790046,0.1620157473074506,631.1949981689453,623.5475012207031,588.6313751220703,0.006899594636613049,0.01924871248584692,0.07970797115795691,0.00707527725890083,0.016455057124779345,10815935.4,1.1489855976765542,True,True
2019-12-18,602.0831909179688,646.1749877929688,649.5,636.8250122070312,641.5,17447172,0.016717803798402597,0.034914895364114074,0.014921270950083443,0.17374317085896118,631.6699981689453,624.5740014648437,589.2571875,0.022962923149856485,0.034585151283055726,0.09659245826843432,0.008004676708656261,0.016548118819976348,11135581.1,1.5667949290944503,True,True
2019-12-19,600.4292602539062,644.4000244140625,652.75,643.0499877929688,652.5,13018376,-0.002746877258385849,0.019943078291452254,0.004246755246712253,0.07435818194195809,631.80625,625.5930017089844,589.84375,0.019932969029765824,0.030062712744070685,0.09249275662251666,0.007860712625859254,0.012022887462107097,11185523.6,1.1638593297501068,True,True
2019-12-20,604.1096801757812,648.3499755859375,649.7999877929688,640.0250244140625,644.375,15026044,0.006129657079803286,0.025991989730195453,0.025261870861336133,0.03137796871893017,632.6049987792969,626.2785009765626,590.440625,0.02488911222172252,0.03524226773705097,0.09807819471422308,0.0071463189237593264,0.01036076600376701,11552425.3,1.3006830695542346,True,True
2019-12-23,606.7651977539062,651.2000122070312,652.0,644.4000244140625,649.5,10195782,0.004395830536614298,0.035829363107221734,0.024624380008894775,0.03876214204279371,633.3875,627.2970007324219,591.0823126220703,0.02812261405068961,0.038104775643276634,0.10170783036676556,0.007130416092299471,0.010363085201094713,11667536.6,0.8738590115071934,True,True
2019-12-24,600.5923461914062,644.5750122070312,650.5499877929688,643.4749755859375,649.2999877929688,7179208,-0.01017352560781859,0.014200337640479122,0.011058370296049613,0.03988874339749948,633.7399993896485,628.2005004882812,591.6484378051758,0.017096936958086895,0.026065741281680932,0.08945612127059088,0.00755333610375763,0.010343061990305656,11590696.9,0.6193939900197027,True,True
2019-12-26,591.8803100585938,635.2249755859375,645.9249877929688,632.3250122070312,644.8499755859375,14949758,-0.014505738578166616,-0.016945893007142443,-0.006218768061922786,0.02249493052062368,633.5412475585938,628.8609997558593,592.1862503051758,0.0026576454711229047,0.010119844977743542,0.07267768418902376,0.008248174044912886,0.010525203778206019,11859151.5,1.2606094120645983,True,True
2019-12-27,594.0,637.5,639.5,635.0,636.0,7092992,0.003581446733834648,-0.01070767249013771,0.00766612724061666,0.024754902778379995,633.7837463378906,629.3804992675781,592.7584378051757,0.005863598875140763,0.012900782184816162,0.07548026201109881,0.007942585462656606,0.010532440348167757,11595499.1,0.611702173302743,True,True
2019-12-30,597.3310546875,641.0750122070312,644.375,637.0250244140625,641.0,9334190,0.005607862285539111,-0.01122073517829869,0.005647337948889275,0.04456399480073636,633.9637481689454,629.9909997558593,593.3668753051758,0.011217146183240212,0.017593921905975307,0.08040242704367118,0.007858455545462998,0.010391919347519922,11283827.3,0.8272184385523164,True,True
2019-12-31,592.6489868164062,636.0499877929688,640.9749755859375,634.3250122070312,640.9749755859375,8357056,-0.007838434377223424,-0.02326477906951574,0.005016769177118352,0.018657852215554493,634.1224975585938,630.5119995117187,593.9429376220703,0.0030396181207825723,0.008783319406353574,0.07089410026404153,0.007891001680865546,0.010217277817003581,11254369.9,0.742560985133428,True,True
2020-01-01,595.6771850585938,639.2999877929688,640.0,635.2999877929688,638.0499877929688,3673698,0.0051096612882222114,-0.00818372464672612,0.018480126430380883,0.044991969728199965,634.7024963378906,631.0079992675782,594.5055624389648,0.007243537691445701,0.01314086118561919,0.07534736120926167,0.0076985130198317705,0.009869963682580744,11088459.5,0.3313082398867038,True,True
2020-01-02,599.4741821289062,643.375,644.0,639.5,639.5,6137166,0.006374178452746904,0.012830138497852417,0.028042963209599314,0.081575231412365,635.5799957275391,631.4824987792969,595.0921249389648,0.012264395237200798,0.01883266954142404,0.08113512687802293,0.007731427667000143,0.009159863406900018,10825537.1,0.5669156128983198,True,True
2020-01-03,590.9251708984375,634.2000122070312,642.5,631.7999877929688,641.0999755859375,10855550,-0.014260715434962101,-0.005176451439950935,0.01830447115848699,0.0686662720731126,636.1499969482422,631.7504992675781,595.605,-0.0030652908128043777,0.0038773423088591663,0.06479967798630182,0.00839144334866012,0.009368060845368066,10729689.9,1.0117300780519296,True,True
2020-01-06,578.1367797851562,620.4749755859375,630.9000244140625,618.0,630.0,10890186,-0.02164149535937454,-0.0321335822311557,-0.004093011882665976,0.010422119857807388,636.022494506836,631.7989990234375,596.0471249389649,-0.02444491988125963,-0.017923458971925266,0.04098308610996826,0.009796157107915609,0.008747994075456622,10585466.7,1.0287865720648859,True,True
2020-01-07,587.2913818359375,630.2999877929688,635.7249755859375,626.125,629.4500122070312,14724494,0.015834663110713132,-0.00904016997147028,0.014200108699004232,0.050018678368659586,636.4637451171875,632.1149987792969,596.5380624389649,-0.009684380880302768,-0.00287133035892706,0.05659643110779422,0.010404776878656511,0.008457507621211651,10908423.9,1.349827815180523,True,True
2020-01-08,585.7539672851562,628.6500244140625,631.0750122070312,620.0250244140625,623.4749755859375,11332110,-0.0026177429967652044,-0.016658788647365252,0.006242536076930705,0.048798796811183154,636.6587463378906,632.3109997558594,596.9675625610352,-0.012579300873340582,-0.005789833394026722,0.053072333975915376,0.010374154462552014,0.008464193658712177,10985584.4,1.0315436655331691,True,True
2020-01-09,592.3228759765625,635.7000122070312,637.9000244140625,631.5499877929688,632.5,9546316,0.011214487424127118,-0.011929260218331073,0.018138157688939005,0.055629357889290354,637.2249969482422,632.6,597.3628750610352,-0.002393165284654941,0.004900430298816261,0.06417730117908471,0.010649189249788766,0.00855617961827989,10910168.1,0.8749925677130493,True,True
2020-01-10,597.5873413085938,641.3499755859375,643.4500122070312,637.5499877929688,642.0499877929688,9214580,0.008887782398006694,0.011273988081495379,0.015115523864331237,0.04877143204475076,637.7024963378906,632.9434997558594,597.7886874389649,0.005719719256225497,0.013281558043207076,0.07287071345159957,0.010507017850713835,0.00840717527261236,10725239.7,0.8591490966863893,True,True
2020-01-13,599.1246337890625,643.0,648.25,638.0,641.3499755859375,7451568,0.002572736379314655,0.03630287328315096,0.017525833636855115,0.05314882131818943,638.2562469482422,633.5,598.1874374389648,0.007432364468721753,0.014996053670086829,0.0749139145296871,0.01051323716798025,0.008404029652142906,10509058.8,0.7090614051945355,True,True
2020-01-14,600.7553100585938,644.75,646.2750244140625,638.75,644.5,7886290,0.0027216174183515296,0.02292561079943667,0.025569670368888575,0.056967213114754056,639.0599975585938,633.9944995117188,598.584375,0.008903706167095127,0.016964658993989357,0.07712467436190584,0.010421135049982029,0.008403898032242268,10336994.5,0.7629190476980519,True,True
2020-01-15,598.3094482421875,642.125,643.9749755859375,637.0499877929688,643.2000122070312,11787448,-0.004071345482745237,0.02143478097928475,0.010345389557576468,0.044955248169243234,639.3887481689453,634.4684997558594,598.9603125,0.004279480736704588,0.012067581364696212,0.0720660227383596,0.010230485184411494,0.008385645768232234,10304999.2,1.1438572455202132,True,True
2020-01-16,599.8934936523438,643.8250122070312,645.5,639.6749877929688,641.0250244140625,7150400,0.0026474786171404308,0.012781185848638854,-0.003636747986739519,0.039013938256241554,639.2712493896485,634.95,599.3056875610351,0.007123365585000929,0.01397749776680235,0.07428483588596357,0.009520358226339213,0.008329904529961513,9790160.6,0.7303659553858596,True,True
2020-01-17,595.4675903320312,639.0750122070312,642.4500122070312,635.9500122070312,640.875,16918814,-0.00737778108948739,-0.003547148149226742,-0.008263519561274357,0.029437862070572418,639.0049987792969,635.165,599.6558752441406,0.00010956632243575015,0.006155899974071843,0.0657362640645216,0.00964265350496083,0.008392725187964408,9985182.5,1.69439206544297,True,True
2020-01-20,584.6358032226562,627.4500122070312,652.4249877929688,626.25,652.4249877929688,22178450,-0.01819035289746862,-0.02418349578999801,-0.03223561990577417,0.015209165277439096,637.9600006103516,635.0770007324219,599.9415002441406,-0.016474368915394666,-0.012009549261892016,0.045851990488566585,0.01029143243910234,0.008712165835864122,10342802.8,2.1443365428953163,True,True
2020-01-21,579.7207641601562,622.1749877929688,625.0,619.2000122070312,625.0,14984804,-0.008407083132420112,-0.035013590084577384,-0.04457159685192813,0.012489809264391694,636.5087493896484,634.9645007324219,600.1631875610351,-0.022519347315216653,-0.020142091289671593,0.036676358510734364,0.010297917984792087,0.008750125006003306,10582253.9,1.4160314184107792,True,True
2020-01-22,578.0901489257812,620.4249877929688,627.5,617.2000122070312,624.0250244140625,18368310,-0.002812713520046417,-0.0337940622262507,-0.03746658489191601,0.002545063051089258,635.3012481689453,634.7255004882812,600.3910000610351,-0.023416072955708356,-0.022530231862925576,0.03336823458362459,0.010129104048730245,0.008712280411348155,11141709.0,1.6486079469496107,True,True
2020-01-23,579.9536743164062,622.4249877929688,623.4249877929688,615.5,620.0,11508920,0.003223596791474437,-0.033238883249818496,-0.020150321988145925,0.0018913284393862195,634.6612487792969,634.5984997558594,600.6246249389649,-0.019279987567955792,-0.019183014090915718,0.036296152286828365,0.009732034635422398,0.008707851888714603,10969667.1,1.0491585473911054,True,True
2020-01-24,579.81396484375,622.2750244140625,627.0,619.5499877929688,623.0,11831756,-0.00024093405927994027,-0.02628797476363587,-0.023882314644607883,-0.003043959492232129,633.9,634.305,600.84625,-0.018338816194884755,-0.018965601068787863,0.03566432246862239,0.009675271496676317,0.008686574763902664,11206605.3,1.0557841275983906,False,True
2020-01-27,565.20849609375,606.5999755859375,617.5,605.875,617.5,18888552,-0.025189905127374734,-0.0332297971399419,-0.053776915282357396,-0.013939143133558374,632.1762481689453,633.6579992675781,601.0106872558594,-0.04045750319960251,-0.042701305298624814,0.009299815208940965,0.01091260786504316,0.009091189482102035,11684323.4,1.616572167114101,False,True
2020-01-28,569.8673095703125,611.5999755859375,613.9000244140625,606.625,609.4000244140625,13412158,0.008242664360759822,-0.01699684560535586,-0.038440394114101606,-0.013588239984485884,630.9537475585937,633.2694982910157,601.202749633789,-0.030673836311367553,-0.034218484805532245,0.017294042581278424,0.011105057393044371,0.009096706790096932,11937078.5,1.1235712322742957,False,True
2020-01-29,575.7607421875,617.9249877929688,621.0,611.125,612.6500244140625,13788350,0.010341746990705225,-0.0040294959893431015,-0.03343500767736929,-0.0008085054935835778,629.8849975585938,632.9089978027343,601.4374371337891,-0.01898760855073789,-0.023674825388460996,0.027413575612706742,0.011338035988600217,0.009191559215381364,12442811.1,1.1081378547971368,False,True
2020-01-30,571.1951293945312,613.0250244140625,619.4749755859375,608.5999755859375,619.4749755859375,12111984,-0.007929705831135503,-0.015102162611172143,-0.047173072602972654,-0.010851110263715213,628.3674987792969,632.4359985351563,601.620562133789,-0.024416403450273183,-0.030692392852483596,0.018956237532548492,0.01125691883527852,0.009244116610529377,12741552.0,0.9505893787507205,False,True
2020-01-31,571.3115844726562,613.1500244140625,618.9000244140625,610.125,615.7249755859375,11178268,0.00020390684722770835,-0.014663934180215832,-0.03319140237748386,-0.024151494048701982,627.3149993896484,631.8654992675781,601.8245623779297,-0.022580322468565006,-0.029619396651992425,0.018818544047759733,0.010910928633646332,0.00906049570179981,12757687.9,0.8761985782705971,False,True
2020-02-03,555.7045288085938,596.4000244140625,598.9749755859375,588.8499755859375,598.5,13077010,-0.027317947212032845,-0.016814954801180892,-0.038800841482994786,-0.05610501312277649,626.1112518310547,631.1459997558594,601.9475,-0.04745359124293336,-0.05505219926171978,-0.009215879434564478,0.01151595023390313,0.009669125701310016,12867029.1,1.0163192993789063,False,True
2020-02-04,572.9422607421875,614.9000244140625,617.0,599.0,599.0,20897704,0.031019448763731194,0.005395763505326112,-0.024432752145260417,-0.02054788727259471,625.3412536621094,630.7330004882813,602.2253125,-0.01669685021882239,-0.025102501473621475,0.021046461599972144,0.013134466854945345,0.010481902103011132,13175689.6,1.5860804735412104,False,True
2020-02-05,579.8604736328125,622.3250122070312,624.0,613.6500244140625,617.4500122070312,18020682,0.012075113836666374,0.007120644901864148,-0.010061261371820507,-0.015892449563896016,625.0250030517578,630.4290002441406,602.5150625610352,-0.004319812537968204,-0.012854719617864996,0.03287876250228905,0.013455273170181177,0.010558522331167578,13510118.2,1.333865606001878,False,True
2020-02-06,577.6010131835938,619.9000244140625,624.3499755859375,618.5999755859375,622.3250122070312,11827550,-0.0038966580892654257,0.011214876597527512,-0.024854471432388614,-0.014114746380504473,624.2350036621094,630.0430004882812,602.7830001831055,-0.006944466783527892,-0.016098863198794278,0.028396660532492346,0.01318925204997567,0.010545257890689972,13624179.9,0.8681293176406163,False,True
2020-02-07,578.718994140625,621.0999755859375,623.5,615.7999877929688,623.0,6815448,0.0019357172521636823,0.012965752026956379,-0.0315740247460049,-0.024884270849094392,623.2225036621094,629.8119995117188,603.0275,-0.0034057308003156983,-0.013832737281181617,0.02996957118197341,0.013000349373947718,0.010406633398060647,13504223.3,0.5046901142400393,False,True
2020-02-10,577.833984375,620.1500244140625,621.4749755859375,613.0250244140625,621.4749755859375,9219834,-0.0015294658013451645,0.03982226530478994,-0.035536509464910604,-0.029423252889581586,622.0800048828125,629.4655004882812,603.2469375610351,-0.003102463434930036,-0.014799025628875029,0.028020178471800605,0.012964648519967259,0.010397421783004892,13592636.6,0.678296218115623,False,True
2020-02-11,577.9736938476562,620.2999877929688,627.5,619.0250244140625,621.6500244140625,11613520,0.00024181790373689616,0.008781855853806197,-0.03792169400082401,-0.016996214422799638,620.8575042724609,629.2140002441406,603.4813751220703,-0.000897978160295354,-0.014166901003018317,0.02786931521705438,0.012931673815044306,0.010278387984075519,13778998.1,0.8428421221714226,False,True
2020-02-12,581.8870849609375,624.5,626.4500122070312,622.0250244140625,622.5999755859375,6297930,0.006770937110566422,0.0034949387382894326,-0.027447926805528544,-0.018004578956283934,619.9762542724609,629.15,603.7680001831054,0.00729664353491688,-0.007390924262894338,0.03433769230997208,0.0130603439984174,0.01026554301694754,13504522.2,0.46635711406361346,False,True
2020-02-13,578.3463745117188,620.7000122070312,629.9500122070312,616.7999877929688,629.9500122070312,9112140,-0.006084848347427951,0.001290510988001481,-0.035918144777767336,-0.025091256751446633,618.8200042724609,629.0475,604.0648751831054,0.0030380529420355185,-0.013270043665969178,0.027538659682676325,0.013067059053497025,0.010291293045567243,13602609.2,0.6698817753288098,False,True
2020-02-14,568.07373046875,609.6749877929688,624.2000122070312,607.5,621.5999755859375,14688858,-0.017762242947056972,-0.01839476451788713,-0.04600402746546162,-0.04986948316321871,617.3500030517578,628.785,604.2635626220704,-0.012432194412973163,-0.030391965786447206,0.008955405398625604,0.013501698337770372,0.01047401817561616,13491111.4,1.0887804247172697,False,True
2020-02-17,567.0487670898438,608.5750122070312,616.5,607.2249755859375,612.5,10152690,-0.0018041999556508426,-0.018664858101017923,-0.03008207766800086,-0.03763587711874872,616.4062530517579,628.4959997558594,604.4771252441407,-0.01270467456479396,-0.03169628375767952,0.006779225866049954,0.012971228873999152,0.010319777818145172,12889823.4,0.7876515980816308,False,True
2020-02-18,565.2318725585938,606.625,609.25,601.75,608.4500122070312,10529116,-0.00320422654219632,-0.02204576505252631,-0.024992949086765748,-0.04551174313355677,615.6287536621094,628.1990002441406,604.6590628051758,-0.014625297484157307,-0.03434262110534436,0.0032513151886017777,0.012876098584251225,0.010298635278039077,12667039.0,0.8312215664607964,False,True
2020-02-19,571.7307739257812,613.5999755859375,615.0,606.9500122070312,611.25,10012268,0.01149800220224595,-0.017454002264311486,-0.011000543726179979,-0.03752801523377702,615.2875030517578,627.9759997558593,604.8302502441406,-0.0027426649451683938,-0.022892633118958172,0.014499482025340127,0.013175094641270589,0.010407926293197587,12249236.9,0.817378917702212,False,True
2020-02-20,567.0254516601562,608.5499877929688,615.0,607.0499877929688,615.0,11123414,-0.008230097773629153,-0.01957471270358202,-0.02229184282783825,-0.04795060048299127,614.5937530517579,627.6594995117188,604.9282501220703,-0.009833756410277283,-0.030445666374230074,0.005987053291307998,0.01325476703856397,0.010445465528941508,12229961.6,0.9095215801822305,False,True
2020-02-24,563.6943969726562,604.9749755859375,607.375,600.0,604.4749755859375,16568084,-0.005874640175405732,-0.007709045476911203,-0.027801290666317202,-0.0437446419981673,613.7287506103515,627.1229992675782,604.9931875610351,-0.014263263723116149,-0.03531687357584956,-3.0102777142104742e-05,0.013296620359518639,0.010393311754426558,12466778.0,1.3289788267666274,False,True
2020-02-25,559.1986083984375,600.1500244140625,604.5,599.0,602.0,13886680,-0.007975455790054542,-0.01384379513449796,-0.010632956530611026,-0.05855124138413059,613.4062530517579,626.4875,605.0833752441406,-0.02161084692525428,-0.04203990596131202,-0.008153175300986581,0.012180810670082453,0.010376821197301858,12216684.4,1.1366979407276823,False,True
2020-02-26,558.7095336914062,599.625,602.3499755859375,592.8250122070312,598.75,13814786,-0.0008748219490203324,-0.01153925406964762,-0.019579751576126236,-0.052538020936203855,612.807504272461,625.9065002441406,605.1785626220703,-0.02151165607560812,-0.04198949880515579,-0.009176733884968202,0.01200718434968124,0.010344184103199443,12236815.8,1.1289526806475259,False,True
2020-02-27,558.8026123046875,599.7249755859375,601.25,590.5,597.5,20655098,0.00016673018292689967,-0.02261245200792339,-0.02945343296770675,-0.044567526010923286,611.8975036621093,625.19,605.293125,-0.019893083405833845,-0.0407316566388819,-0.009199095750612618,0.011716962412064057,0.01029995514903036,12580153.2,1.641879687124955,False,True
2020-02-28,548.6464233398438,588.8250122070312,592.5,585.0499877929688,587.75,24313056,-0.018174936550302667,-0.032413073669550374,-0.03947638553607491,-0.05912195786089791,610.6875030517579,624.0430004882812,605.3736251831054,-0.03579980061074495,-0.05643519477615122,-0.027336197494677417,0.012228920588492146,0.010540745056617364,13190206.8,1.84326571741089,False,True
2020-03-02,549.5548095703125,589.7999877929688,600.5750122070312,583.0750122070312,600.0999755859375,14664898,0.0016557985237126704,-0.025083661978367422,-0.03808209360084014,-0.052986513562633286,609.5200012207031,622.9509997558594,605.4520001220703,-0.0323533491735144,-0.05321608276715639,-0.025851780695985593,0.012246619515335736,0.01053362032970633,13364538.3,1.0972992609853196,False,True
2020-03-03,550.5798950195312,590.9000244140625,592.6749877929688,584.0,587.5,22369550,0.0018651011255699235,-0.015412812836308576,-0.009221998281109256,-0.0515629368663203,609.2450012207031,621.8020007324219,605.5475003051757,-0.030111000943600752,-0.04969745398367953,-0.024188814062862773,0.010695019142805259,0.010538344797756458,13829165.3,1.617563281277721,False,True
2020-03-04,535.2289428710938,574.4249877929688,590.0,566.5499877929688,589.1749877929688,34288870,-0.027881258995428926,-0.04202628677428599,-0.06582376811525148,-0.07570697074103294,607.2212493896484,620.2665002441406,605.5597503662109,-0.05401039840032773,-0.0739061555526993,-0.051414848087927734,0.00964305304452307,0.011101046826650515,14498723.6,2.36495783670226,False,True
2020-03-05,536.3936767578125,575.6749877929688,582.5,571.375,576.5,19549708,0.002176089178854701,-0.040101694563364876,-0.07496087012254504,-0.07855144010729287,604.8887481689453,618.8884997558594,605.579750366211,-0.04829608827145382,-0.06982438998290896,-0.049382038542665874,0.00904492346240876,0.011077408421092949,14575174.9,1.3413017774489964,False,True
2020-03-06,528.72998046875,567.4500122070312,570.4500122070312,550.5,562.5,23053566,-0.014287533348409931,-0.036301107386526144,-0.08461043739530039,-0.09117115162037037,602.2662475585937,617.5330004882812,605.5286880493164,-0.05780871083627381,-0.08110171965166157,-0.06288500709182565,0.009341366962201928,0.011202934238708814,15136475.7,1.5230471383771322,False,True
2020-03-09,515.87158203125,553.6500244140625,559.2000122070312,532.5,555.0,34420590,-0.02431930125315407,-0.06129190255527028,-0.10859757498499911,-0.12369415145432827,598.89375,615.8560009765625,605.3443130493164,-0.07554549631873342,-0.10100734013123203,-0.08539650496566642,0.010212936412169143,0.011440472089006348,16516732.8,2.083982977553527,False,True
2020-03-11,518.8997802734375,556.9000244140625,560.0,546.0,552.5,35538240,0.005870134302693453,-0.057539344381842716,-0.10199144966536222,-0.11872447652518836,595.73125,614.1725012207031,605.0883755493164,-0.06518245532014233,-0.09325145084289554,-0.07963853394391718,0.01050122655853396,0.011483420798262632,17832653.1,1.9928745207296157,False,True
2020-03-12,475.8056335449219,510.6499938964844,540.0,501.7250061035156,537.5,59000770,-0.08304907252650906,-0.11102405927972936,-0.1767692988139815,-0.18773610560016685,590.2487503051758,611.6645013427734,604.637000579834,-0.13485628960253881,-0.165146918326197,-0.15544369033522276,0.020210302696143774,0.015531319013699708,20202015.6,2.920538780298734,False,True
2020-03-13,498.4010314941406,534.9000244140625,540.7249755859375,459.6000061035156,490.0249938964844,66342364,0.04748855538514696,-0.07082983322799885,-0.14347474073008404,-0.1583667143609373,585.7687515258789,609.5765020751953,604.3043132019043,-0.08684097091097398,-0.12250550571898677,-0.1148498980920778,0.023685184256544038,0.0167683062735376,23204237.3,2.8590624695947233,False,True
2020-03-16,465.6494445800781,499.75,518.5,497.5,517.5,31986322,-0.06571326006680667,-0.11930568464298708,-0.1948606570458533,-0.2266026858964132,579.7212509155273,606.7040020751953,603.8879380798339,-0.13794776504955164,-0.17628695658733984,-0.1724457991510122,0.027023300737107594,0.01844142766819054,24347946.4,1.3137174476447837,False,True
2020-03-17,454.2819213867188,487.5499877929688,505.0,477.3500061035156,504.0,42676838,-0.02441223052932706,-0.11938956688577507,-0.20031164545899116,-0.24340476517472776,573.6150009155274,603.771001586914,603.3590003967286,-0.15003968338553408,-0.19249187769614173,-0.19194047412504245,0.027158946732964824,0.01862562780095135,25747345.4,1.657523808260249,False,True
2020-03-18,408.53228759765625,438.4500122070313,496.5,432.5,492.5,61181406,-0.1007075721777827,-0.21269529002383747,-0.27954647592748205,-0.32374484658414915,565.1087509155274,600.130502319336,602.5408128356934,-0.22413161803510817,-0.2694088860463765,-0.2723314290635578,0.033667886904010506,0.02233354365593805,28298781.2,2.1619802481104733,False,False
2020-03-19,417.2209777832031,447.7749938964844,459.9750061035156,397.5,423.5,67220048,0.021268061192457832,-0.12312738813572888,-0.26185865419907794,-0.31238485027219787,557.1662506103515,596.4800024414062,601.759437866211,-0.19633503751175485,-0.24930426491461388,-0.2558903679446103,0.034578297841099295,0.02257469816829685,31133327.8,2.159102567891891,False,False
2020-03-20,411.3042907714844,441.4249877929688,457.2999877929688,412.2749938964844,437.5,88637464,-0.01418124323615877,-0.17475235063503247,-0.2805981007879861,-0.3151689416542456,548.5575012207031,592.7355017089844,600.9454379272461,-0.19529860258830234,-0.2552749303521634,-0.26544914074809856,0.034035587528315515,0.02259329005021777,35064587.6,2.527834207295796,False,False
2020-03-23,359.4515380859375,385.7749938964844,419.375,382.5,397.2999877929688,50276954,-0.12606897080005053,-0.22806404422914583,-0.3660750938545304,-0.3926954878613803,537.4187515258789,587.7370013427734,599.8248753356934,-0.28217057406135604,-0.3436264978806447,-0.35685395894829386,0.04194431104550327,0.0273852424193466,37022264.6,1.3580194119189564,False,False
2020-03-24,357.65789794921875,383.8500061035156,405.0,369.375,397.625,61057272,-0.004989923720886025,-0.21269610149900753,-0.3655109358337596,-0.3978823433670343,526.3625030517578,582.587001953125,598.7124377441406,-0.2707497135946798,-0.3411284412170935,-0.35887417413640954,0.04196228821925172,0.02734672220378754,39246724.0,1.5557291355069534,False,False
2020-03-25,399.1447143554688,428.375,433.7250061035156,377.625,385.2250061035156,47228042,0.11599581395988556,-0.022978702078981783,-0.2862201406752747,-0.33178646516695165,517.7737518310547,578.294501953125,597.7829376220703,-0.17265987608468958,-0.25924421111870966,-0.2833937320057356,0.052030443521402486,0.031653969358994075,40913792.1,1.1543305955255123,False,False
2020-03-26,419.8066101074219,450.5499877929688,468.8500061035156,420.5,435.0499877929688,57043156,0.05176536397541587,0.006197295370017786,-0.24861373726417546,-0.2916437442969959,510.32000122070315,574.4105017089844,596.9703125,-0.11712261577982908,-0.21563065707800633,-0.24527237224553133,0.05409482170631475,0.03252471823399761,43075210.6,1.3242687663145167,False,False
2020-03-27,421.3673095703125,452.2250061035156,494.3250122070313,436.0499877929688,472.4750061035156,55235936,0.00371771913423391,0.024466259521339406,-0.24594601773640135,-0.29262472276166474,502.945002746582,570.6125018310547,596.2022499084472,-0.10084600973483093,-0.20747441625909369,-0.2414906079724468,0.05414534428763094,0.03251773670999227,44804252.5,1.2328279776568083,False,False
2020-03-30,387.45111083984375,415.8250122070313,443.5,414.0,440.0,39268444,-0.08049089149252453,0.07789519483113594,-0.2938054539353927,-0.3536817373894986,494.29500274658204,566.0525018310547,595.2218125915527,-0.1587513329156216,-0.2653949750916579,-0.30139486925628745,0.056235728101215916,0.03389715492821864,45552021.9,0.8620571022336991,False,False
2020-03-31,401.5440673828125,430.9500122070313,436.7999877929688,419.0,426.8999938964844,35211092,0.036373473350538976,0.12270419527051901,-0.2693285501418099,-0.3204824914661939,486.35250396728514,561.8900018310546,594.326312713623,-0.11391427268971255,-0.23303491643795704,-0.2748932648810971,0.0573254232970288,0.03433245966498689,46579331.6,0.7559381122592149,False,False
2020-04-01,386.5193481445313,414.8250122070313,431.9249877929688,410.0,431.9249877929688,29103504,-0.037417332737545994,-0.03163113578749621,-0.2979776695416919,-0.3314395768897904,477.5487533569336,557.6375018310547,593.3399378967285,-0.1313452096963612,-0.2561027354779498,-0.30086450327698644,0.057426859509689614,0.03451555700839047,46916029.3,0.6203317807204115,False,False
2020-04-03,379.1583862304688,406.9249877929688,422.0,405.0,421.5,34996280,-0.019044233548096035,-0.0968261040549534,-0.2915959499665245,-0.3543947395305531,469.1737533569336,553.3325018310547,592.3407502746581,-0.13267742519391912,-0.26459229044670785,-0.3130221285564352,0.057364134048604846,0.03443368617293369,46951399.8,0.7453724521329395,False,False
2020-04-07,417.4771728515625,448.0499877929688,453.6499938964844,422.6749877929688,437.0,60412638,0.10106285245113322,-0.009232170389072092,-0.22169627429756944,-0.2872823186309794,462.7925033569336,549.8850018310546,591.5251252746582,-0.03185556260533129,-0.1851932925957005,-0.24255121439697203,0.06295696905062753,0.037135983974056964,48994546.3,1.2330482178584845,False,False
2020-04-08,414.1228942871094,444.4500122070313,472.5,433.0499877929688,439.9750061035156,56219352,-0.008034763271996703,0.06883905287002823,-0.2167591811684093,-0.30084945151411246,456.6425033569336,546.3255023193359,590.7035002136231,-0.026700298505441755,-0.1864739787540739,-0.24759204567723136,0.06295299364808021,0.037077143891846354,50652835.6,1.1098954546979005,False,False
2020-04-09,430.9645385742188,462.5249938964844,465.4500122070313,445.0,456.5,44457146,0.04066819933179233,0.07326831603449224,-0.1645895899923735,-0.27882589615143993,452.0862518310547,543.1305017089844,589.9886251831055,0.0230901559672525,-0.14840909792190127,-0.2160442182204143,0.06385894088231234,0.037507227768619276,51154663.4,0.8690731801394279,False,False
2020-04-13,417.1277770996094,447.6749877929688,473.3500061035156,443.1000061035156,467.0,34158056,-0.03210638624826201,0.07918995870370193,-0.19613042167849404,-0.30377140312135487,446.625,539.952001953125,589.2054376220703,0.0023509382434230286,-0.17089854991993725,-0.24020560706346084,0.06402067268639047,0.03765963140568431,51085654.2,0.6686428222348183,False,False
2020-04-15,402.1962585449219,431.6499938964844,465.25,421.5,465.25,57978752,-0.035796044749981326,0.06076059923873456,-0.15470478986437497,-0.33051571322763185,442.675,536.3530023193359,588.3282499694824,-0.024905418430034798,-0.19521286908078694,-0.2663109515497941,0.06197935447513786,0.03784820572844455,51034553.3,1.1360685702327877,False,False
2020-04-16,409.8600158691406,439.875,445.3500061035156,428.125,432.5,53854396,0.01905480416962102,-0.01824570475548415,-0.17765006557656138,-0.3149698267471287,437.9237487792969,532.7920025634766,587.4946873474121,0.004455687151341259,-0.17439639130545415,-0.2512698251177852,0.06099329399801753,0.037985199197074104,50410154.9,1.0683243506557842,False,False
2020-04-17,424.0927429199219,455.1499938964844,460.0,443.625,457.5,55883462,0.034725760492149815,0.024074657206824,-0.08924463452429343,-0.293053259400049,435.6937484741211,529.634501953125,586.7526873779296,0.04465578285321414,-0.1406337913824821,-0.22428988620324708,0.06011578781721457,0.03832699532221695,51605011.9,1.0829076468055228,False,False
2020-04-20,440.18896484375,472.4249877929688,480.4750061035156,467.5,475.5,66232986,0.0379545075868184,0.021404235505379177,-0.031022460011674968,-0.26076754877105945,434.93749847412107,526.8200012207031,586.0923748779297,0.08619052036295805,-0.10325161023061913,-0.19394107815962525,0.060558773801632014,0.03872473895665704,52782819.3,1.2548209223829772,False,False
2020-04-21,429.3804931640625,460.8250122070313,467.0,454.0,462.5,33178006,-0.024554110992581424,0.029374043162187613,0.051032043282130735,-0.2655590035195041,436.0562484741211,524.1085009765625,585.360625,0.056801763120200244,-0.12074501491888823,-0.2127502388685073,0.05611187461602408,0.038772176819244636,51382649.3,0.6457044635104092,False,False
2020-04-22,432.6183776855469,464.2999877929688,466.5,453.6499938964844,459.5750122070313,38289354,0.0075407703442458285,0.0756399730294317,0.03690468231083188,-0.25374694112990204,436.8824981689453,521.0965002441407,584.5972500610352,0.0627571251742407,-0.10899423124999286,-0.2057780159853757,0.05597325608981404,0.03879878032389674,49936114.6,0.7667667840541202,False,False
2020-04-23,444.8943786621094,477.4750061035156,479.25,456.2749938964844,467.5,40901222,0.02837609015062381,0.0854788430884128,0.08166737114450462,-0.23040655115772757,438.6849990844727,518.1995001220703,583.9067500305176,0.08842337235145248,-0.07858844713080837,-0.18227524158855746,0.056082184218257725,0.03902482888672486,47549302.5,0.8601855305869103,False,False
2020-04-24,437.02093505859375,469.0249938964844,479.2000122070313,463.0,466.5,33284568,-0.01769728697631412,0.03048445608274708,0.21579936832903845,-0.24645539125994786,442.84749908447264,515.1819995117188,583.1971875,0.059111759389248286,-0.08959359150548984,-0.19576945165483273,0.04724697109305631,0.03905629792537003,46699683.2,0.7127364838312221,False,False
2020-04-27,433.1308288574219,464.8500061035156,478.7000122070313,463.1499938964844,472.5750122070313,27421072,-0.008901418575339659,-0.016034252813004857,0.21101992630464128,-0.25298302540549356,446.89749908447266,512.0570001220703,582.4144999694824,0.040171419745738124,-0.09219089673083458,-0.2018570860995511,0.047324045553366334,0.03905837461896775,45017873.2,0.6091152258165763,False,False
2020-04-28,433.9228210449219,465.7000122070313,471.8999938964844,461.0,471.8999938964844,29441436,0.001828559949134112,0.010578852863589505,0.08713163048037664,-0.23227822131513554,448.76374969482424,508.9679998779297,581.6242500305176,0.037739818609957565,-0.08501121422422575,-0.19931121822620668,0.04031606169742585,0.038966639345535625,44128542.9,0.6671744423267599,False,False
2020-04-29,455.2136535644531,488.5499877929688,496.3500061035156,467.0499877929688,467.5,55877778,0.049065868556987136,0.05222916355279561,0.08434136284442939,-0.2011935786542206,450.6637496948242,506.3329998779297,580.9549375915527,0.08406764050536575,-0.035121179321213836,-0.15905700049932325,0.040155281421706546,0.03952997442401384,44070274.0,1.2679244517517636,False,False
2020-04-30,466.7209777832031,500.8999938964844,509.5,496.0499877929688,500.7000122070313,43793134,0.025278899625618356,0.04906013402487974,0.10763444554374524,-0.18938381876165966,453.09749908447264,503.8609997558594,580.3546875,0.10550156403114408,-0.005876632366485501,-0.13690712820083073,0.0404128382924337,0.039661982115601346,43498133.9,1.006781902430072,False,False
2020-05-04,430.0094299316406,461.5,480.0,458.75,478.75,26722324,-0.07865840362662646,-0.016043908095322412,0.10984184801809849,-0.2471759200350624,455.3812484741211,500.67699951171875,579.5716876220703,0.013436546951332451,-0.07824805123847467,-0.20372231795260332,0.040208236075346876,0.04085291419269614,42870827.9,0.623321855652804,False,False
2020-05-05,424.6285095214844,455.7250061035156,472.0,454.0249938964844,469.0,29672858,-0.01251352956984697,-0.019629987910483093,0.05748925210514266,-0.2567479606006461,456.6199981689453,497.5979998779297,578.8383125305176,-0.001960036943231991,-0.08415024534802451,-0.21269032087524642,0.03974701502897412,0.04086430341583061,42593916.2,0.6966454519155014,False,False
2020-05-06,440.91107177734375,473.2000122070313,475.0,452.8250122070313,459.5,33785846,0.038345506323930634,0.01610478806830229,0.1407219870600911,-0.20657278196470552,459.5387481689454,494.8904998779297,578.230375213623,0.02972820919350072,-0.04382886249836804,-0.18164103358940453,0.039245080232673736,0.041110541878196766,42828033.3,0.7888722268271889,False,False
2020-05-07,430.941162109375,462.5,471.6499938964844,460.6749877929688,470.25,21831730,-0.022612028594686362,-0.05332102843897302,0.13657311267231909,-0.2478452079413792,462.31749877929695,492.0079998779297,577.556937713623,0.0003947530023953316,-0.05997463432556138,-0.19921315146710794,0.039379153578685856,0.0409408599396986,42169805.8,0.5177099961887897,False,False
2020-05-08,432.8280334472656,464.5249938964844,471.9750061035156,462.6000061035156,471.0,20807484,0.004378365181587851,-0.07261928617135749,0.03677046435079512,-0.2535652837589162,463.14124908447275,489.0265002441406,576.8706253051757,0.0029877382218641557,-0.05010261475691835,-0.19475013370503713,0.032593646318434706,0.040901992285945515,40189548.1,0.5177337139553455,False,False
2020-05-11,426.6551208496094,457.8999938964844,477.0,457.0,468.5,28550784,-0.014261880602868815,-0.007800663279557196,0.03026207969410044,-0.26133251191706697,463.8137481689454,486.01350036621096,576.1677503967285,-0.012750278092892753,-0.05784511427880723,-0.20526618579191414,0.0327272084999143,0.0409233047996038,38806119.7,0.7357289061807434,False,False
2020-05-12,420.0162353515625,450.7749938964844,454.7000122070313,435.5499877929688,450.5,49568418,-0.015560166182510882,-0.010861840234211106,-0.025404032549708466,-0.27423118400346225,463.2262481689454,482.9295007324219,575.4281878662109,-0.026879423006962,-0.06658219633957185,-0.21662684692587364,0.031627798647642875,0.040941155830685944,39061683.3,1.2689780319835833,False,False
2020-05-13,432.1758117675781,463.8250122070313,480.0,461.0499877929688,475.5,44346966,0.028950182435238947,-0.019811918339296852,0.036075333343240645,-0.2520761203786649,464.0337493896485,480.20300048828125,574.7583129882812,-0.00044983189884739705,-0.034106384726035555,-0.19300860600777725,0.03139335178842833,0.04116703420223389,39571128.8,1.1206899409955675,False,False
2020-05-14,416.359130859375,446.8500061035156,455.5,445.0,449.0,39554890,-0.03659786699027512,-0.03383782464104734,0.035213743593093705,-0.2796227391630125,464.7937500000001,477.1475006103516,573.995750579834,-0.03860582010081781,-0.06349712503592786,-0.2215099055138986,0.03144496181034891,0.041377099458704665,38649935.7,1.0234141217471675,False,False
2020-05-15,413.7734375,444.0750122070313,446.2000122070313,437.5,445.25,24349628,-0.006210123886272179,-0.04402342599031428,0.009548194844060998,-0.2889111093562349,465.00375061035163,474.0345013427734,573.2012507629395,-0.04500767655282312,-0.06320107302501687,-0.22527208093848228,0.031239328373881107,0.04135056473386196,37174697.3,0.6550054141261293,False,False
2020-05-18,389.7804870605469,418.3250122070313,444.0,415.6499938964844,444.0,46649964,-0.05798569901968531,-0.08642712866774926,-0.0809073540223495,-0.32604317064601385,463.162501525879,470.62450134277344,572.323313446045,-0.09680725268373747,-0.11112785030639627,-0.26907570881879095,0.032802219984956256,0.041916534999353834,36713022.4,1.2706653103014478,False,False
2020-05-19,386.9851989746094,415.3250122070313,433.6499938964844,413.0499877929688,430.4249877929688,47460692,-0.007171457389488545,-0.0786422986400035,-0.12086569733047325,-0.3187763635990495,460.30750274658214,467.1350018310547,571.52837600708,-0.09772269683015689,-0.11091009969482257,-0.2733081511916282,0.03130462603559467,0.04188708830673535,35774407.7,1.3266660456827073,False,False
2020-05-20,399.3078002929688,428.5499877929688,432.0,416.1000061035156,418.2250061035156,40014306,0.031842473237188695,-0.07605244108378806,-0.07003748398874354,-0.2958140258851438,458.693751525879,463.8880010986328,570.841750946045,-0.06571653446909775,-0.07617789902298067,-0.24926656628962185,0.032071068168012105,0.042161799211918045,36116222.7,1.1079316442469493,False,False
2020-05-21,400.4491882324219,429.7749938964844,442.0,426.1499938964844,430.7250061035156,48478908,0.00285849058081733,-0.0382119547360501,-0.07435923929396937,-0.2915310218067433,456.9675018310548,460.9950012207031,570.1395010375977,-0.059506437165905424,-0.06772309296532275,-0.2461932682890131,0.03200611175522641,0.04217330302612459,36625700.4,1.323630878605669,False,False
2020-05-22,390.805419921875,419.4249877929688,435.1499938964844,416.5249938964844,425.0,42047432,-0.02408238322494971,-0.05550869500977562,-0.12157708271322942,-0.3164520787464953,454.06500091552743,457.8700012207031,569.3790634155273,-0.07628866583575977,-0.08396490996404671,-0.26336422474516497,0.03141223151520362,0.042189782242983656,36683010.9,1.1462372081349517,False,False
2020-05-26,397.1181640625,426.2000122070313,435.875,424.375,428.5,38005152,0.01615312537699043,0.01882507564740732,-0.09130639570757015,-0.2996466670671821,451.9237518310548,455.0450012207031,568.6634384155274,-0.05692053033238209,-0.06338931080726584,-0.2505232736703512,0.031658936621535495,0.042279750711850035,36919040.1,1.0294187469949956,False,False
2020-05-27,420.9946594238281,451.8250122070313,454.8999938964844,428.5750122070313,429.9500122070313,56025754,0.06012435304096697,0.08788298062290911,-0.028019777832559267,-0.25315090633389514,451.27250213623057,453.0085009765625,568.1171884155274,0.00122433799574595,-0.0026125089639155163,-0.20469751413935156,0.03474233131978353,0.04310782579977015,38349274.2,1.4609338812467016,False,False
2020-05-28,440.3753051757813,472.625,475.0,456.9750061035156,460.0,75488806,0.04603549434186238,0.10284684042115444,0.014870061437512128,-0.21248857656644693,451.618751525879,451.32300048828125,567.6650009155273,0.04651323356957038,0.047199011547544245,-0.16742268901948731,0.036292787995217964,0.043583219276867466,40651642.7,1.8569681564184366,True,False
2020-05-29,443.3569946289063,475.8250122070313,477.5,461.7250061035156,472.0,53025166,0.006770721411333058,0.1071491337665833,-0.02604641470450697,-0.20646235195825502,450.98250274658204,450.6265008544922,567.2295635986328,0.055085306656362354,0.055918840336191655,-0.16114207942849512,0.03455803874693325,0.04360079892662291,40509012.1,1.308972084263689,True,False
2020-06-01,460.1287536621094,493.8250122070313,497.5,483.0499877929688,487.5,39190230,0.037829032812945584,0.17738576999324351,-0.014124539380440004,-0.17658087905283726,450.6287536621094,449.80500061035156,566.9214385986328,0.09585775029640331,0.0978646558774312,-0.12893572444938362,0.03516409663540626,0.043915696161812866,40278866.9,0.9729725043481797,True,False
2020-06-02,466.3482666015625,500.5,502.5,487.6000061035156,493.3500061035156,41623594,0.013516909083111095,0.17433126622454598,0.08450704225352124,-0.1500021404932712,452.57875366210936,449.82000061035154,566.6560009765625,0.10588487848828221,0.11266728762812184,-0.1167480814860351,0.029987993115898424,0.043911797110726264,41023930.4,1.0146174097448255,True,False
2020-06-03,476.2482604980469,511.125,523.125,507.7250061035156,510.0,50546088,0.021228771228771315,0.13124547378044826,0.12156452499756076,-0.1333926575471297,455.34875335693357,450.2915008544922,566.4875634765625,0.12249126901495044,0.13509803989208669,-0.09772953025976372,0.02993011340067383,0.04401009100947358,42067591.9,1.2015446027943426,True,False
2020-06-04,466.6743774414063,500.8500061035156,519.4749755859375,495.5499877929688,514.0250244140625,54275882,-0.0201027026588102,0.059719663800085865,0.058431938256981786,-0.15239467691652342,456.7312530517578,451.53950073242186,566.2554383850097,0.0965967464607862,0.10920529719129646,-0.11550517283866413,0.02947388806198829,0.04407363054122075,43092093.7,1.2595322561456326,True,False
2020-06-05,481.4195251464844,516.6749877929688,521.2000122070312,501.3999938964844,501.5499877929688,35195984,0.03159624936928207,0.08585083704713625,0.11713510874155397,-0.1005353200630853,459.44000244140625,452.91750061035157,566.1088133239746,0.12457553771422392,0.14077064166586095,-0.08732212671403095,0.02946243663740886,0.04414557395436868,43760306.4,0.8042901637452886,True,False
2020-06-08,473.2899169921875,507.9500122070313,533.3250122070312,503.2000122070313,530.0,49812664,-0.01688677755276502,0.028603249432165745,0.0934826303882883,-0.11764446436275167,461.6112533569336,454.2480010986328,565.8571260070801,0.10038481192369675,0.11822178849112408,-0.10233522056824684,0.02990315031147464,0.044192402938913834,45210565.4,1.1017925469253256,True,False
2020-06-09,459.9656982421875,493.6499938964844,513.375,489.7749938964844,510.0,61844146,-0.028152412573854813,-0.013686325881150152,0.0780738162841772,-0.13005554096916883,463.3987533569336,456.40550109863284,565.4728759765625,0.06528122987039997,0.08160395242432172,-0.12701384121394177,0.03052649536758499,0.04429858471628498,46875233.5,1.3193352092848776,True,False
2020-06-10,462.0854187011719,495.9249877929688,499.9249877929688,489.1000061035156,495.0,36497730,0.004608516002456264,-0.02973834621087057,0.10016082193515063,-0.1042626823365268,465.6562530517578,458.6470007324219,565.1770632934571,0.06500231564129044,0.0812781659991606,-0.12253164538726247,0.03017014936193184,0.044201600582424644,46221699.1,0.789623287561058,True,False
2020-06-11,451.253662109375,484.2999877929688,494.2000122070313,482.5,492.5,30897714,-0.02344104508977274,-0.03304386165291617,0.04414375043836216,-0.13036457791051304,466.6800018310547,459.76550048828125,564.811750793457,0.03775603388356208,0.053363045462592185,-0.14254618974797162,0.030275245027486904,0.0442878323170525,45549236.5,0.6783365951699322,True,False
2020-06-12,457.845947265625,491.375,493.3250122070313,464.0,464.0,42644876,0.014608739181004582,-0.04896692967670124,0.0996419229905301,-0.03774599848598392,468.90625152587893,460.5820007324219,564.4840008544921,0.04791735746965409,0.06685671437140583,-0.1295147439853438,0.028921117439932382,0.04301050287507897,45703735.8,0.9330719962721298,True,False
2020-06-15,442.5183715820313,474.9249877929688,487.0,471.5,484.0,32009936,-0.03347751148721689,-0.0650162882575187,0.0694701902559538,-0.11212382479658933,470.4487503051758,461.03600036621094,564.1000631713868,0.009514824908960495,0.0301256028069945,-0.15808378903039488,0.0301037057033984,0.04277366209258208,46086751.2,0.6945583094171324,True,False
2020-06-16,461.409912109375,495.2000122070313,496.9750061035156,476.0,487.5,45399970,0.04269100370625445,0.0031399135616558826,0.18376859560564385,-0.009104527849862265,474.2925003051758,462.62350036621103,563.8003131103516,0.04408147269544194,0.07041689800676543,-0.12167481874011177,0.02753749235792408,0.04228362331322862,46024251.5,0.9864358141707096,True,False
2020-06-17,456.21533203125,489.625,499.4500122070313,486.625,494.5,36957838,-0.01125810191761567,-0.012703509498494636,0.17889601061621496,0.00425599889033812,478.0074996948242,463.79700012207036,563.4661254882812,0.024304012620288917,0.05568815639413738,-0.13104802959413564,0.027677261984067923,0.04218501449366119,45499108.8,0.812276085724123,True,False
2020-06-18,475.1767578125,509.9750061035156,512.4500122070312,486.0,490.0,40870126,0.04156243268525017,0.053014699479039695,0.19000121486383748,0.16313146745383378,482.07875061035156,465.70000000000005,563.2983753967285,0.05786659432270169,0.09507194782803441,-0.09466274291250609,0.028187083018729426,0.04033157408423469,45541899.8,0.8974181178098328,True,False
2020-06-19,481.4195251464844,516.6749877929688,521.5,506.0750122070313,508.9750061035156,47877752,0.013137862854583071,0.051488146106270616,0.2021988136364563,0.1538719107490234,486.42375030517576,467.895,563.1783753967285,0.06219111930454413,0.10425413349783352,-0.08257310584945776,0.028160814451365205,0.0402838991802129,45511842.0,1.0519844922998283,True,False
2020-06-22,479.2764587402344,514.375,522.9749755859375,511.8999938964844,519.7249755859375,29694474,-0.004451517583216824,0.08306577506136281,0.22638139111992817,0.16526026895705592,491.17125091552737,469.2215002441406,562.9300630187988,0.04724166783219008,0.09623067087157255,-0.08625416585217505,0.027251619086757353,0.0402323372948194,44894194.1,0.6614323877572401,True,False
2020-06-23,485.5892028808594,521.1500244140625,522.5,508.2749938964844,519.5,28830512,0.013171371886391281,0.0524030928258179,0.22278275337286524,0.35091706994856064,495.9187515258789,470.75550048828126,562.7108757019043,0.05087783595710027,0.10705031353539285,-0.07385826910844828,0.027227812885563266,0.03648155072251151,44435462.1,0.6488176478308751,True,False
2020-06-24,481.0235290527344,516.25,528.75,515.0250244140625,524.25,39429246,-0.009402329817736588,0.05437835077865705,0.14258836065376657,0.3449263821576678,499.14000091552737,471.8300006103516,562.4827507019043,0.03427895791379032,0.09414407590061558,-0.08219407731919226,0.024890679097486698,0.03650784674799647,43605636.7,0.9042236046515518,True,False
2020-06-25,479.2764587402344,514.375,524.5,503.5,510.9500122070313,70646790,-0.003631961259079941,0.008627861843863105,0.08833641893678923,0.20075868106215355,501.22750091552734,473.1640008544922,562.2709382629395,0.02623060199302274,0.08709664951493434,-0.08518302299405256,0.023209838575074325,0.03352101027633429,43363535.9,1.6291750322878997,True,False
2020-06-26,492.1814270019531,528.2249755859375,531.5,514.0,520.5,39969138,0.026925833459902737,0.022354455055596523,0.11012444078098826,0.17240037708903677,503.84749908447264,475.09550048828123,562.1271257019043,0.048382648610463486,0.11182904288306728,-0.06031046815902119,0.02374519642667173,0.033066447024566,42710734.5,0.9358101298866682,True,False
2020-06-29,501.3128051757813,538.0250244140625,541.2999877929688,518.5,518.5,46005956,0.018552793376068966,0.04597817626063194,0.08950541409291923,0.18972860225006438,506.05749969482423,477.0585009765625,562.0535633850097,0.06316974798025154,0.12779674466066204,-0.04275133285559751,0.02273372475420534,0.033125859968709,43051520.8,1.0686255710622887,True,False
2020-06-30,496.5606384277344,532.9249877929688,539.2750244140625,528.1500244140625,537.0,35746130,-0.009479181059743325,0.022594191360050475,0.06478519039554187,0.2816087828974454,507.67874908447266,478.6140008544922,561.9085008239746,0.04972876795419179,0.11347554990349762,-0.05158048505851898,0.022837094938966164,0.031294309486209995,42757647.6,0.8360172274772197,True,False
2020-07-01,505.2959899902344,542.2999877929688,548.0,530.6500244140625,532.9249877929688,34846718,0.017591593966770347,0.0504600247805691,0.060992883918745466,0.2583825790273888,509.2374984741211,480.01150085449217,561.8260633850098,0.06492548058207825,0.12976457194795077,-0.034754663168163,0.022701642962813743,0.03106441514664235,41972679.1,0.8302238205232889,True,False
2020-07-02,507.5322570800781,544.7000122070312,555.625,542.5999755859375,545.1500244140625,36954496,0.004425639808383508,0.058955066259112954,0.08755117414224944,0.31308382131784707,511.42999877929685,481.6890008544922,561.7421885681152,0.06505291732425689,0.13081264309702045,-0.030338074490229405,0.022028608284416877,0.030577661940661912,41106609.8,0.8989915777486472,True,False
2020-07-03,500.3344421386719,536.9749755859375,547.9000244140625,535.0,546.5,27597254,-0.014182185511238066,0.016564911551737893,0.03928966617811769,0.3195920420083276,512.4449981689453,483.1425006103516,561.6150633239746,0.04786850784892449,0.11142152658393667,-0.04387362331808242,0.0214279387908803,0.030519231219192994,40726673.3,0.6776211206035334,True,False
2020-07-06,513.8682250976562,551.5,559.9500122070312,550.0,553.9749755859375,35558216,0.02704972312389997,0.025045258072544874,0.0857367590242688,0.2308894431994326,514.6224975585938,484.62300048828126,561.5584382629395,0.07165932818008502,0.1379979890437244,-0.017911650110811417,0.021625319531169727,0.027962978870516922,40013950.9,0.8886454648995933,True,False
2020-07-07,514.8699340820312,552.5750122070312,555.8499755859375,546.5250244140625,554.7000122070312,24349850,0.0019492515086696471,0.036872026765793375,0.11936598610168958,0.24327820234063524,517.5687484741211,486.2940008544922,561.4827507019043,0.06763596881789025,0.13629822954030546,-0.015864669900789496,0.020248378042958984,0.027920707124582046,38139236.1,0.6384461905884895,True,False
2020-07-08,517.29248046875,555.1749877929688,562.4500122070312,552.5,553.5,30056350,0.004705199345792055,0.023741472044648493,0.11947371368335791,0.20031348601502819,520.5312484741211,488.1005004882812,561.4368132019043,0.06655458134435133,0.13741941923351475,-0.011153214861747363,0.02024807820266754,0.027503540199173653,37817167.1,0.7947805799551813,True,False
2020-07-09,524.0942993164062,562.4749755859375,564.8499755859375,553.625,559.0,20114484,0.013148985371241206,0.03263257385819607,0.16141852108901422,0.256436010327338,524.4399978637696,490.0359997558594,561.4440007019043,0.07252493684138872,0.14782378410191876,0.001836291567358872,0.019081408540947184,0.027130738864697183,37278005.6,0.5395804758396194,True,False
2020-07-10,514.8466796875,552.5499877929688,560.0,549.7750244140625,558.9500122070312,17562978,-0.017645207740361712,0.029005098775852778,0.12449755846953692,0.2800880241075083,527.498747253418,491.31599975585937,561.4425630187989,0.04749061617679229,0.12463259504583046,-0.015838797789066716,0.019814092753469115,0.02677637433315366,36023910.7,0.4875366849052288,True,False
2020-07-13,503.2695007324219,540.125,556.5,535.6500244140625,554.9500122070312,29922114,-0.022486631196206197,-0.020625566636446102,0.13728486367925852,0.22790565501562954,530.7587478637695,492.1004998779297,561.4085005187989,0.0176469105293664,0.09759083791620471,-0.03791089821249716,0.018785241449670347,0.026929697285737977,35919519.6,0.8330321322003427,True,False
2020-07-14,493.2995300292969,529.4249877929688,534.4500122070312,525.0,531.2999877929688,26612674,-0.01981025171401296,-0.04189480867330453,0.06911343849407814,0.16318794879161724,532.4699966430665,493.45899963378906,561.3030003356934,-0.005718648692498829,0.07288546401194651,-0.056792877507619965,0.017631882413711435,0.02678767377877485,34980154.8,0.7607934885411085,True,False
2020-07-15,490.6440734863281,526.5750122070312,539.5,525.0499877929688,535.0999755859375,20974394,-0.0053831527631861276,-0.05151524512952799,0.07546594272561902,0.11462142311107537,534.317497253418,494.87599975585937,560.9368754577637,-0.014490420183104313,0.06405445498834084,-0.06125798597692611,0.01742085830124803,0.026407382117145935,34180982.6,0.6136275906825451,True,False
2020-07-16,495.02337646484375,531.2750244140625,532.75,517.0499877929688,526.8250122070312,23662456,0.008925627114990009,-0.05546904755962445,0.04176678867713646,0.15287801300025938,535.3824981689453,496.0375,560.450125579834,-0.007672035916248099,0.07103802517765789,-0.052056552107267895,0.015065525095747987,0.026186255083973122,33320599.1,0.710144974554194,True,False
2020-07-17,511.7485046386719,549.2249755859375,552.0,529.1500244140625,529.5250244140625,28405738,0.033786551874279924,-0.006017577197516943,0.06299896174964736,0.18290973514054176,537.0099975585938,497.7719995117188,560.0617503356933,0.022746276759979533,0.10336655361227765,-0.019349249869787366,0.01649724154204593,0.02648578051937196,32346998.4,0.8781568431400424,True,False
2020-07-20,527.8681640625,566.5250244140625,576.4500122070312,562.0750122070312,567.5,65124096,0.031499020614764506,0.04887761983626482,0.10138522364823821,0.18650194705948864,539.6174987792969,499.8120001220703,559.795125579834,0.04986407167231399,0.1334762356159891,0.012022074731818488,0.01754625412686739,0.0265392094986592,34118479.5,1.9087631381697416,True,False
2020-07-21,530.4303588867188,569.2750244140625,578.9749755859375,567.0,576.0250244140625,47512422,0.0048541545059623825,0.07527041137067947,0.092343850610211,0.21374133963467146,542.0237487792969,502.03950073242186,559.5352507019043,0.05027690335735069,0.13392476803827424,0.017406899207762727,0.01744027427034208,0.026397527229208205,35052575.0,1.3554616743563062,True,False
2020-07-22,524.7465209960938,563.1749877929688,572.25,558.7750244140625,569.25,24718012,-0.010715447471759898,0.06950572043389647,0.09089586013165851,0.21151980294382855,544.3699981689454,504.2875006103516,559.2406257629394,0.034544500408318246,0.1167736402574806,0.00703518637377587,0.017498017931028537,0.02641309618736013,34317013.3,0.7202844776704388,True,False
2020-07-23,526.6334838867188,565.2000122070312,571.9500122070312,558.125,562.5,20149122,0.0035957286064822735,0.06385579263844421,0.09880925823967202,0.21365685503947618,546.9112487792969,506.31500061035155,558.998000946045,0.03344009374200074,0.11630113965751576,0.01109487198610748,0.017395478629461603,0.026412132429951968,31792129.9,0.6337770405247369,True,False
2020-07-24,521.3689575195312,559.5499877929688,561.4500122070312,550.625,561.4500122070312,19598440,-0.009996504409120366,0.018799240140192186,0.05930240646475249,0.14532801509369264,548.4774993896484,508.5690002441406,558.6737507629394,0.020187680288875853,0.10024399348830637,0.0015684234829946853,0.016882724823290077,0.025781111403095965,30773595.0,0.6368589695159113,True,False
2020-07-27,502.9200744628906,539.75,551.5,537.6749877929688,549.9249877929688,37970094,-0.03538555665252674,-0.04726185651155479,0.003206125194299414,0.07756040442584711,548.5637481689453,510.4825,558.3136256408692,-0.01606695338210873,0.057333013374601505,-0.03324945834800397,0.018501317579068418,0.026064322164571423,30371801.9,1.2501758744844178,True,False
2020-07-28,506.2511291503906,543.3250122070312,547.2000122070312,529.75,539.5,35596450,0.00662345939236908,-0.045584315303030976,0.019514987385246707,0.17730230164037097,549.0837493896485,512.9825,558.0560008239746,-0.010487903145956379,0.05914921504540849,-0.02639697197986035,0.01840243824329559,0.023845328621715872,30364317.9,1.172311860165316,True,False
2020-07-29,495.9784240722656,532.2999877929688,544.25,527.7750244140625,540.5,33592086,-0.020291766744324757,-0.05482310235579935,-0.01843997828710564,0.16802892240690315,548.5837493896485,515.3219995117188,557.7502507019043,-0.029683273729484205,0.03294636809089657,-0.04563021330229344,0.01856752409736601,0.02395201840097166,30301586.3,1.1085916647208665,True,False
2020-07-30,489.4793090820313,525.3250122070312,541.8250122070312,523.3499755859375,537.0,26956266,-0.013103467491812792,-0.07055024617620476,-0.03557003775618772,0.1101542659664907,547.6149993896485,517.2575,557.3065007019043,-0.04070375575442753,0.01559670416964698,-0.057385816340907,0.018722599835014772,0.023578605063036807,29801674.8,0.9045218492217089,True,False
2020-07-31,481.163330078125,516.4000244140625,528.8499755859375,510.0249938964844,528.8499755859375,37726696,-0.016989459069295942,-0.0771154755075637,-0.03831640599159014,0.11654059332770261,546.5862518310547,518.9900006103516,556.8871257019043,-0.055226832573759155,-0.0049904163726529616,-0.0727025269920033,0.01883175795667326,0.02349007448691329,30308146.9,1.2447707913148593,True,False
2020-08-03,466.8141784667969,501.0,513.4749755859375,496.5,512.9749755859375,31783542,-0.0298218893996689,-0.07179249652616948,-0.09156844968268363,0.07852108408109415,544.0612518310547,520.6215008544922,556.395125579834,-0.07914780125607324,-0.037688610290369406,-0.09956076721934848,0.018540348621293744,0.02384632535687774,30119413.2,1.055251036564019,True,False
2020-08-04,485.2864074707031,520.8250122070312,530.5250244140625,501.5,504.0,60306168,0.03957088264876507,-0.0414116771628148,-0.05745826231480833,0.13742087606310838,542.4737518310546,522.5140008544922,555.988250579834,-0.03990744169824012,-0.00323242754203501,-0.06324457097093583,0.020989455380109122,0.024251023841778414,31917229.1,1.8894549965805145,True,False
2020-08-05,478.7174682617188,513.7750244140625,527.9000244140625,510.0,523.9749755859375,33221360,-0.013536192824330717,-0.03480173549451837,-0.07457101686710854,0.1397593730144786,540.4037536621094,523.7530010986328,555.499500579834,-0.049275618586277714,-0.019050920307168373,-0.07511163578404523,0.021044887461795114,0.024226962185432195,32075479.6,1.0357244977874,True,False
2020-08-06,484.84375,520.3499755859375,527.5,513.125,518.5,33646888,0.012797335135886545,-0.009470397383502194,-0.07489222068256074,0.12186700132867334,538.2975036621094,524.7075006103515,555.0485005187988,-0.03334128052623786,-0.008304674545999924,-0.0625144017152176,0.021030248330856136,0.024016557655062925,32752099.8,1.0273200254476509,True,False
2020-08-07,486.3113403320313,521.9249877929688,523.5999755859375,510.2999877929688,517.4249877929688,24836784,0.0030268324799240798,0.010698999066034443,-0.055424849654461816,0.16800935585544452,536.7662536621094,525.6295001220703,554.6081254577637,-0.027649401891206016,-0.007047763354684711,-0.05893014574537436,0.020814422046450926,0.02347016522512368,33115790.1,0.7499982312063271,True,False
2020-08-10,489.4793090820313,525.3250122070312,532.0,521.9000244140625,522.0,22172854,0.006514392860246021,0.04855291857690869,-0.02740104196800508,0.18296458428541462,536.026254272461,526.2595001220703,554.1622505187988,-0.0199640259784557,-0.0017757169510903559,-0.05203753645213216,0.020364497512681375,0.023444280956121465,32728327.1,0.6774820458207899,True,False
2020-08-11,496.9334411621094,533.3250122070312,535.5,524.25,524.25,20136148,0.015228667613578661,0.024000383443626205,0.007366528788753657,0.27490586659706073,536.2212554931641,526.9160003662109,553.7306254577637,-0.005401209400901497,0.012163251517065321,-0.036851155259587376,0.020184874632885392,0.022077910192966798,32404500.8,0.6213997285216626,True,False
2020-08-12,495.5591125488281,531.8499755859375,533.0,524.0,532.5,20666432,-0.0027657368158858775,0.03518067308252015,0.010017496570521534,0.2805633177729754,536.4850036621094,527.3304998779297,553.2858753967286,-0.008639622812441461,0.008570480389535673,-0.03874290084745191,0.02015277339859921,0.022046436077884275,32389102.7,0.6380674448261267,True,False
2020-08-13,493.3927612304688,529.5250244140625,535.6749877929688,528.25,533.9749755859375,19892740,-0.004371441719657088,0.017632457497078757,-0.003293962485682589,0.23562020650406468,536.3975036621093,527.9040002441407,552.843250579834,-0.012812287904262809,0.003070679837948065,-0.042178729940747006,0.020086032577545498,0.021775544525892053,32200616.9,0.6177751209480711,True,False
2020-08-14,481.9320373535156,517.2249755859375,532.9500122070312,513.6500244140625,532.9500122070312,20924512,-0.023228456184361534,-0.00900514885655479,-0.058263919928005836,0.20347852464984584,534.7975036621094,527.915,552.3568754577636,-0.03285828366034116,-0.02024951822559018,-0.06360362554138699,0.019062200418358533,0.022052592742206032,31826555.6,0.6574544937561512,True,False
2020-08-17,481.1400146484375,516.375,523.5,510.1000061035156,523.5,19561012,-0.0016433382494235316,-0.01703709512979379,-0.08852216981223548,0.2311498242324237,532.2900024414063,528.0834997558594,551.844500579834,-0.029899119593474133,-0.022171682624570588,-0.06427444786088377,0.017278423483416606,0.021768291377375095,29548401.4,0.6619989939624957,True,False
2020-08-18,492.2047729492188,528.25,530.8250122070312,511.0,514.0,24040824,0.02299685306221244,-0.009515796354702344,-0.07206538606939294,0.23944154122500771,530.2387512207031,528.7754998779296,551.379500579834,-0.0037506712139100395,-0.0009938052690621202,-0.04194842310153157,0.01824366677127361,0.021852402335076664,28374821.5,0.8472590391449687,True,False
2020-08-19,496.91015625,533.2999877929688,534.9000244140625,528.125,532.5,17715624,0.009559844378549398,0.0027263556897483276,-0.053047455315935466,0.1803241816736889,528.7450012207031,529.5229998779297,550.925125579834,0.008614713258280782,0.007132811824811736,-0.03199189321473628,0.018388740859346265,0.02058218496796637,28024702.1,0.6321431691507614,False,False
2020-08-20,493.3694458007813,529.5,534.4749755859375,526.0,527.4749755859375,19216734,-0.007125422613817767,-4.725822748452568e-05,-0.0631635021868231,0.12033853477915901,526.9600006103516,530.4270001220704,550.4967506408691,0.004820099033525205,-0.0017476488222828435,-0.038141461537103405,0.018356056952487616,0.01982746250846798,27978082.7,0.6868495674294365,False,False
2020-08-21,505.7851867675781,542.8250122070312,544.4000244140625,532.2999877929688,532.7000122070312,28924302,0.025165273289955215,0.04949497381114054,-0.02989004727156863,0.14080806658151945,526.1237518310547,531.4560003662109,550.110750579834,0.03174397718759425,0.02139219772283374,-0.013244130141291222,0.01931905318265071,0.020042141442933793,28444375.8,1.016872446186708,False,False
2020-08-24,520.4138793945312,558.5250244140625,561.4749755859375,542.8250122070312,543.0,36779740,0.028922787001280037,0.08162677204369406,0.03478466774258915,0.1310180946847348,527.0625030517579,533.1280010986328,549.8112507629395,0.059694099238956966,0.04763775915557478,0.01584866377148786,0.01869578456872286,0.019806856840403612,28384858.1,1.2957521179223368,False,False
2020-08-25,521.6484985351562,559.8499755859375,563.5,553.0999755859375,559.5,27601738,0.002372232422826581,0.05982011469178894,0.030414508825537867,0.11858136980207301,527.8887512207032,534.4210003662109,549.5117506408692,0.06054537872103993,0.04758229037089001,0.0188134738392971,0.01866311162399197,0.019751550151484103,27985122.5,0.9863004173020862,False,False
2020-08-26,521.0661010742188,559.2249755859375,565.875,554.75,560.5,25190062,-0.0011163705050551975,0.04861239149893448,0.05058235658543886,0.09410609065480569,529.2350006103516,535.8129998779297,549.1662504577637,0.05666665080918554,0.04369430326128998,0.018316357059067645,0.017954939094412634,0.019594035273170288,27565021.3,0.9138415575974904,False,False
2020-08-27,518.1078491210938,556.0499877929688,564.9500122070312,553.125,562.9000244140625,20645996,-0.005677478531144087,0.050141620005606624,0.05848755507919501,0.11021260061249638,530.7712493896485,536.7344995117187,548.7872505187988,0.04762642745323742,0.03598704443038758,0.013234158168405008,0.017687403746229097,0.0194097620716677,27249507.8,0.7576649145934298,False,False
2020-08-28,519.2259521484375,557.25,562.5,547.5,555.9749755859375,38696610,0.002158101309909677,0.02657391879257598,0.0791052936767156,0.07853101691713715,532.8137481689453,537.5459997558594,548.434500579834,0.04586265259676914,0.036655468095920574,0.016073933005392282,0.017055745632958426,0.01901517012192241,27298003.5,1.4175619107089645,False,False
2020-08-31,519.8547973632812,557.9249877929688,574.4000244140625,550.3499755859375,564.75,38501166,0.0012112836123261417,-0.0010743236110561938,0.11362273012568602,0.09838561745238916,535.6599975585938,538.4169995117187,548.0622505187988,0.04156552726702256,0.0362321180403693,0.017995651524683298,0.015123690865532169,0.018862493507728593,27633884.7,1.3932592691175265,False,False
2020-09-01,525.1892700195312,563.6500244140625,571.7999877929688,554.0,564.0,28877884,0.01026130169172168,0.00678761988718124,0.08222533711573754,0.14180093463600185,537.8012481689453,539.2669995117187,547.7366255187989,0.048063808578214795,0.04521512520592119,0.02905301225783652,0.012906267050359382,0.018478723333110045,26062470.5,1.1080255803071317,False,False
2020-09-02,528.3805541992188,567.0750122070312,569.5,560.3499755859375,562.0499877929688,19761682,0.00607644397164564,0.014037349839156832,0.10374188168012832,0.14346932734868578,540.4662475585938,540.2834997558593,547.3872505187989,0.04923298127983977,0.04958787833290912,0.035966788904149505,0.012227991560643345,0.018482695591381486,25389486.6,0.7783411421954471,True,False
2020-09-03,526.8663330078125,565.4500122070312,572.9749755859375,564.0,568.625,19833362,-0.0028655820923506603,0.016904998867767862,0.0866725064612699,0.16756148350091005,542.7212493896484,541.305,547.0197505187988,0.041879257248438106,0.044605189693483815,0.033692132086187154,0.01220509621618675,0.01818349590302715,24698810.3,0.8030087991728088,True,False
2020-09-04,521.462158203125,559.6500244140625,562.7000122070312,552.2000122070312,555.0,23661370,-0.010257295371399078,0.004306907876289845,0.07228057192781523,0.1389468825521496,544.6075012207032,541.9335009765625,546.6628755187988,0.02762085200744102,0.032691323576739206,0.023757144442886347,0.012628428458729756,0.018191934132225484,24640039.6,0.9602813300673428,True,False
2020-09-07,517.3624267578125,555.25,559.75,549.5,558.1500244140625,17615466,-0.007862099923374832,-0.004794529464526076,0.05696471155493987,0.16913199825578928,546.1037506103515,542.2780004882812,546.2593754577637,0.016748190026943055,0.02392130881215615,0.016458526747851643,0.012859113644888223,0.017629170258708478,24412170.2,0.7215854164411815,True,False
2020-09-08,518.2708129882812,556.2249755859375,559.4000244140625,551.5,557.0,14624918,0.0017559218116838249,-0.013173154451370128,0.042938101260506345,0.12323296016679652,547.2487487792969,542.7440002441406,545.8571253967285,0.01640246200043971,0.024838552495712207,0.018993706790350284,0.012525179752608005,0.01683168481943835,24136608.7,0.605922653914508,True,False
2020-09-09,510.8399963378906,548.25,555.0,545.625,550.5,15728872,-0.014337679780625612,-0.03319668791923158,0.030835809282485416,0.11973449068164421,548.06875,542.8630004882813,545.3900004577637,0.0003307066859767893,0.009923313076915186,0.005243953024140158,0.013022979635763416,0.016877671495037824,23889730.7,0.658394696763995,True,False
2020-09-10,508.0680541992188,545.2750244140625,552.4249877929688,542.0,551.5,15188088,-0.005426312058253502,-0.035679524904815074,0.02974363679493308,0.06921911444299611,548.85625,542.8745007324219,544.954500579834,-0.006524888048441757,0.0044218759186551715,0.0005881662301852053,0.013050542921323845,0.016083521398142408,23654498.1,0.6420803322814953,True,False
2020-09-11,502.5239868164063,539.3250122070312,552.4249877929688,535.5,548.2249755859375,20794730,-0.010911947073726669,-0.036317361422991024,0.04272809254050003,0.04383805090084669,549.9612518310547,542.9215014648438,544.4733757019043,-0.019339980023339587,-0.006624326441500239,-0.009455675382172846,0.01207396948762545,0.016081733965030858,23648009.0,0.8793437959195635,True,False
2020-09-14,492.8802185058594,528.9749755859375,547.0,526.1749877929688,544.0,21650590,-0.019190722452754883,-0.04732107053410628,0.024400824179980685,0.028383913654313586,550.5912506103516,542.4710009765626,543.9306254577637,-0.039260113560561694,-0.02487879603947374,-0.027495509853374567,0.012969449220919247,0.016275372045337234,23752487.9,0.911508305620482,True,False
2020-09-15,498.72705078125,535.25,538.0750122070312,529.0499877929688,534.0,16505110,0.011862611094431763,-0.037709517742963716,0.01325130146710829,0.02705550211148955,550.9412506103515,542.1245007324219,543.4108753967286,-0.02848080551777199,-0.012680667859752304,-0.01501787278506439,0.012204870776181476,0.01625910192972101,23375702.2,0.7060797514780113,True,False
2020-09-16,509.5122985839844,546.8250122070312,548.0,534.1749877929688,535.0999755859375,18710112,0.021625431493752956,-0.0025991569411194515,0.02536100641973582,0.05922520524364416,551.6175018310547,541.9575012207031,542.9817503356934,-0.008688066655091808,0.00898135181331483,0.007078068220454536,0.012940395391769667,0.016428943654145003,23425426.6,0.7987095526362794,True,False
2020-09-17,504.8301086425781,541.7999877929688,547.0,539.0,542.0,18318686,-0.009189456045145206,-0.006372997965252369,0.0232294387024905,0.05331710871051043,552.2325012207032,541.5440014648437,542.5033753967285,-0.018891523777889718,0.0004726971906854338,-0.0012965589444404735,0.013019384236122217,0.01647163737739717,23380524.2,0.783501937052378,True,False
2020-09-18,492.5774230957031,528.6500244140625,546.0999755859375,523.5999755859375,546.0,23481778,-0.02427088164485358,-0.019793237011731524,-0.026113365217523277,0.0008046738563498579,551.5237518310547,541.0660021972657,541.9822505187989,-0.0414736941809879,-0.02294725178218915,-0.024599008716566728,0.012928278848812822,0.016431812167231066,23108398.0,1.0161577622126814,True,False
2020-09-21,488.8504028320313,524.6500244140625,535.6749877929688,520.75,527.5,19842878,-0.007566442476633739,-0.008176097871330001,-0.06065081870868294,-0.024859438489066688,549.8300018310547,540.7565026855468,541.467000579834,-0.045795932075618495,-0.029785084768273906,-0.031058173716519977,0.01085576869711806,0.016281190465656365,22261554.9,0.8913518435318281,True,False
2020-09-22,482.3746032714844,517.7000122070312,529.0750122070312,514.75,527.0250244140625,18620678,-0.013246949173009392,-0.03278839382152032,-0.07528796144858663,-0.028568702790592537,547.7225036621094,540.5220031738281,540.926375579834,-0.0548133247298509,-0.042222131259765705,-0.042938123229627645,0.011004642024900303,0.016324444061356375,21812501.9,0.8536699772161396,True,False
2020-09-23,487.8952941894531,523.625,527.5,517.1749877929688,523.0,16079828,0.011444828381806715,-0.04242675753509162,-0.06365948793441678,-0.03443663694143062,545.9425048828125,540.4630029296875,540.4305006408691,-0.04087885570954586,-0.0311547744034536,-0.031096506620074793,0.011515368660956378,0.016228934041052946,21356990.2,0.7529070271334395,True,True
2020-09-24,480.0451965332031,515.2000122070312,523.5,512.5,519.0,19809510,-0.01608973557979232,-0.049095563280266874,-0.07346457419786323,-0.054158251035227756,543.9000061035156,540.1415026855469,539.891375579834,-0.05276704095315288,-0.04617584531925112,-0.04573394665970465,0.011862442994606018,0.016340102616860884,21315165.9,0.9293622246683992,True,True
2020-09-25,486.3811950683594,522.0,525.9749755859375,512.8250122070312,525.0,20321544,0.01319873375747549,-0.012579256799303384,-0.06325706594885594,-0.027887660071304166,542.1375061035156,539.5970031738282,539.3940007019042,-0.037144646656618874,-0.03261138047529033,-0.0322473010068145,0.012396291938099489,0.016342283859295488,20396412.6,0.9963293250892561,True,True
2020-09-28,491.1331787109375,527.0999755859375,529.5,521.3250122070312,524.4749755859375,16152422,0.009770068172294089,0.004669686567938536,-0.05524938456147732,-0.04424301797654129,540.5962554931641,538.8085021972656,538.905750579834,-0.024965544563223974,-0.021730404333971443,-0.021906938237705065,0.012700194967395778,0.016000091118057534,19278975.4,0.8378257487687858,True,False
2020-09-29,495.02337646484375,531.2750244140625,534.9500122070312,525.5,529.0,12644446,0.007920791162025598,0.026221773009351468,-0.057438124009051794,-0.03854678065860195,538.977505493164,538.0485021972656,538.4402507019043,-0.014290913814768103,-0.012588972472819537,-0.013307374919503734,0.012584139075146447,0.01603493088948535,18467303.5,0.684693680374073,True,False
2020-09-30,502.5007629394531,539.2999877929688,543.4500122070312,526.0,530.0,18813842,0.01510510189662484,0.029935522163702544,-0.04897945389263991,-0.028594587921024983,537.588754272461,537.5710021972657,537.9777507019043,0.0031831646531068625,0.0032162925244032525,0.002457791403713827,0.013074653804424557,0.016148276681223223,18419911.5,1.0213861233806687,True,False
2020-10-01,515.70849609375,553.4749755859375,555.0,545.0499877929688,545.0499877929688,21203080,0.026284049905097362,0.07429146442552015,-0.021177887280174446,-0.016000711837223625,536.9900024414062,537.3365014648438,537.5855006408691,0.030698845545695352,0.030034204036201384,0.029557112173089095,0.01456312468421129,0.016421184322954974,18488397.4,1.1468316880726503,False,False
2020-10-05,519.1560668945312,557.1749877929688,566.0,555.5,556.0,16940126,0.006685057807923833,0.06738503408614704,-0.004422472104213759,0.00837028341720436,536.8662506103516,537.2890014648438,537.2280006408691,0.03782829924497699,0.03701171301461348,0.037129462962288695,0.01448696469507148,0.01628130822588077,18152335.2,0.9332202062905934,False,True
2020-10-06,533.0159912109375,572.0499877929688,574.0,563.0999755859375,567.5250244140625,19371990,0.02669717831182905,0.0852779629842777,0.030256619167886134,0.059106665666223135,537.70625,537.9350012207032,536.9105006408691,0.06387081755692603,0.06341841764311762,0.06544756921340955,0.015538088164168653,0.016354182748533192,18240161.4,1.0620514575051951,False,True
2020-10-07,541.4718627929688,581.125,582.4249877929688,568.7999877929688,572.4500122070312,21248778,0.015864019579903577,0.09383082828129652,0.04476610275874848,0.09765313953645216,538.9512512207032,538.6910009765625,536.5852507019043,0.07825150917411361,0.07877242973524967,0.08300591423233028,0.015862117589613214,0.016229516039315134,18571354.4,1.1441695388678814,True,True
2020-10-08,555.2386474609375,595.9000244140625,601.5,581.6749877929688,590.0,35060674,0.02542486455420523,0.10495093250923992,0.08691294922765613,0.1316526811944032,541.3337524414062,539.9630017089844,536.3427507019043,0.10079968545571627,0.10359417687515116,0.11104330884348945,0.01615470783020024,0.016487461505638974,19537944.5,1.7944914317880267,True,True
2020-10-09,574.6892700195312,616.7750244140625,618.5,595.8250122070312,600.5,44972388,0.035031044042204806,0.11436840258425818,0.13112648993383091,0.1609335957290614,544.9087524414062,541.792001953125,536.1848759460449,0.13188680058939584,0.13839817160576118,0.15030291245314276,0.017360742830182043,0.01700438850494925,21027159.5,2.138776186103501,True,True
2020-10-12,565.4181518554688,606.8250122070312,621.375,602.7999877929688,615.7750244140625,19220546,-0.016132320235378805,0.08911028940967314,0.12515644272416715,0.10487512254817521,548.2837524414062,543.6005017089843,535.9630009460449,0.10677183028851678,0.116306939193912,0.13221437139486425,0.017669988506745806,0.016672185938170492,20948450.3,0.9175163663538395,True,True
2020-10-13,558.336669921875,599.2249755859375,611.2249755859375,597.5,606.7000122070312,18353952,-0.012524263944645786,0.04750456843433004,0.13280401388021268,0.057720223754803124,551.7962524414063,545.5650012207032,535.7362507629394,0.08595332595080918,0.09835670221727932,0.11850742736296827,0.01722586335798983,0.01630772928659435,20783618.4,0.8830970453152662,True,True
2020-10-14,564.41650390625,605.75,607.1500244140625,587.75,597.7750244140625,22582918,0.010889106228728407,0.04237470423747047,0.13171415226529648,0.06407267844479936,555.3212524414063,547.2635009765625,535.5888758850098,0.09081004434260254,0.10687081985016644,0.13099809811967367,0.0172109683876594,0.016350045512579688,21087508.8,1.0709144552911816,True,True
2020-10-15,544.7330322265625,584.625,608.5,582.0,607.0999755859375,28246896,-0.034874122988031386,-0.018921000087471107,0.06912629625408839,0.038087650680460605,557.2112518310547,548.6805004882813,535.3245008850098,0.04919812383339495,0.06551080178670654,0.0920946062313337,0.01910381614055671,0.016934640978417813,21564348.0,1.3098887107553634,True,True
2020-10-16,558.7560424804688,599.6749877929688,601.75,586.5,590.0,25822848,0.025742976767960224,-0.027724917424045814,0.10681986213354255,0.06099606305972505,560.1050018310547,550.2670007324218,535.1175007629395,0.07064744259121913,0.08978911509282472,0.12064170380895223,0.01947387521316993,0.017236095568551258,21939556.1,1.1769995656384313,True,True
2020-10-19,560.7127685546875,601.7750244140625,617.5,596.2999877929688,617.5,42359556,0.003501958000320604,-0.008321983588978732,0.13832402652595976,0.07546249225675417,563.7612518310547,551.8640014648438,534.946125946045,0.06742884946338878,0.09044080211200045,0.12492640889740358,0.01820559557656644,0.01717635439096223,22883445.0,1.8511004789707144,True,True
2020-10-20,570.2166748046875,611.9749755859375,613.7000122070312,602.9500122070312,603.75,27411978,0.01694977484618354,0.02127748428298193,0.16644419538415334,0.13381190474467353,568.1274993896484,553.5970007324219,534.8095008850098,0.07717893649470486,0.10545211548523592,0.14428590848373712,0.018021985999249302,0.01659791403721831,23261900.0,1.1784066649757758,True,True
2020-10-21,580.8154907226562,623.3499755859375,625.5,610.8499755859375,615.2999877929688,35640752,0.018587361336317665,0.02905485032758981,0.20407564397865263,0.14728746437392637,573.4099975585938,555.3975,534.7093757629394,0.08709296705668379,0.12234926442041494,0.165773416066481,0.01745451506770289,0.016722977469172753,24112903.7,1.4780779802973294,True,True
2020-10-22,574.57275390625,616.6500244140625,625.0,611.5,619.9749755859375,21913060,-0.010748297801050133,0.05477874605783617,0.17765581172415845,0.15846334502246995,578.0612487792969,557.0935009765625,534.6216258239746,0.0667555137388196,0.10690579468814443,0.1534326234253307,0.018018943862315024,0.016547669097427244,24404565.3,0.8979082286706414,True,True
2020-10-23,575.7374877929688,617.9000244140625,624.2249755859375,615.5999755859375,621.75,15866230,0.002027081732766778,0.030391523728826586,0.1993400810824546,0.17622426127798252,583.1962493896484,558.8610009765625,534.6087510681152,0.05950616976829637,0.10564169504462506,0.15579855956255195,0.01715980424779923,0.016419267117942685,24207401.3,0.655428883231675,True,True
2020-10-26,564.136962890625,605.4500122070312,621.0,602.2999877929688,614.9000244140625,19571976,-0.020148910365940242,0.006106913121805002,0.15986592376825914,0.17244381019154686,587.36875,560.6255017089844,534.4845011901856,0.03078349368608957,0.07995446222372316,0.13277374902138472,0.018337699689861358,0.016488861244331708,24169922.9,0.8097657605684792,True,True
2020-10-27,574.4794921875,616.5499877929688,618.0,598.9249877929688,613.0,24317780,0.018333430278537843,0.00747581582506851,0.16970217482479755,0.2306386981895583,591.8412506103516,562.6290014648438,534.42400100708,0.041748927025846205,0.09583755225510582,0.15367196576338027,0.01849030921948254,0.01604054360153781,24578190.8,0.9894048019189435,True,True
2020-10-28,563.5313720703125,604.7999877929688,616.0,600.75,614.0,16571186,-0.019057659934534787,-0.029758544187849068,0.13839341207502853,0.1612345290985313,595.5174987792968,564.1600012207032,534.2695008850097,0.015587264912784837,0.07203627780121002,0.1320129387717739,0.019457537523892197,0.01559104328847808,24774527.8,0.6688799937490635,True,True
2020-10-29,553.0955810546875,593.5999755859375,602.2249755859375,589.25,600.2999877929688,23060024,-0.01851853907587242,-0.037379466335101585,0.1006860541851411,0.1553694659698801,598.2324981689453,565.3660009765625,534.0307508850098,-0.007743682593618573,0.049939286339479416,0.11154643174050949,0.020132328001852478,0.015691462059911118,24986836.9,0.9228868820927071,True,True
2020-10-30,551.3950805664062,591.7750244140625,599.6500244140625,588.1749877929688,591.2750244140625,11522716,-0.00307437878526462,-0.0422803025858004,0.06919924209324657,0.13726348069431005,600.1475006103516,566.6115014648437,533.7746260070801,-0.013950697433171455,0.0444105403511299,0.10866083845321839,0.019561013068198085,0.015649179995006604,24502818.7,0.47026083574621563,True,True
2020-11-02,566.16357421875,607.625,612.5,588.75,597.1749877929688,21926080,0.026783785952492867,0.0035923490777385325,0.09054608213277704,0.16419986437021428,602.6700012207032,567.9075012207031,533.5890010070801,0.00822174451899138,0.06993656307396034,0.13875098409672337,0.02023611463286786,0.015966086362435936,24752116.4,0.8858264742161605,True,True
2020-11-03,581.3978881835938,623.9749755859375,625.375,612.75,613.2249755859375,28164230,0.026908003432935645,0.012042799351188904,0.09077001818197927,0.18778843779863297,605.2662506103516,569.2165002441407,533.4982508850097,0.030909909410478553,0.0961997329984472,0.16959141768663288,0.02024831655856149,0.016263783128200215,25191728.4,1.117995143199464,True,True
2020-11-04,585.8004760742188,628.7000122070312,632.4000244140625,615.0,626.0,23404822,0.007572477753065021,0.039517236931962074,0.08186708919256835,0.17883091513993432,607.6450012207031,570.5935009765625,533.4226258850098,0.034650183814613156,0.1018352139150207,0.17861519496655265,0.020088690066357717,0.016196123109073122,25299530.6,0.925108942535084,True,True
2020-11-05,591.2979125976562,634.5999755859375,638.0,626.1749877929688,633.0,21433928,0.009384385659854777,0.06907008370330425,0.0649436979129645,0.19319357848385832,609.5799987792968,572.1010009765625,533.4002507019043,0.041044615730083,0.10924465173577858,0.18972567926404982,0.01950565917754027,0.01620036438841381,24618193.3,0.8706539809320613,True,True
2020-11-06,609.2110595703125,653.8250122070312,655.0,632.75,633.125,35705724,0.030294732683125103,0.10485401585578336,0.0600705059809552,0.23473864701769465,611.4324981689454,574.0565014648438,533.5321257019043,0.06933310572309881,0.138955852844866,0.22546512329856805,0.019125594068793116,0.016544729019773184,24154860.1,1.4782004057229046,True,True
2020-11-09,624.53857421875,670.2750244140625,672.9749755859375,657.5999755859375,657.5999755859375,26288440,0.02515965571813039,0.1031063968962147,0.10456064092721329,0.2959061453959033,614.6049987792969,576.317001953125,533.7726258850098,0.09057854352850225,0.1630318420982133,0.2557313580904004,0.01916946662260712,0.016390720494949405,24508254.8,1.072636147066661,True,True
2020-11-10,649.277099609375,696.8250122070312,697.5,675.7750244140625,678.5,41517356,0.0396105879316897,0.11675153567286034,0.16287711727245346,0.34945536133048893,619.4850006103516,579.0950024414062,534.1546260070801,0.12484565650577495,0.20329999269426802,0.30453800880832405,0.020157495530533975,0.016984806878303227,25666425.0,1.6175745550850966,True,True
2020-11-11,647.5531616210938,694.9749755859375,707.4000244140625,685.25,699.9500122070312,36116194,-0.0026549515139162594,0.10541587735341396,0.1472966992751754,0.31561755908364875,623.9462493896484,581.7215014648438,534.5173759460449,0.11383789271234535,0.19468675961935067,0.30019155009862475,0.0202742290083942,0.01685024435846939,26343088.8,1.3709931388152174,True,True
2020-11-12,639.0508422851562,685.8499755859375,694.2750244140625,680.0,688.7000122070312,27053948,-0.013129969165158295,0.08075953667139668,0.17314513677303833,0.28604911172844405,629.0074981689453,584.0970007324219,534.8352507019043,0.09036852117417027,0.1742056109275063,0.2823574636971764,0.01840209784602539,0.01699381070211693,26283441.4,1.0293152859351211,True,True
2020-11-13,633.041015625,679.4000244140625,684.4000244140625,673.5,684.4000244140625,22472480,-0.009404317855905231,0.039115989338953217,0.13294707673987216,0.2830973076752832,632.99375,586.3760009765625,535.1992509460449,0.07331237380157796,0.15864227608663373,0.2694338103297438,0.018314247409646447,0.01702240017585738,26115923.0,0.8604895947962475,True,True
2020-11-14,638.119140625,684.8499755859375,687.4749755859375,682.5999755859375,683.9000244140625,1835066,0.008021711769255813,0.021744732596318928,0.13804984886629956,0.2616404185235637,637.1474975585937,588.88,535.565500946045,0.0748688148507668,0.16297034300016566,0.2787417680492681,0.01830424362695921,0.016808861782588103,24089698.5,0.07617637887829937,True,True
2020-11-17,656.1719970703125,704.2249755859375,706.2999877929688,690.2999877929688,692.9000244140625,31059900,0.028290867621661775,0.010619543284573929,0.15074145787035653,0.26086557415171496,641.7599975585938,591.8594995117187,535.9970008850098,0.09733386042286085,0.1898516052659791,0.3138599179158812,0.018808998571696635,0.01679318414713962,24272094.6,1.2796547027301055,True,True
2020-11-18,656.2885131835938,704.3499755859375,709.5,699.5250244140625,701.5,18862776,0.0001775000949035821,0.013489694347765369,0.12994305474041523,0.2581048607687564,645.8099975585938,594.8219995117188,536.4536256408692,0.09064582191147097,0.18413571818817842,0.31297458330063965,0.018672980613190636,0.016799198621704065,23433195.8,0.8049596035040171,True,True
2020-11-19,640.2854614257812,687.1749877929688,699.7249755859375,684.0,694.8499755859375,20266882,-0.024384167513715305,0.0019319271767841428,0.11436789197554753,0.22879881584861161,649.3362457275391,597.6004992675781,536.8237504577637,0.05827295536695898,0.1498902504853552,0.2800756062059411,0.019555945511978583,0.01718283583451138,23350886.9,0.8679277188396644,True,True
2020-11-20,653.9358520507812,701.8250122070312,704.2000122070312,682.5250244140625,686.3250122070312,20405362,0.02131920496861306,0.033007045903933774,0.13582292357497883,0.2621617257697668,653.5324951171875,600.7314990234376,537.3508753967285,0.07389459200675885,0.1682840226422846,0.30608331416389856,0.019843618014433132,0.017289328302515027,23577843.5,0.8654464942902858,True,True
2020-11-23,649.7195434570312,697.2999877929688,711.8250122070312,687.6749877929688,707.5,25246636,-0.006447510897100495,0.018179181792887356,0.151705299750708,0.2513234415306751,658.1249938964844,603.8909985351562,537.762875213623,0.059525157469777046,0.1546785586875652,0.2966681411690433,0.019094872563197456,0.01734077555949981,23861576.5,1.0580455989569675,True,True
2020-11-24,670.0320434570312,719.0999755859375,722.5,701.0250244140625,704.0,40154400,0.03126342775649271,0.021122511293530266,0.1663287483956677,0.2888828988114376,663.2524932861328,607.6934985351562,538.2467500305175,0.08420244607465288,0.18332675488437244,0.33600430572997597,0.01969888193482217,0.01769250786420495,24653407.5,1.6287565927752583,True,True
2020-11-25,653.539794921875,701.4000244140625,732.2000122070312,698.5,725.6500244140625,24152602,-0.024614033893482934,-0.00418818949971711,0.15972228599674065,0.2443892380616799,668.0824951171875,611.0164990234375,538.6542500305176,0.04987038208661776,0.1479232157152568,0.3021340208015151,0.02013355429118701,0.018065363689603167,25032478.3,0.9648506116951272,True,True
2020-11-26,664.6510620117188,713.3250122070312,716.0,693.5,707.5,27943126,0.017001692868389373,0.038054389171017,0.20169312928780725,0.2579023883115592,674.0687469482422,614.3464990234374,539.115375213623,0.058237776838811595,0.16111186983392867,0.3231398045814926,0.019253141716579415,0.018143480042587607,25276633.4,1.105492395201649,True,True
2020-11-27,671.2666625976562,720.4249877929688,723.0,707.7750244140625,715.9000244140625,17994580,0.00995335290987498,0.026502297955221188,0.21739674381541718,0.27407369748043386,680.5012451171875,617.9189990234376,539.6167500305176,0.05866814052471869,0.16588903874380323,0.33506787502838953,0.01902780970704203,0.01813682520996437,25600226.6,0.7029070594242318,True,True
2020-12-01,667.749267578125,716.6500244140625,724.5,712.75,720.4249877929688,17147574,-0.005239911778283646,0.02774994544649112,0.17942814139323193,0.2805324634165334,685.9524963378906,621.6789990234375,540.0985002136231,0.04475168213550873,0.1527653749600837,0.32688764018157546,0.018892939505618985,0.018080487069177288,25361301.3,0.6761314727963111,True,True
2020-12-02,655.47314453125,703.4749755859375,715.9000244140625,697.4000244140625,715.5,17892150,-0.01838421597612727,-0.02172855031356169,0.12740895566420152,0.26695177953343086,689.9274963378906,625.255498046875,540.4933750915527,0.019636091212419382,0.12510002356380467,0.3015422723114374,0.01927515832514374,0.018250580233322572,24847697.3,0.720072761028041,True,True
2020-12-03,641.6130981445312,688.5999755859375,716.0,687.0250244140625,714.5,37933222,-0.021145030763333628,-0.01824928483402599,0.09527590618080217,0.23798823463573138,692.922494506836,628.6734973144531,540.8328749084473,-0.006238098712576634,0.09532210046626166,0.2732213730581825,0.020213509697319748,0.018537950556795912,25574117.3,1.48326613016669,True,True
2020-12-04,645.526611328125,692.7999877929688,700.7249755859375,686.6500244140625,690.5,26912322,0.0060993499214945235,-0.028773734360663994,0.09171133697774603,0.2636570684778272,695.8324951171875,632.0569970703125,541.2484999084472,-0.00435809960802136,0.09610365996138004,0.2800035250169868,0.020187230379384618,0.01838743767068495,25848037.0,1.0411746934593138,True,True
2020-12-07,639.3070678710938,686.125,689.9749755859375,679.0499877929688,687.5,24316318,-0.009634797792409056,-0.04761076916286211,0.04940157869448569,0.25830997071118555,697.4474945068359,635.4754968261718,541.6362498474122,-0.016234189090953755,0.07970331417464993,0.2667634416885736,0.019473066881191305,0.018432262593160352,25278566.7,0.9619342064991367,True,True
2020-12-08,641.1939086914062,688.1500244140625,694.4000244140625,682.5750122070312,687.5,19457896,0.00295139284250312,-0.03976836535141648,0.0266681576202632,0.27594680172167063,698.3412445068359,638.7984973144531,542.0438749694824,-0.014593467266809323,0.07725679898604354,0.2695467215689984,0.018737826974593322,0.018328724564367474,24937039.5,0.7802809150621107,True,True
2020-12-09,655.5897216796875,703.5999755859375,705.0250244140625,687.5250244140625,688.5,22069074,0.02245142864745242,0.00017768933414563648,0.009722617960351565,0.330119586104372,698.6799926757812,642.3284973144531,542.4938749694825,0.007041825959999137,0.09538963089393926,0.2969731236606459,0.01723252797579396,0.018214729715549573,23964625.4,0.9209021059849324,True,True
2020-12-10,645.64306640625,692.9249877929688,701.0,687.875,699.0,19727966,-0.015171955888825805,0.006280877665368889,-0.002949728932671869,0.29458194823534556,698.5774932861328,645.5614965820313,542.9157499694825,-0.008091450909153308,0.07336789982318748,0.2763029767176921,0.017581660771706066,0.01837397292523902,23145214.0,0.8523561717770248,True,True
2020-12-11,644.22216796875,691.4000244140625,697.5,686.5,695.0250244140625,21356384,-0.002200762572819648,-0.0020207323954580803,0.008092219910605714,0.2643899034967594,698.8549957275391,648.6034973144531,543.3478752136231,-0.0106674079158805,0.06598257221370019,0.27248132541648595,0.017320028562214186,0.018254172915074775,22860335.8,0.9342112988558987,True,True
2020-12-14,639.260498046875,686.0750122070312,694.0,684.0,691.5,17222050,-0.007701781919293382,-7.285522750044571e-05,0.0098248271314465,0.2662883493256787,699.1887451171875,651.255498046875,543.7775001525879,-0.018755640736119572,0.05346521336799537,0.26168333926010856,0.01727267297807175,0.01823684461287223,22597814.3,0.7621113162258352,True,True
2020-12-15,648.1821899414062,695.6500244140625,697.4749755859375,683.0,690.4000244140625,21561436,0.01395621766813715,0.010898786215093104,0.015769948475043538,0.3158989733994566,699.7287475585938,654.0249987792969,544.2576252746582,-0.005829006109527857,0.06364439541677536,0.27816312001693055,0.01745633008737808,0.017893197047779467,23584132.8,0.9142348452176287,True,True
2020-12-16,657.2202758789062,705.3499755859375,708.4000244140625,697.25,702.0,16832092,0.013943722894346422,0.002487208727576462,0.001597500854132461,0.34441998048829525,699.7849975585938,656.6909985351563,544.7857502746582,0.007952411164513062,0.07409721948271275,0.2947291209990892,0.016543575506016258,0.01785784534877376,22872742.4,0.7359017867485799,True,True
2020-12-17,671.7093505859375,720.9000244140625,722.5,702.25,709.2999877929688,21924478,0.02204586285723975,0.04037238822949196,0.02349691119724584,0.3925053262810634,700.6125,659.4864990234375,545.4461253356934,0.02895684049893843,0.09312324889374635,0.3216704472332377,0.01724897487100152,0.017824456014531257,23025827.5,0.9521689502798543,True,True
2020-12-18,657.5231323242188,705.6749877929688,719.8499755859375,703.1500244140625,717.5,22995918,-0.021119484124679344,0.02064646062314468,0.026921818064736813,0.3476724522186083,701.5375,661.6819982910156,546.0255003356933,0.005897742876138201,0.06648660476721102,0.2923846731684214,0.017006839761635462,0.01813923613040244,23162279.3,0.9928175764636428,True,True
2020-12-21,639.4935302734375,686.3250122070312,711.9249877929688,683.3499755859375,708.75,23761824,-0.02742052066554812,0.00036439164166002236,-0.022085277284799365,0.3321525542418544,700.7625,663.072998046875,546.5026252746582,-0.020602540508330325,0.0350670502774908,0.2558494332247754,0.017497297117750006,0.018420870075378792,23330102.4,1.0185049166350852,True,True
2020-12-22,639.7030639648438,686.5499877929688,692.4000244140625,672.5,692.4000244140625,22851558,0.0003277974457234212,-0.013081343062926742,-0.015416607182261566,0.3152298616723539,700.225,664.6674975585937,547.0632502746582,-0.019529454399701884,0.032922461704163686,0.2549736935322924,0.017451206896032075,0.018398204870556097,23210348.5,0.9845417874703605,True,True
2020-12-23,640.89111328125,687.8250122070312,690.4749755859375,680.5250244140625,683.75,15467394,0.0018571472387047816,-0.024845770164446668,-0.043491815381335175,0.30492324808482074,698.6612518310546,666.4394982910156,547.6240003967285,-0.015510005164339313,0.0320892053530073,0.25601692348898775,0.015781391512473934,0.018389920234506148,21975998.2,0.7038312371175932,True,True
2020-12-24,650.8842163085938,698.5499877929688,702.0,688.5,694.7000122070312,14952188,0.015592593167736313,-0.031002962774567155,-0.004063354037483258,0.3148556880937363,698.51875,668.295498046875,548.2795002746582,4.472004934563678e-05,0.045271126072992995,0.27407642898017026,0.01531681321057553,0.01843992253226244,21515977.5,0.6949341715941095,True,True
2020-12-28,658.221923828125,706.4249877929688,710.5,702.0,702.5,11699194,0.011273352140310777,0.0010628122194689116,-0.009673044258904917,0.30989246019445016,698.1737487792968,670.7314978027343,549.0433750915528,0.011818317471973927,0.05321576533555317,0.2866469569461114,0.015031244602786048,0.018410025419116165,20703780.9,0.5650752418849255,True,True
2020-12-29,664.9074096679688,713.5999755859375,717.375,710.0,710.5250244140625,14495346,0.01015675820781059,0.039740593587282325,-0.00947359173081952,0.28930847294493,697.8324981689453,673.0099975585938,549.8268748474121,0.022594931388785655,0.060311107078034,0.29786303331203245,0.01503866999251375,0.018205787420748274,20528819.2,0.7060974067129979,True,True
2020-12-30,667.3765869140625,716.25,719.9500122070312,706.5,719.9500122070312,16216726,0.0037135993620047714,0.04325979569602345,-0.0005581865630850391,0.2855027876199985,697.8124969482421,675.2994970703126,550.8548748779297,0.026421858496932904,0.060640505593955174,0.30025172266783007,0.015019265715511697,0.01820352594567813,20482276.8,0.791744304519896,True,True
2020-12-31,669.1469116210938,718.1500244140625,722.0,712.5250244140625,717.5,22145750,0.002652739147033234,0.04408826615613615,0.020860797238596795,0.25539732495190437,698.5462493896484,677.422998046875,551.7711248779297,0.028063675156144274,0.060120525114456314,0.3015360754387817,0.014381223454490848,0.017966505757607814,20694956.8,1.0701037075854152,True,True
2021-01-01,663.90576171875,712.5250244140625,721.5,710.2999877929688,720.0,8810938,-0.007832625229790113,0.020005778921057704,0.03474448108681227,0.2261131846230373,699.7425018310547,679.2064990234375,552.835,0.018267466317336778,0.049055074470768956,0.28885657459108494,0.013581771921632861,0.017960764460030747,19238842.6,0.45797651049964927,True,True
2021-01-04,659.689453125,708.0,719.0,699.5,719.0,15740192,-0.006350688409552552,0.0022295533627030295,0.02193997181705143,0.18811876320388365,700.5025024414062,681.0334985351562,553.9372500610351,0.010703027515909458,0.039596439122078886,0.2781231085686864,0.013659295124106002,0.017772654397812657,18680236.1,0.8426120481421537,True,True
2021-01-05,664.67431640625,713.3499755859375,715.375,704.5,709.5999755859375,14386824,0.007556462692002164,-0.0003503363348558164,0.039679323134906186,0.15658051534045403,701.8637512207031,682.9424975585938,555.3117498779297,0.01636531925926832,0.04452421417036634,0.28459370028231556,0.013483053863459509,0.017281375354434116,18183761.4,0.7911907599051536,True,True
2021-01-06,661.8092651367188,710.2750244140625,720.0,706.5499877929688,717.5,22134050,-0.004310578645985497,-0.008342025250872576,0.0321514193345247,0.17047750195856648,702.9700012207031,685.0389978027343,556.6242500305176,0.010391657084476202,0.036838817486702036,0.2760403887813383,0.013554642352981537,0.017131225014713758,18317569.1,1.2083508395226963,True,True
2021-01-07,659.805908203125,708.125,716.2999877929688,706.2750244140625,716.25,19894842,-0.0030270308544724234,-0.013959512738639712,0.006431245837230426,0.18173478885384786,703.1962524414063,686.870498046875,557.9577500915527,0.007009064029396939,0.030943972719111423,0.2691373135041264,0.012667039942117122,0.01703108959644276,18208857.5,1.0925914489692723,True,True
2021-01-08,666.9805297851562,715.8250122070312,721.0,711.5499877929688,716.0,13768764,0.010873803646292979,0.00463139915076316,0.03304834551716951,0.18171690005287866,704.3412536621094,689.0909985351562,559.6080001831054,0.016304253776438626,0.038796057021068586,0.2791543580020499,0.012316172331737776,0.017030968490314095,17910897.4,0.7687366909934955,True,True
2021-01-11,676.2048950195312,725.7249755859375,732.4500122070312,718.1500244140625,725.0,17331392,0.01383014453264586,0.02503527625132418,0.04964557413917392,0.24135125180404104,706.0575012207031,691.7334985351563,561.3173750305176,0.027855343695423196,0.04913955609026166,0.2928959762674037,0.012568068106768113,0.0163455292185692,17709647.8,0.9786412579023733,True,True
2021-01-12,689.9717407226562,740.5,743.8499755859375,724.5499877929688,726.2249755859375,20388156,0.020358985719257428,0.038059893941626344,0.07932804259681348,0.23483556105169678,708.7787506103516,694.707998046875,562.8780000305176,0.04475479740657051,0.06591546675994242,0.3155603877924742,0.01293021346314616,0.01623711364613419,17867953.1,1.141045976889205,True,True
2021-01-13,685.1500244140625,735.3250122070312,748.4500122070312,731.0499877929688,746.4500122070312,16934650,-0.00698850478456281,0.03526801158978321,0.057032971178843095,0.2219267705950474,710.7625,697.2619982910156,564.3018751525879,0.03455797429806884,0.05458925627570088,0.3030702972734205,0.012921381398029319,0.016295122738850622,17636613.8,0.9601984934318853,True,True
2021-01-14,684.2647094726562,734.375,744.0,728.0,735.5750122070312,12297166,-0.001291962317696571,0.03706972639011474,0.04114981983227728,0.20000821814138758,712.2137512207031,699.4699987792969,565.7126251220703,0.031116007998039263,0.04990207054143658,0.29814143681438154,0.012680200393117711,0.01620942457506862,17409867.5,0.706333118273301,True,True
2021-01-15,683.286376953125,733.3250122070312,735.8250122070312,722.5,734.5499877929688,14165236,-0.0014297706117021303,0.024447315617044385,0.01723538267746294,0.17642582967572795,712.8350006103516,701.5624987792969,567.3001251220703,0.02874439607922663,0.04527396131207184,0.29265794194781125,0.011791586930251167,0.016092345506945643,17021905.4,0.8321768725139315,True,True
2021-01-18,690.9501342773438,741.5499877929688,751.4249877929688,733.5,734.9500122070312,42825632,0.011216003066884861,0.021805797980501307,0.050837851164600156,0.20254594735090703,714.6287506103515,703.7014990234375,568.853125,0.037671640218259084,0.053784863073413236,0.30358778954228094,0.010784264156493702,0.0160277258545398,18013391.1,2.3774330864331255,True,True
2021-01-19,700.6171875,751.9249877929688,755.8250122070312,733.5,745.9000244140625,17360254,0.01399096510119091,0.015428747863563519,0.0955815020859958,0.21690396194108974,717.9087493896484,705.6634985351562,570.5386248779297,0.047382398434676176,0.06555743545449633,0.3179212677386176,0.008453053358599954,0.01608713858072206,17693312.6,0.9811760178814678,True,True
2021-01-20,695.0965576171875,746.0,750.5,743.0,750.5,13346052,-0.007879759137091047,0.014517373427742397,0.08659240152074488,0.23214135760048227,720.88125,707.177998046875,572.2339999389649,0.03484450455605548,0.054897072675261116,0.30366248786260375,0.008861185167670383,0.015859040503702942,17218037.3,0.7751204023701354,True,True
2021-01-21,687.0833129882812,737.4000244140625,747.1749877929688,734.0750122070312,746.0,26333054,-0.011528117407422878,0.004119182180851055,0.07207503555004413,0.19601011923411793,723.3600006103516,707.9894982910156,573.6807501220703,0.01940945558486007,0.041540907307297203,0.2853839426495577,0.00952770626760242,0.015857667110784537,17761320.3,1.4826067857128842,True,True
2021-01-22,672.5244750976562,721.7750244140625,733.9500122070312,720.0750122070312,733.9500122070312,15392364,-0.02118931310371952,-0.01575016207098634,0.03324749413348638,0.19341110942802442,724.5212524414062,708.5254992675781,575.0673751831055,-0.0037904036880764824,0.018700138753200646,0.25511384502423606,0.01056950052284699,0.01591047508094543,17783329.1,0.8655501966726803,True,True
2021-01-25,681.5159912109375,731.4249877929688,740.5,727.5750122070312,732.5499877929688,20344718,0.01336976627411035,-0.013653833412005656,0.035389461630038976,0.23218500315972102,725.7712524414062,709.4369995117188,576.4118751525879,0.007789968716098938,0.030993574195289364,0.26892768751397744,0.010679370669091401,0.01570824429497998,18215605.3,1.1168839939675241,True,True
2021-01-27,656.7078247070312,704.7999877929688,735.9500122070312,703.0750122070312,734.0,23556276,-0.03640154553693786,-0.0626724750008909,-0.01233182188065951,0.19099312866543539,725.3312530517578,709.9449987792968,577.6975001525878,-0.02830605350645765,-0.007247055751043563,0.2200156441854244,0.013470359339812497,0.016516914857054574,18668651.8,1.2618091682442756,True,True
2021-01-28,638.9345092773438,685.7249755859375,700.6500244140625,671.0,694.9500122070312,42704446,-0.0270644332256067,-0.08079761985799261,-0.0426178351330716,0.12853318343705,723.8050018310547,709.9624987792969,578.9678750610351,-0.05261089126046903,-0.03413915979369775,0.18439209690805036,0.014664775475512754,0.016667788962354754,19993037.8,2.1359658510724167,True,True
2021-01-29,647.8094482421875,695.25,704.375,682.25,695.6749877929688,28704502,0.013890444060205898,-0.057160324136895535,-0.031887521597937174,0.11422737642183867,722.6600006103515,709.7829992675781,580.2447500610351,-0.03792931750366879,-0.020475271008991047,0.198201276145743,0.015065166251877544,0.01642303573853947,20320975.4,1.412555324485064,True,True
2021-02-01,687.9917602539062,738.375,741.25,700.5,705.125,26370544,0.06202804746494062,0.022998822381549378,0.03627939328474117,0.17444724934545208,723.9524993896484,710.4634997558594,581.6608750915527,0.01992188800026362,0.039286325411132195,0.26942524694269787,0.020603221295527406,0.018153311039240946,21198955.7,1.2439548614180085,True,True
2021-02-02,727.0327758789062,780.2750244140625,789.25,748.7000122070312,750.5,42420206,0.056746266347130536,0.06678748666831269,0.10208336781647254,0.22955413556960913,727.5662506103515,712.3255004882812,583.2001252746581,0.07244532543874027,0.09539111526851629,0.3379198504914447,0.023837067775765896,0.01942751425121075,22532956.4,1.8825850122356782,True,True
2021-02-03,733.671630859375,787.4000244140625,790.8499755859375,771.0,789.5,20237254,0.009131395696473144,0.11719642175328349,0.10380605784320829,0.2042978009607488,731.2687530517578,714.0370007324219,584.8330003356933,0.07675874448081577,0.10274400851270826,0.3463672945303975,0.023848078400322777,0.01912502293102429,22825477.9,0.8866081178523759,True,True
2021-02-04,735.6748657226562,789.5499877929688,794.0,771.7249755859375,783.0,24484684,0.002730458867468366,0.1514091157585662,0.1116116442983528,0.17794928803019827,735.2325012207032,715.8820007324218,586.4592503356934,0.07387797258973516,0.10290520921768787,0.3462998278926026,0.023751815491616868,0.018908105172635973,22943009.6,1.067195822469603,True,True
2021-02-05,744.2937622070312,798.7999877929688,809.125,774.0,774.0,27054716,0.011715534346161682,0.14893921293487056,0.1280494090633275,0.14634230086396505,739.7662506103516,717.4760009765625,588.0658752441407,0.07980052771251844,0.11334732688719273,0.3583512008095011,0.023699731166879873,0.01832426948489155,23301003.3,1.16109661252226,True,True
2021-02-08,747.857666015625,802.625,815.8250122070312,797.8499755859375,810.0,17447580,0.00478844800386069,0.0870154054511596,0.12125866840744659,0.15489769876001946,744.10625,719.5005004882812,589.7338752746582,0.07864300293136894,0.11553084321040386,0.3609952448910816,0.023677045727181014,0.018314369070067324,23484944.1,0.7429261881870947,True,True
2021-02-09,750.9324951171875,805.9249877929688,814.0,793.3499755859375,805.0,18421366,0.004111493901845398,0.03287297757373153,0.1105102000138265,0.1750747488245492,748.1162506103516,721.3525,591.4392501831055,0.07727239868864477,0.11724155359961852,0.3626504962994255,0.02360753947487823,0.018198811561347023,23539442.8,0.7825744286521514,True,True
2021-02-10,736.9093627929688,790.875,807.4249877929688,783.5,804.1749877929688,19788006,-0.018674179385085532,0.004413227683760068,0.06802835921674544,0.16407855693275453,750.6350006103515,722.7615002441406,593.0651251220703,0.053607944416299125,0.09424063087595491,0.3335382009475174,0.02392709623959314,0.018343412974155173,23509435.3,0.8417048622175965,True,True
2021-02-11,732.5301513671875,786.1749877929688,798.9000244140625,782.0999755859375,791.0,13648618,-0.005942800324996056,-0.004274586856031881,0.06915306122025489,0.14795212939934843,753.1774993896485,724.1519995117187,594.5532501220703,0.0438110384737469,0.08564912935829905,0.3222953328933209,0.02390395573000916,0.018363317155533413,23345133.7,0.5846450988627236,True,True
2021-02-12,737.0026245117188,790.9749755859375,796.25,786.5,786.9500122070312,9910106,0.0061054954272250495,-0.0097959593472845,0.07707230718085101,0.12318506586310884,756.0074981689453,725.9019995117187,596.0036250305176,0.04625281826130512,0.08964429925525819,0.32713114881715133,0.023881239639540173,0.018055289518741236,23225780.7,0.4266855925320952,True,True
2021-02-15,753.1453857421875,808.2999877929688,812.5,798.3499755859375,800.0499877929688,10355244,0.021903363243821028,0.007070534549719731,0.10223976318534556,0.1475829002770348,759.7562469482422,728.2959997558594,597.7376249694825,0.06389383573970608,0.1098509233387639,0.35226553261430804,0.024170938587901116,0.018233126190222465,23035281.1,0.4495384256456935,True,True
2021-02-16,757.82763671875,813.3250122070312,820.5,804.2249755859375,810.5999755859375,13897358,0.006216781504331248,0.00918202627558129,0.09679054088812311,0.1835777300614858,763.3449981689453,730.7065002441407,599.525625,0.06547500037070297,0.11306661694577302,0.3566142601611586,0.024130747969824548,0.01789438592057131,21588867.4,0.6437279799124618,True,True
2021-02-17,739.1223754882812,793.25,810.9000244140625,791.5,810.0,12794426,-0.024682644583320812,0.0030030030030030463,0.05495895585053945,0.13026749717207187,765.4112487792969,732.8490002441406,601.1258749389649,0.03637097216052321,0.08241943392941442,0.31960714564240367,0.02490134069974445,0.018079361648820996,21360576.0,0.5989738291701497,True,True
2021-02-18,724.1210327148438,777.1500244140625,802.9749755859375,774.0,802.9749755859375,14720560,-0.020296218828789736,-0.011479585994260688,0.04175606489820716,0.1145131765652656,766.96875,734.6290002441406,602.6991250610351,0.0132746926313001,0.057880949643685176,0.28944939871177144,0.025337011034745092,0.018278958857328803,21429301.4,0.6869360659606011,True,True
2021-02-19,717.03955078125,769.5499877929688,782.0999755859375,766.5,772.5,17139508,-0.009779368696313018,-0.02708680862766555,0.04359908097976084,0.0701571602278579,768.5762481689453,735.9480004882812,604.2242500305176,0.0012669395214115475,0.04565809986900371,0.27361652193552466,0.025289577917551657,0.017928804170733465,20969624.1,0.8173493200576732,True,True
2021-02-22,721.1859741210938,774.0,786.9500122070312,769.7249755859375,772.5250244140625,29451838,0.005782616175193045,-0.04243472511563873,0.07235630746344235,0.10350723276148477,771.1874969482421,737.5695007324218,605.8047500610352,0.0036469769840505872,0.04939263246568881,0.277639371302419,0.024675150010097905,0.017611151983328563,21672597.8,1.3589435965078445,True,True
2021-02-23,712.404052734375,764.5750122070312,778.8499755859375,761.3250122070312,776.875,18239906,-0.012176986812621138,-0.05993913782106919,0.04532252106137458,0.07184663249285506,772.8449981689453,739.0330004882812,607.373750152588,-0.010700704515792414,0.034561395366478065,0.25882129745473903,0.02481365194120164,0.01758694045950107,21567357.2,0.8457181763558866,True,True
2021-02-24,748.416748046875,803.2249755859375,806.9749755859375,758.125,763.25,14314332,0.05055091097907938,0.012574819522140013,0.13964953106934574,0.11493214310434685,777.7662475585937,741.3759997558594,609.0707499694824,0.03273313557544921,0.08342457248473845,0.31877121931431307,0.025251371214910518,0.018672653890463683,21105260.0,0.6782352835264763,True,True
2021-02-25,748.3934936523438,803.2000122070312,818.125,801.0,804.875,20109570,-3.1078937614004154e-05,0.03351989574034864,0.17131509104027276,0.1207702293232078,783.6399993896484,743.5269995117187,610.8525,0.024960457394489044,0.08025668568121991,0.31488372758895355,0.024034399473591116,0.018650593276819543,19975516.2,1.00671090542331,True,True
2021-02-26,714.8499145507812,767.2000122070312,794.4500122070312,760.5,793.5250244140625,27912846,-0.044820716450288955,-0.003053701024253286,0.10348797153114897,0.09058607460487988,787.2375,744.7640002441407,612.468125,-0.025452913247868247,0.03012499524082246,0.2526366367344117,0.02673707525349271,0.01943769055227638,19935933.4,1.4001273700081684,True,True
2021-03-01,726.2640991210938,779.4500122070312,786.2750244140625,770.3499755859375,782.0,13536018,0.0159671530306158,0.0070413594406089075,0.05562893137908409,0.1319344174297834,789.2912506103515,745.935,614.27375,-0.0124684498855272,0.04493020465192177,0.2688968268740628,0.0233615258426798,0.019290582887947466,19294207.1,0.7015586559138779,True,True
2021-03-02,730.5966796875,784.0999755859375,793.75,775.5,787.8499755859375,16110038,0.005965697999977815,0.025537014769218436,0.004902055111590142,0.13178404936729327,789.4824981689453,747.5034997558594,616.1176248168945,-0.0068177858223475996,0.04895826687370808,0.27264655968731,0.01967811552131355,0.019290138451862927,17978698.7,0.8960625164712283,True,True
2021-03-03,739.2854614257812,793.4249877929688,798.0,782.5,792.0,11222410,0.011892631676289733,-0.012200800635986053,0.007651718557399878,0.15638548047800138,789.7837463378906,749.6454992675781,617.9419998168945,0.004610428452044069,0.05840025527821391,0.2839797068787564,0.019751938428343826,0.019265585768878407,17527956.5,0.6402577505255675,True,True
2021-03-04,723.07275390625,776.0250244140625,785.5,769.5499877929688,774.2750244140625,16291438,-0.021930193334730785,-0.033833400622464316,-0.01712996464823291,0.127697445153508,789.1074981689453,751.435,619.6732499694824,-0.016578823272164533,0.03272408713203734,0.25231325452935094,0.020369798412627663,0.01952407010296244,17118294.2,0.9516975120102796,True,True
2021-03-05,712.800048828125,765.0,772.7999877929688,760.5499877929688,765.5,17445822,-0.014207047539977147,-0.0028675862513379835,-0.04231345557021837,0.08726552948346877,787.4174987792969,752.9784997558594,621.4011250305176,-0.02846964769521876,0.015965263613819447,0.23108885578929406,0.020365175607899907,0.019452755532209348,16637849.5,1.048562315700716,True,True
2021-03-08,707.9083251953125,759.75,777.5,756.25,771.0,15117050,-0.006862745098039191,-0.025274247095397717,-0.05341847064320204,0.09643902786631386,785.2737487792969,754.2025,623.0688749694824,-0.03250299506251597,0.007355451619425857,0.21936760207643524,0.02032849830251985,0.019360835631421786,16521323.0,0.9150023881259388,True,True
2021-03-09,727.9412231445312,781.25,782.8499755859375,769.125,772.5,15066696,0.02829878249424156,-0.0036347094435346117,-0.030616978213495294,0.1299536771958929,784.0399993896484,755.6990002441406,624.7159999084473,-0.003558491137978126,0.03381108053286397,0.25056825839980545,0.021434731697310642,0.01965435685250261,16353589.5,0.9213081935314568,True,True
2021-03-10,724.7965087890625,777.875,787.5,776.0750122070312,786.0,11055016,-0.0043199999999999905,-0.01959856071110566,-0.016437490121700593,0.13380459302497827,783.3899993896484,756.9845007324219,626.2422499084473,-0.007039915487745851,0.027596997359081277,0.242131140327438,0.021060685736240696,0.019630236469779135,15916940.0,0.6945440518089532,True,True
2021-03-12,723.026123046875,775.9749755859375,800.0,767.5250244140625,800.0,15631204,-0.002442583209464888,-6.449383273787745e-05,-0.012974226305094927,0.11546747409307101,782.8799987792969,758.1790002441406,627.7429997253417,-0.00882002759570566,0.02347199716170767,0.23613481301337025,0.021028630168230887,0.019579049540005583,16016069.3,0.9759700527769319,True,True
2021-03-15,712.171142578125,764.3250122070312,774.2000122070312,757.6500244140625,774.2000122070312,12230386,-0.015013323554808444,-0.000882336984272869,-0.033692549323908194,0.0836110280887199,781.5475006103516,759.1025,629.0954997253418,-0.02203639368032062,0.006879851149260263,0.2149586390949063,0.021211914190108632,0.019636700839570805,16132083.3,0.7581405186520453,True,True
2021-03-16,704.4840087890625,756.0750122070312,770.2000122070312,755.0,765.4500122070312,13722366,-0.010793837527542927,-0.004837101405684385,-0.06461088256172776,0.04879315661219241,778.9362518310547,759.9734997558594,630.373374786377,-0.029349307559230042,-0.005129767748586644,0.1994082276448501,0.02056339692728848,0.01951236650367246,16300439.4,0.8418402512511411,True,True
2021-03-17,696.6571655273438,747.6749877929688,769.5,745.0999755859375,762.125,21064428,-0.011110041038841278,-0.042976015624999975,-0.08071806894997025,0.05951748429026371,775.6537506103516,760.7669995117187,631.5561247253418,-0.03607120160943811,-0.01720896375257175,0.1838615105159911,0.02051363857788441,0.01936243548618431,16658792.9,1.2644630452186003,True,True
2021-03-18,694.6306762695312,745.5,761.0250244140625,740.5750122070312,755.875,18065540,-0.002909001676502543,-0.04161979752530931,-0.0601953986763315,0.08622006591698939,773.2662506103516,761.41,632.7793746948242,-0.0359077492240677,-0.020895443978933725,0.17813574495777207,0.01992764739340806,0.019004764647367063,16922348.6,1.0675551264793115,True,True
2021-03-19,697.658935546875,748.75,755.5999755859375,737.0250244140625,742.5,21235020,0.00435949027498328,-0.03508486284029966,-0.03654381203355794,0.09059793651294612,771.8462493896484,762.1794995117187,633.9397497558593,-0.029923380994481996,-0.017619864507405714,0.18110593362911231,0.019554738724390064,0.019007478796262335,17248071.6,1.2311532844054287,True,True
2021-03-22,684.4510498046875,734.5750122070312,747.4500122070312,730.2000122070312,747.4500122070312,14015632,-0.018931536284432338,-0.038923232296291355,-0.0454486078107077,0.0679678685280618,770.0975006103515,762.7084997558594,635.0728747558594,-0.04612726099638864,-0.03688629084090922,0.15667829851719528,0.01985899581389911,0.019191706595326284,17091877.8,0.8200170960735513,True,True
2021-03-23,698.8934936523438,750.0750122070312,753.7249755859375,734.5499877929688,735.0,19761428,0.021100636071774703,-0.007935720534508417,-0.030910836941820063,0.07375996752480529,768.9012512207031,763.3934997558594,636.3549998474122,-0.02448459926913038,-0.017446425143896938,0.17870530189420575,0.020466580404872887,0.019274344845714282,16607357.3,1.1899200843953661,True,True
2021-03-24,688.9468383789062,739.4000244140625,753.2249755859375,735.5,745.4500122070312,16368900,-0.014231893636289183,-0.011067594227450073,-0.03292677290132506,0.04667875173005309,767.6425018310547,763.6670007324219,637.5723750305176,-0.03679118515405999,-0.03177690838426339,0.15971151412993834,0.02052874843552906,0.019333339587983726,16513807.0,0.9912251003054595,True,True
2021-03-25,681.7489624023438,731.6749877929688,747.7750244140625,725.125,745.0999755859375,23964356,-0.010447709448231923,-0.01854461731325452,-0.08907839019917718,0.025329334116344082,764.0650024414062,763.4905004882812,638.8092500305175,-0.0423917003722748,-0.04167113104218745,0.14537318887917605,0.016535646029632655,0.019349884914933432,16996308.2,1.4099741966317132,True,True
2021-03-26,694.7703857421875,745.6500244140625,749.5,737.0,747.0,12021258,0.019100060620150794,-0.004140201116444087,-0.07165088012739573,0.04104715450479923,761.1875030517579,763.6970007324219,640.0806251525879,-0.020412156762167566,-0.023631068736752248,0.16493140881480062,0.017342842923364743,0.01949328543851968,16591892.6,0.7245260254396777,False,True
2021-03-30,723.8414306640625,776.8499755859375,781.2750244140625,750.7750244140625,753.3250122070312,25607644,0.041842620734026115,0.057550233368122816,0.012578158531496797,0.08173772773978283,761.6700012207032,764.5465002441406,641.5902500915528,0.01992985720969176,0.016092514108517975,0.21081948404777595,0.017319466552630444,0.020198343076407967,16476632.5,1.5541794720492794,False,True
2021-03-31,695.865234375,746.8250122070312,774.0,744.0,774.0,30774506,-0.038649629043574274,-0.004332899972813609,-0.04185643657586402,0.04813864301983628,760.0387512207031,764.8165002441406,642.8483750915527,-0.017385612236809234,-0.023523927675940803,0.16174364149348652,0.019018994294564478,0.02082209467151234,17338556.9,1.7749173808115486,False,True
2021-04-01,692.650634765625,743.375,749.7000122070312,732.5,749.7000122070312,35763762,-0.00461957239064037,0.005375947328494446,-0.051938498729712124,0.049964689265536766,758.0025024414062,764.8530004882813,644.1171250915527,-0.01929743291650543,-0.02808121361172633,0.15409910875190458,0.0189337906063898,0.020812940796318333,18321243.1,1.9520379596949946,False,True
2021-04-05,675.3430786132812,724.7999877929688,742.5,715.5,740.0,16006586,-0.02498740502038843,-0.009396248491065462,-0.08649210833514431,0.016051044506767198,754.5712524414063,764.3105004882813,645.19125,-0.03945454395739689,-0.051694321444061164,0.12338781375750019,0.01925216350048537,0.021062377308861735,18560451.9,0.862402816819347,False,True
2021-04-06,670.9871215820312,720.125,731.3250122070312,716.3250122070312,730.0,15075734,-0.006450038454338558,-0.034231909848216335,-0.07203379099310592,0.013867833229900262,751.7762512207031,763.7930004882812,646.2085000610351,-0.042101956758156533,-0.05717255913626462,0.11438490817125335,0.018813847111126613,0.021072436377013108,18499666.7,0.8149192223014483,False,True
2021-04-07,674.2249755859375,723.5999755859375,728.3499755859375,710.7750244140625,719.6500244140625,25088180,0.004825517217063036,-0.06854605351546328,-0.054117678972630756,0.021853451842453575,749.70625,763.5169995117187,647.2546249389649,-0.034822004503847315,-0.052280465204191606,0.11795257647509572,0.018728311926199507,0.021074885937342896,18881784.6,1.3286975003411488,False,True
2021-04-08,667.5162963867188,716.4000244140625,730.4500122070312,715.25,726.5,17613592,-0.00995018161249217,-0.040739111968219,-0.05705821070870354,0.0008032859947968429,747.5387512207031,763.4094995117188,648.2308749389648,-0.04165500016660306,-0.061578320845789625,0.1051618367938989,0.01877785154569025,0.021073905887360297,19006611.7,0.9267086779070675,False,True
2021-04-09,662.3682861328125,710.875,716.4000244140625,707.5499877929688,713.0,28157816,-0.007712205786957305,-0.043719522448293247,-0.09008000000000005,-0.020462263371806788,744.0200012207031,762.9984997558594,649.2039999389649,-0.044548535209164464,-0.06831402653155627,0.09499479372713826,0.017311566572738486,0.021021712280432522,19661167.7,1.4321537982710966,False,True
2021-04-12,636.8845825195312,683.5250244140625,699.5,676.5,696.5,22549128,-0.038473677631000514,-0.05694669436266053,-0.12129194997388715,-0.07694122293847061,739.3025024414062,762.5730004882812,650.0497500610352,-0.07544608308932965,-0.10365955262460602,0.051496480615343954,0.01889777533062048,0.021418219175599607,20235873.3,1.1143145475219,False,True
2021-04-13,652.3984375,700.1749877929688,703.2249755859375,680.5,684.0,18600682,0.024358966803269766,-0.0277035406450703,-0.09768354673516666,-0.04780202472449824,735.5125030517578,762.8620007324218,650.9095001220703,-0.048044751261423935,-0.08217346371855916,0.0756871541460975,0.020096102580563824,0.021653429419864298,20384347.2,0.9124982918265835,False,True
2021-04-15,666.2584228515625,715.0499877929688,718.3499755859375,695.5,702.5,34444984,0.021244689198178346,-0.01181590392681453,-0.06446867972013381,-0.026314910239361722,733.0487518310547,763.2580004882813,651.7946249389648,-0.024553297435030763,-0.06316083508390646,0.09704799707412026,0.020763402190874254,0.021835698693168905,21495077.1,1.6024591975062048,False,True
2021-04-16,665.5829467773438,714.3250122070312,722.5,711.75,717.4749755859375,15606526,-0.0010138809849856711,-0.0028964435180308667,-0.05521938871928733,-0.025909384902632948,730.9612518310547,762.7770007324219,652.7016250610352,-0.02275940014925515,-0.06352051579802076,0.09441279871217345,0.020688234772040792,0.02183537150204299,21589285.1,0.7228829452995643,False,True
2021-04-19,658.0122680664062,706.2000122070312,708.8499755859375,686.1500244140625,695.0,24069242,-0.011374374215031846,-0.006576385149243857,-0.055471931337927716,-0.04767038792778833,728.8875030517578,761.2955004882813,653.5211251831055,-0.0311261899123485,-0.07237070000533663,0.08060777990790435,0.020694019151400976,0.021829866657787928,21739525.8,1.1071649962116468,False,True
2021-04-20,648.2286987304688,695.7000122070312,713.2000122070312,691.9749755859375,712.5,23186270,-0.014868309003826186,0.01781205860517754,-0.0668007884546864,-0.07477471356679821,726.3975036621093,759.4615002441407,654.2761251831055,-0.04225990769560428,-0.08395618213248768,0.06331254562029587,0.02087402264484196,0.021821279707456488,21995562.3,1.0541339968380803,False,True
2021-04-22,662.7177124023438,711.25,713.4000244140625,685.5250244140625,690.0,38485312,0.022351570389711695,0.015817491912901493,-0.05008347245409017,-0.04658176943699732,724.5225036621093,757.8955004882813,655.1475003051758,-0.018318966760898725,-0.061546084464453865,0.08563338739549642,0.021594228271204188,0.022009407495993772,22858076.9,1.683663598139352,False,True
2021-04-23,658.8275756835938,707.0750122070312,717.2999877929688,700.0999755859375,704.5,22713528,-0.0058699301131370785,-0.011153032266391083,-0.03743661238540663,-0.04112423542584975,723.1475036621093,756.0610009765625,655.9253753662109,-0.022225744227401756,-0.06479105350792957,0.07798087825503464,0.02126111726614657,0.021973702254747034,23292971.7,0.9751236678830465,False,True
2021-04-26,654.4716186523438,702.4000244140625,714.5,701.375,706.5,30170952,-0.006611728193273936,-0.016694064451312496,-0.06356029332678237,-0.026843544518222462,720.7637542724609,754.0565014648438,656.6745004272461,-0.025478153902085077,-0.06850478306391161,0.0696319469646931,0.02058999504360735,0.02182072203420423,23813447.9,1.2669711722005617,False,True
2021-04-27,670.264892578125,719.3499755859375,721.0,702.4000244140625,703.625,20592906,0.02413147862005638,0.018620735133959787,-0.027116646153769963,-0.016508886637120357,719.7612518310547,752.3250012207031,657.495375366211,-0.0005714064824563492,-0.043830825216842784,0.09407609929617355,0.021271776677629414,0.021977993245464882,24024648.2,0.857157442163919,False,True
2021-04-28,688.0151977539062,738.4000244140625,739.5,715.5,718.125,24103940,0.026482309688838246,0.06137704679861966,0.009191289484118181,0.04767315153666485,720.0975036621094,751.2755017089844,658.3750006103515,0.025416725733493406,-0.017138156728967013,0.12154930507616957,0.022012949078416357,0.02171248752933133,24031627.4,1.003009059636136,False,True
2021-04-29,686.0117797851562,736.25,751.8250122070312,730.5,743.0999755859375,24078552,-0.002911733942274175,0.03514938488576447,-0.01260648307689538,0.07368117862542478,719.6275024414062,750.277001953125,659.2935006713867,0.02309875248263893,-0.01869576425321562,0.11672570600232701,0.021590139784112988,0.021404957725063577,24634492.1,0.9774324513067594,False,True
2021-04-30,657.9658203125,706.1500244140625,726.9000244140625,703.75,722.5,35232902,-0.04088281913200342,-0.001308189056323128,-0.09100850021723916,0.015677848851582077,716.0925048828125,748.5805029296876,660.123625793457,-0.013884352092718877,-0.056681249844962145,0.06972390749578539,0.020984555162181086,0.022022694512907677,25115755.0,1.4028207394123728,False,True
2021-05-03,658.9673461914062,707.2249755859375,710.9500122070312,688.6500244140625,696.5,22473700,0.0015222702467041493,0.006869235484295411,-0.0530245184264343,-0.04218726854790922,714.1125030517578,746.5590026855468,661.0126257324218,-0.009644877293684795,-0.05268709768165092,0.06991144806396243,0.019412423760882043,0.020489259618251345,24700714.7,0.9098400703361025,False,True
2021-05-04,646.8078002929688,694.1749877929688,711.5,691.6500244140625,704.9749755859375,21486328,-0.018452385370237856,-0.0349968563945009,-0.06618464732743401,-0.11034575492884635,711.6525024414062,744.1760021972656,661.8506256103516,-0.024559057388934713,-0.0671897699692856,0.04883936183154325,0.01973415587729612,0.019185885878657733,23986843.0,0.895754726872561,False,True
2021-05-05,653.4466552734375,701.2999877929688,704.7999877929688,690.8499755859375,700.5,14421612,0.010263982605672517,-0.05024381824815549,-0.032422737852904726,-0.10934726181290688,710.4775024414063,742.337001953125,662.7007504272461,-0.012917389525918699,-0.0552808415210152,0.058245350319638955,0.01925728668717689,0.01919734283554016,23907594.3,0.6032230520157355,False,True
2021-05-06,652.6546630859375,700.4500122070312,705.4000244140625,697.5,703.7999877929688,11477044,-0.0012120000010443777,-0.04862477119588282,-0.027321628596380876,-0.11284906207775258,709.4937530517578,740.8030017089844,663.4568756103515,-0.012746751899966102,-0.05447195733394905,0.05575816297426672,0.01922157184869415,0.0191885029302756,23727659.8,0.48369894446986295,False,True
2021-05-07,659.1071166992188,707.375,712.4749755859375,705.125,706.4749755859375,12048334,0.009886483935019008,0.0017347242704606192,-0.022422576193150467,-0.11445291586141593,708.682504272461,739.559501953125,664.1611254882813,-0.0018449789074491685,-0.04351847534664621,0.06506534762923466,0.019338137138077114,0.019168088816995575,23075667.5,0.5221228811690929,False,True
2021-05-10,661.483154296875,709.9249877929688,715.0,706.4000244140625,713.5,11060050,0.003604859929978721,0.0038177557357816916,-0.009038297599709866,-0.11549604386485746,708.3587524414063,738.2780017089843,664.8643753051758,0.002211076444194937,-0.0384042513123557,0.06777414185729214,0.019243574358698754,0.019161756326143094,22747990.4,0.48619899188985066,False,True
2021-05-11,653.8892211914062,701.7750244140625,712.0999755859375,697.5250244140625,698.0,14519034,-0.01148003453751223,0.010948300867562155,-0.012801091029980616,-0.12923034396057342,707.9037536621094,737.022001953125,665.5573754882812,-0.008657574163637216,-0.04782350790838974,0.05441701986881364,0.019338406213865785,0.019185069127114984,22066051.3,0.6579806147736093,False,True
2021-05-12,652.0023803710938,699.75,704.2999877929688,694.4249877929688,699.875,13774926,-0.0028855749258863694,-0.0022101637244378303,0.023737207865719423,-0.11522048364153625,708.7150024414062,734.9525024414063,666.2301254272461,-0.012649658057926394,-0.04789765641244659,0.05031275724924322,0.017173103610267203,0.019062085636698044,21627341.2,0.6369218422466096,False,True
2021-05-14,646.1090087890625,693.4249877929688,699.4500122070312,691.1749877929688,697.1749877929688,10604142,-0.00903895992430337,-0.010029301579890793,-0.009640447199173452,-0.11797627937817934,708.3775024414062,732.757001953125,666.899500427246,-0.021108116218970796,-0.05367674966642266,0.039774339834906636,0.01642166300549302,0.019077511051750574,21227514.2,0.4995470454095845,False,True
2021-05-17,670.9871215820312,720.125,721.2999877929688,690.6500244140625,697.5750122070312,15120692,0.03850454292397498,0.018024385933910647,0.007097422968561196,-0.08957296725279251,708.6312530517578,731.8155017089844,667.8013754272461,0.016219644418368206,-0.015974657111914037,0.07835207667740773,0.017994730205910976,0.019754769956041626,20261299.6,0.7462844091205284,False,True
2021-05-18,687.9685668945312,738.3499755859375,741.375,727.5,729.4749755859375,22165280,0.025308072329022657,0.040039424279651126,0.033633098335275946,-0.0865396675286696,709.8325012207031,730.9935009765625,668.7765002441406,0.04017493467288791,0.010063666228970813,0.10403098092770713,0.018821206760319672,0.019827514918777357,20589237.3,1.0765469199774582,False,True
2021-05-19,679.3496704101562,729.0999755859375,739.4249877929688,726.2750244140625,735.0999755859375,10130916,-0.012527934320928802,0.038936910293565274,0.032427022066084055,-0.1035564323695658,710.9774993896484,729.8935009765624,669.7605001831055,0.025489521415019034,-0.0010871796906853914,0.08859805167161872,0.018865495710625638,0.019854494360627715,19892321.0,0.5092877799428231,False,True
2021-05-20,667.5162963867188,716.4000244140625,732.9500122070312,714.25,729.1749877929688,10684184,-0.017418669040098034,0.023794247108342326,0.02975422142276929,-0.09687989358454141,712.0125,728.3530017089844,670.7158752441406,0.006162145206808134,-0.016410967301398904,0.06811252104819032,0.018992042965368404,0.019733301892434905,19267216.7,0.5545265912745976,False,True
2021-05-21,697.565673828125,748.6500244140625,750.9500122070312,721.5,721.5,19341646,0.04501674888464313,0.07964096707397839,0.05258351411467488,-0.036672455902562406,713.8825012207031,727.8055017089844,671.8771252441406,0.04870202468040419,0.028640237887914255,0.11426627918315391,0.020875856048316814,0.020466990639631737,18310033.4,1.056341382752475,False,True
2021-05-24,703.4591064453125,754.9749755859375,760.2249755859375,749.25,751.625,22146102,0.008448475209528405,0.04839434207385862,0.06774382145027791,-0.018939656212368594,716.2774993896485,727.6050012207031,673.1470001220703,0.05402581573379561,0.03761652863753784,0.12156033592815296,0.02080932269161387,0.02046095086757183,18281662.1,1.2113834004184991,False,True
2021-05-25,689.0166625976562,739.4749755859375,756.875,735.25,755.25,19236974,-0.020530481805665746,0.001523667687680419,0.05278324300003079,-0.044605974695171136,718.1312469482422,727.1995007324218,674.2402499389649,0.029721208662618848,0.01688047755966826,0.09675293881205982,0.02138950692306888,0.020613855037031805,17734963.2,1.0846920731135208,False,True
2021-05-26,688.1316528320312,738.5250244140625,743.5,735.0,740.0,12283990,-0.0012846292345759514,0.012926963576635142,0.026656077679722223,-0.034071199525305684,719.0899993896485,726.3450012207031,675.3639999389649,0.0270272497752857,0.016768922719767376,0.09352145580872784,0.02080185576035907,0.020557628799489285,17319517.4,0.7092570604767544,False,True
2021-05-27,690.7406005859375,741.3250122070312,744.5,731.2249755859375,736.5499877929688,20439496,0.0037913241940450426,0.034791997408647024,0.003961250942928762,-0.07706429115174285,719.2362487792968,725.6140014648438,676.4688751220704,0.030711415706902834,0.021652022577390406,0.09587453239922894,0.01997097004071567,0.019451042345353522,17136295.2,1.1927604981968332,False,True
2021-05-28,700.4308471679688,751.7249755859375,756.5,739.375,745.4500122070312,17750020,0.014028885047253414,0.004107327952445727,0.021018642561545064,-0.0640874450183968,720.0099975585938,725.1290014648438,677.6178750610352,0.04404796896554597,0.0366775760828304,0.10936414644939418,0.020181876539085968,0.01954919339696183,16819868.6,1.055300753062958,False,True
2021-05-31,706.207763671875,757.9249877929688,759.75,743.75,750.0,15661054,0.00824771347020703,0.00390743044793207,0.07332006172748806,-0.012089447688329313,722.598745727539,725.0010009765625,678.7808749389649,0.04888777108222353,0.04541233290996605,0.11659744075894962,0.017612223023614607,0.01871165900133663,15841276.2,0.98862325246245,False,True
2021-06-01,704.2744140625,755.8499755859375,763.5,753.625,760.1500244140625,11030162,-0.002737754052777097,0.02214408944268187,0.06875464198604431,-0.030277806468011592,725.029995727539,724.9965002441406,679.8934997558594,0.04250855832174483,0.042556723144742126,0.11171819683134654,0.017665494260852285,0.01859606231130044,15269099.3,0.7223845875440734,True,True
2021-06-02,700.6871337890625,752.0,755.0999755859375,746.5,755.0,10624016,-0.00509357109253461,0.01824579417146821,0.08330033957414362,-0.04093862592196873,727.9212463378906,725.0830004882813,680.9942498779296,0.033078789475163184,0.037122645950315114,0.1042677675102226,0.017033971800311107,0.018587280793646615,14725983.7,0.7214469482266235,True,True
2021-06-03,708.3973999023438,760.2750244140625,762.4749755859375,743.875,754.0,10287260,0.01100402182721072,0.025562353751716005,0.0840938794348074,-0.0417808411493541,730.8699981689454,725.3785009765625,682.1479998779297,0.040232909161390884,0.04810802000682335,0.11453090025934798,0.017048761632015987,0.018577568635215896,14519266.1,0.708524792448015,True,True
2021-06-04,699.26611328125,750.4749755859375,760.3250122070312,749.5999755859375,758.0,9424476,-0.012890136481436887,-0.0016628421837729945,0.07141832037561646,-0.03292425891473871,733.3712463378906,725.4130004882812,683.3142498779297,0.023322061416308326,0.03454856072442447,0.0982867336953761,0.01743873328108041,0.01843729414257731,14416637.7,0.6537221921030866,True,True
2021-06-07,698.753662109375,749.9249877929688,757.0,748.0,755.0,8091668,-0.0007328529409516005,-0.010555134253187104,0.06015195305597287,-0.019705898309844816,735.498745727539,725.72,684.4819998168946,0.019614230682554856,0.03335306701340568,0.09560950907924637,0.01739879709123024,0.01834800553083284,14218804.4,0.5690821655862992,True,True
2021-06-08,690.9268798828125,741.5250244140625,750.6500244140625,740.75,748.2750244140625,9872540,-0.011201071461330203,-0.01895210906207978,0.0445117965481574,-0.023988121863688705,737.0787475585937,725.5490002441406,685.5483749389648,0.006032295558915601,0.022019221533688293,0.08165236987117264,0.017687288979831208,0.01838335471366439,14159428.9,0.6972413979210701,True,True
2021-06-09,689.6456298828125,740.1500244140625,751.0,736.0250244140625,741.9500122070312,10223442,-0.001854286712827391,-0.015757946257895616,0.0546827667913099,-0.052607968749999956,738.9974975585938,725.5640002441406,686.5826251220703,0.0015595815402302815,0.020103015261250468,0.07802032462220865,0.017420785050228788,0.017998101975709623,13944649.3,0.7331444326821471,True,True
2021-06-10,689.9950561523438,740.5250244140625,744.5,736.8250122070312,741.0499877929688,11483540,0.0005066540398979136,-0.02597744153863424,0.05827084589362275,-0.04801539525751242,741.0362487792969,725.7410009765625,687.6377502441406,-0.0006898776761279368,0.020370935936658396,0.0769115339452271,0.01737890039927332,0.017992622275705236,13830080.0,0.8303306994608852,True,True
2021-06-11,692.4641723632812,743.1749877929688,748.2750244140625,740.5250244140625,745.5,7205974,0.0035784926795727756,-0.009727156841264795,0.07174532339589335,-0.042269388607798275,743.5237487792969,725.6915002441406,688.6395001220703,-0.000469065025697768,0.02409217628006699,0.0791930867474655,0.01714720817016468,0.017999307350547007,13660171.6,0.5275170920986088,True,True
2021-06-14,689.2496948242188,739.7249755859375,743.0,731.2750244140625,739.125,8881964,-0.004642260926026154,-0.013601376635081763,0.027217463059798552,-0.032185308904205234,744.5037475585938,724.9490002441406,689.5454998779297,-0.006418734611245425,0.020382089411559612,0.0727718123269474,0.015120114286456175,0.01790772840192903,13348235.2,0.6654036183000431,True,True
2021-06-15,694.2811889648438,745.125,748.0,737.4000244140625,743.0,7569602,0.00730004338407686,0.004854826833095904,0.009175898473736677,-0.014482706120742539,744.8424987792969,724.915,690.471875,0.000379276452627364,0.02787913065669767,0.07915329643224078,0.014128303705740522,0.017881853720232786,12618451.3,0.5998836006126995,True,True
2021-06-16,691.6489868164062,742.2999877929688,747.0,739.0499877929688,744.0,7702098,-0.0037913265653832795,0.0029047670174817686,0.018104529761399535,-0.007188952536537618,745.5024993896484,724.8934997558594,691.3872500610352,-0.00429577580129048,0.024012476374766445,0.07363852562719231,0.013834664834838292,0.017830269717005125,12497010.4,0.6163152428840101,True,True
2021-06-17,683.0300903320312,733.0499877929688,739.375,730.0,733.0,9283802,-0.012461269233618677,-0.010094239052904852,0.023241154119898466,-0.01670021758153084,746.3349975585937,725.0584997558594,692.2722500610352,-0.01780033069477216,0.011021852774362628,0.058904192286110435,0.01352856030797398,0.01789951910024072,12426991.3,0.7470675544771646,True,True
2021-06-18,689.4127197265625,739.9000244140625,745.0,727.5,734.75,11938060,0.009344569586199114,-0.0044067190536538625,-0.011687704153684142,-0.011819666892737946,745.8974975585937,725.4540002441406,693.1855001831054,-0.008040613038871491,0.01991308086392829,0.06739108682829831,0.009069106023720117,0.01793222056606735,12056812.0,0.9901506301997576,True,True
2021-06-21,693.5591430664062,744.3499755859375,745.9000244140625,729.5,730.6749877929688,7260472,0.006014260068985644,0.0062523237049505465,-0.014073314140980564,0.013306964185369363,745.3662475585937,725.8690002441406,694.1176251220703,-0.0013634531694787233,0.025460483001176426,0.0723686427859156,0.008957658044324865,0.017775302910637662,11312530.5,0.6418079491586786,True,True
2021-06-22,691.2763061523438,741.9000244140625,754.0,740.0,748.5,14366824,-0.003291396859315343,-0.00432810009855733,0.003279419734526501,-0.010898893657201758,745.4875,726.3790002441406,695.0088751220703,-0.004812254512567171,0.021367666417538622,0.06746841798783687,0.0076850269117176625,0.017571023877256352,11069023.0,1.2979306303727076,True,True
2021-06-23,692.0682983398438,742.75,748.9000244140625,739.2999877929688,745.0,7844868,0.0011456740234088159,0.0006062403535385119,0.00572082928305595,0.004530667399682775,745.6987487792969,727.0165002441406,695.8872500610352,-0.003954343203772304,0.02164118661760206,0.06734244654554966,0.007679665533455436,0.01747225240747702,10847066.9,0.7232248194209994,True,True
2021-06-24,701.7353515625,753.125,756.7249755859375,744.0,745.0,14785024,0.013968360821272396,0.027385597901000036,0.015917428386556853,0.029316311975803977,746.2887481689453,728.4084997558593,696.825625,0.00916033083418144,0.03393219636018108,0.08079406522973387,0.008239039655732451,0.017503767383998673,10564343.3,1.399521350276453,True,True
2021-06-25,705.8583984375,757.5499877929688,761.0,753.5,755.5499877929688,10383176,0.00587550246369295,0.02385452466079263,0.007748860815075309,0.01595918056632173,746.5799987792968,729.5559997558594,697.8151248168946,0.014693655109443648,0.03837126697125015,0.08560270600576114,0.007737632399016801,0.017349860046757332,10196001.1,1.0183576775016236,True,True
2021-06-28,702.7136840820312,754.1749877929688,761.5,752.5,760.0,9356786,-0.004455151546939651,0.013199452581827753,-0.00494771918118142,-0.029188374210691315,746.3924987792968,730.3384997558594,698.8097497558593,0.010426804967091696,0.032637589343951445,0.07922791297123744,0.007580561971695492,0.016483927483795867,9880787.7,0.9469676187861015,True,True
2021-06-29,702.8073120117188,751.0250244140625,754.0999755859375,746.0750122070312,753.5,10971692,-0.0041767009379671816,0.012299500875750491,-0.006383477313913644,0.005623823704858699,746.1512512207031,731.0725,699.78375,0.006531883697019847,0.027292128228133983,0.07322444171369002,0.00761247038653496,0.01570929726455056,9877864.2,1.1107352538821096,True,True
2021-06-30,700.865478515625,748.9500122070312,754.5,747.0499877929688,749.0,9679022,-0.0027629068800338885,0.008347374226901794,-0.004055834831075411,0.007499596041071088,745.9987518310547,731.9275,700.7872500610351,0.0039561197237028,0.023257101566796168,0.06872665297749259,0.0075527129984916536,0.015701440278592584,9830614.5,0.984579549935561,True,True
2021-07-01,695.6484375,743.375,751.0,741.5,751.0,16911442,-0.007443770767294078,-0.01294605809128635,-0.022228830188242954,0.02562777665545024,745.1537506103516,732.8809997558594,701.7777499389648,-0.0023870920717967703,0.014318832453885877,0.05927410788480114,0.007235272750283429,0.01538372207533251,10161823.6,1.6642133012425053,True,True
2021-07-02,692.67724609375,740.2000122070312,744.625,738.5,742.5,14827036,-0.004271044618084696,-0.02290274683586835,-0.013691280473254963,0.027877121620595302,744.6400024414063,733.46,702.7821249389649,-0.005962599672080349,0.00918933848748571,0.053242514202130664,0.006735381081328175,0.015369511479303885,10431951.6,1.4213098918135318,True,True
2021-07-05,699.7191162109375,747.7249755859375,752.25,742.2750244140625,744.9749755859375,7373882,0.010166121662804839,-0.008552408010648382,-0.0029336430214252918,0.03334024435319338,744.5300018310547,734.2729992675781,703.8758749389649,0.004291262604630086,0.018320129341236058,0.06229663809798125,0.007157498970003549,0.015409961159619952,10396062.3,0.7092956724585999,True,True
2021-07-06,718.0841064453125,767.3499755859375,770.0,748.0,748.5,17669032,0.026246281240801528,0.021736893766770793,0.03482681004903565,0.07111941573919767,745.8212493896484,735.5719982910156,705.0363748168945,0.028865798894718298,0.043201722426564615,0.0883835260063377,0.008813370082827955,0.015693333455420864,10785886.9,1.6381621802468558,True,True
2021-07-07,720.330078125,769.75,772.6749877929688,763.8499755859375,767.0,9629190,0.0031276790127345855,0.0277721976820251,0.03999185923066095,0.08282046773342722,747.3012481689453,736.5799987792968,706.1509997558594,0.030039762259275182,0.04503244898812686,0.09006430673627719,0.008776471356012323,0.01565055450375373,10756174.3,0.895224429377274,True,True
2021-07-08,711.4166259765625,760.2249755859375,768.8499755859375,756.7249755859375,762.5,8420922,-0.012374179167343291,0.02266685802715651,0.026602681236143955,0.11221235277760955,748.286245727539,737.0164978027344,707.2431246948242,0.015954763202670863,0.03148976698946959,0.07491320741219631,0.009345883161879879,0.014865188831236557,10603043.4,0.7941985788721755,True,True
2021-07-09,702.7838745117188,751.0,758.0,748.75,756.2750244140625,10695842,-0.012134533700142391,0.014590634443205186,0.010529165183921885,0.07258901430803388,748.6774963378906,737.3114978027344,708.3548745727539,0.0031021416744456687,0.01856542619782653,0.06020305211136945,0.009798600866641739,0.014675309499677843,10777536.8,0.992419900621448,True,True
2021-07-12,695.765380859375,743.5,751.0,742.0,751.0,14458978,-0.00998668442077233,-0.00565044063511011,0.005103281001256343,0.039787445203437244,748.8662475585937,738.0584973144531,709.4491244506836,-0.007165829113127242,0.007372725475482955,0.047996219003979324,0.010018609530514248,0.01450787565522892,11056387.5,1.3077488465378044,True,True
2021-07-13,702.713623046875,750.9249877929688,753.0499877929688,742.0499877929688,748.0499877929688,18178142,0.009986533682540433,-0.021404819594119218,0.00778391248846666,0.051237146901597974,749.1562469482421,738.9324975585937,710.6152493286132,0.0023609772352986003,0.016229480059407164,0.05672512446424416,0.010134711193217424,0.014554596386752956,11586814.5,1.5688645054255421,True,True
2021-07-14,701.4503784179688,749.5750122070312,753.6749877929688,745.5499877929688,748.75,9788494,-0.001797750251866237,-0.026209792520907715,0.009800652746462912,0.06142027648009174,749.5199981689453,740.040498046875,711.7449993896485,7.339902633729523e-05,0.01288377350336889,0.053151076368395556,0.010100689089813859,0.014469562607080258,11691134.3,0.8372578527303377,True,True
2021-07-15,711.5335693359375,760.3499755859375,763.375,749.8250122070312,752.5,10438802,0.014374763303782956,0.00016442501103530738,0.03724164551883047,0.09292793193119464,750.8849975585938,741.2214978027343,712.970749206543,0.012605096730015752,0.02580669589307294,0.06645325412314929,0.010065651078072484,0.014415105930006052,11748884.3,0.8884930461014072,True,True
2021-07-16,712.3056030273438,761.1749877929688,764.9749755859375,759.4000244140625,763.9749755859375,5170628,0.0010850427218012104,0.01354858560981187,0.028753835216797308,0.07019330445408611,751.9487457275391,742.4359973144532,714.1666241455079,0.01226977519126371,0.025239873263551926,0.06582268347209008,0.009911433640571397,0.01415491052617797,11410512.7,0.45314598352797947,True,True
2021-07-19,688.279052734375,735.5,744.4249877929688,733.0,743.5,25111600,-0.03373072973326874,-0.01075991930060527,-0.011889535670329021,0.040200809393962755,751.5062469482422,742.9984973144532,715.2086242675781,-0.02129888741875563,-0.010092210605480711,0.028371268248060577,0.01257721149717037,0.014832507449999328,12303069.1,2.041084203940625,True,True
2021-07-20,675.248046875,721.5750122070312,727.0,718.0750122070312,721.0,24174250,-0.018932682247408184,-0.03908509646509373,-0.02739589100712525,0.027299241353193837,750.4899963378906,743.2314978027343,716.160124206543,-0.038528140644050746,-0.029138277454235473,0.007561001817139257,0.013227913067375438,0.015020462708520347,12793440.4,1.8895816327873773,True,True
2021-07-22,677.8448486328125,724.3499755859375,734.25,722.5,728.0499877929688,13207114,0.003845703262947975,-0.033652451336153466,-0.024772836639599505,0.006950719635358649,749.5699951171875,743.6829968261719,717.0853741455078,-0.03364598329113633,-0.02599632010243913,0.010130734362120197,0.013267952641400767,0.014705901457600349,13061552.7,1.0111442569917435,True,True
2021-07-23,675.0609130859375,721.375,728.7249755859375,717.6500244140625,725.75,13126684,-0.004107096964462542,-0.05125925802246889,-0.042157676348547723,-0.023056641185206117,747.9824951171875,744.1154968261719,717.9248742675782,-0.03557235000936598,-0.030560439774692916,0.0048056918712304775,0.012789533244204574,0.01430482803677875,12978635.7,1.0114070772477264,True,True
2021-07-26,671.2241821289062,717.2750244140625,722.0,714.0499877929688,715.0,13167166,-0.005683556521833277,-0.05767394368303458,-0.053164760118659005,-0.02577246259550081,745.9687469482421,744.5924975585938,718.7253744506836,-0.03846504649365756,-0.036687816804629514,-0.0020179474499972816,0.012672060873132258,0.01431791353712206,13117835.2,1.0037605900095468,True,True
2021-07-27,673.6571655273438,719.875,724.9500122070312,718.0499877929688,718.0499877929688,22401430,0.003624795925470048,-0.02124405166553367,-0.04548014499041508,0.01943634512698056,744.2537475585938,744.5874975585938,719.4644995117187,-0.03275596211448628,-0.03318951451592034,0.0005705639243629435,0.012740138705320835,0.013298180881087045,13770067.4,1.6268206501298605,False,True
2021-07-28,663.1529541015625,708.6500244140625,719.3499755859375,702.0,717.5250244140625,20670342,-0.015592950978902564,-0.017912188718170796,-0.056422886884575196,0.0020149865704959247,742.1349975585938,743.9934985351563,720.1021246337891,-0.045119787174418446,-0.04750508464211223,-0.01590343900950253,0.013082290743277202,0.013456480986520903,14254999.9,1.45004153946013,False,True
2021-07-29,663.597412109375,709.125,714.9749755859375,706.6500244140625,714.125,13702230,0.0006702541022702846,-0.021018811484906585,-0.053174459654087625,0.02153637406983311,740.1437469482422,743.5939990234375,720.6682495117187,-0.041909084655701756,-0.046354595476436944,-0.01601742482694324,0.013105555619670566,0.01323371056839492,14456160.3,0.9478471264599908,False,True
2021-07-30,667.4341430664062,713.2249755859375,715.875,703.9749755859375,709.5,11655488,0.005781738883747556,-0.011297902497400814,-0.04055829751345219,0.017004118067216023,738.6362457275391,743.530498046875,721.1504992675781,-0.03440295583731079,-0.04075895009087693,-0.010990110510482931,0.013184179053094476,0.013189896998193663,14193362.6,0.8211928581321526,False,True
2021-08-02,665.6561279296875,711.3250122070312,717.5,708.125,717.5,13258786,-0.0026639047200294197,-0.008295300971746244,-0.039009726457453486,0.015525733186489976,737.192495727539,742.7839978027343,721.6729992675781,-0.03508918453514509,-0.04235280470333702,-0.014338886269888107,0.013174407215816007,0.013194172233317826,14114950.1,0.9393434554189463,False,True
2021-08-03,671.2943115234375,717.3499755859375,719.9500122070312,705.0,705.0,12033120,0.008470056971865203,-0.0035075873089945864,-0.040623225105189675,0.01410139683468814,735.6737457275391,742.0314978027344,722.2636242675782,-0.024907467811672968,-0.033262095059148566,-0.00680312356395274,0.013097854230114558,0.013178062661177251,14347912.0,0.8386669781637913,False,True
2021-08-04,685.6119995117188,732.6500244140625,737.25,720.0,720.5,22053948,0.021328569525116192,0.03386721113831048,-0.045220502086259384,0.032010475771168334,733.9387481689453,741.8949987792969,722.8981243896484,-0.0017559009632587275,-0.012461297596622067,0.013490005984795994,0.012575634656253923,0.013448846711023435,14567157.8,1.5139499621539074,False,True
2021-08-05,694.759521484375,742.4249877929688,753.5250244140625,728.7000122070312,733.5499877929688,18822408,0.013341927322972236,0.046959263589591016,-0.035498554344957745,0.057924494267726834,732.5724975585938,741.972998046875,723.6871243286133,0.01344916751203451,0.0006091727694721438,0.025892216172477944,0.013004978947379581,0.013452303367956624,15026818.7,1.2525876817825718,False,True
2021-08-06,698.4089965820312,746.3250122070312,750.0,737.0,741.7750244140625,13339270,0.005253088834814346,0.046408970176487374,-0.01828401305573124,0.06655950297539293,731.8774993896484,742.072998046875,724.4203744506835,0.019740342925464116,0.005729913595222458,0.030237467814123287,0.012841551342151451,0.013453212394018874,15272736.1,0.8734040785265713,False,True
2021-08-09,703.6729125976562,751.9500122070312,753.6749877929688,738.0,746.0,10998048,0.007536930838436984,0.05711172713293555,0.0012649962810002968,0.08439993574551696,731.925,742.0774987792969,725.1712493896484,0.027359377268205476,0.013303884626571394,0.036927502076125496,0.012683586875800623,0.013410289859734933,15287846.4,0.7193981226812953,False,True
2021-08-10,705.427490234375,753.8250122070312,759.875,744.5,744.5,14838346,0.002493516815694541,0.0508469197218564,0.013887037265677638,0.046797447952829474,732.4412506103515,741.9954992675781,725.8804995727539,0.029195190165573592,0.015942836514682313,0.03849740095060428,0.01246424491279887,0.012498118319679802,15306814.8,0.969394756118693,False,True
2021-08-11,699.4852294921875,747.4749755859375,759.4249877929688,745.5250244140625,757.4500122070312,12585786,-0.008423754211209111,0.020234696891918258,-0.004594349985836965,0.01235863791118641,732.26875,741.8279992675781,726.501124572754,0.02076590812585888,0.007612244784417355,0.028869674531499134,0.01242707403928302,0.012132093935540255,15027197.0,0.8375338394778481,False,True
2021-08-12,702.5031127929688,750.7000122070312,753.7999877929688,744.6500244140625,748.5,8597674,0.004314574703408125,0.011145940061449089,0.0015008504574980375,0.02962561698583932,732.325,741.8019995117188,727.1713745117188,0.025091335413964133,0.011995131721361574,0.032356386018510985,0.012459698342495853,0.012025177452138687,14967656.0,0.5744168626002628,False,True
2021-08-13,714.1069946289062,763.0999755859375,765.5,750.5,750.5999755859375,16658428,0.01651786755997353,0.02247675356517842,0.003616755557703355,0.06518697596370204,732.4625,741.8584985351563,727.8973742675781,0.04182804660434836,0.028632787914034452,0.04836203915940862,0.01259693794082158,0.011963279399400149,15278637.3,1.0903084923679678,False,True
2021-08-16,716.165771484375,765.2999877929688,767.5,760.7249755859375,763.0750122070312,6252778,0.002882993418184876,0.01775380726007869,0.005419253215296127,0.022239982416266457,732.66875,742.1549987792969,728.6966241455078,0.0445375045584635,0.031186192980901417,0.050231279293194486,0.012609571399725749,0.010488850320335594,15332744.8,0.4078055222050001,False,True
2021-08-17,708.7028198242188,757.3250122070312,762.0,752.6500244140625,758.5999755859375,8282666,-0.010420718297587284,0.004642987355583772,0.029673707963332685,0.0031127344575492266,733.7600006103515,742.3029992675781,729.4004992675781,0.03211542135995149,0.02023703656630138,0.03828419773155267,0.010126926828205917,0.01052688848209182,14491298.1,0.5715613565357544,False,True
2021-08-18,707.9307861328125,756.5,782.6749877929688,754.1749877929688,778.3499755859375,22985932,-0.0010893766794086712,0.0120740154638459,0.048401049374126925,0.02302312448176136,735.50625,742.6024987792969,730.1589993286133,0.02854326526797024,0.01871458989640895,0.036075705011658465,0.00894840757484064,0.010174208577157687,14431882.2,1.592718931699706,False,True
2021-08-20,708.7496337890625,757.375,759.9000244140625,743.0250244140625,743.0250244140625,13150406,0.0011566424322537738,0.008891684673541622,0.04559263550378123,0.025523814309329484,737.1575012207031,742.9469982910156,730.9778744506835,0.027426294578590804,0.019419960969184746,0.036112071886106545,0.008945807550854674,0.010172114848298719,14429046.8,0.9113842502749384,False,True
2021-08-23,713.3583984375,762.2999877929688,766.5750122070312,754.3250122070312,764.9249877929688,10843054,0.00650270710410128,-0.001048339429384093,0.056731918617873855,0.028293899761309804,739.2037506103516,743.3824975585937,731.8304992675781,0.031244751076475064,0.025447855305315237,0.04163462517056171,0.008861955771890558,0.010193115882616767,14314865.3,0.757468112536134,False,True
2021-08-24,729.3839111328125,779.4249877929688,782.25,763.7249755859375,765.0,18381314,0.022464909188285143,0.018456814615579464,0.086647326706623,0.03684859903110205,742.3112487792969,744.1074975585938,732.689499206543,0.04999754358391306,0.04746288721757441,0.06378621317357136,0.009644382353627573,0.010437905417365893,14575572.7,1.261104066257376,False,True
2021-08-25,728.7054443359375,778.7000122070312,782.4000244140625,774.0,776.0499877929688,7727974,-0.0009301415752532849,0.028224341802349784,0.0817155925779216,0.027410396475458843,745.2524993896484,744.8869982910156,733.4631243896484,0.044880779124895076,0.045393481150284964,0.061675749350080356,0.009712407943134719,0.010391927150090996,13841899.9,0.5583029826707532,True,True
2021-08-26,727.489013671875,777.4000244140625,785.5,771.7249755859375,775.0,11119002,-0.001669433379465679,0.027627262939937225,0.09701544857328548,0.028511013460600143,748.6899993896484,745.5324987792969,734.2066244506836,0.038347012846197126,0.042744649880379626,0.0588300330246887,0.008679728412230473,0.01038719288198701,13364332.9,0.8319907984333434,True,True
2021-08-27,724.517822265625,774.2249755859375,779.3250122070312,772.625,776.0,6382138,-0.004084189257027693,0.022247863457253603,0.09180324426009157,0.02955448881108702,751.9449981689453,746.1709985351563,734.9047494506835,0.029629796688914745,0.037597249297889324,0.053503840007353975,0.008858477837759232,0.010378758167960364,12998328.3,0.4909968307232246,True,True
2021-08-30,733.7822265625,784.125,785.0,775.7999877929688,777.7999877929688,9049166,0.012787012465685477,0.028630476920535664,0.09940765794946516,0.03137019475855918,755.4899993896485,747.1924987792969,735.5562493896484,0.03790255414828181,0.04942836187600985,0.06602996120371896,0.009050803507681142,0.010411730923859764,12868012.2,0.7032295166770203,True,True
2021-08-31,739.9349975585938,790.7000122070312,791.6749877929688,781.0999755859375,781.75,12062576,0.008385158242667057,0.014465823640051667,0.11158752839819708,0.05359943759575447,759.4587493896485,748.2084985351562,736.1583743286133,0.041136220818432045,0.05679100645751145,0.07408954347379493,0.008908063053431772,0.010307373137104227,12808201.7,0.9417852937153544,True,True
2021-09-01,738.85888671875,789.5499877929688,799.0,787.25,787.5,12422558,-0.0014544383411004835,0.013933447304291136,0.10064823958216174,0.05283861805514234,763.06875,749.1124987792969,736.621999206543,0.034703606710363655,0.05398052906548223,0.07185230504035633,0.009000522554449945,0.0103097584419931,12827673.6,0.9684186226877491,True,True
2021-09-02,743.4910888671875,794.5,796.0,785.625,787.0499877929688,9618524,0.0062694095162587615,0.021996366155025537,0.08441953664766766,0.07144057697553396,766.1612487792969,750.1644982910157,737.1196243286133,0.03698797252648123,0.05910103958530044,0.07784404834378145,0.008137474765568692,0.010208092931136864,12205902.4,0.7880223587565307,True,True
2021-09-03,737.4317626953125,788.0250244140625,799.0,784.1500244140625,793.0499877929688,10735334,-0.008149749006843954,0.017824339517956034,0.06142039582564496,0.06468283242698014,768.4412506103515,751.0699987792968,737.6304995727539,0.025485063156299947,0.049203171069045704,0.06831947007410588,0.008269616716661725,0.01027219269709365,11801548.7,0.9096546794743982,True,True
2021-09-06,732.5890502929688,782.8499755859375,790.4749755859375,780.9749755859375,789.9749755859375,7876896,-0.0065671122969387374,-0.0016260473955842514,0.04893975517569049,0.05715532868772999,770.2674987792968,751.6644982910157,738.1477493286133,0.01633520410322542,0.0414885595446175,0.06055999804643908,0.008519999592268405,0.010319568553184177,11528430.0,0.6832583448049735,True,True
2021-09-07,734.2501220703125,784.625,791.0,777.5999755859375,781.25,7245496,0.0022673877108241314,-0.00768308095768766,0.04345367014100465,0.05577422933746301,771.9012481689454,752.2059985351563,738.6466244506836,0.016483652359984058,0.04309856811561774,0.06224678219237734,0.008434684307318327,0.010315358537570303,11340802.4,0.6388874212286778,True,True
2021-09-08,737.5956420898438,788.2000122070312,790.25,782.7999877929688,785.9749755859375,6724080,0.004556332269595398,-0.0017098038209222288,0.04560076867091167,0.06553116120311686,773.6199981689454,752.8864990234375,739.066499633789,0.018846480277907585,0.04690416580639778,0.06648050290141438,0.008451538366980814,0.010299068081548717,10935089.1,0.6149085698807887,True,True
2021-09-09,733.9458618164062,784.2999877929688,789.7249755859375,780.5,787.0,8250948,-0.004948013643316318,-0.012838278422946825,0.04926587967465346,0.05257505491423409,775.4612487792969,753.5519982910156,739.4662496948242,0.011398040879006643,0.040804071347016135,0.06062986392772807,0.008253579719935922,0.010295692957439356,10718347.2,0.7697966716360897,True,True
2021-09-13,727.8399047851562,777.7750244140625,792.0,776.8250122070312,781.0,8959164,-0.008319474028384954,-0.013007201145193825,0.03606635375884926,0.047790700800857344,776.8149993896484,754.1284985351563,739.9192498779297,0.0012358476923957085,0.031356096374607345,0.05116203496851601,0.008579568586255545,0.01034717997616638,10736421.7,0.8344646149657107,True,True
2021-09-14,724.5646362304688,774.2750244140625,782.25,773.2999877929688,780.0,9758506,-0.004500015930232193,-0.010953505063926117,0.014644278843731318,0.056237688162593225,777.3737518310547,754.7464990234375,740.2814999389649,-0.00398614876009562,0.025874284168118544,0.04591972712799164,0.007946828415975065,0.010224150417871348,10391425.6,0.9390921299576066,True,True
2021-09-15,723.745849609375,773.4000244140625,777.4000244140625,767.5,767.5,14822998,-0.0011300894028735131,-0.014306166112394436,0.01058413269344638,0.045276387207216384,777.7787536621094,755.4104992675781,740.6620001220704,-0.005629787683746779,0.02381423764155577,0.04420103135653841,0.007940984719928955,0.010167894977018569,10819936.6,1.3699708739513317,True,True
2021-09-16,729.8985595703125,779.9749755859375,782.1500244140625,768.1500244140625,768.875,10260550,0.008501358888443722,-0.010435215038963164,0.029907850676816672,0.04786055104248077,778.9112518310546,756.0554992675782,740.9663751220703,0.0013656546267399872,0.03163719639832152,0.05264557444653373,0.007687483951956048,0.010194591786836602,10918830.8,0.9397114203839481,True,True
2021-09-17,740.2859497070312,791.0750122070312,794.5,779.5999755859375,784.5,20498102,0.014231272756866531,0.008638307432756065,0.04570391567353771,0.06628249922461737,780.6400024414063,756.53,741.4147500610352,0.01336724960672031,0.04566244855726964,0.06698040758146218,0.008164171425702735,0.010324663072184924,10794439.3,1.8989501381512237,True,True
2021-09-20,729.851806640625,779.9249877929688,790.8499755859375,779.0,782.0,8781610,-0.014094775137638238,0.002764248415569659,0.029773873963319097,0.05005047161624865,781.7675018310547,756.7334997558594,741.7477499389648,-0.0023568567812941588,0.03064683675903268,0.05146930052318366,0.008948124632183078,0.010509898653315605,10575999.5,0.8303338138395335,True,True
2021-09-21,726.1553955078125,775.9749755859375,784.3250122070312,764.4749755859375,781.0,14774996,-0.005064605274680334,0.0021955392054153755,0.01793911584934027,0.030340216545643228,782.4512512207032,757.0484997558593,742.0254998779296,-0.008276906228550374,0.02500034784585381,0.04575243804100104,0.008981921055569378,0.010394411882595255,10772596.6,1.3715352526984999,True,True
2021-09-22,717.6162719726562,766.8499755859375,775.0750122070312,765.0,774.5,10582202,-0.011759399835168272,-0.008469160358622219,-0.016133704210123945,0.012276401482182342,781.8225006103515,757.3654992675781,742.2764996337891,-0.019150798311285855,0.012522984381426738,0.03310555563091655,0.00785177897518566,0.010490198974812822,10382641.0,1.0192206395270722,True,True
2021-09-23,734.6010131835938,785.0,786.0,771.0,771.0,13664304,0.02366828583412861,0.0064425456858889785,0.008090391285744403,0.04087249339472021,782.1375,758.1954992675782,742.6841247558593,0.0036598424190119605,0.03535302010934527,0.05697694865640357,0.009566886547353768,0.010896496313764936,10679457.5,1.2794942065175128,True,True
2021-09-24,749.3632202148438,800.7750244140625,803.9749755859375,787.5,789.5,20806702,0.020095572501990455,0.012261810899536707,0.030068175026902066,0.06624279935121224,783.30625,759.1925,743.245,0.022301334138547402,0.05477204320914986,0.07740384989345706,0.010505425164876911,0.011158789834284909,11163842.5,1.8637581101668175,True,True
2021-09-27,760.3822631835938,812.5499877929688,817.75,804.0,807.8499755859375,16415462,0.014704458830396394,0.04183094593791914,0.049501131344964255,0.08491885245921682,785.2225006103515,760.4519995117188,743.84375,0.03480222123204024,0.06850923965575961,0.09236649201256153,0.010812134549952026,0.011282651523841771,11665508.7,1.4071792685731743,True,True
2021-09-28,755.6798706054688,807.5250244140625,816.0,791.0,816.0,12773790,-0.006184189839882892,0.040658590574137454,0.02984221191017067,0.08629564407474355,786.3925018310547,761.3955004882813,744.4507501220703,0.026872741708246606,0.06058549583783779,0.08472591945356989,0.010691242887392085,0.011267037049464104,11851739.9,1.0777987120692718,True,True
2021-09-29,745.7603759765625,796.9249877929688,803.2999877929688,792.5750122070312,798.5,16263036,-0.013126573543383535,0.03921889960816838,0.007872739964379205,0.07663465907924327,786.7037506103516,762.1105004882812,744.9946249389649,0.012992485639844897,0.04568167907722298,0.0697056879548068,0.011041156936374013,0.01140036782334998,12061762.9,1.3483133547584492,True,True
2021-09-30,746.2750244140625,797.4749755859375,803.1749877929688,791.5499877929688,793.0,15975348,0.000690137467632912,0.015891688644506408,0.010037347749344505,0.06653515881426131,787.1,763.35,745.4639999389649,0.013181267419562381,0.04470423211624741,0.0697699361085593,0.011032100382919924,0.01134087644902746,12239402.4,1.3052392165813584,True,True
2021-10-01,740.5433349609375,791.3499755859375,794.5,782.625,791.5,11128596,-0.00768049178659147,-0.011769908577033195,-0.003964788438090006,0.03127647196661987,786.9424987792969,764.7454992675781,745.9561248779297,0.005600760936761651,0.034788666744478114,0.060853244841224674,0.011092748943465987,0.010905159302983905,12314906.0,0.9036687734360295,True,True
2021-10-04,741.9703979492188,792.875,800.6749877929688,791.7999877929688,794.5,7051028,0.0019271175347332914,-0.024213879870221278,0.006154595902006621,0.030042221500487187,787.1849975585938,766.1159997558593,746.4634997558594,0.007228291264510078,0.03492813131780048,0.062175177030518114,0.010937578859906955,0.010901491217104448,12130690.7,0.5812552783989456,True,True
2021-10-05,746.5089111328125,797.7249755859375,798.75,788.125,796.0,10257178,0.006116948555494162,-0.01213590728688052,0.01900108636890052,0.04932750331057867,787.9287475585937,767.6429992675781,747.021749572754,0.012432885660914827,0.03918745607927265,0.06787382836200195,0.010882168131266677,0.01079068552328976,12249704.8,0.8373408312663991,True,True
2021-10-06,755.6096801757812,807.4500122070312,813.4249877929688,793.5,798.0,18600830,0.012190964202857701,0.013207045299471476,0.029090345333160794,0.07516646099471536,789.0699981689453,769.4464990234375,747.5807495117188,0.02329326179012914,0.04939071557519181,0.08008400796090065,0.011165656943520676,0.010751081968946764,12817471.5,1.4512090001526432,True,True
2021-10-07,753.5508422851562,805.25,813.8499755859375,803.5,813.2999877929688,11265724,-0.0027246419886945983,0.009749552841266107,0.021631549770250835,0.08305312710154666,789.9224975585937,771.1539990234374,748.0802496337891,0.01940380542240394,0.044214256840709565,0.07642194857329465,0.011179235133850527,0.010662773953097336,13044553.7,0.8636342997307758,True,True
2021-10-08,749.8778686523438,801.3250122070312,811.0,800.0750122070312,806.0,7245562,-0.004874247492044348,0.012605088682422716,0.02170728634329211,0.06711725569579507,790.7737487792969,773.0074987792968,748.4823745727539,0.013342961174447332,0.036632909088789356,0.07059970872986931,0.011177136383095596,0.010632176850450356,12994284.4,0.5575960766258125,True,True
2021-10-11,764.4530029296875,816.9000244140625,822.5,799.5,799.9500122070312,13080848,0.019436573137950663,0.030301150135976673,0.050303749505809625,0.0898175781084285,792.7299987792969,775.1629992675781,749.0384997558593,0.030489606388031554,0.053842901668320176,0.09059817977356555,0.011654612063521213,0.010883212311503668,13200368.6,0.9909456619264405,True,True
2021-10-12,762.48779296875,814.7999877929688,820.7750244140625,812.5,812.5,8176946,-0.002570738839921094,0.021404635343765577,0.052339236190104055,0.07161177609701541,794.7562469482422,777.1944995117187,749.680874633789,0.02521998527434266,0.04838619972848002,0.0868624442246706,0.011601302088613695,0.010762454890049592,13121290.6,0.6231815336823651,True,True
2021-10-13,767.0731811523438,819.7000122070312,824.0,815.0,818.5,6225644,0.00601377575782136,0.015171217802717685,0.05986551116034189,0.07688773981362185,797.0712463378907,779.3619995117188,750.3466247558594,0.028389891083272056,0.051757736097711726,0.09242846594230691,0.011589810445857775,0.010780276877492027,12691422.9,0.4905394808016365,True,True
2021-10-14,789.5323486328125,843.7000122070312,845.0,819.0,819.0,14757288,0.02927900407782147,0.04774916138718566,0.08170138609026756,0.14711082557040278,800.2574981689453,781.8890002441407,751.1259997558594,0.0542856694719962,0.07905343590150316,0.12324698183961336,0.012961342367696072,0.010371974259256254,12916259.8,1.1425357052666283,True,True
2021-10-18,781.53125,835.1500244140625,862.5,833.5250244140625,852.5,28856456,-0.010133919247675371,0.04221135206284088,0.055715338655516033,0.1573987600535769,802.4612487792969,783.9390002441406,751.8089999389648,0.04073564385132844,0.06532526657555415,0.11085398616119746,0.01309480777108734,0.01012533939321606,13334177.5,2.164097185596937,True,True
2021-10-19,790.1405639648438,844.3499755859375,846.2249755859375,835.5,837.7249755859375,8987540,0.011015926364044137,0.033602583365772265,0.08260408218908144,0.1656657748941459,805.6824981689454,785.9775,752.4986248779297,0.04799344345306089,0.07426736208852991,0.12206181868160604,0.012583979666141547,0.010183763818106942,13344474.0,0.6735027547732492,True,True
2021-10-20,783.1923217773438,836.9249877929688,849.375,832.2249755859375,844.5499877929688,10908568,-0.008793732465991022,0.027153903205042296,0.07854636312338292,0.1601801944799428,808.7299987792969,787.7894995117188,753.1152499389649,0.0348632906609494,0.062371341978669115,0.1112840801733812,0.012752650699458011,0.01025388090608287,13151152.6,0.8294761935923396,True,True
2021-10-21,784.338623046875,838.1500244140625,840.9749755859375,830.4249877929688,835.9000244140625,9738190,0.0014637352677500104,0.022508249276896874,0.09297783282009742,0.16851973913178142,812.2950012207032,789.5134997558594,753.7247500610351,0.031829597811761534,0.06160315773351943,0.11201074974145508,0.01223215275848641,0.010198201158187458,13108952.0,0.7428656386872116,True,True
2021-10-22,786.4207153320312,840.375,854.0,835.375,840.0499877929688,12175554,0.002654626881974931,-0.00394098869138737,0.07054140127388542,0.1673901719048445,815.0637512207031,791.2444995117188,754.3358749389648,0.03105431782653656,0.06209269134711182,0.11405943680989172,0.011373721362817297,0.010197398221928366,13034514.5,0.9341010744972511,True,True
2021-10-25,775.3081665039062,828.5,845.0,806.9000244140625,845.0,16426766,-0.014130596459913769,-0.007962670442030029,0.03462267770679306,0.16912435117042968,816.45,792.865,754.9157498168945,0.014759017698573018,0.04494459964811148,0.097473460052931,0.011316062930403324,0.010154755233757013,12815517.7,1.2817871571430939,True,True
2021-10-26,773.3195190429688,826.375,836.9249877929688,823.1749877929688,825.0,12090656,-0.0025648762824381777,-0.021288536869399133,0.0170143528579485,0.16534461484223506,817.1412506103516,794.3784997558594,755.5076248168946,0.011300065175698037,0.04027865841532008,0.09380100591344909,0.010928895540565156,0.010174059167806115,12599277.4,0.9596309070867826,True,True
2021-10-27,768.6640625,821.4000244140625,832.5250244140625,818.6500244140625,826.375,13249642,-0.006020239704658925,-0.018550005801411973,0.01718213006472169,0.15167030394477665,817.8350006103516,795.5445007324219,756.0478750610351,0.004359099086062912,0.032500411551882546,0.08643916808542262,0.010923362086487663,0.010225539861900987,12623070.0,1.0496370534267814,True,True
2021-10-28,745.6433715820312,796.7999877929688,825.0,793.5750122070312,825.0,17797750,-0.029948911480300877,-0.04933488685393872,-0.00015685290574984911,0.12016303956574492,817.8287506103516,796.1745007324218,756.4804998779297,-0.02571291704001466,0.0007856155402761189,0.053298780234976695,0.012582615088864251,0.011029962614180095,12699805.7,1.4014190784036957,True,True
2021-10-29,740.613525390625,791.4249877929688,801.0,780.0,795.0,12406874,-0.006745733035071977,-0.05824782056466604,-0.007586429641285752,0.10326202652551308,817.5262512207031,796.8565002441406,756.8969998168945,-0.03192712575132706,-0.006816173865065833,0.045617815877757595,0.012672778614869023,0.011052472499259511,12521382.0,0.9908550030659555,True,True
2021-11-01,751.1177978515625,802.6500244140625,805.5,791.7750244140625,792.5,8122320,0.014183323491461675,-0.03120093613269459,0.014279458111764232,0.09554357151080772,818.0912536621094,797.7795007324219,757.3311248779297,-0.018874702765645845,0.0061051000648288944,0.059840270718356514,0.012943147557415251,0.010874445455684733,12371068.2,0.6565576932152067,True,True
2021-11-02,751.7962646484375,803.375,811.0,800.0250244140625,803.0,13237722,0.0009032275137184076,-0.027832400544546942,0.013242944978716586,0.08209585238802286,818.6162536621093,798.6995007324218,757.719375,-0.018618313029978406,0.005853890309547749,0.06025400234750489,0.01294043244697584,0.010764423834248428,12680402.9,1.0439512138845368,True,True
2021-11-03,739.9583740234375,790.7249755859375,804.9500122070312,787.7750244140625,802.5499877929688,10207338,-0.01574610165123702,-0.03734483554466261,-0.008774954043351157,0.05949145834950209,818.2662536621094,799.2680004882812,757.9704998779297,-0.03365808861469277,-0.010688561154862608,0.04321339117192946,0.013378130383390618,0.010975428635973825,12677910.9,0.805127759653209,True,True
2021-11-04,745.80712890625,796.9749755859375,798.9249877929688,795.0499877929688,797.5,1096808,0.00790413885101926,0.00021961319735130935,-0.012972984658780273,0.059877601766046284,817.7425018310547,799.6190002441406,758.2787496948242,-0.02539616835203673,-0.003306605592658274,0.051031663364807356,0.013199683006725738,0.01097922440779932,11802709.8,0.09292849003200943,True,True
2021-11-08,748.7549438476562,800.125,802.3499755859375,785.2249755859375,796.0499877929688,18943580,0.003952475937837985,0.010992844983695571,-0.006364483079788874,0.06142007368183866,817.4862518310547,800.0475,758.6074996948242,-0.021237362453702335,9.686924838825384e-05,0.0547285655913996,0.0132267307367189,0.0109841378111383,12186602.6,1.5544594848772701,True,True
2021-11-09,735.65380859375,786.125,797.2999877929688,784.5250244140625,797.2999877929688,12695476,-0.017497266052179383,-0.02058808186809169,-0.01896859822853525,0.051707449314627674,816.7262512207031,800.2219995117188,758.8714996337891,-0.03746818615780456,-0.01761636086026186,0.03591319528979908,0.013750501923497195,0.011177580004468099,12459098.3,1.0189722959325234,True,True
2021-11-10,727.6995239257812,777.625,784.5,775.0,784.0,13714126,-0.010812529813960858,-0.032052279446086795,-0.048078128584012836,0.03586650773297606,814.7625,800.29,759.0518746948242,-0.04558076740154349,-0.028320983643429165,0.02446884847316011,0.013045188210338912,0.011269523285699445,12490762.2,1.0979414851080906,True,True
2021-11-11,724.4476318359375,774.1500244140625,777.4500122070312,767.7999877929688,775.0250244140625,7999404,-0.004468703534399654,-0.02096171448181805,-0.04988949924878361,0.014480473308415842,812.7300018310547,800.0905004882812,759.1629998779297,-0.047469611470073336,-0.03242192734245408,0.01974151076717745,0.013053551688220802,0.01109297332452032,12481885.1,0.6408810797337015,True,True
2021-11-12,726.646728515625,776.5,779.5250244140625,772.5250244140625,775.0,14914092,0.003035555786123245,-0.025690863845360123,-0.052702222232150264,0.014634799929019504,810.5700012207031,799.8065002441406,759.3154998779297,-0.04203215165796215,-0.02914017357576648,0.02263156767487673,0.012968331293209071,0.011093592893395248,12916307.5,1.1546714879620201,True,True
2021-11-15,728.6353149414062,778.625,785.9249877929688,777.2000122070312,781.0499877929688,9533594,0.00273663876368313,-0.026870801437275382,-0.0771305099745131,0.028125292905479604,807.3162506103515,799.5880004882813,759.5216247558594,-0.035539047540118496,-0.026217252479376785,0.025151851667529757,0.010689664453988548,0.011007741055594725,12655122.8,0.7533387190837847,True,True
2021-11-16,724.3073120117188,774.0,778.5999755859375,770.7999877929688,777.5,8245406,-0.005939958259752798,-0.015423755764032432,-0.07322040666521568,0.02313284864507592,804.2587493896484,799.1780004882812,759.7827496337891,-0.037623152266123006,-0.03150487184694517,0.018712257382868414,0.010602766877099486,0.011037546170695642,11624570.3,0.7093084550402693,True,True
2021-11-17,716.2593994140625,765.4000244140625,772.0,764.25,768.4500122070312,7598878,-0.011111079568394744,-0.015720913789985524,-0.09350382359765874,0.010595840124195455,800.3112518310547,798.7255004882812,759.9526248168945,-0.04362206246272038,-0.04172331552435227,0.0071680778765392805,0.01012560026568205,0.01113723951072523,11555137.2,0.657619019876285,True,True
2021-11-18,720.2833251953125,769.7000122070312,771.75,762.625,763.0250244140625,9152874,0.005617961400328664,-0.005748255592188833,-0.08032377640344401,0.009707496435212182,796.9500030517578,798.4625012207031,760.2771249389648,-0.034192848660992814,-0.03602234164998264,0.012394016548666897,0.010340493634279684,0.011129385383055936,11467352.5,0.7981680165495916,False,True
2021-11-22,709.0302734375,757.6749877929688,776.3499755859375,749.5250244140625,773.0,15261272,-0.015623001459467378,-0.0242434155917981,-0.09601507400462417,-0.027905186952740135,792.9262512207031,797.9235009765625,760.636875,-0.044457177919718704,-0.050441568814973414,-0.0038939568989885265,0.010557870555227219,0.010923503455841069,11743506.6,1.2995498295202559,False,True
2021-11-23,709.1239013671875,757.7750244140625,763.9000244140625,748.1749877929688,751.0,11235214,0.00013203104590409076,-0.026777942637261187,-0.09828942506135652,-0.02687169316160931,788.7962524414063,797.3150012207032,760.9495001220703,-0.03932730148163088,-0.04959141210952289,-0.004171729802698532,0.010476605095282032,0.01092351186624896,11696489.6,0.9605629025652278,False,True
2021-11-24,710.2937622070312,759.0250244140625,768.1749877929688,757.0250244140625,762.0,30802286,0.0016495661109530158,-0.01934751367692178,-0.08385633746039534,-0.02363647983398187,785.3225036621094,796.809501953125,761.0527502441406,-0.033486216332037744,-0.04741971254916755,-0.002664369624086671,0.010354777181846707,0.010925353882293959,12415265.6,2.481000970289351,False,True
2021-11-25,713.9900512695312,762.9749755859375,766.6500244140625,753.5,757.4000244140625,10251652,0.005203980165112698,-0.00316834171775926,-0.07672064669679324,-0.014530660150153363,782.1525024414062,796.5135009765625,760.96625,-0.02451891005348461,-0.04210666278663844,0.0026397039105710007,0.010567543187237861,0.010937198877153491,12323315.4,0.8318907426486869,False,True
2021-11-26,697.1223754882812,744.9500122070312,753.3499755859375,742.5,750.0,18624936,-0.023624580039553367,-0.03215538470505164,-0.09307281462715578,-0.04996013109257935,778.3300018310547,795.9270007324219,760.7539999389649,-0.04288667987292738,-0.06404731649822282,-0.0207741105971202,0.01144737987422921,0.011211939199330927,12592080.1,1.479099231587639,False,True
2021-11-29,702.4329833984375,750.625,753.8250122070312,731.0,747.4000244140625,12990996,0.007617944425768464,-0.009304765112419289,-0.05795053777657222,-0.050682953823628196,776.0212524414062,795.4715002441407,760.559375,-0.032726233155996876,-0.05637725579153585,-0.013061932212721783,0.010109217335932065,0.011201728305561405,12351742.4,1.0517541233696712,False,True
2021-11-30,698.8302612304688,746.7750244140625,764.5,743.2750244140625,747.5,25221542,-0.0051290265924229805,-0.014516181776386139,-0.05641717669721391,-0.054176384067176286,773.7887542724609,794.8075012207031,760.2992501831054,-0.03491098792692782,-0.06043284283662398,-0.01778802986559025,0.01008354478022703,0.011215376789702613,12992475.8,1.941242176491104,False,True
2021-12-01,704.0238037109375,752.3250122070312,753.5250244140625,744.5499877929688,747.5,8677634,0.007431940827591799,-0.008827129530022293,-0.06269857431795223,-0.053083685076109166,771.2725036621093,794.0325012207031,760.0477502441406,-0.024566533054287243,-0.052526173613237526,-0.010160859017908641,0.009583907486558237,0.011228908910452425,13020241.5,0.6664725842450772,False,True
2021-12-02,713.896484375,762.875,764.4000244140625,750.0,752.25,11203110,0.014023178309623408,-0.00013103389906166107,-0.050412323012291926,-0.03191526110831677,769.2475036621094,793.6915014648438,759.8325003051758,-0.00828407454268254,-0.03882680034745056,0.004004171568868342,0.01030090219780513,0.011348710211072232,12918510.9,0.8672137281704813,False,True
2021-12-03,708.1881713867188,756.7750244140625,767.9749755859375,753.5250244140625,762.9000244140625,8124694,-0.007996035505079435,0.015873564686572417,-0.042935220487651415,-0.03330772432145601,767.5500061035157,793.3075024414062,759.6620004272461,-0.014038149441432002,-0.04605084146426808,-0.0038003427992447936,0.009916250507476958,0.01136319672076641,12814378.7,0.6340294906377318,False,True
2021-12-06,703.6260375976562,751.9000244140625,759.4000244140625,748.6749877929688,756.5,7029532,-0.006441808784287684,0.0016986170378849863,-0.056557548922707146,-0.04170779109248046,765.2962585449219,793.0085034179688,759.4906256103516,-0.01750463821204351,-0.05183863581124726,-0.009994331648516375,0.009666818332246736,0.011382842993868743,13111014.9,0.5361546801384537,False,True
2021-12-07,713.873046875,762.8499755859375,766.0,754.9500122070312,756.9749755859375,12427534,0.014563041383604203,0.021525828591399065,-0.04658650137673803,-0.03216193380930221,763.4325073242187,792.5655029296875,759.3500006103516,-0.0007630428789611177,-0.03749283464131059,0.004609172282574292,0.010328980230351361,0.011532681618821199,12785212.6,0.9720240397097504,False,True
2021-12-08,727.0211181640625,776.9000244140625,777.5250244140625,767.0,768.0,15295534,0.018417840044280487,0.03266541961025271,-0.011734743947765969,-0.009435118569528278,762.9712585449219,792.0880029296875,759.193000793457,0.018255950945917032,-0.01917460996688425,0.023323481120214762,0.010669968815994106,0.011771264285382462,12915215.5,1.1843034287736043,False,True
2021-12-09,714.4111328125,763.4249877929688,777.3499755859375,761.0,772.5999755859375,11747744,-0.01734462118373159,0.0007209409050876747,-0.018260745484045993,-0.018450112398382013,762.2612579345703,791.1055029296875,758.9435006713867,0.0015266811034733152,-0.03498966324239938,0.005904902166785186,0.011092689997874583,0.011934736970367416,12816896.4,0.9165825823480948,False,True
2021-12-10,712.399169921875,761.2750244140625,764.0,754.2249755859375,762.4500122070312,7779384,-0.0028162077653781648,0.005946285031650067,-0.01663114331068427,-0.016789899699835797,761.6175079345703,790.1805029296875,758.7836257934571,-0.00044967915907889733,-0.036580855144431546,0.003283411154267002,0.011070547095100086,0.011926527774103888,12805895.4,0.607484580890767,False,True
2021-12-13,707.0651245117188,755.5750122070312,768.8250122070312,753.5999755859375,763.0,10322142,-0.007487454631023072,0.004887601640700234,-0.02694782716415811,-0.02304759716103666,760.5712585449219,789.3535034179688,758.6757507324219,-0.006569070658085541,-0.04279260314253852,-0.004087040507617656,0.011129575524509805,0.011963003819619414,12576297.9,0.8207615692691249,False,True
2021-12-14,702.994384765625,751.2249755859375,758.0,748.5250244140625,751.25,9191100,-0.005757253152651631,-0.015238907219038644,-0.03519027055907853,-0.03686015692798639,759.2012573242188,788.4285034179687,758.5841256713867,-0.010506149273768917,-0.04718693917171657,-0.0097011654164737,0.011129253269489091,0.011926401199919539,12559173.2,0.7318236522130295,False,True
2021-12-15,701.84814453125,750.0,761.6749877929688,747.8250122070312,751.5,10115148,-0.0016306374598129558,-0.03462482117226151,-0.03100775193798455,-0.051923030778630586,758.0012573242187,787.60150390625,758.4641256713867,-0.010555730939634023,-0.04774178784545047,-0.011159559674486008,0.011085098429593123,0.011767814452560914,12652660.3,0.799448318390402,False,True
2021-12-16,701.8948974609375,750.0499877929688,758.5,747.0,756.4000244140625,13210432,6.665039062503375e-05,-0.01751973044354571,-0.020054920474878113,-0.038304965820546766,757.233755493164,786.7450036621094,758.3915005493164,-0.009486856136671662,-0.04664156200336089,-0.01099895337738599,0.010855227333849856,0.011638361915691021,12933238.0,1.0214326837563803,False,True
2021-12-17,689.23828125,736.5250244140625,753.0,733.8499755859375,748.5,14994768,-0.01803208265985523,-0.032511246535441685,-0.04310119171993132,-0.05083920540361031,755.5750061035156,785.5210046386719,758.058000793457,-0.0252125620032001,-0.06237386388814237,-0.028405447019695163,0.011376978822704754,0.011841601736350807,13225332.7,1.1337913639027017,False,True
2021-12-20,667.0598754882812,712.8250122070312,729.0,707.0499877929688,726.0,21156668,-0.032178149311200444,-0.05657942535067095,-0.059194214285179125,-0.0704504989227217,753.3325073242188,783.6285046386719,757.6061257934571,-0.05377107017599325,-0.09035339068515358,-0.059108700499914235,0.012908812940862368,0.01244016581011158,13520102.5,1.5648304441478902,False,True
2021-12-21,674.616455078125,720.9000244140625,725.375,715.0,719.75,9118750,0.011328183030544281,-0.040367336227369544,-0.04866220027311274,-0.0816560198546975,751.4887573242188,781.9415051269531,757.3746258544921,-0.040704179020683906,-0.07806399879359271,-0.04815925988975134,0.013287474993784748,0.012120969659496574,13414279.3,0.6797793452832013,False,True
2021-12-22,676.2071533203125,722.5999755859375,728.0,717.8499755859375,726.1500244140625,8577484,0.0023580955948179216,-0.03653336588541667,-0.047989259453262045,-0.09762423457865299,749.6675048828125,780.3670043945312,757.0903756713867,-0.036106045841090895,-0.07402546299790558,-0.045556516360233945,0.013299797847038162,0.011801235876068926,12303039.2,0.6971841559279109,False,True
2021-12-23,675.6925048828125,722.0499877929688,728.9000244140625,718.4249877929688,726.625,9779166,-0.0007611234591071714,-0.037330845217917186,-0.05363870258200776,-0.11137776304177205,747.6212554931641,778.4700036621093,756.7801257324219,-0.03420350546792228,-0.07247551685193687,-0.045891979398693716,0.013187386138739252,0.011605423651462254,12279414.9,0.7963869679165251,False,True
2021-12-24,673.2593994140625,719.4500122070312,726.0,714.0,722.75,5561024,-0.0036008249150237814,-0.02318320714305011,-0.03423048470655399,-0.10906784253644419,746.3462554931641,776.5630041503906,756.4102508544922,-0.036037218768332435,-0.07354585737166897,-0.0488626887402811,0.012238731823964556,0.011594045349870503,11626219.3,0.47831748709574057,False,True
2021-12-27,678.8274536132812,725.4000244140625,727.0,711.0750122070312,714.4500122070312,4705098,0.008270223234521312,0.0176410928231836,-0.03360529636761034,-0.08975118671707094,745.0850067138672,774.6770043945312,756.1571258544922,-0.026419780457834774,-0.0636097104999036,-0.04067554267332041,0.012265620256084608,0.011570566881940558,11211924.4,0.4196512420294236,False,True
2021-12-28,683.5064697265625,730.4000244140625,733.4500122070312,726.7000122070312,730.3499755859375,5450678,0.006892748596250442,0.013177971533183674,-0.021927621391527152,-0.08410916107128286,744.2662567138672,772.4110046386719,755.9841259765625,-0.018630741585716537,-0.05438941181872703,-0.03384211477913113,0.012379462635102517,0.011618077487924766,10223381.2,0.5331580514673561,False,True
2021-12-29,680.2545776367188,726.9249877929688,730.5,723.7000122070312,728.0250244140625,7668702,-0.0047577170111425815,0.0059853478454994224,-0.03376203635653241,-0.08141149905927114,742.9962554931641,770.24650390625,755.8200009155273,-0.02163034817655718,-0.05624370366315112,-0.038230019168000284,0.01223996453782179,0.011597392670720985,10172934.6,0.753833805242393,False,True
2021-12-30,683.8339233398438,730.75,733.4249877929688,722.5,729.25,7215918,0.005261907722617254,0.01204904418546393,-0.04211043748975918,-0.07835409112407377,741.390005493164,767.9745043945312,755.5675009155274,-0.014351428282454948,-0.04847101587555813,-0.03284617308904336,0.011798544809298176,0.01162132043087379,9973575.0,0.7235036584173679,False,True
2021-12-31,692.2093505859375,739.7000122070312,742.4000244140625,730.75,730.75,6325736,0.012247707433501454,0.02814650032165522,-0.022562864333758426,-0.07273805528814781,740.5362548828125,766.0300048828125,755.3766259765625,-0.0011292393454978011,-0.034372012203111035,-0.020753374185048856,0.012128245316198251,0.011714151487688666,9883627.1,0.6400217183426518,False,True
2022-01-03,711.0422973632812,759.8250122070312,761.5,740.25,742.5,9069184,0.02720697535201233,0.04745655725718412,0.010539948843790059,-0.05898197941668848,740.932504272461,764.4635046386719,755.295876159668,0.025498284696149565,-0.006067644045130827,0.00599650572751953,0.013589694849765388,0.012156915294110412,9985609.7,0.9082253635449021,False,True
2022-01-04,715.20654296875,764.2750244140625,766.4500122070312,753.9000244140625,760.0,8857352,0.005856627691296357,0.046378695054364316,0.0018680590859696533,-0.05088478806077301,741.0037567138672,762.9415051269531,755.2956262207031,0.0314050603513758,0.0017478656989404762,0.011888587569730769,0.013254606259524486,0.012186005585420186,9807100.6,0.9031570452127309,False,True
2022-01-05,732.19140625,782.4249877929688,786.0,764.0499877929688,768.4000244140625,14332638,0.023747947792512436,0.07634900564981906,0.007111550013237711,-0.023585965901660177,741.2800048828125,762.0200048828125,755.4273760986329,0.05550531869082431,0.02677748980263872,0.03573819608413409,0.013687196309771476,0.012577620511061711,9758955.8,1.4686651209138584,False,True
2022-01-06,720.4470825195312,769.875,777.375,765.0250244140625,771.5,9628930,-0.016039860675167383,0.05354088265480672,0.008448783194375142,-0.057565213623040457,741.602505493164,760.8900048828125,755.538376159668,0.038123515356835114,0.011808533506194818,0.01897537476945077,0.013600785944128446,0.012466512087042142,9653015.1,0.9975049142935662,False,True
2022-01-07,725.5004272460938,775.2750244140625,783.375,767.9500122070312,772.0,11179384,0.007014157381474373,0.04809383752865792,0.01839020006045189,-0.04850879230615435,742.3025054931641,759.9675048828125,755.6872512817383,0.04441924778226691,0.020142334287846175,0.025920475830577994,0.013651833541392783,0.01250623315690421,9823015.1,1.1380807100663013,False,True
2022-01-10,729.5243530273438,779.5750122070312,786.0,772.75,779.0,8856496,0.0055464030925265195,0.025992826878169062,0.031763887916166134,-0.04895083494260777,743.5025054931641,759.6230053710938,755.8413763427734,0.04851699415584387,0.026265669542473224,0.031400286630371754,0.01353593553714926,0.012502092906864631,9749732.8,0.9083834584677027,False,True
2022-01-11,732.6826171875,782.9500122070312,784.3499755859375,773.9000244140625,780.7750244140625,8389198,0.00432928191277604,0.024434905232296522,0.04223107278395388,-0.07200426587773101,745.0887573242187,759.453505859375,756.0832513427735,0.05081442245723955,0.030938702851951883,0.035534130423526156,0.013432861090871403,0.011885800437011413,9709637.7,0.8640073151236117,False,True
2022-01-12,728.3544921875,778.3250122070312,788.3250122070312,776.0,784.0,21085530,-0.0059071459580960495,-0.005240087739915578,0.03776668294270835,-0.06804168178872938,746.5050079345704,758.9670056152344,756.2245013427735,0.04262530583753277,0.02550572877157542,0.02922480139828254,0.013530000668092235,0.011844254903836775,10258156.8,2.055489149863648,False,True
2022-01-13,714.94921875,764.0,777.5,760.2000122070312,777.5,41963896,-0.018404923370522352,-0.007631108946257514,0.018598776660312177,-0.0951619327402462,747.2025085449219,758.1795056152343,756.3475012207032,0.022480507309576625,0.007676934474827979,0.010117702202950607,0.014274740899788987,0.011942564808419915,11695830.0,3.587936555165388,False,True
2022-01-14,722.9736938476562,772.5750122070312,774.3499755859375,759.5,765.0,11208968,0.011223837967318406,-0.0034826508297127745,0.04894604609211761,-0.0768885820408266,749.0050079345704,757.8165063476563,756.5520013427735,0.031468420134408204,0.01947503879336776,0.021178994749626145,0.01370747095386603,0.012017420202681553,11506540.0,0.9741388810189684,False,True
2022-01-17,711.907958984375,760.75,778.0,759.5750122070312,765.0,22989372,-0.015305972909026022,-0.024147788105388757,0.06723247216674477,-0.09234626517868516,751.4012573242187,757.0920068359375,756.6275012207032,0.012441744786364506,0.004831636222590863,0.005448518290236404,0.011856294089980571,0.012147278219162847,11598175.2,1.9821542271580792,False,True
2022-01-18,715.5340576171875,764.625,775.4500122070312,761.5,766.5,12341152,0.005093657574761767,-0.023405085792610802,0.06065331405901464,-0.0901383311021865,753.5875061035156,756.3820068359375,756.5663763427734,0.014646598844976433,0.01089792338998663,0.010651575207692776,0.011715936733311005,0.012165623174814505,11759295.3,1.0494805755919745,False,False
2022-01-19,710.4807739257812,759.2249755859375,769.875,756.6749877929688,767.0,14317626,-0.007062317363495163,-0.02453992396689575,0.050685028006403954,-0.08361499627527158,755.4187561035156,755.8440063476562,756.6283761596679,0.005038555703930969,0.0044731045161270355,0.003431802861331823,0.01193106850067264,0.012075130113524556,12046302.4,1.1885494423583456,False,False
2022-01-20,706.0591430664062,754.5,764.25,750.0499877929688,764.2249755859375,15197846,-0.006223419589550416,-0.012434554973821954,0.044941503712531805,-0.0869762517017093,757.0412567138671,755.3815063476562,756.684001159668,-0.003356827242016025,-0.001166968399740731,-0.00288627902310723,0.012072356349335367,0.01209043047069386,12317236.4,1.2338681751695535,True,False
2022-01-21,711.9547119140625,760.7999877929688,764.9000244140625,742.7999877929688,750.0,11537694,0.008349884417453657,-0.01524127007476539,0.05747442474716169,-0.07377652157281367,759.108755493164,755.1145056152344,756.864001159668,0.002227918315480304,0.007529298054077316,0.005200388216733964,0.012062259978148556,0.012140454972478131,12616069.9,0.9145236267278449,True,False
2022-01-24,695.6015625,743.3250122070312,760.625,733.7750244140625,754.9749755859375,11868508,-0.022969211180761562,-0.02290501188691263,0.024710486889558014,-0.06711216918320517,760.0050048828125,754.451005859375,756.9800012207031,-0.02194721425334978,-0.014747138735232257,-0.018038771158619626,0.013286289101804863,0.011891235743318842,12974240.4,0.9147747871235683,True,False
2022-01-25,696.2567138671875,744.0250244140625,747.5,722.0,729.3250122070312,13594248,0.000941730999946877,-0.026941279170753618,0.018654161479430664,-0.05989192167294288,760.6862548828125,753.7590063476563,757.0821264648438,-0.021902894079920965,-0.012913917912251383,-0.017246612480142365,0.013221041287614838,0.011870633453632044,13381418.9,1.015904823067754,True,False
2022-01-27,690.127197265625,737.4749755859375,742.5,717.5,725.0,28617838,-0.008803532963536198,-0.028647635021772366,0.014513172569565747,-0.08119983410665566,761.213754272461,753.028505859375,757.1875012207031,-0.031185430574900863,-0.020654636779901647,-0.026033876157472213,0.013344272868900537,0.011743897861209659,14428875.7,1.983372689252566,True,False
2022-01-28,684.65283203125,731.625,743.3499755859375,730.0,738.75,24925208,-0.007932439444863326,-0.030318091451292273,0.0011973999315770811,-0.08931072039831955,761.2575042724609,752.3530053710938,757.2912512207031,-0.03892573026361279,-0.027550903928229564,-0.03389217976482739,0.013438166306342094,0.011770627636823539,15314340.2,1.6275730899591745,True,False
2022-01-31,695.1571655273438,742.8499755859375,745.7750244140625,733.4000244140625,736.375,12842546,0.015342526001623114,-0.023593602122816915,0.004258433590541344,-0.060545703598806955,761.4150024414063,751.8160046386719,757.5878759765625,-0.024382270898185232,-0.011925828922787485,-0.019453717328339226,0.013601682226932324,0.01181659561588392,15640180.7,0.8211251676906777,True,False
2022-02-01,700.4443359375,748.5,758.5,736.7249755859375,754.25,14739484,0.007605875479239188,0.006961944920437224,-0.014904763629899453,-0.06082371099581718,760.8487518310546,751.6325048828126,757.8295010375977,-0.016230232094534114,-0.004167601670314824,-0.012310817967397636,0.012194256655902921,0.011812860606785165,15923695.7,0.9256321068732807,True,False
2022-02-02,716.4464721679688,765.5999755859375,767.5,752.7999877929688,755.9749755859375,13969290,0.02284565876544753,0.028997614951010275,0.0017336052200460639,-0.043149538402202814,760.9149993896484,751.78900390625,758.0822509765625,0.006157029628863997,0.018370808309148723,0.009916766419066914,0.013221972330964834,0.01219219642041523,16179292.6,0.863405486590928,True,False
2022-02-03,709.0302734375,757.6749877929688,769.9749755859375,754.5,764.375,10564762,-0.010351342797396912,0.027390776468017686,-0.031632425326565516,-0.03619018884659719,759.6774993896485,751.7620031738281,758.2990008544922,-0.002636002248702418,0.007865500775746659,-0.0008229116230145106,0.012178939190282944,0.012059127422976145,15990898.8,0.6606734325652789,True,False
2022-02-04,713.0777587890625,762.0,766.4249877929688,757.0499877929688,764.2000122070312,11579958,0.005708268422096818,0.04151717068170169,-0.010228933268387697,-0.020093232599260547,759.2837493896484,751.7425036621094,758.578000793457,0.00357738541426067,0.013644959926998101,0.00451107098144643,0.011780101621792764,0.012009164656412259,16088450.2,0.7197683963368952,True,False
2022-02-07,686.945556640625,734.0750122070312,759.5,730.0,756.0499877929688,12268042,-0.036646965607570525,-0.011812564672947334,-0.053142447402029225,-0.05176646766544146,757.2237487792969,751.5250036621094,758.769875793457,-0.030570536924631853,-0.023219442294063364,-0.03254591988196942,0.01413472020211577,0.01288643949350255,16142883.1,0.7599659815414261,True,False
2022-02-08,683.9977416992188,730.9249877929688,739.2249755859375,722.2750244140625,738.2000122070312,13981130,-0.004291147855028932,-0.023480310229834656,-0.06240582837093622,-0.058692868264045406,754.7912475585938,751.1310034179687,758.8682507324219,-0.03161968271733617,-0.02690078765628623,-0.03682228491241224,0.014005756605221843,0.012884157625484456,16399114.8,0.8525539439482428,True,False
2022-02-09,700.72509765625,748.7999877929688,749.8499755859375,733.5,737.0,11308342,0.02445531388107769,-0.021943558423067056,-0.04361711971598048,-0.03830471948246106,753.0837463378906,751.1715026855469,759.0768756103515,-0.005688289736371255,-0.003157088473270897,-0.013538665381051751,0.01523816631851778,0.01328756756327446,16545072.0,0.68348702260105,True,False
2022-02-10,713.5923461914062,762.5499877929688,767.75,750.8250122070312,757.0,14314530,0.018362713974565015,0.006434157229078474,-0.02026791400334238,-0.014793297425104934,752.2949951171875,751.3760021972656,759.3776254272461,0.013631610927019144,0.01487136342260964,0.004177582087617759,0.015873537210126843,0.013489774095854957,16206522.0,0.8832573700884125,True,False
2022-02-11,710.66796875,759.4249877929688,762.5,749.75,750.125,10711104,-0.0040980919940011296,-0.0033792811115895827,-0.005988235873077508,-0.007806423347932134,752.0662445068359,751.307001953125,759.5780004882813,0.009784700935431934,0.010805151314629002,-0.00020144434832791713,0.015357278560453552,0.013423486499393924,14643882.4,0.731438815706414,True,False
2022-02-14,689.5422973632812,736.8499755859375,749.7249755859375,734.6500244140625,745.0,14656620,-0.02972645431728349,0.0037802177335573006,-0.04624151190062087,-0.04267901273237584,750.2799926757813,750.9085009765626,759.5702502441407,-0.017900006958665227,-0.01872202188727634,-0.02991201228707996,0.016446945944852645,0.013936624465590306,14816265.0,0.9892250172361253,False,False
2022-02-15,710.1766967773438,758.9000244140625,762.4500122070312,736.5250244140625,738.0,13135066,0.02992474663596334,0.0382734714071884,-0.0024317786210154013,0.0016168365603068668,750.1874938964844,751.0485009765625,759.683500366211,0.011613804000284,0.010454083094887823,-0.0010313189002667533,0.01762275813215629,0.014340790736293001,14323549.7,0.9170258961715335,False,False
2022-02-16,709.2174682617188,757.875,767.375,753.5,767.1749877929688,10032264,-0.0013506712097604012,0.012119407525338133,-0.008827856792545385,0.0001319330707880706,749.8499938964844,750.9490014648437,759.9421252441406,0.010702148654845978,0.00922299453311215,-0.002720108776015695,0.017584101065381018,0.014342061687206862,14208105.3,0.7060944290721156,False,False
2022-02-17,704.889404296875,753.25,761.0,751.0,756.5499877929688,7351208,-0.006102589477156473,-0.012195905765975401,-0.007869835395399427,-0.007608476964933497,749.5512451171875,750.4760009765625,760.172250366211,0.004934625760289801,0.003696319429039363,-0.009106160298374744,0.017565964195429683,0.01436280203947095,13859784.4,0.53039843823256,False,False
2022-02-18,707.6266479492188,756.1749877929688,758.5,745.2249755859375,749.1500244140625,7796128,0.003883156711541602,-0.004279553678428583,0.002219997074842661,-0.008912465035627926,749.6349945068359,750.3310009765624,760.4822503662109,0.00872423690737012,0.007788545067177521,-0.005663856810817047,0.017530352137518475,0.01435566132967646,13489698.5,0.5779319678642187,False,False
2022-02-21,712.1885375976562,761.0499877929688,765.3499755859375,747.7750244140625,752.0,7468066,0.006446920459811212,0.03284252291355183,0.0003286014774070978,0.021612155610601036,749.647494506836,750.3265002441407,760.781000366211,0.015210473415420367,0.014291761713519202,0.0003535674873955674,0.017489233323092112,0.014040044621657987,13286217.1,0.562091221586316,False,False
2022-02-22,706.8545532226562,755.3499755859375,761.0499877929688,743.9749755859375,744.9000244140625,9536196,-0.0074896686137019275,-0.004677887355275745,0.0161772618725724,0.006294721846378026,750.2487426757813,750.3219995117188,761.0555001831054,0.0067993888159845195,0.00670109110154149,-0.007496857450994376,0.016738074688888313,0.014044850718142123,13169601.5,0.7241066481776233,False,False
2022-02-23,702.269287109375,750.4500122070312,762.8499755859375,747.8250122070312,762.5499877929688,9029562,-0.006487010706666463,-0.009797114026678266,0.008635445827952504,0.004921144485050544,750.5699920654297,750.3065002441406,761.2708752441406,-0.00015985165896159614,0.0001912711176619286,-0.014214208620077717,0.016820170321435218,0.01405467763014224,12941367.2,0.6977285985672365,True,False
2022-02-24,664.135498046875,709.7000122070312,737.4749755859375,703.5750122070312,724.9500122070312,23630766,-0.05430075199833306,-0.057816113897070975,-0.03766224522647499,-0.05665769356113082,749.1812438964844,749.5005004882812,761.2697503662109,-0.05269917261157209,-0.053102684061346106,-0.0677417408669817,0.020767388918423512,0.015680306273136643,12692013.6,1.8618610682862804,False,False
2022-02-25,681.307373046875,728.0499877929688,732.9500122070312,716.4249877929688,719.9749755859375,18318654,0.025855960645784215,-0.03719377188352635,-0.004886399736246383,-0.04564969648635919,749.0024932861328,749.0605004882813,761.4011251831055,-0.027973879501039023,-0.02804915314799894,-0.04380232217560265,0.021592508012521213,0.01594274957421026,12361685.9,1.4818896183084542,False,False
2022-02-28,667.3405151367188,713.125,719.2750244140625,707.0250244140625,713.0,24880832,-0.020499949238668047,-0.06297219441780733,-0.040014776284392206,-0.057678997067667215,747.516244506836,748.5925,761.4680001831055,-0.04600735403352352,-0.047378914429412444,-0.06348658140786045,0.02173722253572992,0.016121095117156706,12963600.2,1.919284119854298,False,False
2022-03-02,643.0098266601562,687.125,699.2000122070312,677.2000122070312,693.25,38505560,-0.036459246275197144,-0.09032233771241505,-0.08199732798931192,-0.08614845366515334,744.4474945068359,748.0784997558594,761.4365002441406,-0.07700005027864265,-0.0814800850121371,-0.09759382459379606,0.022932633544752556,0.016750700327535104,14151904.0,2.7208748730912817,False,False
2022-03-03,641.4891967773438,685.5,696.0,681.4500122070312,690.5,17527922,-0.0023649263234492013,-0.08654808601577191,-0.10462379589894122,-0.10139605172894672,740.442495727539,747.3704992675781,761.2633752441407,-0.07420224533919273,-0.0827842406520074,-0.09952321063632286,0.022054482414158527,0.016619991282664986,14329835.6,1.2231767683364072,False,False
2022-03-04,639.3836059570312,683.25,693.0,668.4500122070312,680.0,21219364,-0.003282275711159688,-0.03726928526431439,-0.09822811758609229,-0.12054321208793017,736.7212463378906,746.5834997558594,760.9878753662109,-0.07258002481085846,-0.08483110030769514,-0.10215389480259596,0.022025498667108023,0.016410832842922374,14862565.7,1.4277053120108327,False,False
2022-03-07,619.8722534179688,662.4000244140625,666.1749877929688,648.5250244140625,659.25,27054458,-0.030515880842938214,-0.09017232948237441,-0.13070862937787076,-0.1323312244087862,731.7412475585937,745.3905004882813,760.6543756103515,-0.09476194402855331,-0.11133825292897404,-0.12917082231657373,0.022587469517031892,0.01670496025853497,15636290.7,1.730235035857961,False,False
2022-03-08,621.2759399414062,663.9000244140625,667.0,646.0,651.0999755859375,39212492,0.0022644926701609336,-0.0690271349145486,-0.09559648077651406,-0.12791040934903586,728.2324981689453,744.2795007324219,760.3918756103516,-0.0883405696898164,-0.10799635921620909,-0.1268975304593266,0.021526227104089923,0.016714784313137308,16983513.2,2.308856332504867,False,False
2022-03-09,641.559326171875,685.5750122070312,687.3499755859375,659.4249877929688,665.0,23134694,0.032647969567554114,-0.0022557581123794357,-0.06204463706032537,-0.09264467308881785,725.9649993896485,743.4830004882813,760.0765005493164,-0.055636273396892255,-0.07788744092765942,-0.09801840773717119,0.02309844764203007,0.01729034347921629,17441191.4,1.326440004551524,False,False
2022-03-10,651.6424560546875,696.3499755859375,713.5,690.125,713.5,22273206,0.0157166804318305,0.015827827258843907,-0.07004542342692033,-0.0730473583591904,723.3424987792969,742.8019995117188,759.7833755493164,-0.03731637950059841,-0.0625362128216087,-0.08348879694494116,0.02263084298686705,0.017421862970737095,17989434.6,1.2381270726540787,False,False
2022-03-11,653.5609741210938,698.4000244140625,704.4749755859375,686.3499755859375,694.0,15150780,0.002943992101672732,0.022173471517105803,-0.08412558442833895,-0.06879996744791672,720.1350006103515,742.2315002441406,759.578000793457,-0.030181807824737783,-0.05905364541340641,-0.08054205929540859,0.022107804273529878,0.01742956756573825,18031247.1,0.840251365641814,False,False
2022-03-14,674.9672241210938,721.2750244140625,725.0,707.5,707.5,25018126,0.03275343528115071,0.08888133730381265,-0.05023532803388153,-0.03836406085889943,718.2275024414063,742.0420007324219,759.4917507934571,0.004243115116445706,-0.02798625454874748,-0.05031881694497509,0.0235978151083522,0.017967179197286954,18746598.2,1.3345421784310714,False,False
2022-03-15,666.2877807617188,712.0,724.75,705.875,721.75,18867928,-0.012859206405486212,0.0724506308436863,-0.03372460664896815,-0.03329829075878743,716.9850036621094,741.4880004882813,759.3451257324218,-0.0069527307219087175,-0.039768681986576904,-0.062349943560584986,0.022856050165402594,0.017893848601226447,18957163.6,0.9952927768160422,False,False
2022-03-16,677.5875244140625,724.0750122070312,727.5,718.0999755859375,723.5,13364108,0.01695928680762826,0.05615723927285399,-0.045888801010276925,0.015782274481598302,715.2437530517578,740.7730004882812,759.2068759155273,0.012347202079840303,-0.022541302491105197,-0.04627442772581658,0.022089944355825633,0.017535928319501466,18968615.7,0.7045378646160247,False,False
2022-03-17,692.5135498046875,740.0250244140625,744.9000244140625,735.2750244140625,736.0,14823954,0.02202812131082177,0.06271996892277487,-0.023552664470971485,0.026529337428646382,714.3512542724609,740.2880004882812,759.1173760986328,0.03593998049005931,-0.0003552348194827415,-0.025150724098416122,0.022741320251899216,0.017702426373405487,19208200.2,0.7717513273315425,False,False
2022-03-21,695.5314331054688,743.25,746.8250122070312,736.4000244140625,743.5,12257876,0.004357927745066492,0.06421817585640177,-0.013275804845668815,0.028577394286953828,713.8512542724609,739.5045007324219,759.0543762207031,0.04118329351049699,0.00506487690591273,-0.020821138400377026,0.02273670137366695,0.01770769076627155,19453533.6,0.6301105111309957,False,False
2022-03-22,699.1109008789062,747.0750122070312,749.0,728.5999755859375,740.6500244140625,10461814,0.005146333275521275,0.03576997250657299,-0.012034219238720612,0.03465829906119722,713.3962554931641,739.0485009765625,759.0297512817383,0.04720904610101351,0.010860601462370445,-0.015750026997650157,0.022751034040442913,0.017716274996878716,19586817.9,0.5341252496149465,False,False
2022-03-23,692.1392211914062,739.625,759.4000244140625,736.7999877929688,753.5,31188256,-0.00997224118769846,0.0387991573033708,-0.028151879819485748,0.02804223705699682,712.3250061035156,738.3355004882812,758.926501159668,0.03832519378453081,0.0017464953410284423,-0.02543263561118836,0.022788807448271328,0.017761669711516853,20772827.4,1.5013967718231753,False,False
2022-03-24,675.01416015625,721.3250122070312,734.8250122070312,717.2750244140625,733.0,20160044,-0.02474225153688525,-0.003797949043453097,-0.045045296192023465,-0.005617606933943531,710.6237579345703,737.1705004882813,758.7807513427734,0.015058959333929645,-0.02149501135864007,-0.04936305918337913,0.023359687060199422,0.0180298726213457,21304019.8,0.9463023499443048,False,False
2022-03-25,669.5162963867188,715.4500122070312,726.0,709.5,725.5,16366462,-0.008144733512046587,-0.03320835295602231,-0.04663868269795479,-0.02046825261133356,708.8737579345703,735.8205004882813,758.6083764648438,0.00927704573466226,-0.027684045589559392,-0.05689149447430686,0.023379227728802958,0.018037894465539318,21670864.8,0.7552288360914882,False,False
2022-03-28,670.4053344726562,716.4000244140625,719.0,700.7999877929688,715.4500122070312,15754886,0.0013278526673032864,-0.03612509328750424,0.009440625745792852,-0.014478747540184744,709.2087585449219,734.5820007324219,758.4827514648438,0.010139843568619744,-0.02475145906138576,-0.05548277395828405,0.019894301480478813,0.018028846275123384,21277070.8,0.7404631092358822,False,False
2022-03-29,679.2952880859375,725.9000244140625,730.125,715.0,720.5,12377448,0.013260747733460754,-0.028343857640764858,-0.0029530436301822283,-0.006636983354002757,709.1012603759766,733.8200012207031,758.4115014648437,0.023690218840083377,-0.010792805856294274,-0.042867858659825786,0.01924337636756321,0.018098472775972225,20980010.5,0.5899638610762373,False,False
2022-03-30,691.0631103515625,738.4749755859375,741.375,727.0250244140625,736.0,20109742,0.01732325492346609,-0.0015548749894371827,0.03554773088299745,-0.0016561262685917955,710.3687591552734,733.1380004882812,758.4012512207031,0.03956567074273676,0.0072796323394801465,-0.02627405427231666,0.018976466548340537,0.018168173758436507,20741456.0,0.969543411031511,False,False
2022-03-31,687.9749145507812,735.1749877929688,742.3499755859375,732.9500122070312,735.5,14295714,-0.00446865215757708,0.019200742178010488,0.0699290344449246,-0.032441712260119826,712.7712585449219,732.6265002441406,758.3612512207031,0.03143186398085507,0.0034785631532285866,-0.03057416685044545,0.016794002566617932,0.01782518151750273,19530963.7,0.7319512861518451,False,False
2022-04-01,704.6554565429688,753.0,755.0,735.1500244140625,738.2000122070312,14568556,0.02424594484714837,0.05248443238841238,0.09846827133479219,-0.014752574732775803,716.1462585449219,732.3940002441407,758.4276263427735,0.0514611938767342,0.02813512910945537,-0.007156419616392573,0.01734830622268849,0.018090566245962145,19382995.4,0.7516153050317497,False,False
2022-04-04,775.2146606445312,828.4000244140625,861.0499877929688,781.2750244140625,790.0,97450970,0.10013283454722766,0.1563372364365898,0.21244057726170884,0.05875967324456011,723.403759765625,733.7775012207031,758.8440014648437,0.1451419946759127,0.1289526089801698,0.09166050310070384,0.027334532246190986,0.022050531977806067,23194575.7,4.201455170400035,False,False
2022-04-05,752.4981079101562,804.125,833.3499755859375,801.0,833.3499755859375,30922582,-0.029303505189093304,0.10776273998486197,0.2139567789287189,0.04448774151647994,730.4900085449219,734.7700012207031,759.1531265258789,0.10080218838551014,0.09439007943176048,0.059239528762697,0.027241089924139997,0.022291334825188677,23387981.9,1.3221569151291332,False,False
2022-04-06,725.6406860351562,775.4249877929688,794.9000244140625,773.6749877929688,793.8499755859375,27027860,-0.035690983624475314,0.05003556441125645,0.16798457490242558,0.00019343249064363022,736.0662567138672,735.0625012207031,759.3650015258789,0.05347172312288384,0.05491027838481277,0.021149231574827176,0.02907467871065818,0.02277155873915834,22778750.3,1.1865383150540967,True,False
2022-04-07,709.685302734375,758.375,770.6749877929688,756.8499755859375,770.6500244140625,40781732,-0.021987926700036797,0.03155712938041977,0.10618821645585941,-0.02719431982178666,739.7062561035157,735.3635009765625,759.4573764038086,0.025238050567294,0.03129268585247735,-0.0014251970386196522,0.02922139921007873,0.02293992616408407,23661102.2,1.723577019163545,True,False
2022-04-08,708.7028198242188,757.3250122070312,762.875,748.6500244140625,756.0499877929688,41256322,-0.0013845232147272624,0.005743708110267365,0.08756378079827876,-0.03272878165972126,742.7550079345704,735.6295007324219,759.5222515869141,0.01961616430291957,0.029492443482770136,-0.002892922985853308,0.029155339592151025,0.022932645019782632,24610258.0,1.6763872203208923,True,False
2022-04-11,700.0466918945312,748.0750122070312,755.0,746.625,753.0,20799066,-0.01221404265130932,-0.09696403891808925,0.07112684143252235,-0.03886551186916454,745.2387573242188,735.8415014648438,759.553126525879,0.0038058338417557014,0.016625198113770612,-0.015111667529231876,0.02939657289609558,0.02297320165234083,24892672.3,0.8355497452959278,True,False
2022-04-12,698.8067016601562,746.75,753.4249877929688,740.0750122070312,742.0,27435402,-0.001771229068488811,-0.07135084719415519,0.035319364630201244,-0.022578534031413633,746.5125061035156,736.1440014648438,759.5731265258789,0.0003181378671390789,0.01440750520829015,-0.01688201711996984,0.028612475549303528,0.022852349529848968,25013536.1,1.0968222121941407,True,False
2022-04-13,685.4482421875,732.4749755859375,751.1500244140625,731.3250122070312,745.0,28892520,-0.019116202764060897,-0.05538899685097398,0.0287569881824965,-0.05190439243762124,747.5362548828125,735.9365014648438,759.4698764038086,-0.020147891421314568,-0.004703565962574596,-0.03554439966163714,0.028818255670395414,0.02293244861622688,25514765.7,1.1323842962038253,True,False
2022-04-18,652.9292602539062,697.7249755859375,715.8250122070312,695.0250244140625,709.4249877929688,45620376,-0.04744189379603314,-0.07997366001524642,-0.03639130777455912,-0.0828459078725764,746.2187530517579,734.9210009765625,759.1707513427734,-0.06498600747769845,-0.05061227715795158,-0.08093801776234733,0.030579353010258832,0.023645146469189776,27127579.1,1.6816972805361756,True,False
2022-04-19,628.0136108398438,671.0999755859375,694.7750244140625,663.5,690.4500122070312,74096022,-0.03815973475457257,-0.11385473242170197,-0.09313880822165244,-0.12231489215505964,742.7725006103516,733.0310009765625,758.7553762817383,-0.09649323980831181,-0.08448622951569429,-0.115525244941728,0.031107295895670514,0.024105844009153315,30091182.5,2.462383191488071,True,False
2022-04-20,633.6752319335938,677.1500244140625,679.9500122070312,667.6749877929688,677.2249755859375,49325736,0.009015123004352255,-0.09480999450004368,-0.0889337041183148,-0.10810359749892717,739.4675018310547,731.4205017089844,758.3860012817382,-0.08427344983069973,-0.07419873679793965,-0.10711692558984454,0.03119385389410711,0.02413670918241861,31944575.5,1.54410366166863,True,False
2022-04-21,643.0565795898438,687.1749877929688,689.9000244140625,676.6500244140625,682.5,52446270,0.014804641538011865,-0.07977905886445436,-0.0801793975642473,-0.08923129517167827,736.4725006103515,729.9240014648437,758.077126159668,-0.0669373435892412,-0.05856638990646201,-0.09352892459093354,0.031420057190363955,0.024221276913793912,34043798.3,1.5405528354337596,True,False
2022-04-22,634.283447265625,677.7999877929688,687.6749877929688,674.5750122070312,680.0,20659148,-0.013642813208481486,-0.0746441716308901,-0.08358967342508872,-0.10909569049912526,733.38125,728.7985009765625,757.7492510986328,-0.07578767824652088,-0.06997614994440537,-0.1055088648253345,0.03146921571488351,0.024239612831711208,33517342.9,0.6163718902669937,True,False
2022-04-25,639.0326538085938,682.875,685.3250122070312,661.125,675.0,20935488,0.007487477572191148,-0.02128342270314565,-0.05330469837637564,-0.08132379674342871,731.4587493896485,727.8375012207031,757.4626260375976,-0.06642035443582872,-0.061775466564024994,-0.09847037130766023,0.031169419540634628,0.024103855459200997,33556115.1,0.6238948679729615,True,False
2022-04-26,641.98046875,686.0250244140625,690.9749755859375,678.5750122070312,686.0,17016842,0.004612885834248681,0.02223968018340927,-0.04112794365912176,-0.07795436725488691,729.9875,726.582001953125,757.1541262817383,-0.06022360052184106,-0.055818857926622556,-0.09394269858500193,0.031173761124709837,0.02411386153791336,33588634.1,0.506625007415827,True,False
2022-04-27,642.2144165039062,686.2750244140625,689.5,678.0499877929688,680.0,18054334,0.00036441819336485715,0.013475595763133619,-0.04205052899689521,-0.06942601832854833,728.48125,725.0565026855469,756.7487515258789,-0.05793728470834014,-0.053487525631231714,-0.09312698166956457,0.03116966385596122,0.02409305844472503,33703606.5,0.5356795866934894,True,False
2022-04-28,641.65283203125,685.6749877929688,689.5,681.0499877929688,686.0,20773722,-0.0008743384208190763,-0.00218285011335706,-0.055414017451732245,-0.06280541562553388,726.4699981689453,723.5815026855469,756.3283764648437,-0.056155120622736865,-0.05238734648673227,-0.09341628698650195,0.030972289569948644,0.024075445315528802,34123420.2,0.608781941500694,True,False
2022-04-29,647.8525390625,692.2999877929688,702.375,685.7750244140625,690.1749877929688,28401476,0.009662012058109903,0.021392741606877985,-0.06252749154611714,-0.06804871704154858,724.1612487792969,722.6905029296875,755.9887515258789,-0.043997467470174634,-0.04205190882337562,-0.08424564995757078,0.030762134324030913,0.02402200526589825,34538006.9,0.8223252743631828,True,False
2022-05-02,656.7893676757812,701.8499755859375,703.2249755859375,681.0250244140625,681.0250244140625,19494316,0.013794580328412076,0.027786894506223625,-0.04532936071053584,-0.062324681915915114,722.4949981689454,721.549501953125,755.7430014038086,-0.028574623541103517,-0.027301697685139903,-0.07131131312862138,0.03097987078975544,0.024072350982887843,34797937.0,0.560214704682062,True,False
2022-05-04,634.4705810546875,678.0,701.7999877929688,675.0,700.0,29055916,-0.03398158640103455,-0.01169785959472358,-0.09960159362549803,-0.11442003445584559,718.7449981689454,719.952001953125,755.4155014038085,-0.05668908760790847,-0.05827055392486624,-0.10248068944831723,0.031131717534720025,0.024243959760932323,35522305.0,0.8179625730931593,False,False
2022-05-05,633.0435791015625,676.4749755859375,687.5,673.25,687.5,17862912,-0.002249298545814904,-0.01428006044150043,-0.18339575609692127,-0.10716997857294819,711.1487457275391,718.4165014648438,755.0432513427735,-0.04875740884015578,-0.05838051575010872,-0.10405798027743407,0.019041670071960427,0.02421771702507947,31542902.1,0.5663052798176107,False,False
2022-05-06,616.5033569335938,658.7999877929688,667.5,656.5,665.0,26731268,-0.0261280733668815,-0.03919495457535138,-0.18072440504527432,-0.13543308688586775,703.8824951171875,716.4690014648437,754.5893762207031,-0.06404834278015836,-0.0804905914337799,-0.12694240264484957,0.018883985694352245,0.02440288688945901,31333336.4,0.8531254909706967,False,False
2022-05-09,617.5560913085938,659.9249877929688,663.25,647.75,650.0,32762434,0.0017076503048654157,-0.04676440931800463,-0.14895057783569576,-0.10101150860744723,698.1074951171875,714.4465014648438,754.0872512817383,-0.05469430938828301,-0.07631294094111807,-0.12486918898140753,0.018011013121844357,0.02398218212979222,31620065.1,1.0361279743222287,False,False
2022-05-10,627.4756469726562,670.5250244140625,676.5,657.5250244140625,657.5250244140625,20113812,0.016062487126823566,-0.04463197586595835,-0.11583975682998182,-0.08263496855030805,693.7149963378906,712.7500024414062,753.6340014648438,-0.03342867322495202,-0.05924234006693663,-0.11027763727385143,0.018446199303334625,0.024085667567040968,30586669.1,0.6576006015640323,False,False
2022-05-11,631.0081787109375,674.2999877929688,677.5,664.3250122070312,676.5,17102924,0.005629862035656297,-0.005457245143113965,-0.10962931776425444,-0.09949252298946087,689.5637451171875,711.227001953125,753.3280014038086,-0.022135382598493125,-0.051920152157819754,-0.10490518534233828,0.01860403185720222,0.023868036591060834,29378999.2,0.5821479446447584,False,False
2022-05-12,616.7843627929688,651.5250244140625,663.4000244140625,646.5,660.5499877929688,22382290,-0.03377571376421096,-0.036882297309319245,-0.12906458071379656,-0.14559696433835545,684.7362457275391,710.0635021972656,752.9777514648438,-0.04850221018779188,-0.08244118674183076,-0.13473535818742988,0.019604008002574592,0.024081964103112672,29458160.4,0.7597993118402601,False,False
2022-05-13,611.246337890625,645.6749877929688,659.0,643.5,655.0250244140625,16768238,-0.008978989911177848,-0.019922586890096627,-0.13535321353469199,-0.14978437874500128,679.6824951171875,708.4160021972656,752.584376525879,-0.050034402192975946,-0.08856521339113677,-0.1420563488527774,0.019574861792677315,0.024096253073374325,28924802.2,0.5797183290677784,False,False
2022-05-16,617.7546997070312,652.5499877929688,656.0,642.6500244140625,649.5,9804356,0.010647771913079529,-0.01117551257555005,-0.10911633906541773,-0.11440590430356468,675.686245727539,707.204501953125,752.2402514648437,-0.03424112608605567,-0.07728247488415863,-0.13252450062031018,0.019740780479801864,0.02388353302085925,27970394.0,0.3505262028128742,False,False
2022-05-17,621.9674682617188,657.0,658.5,649.0999755859375,656.2999877929688,16641444,0.006819419646427294,-0.020170797392507933,-0.05836823535195568,-0.13427331813928756,673.6499969482422,706.602001953125,751.9388763427735,-0.024716094446180947,-0.0701979357771696,-0.1262587682718712,0.017255866735581386,0.023548154681119825,26521447.4,0.6274711839445083,False,False
2022-05-18,621.9200439453125,656.9500122070312,666.6500244140625,655.0,662.0250244140625,15732384,-7.608492080479756e-05,-0.025730351327344914,-0.02108473237024322,-0.1331683823756804,672.9424987792969,706.0310021972656,751.6242514038086,-0.023765012020010134,-0.06951676319805722,-0.12595953233275037,0.01512513901125452,0.023549445091276395,23603265.5,0.6665342132426549,False,False
2022-05-19,609.2109375,643.5250244140625,648.2000122070312,639.1500244140625,643.0999755859375,20537506,-0.02043532619455679,-0.012278883696285714,-0.0496566474011364,-0.14566873625746768,671.2612487792969,705.2365026855468,751.2986264038086,-0.04131956733041475,-0.08750465700015031,-0.14344975247142255,0.015531537176977035,0.023663057147388603,22163854.0,0.926621606513019,False,False
2022-05-20,625.257080078125,660.4749755859375,662.0999755859375,646.1749877929688,651.5,13919350,0.02633922618208695,0.022921730085220915,-0.038854749781834896,-0.1265580239388091,669.9262481689453,705.1980017089844,751.0553762817383,-0.014107929953245169,-0.06341910500974857,-0.12060415723836315,0.016395231436280012,0.023939263907481932,20237508.0,0.6877996045758203,False,False
2022-05-23,617.2340698242188,652.0,664.9749755859375,649.5499877929688,657.0,19486320,-0.012831637683803132,-0.000842828600501444,-0.03806430843555764,-0.14328886346770964,668.6362487792969,704.9600012207031,750.7492514038086,-0.024880865806586216,-0.07512483137908255,-0.13153426556091752,0.016365501031951675,0.02395369657775075,20178866.6,0.9656796085861432,False,False
2022-05-24,624.3104248046875,659.4749755859375,662.5,648.4500122070312,650.0,12870796,0.011464686481499342,0.0037670861277587786,-0.034266922078070694,-0.12692791831445838,667.4662475585938,704.4380004882812,750.4900012207031,-0.011972548427558904,-0.06382822174723335,-0.12127413488084571,0.01650796849806795,0.024008954321525028,19775632.0,0.6508411968831135,False,False
2022-05-25,628.9728393554688,664.4000244140625,667.9749755859375,661.5999755859375,665.0,12887112,0.007468136033136341,0.011340303019407694,-0.03152217372605326,-0.11466451648111853,666.3849975585938,703.7990014648437,750.2252514648437,-0.0029787182361601383,-0.055980438973028734,-0.11439927792780125,0.016576831510221355,0.024032130667789118,19569145.5,0.6585423977761318,False,False
2022-05-26,646.9124145507812,683.3499755859375,685.5,670.0,671.0750122070312,26992428,0.02852190017390055,0.06188562940211395,-0.004262210810632938,-0.03712841505969566,666.2387451171875,703.4980004882813,749.9787512207031,0.025683331379564578,-0.028639775647350096,-0.08884088452681793,0.017884806973160684,0.02333071264516127,20016050.2,1.348539183819593,False,False
2022-05-27,658.9115600585938,696.0250244140625,697.3499755859375,685.375,685.9000244140625,24031718,0.018548400206287896,0.05382497466552305,0.01509466847319052,-0.043987313942532524,666.7562469482422,702.9930004882813,749.7467514038086,0.04389726770432856,-0.009911871198403088,-0.07165316407061284,0.018359327510871753,0.02321026728398097,20178950.0,1.1909300533476717,False,False
2022-05-30,663.4083251953125,700.7750244140625,710.25,699.2249755859375,705.125,12624674,0.006824467272565027,0.07480831965347012,0.012241855800275037,-0.01731810774539877,667.1799987792969,702.7685009765624,749.5190014648438,0.05035376614441778,-0.0028366048844389313,-0.06503367753921796,0.018299002740817062,0.023078655765356327,19390109.9,0.6510883159048005,False,False
2022-05-31,657.4442138671875,694.4749755859375,702.4000244140625,690.0,697.9500122070312,13485388,-0.008990116098091083,0.05307252177219124,-0.010507943658248364,0.01069670814762591,666.8112487792969,702.1765002441406,749.2316262817383,0.04148659288109413,-0.01096807519979004,-0.07308374176293819,0.018154041888969356,0.022611535076050255,19089663.5,0.706423557439868,False,False
2022-06-01,660.2368774414062,697.4249877929688,700.2249755859375,689.5750122070312,690.0,12091896,0.004247830822906584,0.049706445161604496,0.028650424473405156,0.017396043461661126,667.7824981689453,701.3244995117187,748.949626159668,0.044389437736543025,-0.005560210318425907,-0.06879586632668233,0.016352008911692126,0.022613821769230075,18241462.5,0.6628797444283867,False,False
2022-06-02,655.6218872070312,692.5499877929688,694.0,689.2999877929688,693.625,11475020,-0.006989999046961515,0.013463104610697885,0.02376290740556608,0.013611398160217725,668.5862487792969,700.3104992675782,748.6750012207032,0.03584240486163881,-0.01108152952544017,-0.07496579067849662,0.016443943006152022,0.022629490889852426,17922067.9,0.6402732131151004,False,False
2022-06-03,653.3497924804688,690.1500244140625,700.375,688.1500244140625,699.1500244140625,6957244,-0.003465400940305452,-0.008440788468698779,0.047586577416491416,0.04189311439797527,670.1537506103516,699.1719995117187,748.3722512817383,0.02983833752403675,-0.012903799213865641,-0.07779848433444514,0.015186940318059982,0.02226821097775685,16933366.7,0.41086005655331376,False,False
2022-06-06,652.47412109375,689.2249755859375,693.5,680.3250122070312,688.1500244140625,6173266,-0.0013403590457167214,-0.016481821448734335,0.044398967056784144,0.03814573014095912,671.61875,698.1639990234376,748.0028762817383,0.026214612957034866,-0.0128036155545167,-0.0785797789815742,0.015209919728185585,0.022269396668775514,15603908.3,0.39562306322961405,False,False
2022-06-07,644.9716796875,681.2999877929688,687.1500244140625,677.0499877929688,681.0,10253966,-0.011498404836869702,-0.018971148358301715,0.016069442580941562,-0.006235677114748039,672.1574981689453,697.3634985351563,747.5828762817383,0.013601707410731745,-0.02303463082872803,-0.08866293034752426,0.015144303162034316,0.02192814835224954,15110916.0,0.6785800410775892,False,False
2022-06-08,647.2437133789062,683.7000122070312,690.5,678.5,686.6500244140625,5986588,0.0035227131323416483,-0.01967950077236369,0.01394041907790844,-0.018166100125532547,672.6274993896484,696.7284985351563,747.2147512817382,0.016461582120014695,-0.018699516892902945,-0.08500198766921652,0.015117018634513812,0.021837545971247596,14555099.2,0.41130520086046546,False,False
2022-06-09,652.1190795898438,688.8499755859375,691.0250244140625,678.5750122070312,681.125,7311816,0.007532489815645693,-0.005342592263733237,0.057288591801124555,-0.013674181692844622,674.4937469482422,696.1774975585937,746.876501159668,0.021284450304617675,-0.010525364577787855,-0.07769226302291377,0.012786497451580371,0.02185632343001236,13801575.5,0.529781255770401,False,False
2022-06-10,639.5283203125,675.5499877929688,683.9749755859375,671.7999877929688,680.0499877929688,9155430,-0.019307524518173524,-0.021154873729793966,0.04626940885865505,-0.06339473165348974,675.9874969482422,695.1704968261719,746.4673760986328,-0.0006472148630686236,-0.0282240243548616,-0.0950040022864892,0.01347987656510954,0.021565519143726973,13420935.1,0.6821752681003577,False,False
2022-06-13,627.9314575195312,663.2999877929688,665.0,654.1500244140625,661.7999877929688,10892572,-0.018133373135007957,-0.03761469579788357,0.016473833730896725,-0.06839889354920115,676.5249969482422,693.6669970703125,745.9723760986328,-0.019548441247449255,-0.043777503334594514,-0.11082499963072778,0.0140707582394051,0.021625897255984433,13475345.9,0.8083333875681811,False,False
2022-06-14,621.020751953125,656.0,663.0,652.5,655.625,11870356,-0.011005559968813472,-0.03713487193053766,-0.0015220700152207556,-0.09401651908900133,676.4749969482422,692.0834973144531,745.355251159668,-0.0302671895348835,-0.052137491291832205,-0.11988276868063086,0.014240322392168133,0.021534443799605837,13236791.5,0.8967698856630022,False,False
2022-06-15,618.8670654296875,653.7249755859375,657.9000244140625,649.2000122070312,650.8250122070312,11810470,-0.003468025021436727,-0.04384238128698026,-0.004909105047824269,-0.11661774396947688,676.3137451171875,690.0979968261719,744.7303759765625,-0.033399838010590766,-0.052707037851895566,-0.12219912511462949,0.014261706812709284,0.02131433375424091,13040695.8,0.905662564416233,False,False
2022-06-16,606.4892578125,640.6500244140625,660.2750244140625,639.0,655.0,12169192,-0.02000069090240253,-0.06997162354673236,-0.0044675807325716965,-0.13804234858518327,676.1699951171875,686.3429968261719,744.0466259765625,-0.05253112524901227,-0.06657454454027434,-0.1389652179751394,0.014229463852172965,0.021425873158416382,12622280.1,0.96410410033604,False,False
2022-06-17,610.4889526367188,644.875,649.5,635.7999877929688,637.5,14723922,0.006594826231063777,-0.045407428535650385,-0.02361932875972783,-0.13680020150200034,675.3899963378906,683.1579968261718,743.3998760986328,-0.045181297477530635,-0.05603827665639238,-0.13253281210603907,0.012921347091947848,0.02143516330935564,12662508.7,1.1627965949591017,False,False
2022-06-20,625.8252563476562,661.0750122070312,662.5,647.0750122070312,652.3499755859375,15936840,0.025121166438505593,-0.003354403176367815,0.01391873037888236,-0.10620245096226977,675.8437469482421,680.8709973144531,742.7846261596679,-0.021852291758115427,-0.029074501903448402,-0.110004449573883,0.013862711202440833,0.021697418610848358,12485034.7,1.2764754270166347,False,False
2022-06-21,632.6412353515625,668.2750244140625,677.0,662.0250244140625,668.4500122070312,13220684,0.010891369472571188,0.01871192746046102,0.013344022372200337,-0.07354519376868995,676.2837493896484,679.0689978027344,742.1725012207031,-0.011842255536694268,-0.015895252799933424,-0.09956913882567231,0.013840033488868383,0.021541522667529612,12502529.1,1.0574407701238624,False,False
2022-06-22,629.6591796875,665.125,668.4749755859375,661.5999755859375,666.125,8159698,-0.004713664732307499,0.01743856337115557,0.0010911733282623626,-0.07034036109914632,676.3199981689453,677.2249975585937,741.5503762817383,-0.016552812572827036,-0.017867027357546417,-0.10306161081725607,0.013796972279166164,0.021526913412717313,12266158.4,0.6652203349990979,False,False
2022-06-23,631.9785766601562,667.5750122070312,674.0,659.25,665.25,15372244,0.0036835364886769195,0.0420276075343855,-0.023084750043899538,-0.0681532810484824,675.53125,675.6149975585937,740.9157513427734,-0.011777749427533846,-0.011900247005492415,-0.09898661082967342,0.01212474251646194,0.02153336117467064,11685149.2,1.315536818306094,False,False
2022-06-24,640.806396484375,676.9000244140625,680.8250122070312,669.2750244140625,669.2750244140625,8013432,0.013968485992611246,0.04966082483281653,-0.027477460334274673,-0.06750240853008949,674.575,674.217998046875,740.3601263427735,0.0034466507268464674,0.003977980971966,-0.08571518058676497,0.0117722995231232,0.02154147072681948,10884234.9,0.7362421037054244,True,False
2022-06-27,641.9660034179688,678.125,688.0,676.0,685.0,9804164,0.0018096846532069666,0.025791305794552022,-0.03232139220857766,-0.08172243824247838,673.4424987792969,673.1309985351562,739.8365014648438,0.006953082452014536,0.007419063266602688,-0.08341235035397376,0.011642245123787353,0.021411256744764604,10743209.4,0.9125917251505867,True,False
2022-06-28,637.06689453125,672.9500122070312,675.5,669.2000122070312,672.0,9770574,-0.007631318404377918,0.006995604537320066,-0.030994584593556196,-0.08463967983015841,672.3662506103516,672.6354992675781,739.2781265258789,0.0008682196587792568,0.0004675830220017829,-0.08972010930520313,0.011600598581127733,0.021423333805590705,10557468.7,0.9254655900613753,False,False
2022-06-29,636.1438598632812,671.9749755859375,675.375,665.625,665.625,9994046,-0.0014488990317363948,0.010298779306051387,-0.036491397143037396,-0.10760295406914011,671.09375,672.6529992675781,738.6970013427734,0.0013131184516879113,-0.0010079843282924106,-0.09032394288260459,0.011521473024810235,0.021160217665017935,10452576.2,0.9561323264976533,False,False
2022-06-30,638.0609741210938,674.0,677.0,668.0,668.0,12475822,0.0030135414079917044,0.009624368311401454,-0.02678505251596952,-0.18638341364520306,670.1662506103515,672.5899987792968,738.1455014038086,0.005720594533306977,0.0020963755382361615,-0.08690089051794847,0.011501148516483057,0.016424788014743744,10502616.3,1.1878775386662463,False,False
2022-07-01,640.7826538085938,676.875,680.0,665.0250244140625,671.9749755859375,11472452,0.004265578635014755,-3.6969143388909664e-05,-0.019234983618718227,-0.15824654127156845,669.5024993896484,672.3839990234375,737.6410012817382,0.011011909017625499,0.006679220479793191,-0.08237882815102482,0.01155411502486574,0.016092308973250553,10728376.7,1.0693558141000028,False,False
2022-07-04,641.6820068359375,677.8250122070312,680.0999755859375,671.125,676.8499755859375,8487480,0.0014035268063250506,-0.000442378312211944,-0.01654026447491208,-0.12586643082489335,668.9325012207031,672.3844995117188,737.1587512207032,0.013293584883528053,0.008091371379416623,-0.08048977091490506,0.01156498665332273,0.015506770336947976,10844087.4,0.7826827364006675,False,False
2022-07-05,640.2383422851562,676.2999877929688,689.6749877929688,674.1500244140625,682.0,14325718,-0.0022498792263462297,0.0049780452116359175,-0.007338911037114815,-0.10822483890823309,668.6825012207031,672.2529992675782,736.6732510375977,0.011391783930878585,0.006020037887223717,-0.08195392347909158,0.011295188824889,0.015285937533584527,11047675.0,1.2967179067088777,False,False
2022-07-06,649.066162109375,685.625,686.7000122070312,673.5499877929688,674.0,15049078,0.013788277946688243,0.02031329277129723,0.002815544476523879,-0.09467535212930545,668.7787506103516,672.2449987792969,736.2015011596679,0.025189570353833624,0.01990345966872087,-0.06869926382926361,0.01170424556988735,0.015417716289512539,11500799.5,1.308524507361423,False,False
2022-07-07,660.6866455078125,697.9000244140625,699.0,687.2249755859375,690.0,17743142,0.01790340844348215,0.03545997687546354,0.013137909775531309,-0.06707213444402915,669.2312530517578,672.4774987792969,735.7356262207031,0.04283836301961741,0.037804276992038366,-0.05142553990622012,0.012262367823453284,0.015553923395605292,12022365.8,1.4758444631588234,False,False
2022-07-08,661.3018798828125,698.5499877929688,705.0,697.375,705.0,12474030,0.0009313130192993846,0.0320221426304248,0.034046333233076265,-0.06454638393978074,670.3812530517578,672.7349987792969,735.3287512207031,0.042018977429603366,0.038373191614103686,-0.05001676238917452,0.01132124008268114,0.015555672401933113,12188295.8,1.0234433266708214,False,False
2022-07-11,665.585693359375,703.0750122070312,704.9500122070312,696.625,697.0,7462880,0.006477738877870509,0.03725150229818874,0.05996536280123865,-0.04013784000659948,672.370004272461,672.9504992675782,734.9642514038086,0.045666831862606116,0.044764827386620354,-0.043388830321839045,0.010343158649220568,0.015400373128186713,12016811.2,0.621036635742434,False,False
2022-07-12,658.7931518554688,695.9000244140625,702.625,694.7000122070312,702.625,9876974,-0.01020515260590138,0.028981276023760216,0.06082320794826601,-0.00261557380878108,674.3650054931641,672.8315002441407,734.6095016479492,0.03193377287593657,0.034285737456630994,-0.05269395120407472,0.010287650420891902,0.014181321589753947,11917142.1,0.8288039126427804,True,False
2022-07-13,642.7233276367188,678.9249877929688,697.0999755859375,677.125,695.0,15945610,-0.02439292430746276,-0.00977212354717416,0.038548339360056305,0.011659979871403214,675.6250061035156,672.85,734.0791265869141,0.004884339181708164,0.009028740124795709,-0.07513377890253248,0.011915946359665194,0.013654102882001262,12123899.1,1.3152212723380385,True,False
2022-07-14,639.504638671875,675.5250244140625,686.3250122070312,674.625,681.0,10372410,-0.005007863077714614,-0.03206046599408763,0.05443689794891782,-0.0023997636290512547,677.3687561035156,672.8310009765624,733.452876586914,-0.0027219024686920834,0.0040040120529374335,-0.07897965093874315,0.01088898724507857,0.013622119468849034,12034060.0,0.8619210806660429,True,False
2022-07-15,644.7113647460938,681.0250244140625,682.4500122070312,673.4000244140625,676.5,13595646,0.008141815330632074,-0.025087629640185738,0.05605741331895708,-0.008949632172524757,679.1762573242188,673.2755017089844,732.7952517700195,0.0027220726135619433,0.01151018072899923,-0.07064760208381449,0.010923474190771726,0.013526637169498845,11977646.2,1.1350849551725781,True,False
2022-07-18,637.8480224609375,673.7750244140625,683.0499877929688,671.0250244140625,674.0,20332220,-0.010645717470129323,-0.04167405651495537,0.019211151491918654,-0.005938275968419893,679.8112579345703,673.5525024414062,732.1265017700196,-0.008879278549824732,0.00033037064200591715,-0.07970135927996613,0.009959966531829392,0.013481083293935343,12197415.2,1.6669285800814586,True,False
2022-07-19,638.0846557617188,674.0250244140625,679.2750244140625,668.5,668.5,15792538,0.0003710437326129856,-0.03143411299405896,0.008604241951196023,-0.012959876384312619,680.0987579345704,673.6225024414063,731.512001953125,-0.00893066403907794,0.0005975482873528115,-0.07858651312018561,0.009684013501738115,0.013445263870576004,12326007.9,1.2812370499941024,True,False
2022-07-20,646.13134765625,682.5250244140625,685.5499877929688,677.625,679.9500122070312,20347862,0.012610807747663655,0.00530255431133364,0.026160532853316987,-0.00510185470710689,680.9687591552735,673.7870031738281,730.9372521972656,0.002285369538419957,0.012968521504681085,-0.06623308312399101,0.009966353563465945,0.013532427972055259,12935416.1,1.573034979524161,True,False
2022-07-21,644.0960693359375,680.375,684.75,679.0499877929688,680.2750244140625,12640278,-0.003150103420615613,0.007179564650686698,0.01917385695826379,-0.008597171985240015,681.6087585449219,674.3640026855469,730.3823773193359,-0.0018100685025757013,0.00891357974404805,-0.06846739307001626,0.009998844451862481,0.013538451455369662,12798817.8,0.987612934063332,True,False
2022-07-22,659.1245727539062,696.25,698.5,681.2000122070312,683.0,12729592,0.02333272092595995,0.022355970838276784,0.028586164703845673,0.015422776673055916,682.5762573242188,675.3755029296875,729.8992523193359,0.020032549519644727,0.030907986712224167,-0.04610122864547628,0.010823436893013355,0.013870198868622388,13034625.8,0.9765981927920017,True,False
2022-07-25,661.065185546875,698.2999877929688,702.2999877929688,691.6500244140625,697.5,10143126,0.0029443271712297214,0.036399335817224765,0.029751134072580676,0.008666763116850218,683.5850067138672,676.2905029296875,729.4021273803711,0.021526190502392017,0.032544423983386306,-0.04264059346674087,0.010828306401771248,0.01382078243679533,13051573.9,0.7771573051430984,True,False
2022-07-26,659.7162475585938,696.875,701.0,693.1500244140625,698.0,8527964,-0.0020406527536575014,0.03390078225330173,0.03555239967156476,-0.007088374665517594,684.7812561035156,677.0880029296875,728.849252319336,0.017660740256383756,0.029223671051172406,-0.043869500061347155,0.010650257734513632,0.01370825644194387,12989443.4,0.6565303637259776,True,False
2022-07-27,664.7573852539062,702.2000122070312,703.0,692.125,694.4500122070312,9212778,0.007641273122197312,0.028826763985480897,0.04497940804229894,0.03569323334370389,686.2925079345703,677.9930029296875,728.3340023803711,0.02317889833933262,0.03570392197669059,-0.03588187574372148,0.010698072545168158,0.012995423784342744,12950380.0,0.7113905537906996,True,False
2022-07-28,670.650390625,708.4249877929688,712.0,705.5,707.5250244140625,17420406,0.008864960805643252,0.04122724643464082,0.051075649544463975,0.04723014650964341,688.0137573242188,679.2910021972656,727.8695022583008,0.029666892923961408,0.042888814221688554,-0.02671428656510977,0.010799393872158208,0.013032297240878387,13197609.2,1.3199668012597312,True,False
2022-07-29,678.86279296875,717.0999755859375,719.2999877929688,707.6500244140625,719.0,20019736,0.012245457094892886,0.029946104970825838,0.05942748009002763,0.08849421504738975,690.0250061035156,680.4235021972656,727.3705020141601,0.039237664204824885,0.05390241999318657,-0.014120075532046639,0.011011473385751615,0.012620850891465722,13624973.4,1.469341290603914,True,False
2022-08-01,684.5191650390625,723.0750122070312,724.2249755859375,715.0250244140625,719.5,13193036,0.008332222597290606,0.0354790560606566,0.06675764273239748,0.09569273111669752,692.2875061035156,681.8450024414062,726.9118771362305,0.04447213886149792,0.060468302353170245,-0.005278308210226346,0.011069159282354326,0.012651702487670873,13860251.2,0.9518612476518463,True,False
2022-08-02,676.9931030273438,715.125,722.2999877929688,711.5250244140625,721.0,15036510,-0.010994726788809306,0.026188340807174804,0.05740797413546095,0.06651500534959331,694.2287567138671,682.9580029296875,726.3890020751953,0.030099939082104843,0.04709952432261666,-0.01550684556486348,0.011465326190741676,0.012609719259859705,13895790.8,1.082090988301292,True,False
2022-08-03,678.5787353515625,716.7999877929688,717.875,708.5,712.4749755859375,10975498,0.002342230788979105,0.020791762079367393,0.045469444365314526,0.06302832681208481,695.7875061035156,684.0060021972656,725.754501953125,0.030199567404027183,0.04794400267008969,-0.012338213729378378,0.011172926287104161,0.012597068580252528,13692111.8,0.8015927827875317,True,False
2022-08-04,677.7741088867188,715.9500122070312,723.3499755859375,706.4749755859375,720.0,12012206,-0.00118579185325407,0.010622189425455009,0.025863285802465885,0.09888336653056151,696.6900054931641,684.6580029296875,725.1585018920898,0.027645016523860644,0.04570458410395206,-0.012698588875441286,0.01056744591431963,0.011741470402617063,13405565.0,0.8960611507235987,True,False
2022-08-05,675.4783935546875,713.5250244140625,718.4749755859375,710.5750122070312,716.5,9268982,-0.003387090930403569,-0.004985289769329437,0.02143731570077989,0.10508388570698268,697.4387573242187,685.0080029296874,724.5043771362305,0.023064773674982053,0.041630201928169575,-0.015154294533825108,0.010620022102321087,0.011677769548418716,13245312.6,0.6997933744500677,True,False
2022-08-08,692.0452880859375,731.0250244140625,732.25,713.5499877929688,714.0,15357736,0.024526119478949893,0.010994726788809306,0.039753954729941254,0.12025904235552787,698.8362579345703,685.6130029296875,723.974877319336,0.0460605272179595,0.06623564793888859,0.009738110141102041,0.011800884569345343,0.01199058405648068,13640055.4,1.1259291512848253,True,False
2022-08-10,694.0570068359375,733.1500244140625,735.75,724.5250244140625,730.6749877929688,17353102,0.0029068772326956704,0.025205417813756403,0.05352780384131184,0.1159056688189688,700.6987579345703,686.38650390625,723.4498773193359,0.046312721568321225,0.06813001165040333,0.013408181269819908,0.011444988287750606,0.011974364324675798,14013861.8,1.2382812280908893,True,False
2022-08-11,703.23974609375,742.8499755859375,745.5,737.2750244140625,743.25,18301766,0.01323051333132974,0.0363420594818602,0.09415618653361757,0.13075570710520923,703.8950073242188,687.2950036621094,722.9622521972656,0.05534201529543714,0.08083133389274622,0.027508660830116716,0.009724918952206453,0.012060068198175568,14131669.6,1.2950887275202076,True,False
2022-08-12,702.9794311523438,742.5750122070312,744.6500244140625,737.9749755859375,742.5,8850370,-0.0003701465813327198,0.03718835050777369,0.09925611246027,0.15391784940011455,707.2475067138672,688.2955041503906,722.5326272583007,0.049950696407978334,0.07886076217168014,0.027739072524354702,0.009538427070408874,0.011696700608665954,14055567.6,0.6296700533104049,True,False
2022-08-16,711.0261840820312,751.0750122070312,754.25,744.0250244140625,747.4000244140625,12563756,0.01144665503184239,0.05262602783105508,0.10285963845930346,0.13717406407520327,710.7500061035156,689.51400390625,722.156127319336,0.056735850520193365,0.08928173750210222,0.040045197698513,0.00962783310329444,0.011333676564666361,14003973.1,0.8971565362404188,True,False
2022-08-17,714.694580078125,754.9500122070312,756.375,742.875,750.0,12384350,0.005159271626695938,0.03272800108607132,0.1204778818620671,0.15789879172857546,714.8087554931641,690.8285046386719,721.8238772583007,0.05615663826917272,0.09281827130439146,0.045892268172886386,0.008901515496394938,0.01116578835575725,13606579.6,0.9101736339380986,True,False
2022-08-18,715.5465087890625,755.8499755859375,756.9500122070312,749.8250122070312,750.0,8342138,0.0011920834020193727,0.03096221839454616,0.1213974974341736,0.14613897959414102,718.9000030517578,692.3195043945312,721.6191271972656,0.05139793069595999,0.09176467048543846,0.04743617110264653,0.008877305782272474,0.011104707625920876,13234059.6,0.6303536671392956,True,False
2022-08-19,706.7188110351562,746.5250244140625,756.0,745.0,755.0,8063702,-0.012337039720939691,0.004947228846882812,0.09376945564002304,0.12360776186368505,722.1000030517578,693.5760046386719,721.394627380371,0.03382498443301363,0.0763420582910379,0.03483585277720813,0.009591359365542583,0.0112430729356207,12619851.6,0.6389696373291743,True,False
2022-08-22,695.9739990234375,735.1749877929688,744.1749877929688,733.8499755859375,742.4000244140625,8234066,-0.015203826060622982,-0.009965356081762855,0.0805437998059435,0.07583963424099638,724.8400024414062,694.5025048828124,721.0572521972656,0.014258298820087445,0.05856347907200021,0.01957921587042133,0.01044077061951109,0.010907345289503635,12399541.0,0.6640621616558225,True,False
2022-08-23,693.8203735351562,732.9000244140625,737.9749755859375,725.2000122070312,726.6500244140625,14966884,-0.0030944515478359413,-0.024198631957627836,0.05263917330565526,0.05297941698438602,726.6725036621094,695.6495056152344,720.704877319336,0.008569913847805033,0.05354782616553955,0.0169211385665744,0.009484784987718159,0.010682050182194688,12511405.6,1.1962591956894115,True,False
2022-08-24,697.1572875976562,736.4249877929688,737.75,729.5999755859375,730.9500122070312,13455520,0.00480961012618919,-0.024538080819293207,0.05459687908701971,0.050872194551616845,728.5787536621094,697.1120056152344,720.4333773803711,0.010769232689563424,0.056394068472596315,0.02219720922807067,0.009497398308577548,0.010666319124694151,12677025.3,1.0614098876966034,True,False
2022-08-25,693.3706665039062,732.4249877929688,743.4000244140625,728.5,739.9500122070312,11823040,-0.005431646218290065,-0.030991583713169568,0.05101343539798209,0.0546456150921959,730.3562530517578,698.6405053710937,720.1106274414062,0.002832500896058354,0.04835746304736488,0.01710065076433631,0.009616089009864076,0.010620283594583682,12841779.1,0.9206699405069193,True,False
2022-08-26,693.4889526367188,732.5499877929688,740.9000244140625,730.5999755859375,736.0250244140625,7706176,0.00017066594133652302,-0.018720118099272764,0.04322126895234146,0.05036383928708177,731.8737518310547,700.2170056152344,719.7727523803711,0.0009239789789183828,0.046175659714698725,0.017751763136826026,0.009552167510744013,0.010611816963412879,12766449.0,0.6036272106675866,True,False
2022-08-29,681.3240966796875,719.7000122070312,723.0,714.2999877929688,718.5,8653178,-0.017541431711236455,-0.021049377145425097,0.015915622131269958,0.03920298157911284,732.4375030517579,701.7980053710937,719.4406274414063,-0.01739054976247789,0.02550877417565678,0.0003605367221857225,0.010366995120648523,0.010829551288352503,12328087.6,0.7019075691837232,True,False
2022-08-30,703.4290771484375,743.0499877929688,744.9749755859375,721.5499877929688,723.2249755859375,10135400,0.03244403944684193,0.013849042216939278,0.03618743981385264,0.07664994784839485,733.7350036621094,703.7615051269531,719.2677523803711,0.012695297463481747,0.05582641616484585,0.03306450947354689,0.012333773637719387,0.011562947758051391,11833870.8,0.8564737752587259,True,False
2022-09-01,696.8259887695312,736.0750122070312,744.7249755859375,729.5,732.375,22403136,-0.009386953368581308,-0.0004752358919628552,0.017978770916616593,0.06797495488503547,734.3850036621094,705.2615051269531,719.0773773193359,0.0023012568836433545,0.04369089600960341,0.023638116597494818,0.012479233218667424,0.011640461096717554,12294375.8,1.8222263874510813,True,False
2022-09-02,703.1450805664062,742.75,745.25,732.5999755859375,736.0750122070312,12038086,0.009068352657366496,0.014097023420983845,0.03862961020800548,0.09019523456340428,735.7662536621094,706.7510046386719,718.9086273193359,0.009491800287293017,0.05093589556301037,0.03316328636862198,0.012271934139383813,0.011563859664512613,12144454.6,0.9912413851833247,True,False
2022-09-05,707.66552734375,747.5250244140625,749.5,742.0499877929688,743.0499877929688,12131932,0.006428844717687676,0.020442340960526995,0.04286417012323951,0.09335236370846278,737.3025054931641,708.3990051269532,718.7531274414063,0.013864755435844867,0.05523161241608121,0.040030291172544086,0.012312449518328225,0.01157852720003056,12202276.3,0.9942351493876597,True,False
2022-09-06,704.9674682617188,744.6749877929688,753.3250122070312,743.2249755859375,749.4500122070312,12238696,-0.0038126303842840326,0.03470192463850208,0.0401214820813931,0.08104088580324964,738.7387542724609,709.9410046386719,718.6065023803711,0.008035633011231447,0.04892516832715543,0.036276439645684055,0.012364058891448667,0.011571880096313361,12213600.8,1.002054692994387,True,False
2022-09-07,701.6304321289062,741.1500244140625,745.0,735.6500244140625,735.6500244140625,9776206,-0.0047335595215214354,-0.0025569792209398923,0.03871623146319969,0.09710611769146804,740.120004272461,711.2260046386718,718.4852523803711,0.001391693422222895,0.04207385497749505,0.03154521537999844,0.012398787368181226,0.011279866468130706,12238962.0,0.7987773799771581,True,False
2022-09-08,708.8724365234375,748.7999877929688,750.0,741.0750122070312,745.0499877929688,11164690,0.010321747455859676,0.017287607071164057,0.024315122992066396,0.1289009521686988,741.0087524414063,712.6395043945313,718.3807522583007,0.010514363461824994,0.05074162065876475,0.042344168380127334,0.011406034717122733,0.011031228242197866,12029309.7,0.9281239138767872,True,False
2022-09-09,709.3458251953125,749.2999877929688,754.5,747.0250244140625,748.0999755859375,15128888,0.0006677350536206106,0.00881856316791474,0.02202818364742387,0.1422255911478183,741.8162506103515,714.16650390625,718.3388772583007,0.010088397465625398,0.049195087832529794,0.04310098132630369,0.011400041120665555,0.010898629321021877,11918099.0,1.269404457875371,True,False
2022-09-12,706.9554443359375,746.7750244140625,752.0,745.0,750.0,11080492,-0.003369763005526605,-0.0010033108932879786,0.00528377055545981,0.1423382191337017,742.0125030517578,715.6625048828125,718.2838772583008,0.006418384249210485,0.043473731429236384,0.039665580779166154,0.01107395002681301,0.010897758757515492,11557035.3,0.9587659561790902,True,False
2022-09-13,716.2091674804688,756.5499877929688,757.9500122070312,749.2750244140625,749.4500122070312,13001966,0.01308956922679072,0.015946554127183044,0.018819614660075867,0.1809099492112065,742.7112518310547,717.3135046386719,718.2715020751953,0.01863272695518825,0.054699211572855067,0.0532925023576476,0.011432882681540404,0.010583940941217907,11764615.1,1.1051756380878113,True,False
2022-09-14,723.5696411132812,764.3250122070312,769.4500122070312,746.1749877929688,747.0250244140625,20219760,0.01027694737890883,0.03126895639150851,0.017641380400960083,0.1852297146067552,743.3737518310547,719.0625048828125,718.2782522583008,0.028184019578805453,0.06294655473879196,0.06410713369638765,0.011379466448870239,0.01061676395045099,12147415.3,1.6645318778226015,True,True
2022-09-15,719.8065795898438,760.3499755859375,770.4749755859375,756.0,765.0,13539372,-0.005200715085347807,0.015424663436509167,0.007152742951973545,0.1501720100529469,743.64375,720.7130041503906,718.3552520751953,0.022465361385660243,0.054996886704261394,0.05845954823804411,0.011412843958005832,0.010256230405078434,12205166.4,1.1093148226147904,True,True
2022-09-16,706.5767822265625,746.375,757.3499755859375,741.5,751.5499877929688,20560046,-0.018379662043348066,-0.0039036271728553062,-0.012535524101317197,0.11686801501285315,743.1700012207032,722.1145043945312,718.3340020751953,0.004312605156333582,0.033596466291464955,0.039036155665466366,0.01215774093981704,0.010537120210138763,12816061.8,1.6042405475916166,True,True
2022-09-19,711.2391357421875,751.2999877929688,757.0,740.0,744.5,12076038,0.006598543350150754,0.006059339467675118,0.0063962536053685515,0.129562094031902,743.4087493896484,723.4280041503906,718.3566268920898,0.01061493883385034,0.038527653730120015,0.04585934014892534,0.011927517319719427,0.010517995611804816,13016678.6,0.9277357435866935,True,True
2022-09-20,719.8065795898438,760.3499755859375,762.0,754.9500122070312,757.0,10781668,0.012045771249849402,0.005022784818296211,0.034243531419023476,0.13897309168626348,744.6674987792969,724.6770031738281,718.3967517089844,0.021059703602410718,0.04922603070868048,0.05839840419260134,0.011604954523813773,0.010594635577097541,13144058.7,0.8202693130090785,True,True
2022-09-21,718.6942749023438,759.1749877929688,760.75,752.5,754.0,9072304,-0.0015453249565284821,-0.006738003247063085,0.035850678815180226,0.12154669879074831,745.9812469482422,725.8895031738281,718.3782516479492,0.017686424288413827,0.045854754027445654,0.05679004904649099,0.01157606281797383,0.010492016790254386,12849329.7,0.7060527056131185,True,True
2022-09-22,703.3817749023438,743.0,755.0750122070312,741.375,751.0,12048144,-0.021306007248726333,-0.022818407500529436,0.008928285047383078,0.0956682027649769,746.3099975585938,726.6880029296875,718.3093765258789,-0.004435151035657725,0.02244704330407221,0.03437324401017561,0.01264533677269441,0.01091383264560248,12778960.9,0.9428109291734353,True,True
2022-09-23,684.5191650390625,723.0750122070312,737.5,718.5,736.1749877929688,15806252,-0.026816941847871756,-0.031217535143820085,-0.012765779078772299,0.07448547305260944,745.8424987792969,727.2315026855468,718.1652514648438,-0.030525863851320723,-0.005715498384168405,0.006836533419255497,0.014006043292771036,0.011455947821382303,12978121.5,1.2179152429725673,True,True
2022-09-26,675.2890625,713.3250122070312,718.2249755859375,709.0,712.6749877929688,8923486,-0.013484078187462445,-0.050545689076201605,-0.02624390950282951,0.06153508407815034,744.88125,727.9195031738282,717.9176266479492,-0.042364118835007236,-0.020049594636718626,-0.00639713286099608,0.014298859721473933,0.011608576141236787,13038987.0,0.6843695756426477,True,True
2022-09-27,669.2303466796875,706.9249877929688,720.0,703.5,716.2000122070312,12639700,-0.008972101502877083,-0.070263680552891,-0.01775048519852962,0.04885013025663021,744.2424987792969,728.5475024414062,717.5677514648437,-0.05014160175955562,-0.029678935932082817,-0.014831719583480174,0.013907450659518067,0.011677345577771262,13238313.1,0.9547817689853552,True,True
2022-09-28,657.7281494140625,694.7750244140625,705.2999877929688,692.9500122070312,703.0,11816132,-0.017187061694959538,-0.08482887926290383,-0.06496866182892236,0.026445096087257536,741.8287506103516,728.8225024414063,717.2245016479492,-0.06342936446932645,-0.04671573382173533,-0.031300488455574316,0.011953430082169932,0.011897719137264905,13322349.7,0.8869405372237001,True,True
2022-09-29,654.3201904296875,691.1749877929688,701.0999755859375,689.4000244140625,698.1500244140625,14410388,-0.005181586117218084,-0.06975102585064774,-0.06099925098589509,0.019695312721596636,739.5837493896485,729.1705017089844,716.8740014648438,-0.06545406336554815,-0.052107859309947546,-0.03584871765381681,0.011877185409012314,0.011919639527644271,12922712.3,1.1151210106256098,True,True
2022-09-30,672.7803955078125,710.6749877929688,715.7249755859375,682.5,689.4000244140625,15781756,0.0282128264830106,-0.0171490152539141,-0.0431841295281471,0.05082803581318851,737.9799987792969,729.9035009765626,716.6495013427734,-0.03699966263515786,-0.02634391143194592,-0.008336730212761378,0.013559632800804858,0.012442385416728477,13109895.8,1.2038048387844547,True,True
2022-10-03,668.9226684570312,706.5999755859375,708.9249877929688,700.5499877929688,704.9749755859375,11541112,-0.005734002570832564,-0.00942773140715547,-0.05474739639680093,0.03059248945989057,735.9337463378906,730.385,716.4263763427734,-0.03985925485537534,-0.03256505050632541,-0.01371585564311284,0.01342827856237894,0.012354658751556955,13080354.8,0.882324078854497,True,True
2022-10-04,687.7615356445312,726.5,729.0,713.0750122070312,714.75,11538526,0.028163069773050387,0.027690366792868293,-0.024406604345386773,0.0409800466907122,735.0249969482422,731.3075,716.3088763427735,-0.011598240853899155,-0.006573842056863954,0.014227275402838524,0.015092443557058466,0.012665611251712214,13045346.3,0.8844936527288662,True,True
2022-10-06,680.1881103515625,718.5,731.2999877929688,717.0999755859375,729.9749755859375,12549198,-0.0110116999311769,0.03414770933360178,-0.03056064719416174,0.02855917623026838,733.8924957275391,731.7525,716.1511264038086,-0.020973774520312904,-0.01811063166849458,0.003279857434542288,0.015236016644805915,0.012756208806479078,13183995.9,0.9518508724657597,True,True
2022-10-07,677.2534790039062,715.4000244140625,717.4749755859375,710.1749877929688,715.125,13297994,-0.004314510210073119,0.03504906434541,-0.04460465267547631,0.017530152534281696,732.2224975585938,732.0945007324219,716.0455014038085,-0.022974537385318627,-0.022803717691715297,-0.0009014468891719307,0.014990843392044062,0.012747281693922419,13290661.1,1.0005517332768346,True,True
2022-10-10,669.7747192382812,707.5,713.0,699.0999755859375,704.0,13109302,-0.011042807023291523,-0.0044675665353424154,-0.0557853843239593,0.016669025979276997,730.1324981689453,732.3070007324219,716.0188763427734,-0.030997795914719517,-0.03387513803310771,-0.011897558324559077,0.0151023561751616,0.012759512085490789,13189681.8,0.9939058575317563,False,True
2022-10-11,662.9822998046875,700.3250122070312,708.5,699.7249755859375,700.5499877929688,14521620,-0.0101413255024293,-0.008880503248960392,-0.06220081107221953,0.03152045483497257,727.8099975585938,732.2695007324219,715.9160012817383,-0.037763956862037706,-0.04362395059938928,-0.021777679290299168,0.015192430478322099,0.012419108203944249,13361738.2,1.0868062060967487,False,True
2022-10-12,667.3132934570312,704.9000244140625,707.4249877929688,698.6500244140625,701.5999755859375,9225050,0.0065326985717866215,-0.029731556209136256,-0.06827039086945352,0.04348469551587564,725.2274993896484,732.1990014648437,715.8275015258789,-0.028029101202992845,-0.037283548592891624,-0.015265517304829834,0.014892547084259043,0.012420263134549624,13172892.4,0.7003055760176102,False,True
2022-10-13,659.6452026367188,696.7999877929688,703.125,692.0,701.0250244140625,14714234,-0.011491043184211569,-0.030201826314587676,-0.08834595667500167,0.023163559066685657,721.8512481689453,731.7930017089843,715.7012515258789,-0.03470418654746643,-0.0478181860639485,-0.02640943227724213,0.014631657868560976,0.012481632406155827,12897616.1,1.1408491217225794,False,True
2022-10-14,681.1348266601562,719.5,723.5,707.625,708.5,12849920,0.0325775152191532,0.005731025225076625,-0.053725227720902935,0.06786386246017573,719.8087493896485,731.7215014648438,715.7015014648438,-0.00042893253230147366,-0.016702394887094796,0.005307378184035816,0.01681396848711967,0.013063668877951429,12863143.5,0.9989719853471276,False,True
2022-10-17,684.70849609375,723.2750244140625,728.7999877929688,713.5,717.5,18410500,0.005246733028578809,0.02229685429549466,-0.030949556973287606,0.07306850371440365,718.6537506103516,731.884501953125,715.6908764648438,0.006430459452533288,-0.011763437422280476,0.010596960501551456,0.016475297369432693,0.013073722017835718,12755666.2,1.443319361869159,False,True
2022-10-18,683.4304809570312,721.9249877929688,731.4500122070312,720.0,729.0250244140625,10561108,-0.0018665605413202835,0.030842787576394803,-0.039098895883510454,0.057726767473076146,717.1850006103516,731.987001953125,715.6485012817383,0.006609155487891094,-0.01374616507302484,0.008770348152744134,0.01636622077553089,0.012994029020528522,12679919.7,0.8329002272782532,False,True
2022-10-19,690.4359741210938,729.3250122070312,738.7000122070312,726.7000122070312,732.0,12967040,0.010250406259915579,0.034650286490302884,-0.04080353044661822,0.07194563616686578,715.6337524414063,732.254501953125,715.6605014038086,0.01913165738608158,-0.004000644227218797,0.019093565701081783,0.016290649338295948,0.01303626180079881,12789188.3,1.013906410307525,False,True
2022-10-20,685.7735595703125,724.4000244140625,726.4500122070312,721.25,722.0,7898078,-0.006752802537328462,0.039609697337271266,-0.04580625539311045,0.040430914777827676,713.8950042724609,732.472001953125,715.6287515258789,0.014715077257484666,-0.011020185778485292,0.012256736288866588,0.016325325660282854,0.012747561455412252,12730477.0,0.6204070750844607,False,True
2022-10-21,680.9454956054688,719.2999877929688,728.8250122070312,717.0,726.0,10492606,-0.0070403595378382144,-0.0002779877790566321,-0.031897728407848214,0.030073035038095997,712.7100036621093,732.2375012207032,715.5267514038086,0.009246375239575944,-0.017668466045738573,0.005273368719977745,0.015748815334636894,0.012783423321065248,12652700.1,0.8292780131570494,False,True
2022-10-24,691.5719604492188,730.5250244140625,731.5,727.1500244140625,727.1500244140625,2167794,0.015605500919769977,0.010023849511288319,0.010303235599708582,0.04828703054932726,713.0825042724609,732.1850012207032,715.3802514648437,0.024460732155247245,-0.0022671548910085937,0.02117024186536831,0.014998900758220066,0.012924462352302631,11970777.2,0.18109049761614476,False,True
2022-10-25,686.767578125,725.4500122070312,733.9000244140625,722.5,730.5499877929688,13773394,-0.00694707509999648,0.004882812582563512,0.016997861833675465,0.033110224431532886,713.688754272461,731.837001953125,715.1861264038085,0.01647953378018374,-0.008727339187617145,0.014351349144358982,0.014744477693303984,0.012932099963918921,12213272.6,1.1277398328110682,False,True
2022-10-27,688.42431640625,727.2000122070312,733.6749877929688,725.625,732.25,15937276,0.0024122957757986008,-0.002913652986573867,0.028680588130519213,0.0265024875429003,714.702505493164,731.529501953125,714.9100015258789,0.0174863060053827,-0.005918407575544515,0.017190989991636707,0.014560057179475873,0.012889172446700816,12378151.4,1.28753280558517,False,True
2022-10-28,690.4595336914062,729.3499755859375,733.5,723.7000122070312,725.0,10474278,0.0029564952458969174,0.006833173667931458,0.049764240159659856,0.01708269476650126,716.4312530517578,731.0950012207031,714.7073764038086,0.01803204770750888,-0.0023868657723715714,0.020487544505005673,0.013879087648735813,0.012801401955218243,12311058.7,0.8508023765657133,False,True
2022-10-31,708.4464721679688,748.3499755859375,749.0,733.625,736.0,12830528,0.02605059386577202,0.04038647057690481,0.08272143639852692,0.03495482896270996,719.2900024414063,730.9630004882813,714.572751159668,0.04040091346452224,0.02378639559873985,0.04726911902455422,0.014699532579178156,0.013186926375749223,12232065.7,1.0489256937199087,False,True
2022-11-01,716.2802124023438,756.625,764.5,749.4500122070312,751.75,19073756,0.011057693170342331,0.03572769544324883,0.06465685861511883,0.05803181262017132,721.5875030517578,730.9785009765625,714.4580010986328,0.048556130476290926,0.03508516186067667,0.0590195628525767,0.013682762873598918,0.013163944802432673,12396665.7,1.5386198564667273,False,True
2022-11-02,716.7299194335938,757.0999755859375,764.125,755.7999877929688,758.5,12720406,0.000627755606724012,0.04362804169320755,0.07146900897940678,0.05622208214184354,724.1125030517578,731.19,714.3287509155274,0.04555572841948541,0.0354353527618505,0.05987610692638623,0.013536682073429236,0.013162898592631485,12455630.4,1.021257502952239,False,True
2022-11-03,713.5821533203125,753.7750244140625,760.125,748.5,748.8499755859375,10332352,-0.004391693672030184,0.03654429560084416,0.03754304805789754,0.052831917818437546,725.4762542724609,731.5620007324219,714.2060009765624,0.03900716250179803,0.03036382925767267,0.05540281569098515,0.01232339516702239,0.013178406071474011,12395321.7,0.833568684223823,False,True
2022-11-04,708.6595458984375,748.5750122070312,758.0499877929688,744.7999877929688,751.5999755859375,10818060,-0.006898626299104871,0.026359137951089906,0.041858054567893266,0.04912229647691935,726.9800048828125,731.8755004882812,714.1288760375977,0.02970509117056097,0.022817421416086114,0.048235181807184,0.012129091916252464,0.013205732686412513,12308764.8,0.8788907884566939,False,True
2022-11-07,714.1738891601562,754.4000244140625,756.0,746.0499877929688,755.0,9835834,0.0077814676045053766,0.008084517973542926,0.05451495480719659,0.03197564955965193,728.9300048828125,732.2350012207031,714.0380010986328,0.034941653328353306,0.03027036833312846,0.056526435922637175,0.01209279656413195,0.012870325209240602,12135656.8,0.8104904548717956,False,True
2022-11-09,713.9608764648438,754.1749877929688,758.9749755859375,752.0,757.5250244140625,9269790,-0.0002982987987951713,-0.003238079903560176,0.06597171419500891,0.028677573046129945,731.2637542724609,732.6700012207032,714.0051260375976,0.03133101208236733,0.02935153143493796,0.05625990667363334,0.01168054069331593,0.012867263593374303,11943681.2,0.7761250358892701,False,True
2022-11-10,721.7235717773438,762.375,763.5,747.5250244140625,748.5499877929688,12774182,0.010872824397197167,0.006967407983311524,0.08860170165481018,0.026283940305257047,734.3662536621093,733.2665014648437,713.9938760375976,0.03814002372551539,0.03969702485659221,0.06776125900532892,0.011351780416741529,0.012831440126407568,11856309.3,1.0774163929748357,True,True
2022-11-11,762.6201171875,805.5750122070312,818.5,769.0,772.5,56722338,0.05666504306546161,0.06872075369336472,0.14282165456960128,0.08483991376541966,739.4000030517578,734.9840014648438,714.2256262207031,0.08949825383033061,0.09604428205443605,0.12789989974134608,0.01631662740791863,0.014736186771281629,14231173.7,3.9857807371151686,True,True
2022-11-14,764.4661865234375,807.5250244140625,814.0,799.0,806.0,19195390,0.0024206463426525993,0.07874963930899637,0.15890504959938667,0.07515895388551552,744.9362548828125,736.2735021972657,714.4907513427735,0.08401896017411037,0.09677317193157231,0.13021060510082982,0.015782689837653758,0.014678506090077922,14455231.5,1.327919929888359,True,True
2022-11-15,766.3358154296875,809.5,811.5750122070312,802.625,811.5750122070312,11030202,0.0024457144066469816,0.07303814130803254,0.1250868658790827,0.07225642348623396,749.4362548828125,737.742001953125,714.7342514038086,0.08014523546979935,0.09726706335941326,0.13258878864425783,0.014662938313270703,0.014670633323156074,14364245.6,0.767892885373667,True,True
2022-11-16,772.915283203125,816.4500122070312,821.0,806.0,809.3250122070312,13578150,0.008585561713442047,0.08257370692749344,0.12882373184177265,0.08017468886483248,754.095004272461,739.2160021972657,715.0998764038086,0.08268853073059335,0.10448097684600044,0.14172864399432705,0.01467279570566721,0.014701004186730038,14122628.1,0.9614464038743611,True,True
2022-11-17,765.9334716796875,809.0750122070312,815.7750244140625,806.9500122070312,809.0499877929688,12100930,-0.009033008622369776,0.06125595960915731,0.12071894710348374,0.08378819965487883,758.452505493164,740.447001953125,715.4251263427734,0.06674446500898723,0.09268456766369737,0.13090102991349006,0.014964172810623748,0.014654824877183548,14199619.2,0.8522010224048826,True,True
2022-11-18,763.921875,806.9500122070312,811.5,802.625,810.5,10459232,-0.0026264560985554963,0.0017068553259029784,0.10643402968602,0.09762985085977238,762.3337554931641,741.6925024414063,715.7725015258789,0.05852588369906875,0.08798458869520576,0.1273833662047379,0.015040275532398627,0.014501779545442661,14074228.8,0.7431477879626341,True,True
2022-11-21,756.0880737304688,798.6749877929688,806.0,795.0999755859375,803.8250122070312,8344816,-0.0102546927181153,-0.010959458039724868,0.10253307685761648,0.08974616071474673,766.0475036621094,742.8430017089844,716.1077514648438,0.04259198545114096,0.0751598735608161,0.1153000175730936,0.01520591176538707,0.014570830230117557,14096565.7,0.5919751078094149,True,True
2022-11-22,754.9757080078125,797.5,802.1749877929688,795.5,800.0,8546314,-0.0014711713912760604,-0.014823965410747375,0.10871682682349637,0.0829344647715855,769.9575042724609,743.817001953125,716.3810015869141,0.035771449170515224,0.07217231914020972,0.11323443563326308,0.015023727038109122,0.014569478405027238,13999251.1,0.610483656515026,True,True
2022-11-23,756.9400634765625,799.5750122070312,802.5,797.0,802.5,10185738,0.0026018961843652377,-0.02066874854271039,0.09452104374980475,0.09168177701911429,773.4100036621094,744.8225024414063,716.6363766479492,0.033830708706934276,0.07351081577980678,0.1157332201681216,0.014833435592781066,0.014542222589567416,14400148.3,0.7073356320920667,True,True
2022-11-24,769.246826171875,812.5750122070312,816.0,799.5750122070312,802.9749755859375,17197960,0.016258637152900324,0.0043259276917384515,0.12009786826654012,0.10924172513491182,777.7662536621094,746.1385021972657,716.8712518310547,0.04475478124825405,0.08904045269627558,0.13350202024635127,0.014787897905580808,0.014663871774992827,14571376.6,1.1802563664437855,True,True
2022-11-25,765.6968383789062,808.8250122070312,815.8499755859375,807.0499877929688,814.8499755859375,8410496,-0.004614958549875481,0.0023235640022754023,0.11224559767576259,0.12383631858875388,781.8475036621094,747.1840026855468,717.127001953125,0.034504821488284376,0.0824977640044926,0.12786857837476884,0.014954871585105308,0.014468035390041326,14195037.6,0.5924955070214115,True,True
2022-11-28,757.4607543945312,800.125,803.7249755859375,797.0250244140625,801.4500122070312,16105980,-0.010756359009338246,0.0018155222452103104,0.09703849562372846,0.07681180693718503,785.3862548828125,747.9000024414063,717.317626953125,0.018766237664022523,0.06982885063258881,0.11544031532949672,0.015382798108135969,0.013997070554823686,14476622.7,1.1125509266743547,True,True
2022-11-29,756.32470703125,798.9249877929688,806.1749877929688,796.4249877929688,798.625,12638236,-0.00149978091802061,0.0017868185491771715,0.06758203228032778,0.08538528620539565,787.915005493164,748.6715026855469,717.6418768310547,0.0139735659595841,0.06712354474179727,0.11326416919932547,0.014588089151376498,0.013931606309876186,14467008.1,0.8735901654745047,True,True
2022-11-30,761.342041015625,804.2249755859375,806.4500122070312,798.5499877929688,798.5499877929688,15184806,0.006633899144411481,0.005815543642454735,0.06291092097926643,0.08276671233381006,790.2950042724609,749.8285021972656,718.0083767700195,0.017626293014847638,0.07254521964591998,0.12007742751382056,0.01449871211575081,0.013912606638396864,14272560.6,1.0639160291952097,True,True
2022-12-01,766.572509765625,809.75,818.5,807.5,811.0,20446366,0.006869998547405443,-0.003476617130224402,0.06954170665943482,0.08324132778660043,792.9275054931641,750.9975024414063,718.3131268310547,0.02121567783977074,0.07823261378046675,0.12729389141520042,0.01450868811888519,0.013915414771251657,14658858.6,1.3948129631320683,True,True
2022-12-02,760.7030639648438,803.5499877929688,809.2999877929688,802.5750122070312,805.0,7811078,-0.007656699236840092,-0.00652183641016324,0.0660342433308907,0.07906133677792893,795.4162536621094,751.8615026855468,718.5181268310547,0.010225758014638986,0.06874734897690282,0.11834337616079038,0.014619682259214131,0.013948759212059401,14532794.9,0.5374794080387111,True,True
2022-12-05,763.4720458984375,806.4749755859375,807.2999877929688,798.0999755859375,804.9749755859375,11592622,0.003640081933175665,0.007936229446570797,0.07734690904014974,0.08813998383595756,798.3112518310547,752.8075024414062,718.7533767700195,0.010226241627132149,0.0712897692577239,0.12204686844064239,0.01442127543563939,0.013928598496856704,14571523.0,0.7955669424534415,True,True
2022-12-06,762.6201171875,805.5750122070312,806.8499755859375,800.0,800.5,12353092,-0.0011159222618809528,0.008323715637475804,0.06783534747724329,0.07582134794286333,800.8700012207031,754.0590026855468,719.097001953125,0.005874874797603402,0.0683182739520547,0.12025917229389793,0.014430137812704644,0.013884056561345184,14697385.9,0.8404958598794089,True,True
2022-12-07,762.2887573242188,805.2249755859375,809.2999877929688,802.2249755859375,807.0750122070312,11674720,-0.0004345177243454401,0.0012434331565882584,0.06768984469023875,0.07463631216342792,803.4225006103516,755.702001953125,719.3286267089844,0.0022434957624619667,0.06553241026862389,0.11941183165466285,0.014431999015844377,0.01388565317331775,14817632.4,0.7878937528508265,True,True
2022-12-08,766.572509765625,809.75,813.0,802.5,805.0,14803634,0.005619577821427857,0.0,0.062141334645023694,0.08432924713215884,805.7912506103515,757.6305017089844,719.5880017089844,0.004912872144801517,0.06879276662363765,0.1252966948821903,0.014335870343790589,0.013882975089053593,14919105.0,0.992260192551765,True,True
2022-12-09,772.0396118164062,815.5250244140625,817.4249877929688,810.0,813.0,11963384,0.007131860962102499,0.014902665425936323,0.012351440966088534,0.0779525974128128,806.2887512207031,759.8025024414062,719.8993768310547,0.011455292138673467,0.07333816589654285,0.13283196327234648,0.0069983687749774716,0.013819430035821072,12681157.3,0.943398438879076,True,True
2022-12-12,778.0509643554688,821.875,826.7999877929688,810.7000122070312,812.5,14434808,0.0077863650971345955,0.019095477082687884,0.017770316896804195,0.0752951779332589,807.00625,762.344501953125,720.2278768920899,0.01842457849613921,0.07808870909983345,0.14113189223740608,0.00717105407157302,0.013795865334849474,12443128.2,1.1600626279812822,True,True
2022-12-13,780.2046508789062,824.1500244140625,828.5,822.5,825.0,17031702,0.00276809054182503,0.02305807891948053,0.018097621265055652,0.08390879315667732,807.7387512207031,765.0040026855469,720.5433770751953,0.020317550901894688,0.07731465655197023,0.14378960467227353,0.007175059506037361,0.013770526726749338,12743203.2,1.3365322464606073,True,True
2022-12-14,786.8078002929688,831.125,832.75,825.0,826.5,14227640,0.008463235308275863,0.03216495414243181,0.017974141188753512,0.11354881929325078,808.4725006103515,767.4130029296875,720.9222521972656,0.02801888669379249,0.08302178465452714,0.15286356811272306,0.007168231486009299,0.013550118082716915,12775677.7,1.1136505110801285,True,True
2022-12-15,772.3946533203125,815.9000244140625,834.7000122070312,813.5250244140625,828.5250244140625,18182648,-0.01831851476725821,0.007594966858984309,0.008435574086528286,0.08598434403128885,808.8137512207031,769.59900390625,721.2495022583008,0.00876131641266542,0.06016252655318244,0.13123131712313407,0.008088168258776582,0.013782982764363287,13079763.6,1.3901358278371332,True,True
2022-12-16,776.1102905273438,819.8250122070312,822.5499877929688,804.5,810.0250244140625,14647958,0.004810623453268548,0.005272661983681148,0.015955139482291436,0.07822060699779909,809.4575012207031,771.4655041503906,721.8001272583008,0.012807974440527614,0.06268525008114079,0.1358061342009873,0.008110154531942299,0.013720377788047862,13289199.9,1.1022452901773265,True,True
2022-12-19,778.5242919921875,822.375,823.3250122070312,813.0999755859375,822.0,9604542,0.003110404970573022,0.0006083650190114032,0.029674163544952226,0.08324828033489728,810.6425018310547,773.5430041503906,722.271752319336,0.014473085413661657,0.06312770665315925,0.13859499192542923,0.007689024895994249,0.013716905586901832,13352186.2,0.719323551674257,True,True
2022-12-20,773.1519775390625,816.7000122070312,818.2000122070312,810.0999755859375,810.0999755859375,7174698,-0.006900729950410356,-0.009039631118530789,0.024075250416340177,0.09919247941726961,811.6025024414063,775.56900390625,722.7896273803711,0.006280796018113488,0.05303333177785574,0.12992768748912797,0.007892292387741326,0.013435481447180205,13283605.4,0.5401167667928467,True,True
2022-12-21,765.6732177734375,808.7999877929688,822.4000244140625,803.2750244140625,820.5,9269198,-0.009673104317353465,-0.026861196820010536,0.011537348522778546,0.11855613060708659,812.0637512207031,777.5950036621093,723.3980023193359,-0.004019097543546568,0.04013012427278784,0.11805670626656384,0.00824841342129908,0.012994554440645935,13237778.4,0.700207974474025,True,True
2022-12-22,763.046142578125,806.0250244140625,813.75,804.5,811.0999755859375,9747096,-0.0034309636755540662,-0.012103198559274109,-0.008060779244464245,0.1299548040804246,811.7362518310547,779.70900390625,724.0006274414062,-0.007035816626532632,0.03375107941035993,0.11329326780078586,0.007414787751924702,0.012856240172155356,12865235.2,0.7576306105931122,True,True
2022-12-23,756.2301025390625,798.8250122070312,802.0750122070312,792.7249755859375,793.5,10693152,-0.008932740285905294,-0.025615222379549496,-0.01236361369774297,0.12999968313607901,811.2362518310547,781.5875036621094,724.5785025024414,-0.015299167900854838,0.02205448329733506,0.10246855164508495,0.007605049817315961,0.012855665654982003,12979368.0,0.823857679356961,True,True
2022-12-26,771.2822265625,814.7249755859375,819.5,795.0,799.75,9907322,0.01990418819633244,-0.009302355268657858,0.01824711837017645,0.17264574424366308,811.9662506103516,783.9460034179688,725.3401272583008,0.003397585766049094,0.03926159714288202,0.12323163295197914,0.008487804002516976,0.012803256495287732,12669435.1,0.7819860887088802,True,True
2022-12-27,772.0631713867188,815.5499877929688,817.9749755859375,806.75,816.5,7926772,0.0010126266307692866,-0.0014081356641034715,0.020809212697085133,0.17994719455509967,812.7975006103516,785.8670031738282,726.0983770751953,0.003386436573131979,0.037771002598737446,0.12319489141140139,0.008468383445449857,0.012763232952554904,12433861.9,0.6375148818405326,True,True
2022-12-28,771.4479370117188,814.9000244140625,816.5,811.5499877929688,811.5499877929688,8691870,-0.0007969632623809897,0.00754208297868475,0.013273709661089983,0.14665640188740703,813.3312530517578,787.6995031738281,726.7450021362305,0.0019288221821285312,0.03453159628847935,0.12130117444042243,0.00837364642328196,0.01232783326185872,12109215.1,0.717789710416491,True,True
2022-12-29,776.891357421875,820.6500244140625,821.75,805.5,810.0499877929688,11012896,0.007056080289277622,0.018144597943012597,0.013460974886153165,0.16140681116433764,813.876254272461,789.67400390625,727.3665023803711,0.008322850195029652,0.039226339419285106,0.12824830636056617,0.008380971367317268,0.0122960963600538,11637541.6,0.9463249523421683,True,True
2022-12-30,770.6668701171875,814.0750122070312,822.5,810.0,822.5,7122640,-0.008011956389967545,0.019090538937766244,0.013098157642899677,0.12054371948662257,814.4025054931641,791.36900390625,727.9448773193359,-0.00040212706115694274,0.028692061716725004,0.11831958376418616,0.008399974682433252,0.011900444847226282,11603119.7,0.613855599541906,True,True
2023-01-02,770.9271850585938,814.3499755859375,819.875,809.2750244140625,813.5,4381378,0.00033776172316213326,-0.0004602780217094482,0.009764717118815103,0.13340288877653106,814.796255493164,793.1680029296875,728.4102520751953,-0.0005477196344704227,0.02670553095688577,0.11798258366889436,0.008371224721737344,0.011780241550186447,11242557.5,0.38971363944547316,True,True
2023-01-03,775.96826171875,819.6749877929688,821.5,811.0999755859375,811.0999755859375,8378030,0.006538972636672469,0.005057936437670829,0.017502995217425932,0.14575756195187584,815.501254272461,795.1755029296875,728.9486270141601,0.005117997671544083,0.03081016049037877,0.124461940686317,0.00846697534074251,0.011762511225143579,11043804.4,0.7586181080860143,True,True
2023-01-04,762.0994262695312,805.0250244140625,822.875,803.5,817.5,10351600,-0.01787289303331352,-0.012118050931585689,-0.00024831715102913154,0.13784455747570679,815.4912567138672,796.6655029296875,729.3533770751953,-0.012834266724060073,0.010493138530077495,0.10375169255035277,0.00945240085758552,0.011926107098939046,10977648.4,0.9429706274797433,True,True
2023-01-05,757.200439453125,799.8499755859375,809.0250244140625,794.7000122070312,807.5,10941436,-0.006428432248912541,-0.02534582125063123,-0.012226025827801745,0.14211253581427785,814.9962554931641,798.1535021972657,729.6525018310547,-0.01858447791034501,0.0021254976442521833,0.09620671974497874,0.009461340487540066,0.011870364610352055,10784538.5,1.0145483740449348,True,True
2023-01-06,754.6917724609375,797.2000122070312,804.5499877929688,789.0999755859375,801.0,9092462,-0.0033130755264010325,-0.02072904799552855,-0.02247020221138818,0.1309405370920389,814.0800048828125,799.5535021972656,729.9222518920899,-0.020735053771786416,-0.0029435053236170905,0.09217113211790062,0.00930060875201558,0.011878704209792961,10640992.4,0.8544750017864875,True,True
2023-01-09,756.1590576171875,798.75,805.7750244140625,795.0,798.0,10729340,0.001944289725583026,-0.019156352985352565,-0.028136882129277563,0.1463117307592754,812.9237548828125,800.9415026855469,730.1806268310547,-0.01743552799100545,-0.0027361582315297284,0.09390741228856303,0.009096507505945654,0.0117436194385386,10455719.0,1.026169505894334,True,True
2023-01-10,742.3375854492188,784.1500244140625,800.0,782.5,800.0,16371766,-0.018278529685054723,-0.04334030427664948,-0.04853485265433122,0.08985409925512511,810.9237548828125,801.6575036621093,730.403251953125,-0.033016335145613196,-0.02183910107255238,0.07358506731345549,0.009782121274783366,0.011353393890907877,10422722.2,1.570776394673553,True,True
2023-01-11,753.0350341796875,795.4500122070312,799.0,780.0,783.9749755859375,15195798,0.0144104921777084,-0.011894055360577638,-0.04292373324466081,0.09978913325735106,809.140005493164,802.43400390625,730.773876953125,-0.016919189748613173,-0.008703509154922018,0.08850362238393883,0.010211928083254747,0.011465765202181106,10471130.1,1.4512089769565562,True,True
2023-01-12,757.0584106445312,799.7000122070312,801.9500122070312,792.0750122070312,793.9000244140625,9250070,0.005342887591651468,-0.00018748938361401457,-0.01985538880044191,0.10773283336795458,808.3300048828125,803.2860046386719,731.195126953125,-0.010676323560489864,-0.004464154001106557,0.09368892478723789,0.009590892087760166,0.01146606198493824,10024501.2,0.9227461611755805,True,True
2023-01-13,757.6500854492188,800.3250122070312,804.9500122070312,793.0,799.375,9244546,0.0007815430667246215,0.003919969834607073,-0.023785563638153095,0.09735028802199563,807.3550048828125,804.2170043945313,731.6147518920899,-0.00870743679455066,-0.0048394800983226904,0.09391590333197097,0.009505266884266733,0.01141240550513586,9754330.6,0.9477376130761859,True,True
2023-01-16,750.3843383789062,792.6500244140625,810.6500244140625,790.1500244140625,807.5,14748094,-0.009589838722900423,-0.007636902142018731,-0.03614528115025084,0.094215899640816,805.8687561035156,805.0985046386719,731.9485018920899,-0.0164030824986533,-0.015462058559152725,0.08293141165677498,0.009628391966990332,0.011453455830705945,10011508.2,1.4731141108189874,True,True
2023-01-17,761.5551147460938,804.4500122070312,805.5,788.75,794.9000244140625,10786354,0.014886756360969589,0.02588788772676187,-0.014999387555898136,0.1183790155138591,805.2562561035156,806.0995043945312,732.2783770751953,-0.0010012264920308267,-0.0020462637410240125,0.0985576488276192,0.010233822492755706,0.011523820636468,10192091.0,1.0583062886703032,False,True
2023-01-18,774.9979248046875,818.6500244140625,820.7999877929688,799.8499755859375,802.5,19090642,0.017651826703405815,0.029165895846379186,0.01217858156498286,0.12063241785684631,805.7487579345703,807.3890051269532,732.6957522583008,0.016011525121754966,0.013947451867193372,0.1173123658637778,0.010782881603925612,0.011567921557448022,10683163.2,1.7869840273524982,False,True
2023-01-19,778.2166748046875,822.0499877929688,825.0,816.5,818.5,11172162,0.004153134156857474,0.02794794953704649,0.0198814712862736,0.13315869317039786,806.5500061035157,808.5825048828125,733.0410021972656,0.019217632598298895,0.016655669432407594,0.12142429322357384,0.01076476007030908,0.011511603779524133,10754416.5,1.038844087914951,False,True
2023-01-20,786.1923828125,830.4749755859375,834.5,821.7000122070312,822.0499877929688,18843404,0.010248753625783813,0.0376721493381329,0.03962064644353358,0.14201727398968234,808.1325042724609,809.0805041503907,733.051376953125,0.027647039557690878,0.026442945202360235,0.13290146051937946,0.010683675841378103,0.011558989480614637,11161929.1,1.6881852438930114,False,True
2023-01-23,791.9434204101562,836.5499877929688,841.2999877929688,830.7000122070312,833.125,15444400,0.007315105675213207,0.05538379111431646,0.026788195846500384,0.14698020949532498,809.2237548828125,809.6610034179688,733.2135018920899,0.033768451241416475,0.03321017593966924,0.14093641979343596,0.009916534927268924,0.011576992088334835,11438783.0,1.3501785985449677,False,True
2023-01-24,802.5462646484375,847.75,851.2000122070312,837.5,837.5250244140625,24983940,0.01338833586810484,0.053825579135954094,0.039482573341911964,0.13282558649946496,810.8337554931641,810.4260034179688,733.575126953125,0.04552874649919181,0.046054786525379754,0.1556416907441991,0.010272816933874659,0.011248435823811888,12291641.4,2.0325959070039255,True,True
2023-01-25,780.370361328125,824.3250122070312,846.4749755859375,822.6500244140625,845.7000122070312,14704142,-0.027631952572065743,0.006932129266142173,0.01156582097263481,0.08947630888092672,811.3050048828125,810.5835034179687,733.9048770141602,0.01604822754187185,0.01695261343355625,0.12320416177194371,0.012223092320540087,0.011822964686931762,12592255.0,1.1677131697221823,True,True
2023-01-27,764.8211669921875,807.9000244140625,818.5,794.9749755859375,816.0,35179948,-0.019925378400192928,-0.017213020605834406,-0.01553646453505364,0.06709820428776214,810.6675048828125,810.5600036621094,734.1577520751953,-0.0034138292852259333,-0.003281656183415249,0.10044472339960286,0.012946028134324461,0.012142026265617951,13800607.6,2.5491593573025004,True,True
2023-01-30,764.0401000976562,807.0750122070312,812.6500244140625,791.0,797.5,18512822,-0.00102118106461202,-0.028176602627185132,-0.008598716205552526,0.07071073737737699,810.3175048828125,810.5625036621094,734.4527520751953,-0.004001508860715264,-0.004302557099941984,0.09887941726222937,0.012832164847144003,0.012123713986848372,14370116.7,1.288286127836387,False,True
2023-01-31,758.9990234375,801.75,811.3499755859375,797.5,809.8499755859375,18596244,-0.006597914848669895,-0.04159941222972219,-0.015472433184358647,0.07103494897083507,809.6875061035156,810.62400390625,734.7277520751953,-0.009803172265450244,-0.010947126983025135,0.09122052043835871,0.01290601712307719,0.012120366453705685,15080860.0,1.2331023562316739,False,True
2023-02-01,770.3829345703125,813.7750244140625,832.5,803.0,812.0,17302790,0.014998471361474808,-0.04007664474896788,-0.007197930236705563,0.07870492852398314,809.3925079345703,810.9495043945312,735.1342523193359,0.005414575050460613,0.0034842120307365665,0.10697470815244459,0.013288695135040034,0.012222013017645389,15527098.0,1.1143608419293805,False,True
2023-02-02,758.9281005859375,801.6749877929688,812.25,794.375,804.0499877929688,17497106,-0.014869019394894933,-0.027477055868315503,-0.004161406812828061,0.06298273049203718,809.2250061035156,810.99150390625,735.6540023803711,-0.009329936981187559,-0.011487809759297196,0.08974461526610633,0.01309491392627594,0.012398521308524348,15884373.3,1.101529513915415,False,True
2023-02-03,785.1746826171875,829.4000244140625,830.25,803.5,805.5,14411100,0.034583886292151256,0.026612203676553925,0.03694448925434779,0.0879160838354649,810.7025085449219,811.3280041503906,736.4455026245117,0.023063350208080147,0.022274616642373513,0.1262205030219936,0.015111985446685293,0.013074937730487667,16057856.5,0.8974485480051463,False,True
2023-02-06,781.837646484375,825.875,834.7000122070312,823.0999755859375,830.0,11167672,-0.004250089595250195,0.023293978265487736,0.03596962788997282,0.02519937620377899,812.1362579345703,811.66900390625,737.1891275024414,0.016916794357107356,0.017502203515696646,0.1203027407607351,0.015130517035158938,0.010902434865196422,16161617.0,0.6909996691543921,True,True
2023-02-07,782.997314453125,827.0999755859375,832.4500122070312,816.2999877929688,829.7000122070312,10264588,0.001483245752610829,0.03161830444145619,0.035492927181142386,0.024240674381674543,813.5537567138672,812.2085034179687,737.8887524414063,0.016650674599287152,0.018334543538145676,0.12090064098329689,0.015130760457571822,0.010900268355150853,16138379.4,0.6360358587182552,True,True
2023-02-08,782.902587890625,827.0,834.0999755859375,825.0,827.125,8444826,-0.00012087485054834701,0.016251390358729356,0.05464512434078683,0.021618282890673246,815.696255493164,812.7700036621094,738.6347525024414,0.013857786437920794,0.017508023516830562,0.11963321140547944,0.014385580711825972,0.010897369867879607,15742032.4,0.5364508079655584,True,True
2023-02-09,781.2696533203125,825.2750244140625,830.8250122070312,817.7750244140625,830.0,11777336,-0.0020858229576027343,0.029438409555554657,0.037494514739247586,0.010809004929984045,817.1875061035156,813.1910046386719,739.3467526245117,0.009896771854857933,0.01486000177874569,0.11622188301297753,0.014153590441808774,0.010848730572984747,15571109.3,0.7563581870175428,True,True
2023-02-10,784.3700561523438,828.5499877929688,829.25,821.0999755859375,824.4000244140625,8172116,0.003968329686496297,-0.0010248813552836689,0.036075997430982554,0.024070667480896146,818.6300048828125,813.5670043945313,740.0593774414062,0.012117785630855638,0.018416409856233162,0.11957231142384739,0.014139512279666725,0.010790120312225971,15517211.6,0.5266484862525171,True,True
2023-02-13,784.9617309570312,829.1749877929688,830.875,822.2750244140625,827.5,5736944,0.000754329864471881,0.0039957472898062285,0.036047824503671055,0.02754194838556545,820.0725036621094,814.0795043945312,740.7738772583008,0.01109960898604867,0.018543008781021664,0.119336160802338,0.01413962367923007,0.010782587767349666,15341831.5,0.37394127291777385,True,True
2023-02-14,792.2274169921875,836.8499755859375,838.75,828.9749755859375,832.5,10908592,0.009256173794385036,0.011788175901096931,0.05576225296220505,0.04779790074365575,822.2825012207031,814.6870043945313,741.5297521972657,0.01771589975903476,0.027204277313687575,0.12854537947563593,0.013962792908793556,0.010746587217339785,15149856.4,0.7200459008971201,True,True
2023-02-15,790.6181640625,835.1500244140625,839.0,828.375,839.0,11438712,-0.002031369088210555,0.0098549267400998,0.03816273446600471,0.047210061961206806,823.8175018310546,815.2785046386718,742.2440023803711,0.013756108067405348,0.02437390371796644,0.12516911114908646,0.013702647270992298,0.01074886806833535,15182474.3,0.753415535174,True,True
2023-02-16,787.7544555664062,832.125,840.9500122070312,830.5,836.5999755859375,8062500,-0.0036221329409465985,0.00830023372002664,0.01645999533876763,0.04070911083517048,824.4912506103516,815.8165051269531,742.8953775024414,0.009258739112146142,0.019990395843375364,0.12011061745671636,0.013238561416191473,0.010761463383974707,14631067.2,0.5510534460534773,True,True
2023-02-17,783.8020629882812,827.9500122070312,834.0750122070312,821.4749755859375,830.5,8956270,-0.0050172603791122095,-0.0007241272038825963,0.007177208809287627,0.018921330054489482,824.7862518310546,816.1805053710938,743.6451275634765,0.0038358548884065424,0.014420225377211437,0.11336709072481432,0.013278695771399751,0.010590009703685128,14520272.6,0.6168114226726019,True,True
2023-02-20,776.4415893554688,820.1749877929688,834.7249755859375,817.4000244140625,830.0,8086706,-0.009390693036330666,-0.010854162429519865,-0.012402526380402512,0.014032671362334659,824.2712524414062,816.2735046386719,744.3636276245118,-0.004969559033273008,0.004779627333394654,0.1018472119740641,0.013241369325122123,0.010645893384545125,13982437.7,0.578347364994875,True,True
2023-02-21,779.3526000976562,823.25,831.1749877929688,817.0,820.0,12389296,0.003749214805130574,-0.01625139031212275,-0.015898616923129105,0.028901734104046284,823.6062530517578,816.3010046386719,745.1858776855469,-0.00043255263111197095,0.008512785506620935,0.10475791967087522,0.013153739976667116,0.0105551534742424,13829682.5,0.8958481874041577,True,True
2023-02-22,764.0637817382812,807.0999755859375,820.9749755859375,804.5250244140625,819.5,10359102,-0.01961739983487698,-0.03358683830226161,-0.0479504858909614,0.010232484798794683,821.5737518310547,815.9600036621093,745.9217526245117,-0.01761713566537293,-0.01085840977058572,0.08201694446658969,0.013359512040140034,0.01086869301265475,13098440.6,0.7908652881931609,True,True
2023-02-23,758.8807373046875,801.625,809.4249877929688,796.0499877929688,806.5,27882010,-0.006783515985070876,-0.03665314706324174,-0.027537696746887108,-0.0032328958498748506,820.4387512207031,815.3700036621094,746.5772525024414,-0.022931329356043695,-0.016857382047875014,0.07373349149474473,0.012031993526493751,0.01087268326627418,13757334.0,2.0267015397023873,True,True
2023-02-24,752.1119995117188,794.4749755859375,808.9500122070312,792.5999755859375,808.9500122070312,17061740,-0.008919412960003092,-0.0404312290929989,-0.016617215524732387,-0.01886387701644021,819.7674987792968,814.9415026855469,747.1781274414062,-0.030853288561722758,-0.025114105775892237,0.06330063261687258,0.011370080516750954,0.010894745492665663,12851423.6,1.3276147865828654,True,True
2023-02-27,753.9816284179688,796.4500122070312,799.5,788.6500244140625,792.9500122070312,14312972,0.0024859645448707113,-0.028926724100401646,-0.013164823392245562,-0.008835760928126324,819.2362487792968,814.4740026855469,747.9027523803711,-0.027813999449143312,-0.02212960808949771,0.06491119289526259,0.011393132177138452,0.010856637709693927,12641431.1,1.1322271890561504,True,True
2023-02-28,757.1530151367188,799.7999877929688,802.6500244140625,794.3499755859375,796.0,18993992,0.0042061341384809214,-0.02848467926757514,-0.0024321948325927156,-0.008276745088239168,819.1387481689453,814.0225024414062,748.6733773803711,-0.023608650450494872,-0.01747189372011404,0.06828960659919692,0.011349892871840354,0.010860179375892497,12661318.5,1.5001590869071022,True,True
2023-03-01,756.4193725585938,799.0250244140625,806.5,797.875,806.0,14137256,-0.0009689464750365362,-0.010004895819768489,-0.0181254026696388,-0.008130822944748206,818.4012481689454,813.6690026855468,749.4057525634765,-0.02367570161731103,-0.01799746361622634,0.06621149047876185,0.010782215191020983,0.010859958457089177,12503041.8,1.1307053296422636,True,True
2023-03-02,749.9819946289062,792.2249755859375,802.9749755859375,791.0,797.0,17391814,-0.008510432865493245,-0.011726211650163743,-0.011787834659838126,-0.01614455635897316,817.9287475585937,813.3375024414063,750.0818774414063,-0.03142544145731341,-0.025957891763376262,0.05618466385067844,0.010435554638311731,0.010914360940659418,12497777.2,1.3915925785586898,True,True
2023-03-03,764.8685302734375,807.9500122070312,810.0,794.0,798.0,14986234,0.019849205851486085,0.016960932735679668,-0.025862082922151863,-0.0022228932299707127,816.8562469482422,813.3760021972656,750.8368774414063,-0.010903062533321406,-0.006670949198865572,0.0760659691626322,0.008079365542561228,0.011194250440329232,12526533.9,1.1963591939826228,True,True
2023-03-06,770.2645874023438,813.6500244140625,819.7249755859375,809.0250244140625,810.0,27004710,0.007054907012701062,0.02159584649809787,-0.014802452654381737,-0.0022991323918565287,816.2449981689454,813.6725024414062,751.6875024414062,-0.00317916037550503,-2.76253987645525e-05,0.08243122543797554,0.008254079470416264,0.011193426694877221,13318385.8,2.027626350935111,True,True
2023-03-08,771.802978515625,815.2750244140625,819.75,810.0,810.0,20099774,0.001997173171807143,0.019348633229911316,-0.014296882506250719,-0.008030388545627432,815.6537506103516,813.6835034179687,752.4615026855469,-0.0004643222642030098,0.001955946002847986,0.08347738921437609,0.008262072779344584,0.011150242210768073,13810145.1,1.4554353958236108,True,True
2023-03-09,771.8739013671875,815.3499755859375,822.9749755859375,813.5,814.9749755859375,20700166,9.193360477199874e-05,0.020431088730727076,-0.014087091189918355,-0.010677726830599199,815.0712493896484,813.6795031738282,753.2782525634766,0.00034196543737463614,0.0020529857340556568,0.08240211742636272,0.008262977664894635,0.011144034301160058,14422912.1,1.4352279107351698,True,True
2023-03-10,751.969970703125,794.3250122070312,806.875,792.5,805.2249755859375,27387000,-0.02578642792476571,0.0026508084014147393,-0.03750266431363958,-0.04427732025022557,813.5237487792969,813.2680029296876,753.952502746582,-0.023599478934786533,-0.023292433311548955,0.053547815430515566,0.009993911234728654,0.01156621761207616,15203395.3,1.8013739338869916,True,True
2023-03-13,742.4558715820312,784.2750244140625,801.9000244140625,782.4749755859375,793.9500122070312,26443550,-0.012652236349759205,-0.02930254029985979,-0.05343668340016838,-0.03876087639868797,811.3100006103516,812.5405029296875,754.551877746582,-0.033322621656272644,-0.03478654714898677,0.03939178675990651,0.010173031601659187,0.011442299797066787,16116967.0,1.6407274395982818,False,True
2023-03-14,740.4678344726562,782.1749877929688,791.7999877929688,779.6500244140625,785.125,33185612,-0.002677678818935658,-0.038683753059259085,-0.05668284824304792,-0.04592446418865137,808.9600006103516,811.9025024414062,755.0460028076172,-0.03311042918954443,-0.036614636066579775,0.03593024118328314,0.010140720083635663,0.011423169891820998,17489400.4,1.8974699670092752,False,True
2023-03-15,729.8413696289062,770.9500122070312,791.4500122070312,768.2999877929688,789.0,37264754,-0.014350977416972333,-0.05436817132830429,-0.07874764330699191,-0.0625322848979708,805.6650024414063,811.0345031738282,755.420627746582,-0.04308861639661421,-0.04942390343435943,0.02055726821595183,0.010028960638275495,0.011545723864255711,18807208.5,1.981408032989053,False,True
2023-03-16,734.5748901367188,775.9500122070312,779.5499877929688,766.0250244140625,769.5,21753342,0.006485504793866337,-0.04832276268922697,-0.07088548222047375,-0.04989592186962033,802.7050018310547,810.1600036621094,755.7965026855469,-0.033331036386957225,-0.04222621618006461,0.026665259034506672,0.010296207250151302,0.011559294208209229,19322940.0,1.1257780648286442,False,True
2023-03-17,744.3965454101562,786.3250122070312,789.5999755859375,770.0,778.75,22950876,0.013370706665098764,-0.010071444153284315,-0.05503979305148721,-0.0277880513416755,800.4150024414063,809.7860034179688,756.2557528686524,-0.017603355998323522,-0.02897184084673321,0.0397607016202115,0.010974691260451301,0.011641574183898712,20067358.8,1.1436919142543063,False,True
2023-03-20,739.2372436523438,780.875,784.0499877929688,772.7000122070312,783.9749755859375,26503114,-0.006930991794009356,-0.004335245045706593,-0.05685731205141886,-0.031202535470093218,798.0612518310547,809.40650390625,756.6730029296875,-0.021535003474511427,-0.03524990689913543,0.03198475031698922,0.01100362784341533,0.011665747976417456,20944701.0,1.2653851683058164,False,True
2023-03-21,747.615234375,789.7249755859375,791.25,778.0999755859375,785.9749755859375,33050494,0.011333408786217358,0.009652555899636095,-0.037126238498164876,-0.011391777275415738,796.5387512207031,809.2570031738281,757.1588778686523,-0.008554229940882951,-0.02413575355083475,0.04301091708645921,0.011327767936223374,0.011709619098919936,22192890.4,1.489237922789904,False,True
2023-03-22,745.8875732421875,787.9000244140625,793.0250244140625,782.6500244140625,792.0,14177324,-0.002310869262455495,0.021985877084958805,-0.04293953912655635,-0.032925161220917376,794.7712524414062,809.0400036621094,757.6476278686523,-0.008645541728184547,-0.026129708237364047,0.039929375388547905,0.011251506110105875,0.011413079925432975,22282291.8,0.6362596867167856,False,True
2023-03-23,739.8998413085938,781.5750122070312,795.1749877929688,779.2750244140625,783.875,28364178,-0.008027683730223223,0.007249178312402904,-0.03162552862224488,-0.041658973814566735,793.495004272461,808.9885034179688,758.1093780517579,-0.015022138767412763,-0.03388613199707513,0.030952834557431474,0.010582080677852001,0.011452461389015999,23182545.6,1.223514384028646,False,True
2023-03-24,738.7164916992188,780.3250122070312,786.9500122070312,777.4749755859375,780.0,31477748,-0.0015993346517952922,-0.007630432590665537,-0.026571012372329617,-0.04242853254531653,792.4300048828125,808.6860034179688,758.6045031738281,-0.015275787894441617,-0.035070461329944846,0.02863219100641956,0.010510446151452205,0.011453110926119949,23362332.5,1.347371800311463,False,True
2023-03-27,741.9352416992188,783.7249755859375,789.7249755859375,779.4500122070312,781.0999755859375,31872006,0.004357111877382858,0.0036497206158956352,-0.013530948526190745,-0.04499487933908142,791.8925048828125,808.3665026855468,759.1046279907226,-0.010313936862028639,-0.030483112570530158,0.03243340468148981,0.010422315236826902,0.011427572266756792,24102845.8,1.3223337304012457,False,True
2023-03-28,747.9702758789062,790.0999755859375,791.4500122070312,782.0499877929688,782.8499755859375,39276302,0.00813423101035382,0.0004748488544656926,-0.00797292551166806,-0.02945064798893071,791.5750030517578,808.162001953125,759.6108779907227,-0.0018634083442928828,-0.022349512008156935,0.040137784329606685,0.010586402659534748,0.011442634991318848,25351012.3,1.5492991575724966,False,True
2023-03-29,751.5676879882812,793.9000244140625,801.0,790.9500122070312,792.0,39763612,0.004809579731105407,0.007615179355352941,-0.007376798535827733,-0.025111993350476758,791.2800048828125,808.187001953125,760.2026281738281,0.0033111155533849246,-0.017677811576448876,0.044326861012284224,0.010600911815171006,0.011462291504794959,26389493.3,1.5067971009507788,False,True
2023-03-31,761.8628540039062,804.7750244140625,806.4749755859375,796.2000122070312,797.7999877929688,34711228,0.01369819834433983,0.029683666755822236,0.007196270234735902,-0.01817789197035935,791.5675048828125,808.1935021972656,760.9100033569335,0.01668527251280394,-0.004229776376460825,0.057648106692786305,0.011051172326653386,0.011572054729924773,27418191.9,1.2659925981479472,False,True
2023-04-03,762.3361206054688,805.2750244140625,807.8499755859375,801.375,803.7750244140625,40025398,0.0006212916465244689,0.0319738721900813,0.01647265515515084,0.00031054935240293347,792.2200073242187,807.9260021972656,761.6563784790039,0.01647902977600646,-0.003281213596286525,0.05726814239009359,0.010849732740499746,0.01133836422440835,28549871.1,1.4019467149187934,False,True
2023-04-05,782.7843627929688,826.875,828.0,808.0,809.2999877929688,43365392,0.026823103823012673,0.055057610460611084,0.023423463713147852,0.03378761672683073,793.1662567138671,808.0225024414062,762.5221286010742,0.042498962860308964,0.02333164918258057,0.08439475916192474,0.01157922851977974,0.011817920024470366,29968829.0,1.4470165651117033,False,True
2023-04-06,788.7484130859375,833.1749877929688,834.5999755859375,823.5499877929688,824.2750244140625,44637344,0.007619032856198027,0.05451843252505717,0.02399675879438079,0.04512666211123295,794.1425048828125,808.0765026855469,763.4847534179687,0.0491504769863893,0.03105954080338935,0.09127914351008415,0.011594861359052286,0.011840465039669021,30850460.7,1.4468939194804311,False,True
2023-04-10,785.009033203125,829.2249755859375,835.5,827.0,831.625,31813286,-0.0047409154918279794,0.04449546553162853,0.017110730433451904,0.03815333406690136,794.8400024414062,807.9300024414063,764.4065032958985,0.04326024487810809,0.02635744814548535,0.0847958148060759,0.011669667198642548,0.011860996762078682,31436136.3,1.0119973299644969,False,True
2023-04-11,787.3048095703125,831.6500244140625,834.7000122070312,825.5499877929688,829.5,42361542,0.002924476347822891,0.03339442600069131,0.019991475214568233,0.06057514317555901,795.6550048828125,807.6080029296875,765.2593783569336,0.045239481069501375,0.0297694195663738,0.08675574313074663,0.011676359970091522,0.011599141008532977,32519205.1,1.3026622843250248,False,True
2023-04-12,797.52880859375,842.4500122070312,844.0999755859375,833.9000244140625,834.0,26955504,0.012986217129708821,0.04616433723375213,0.060586031234600934,0.059086051013558016,798.0612548828125,807.9705029296875,766.1302532958985,0.0556207397021633,0.0426742178734516,0.0996172107586204,0.010097258279265095,0.011572755611591183,32497630.3,0.8294606022396654,False,True
2023-04-13,801.1026000976562,846.2249755859375,848.5250244140625,839.0750122070312,844.1500244140625,35330086,0.004480934564908612,0.0234013310185186,0.07899008542081054,0.05817802009344164,801.1587524414062,808.737001953125,767.0357531738281,0.0562513022633766,0.04635372629455303,0.10324058830952998,0.009402911815162774,0.011567836157898735,32941957.1,1.0724950522141259,False,True
2023-04-17,788.8904418945312,833.3250122070312,860.0,826.6500244140625,860.0,32405148,-0.015244129813084428,0.00018006351157984213,0.06539460505940031,0.041233248363682806,803.7162536621094,809.262001953125,767.8645031738281,0.03683981555680926,0.02973451143860828,0.08525007831802878,0.010244295968816465,0.011756639285874048,32902933.9,0.9848710786243898,False,True
2023-04-18,785.5533447265625,829.7999877929688,838.625,828.2000122070312,835.0,29637226,-0.0042300715356263785,0.0006934332948966837,0.07633435975630265,0.04686805303055164,806.6587524414062,809.8230017089844,768.6290029907227,0.028687763297087,0.024668336218934828,0.07958453891829587,0.009557498335030466,0.011697019942401021,32521557.5,0.911310167109924,False,True
2023-04-19,788.4407348632812,832.8499755859375,835.1500244140625,828.5750122070312,832.5,24741168,0.003675569821446789,0.0014428559329633384,0.07332941875606891,0.035303577534905095,809.5037506103515,810.2045007324218,769.4026278686523,0.02884016900228481,0.027950319744020513,0.08246312843126469,0.00953545679012907,0.011557392307153386,32670948.8,0.7572834248388892,False,True
2023-04-20,791.3754272460938,835.9500122070312,838.7249755859375,833.2000122070312,835.8499755859375,32922716,0.0037222029320620464,-0.00771559131796018,0.06311003621862943,0.021132336501609394,811.9850006103516,810.8900012207031,770.2176278686524,0.029514106268792695,0.030904328513859047,0.08534261221763217,0.009254375891747036,0.011347964290314535,33169540.8,0.9925586910747947,True,True
2023-04-21,792.6534423828125,837.2999877929688,838.4749755859375,831.625,834.5,20128618,0.0016148998938025905,-0.01054682625833514,0.07225866853589724,0.01855118329354033,814.80625,811.0480004882812,771.0442529296874,0.027606241106973295,0.032367982275873786,0.08592987317074696,0.008959183700811623,0.011338508014996626,32850816.0,0.6127280978347691,True,True
2023-04-24,799.0671997070312,844.0750122070312,845.7249755859375,837.0499877929688,843.5,35675852,0.008091513809669104,0.012900128812321388,0.068821473679199,0.016376214841992365,817.5237518310547,811.4120007324219,771.8946279907227,0.03247766235110383,0.04025453338763296,0.09351067049682338,0.008839137025790108,0.011310034969826365,32982083.9,1.081673677993403,True,True
2023-04-25,787.7071533203125,832.0750122070312,843.8499755859375,830.9500122070312,843.8499755859375,50353068,-0.01421674593662381,0.002741653949783096,0.05606674251066357,-0.005349322397031675,819.7325012207032,811.5115014648437,772.6706280517578,0.015056754450931464,0.02533976500033419,0.0768818976658372,0.009609252029237897,0.011425766655482863,34790871.1,1.4473069057474677,True,True
2023-04-26,791.328125,835.9000244140625,837.5,827.5,830.0,27392750,0.004596955984636164,0.00366218276704533,0.06950709958552403,-0.013978148730094397,822.4487518310547,811.689501953125,773.4610031127929,0.016355149853484185,0.02982731993290666,0.08072678654771703,0.009270978746000627,0.011306584624458663,34742299.7,0.7884552904251182,True,True
2023-04-27,795.682861328125,840.5,842.625,832.9249877929688,835.25,47790392,0.005503021236495265,0.005442894582842417,0.07711528767067577,0.019622099964748285,825.4575012207031,811.9940014648438,774.2820031738281,0.018223226219462374,0.035106168867911736,0.08552180801664044,0.009204944076457054,0.010737497137077005,35557931.9,1.3440149481809431,True,True
2023-04-28,798.8068237304688,843.7999877929688,845.5,835.0,842.3499755859375,27916272,0.003926219860759916,0.00776304800521177,0.07665318074381555,0.044436145926524784,828.4612518310547,812.2990014648437,775.072878112793,0.018514729479517156,0.03878003822646381,0.08867180315677903,0.009203980424796558,0.010409497517703037,35360145.2,0.7894840884307228,True,True
2023-05-02,798.6412353515625,843.625,849.5,841.0,844.3499755859375,32221184,-0.00020738065359116042,-0.0005331424346451952,0.06774462228576628,0.045286977344297874,831.1375030517578,812.5880017089844,775.8015029907226,0.015024586067155843,0.03819524559277343,0.0874237762466521,0.009183341896372217,0.010407643529914372,35007389.3,0.9204109373560171,True,True
2023-05-03,801.4339599609375,846.5750122070312,848.0,839.8250122070312,842.4749755859375,29407270,0.0034968288126018265,0.017426313478083655,0.06634964878839189,0.05590896439916593,833.7712524414062,812.7825024414062,776.541628112793,0.015356441863561221,0.04157632535656264,0.09018625860977791,0.009176844256768808,0.010367680870950718,34489572.2,0.8526423531573987,True,True
2023-05-04,817.835205078125,863.9000244140625,867.2249755859375,843.5499877929688,843.5499877929688,56854638,0.020464828228115017,0.0334968287859867,0.07346773720152111,0.061595648055297936,836.7275024414063,813.3575024414063,777.3457531738281,0.03247475658846177,0.06214059847108522,0.11134591124585369,0.009692306979799597,0.010516092177052473,35596742.7,1.5971865313395655,True,True
2023-05-05,769.4835205078125,812.8250122070312,830.4749755859375,811.0499877929688,819.5,62770416,-0.05912143855033769,-0.03292681474475756,0.009375663672746226,0.013908409996373772,837.1050018310547,812.9715026855469,777.9303781127929,-0.029004712157870483,-0.0001801914065028276,0.04485572883641642,0.017061763080327884,0.012926999679388308,36733993.6,1.7087827880494866,True,True
2023-05-08,778.3822631835938,822.2249755859375,825.1749877929688,815.0,817.5,37244524,0.011564559699489108,-0.02556887001558572,-0.005623612292139035,-0.008650890543672074,836.8725006103516,812.857001953125,778.6468780517578,-0.017502696066284074,0.011524749876427487,0.055966444819268935,0.01614433682648805,0.012214620914145732,36427950.2,1.022416133642348,True,True
2023-05-09,778.406005859375,822.25,828.0,819.9749755859375,824.9500122070312,43688938,3.043499626698143e-05,-0.025337086975848244,-0.013112476914253546,-0.004389284092629064,836.3262512207032,812.8985021972657,779.3805029296875,-0.016831052714365247,0.011503893508792551,0.055004579803018316,0.0160408640515358,0.012202288601806915,36380529.9,1.2008878958082467,True,True
2023-05-10,782.0032958984375,826.0499877929688,827.3250122070312,816.5499877929688,822.25,46340550,0.004621450645142966,-0.024244779397106786,-0.0038288617521744506,-0.0012694811074379642,836.1675018310547,812.954501953125,780.1056277465821,-0.012099865177647273,0.016108510142181176,0.058895050121740455,0.01604824436903778,0.012215468153555948,37106893.1,1.248839396904399,True,True
2023-05-11,782.5240478515625,826.5999755859375,844.0,824.625,832.5750122070312,35734618,0.0006658044925806905,-0.04317634885289379,-0.006072324511362859,-0.00048370545835851875,835.9149993896484,813.344501953125,780.8697525024414,-0.011143505991054514,0.016297489687311373,0.05856318923475401,0.01603403351890595,0.012215700167719485,36775546.9,0.9716950803524285,True,True
2023-05-12,789.4347534179688,833.9000244140625,836.4000244140625,822.125,823.5,22478760,0.008831416699414119,0.025928104930982743,-0.010148955628322298,0.010451061458116584,835.4875,813.9900024414062,781.6691275024414,-0.001900059050479408,0.024459786868315403,0.06681970039997265,0.015880667876222016,0.012264308294362584,36551709.7,0.6149851863153749,True,True
2023-05-15,793.2214965820312,837.9000244140625,840.375,832.5499877929688,836.0,18512260,0.004796738077577745,0.01906418473478566,-0.009837751676037065,0.01128481897151401,835.0712524414063,814.8585034179688,782.4460025024414,0.003387461805667513,0.02827671417730171,0.07087265029697454,0.01588591859331872,0.012269032437596203,35710818.4,0.5183936081397675,True,True
2023-05-16,788.6732788085938,823.6500244140625,835.9000244140625,822.0,835.9000244140625,32722086,-0.017006802225557838,0.0017026748726816088,-0.011610101282505503,-0.006663205547977502,834.5875030517578,815.4025036621093,783.1623776245117,-0.013105250914615008,0.010114662041031508,0.05169764016545075,0.01597740316861016,0.01246958306479975,35726665.3,0.9159009307258241,True,True
2023-05-17,784.4360961914062,819.2249755859375,825.0,812.6749877929688,825.0,30466868,-0.005372486732180826,-0.008262226630214253,-0.012744049605444951,-0.021061122679318367,834.0587524414062,815.7910034179688,783.7772525024415,-0.017785050288182003,0.0042093773449096705,0.0452267821888408,0.01599362857460958,0.012427805750769766,35768147.4,0.8517876998013042,True,True
2023-05-18,787.572021484375,822.5,826.9749755859375,820.0,824.0,49646942,0.003997710655391229,-0.00496004803657446,-0.012427178830924479,-0.015147008374857829,833.5412536621094,816.2605029296875,784.3982525634766,-0.013246199409567727,0.007644002187926491,0.04857449301041128,0.015998233718044347,0.012437755430201343,37013436.1,1.3413221584147925,True,True
2023-05-19,788.481689453125,823.4500122070312,825.0,815.7750244140625,824.0,30460332,0.001155030038943794,-0.012531492866154958,-0.014953047212713289,-0.01042510174909872,832.9162536621094,816.8850036621094,785.0311276245117,-0.011365177967721962,0.008036637366937605,0.048939313653427075,0.015972853119926356,0.012430616963526328,36890316.9,0.8256999277769826,True,True
2023-05-22,785.6808471679688,820.5250244140625,826.4500122070312,816.3499755859375,822.5,28334032,-0.003552113364026943,-0.020736364117127426,-0.0200345916917104,-0.008967917970284511,832.077505493164,817.13650390625,785.6227526855469,-0.013883900241065228,0.0041468230725392186,0.04442624861513611,0.01597644613666613,0.012422224886472783,37300587.6,0.7596135563290697,True,True
2023-05-23,783.8375854492188,818.5999755859375,824.7999877929688,816.7249755859375,824.5,22470074,-0.002346118364275007,-0.0061313041685606695,-0.030181010280689757,-0.00192033679455339,830.8037536621093,817.2355029296875,786.1736276245117,-0.014689122458075854,0.0016696198970291842,0.04124578441966387,0.015837602969173713,0.012365829335038011,36640298.7,0.6132612123055645,True,True
2023-05-24,773.592041015625,807.9000244140625,817.375,806.7999877929688,813.7750244140625,33588112,-0.013071037736369528,-0.013823981823521736,-0.029053856248904775,-0.018645582248329795,829.595004272461,817.0880029296875,786.6276278686523,-0.026151290384667347,-0.011244784506297067,0.027042524050480132,0.015790839978874628,0.012470630924497834,35802050.9,0.9381616738609799,True,True
2023-05-25,770.6236572265625,804.7999877929688,810.0250244140625,798.6749877929688,807.8499755859375,29776930,-0.003837153765828938,-0.021519771680281186,-0.03720545006909626,-0.0028496937957395163,828.0400024414063,816.8770031738281,787.036252746582,-0.02806629459919363,-0.014784374310864878,0.0225704152564703,0.01573615115096636,0.012218811093975077,35921259.9,0.8289500447059766,True,True
2023-05-26,773.592041015625,807.9000244140625,809.5,801.125,809.5,26635066,0.0038519342297644865,-0.018883948706602482,-0.03878640759778407,0.007827880136051846,826.4100036621094,817.1485034179688,787.5001278686524,-0.02239805806563655,-0.011317990506280906,0.02590462632764501,0.015700260847565733,0.012195458533653471,34863493.6,0.7639815534723118,True,True
2023-05-29,783.0237426757812,817.75,820.5,812.4249877929688,814.25,21816292,0.012192072395444287,-0.0033820107022868307,-0.030872230587612015,0.029296107655117476,825.1075042724609,817.8180029296875,788.0048779296875,-0.00891702503535996,-8.315166631678306e-05,0.037747383174151716,0.015967000038791673,0.012232259267766528,34558494.6,0.6312859472761871,True,True
2023-05-30,783.6221923828125,818.375,821.3250122070312,814.2750244140625,816.7999877929688,37125928,0.000764292265362343,-0.00027482970027759013,-0.029930360053341265,0.02752839155870279,823.845004272461,818.5420031738281,788.5170028686523,-0.006639603619726486,-0.00020402517302786638,0.03786601559982006,0.0159724326720257,0.012229674541678571,34803731.8,1.0667226208196445,True,True
2023-05-31,771.22216796875,805.4249877929688,817.4749755859375,802.3250122070312,814.9500122070312,43334270,-0.01582405646192908,-0.0030635431938361712,-0.04860765297901237,0.007033008359405013,821.7875030517578,819.2315026855468,788.9765026855468,-0.019910883528924228,-0.016853007785123664,0.02084787702984059,0.01624306571611759,0.012399755397680163,35500081.8,1.2206808492480714,True,True
2023-06-01,767.9425659179688,802.0,809.9500122070312,800.0,809.9500122070312,50366938,-0.004252398230596199,-0.0034791101334969987,-0.07165183778764905,0.0037232570883736216,818.6925018310546,819.7525024414062,789.3313775634765,-0.020389220365058747,-0.021655929550120745,0.016049814813683394,0.01532967596107592,0.01241221216293771,35175696.8,1.4318675273548527,False,True
2023-06-02,769.1394653320312,803.25,807.4000244140625,800.5,806.2249755859375,17859710,0.0015586034912717928,-0.00575569287478972,-0.011779918264366196,0.013916532239984347,818.2137512207031,820.0910021972657,789.6818774414063,-0.018288315490149754,-0.020535528559810556,0.017181757548438092,0.008027338178938857,0.012361252663155407,32930161.5,0.5423511208713628,False,True
2023-06-05,768.134033203125,802.2000122070312,808.25,801.2249755859375,807.25,18697242,-0.0013071743454325935,-0.01901557663463005,-0.02435460363465114,-0.007116776920756629,817.2125030517578,820.5175024414062,789.9786276245118,-0.018370363630836106,-0.02232431383836697,0.015470525600508322,0.007502816693185572,0.01209318850722878,32002797.4,0.5842377391671392,False,True
2023-06-06,765.7402954101562,799.7000122070312,804.9249877929688,796.125,803.8250122070312,32182852,-0.003116429770577911,-0.022819597119864032,-0.02742473431799175,-0.01714497853924002,816.0850036621093,820.7170031738282,790.2642526245118,-0.020077554888953797,-0.025608085229770094,0.011940005575581614,0.007508534869985346,0.012063215500777482,31427493.1,1.0240349714689778,False,True
2023-06-07,769.7139892578125,803.8499755859375,806.2750244140625,798.0,801.7249755859375,24949026,0.005189400169512526,-0.0019555045235771784,-0.026874901682820695,-0.014013735838818486,814.9750030517578,821.0360021972656,790.5281274414062,-0.013650759132686874,-0.020932123031553562,0.016851833201240174,0.00753339046105537,0.012080167147679368,30357916.9,0.8218293133281487,False,True
2023-06-08,770.1926879882812,804.3499755859375,813.0,801.625,801.625,37395522,0.0006220066121611634,0.0029301441221165625,-0.02691749414125988,-0.013491139178725131,813.8625030517578,821.4915014648437,790.7751272583008,-0.011688125979696817,-0.020866345967475386,0.017166508985559714,0.0075327848375088945,0.012080550017269227,30440962.1,1.2284605814084961,False,True
2023-06-09,771.1024780273438,805.2999877929688,809.25,803.5,807.9500122070312,18212578,0.0011810931010960424,0.0025521167668456357,-0.03429672117013005,0.013816731712178454,812.4325012207031,821.9910009765625,791.022377319336,-0.00877920740125182,-0.02030559113635566,0.018049565831522507,0.007175037502409313,0.011602929803889056,30227653.0,0.6025137975482251,False,True
2023-06-12,766.4105224609375,800.4000244140625,807.9000244140625,799.7249755859375,806.2750244140625,13408292,-0.0060846435529389176,-0.0022438142178738962,-0.04475474269883628,0.02056038952923056,810.5575012207031,822.324501953125,791.291752319336,-0.012531469749331059,-0.026661588566300964,0.01151063696548027,0.0070667094324014315,0.011509308869559927,29972454.6,0.4473538179952735,False,True
2023-06-13,767.703125,801.75,804.5,795.0499877929688,795.0499877929688,27926108,0.0016866261178911657,0.0025634459943437715,-0.02658899261205261,0.02502638477646202,809.4625,822.5575024414062,791.6246273803711,-0.009527927482743115,-0.025296106812773722,0.01279062357260874,0.0061966614954370065,0.011503282600309228,29732655.7,0.9392402845467989,False,True
2023-06-14,766.8652954101562,800.875,806.0,800.0999755859375,805.2249755859375,20113968,-0.001091362644215832,-0.0037009089709419962,-0.022399189639955686,0.03881573035753805,808.5450012207032,822.697001953125,791.9645022583007,-0.009486177280328745,-0.02652495621269846,0.01125113274179701,0.006123111767739693,0.011339770234167114,29215010.7,0.6884805967228347,False,True
2023-06-15,757.4336547851562,791.0250244140625,802.9749755859375,789.5,802.0,35377476,-0.012299017432105486,-0.01656611124053098,-0.038267447520896614,0.019427813608963618,806.9712524414062,822.422001953125,792.2375024414063,-0.01976058995794472,-0.0381762373386163,-0.0015304476544057977,0.006480932589997407,0.011436208746074069,28501537.4,1.241247989661077,False,True
2023-06-16,767.3440551757812,801.375,804.5999755859375,792.0,793.5750122070312,15779272,0.013084258103723156,-0.004873944930417373,-0.026807956621271112,0.01913965289076458,805.8675018310547,822.3440014648437,792.5822525024414,-0.00557474004206282,-0.025499062956003238,0.011093798113441133,0.007279456112250749,0.011430754850041644,27767484.4,0.5682643689537825,False,True
2023-06-19,768.014404296875,802.0750122070312,807.125,799.1749877929688,805.5,24829146,0.0008735139067617137,0.002092688333180659,-0.02248561793737669,0.02714904716764055,804.9450012207031,821.8480017089844,792.9298776245117,-0.0035654473402773057,-0.02405918060375689,0.01153334593711719,0.007275699239726267,0.011390468434401462,27592240.1,0.8998597399128895,False,True
2023-06-20,769.6182861328125,803.75,805.5,795.3250122070312,802.0750122070312,20005626,0.0020883181341850854,0.002494543186778886,-0.018140698789183562,0.01775937807165917,804.2025024414063,821.259501953125,793.3501275634766,-0.0005626722623127689,-0.02132030364517401,0.013108805400288137,0.007303602487477542,0.011303794739373525,27469017.7,0.7282978306137246,False,True
2023-06-21,783.0716552734375,817.7999877929688,818.625,805.5,808.0,24308946,0.017480544687985988,0.02113312039078341,0.012253946131622229,0.03794893064147575,804.6975006103515,821.0310021972656,793.7238775634765,0.016282500160220703,-0.00393531352123111,0.030333105642984526,0.007799837472530995,0.011511472601399234,27005059.4,0.900162656187307,False,True
2023-06-22,786.9017944335938,821.7999877929688,828.7750244140625,819.5250244140625,820.0,56596140,0.004891171508567771,0.038905170416956514,0.021123260757768714,0.051466557857766215,805.5475006103516,820.8340014648437,794.1525024414062,0.020175703071889428,0.0011768351778813635,0.03481382387711163,0.007780423267471461,0.011466434427675098,28346019.9,1.9966168160349032,False,True
2023-06-23,786.8539428710938,821.75,829.9500122070312,817.0250244140625,818.7750244140625,21339218,-6.082720091415972e-05,0.025425050694119378,0.017143180056198526,0.05308683836213901,806.2399993896485,820.4200012207032,794.5475024414062,0.019237448677928537,0.0016211193989881245,0.03423646474881448,0.007756062456828491,0.01146246434351402,28081227.5,0.7599104419491634,False,True
2023-06-26,783.0476684570312,817.7750244140625,825.375,814.3499755859375,822.5,16130314,-0.004837207892835371,0.019574244264049856,3.0601545781161477e-05,0.043446425581458836,806.2412506103516,819.8510021972656,794.8987524414063,0.014305611124436401,-0.0025321403250583296,0.02877885001378533,0.007374052555941687,0.01147729554460212,27796928.6,0.5802912340466277,False,True
2023-06-27,794.0833129882812,829.2999877929688,836.4500122070312,819.2750244140625,821.4749755859375,33831864,0.014093073320702088,0.031788476258748144,0.013349610866618233,0.04961398989787402,806.7875,819.7705017089844,795.3218774414063,0.027903862904381516,0.0116245779326265,0.04272246409324465,0.008018319239315494,0.011567482291814956,27632225.4,1.2243626240831114,False,True
2023-06-28,802.4856567382812,838.0750122070312,839.9500122070312,830.25,835.0,59562950,0.010581242666378943,0.024792155437394436,0.04053763529677701,0.05564301100201141,808.4200012207032,819.9360021972657,795.8065023803711,0.03668267848587292,0.02212247048691185,0.0531140543589792,0.007296851219661806,0.011624620097699673,28443659.4,2.0940677555715634,False,True
2023-06-30,814.5745239257812,850.7000122070312,854.4000244140625,841.625,852.0,40699016,0.015064284003352801,0.03516673745843746,0.06072320724068736,0.05706562256502146,810.8550018310547,820.2930029296875,796.3160025024414,0.04913950124991451,0.03706847330008256,0.06829450812703364,0.007691487585928155,0.01165127855407908,27960263.3,1.4556020293270986,False,True
2023-07-03,823.3838500976562,859.9000244140625,878.75,855.0,856.25,44104116,0.010814637445652586,0.046425341544341414,0.07052601856714902,0.06783396770531458,813.6875030517579,820.7720031738281,796.8690026855469,0.05679394262414417,0.04767221724051374,0.07909834805481619,0.00787768484244504,0.011719876935905725,29272483.6,1.5066748897247653,False,True
2023-07-04,827.405517578125,864.0999755859375,873.5,856.9000244140625,861.7249755859375,38795188,0.004884231948634854,0.05664754949573925,0.07716275546868379,0.0450188669217686,816.7825012207031,821.3080029296875,797.4556274414062,0.05793154762071562,0.05210222292198141,0.08357123061298855,0.00780249888717047,0.011238074588574508,30277380.9,1.2813257569448486,False,True
2023-07-05,801.12109375,836.6500244140625,860.0,834.2750244140625,858.125,37165754,-0.03176710096914592,0.008862940708168177,0.04620484136927261,0.004170836465337224,818.6300018310546,821.1595031738282,797.8561276245117,0.022012414085364584,0.018864205042214754,0.04862267199106851,0.011074159166561928,0.011959980779429247,30526526.0,1.2174904540398734,False,True
2023-07-06,801.93505859375,837.5,843.9249877929688,830.2000122070312,836.5,52156544,0.0010159272827761079,-0.0006861106686822938,0.04186107536985939,0.009979227179228722,820.3125030517579,821.2680029296876,798.2220025634765,0.020952377154195068,0.019764555556052832,0.04920685888184351,0.011056545751467263,0.011943232272973066,31886901.9,1.6356729845868156,False,True
2023-07-07,794.945068359375,830.2000122070312,837.5,828.1500244140625,832.5,19926336,-0.008716403334888101,-0.024097801464485036,0.032137797483319464,-0.0017435365411705428,821.6050048828125,821.1540026855469,798.571252746582,0.010461240222659818,0.011016215584287226,0.039606684252239566,0.01131685482632807,0.011993281163049879,31013442.6,0.6425064207480146,True,True
2023-07-10,793.0538940429688,828.2249755859375,838.375,824.8499755859375,830.5,38398442,-0.0023789889087609817,-0.036835734304936696,0.028467637079937935,-0.016885318315596365,822.751254272461,820.9085021972656,798.9805026245117,0.006652948002269232,0.008912653930478687,0.03660223605627766,0.011352463557598443,0.011875692185626147,32022735.8,1.1990993598991626,True,True
2023-07-11,789.1998901367188,824.2000122070312,838.0,822.75,831.5,50670426,-0.004859746442756996,-0.046175170126408704,0.029735116275629414,-0.026027314265518853,823.9412536621094,820.5165026855469,799.345002746582,0.0003140497502360784,0.004489257083103437,0.031094220111524296,0.011312819231019941,0.011874338169848253,33885842.5,1.4953273184811622,True,True
2023-07-12,781.8028564453125,816.4749755859375,833.1500244140625,813.5750122070312,827.6749877929688,70958358,-0.009372769360203925,-0.0241140838336249,0.018366043761693263,-0.020220245851576002,824.6775024414062,819.9735021972656,799.625627746582,-0.00994634488170909,-0.0042666337411552124,0.021071545551683224,0.011571947965606153,0.011773437549772036,36037455.0,1.9690169019982127,True,True
2023-07-13,785.704833984375,820.5499877929688,828.7249755859375,819.0250244140625,828.3499755859375,41913546,0.004990982367961472,-0.020238820545708913,0.024566864732909366,-0.011147264565045778,825.6612518310546,819.4530017089844,799.932502746582,-0.006190509760208185,0.0013386809026223467,0.02577403090335273,0.01159470287800879,0.01178106225877297,37127433.9,1.1289103931311557,True,True
2023-07-14,787.3327026367188,822.25,826.7999877929688,817.5,826.7999877929688,24727214,0.0020717960298846094,-0.009576020344659653,0.03947406797789599,-0.012727352940702263,827.2225006103515,818.6200012207031,800.328752746582,-0.0060110799774941714,0.004434290359243587,0.027390303269985372,0.011145590841200663,0.011774128322282343,36594920.8,0.6757007109030279,True,True
2023-07-17,803.80224609375,839.4500122070312,841.0,816.5,825.0,49252928,0.020918227068447814,0.013553124998618271,0.047512103830330776,0.004186853219559694,829.1262512207031,819.1525012207031,800.910627746582,0.012451373926622988,0.02477867180540949,0.04811945693476738,0.011680564069256764,0.012075270384398745,38268603.6,1.287032276244331,True,True
2023-07-18,803.1320190429688,838.75,852.0,835.0,849.0,81076818,-0.0008338938553241748,0.017653467092298314,0.04572513447595372,0.0017317714417426355,830.9600006103516,819.4830017089844,801.5377526855468,0.009374698401759973,0.023511162831731047,0.04642606937698668,0.011698447214719522,0.012074348132529044,41080987.2,1.9735849483188659,True,True
2023-07-19,806.7705688476562,842.5499877929688,844.375,837.5,840.5499877929688,32935134,0.0045305368619597,0.03193608253372204,0.04827370176419121,-0.001806740386822936,832.9,819.8890014648438,802.2158776855468,0.011586010076802378,0.02763909052034852,0.050278374224889344,0.011708825858548632,0.012043121577516129,41727462.6,0.7892915587922664,True,True
2023-07-20,808.51806640625,844.375,846.0,840.0,840.5750122070312,56210948,0.002166058077826216,0.02903541839189261,0.032495735636717704,0.014782306417715496,834.2287506103515,820.2555017089844,802.9638775634766,0.01216243072685419,0.0294048601207344,0.051572833590200595,0.011160365227531542,0.01189921085574384,43322562.7,1.2974982202518688,True,True
2023-07-21,802.294189453125,837.875,844.9000244140625,836.625,840.0,42154248,-0.007698001480384908,0.01900273639404082,0.019560735514492222,0.0023626935378089353,835.0325012207031,820.4810021972656,803.6973776245118,0.003404057656608117,0.021199756918384383,0.04252548698927816,0.011322364088571875,0.011930055715206798,42600468.1,0.9895254648622042,True,True
2023-07-24,803.5628662109375,839.2000122070312,842.3250122070312,835.0499877929688,839.25,32179444,0.0015813960400195004,-0.0002978140405796026,0.02123518370189381,-0.0015466838702781205,835.9050018310547,820.587001953125,804.3400027465821,0.003941847899891382,0.022682555548167782,0.04333989275855066,0.01131998915864204,0.011910738658791682,43142479.4,0.7458876830338129,True,True
2023-07-25,812.2764892578125,848.2999877929688,849.5,839.2000122070312,842.3250122070312,55992596,0.010843631379372054,0.011385976504284745,0.037326847198320134,0.005333017379829608,837.43125,820.7950012207032,805.0485028076172,0.012978662777354932,0.033510177975450084,0.053725315722607414,0.011428738223221158,0.011982205848827119,45135593.5,1.240541923969605,True,True
2023-07-26,809.45166015625,845.3499755859375,849.7999877929688,844.0,849.7999877929688,24794358,-0.0034775577619732267,0.0033232304712307315,0.01935365733657246,0.00204471843050813,838.2337493896484,821.2290002441406,805.6427526855468,0.008489548650923107,0.029371801695539324,0.049286389988651536,0.011112797947899848,0.011991341557676777,44683718.2,0.5548857391191765,True,True
2023-07-27,801.0493774414062,836.5750122070312,851.5,833.7249755859375,849.9500122070312,59741302,-0.01038027282466536,-0.009237587319578133,-0.0017898159211904296,-0.01181230234274211,838.1587493896484,821.5760009765625,806.233127746582,-0.0018895432205061624,0.018256389199100553,0.037634132630167016,0.011151785025229692,0.01205847241981753,44692635.8,1.336714671905746,True,True
2023-07-28,786.8539428710938,821.75,834.4500122070312,820.5499877929688,830.75,41015684,-0.017721079390024208,-0.01924511412800234,-0.034030812027290525,-0.048790396137157965,836.7112487792969,821.5610009765625,806.7648776245118,-0.017881017855471915,0.0002300486795416834,0.018574336576985484,0.01122559770119001,0.011960638177363633,44708469.2,0.9174030051559,True,True
2023-07-31,790.5403442382812,825.5999755859375,828.4000244140625,819.3499755859375,825.0250244140625,34565006,0.004685093502814208,-0.01620595379321632,-0.039888414762515145,0.01571674491686581,834.9962463378906,821.6040002441406,807.3553775024415,-0.011253069451704789,0.004863626930503573,0.022597976791751684,0.010947040993058758,0.009202349811228066,44231513.7,0.7814565478006691,True,True
2023-08-01,795.830810546875,831.125,833.7249755859375,825.0,827.2249755859375,35394188,0.0066921324823698836,-0.02024636100449928,-0.03816106529059615,0.010824317769865921,833.3474975585938,821.8159997558594,808.0093774414063,-0.002666951739946244,0.011327353381908045,0.028608111742205677,0.011013929847774363,0.009122426695349111,44061463.7,0.8032912442715787,True,True
2023-08-02,785.4176025390625,820.25,825.75,816.5750122070312,821.0,28116322,-0.013084674387125905,-0.029691815592163384,-0.019602012712003458,-0.0024323502584372436,832.5274963378906,821.8490002441406,808.5861273193359,-0.014747256267086284,-0.001945613176709604,0.014425022006415933,0.008943937089497962,0.00928277672633507,43608992.1,0.6447367995923025,True,True
2023-08-03,779.7442016601562,814.3250122070312,825.6749877929688,811.5,820.0,57673946,-0.007223392615627877,-0.026596539073406755,-0.027671627215485106,-0.014194026704442142,831.3687469482422,821.9775,809.1737524414062,-0.020500812429832704,-0.009309850686872512,0.0063660737265425205,0.009037814482442834,0.009308783627715108,43884862.2,1.314210484179212,True,True
2023-08-04,791.0191040039062,826.0999755859375,828.25,814.625,817.5750122070312,37388304,0.01445978350461452,0.005293551062899304,-0.0049386130580678644,-0.0006048875087923955,831.1637451171875,822.4034997558593,809.7067523193359,-0.0060923849975387245,0.004494722883810143,0.020245876942046825,0.009518422387730114,0.009498811227472195,44757960.6,0.8353442270110939,True,True
2023-08-07,790.5643310546875,825.625,831.5499877929688,823.7750244140625,831.5499877929688,28300918,-0.0005749613847895185,3.031057994484776e-05,-0.003139214178005334,-0.00992328117495489,831.0337463378906,822.7579992675782,810.2185021972656,-0.006508455717623152,0.0034846221306557013,0.019015238186924632,0.009505270498040695,0.00942852411501177,44253084.4,0.6395241909962778,True,True
2023-08-08,789.9180297851562,824.9500122070312,827.7999877929688,821.0250244140625,825.8499755859375,43773828,-0.0008175476674867621,-0.007429673987629726,0.0009099732939723548,-0.015455319047265936,831.0712463378907,822.9019995117187,810.7336273193359,-0.007365474570119712,0.00248876864623937,0.01753521059031593,0.009441821279069023,0.009406711836554248,43908254.5,0.9969384685970607,True,True
2023-08-09,790.2052001953125,825.25,827.25,815.5499877929688,826.5,33361236,0.00036364360086027503,0.0060957025297165846,0.010747450536086722,0.0019425429958259688,831.5099975585938,823.0394995117188,811.2132522583008,-0.007528469383379477,0.0026857769154369215,0.017303400434624194,0.00917561448490586,0.009144842910590187,42028398.4,0.7937784276833162,True,True
2023-08-10,783.1912841796875,817.9249877929688,827.125,815.5,823.5250244140625,50781118,-0.008876112943994263,0.0044208092984650005,-0.003199073839560307,-0.0015868507817878852,831.3787475585938,823.2894995117188,811.6808770751953,-0.016182467744253692,-0.006515948183393072,0.007692814866198994,0.00934666478187507,0.00919127601735172,42471777.0,1.1956438271937622,True,True
2023-08-11,775.0283203125,809.4000244140625,819.2000122070312,808.0999755859375,819.2000122070312,28225822,-0.010422671401578487,-0.020215411772685266,-0.015627820718683516,-0.01592702198898177,830.7362487792968,823.4375,812.1313772583007,-0.025683511940867265,-0.01704740868121446,-0.003363190883547862,0.00960649227366432,0.009273542036724161,42646707.4,0.6618523145353069,True,True
2023-08-14,771.24609375,805.4500122070312,807.5,800.125,805.5,31304410,-0.004880173076212468,-0.02443601852289934,-0.04050270951883039,-0.02185925038941461,829.0362487792969,823.4815002441406,812.5060021972656,-0.02845018731930582,-0.02189665224023074,-0.008684231219403649,0.008169306558311079,0.009291032289527273,41749281.5,0.7498191316178698,True,True
2023-08-16,768.995849609375,803.0999755859375,804.8250122070312,790.6500244140625,791.5499877929688,34137542,-0.0029176691110281983,-0.026486497724434455,-0.042503754890089396,-0.021236462398655398,827.2537475585938,823.4994995117188,812.8942520141602,-0.029197537084527325,-0.024771750241350365,-0.01204864766106395,0.008166490649164445,0.009287658552214795,39402317.7,0.8663841112067374,True,True
2023-08-17,764.73486328125,798.6500244140625,804.9500122070312,797.0,798.7999877929688,52884040,-0.0055409678833925335,-0.03223262718683728,-0.05210369000645376,-0.024370818185763143,825.0587493896485,823.4784997558594,813.2515020751953,-0.0320082963729823,-0.03015072688498599,-0.017954442904653534,0.008043261602249106,0.009308634232000111,40399763.0,1.3090185702327015,True,True
2023-08-18,761.598876953125,795.375,798.1500244140625,792.75,793.7750244140625,25633366,-0.004100700324231821,-0.027569750441071683,-0.05803108808290158,-0.015503186081899711,822.6087493896484,823.3090002441406,813.5816271972657,-0.03310656422005609,-0.03392893826723287,-0.022378365720949533,0.00796784424480808,0.009172196179621544,38870883.9,0.6594490124264965,False,True
2023-08-21,761.0003662109375,794.75,800.25,793.5,800.25,21837270,-0.0007857928650008006,-0.018099856649581803,-0.051469491272564505,-0.012487559574310136,820.4524993896484,823.1170007324218,813.813627319336,-0.031327224194903525,-0.034462902244979055,-0.0234250529597676,0.007900892419791547,0.009160245958333499,37855035.0,0.5768656666147581,False,True
2023-08-22,757.744873046875,791.3499755859375,799.0,790.0,798.1749877929688,32273570,-0.004278105585482805,-0.017505787333043754,-0.05701863194121248,-0.020485268384696553,818.0599975585938,822.8380004882813,813.9872521972657,-0.03265044379674997,-0.038267587160119576,-0.027810357656365525,0.00784577982637168,0.009159904235288962,37859741.3,0.8524508856060251,False,True
2023-08-23,759.6119995117188,793.2999877929688,795.2750244140625,786.625,790.0,36498588,0.002464159053757964,-0.012202699652454463,-0.06483555439284405,-0.02989912834855546,815.3099975585938,822.6959997558594,814.1682522583008,-0.02699587866153108,-0.035731317487400105,-0.025631390572462887,0.007276181932579184,0.009020005336423142,36885040.9,0.9895227742583309,False,True
2023-08-24,756.1170654296875,789.6500244140625,798.0999755859375,788.0750122070312,796.6500244140625,43145792,-0.004600987564692627,-0.011269016120800779,-0.06588981224405632,-0.035100015990148115,812.525,822.4540002441406,814.3476272583008,-0.028152949861158127,-0.03988548395453173,-0.03032808350825411,0.007281789658103747,0.009034188738890779,37802612.6,1.1413441831795508,False,True
2023-08-25,747.594970703125,780.75,788.75,779.2000122070312,787.2750244140625,30069756,-0.011270846753492436,-0.018387553041018356,-0.0667304322893354,-0.03063598493583286,809.7337493896484,822.0515002441406,814.5085021972657,-0.035794172357883625,-0.050241986337686284,-0.04144646999533674,0.007329436165748352,0.0089221853753168,36319035.3,0.8279337749920908,False,True
2023-08-28,755.3749389648438,788.875,791.3250122070312,780.75,780.75,28867238,0.01040666026256809,-0.007392261717521276,-0.04000608457560084,-0.016365336658354157,808.0899993896485,822.0084997558594,814.6808770751953,-0.02377829128458664,-0.04030797706556588,-0.0316760559887469,0.0071372855803584325,0.009017311151016515,35711613.0,0.8083431571685099,False,True
2023-08-29,761.3834838867188,795.1500244140625,796.3250122070312,790.7249755859375,794.8499755859375,35538932,0.007954396341705028,0.0048019826187666315,-0.03688220938992193,-0.01008400321934333,806.5675018310546,821.8840002441407,814.8857522583007,-0.01415563779977791,-0.03252767522197397,-0.024219012038858678,0.007333557622848981,0.009076481327347957,35760309.3,0.9938094131641083,False,True
2023-08-30,755.8297729492188,789.3499755859375,801.9749755859375,786.8499755859375,801.9749755859375,28084204,-0.0072942823995999495,-0.0049792162710358134,-0.05026322684802231,-0.01601849467159744,804.4787506103515,821.6294995117188,815.0206271362305,-0.01880568630673707,-0.0392872017679069,-0.031496934795985365,0.007140264481661991,0.00912245540799851,35394810.1,0.7934554224377658,False,True
2023-08-31,752.358642578125,785.7249755859375,791.5750122070312,781.5499877929688,789.5,100075772,-0.004592386282534777,-0.004970618257167159,-0.04209085573186533,-0.017475348765501608,802.7524993896484,821.2689990234375,814.921376953125,-0.021211424214384045,-0.043279392598241206,-0.03582726161430283,0.006721087713600007,0.009132360636903859,38992782.6,2.566520400111173,False,True
2023-09-01,753.9147338867188,787.3499755859375,789.5,779.6749877929688,785.5,43226776,0.00206815368034885,0.008453378912504084,-0.0331256392923317,-0.020526218201316615,801.4037475585938,820.6599987792969,814.8205017089844,-0.017536444040185506,-0.040589310119790056,-0.03371359221501036,0.0066711698829095495,0.009109697055386032,38270424.1,1.1295086745589527,False,True
2023-09-04,758.6306762695312,792.2750244140625,795.7249755859375,787.4500122070312,795.0,25073638,0.006255221922703225,0.004309965982015607,-0.040945348228443645,-0.015012061339442329,799.7125,820.0694995117187,814.7343768310546,-0.00930018673703048,-0.0338928287348883,-0.02756647203760909,0.005826406986230355,0.00914835657888669,37654690.8,0.6658835185548783,False,True
2023-09-05,754.010498046875,787.4500122070312,794.2000122070312,785.2999877929688,794.2000122070312,38712082,-0.0060900723339091245,-0.009683722531110162,-0.04623768392789551,-0.02216562257110888,797.8037506103516,819.3834997558594,814.5893768310547,-0.012977801113869591,-0.03897257823515232,-0.033316619877369336,0.0058820680755582045,0.009177718267088256,38175249.0,1.014062331328867,False,True
2023-09-06,763.873046875,797.75,800.0,787.4500122070312,788.4000244140625,56320910,0.013080179863227626,0.010641698452992454,-0.03297170956366391,-0.0033108749790486947,796.44375,818.9829992675782,814.5327517700196,0.001640103271574489,-0.025926056202103087,-0.020604146037774163,0.0068187027398286856,0.009306706827021609,38802603.1,1.4514724657738232,False,True
2023-09-07,771.22216796875,805.4249877929688,807.0,793.5750122070312,797.75,34208342,0.00962079322214815,0.025072401691622836,-0.024023038118183848,0.004583707880222887,795.4524993896484,818.5054992675781,814.5251266479493,0.01253687481147181,-0.015980969567478964,-0.011172324287196278,0.007262538092532131,0.009387278045203343,38844958.4,0.8806378847866136,False,True
2023-09-08,777.2306518554688,811.7000122070312,816.4500122070312,803.7999877929688,804.1500244140625,34502210,0.007790948268512787,0.030926573158235993,-0.007610692519291473,0.01351648160703145,795.1412506103516,817.9779992675781,814.5902517700196,0.02082493089620141,-0.007675007232673892,-0.003548090044912966,0.007290362389075602,0.009437758508157541,38031013.0,0.9072124899749581,False,True
2023-09-11,781.2523803710938,815.9000244140625,818.25,812.0,814.4500122070312,31573022,0.00517434045074272,0.02981919064970162,0.008030639738002776,0.031446539909942395,795.4662506103516,817.2819995117187,814.6822518920899,0.02568779478454597,-0.00169094033452577,0.0014947821916388992,0.0069847344966144625,0.009312166870557978,38198373.0,0.8265541048044114,False,True
2023-09-12,783.6940307617188,818.4500122070312,821.4500122070312,812.5250244140625,820.0,39033340,0.003125367957673486,0.039367578283622695,0.01614004569244276,0.02130714360571684,796.1162506103516,816.4529992675781,814.7766268920899,0.028053392427999313,0.0024459619123753384,0.004508456911624048,0.006893613446392134,0.009172841154366436,38584819.5,1.01162427363435,False,True
2023-09-13,787.04541015625,821.9500122070312,825.7999877929688,814.2999877929688,815.6500244140625,46420094,0.004276376012948946,0.03033533338393135,0.023471594065658907,0.02477947785121848,797.0587524414062,815.61,814.8235018920899,0.03122888957606018,0.007773338001043628,0.008746078504600074,0.0068757991179942395,0.009186372680690145,39198947.1,1.1842178791582898,False,True
2023-09-14,786.5665893554688,821.4500122070312,825.0,817.5499877929688,822.125,23538848,-0.0006083094988433846,0.019896358639150735,0.028548158888114017,0.022021788126943997,798.1987518310547,815.3059997558594,814.8866268920898,0.029129662659379774,0.007535836180540434,0.008054353941202352,0.006708340980124272,0.009184816050951197,37731687.5,0.6238482707671106,False,True
2023-09-15,795.5914306640625,830.875,835.0,825.0,825.0,173411202,0.01147359870096798,0.023623244430946322,0.04463303473204472,0.015988031795301616,799.9737518310546,815.1734997558593,815.0403768920899,0.038627827598362696,0.019261544013444043,0.01942802290150425,0.006932759134726299,0.009026913113803978,45120579.3,3.843284033367896,False,True
2023-09-18,779.9357299804688,814.5250244140625,827.5,813.0499877929688,826.875,37056288,-0.019678020864675738,-0.0016852554955951726,0.024882069096020754,-0.008852474430480317,800.9625030517578,814.86,815.1183770751953,0.016932779388086017,-0.0004110836044688426,-0.0007279343440420583,0.008477235513375998,0.009366213180966034,45881530.2,0.8076515285882945,False,False
2023-09-20,748.6483154296875,781.8499755859375,799.5,780.2000122070312,799.5,115474648,-0.04011546342806371,-0.044718719622714787,-0.012004802291130323,-0.04855494300463947,800.4875030517578,813.9325,815.0065020751953,-0.023282721335145307,-0.039416689239049285,-0.0406825300225625,0.01252938876839043,0.010696058058279926,50041584.1,2.3075737924131783,False,False
2023-09-21,743.6929931640625,776.6749877929688,784.4749755859375,768.5250244140625,776.5,72841442,-0.006618901265668664,-0.05508245482288365,-0.020956763211672613,-0.05025836616927992,799.6562530517579,812.9819995117188,814.8411270141602,-0.028738930222936276,-0.0446590597830655,-0.04683874924311249,0.012579739100668544,0.010709998111874995,51858726.8,1.4046130033412236,False,False
2023-09-22,732.3462524414062,764.8250122070312,782.2000122070312,761.875,779.5,61704250,-0.015257315829895424,-0.06893298333256181,-0.03143799333819053,-0.07774626375857785,798.4150024414063,811.9490002441406,814.6475021362305,-0.04207084051735377,-0.05803811325950259,-0.06115834124397479,0.012960980184417992,0.010688394066143591,52786649.7,1.168936660134352,False,False
2023-09-25,732.9925537109375,765.5,770.3499755859375,762.5,762.5,40208754,0.0008825388581643612,-0.07868211223108168,-0.019532500800512276,-0.08659727488582236,797.6525024414062,810.8480004882813,814.4426272583008,-0.04030890938472054,-0.05592663540019016,-0.06009340083666648,0.012762896500842632,0.01057857105155843,53293599.6,0.7544762279483932,False,False
2023-09-26,736.1763305664062,768.8250122070312,770.0,762.5,762.5,27575308,0.004343582243019339,-0.056106332939133474,-0.025415924947512325,-0.09624426804413211,796.6500030517578,809.7795007324219,814.2588772583008,-0.03492749731768818,-0.050574864501198746,-0.05579781359492253,0.012550250426432867,0.01038359843833916,53229003.1,0.5180504310440486,False,False
2023-09-27,731.005615234375,763.4249877929688,766.25,757.5,761.5,39338538,-0.0070237366479023455,-0.02356588651059377,-0.0398981772584005,-0.11219331769042806,795.0637512207031,808.2590002441407,814.0498773193359,-0.039793995612499855,-0.055469858594373145,-0.06218892838983625,0.012420800080876641,0.01027601113581395,53418983.4,0.7364149501954019,False,False
2023-09-28,729.49755859375,761.8499755859375,768.7999877929688,759.1749877929688,767.0,55354188,-0.0020630870514004584,-0.019087794045175355,-0.03483879248819466,-0.11833121500861665,793.6887512207031,806.7209997558593,813.8103771972657,-0.04011493874115912,-0.05562149018496021,-0.06384829079014442,0.012357461859142618,0.010237006243525363,54782482.6,1.010435916243051,False,False
2023-09-29,730.7423706054688,763.1500244140625,767.7249755859375,761.1500244140625,761.8499755859375,32053782,0.0017064367917385415,-0.00219002747848851,-0.028731365138342735,-0.08785035302123467,792.5600036621094,805.1330004882813,813.5485021972656,-0.03710757433147627,-0.05214415015749918,-0.06194895282467461,0.01236007360124526,0.009473389830384062,51381383.1,0.6238403886017618,False,False
2023-10-03,722.0048828125,754.0250244140625,763.5,753.0,763.5,38971694,-0.011957019862517959,-0.014990170589075813,-0.0423254616183546,-0.09967161263992541,790.8937561035157,803.3260009765625,813.209252319336,-0.046616541608690665,-0.0613710704030086,-0.07277859632865147,0.012550371810205935,0.009562919692613506,51168629.0,0.7616325620137292,False,False
2023-10-04,732.29833984375,764.7750244140625,767.5,744.625,747.5,54649430,0.014256821261805719,-0.005267762792137365,-0.034710169010234826,-0.07880629586964327,789.5187561035157,801.8640014648438,812.912377319336,-0.03134027089054858,-0.046253450688679365,-0.0592159182813915,0.01295133683599433,0.00973570483416343,52647418.6,1.0380267723135812,False,False
2023-10-05,735.2667236328125,767.875,775.7750244140625,766.2999877929688,767.5250244140625,48512674,0.004053447729039705,0.005829010417770064,-0.024858736305263696,-0.07286664537403287,788.540005493164,800.4375012207031,812.5961273193359,-0.02620666719406306,-0.04068087910804252,-0.055034876263643895,0.012968314890136104,0.009759236008293407,53137448.2,0.9129658205905341,False,False
2023-10-06,734.452880859375,767.0250244140625,772.5,764.9249877929688,772.0,17759356,-0.0011069192068208222,0.006792740032766753,-0.0385145416307584,-0.06937028263305456,787.0037567138672,798.812001953125,812.3517523193359,-0.025385815670341816,-0.03979281415569891,-0.055796922670335314,0.012527956802494017,0.009747486727395381,51209370.5,0.3467989515707872,False,False
2023-10-09,725.9307861328125,758.125,765.0,756.0,764.0,16454972,-0.011603303843784385,-0.006584582655187132,-0.05872674489846719,-0.07146572440148957,784.6387573242188,797.0675024414063,812.0432522583008,-0.033791037055875495,-0.04885722015027083,-0.06639825170439329,0.012400193806434723,0.009783563715908251,50321702.0,0.32699553763106026,False,False
2023-10-10,730.0481567382812,762.4249877929688,764.5,757.5999755859375,760.2750244140625,33266292,0.005671871779678428,0.011140165255700385,-0.06070595499941234,-0.07083663501883497,782.1750061035157,795.584501953125,811.7435021972656,-0.025250127089759156,-0.04167943704125854,-0.06075627864072719,0.012312352354027934,0.009791243761867319,50259906.1,0.6618852795668076,False,False
2023-10-11,737.1099243164062,769.7999877929688,771.0750122070312,764.25,765.0499877929688,31333360,0.009673082753162143,0.0065705118740719826,-0.056502065500243615,-0.06378840037340372,779.870004272461,794.5455017089844,811.5090020751953,-0.012912429538672332,-0.031144237633704552,-0.051396859647358295,0.012510084287319761,0.009882731516019691,50247923.0,0.6235752271790418,False,False
2023-10-12,742.017333984375,774.9249877929688,776.0,765.7999877929688,768.0499877929688,22025336,0.006657573501259062,0.00918116593582119,-0.05317982010494815,-0.07686583295700622,777.6937530517578,793.532001953125,811.3396270751953,-0.0035602256645679287,-0.023448347532750713,-0.04488211603012404,0.012622984095392708,0.009509905924343412,49397522.8,0.445879363003199,False,False
2023-10-13,735.2667236328125,767.875,774.4000244140625,764.9749755859375,770.0,39745300,-0.009097639002514923,0.0011081458347292905,-0.06578868715122177,-0.08450074515648287,774.9900024414062,792.267001953125,811.148876953125,-0.009180766744076974,-0.030787603034069355,-0.05334887119078846,0.01259084844237222,0.009562921359914172,49063783.1,0.8100741012773636,False,False
2023-10-16,732.3223266601562,764.7999877929688,767.2249755859375,760.25,765.75,17856084,-0.0040045739306934225,0.008804600551319153,-0.06896344704147972,-0.0922793912841462,772.1575012207031,791.1580017089843,810.9787518310546,-0.009528513827946838,-0.03331573953506062,-0.056942014736911406,0.012575236349364456,0.009536273333725746,48779644.9,0.36605604728377183,False,False
2023-10-17,737.8759765625,770.5999755859375,777.875,767.5,777.875,32902558,0.007583666168335279,0.010722350295251148,-0.07254403419775834,-0.08737234571613617,769.14375,790.2835009765626,810.7581268310547,0.0018933074421232376,-0.024906916778981047,-0.04953160494620035,0.012359850747684495,0.009597671491953763,41754212.7,0.788005709421507,False,False
2023-10-18,727.6065063476562,759.875,770.5999755859375,759.0499877929688,770.5999755859375,31216200,-0.013917695205975855,-0.012892943557226921,-0.06709434673707615,-0.0930926450842906,766.4112487792969,788.9590014648437,810.4797518920899,-0.008528383149004615,-0.036863767839449224,-0.06243802115222685,0.012030275001417151,0.009699054967061147,41462208.3,0.7528831984571358,False,False
2023-10-19,725.308349609375,757.4749755859375,763.125,751.5999755859375,752.7000122070312,30252364,-0.0031584463419147557,-0.022518324330629613,-0.031176057761890696,-0.0973844559489021,765.1924987792969,787.5960009765626,810.1926266479492,-0.010085727716451887,-0.03824425892624794,-0.06506804595361859,0.008377069806403643,0.009692164492866393,37201094.1,0.8132116737932178,False,False
2023-10-20,729.066650390625,761.4000244140625,763.5,752.5,752.5,21094010,0.005181753793369603,-0.008432330243773434,-0.019667124111093393,-0.1024401327707134,764.4287506103516,786.3250012207031,809.8963766479492,-0.003962077818071119,-0.0316980596673726,-0.05987970020881739,0.008416670785862912,0.009595447298815538,34613722.5,0.6094117730330796,False,False
2023-10-23,721.04736328125,753.0250244140625,764.375,750.0499877929688,761.75,22376136,-0.010999474299262069,-0.015396134370877834,-0.015428349759270987,-0.10921506339180032,763.8387512207031,784.8805017089844,809.5911267089843,-0.014157080652636433,-0.04058640420492088,-0.06986996327993977,0.008083215166552131,0.00966721641047735,32647316.8,0.6853897408193742,False,False
2023-10-25,716.4751586914062,748.25,761.4000244140625,745.7249755859375,760.5,28311996,-0.006341123148965733,-0.029003343231283285,-0.022534291312867438,-0.10557930958756989,762.9762512207031,783.487001953125,809.2606268310547,-0.019301061071222425,-0.04497458396282772,-0.07539057852099307,0.008167562192909325,0.009620968563867552,32052478.9,0.8833012912458388,False,False
2023-10-26,700.6279296875,731.7000122070312,746.0,730.125,745.625,55561798,-0.02211825966317238,-0.03707845078857541,-0.04828797113848693,-0.10958319171642072,761.1200012207031,781.9330017089844,808.820751953125,-0.03865354867364845,-0.06424206344042838,-0.09534960565720407,0.009302553265489134,0.00975995101348917,33451803.4,1.6609507516117952,False,False
2023-10-27,703.380859375,734.5750122070312,739.0,733.4500122070312,734.75,31940532,0.003929205893174803,-0.03023197348690254,-0.03779019032287856,-0.11025310812818867,759.6775024414062,780.5155017089844,808.4685018920899,-0.03304361410427725,-0.05885916346486875,-0.09139934272284311,0.009340231145766013,0.00975181064729531,33081903.1,0.9654986263471643,False,False
2023-10-30,711.0172119140625,742.5499877929688,744.9749755859375,730.9500122070312,731.625,23310982,0.01085658435613901,-0.024757073833297838,-0.02533305560340171,-0.10657243159215668,758.7125030517578,779.304501953125,808.182001953125,-0.02130255557115357,-0.04716322575840459,-0.0812094478738008,0.009764244545200819,0.009828504150681299,31479742.8,0.740507384323356,False,False
2023-10-31,706.8997802734375,738.25,752.0,737.0,752.0,32634824,-0.0057908394904824245,-0.019620894306346726,-0.03262795468450708,-0.09996952148735139,757.4675018310547,778.0965014648438,807.8872518920898,-0.025370727832678686,-0.051210230851608696,-0.08619674555947976,0.00978919013401194,0.009731551211725115,31508794.9,1.0357369776779373,False,False
2023-11-01,705.9421997070312,737.25,738.7249755859375,731.125,731.125,33877466,-0.0013545546901455596,-0.014700968927497504,-0.02224730462639224,-0.0946489559471323,756.6287506103515,776.9340014648437,807.5797518920898,-0.025611967024408266,-0.05107769950861063,-0.08708706691483192,0.009481709863232223,0.009704621617048163,31254083.5,1.083937271748826,False,False
2023-11-02,707.0194091796875,738.375,745.25,733.5750122070312,742.5,45225154,0.0015259409969481386,0.009122574390609817,-0.034519987671261965,-0.1061917179258065,755.3087493896485,775.8065014648438,807.3508767700196,-0.022419638860707414,-0.04824850190629659,-0.0854348199211381,0.00880067581348934,0.009482751328147694,30782869.7,1.4691662746439784,False,False
2023-11-03,710.370849609375,741.875,745.7000122070312,740.8250122070312,744.0,18095340,0.004740138818351003,0.009937702306311635,-0.033859677681914335,-0.10143830431491296,754.0087493896484,774.817001953125,807.0830017089844,-0.01609231908710662,-0.04251584809069264,-0.08079466618787357,0.008825681280130646,0.009519379117457056,29262003.0,0.6183903405382059,False,False
2023-11-06,715.5175170898438,747.25,749.0,741.5,749.0,25593730,0.007245155855096774,0.0063295566417027604,-0.02578145925443409,-0.0941875399203358,753.0199981689453,773.8960021972656,806.8207516479492,-0.007662476671238094,-0.034430985715925067,-0.0738339358851079,0.009049174018132197,0.009589217153853694,29653721.7,0.8630866054158727,False,False
2023-11-07,712.0465087890625,743.625,747.0,738.5999755859375,747.0,41952848,-0.00485112077617933,0.007280731459532674,-0.01912613355317394,-0.0989094213874584,752.2949981689453,772.9755017089843,806.5372515869141,-0.011524731907094576,-0.037970804565077176,-0.07800290868540805,0.008764695121887708,0.009594732547956357,30928615.5,1.356441189551469,False,False
2023-11-08,714.105224609375,745.7750244140625,746.7249755859375,740.5,741.9749755859375,31399546,0.0028912750567322565,0.011563274891912556,-0.0218381659120378,-0.08821097833627833,751.4625,772.2760021972656,806.3028765869141,-0.007568542124107958,-0.03431542312308422,-0.07506838178361264,0.008676093183973131,0.009565547938084923,30835278.2,1.018299423029042,False,False
2023-11-09,711.280517578125,742.8250122070312,746.2999877929688,741.75,743.0,22116740,-0.003955632879163562,0.006026764458481493,-0.03504153807961896,-0.08225229824427782,750.1137512207031,771.3550024414062,805.994751586914,-0.009716844947596837,-0.03698684800652752,-0.07837487682830269,0.008315844900286366,0.009499424611739216,30374447.2,0.7281363790548261,False,False
2023-11-10,714.0812377929688,745.75,748.0,740.0250244140625,740.0499877929688,14015186,0.003937653882006842,0.005223251895534853,-0.037648789563568985,-0.0741200711431439,748.6550018310547,770.367001953125,805.6302514648437,-0.003880294426604647,-0.03195490187237138,-0.07432721320477476,0.008192456203307406,0.009512631084384916,29973939.7,0.46757904166998776,False,False
2023-11-13,712.78857421875,744.4000244140625,747.9749755859375,742.9500122070312,746.0499877929688,20605914,-0.0018102253918035327,-0.0038139519383573184,-0.030571350266563546,-0.07309171081601373,747.4812530517578,769.4680029296875,805.2420016479492,-0.004122148381802915,-0.03257832479086942,-0.07555738164349601,0.00801491069498976,0.009510390452390894,29016970.4,0.7101331984678869,False,False
2023-11-15,720.2573852539062,752.2000122070312,755.4749755859375,750.2750244140625,752.0499877929688,41245460,0.010478220764579271,0.01153136622226425,-0.01647486373829321,-0.05816065959693639,746.8512542724609,768.7975036621094,804.8506268310547,0.007161744596359876,-0.021588898736035533,-0.06541662871199483,0.008422554344617276,0.009611330538174137,30186439.2,1.3663572482573565,False,False
2023-11-16,722.1484985351562,754.1749877929688,759.5,751.875,754.8499755859375,29713838,0.0026255989815031633,0.011263401299213438,-0.021314544917393485,-0.05179948100836873,746.0300048828125,768.13400390625,804.4387518310547,0.01091776853055082,-0.018172631392822547,-0.062483021763529045,0.008233770542280758,0.009613213075003676,30027003.2,0.9895705476196173,False,False
2023-11-17,720.5924682617188,752.5499877929688,753.75,744.5,745.0,23701874,-0.00215467235893807,0.013091879549186558,-0.009639759443370588,-0.05309847399437717,745.6637542724609,767.3395031738281,803.9627517700195,0.009235038555986508,-0.01927375733907588,-0.06394918653116632,0.00766638106050621,0.00961470594609543,29651286.9,0.7993539734020786,False,False
2023-11-20,720.6403198242188,752.5999755859375,756.5,750.7750244140625,756.5,19331452,6.642454824201671e-05,0.009185351104173733,-0.006435856176276955,-0.04896695671382112,745.4200042724609,766.6425024414062,803.604126586914,0.009632115146258169,-0.018316916699439023,-0.06346924973817958,0.007640422983325063,0.009604905425395428,29105241.3,0.6641914355130256,False,False
2023-11-21,726.74462890625,758.9749755859375,761.0,756.0499877929688,759.5,24959972,0.008470635406328197,0.01957946089986673,-0.003184986538437795,-0.04326864078559545,745.2987518310547,765.867001953125,803.3595013427735,0.018349988808223472,-0.00899898592002446,-0.05524864731499357,0.007798263047041793,0.009670481349933103,29298539.4,0.851918645473501,False,False
2023-11-22,724.1593627929688,756.2750244140625,760.0,751.7750244140625,760.0,29123650,-0.0035573652079775586,0.005417458310157164,0.004315925626148909,-0.042265559384697005,745.4612518310547,764.8840026855469,803.1055014038086,0.014506149791751355,-0.01125527301036211,-0.05831173725978411,0.007420753559459829,0.009664265171903393,29635915.1,0.9827147196814583,False,False
2023-11-23,728.3485107421875,760.6500244140625,761.9249877929688,754.25,754.25,13046220,0.0057849325427474785,0.008585589188050857,0.016572033964667554,-0.025744445194924803,746.0812530517578,763.8630029296875,802.9000015258789,0.019527057277894055,-0.004206223502515538,-0.05262171756323586,0.007349640350819832,0.009597872126459114,28872626.3,0.45185428801812877,False,False
2023-11-24,733.5192260742188,766.0499877929688,766.5750122070312,759.9249877929688,760.5999755859375,16469192,0.00709914310864046,0.017939007665911832,0.046945435305279615,-0.028933623460030145,747.7987518310547,762.8660021972656,802.6613763427735,0.02440661463692506,0.004173715418608781,-0.045612495666130015,0.005105593258095834,0.009544165302593615,26917996.0,0.61182830995294,False,False
2023-11-28,731.8674926757812,764.3250122070312,768.625,762.9000244140625,767.5999755859375,28489338,-0.0022517794052934192,0.015579374171471594,0.04049960794421259,-0.038766284676587714,749.2862518310546,761.7835021972656,802.4746264648437,0.020070781145691496,0.0033362628652824355,-0.04753996325824483,0.005188741946721551,0.00948269923676479,26745436.3,1.0652037110346186,False,False
2023-11-29,746.4699096679688,779.5750122070312,781.5,766.5,766.9500122070312,34042488,0.019952245126670265,0.027141918091818873,0.04986199585580686,-0.012383560754087863,751.1375030517578,760.9360021972657,802.2255014038086,0.0378592588437352,0.024494845763564754,-0.028234566411989404,0.006288039454302403,0.009804314103464367,27282011.6,1.2477997773448641,False,False
2023-11-30,746.3023071289062,779.4000244140625,786.2249755859375,771.0750122070312,784.5750122070312,69491440,-0.00022446562579447882,0.030577500583093498,0.05573995856967495,-0.008049828334855125,753.1950042724609,760.0950024414062,801.9931265258789,0.034791813531628524,0.025398169848044105,-0.028171191702959453,0.006021412306020057,0.009787046016969607,29124842.4,2.3859850997854672,False,False
2023-12-01,744.6744995117188,777.7000122070312,782.875,776.0499877929688,778.9500122070312,22153536,-0.002181180592481069,0.022415023001021384,0.05486607284778744,-0.01225625665603769,755.2175048828125,759.0315026855469,801.7461267089843,0.02976957919918366,0.02459517089268748,-0.02999218044327545,0.006053695767344408,0.009786559703452288,28538645.9,0.7762644407736249,False,False
2023-12-04,770.5279541015625,804.7000122070312,806.0,786.8250122070312,794.0,50662456,0.0347177569450936,0.05045365841648963,0.08982564714004582,0.015682670045238156,758.5337554931641,758.8350024414062,801.6346267700195,0.060862494753251895,0.060441347088712405,0.0038239184469399667,0.009362669792282438,0.010745527877766415,28810511.0,1.7584712745983575,False,False
2023-12-05,777.3742065429688,811.8499755859375,819.5,808.25,818.25,52230820,0.008885253225355605,0.06217899796537507,0.09432178680497061,0.030986047368923186,762.032504272461,759.4350024414063,801.5675015258789,0.0653744702938086,0.06901837942158218,0.012827957770848553,0.009417452769090989,0.010768095868516772,30517285.0,1.7115159490760727,True,False
2023-12-06,779.3372802734375,813.9000244140625,819.2249755859375,808.3250122070312,819.2249755859375,38613060,0.0025251572208835338,0.04403041614924863,0.08919374294287397,0.02024446808406455,765.3650054931641,760.1795031738282,801.4942517089844,0.0634142122680732,0.07066820535932061,0.015478305276208637,0.0094057131211628,0.010645709975770436,31168251.5,1.2388587149330466,True,False
2023-12-07,780.60595703125,815.2249755859375,817.0,808.0999755859375,812.5,20450386,0.0016279040817437362,0.04596478066421339,0.09628505709993274,0.012167474242167131,768.9450042724609,761.1875024414062,801.4245016479492,0.060186321591704006,0.070991014659612,0.017219930148892004,0.009182045919033072,0.010578037723481936,30093128.4,0.6795699579044099,True,False
2023-12-08,791.4979248046875,826.5999755859375,827.5,815.2249755859375,815.2249755859375,33728038,0.013953203521303248,0.06287766826714236,0.10837712249129994,0.01835649027328823,772.9862518310547,762.409501953125,801.3732516479492,0.06935922033268027,0.0841942203872994,0.0314793685540562,0.009401311310111128,0.010681833876127296,30209553.0,1.1164692837394847,True,False
2023-12-11,790.4446411132812,825.5,831.8499755859375,823.5,825.0250244140625,23187620,-0.0013307229838203094,0.02584812660300706,0.11129806675105147,0.011766117537294729,777.1200012207031,763.5430017089843,801.3250015258789,0.06225550584633188,0.0811440850775158,0.030168780991591815,0.00928437167940485,0.010665135823361092,30263097.0,0.7662011591212888,True,False
2023-12-12,782.5927734375,817.2999877929688,828.125,815.9249877929688,827.0999755859375,36581476,-0.009933388500340756,0.00671307799584242,0.09594366448939828,-0.0014051248053150722,780.6975006103515,764.6205017089844,801.2508764648437,0.04688434016248455,0.06889625110266029,0.020030070230855124,0.009892109375685586,0.010738480398236865,31391411.5,1.1653339003249343,True,False
2023-12-13,780.8214111328125,815.4500122070312,818.0,807.5499877929688,816.2249755859375,29346914,-0.0022635208779743232,0.001904395805964798,0.09544597724710457,-0.007908023484964444,784.25,765.6925024414063,801.1883764648437,0.039783247952861034,0.06498367113034731,0.01780060240653447,0.009908165294819209,0.010727869405283183,31828461.5,0.9220336961621598,True,False
2023-12-14,790.0377197265625,825.0750122070312,829.4749755859375,822.5,823.0,35172366,0.011803298615386204,0.012082599179464637,0.09688247649209325,0.004412928292812923,787.89375,766.9310021972656,801.212876586914,0.04719070586234664,0.07581387353384139,0.02978251637912699,0.009953764021205845,0.01083653507124941,31524806.8,1.1157044109148988,True,False
2023-12-15,793.1018676757812,828.2750244140625,834.0,823.2999877929688,825.0,138837130,0.0038784500314357206,0.002026432225500141,0.09825310812539856,-0.0031292018485783446,791.5987518310546,768.4160021972656,801.2380017089844,0.0463318979447247,0.07789923953383537,0.03374405937737612,0.009944087297123465,0.01074577679988228,36980971.4,3.7542856432375924,True,False
2023-12-18,792.69482421875,827.8499755859375,832.3499755859375,825.4749755859375,830.3499755859375,18014754,-0.0005131735421162187,0.0028467299647940703,0.10005978209341793,0.01635916733369913,795.3637512207031,769.6775012207031,801.3417517089844,0.04084448696005505,0.07558032328211906,0.03307979875055844,0.009890788170277165,0.0104310220113327,36696615.4,0.49091050505982087,True,False
2023-12-19,791.3543090820312,826.4500122070312,829.3250122070312,822.0250244140625,825.0,24008446,-0.0016910834332215519,0.011195429524930134,0.09812654666059184,0.057044238682324444,799.0562530517578,770.8490014648437,801.4658767700196,0.03428264161709649,0.072129574840895,0.031173049484901405,0.009942965064409792,0.008985542205849786,36930465.1,0.6500986633932211,True,False
2023-12-20,793.3171997070312,828.5,834.4749755859375,822.2249755859375,829.0,34232520,0.002480474030721158,0.016003418477668285,0.09160384288083856,0.06672676862467175,802.532504272461,772.0785009765625,801.6360018920899,0.032356939549856634,0.07307741240310772,0.03351146660641913,0.009914776517064617,0.008932009898107794,37394092.5,0.9154526212930558,True,False
2023-12-21,807.5365600585938,843.3499755859375,844.875,825.125,828.5,36589240,0.017923929494191304,0.022149456847592175,0.11513662141538772,0.10267049602929346,806.8862518310547,773.7830004882812,801.8705017089844,0.04519066184624698,0.08990501865995681,0.051728394782636355,0.010163460759318144,0.008928267673694474,37767372.0,0.9688055605245713,True,False
2023-12-22,799.9481201171875,835.4249877929688,842.9500122070312,833.5499877929688,841.7999877929688,48578850,-0.009397033286759338,0.008632354191730363,0.09830403073543081,0.09134550985364953,810.625,775.2430004882813,802.0486267089843,0.03059366265902086,0.07762983640843224,0.04161388720399217,0.010695071733513183,0.009041529592815511,39544003.5,1.2284757662435468,True,False
2023-12-26,805.5018920898438,841.2249755859375,842.9749755859375,834.2750244140625,836.625,18045856,0.00694255962859236,0.016156308986460255,0.0981332667461452,0.09416962537557261,814.3837493896484,776.6715002441406,802.2596264648438,0.03295894130550314,0.0831155454030501,0.048569500241205654,0.010693321067478336,0.009061597074214328,39622836.7,0.4554407887711886,True,False
2023-12-27,815.4841918945312,851.6500244140625,853.25,839.2999877929688,840.75,27009078,0.012392700086993447,0.03049187710668022,0.11425115077010939,0.11556477457745884,818.75,778.2060009765624,802.5567517089844,0.04018323592557249,0.094376069248163,0.061171091764585794,0.01069037654240043,0.009097170752636073,39548823.7,0.68292999571565,True,False
2023-12-28,816.417724609375,852.625,860.7000122070312,851.0,854.6500244140625,44076470,0.0011448077942677326,0.02911888955944475,0.09370488618684569,0.11915078732429918,822.4024993896485,779.9010009765625,802.7801266479493,0.03674903788933204,0.09324773135612752,0.06209031800548015,0.010164343698488853,0.0090831103964449,40050522.8,1.1005217140386492,True,False
2023-12-29,818.3328247070312,854.625,857.4500122070312,848.0,848.5,25011426,0.0023456971118605008,0.013369330337893226,0.09651651684574958,0.11986499726075595,826.1637481689453,781.6975012207031,802.9850015258789,0.03444989191807846,0.09329375962621467,0.06431004112902694,0.010117112918380498,0.00908323259061705,37826522.1,0.6612140004274937,True,False
2024-01-01,812.9945678710938,849.0499877929688,854.5750122070312,846.0,853.0,14239686,-0.0065233432289381055,0.016309064487039837,0.09174485594188653,0.12602362030722825,829.7312469482422,783.2665014648437,803.1538763427734,0.0232831304302219,0.08398608418092501,0.05714485455662244,0.010316400927357004,0.008968807245523448,37430829.6,0.38042667373848427,True,False
2024-01-02,813.4733276367188,849.5499877929688,851.4000244140625,844.3499755859375,849.4000244140625,29242092,0.0005888934776381305,0.00989629700572392,0.05573502535799468,0.11084954486302312,831.973745727539,785.0600012207032,803.3248764038086,0.02112595758663005,0.08214657029015493,0.05754223819893767,0.007478250740235713,0.00882514918957876,36359811.4,0.8042421254143249,True,False
2024-01-03,800.9296264648438,836.4500122070312,852.3499755859375,834.4749755859375,851.0,28389762,-0.015419899681206162,-0.017847721213287038,0.030301210027553704,0.08930491578320843,833.2037475585937,786.639501953125,803.5355014038086,0.003896123436733845,0.06332063178906377,0.040962111500636444,0.00835129557336106,0.009094528455329407,35167758.5,0.8072667468982989,True,False
2024-01-04,809.5235595703125,845.4249877929688,847.4749755859375,835.3499755859375,839.0,26734056,0.01072984094083096,-0.008444523919696523,0.03873321345776026,0.10221304505520745,834.779995727539,788.3200012207031,803.8412512207032,0.012751853326518958,0.07243884017130009,0.05173127966388513,0.008600712686690774,0.00916584724551406,34573808.3,0.7732459140175195,True,False
2024-01-05,805.3822021484375,841.0999755859375,852.4500122070312,834.0499877929688,843.5750122070312,31889470,-0.005115784687559244,-0.015825683093827703,0.031739704713294126,0.10944761825020599,836.0737457275391,790.0815002441407,804.135876159668,0.006011706364520197,0.06457368679817432,0.04596747952945446,0.008744456908999648,0.009044138019785318,35145762.5,0.9073489300452651,True,False
2024-01-08,796.4052734375,831.7249755859375,841.1749877929688,830.0,839.25,17998470,-0.011146118502106783,-0.020405173377442853,0.006200096965121693,0.09089417175789971,836.3299957275391,791.7509997558594,804.4397509765626,-0.005506223817305034,0.05048806486181179,0.033918294783731984,0.008679066854897837,0.00918082314397757,34359284.1,0.5238313449027886,True,False
2024-01-09,790.2052001953125,825.25,838.9000244140625,823.375,833.5750122070312,25326888,-0.0077849959734297425,-0.028603364301254652,-0.00030284675953962115,0.07203171354419924,836.317495727539,793.6219995117187,804.6862509155274,-0.01323360539995766,0.039852726496670376,0.025554989986564802,0.00886269985960254,0.009193794364977768,34466247.5,0.7348316059066192,True,False
2024-01-10,792.814453125,827.9749755859375,829.9749755859375,820.7000122070312,821.5,16115824,0.003302000104135061,-0.010132149557547154,0.013061284659743322,0.06845822321984762,836.8512451171875,795.4899987792969,804.8945007324219,-0.010606747116695847,0.04083643648127544,0.02867515535578047,0.00856949404460752,0.00917021688591378,33442964.9,0.48188980995521724,True,False
2024-01-11,789.4871215820312,824.5,831.4500122070312,821.5,830.0,18314010,-0.004196957261272671,-0.02475085086802875,0.011098151520624544,0.07374247110532317,837.303744506836,797.1289990234375,805.1126257324219,-0.015291636506865602,0.034336978092748716,0.024080325718331963,0.008615276658115062,0.009098985513021669,32891319.7,0.556803745396692,True,False
2024-01-12,785.752685546875,820.5999755859375,828.0,816.7999877929688,826.0,19773552,-0.004730169089220748,-0.024372845791273523,-0.005423793661043286,0.07296023624947257,837.0799926757812,798.7759985351563,805.2670007324218,-0.019687505655420434,0.02732177367723021,0.019040858298638552,0.008268656884818738,0.00910653565064563,32121379.0,0.6155885150509883,True,False
2024-01-15,800.8817138671875,836.4000244140625,840.4500122070312,821.7999877929688,823.8499755859375,28320356,0.01925426431659738,0.005620907109145756,0.009809543642521179,0.08538807541239923,837.4862426757812,800.7589990234375,805.5095007324219,-0.0012969983342631108,0.044509053827794576,0.03834904945696227,0.00931967465424607,0.00936582010177883,26595540.3,1.0648535687015164,True,False
2024-01-16,803.9219360351562,839.5750122070312,841.8250122070312,829.0499877929688,836.5,25322500,0.003796015901832428,0.017358391041540466,0.014163238469379724,0.10488568805004927,838.0724945068359,802.7829992675781,805.7995007324218,0.0017928254536971888,0.045830583075402,0.041915527924638374,0.009344084369676507,0.009151216159404353,26960927.6,0.9392295538080818,True,False
2024-01-17,736.1045532226562,768.75,798.4000244140625,764.2000122070312,785.0,170145236,-0.0843581707140737,-0.07152991012080456,-0.06981669956413161,0.014885012412906296,835.1874938964844,803.3204992675782,805.7416256713867,-0.07954799896072062,-0.04303450403555942,-0.04591003429984564,0.021217934816587763,0.014388211803067668,34267767.1,4.965168448340481,True,False
2024-01-18,711.5198974609375,743.0750122070312,757.5,740.0250244140625,747.0,161070930,-0.03339835810467484,-0.09875680751118099,-0.1031080118201192,-0.02406752248416766,830.9162445068359,803.2369995117188,805.5383758544922,-0.10571610903086881,-0.07489942238873393,-0.07754238099606559,0.02219007835491728,0.015017008419599874,40609687.6,3.966317879283563,True,False
2024-01-19,704.0989990234375,735.3250122070312,755.125,734.2000122070312,752.9749755859375,109600538,-0.010429633445729114,-0.1039178234413386,-0.12809031423028538,-0.02350521115922255,825.5149963378906,803.0709997558594,805.2645010375977,-0.10925299301763836,-0.0843586526837895,-0.08685281511906728,0.02153213109997479,0.015010300275745769,44260252.5,2.4762745761561122,True,False
2024-01-23,683.3682861328125,713.6749877929688,737.3499755859375,712.5,732.5,115469402,-0.029442796116891712,-0.14673007297802076,-0.14573420926951197,-0.04620783455667388,819.4274963378906,802.4289990234375,804.8633758544922,-0.12905657793708558,-0.11060668462690548,-0.11329672935448487,0.02212749141154957,0.015457966896399496,47604780.1,2.425584190441413,True,False
2024-01-24,697.037109375,727.9500122070312,729.2249755859375,690.125,690.125,86004404,0.020002136348098443,-0.1329541713093223,-0.1346547792402466,-0.005125051165010719,813.7637481689453,802.1314990234375,804.479250793457,-0.10545288624002247,-0.09248045601839505,-0.09512891539582291,0.02276287430593223,0.015423665192717385,51002707.5,1.6862713415753467,True,False
2024-01-25,686.9830932617188,717.4500122070312,728.6749877929688,709.7000122070312,726.25,98941852,-0.014424067345181646,-0.06673169143800817,-0.1575764790230133,-0.023312799530912365,807.0537475585937,801.5654992675782,804.0401257324219,-0.11102573480715683,-0.1049390064036021,-0.10769377143524195,0.022349628909414335,0.015526771506407555,54599346.2,1.8121435307589817,True,False
2024-01-29,696.438720703125,727.3250122070312,731.4000244140625,722.9000244140625,724.0250244140625,65645498,0.013764025133433888,-0.021195706680030124,-0.14695790974105705,-0.020503637244934425,800.7887481689453,801.2239990234375,803.542375793457,-0.09173922102413845,-0.09223261772797264,-0.0948517040077258,0.02280353493646481,0.015566574113871608,55677797.6,1.179024689008173,False,False
2024-01-30,691.4834594726562,722.1500244140625,731.5999755859375,720.4500122070312,727.2750244140625,41728768,-0.007115096698332324,-0.017917230577299215,-0.15500947852676616,-0.021808297441161528,794.1649993896484,800.6229992675782,802.9872509765624,-0.09068011689124134,-0.09801488956138393,-0.10067062268322291,0.022682873693856534,0.015575539042293788,56513664.7,0.7383836851054537,False,False
2024-01-31,700.2210083007812,731.2750244140625,737.4749755859375,718.4000244140625,719.75,65761040,0.012635878545325552,0.02466113696308958,-0.1387138155258113,-0.008104409068752094,788.2762512207031,800.165,802.4975012207032,-0.07231123190425948,-0.0860947124479794,-0.08875102626276343,0.023154084979497783,0.015663117513213046,59089732.4,1.1129012999219472,False,False
2024-02-01,702.040283203125,733.1749877929688,736.7999877929688,728.0250244140625,732.5250244140625,32690740,0.0025981516057225207,0.007177657116999248,-0.1369842877666665,-0.007042508490985311,782.4575012207031,799.7775,802.0051260375976,-0.06298426860353346,-0.08327630148013832,-0.08582256647746433,0.02319386688030305,0.015665512769326623,59262164.8,0.5516291905691573,False,False
2024-02-02,692.369140625,723.0750122070312,740.4249877929688,721.0250244140625,737.5,44867754,-0.013775668502195915,0.007840267481069807,-0.13554306694413476,-0.025341179838879513,776.7887512207031,799.1870007324219,801.4082510375977,-0.06914845114487322,-0.09523676993699492,-0.09774448756816134,0.023165624325213637,0.015752810759916018,60086064.4,0.7467247929787859,False,False
2024-02-05,691.7467651367188,722.4249877929688,725.9500122070312,717.0250244140625,723.0,38605046,-0.0008989723100490954,-0.006737049230843284,-0.14548895735989387,-0.03322182965143028,770.6387512207032,798.4560009765624,800.7892510986328,-0.06256337791392286,-0.0952225458767959,-0.09785878518992752,0.022841077909423555,0.015721732595280608,60679613.9,0.6362111344943808,False,False
2024-02-06,691.3876342773438,722.0499877929688,724.8499755859375,716.2999877929688,722.7750244140625,41075740,-0.0005190850348983922,-0.00013852609251785442,-0.14154082897224518,-0.029013295958354335,764.6862518310547,797.7715002441406,800.2328759765625,-0.055756545819926395,-0.09491629173014948,-0.09770017020130972,0.022890180924513646,0.015711065615749857,61138927.4,0.671842666314097,False,False
2024-02-07,684.6130981445312,714.9749755859375,726.9000244140625,713.3250122070312,726.5,54837086,-0.009798507480980434,-0.02228990227197425,-0.1403709199880061,-0.04129938362084984,758.8487518310546,796.8579992675782,799.6587509155273,-0.05781623299669725,-0.10275735922448215,-0.10589989196346017,0.02288037920962878,0.015751837295675256,62980858.2,0.8706944866622982,False,False
2024-02-08,671.734375,701.5250244140625,719.4749755859375,700.25,714.9249877929688,69106124,-0.01881177891695085,-0.043168362131638105,-0.1499242357902908,-0.05559854220613958,752.6625030517578,795.5675,799.002126159668,-0.06794211008300854,-0.11820804090908377,-0.12199855113542746,0.023025682362843986,0.01592168793724515,65169820.0,1.0604007192286244,False,False
2024-02-09,671.9976806640625,701.7999877929688,707.0999755859375,693.5,696.0750122070312,56642124,0.0003919509202625626,-0.029422983860450502,-0.1523898565940086,-0.05893397547037382,746.3537536621094,794.3169995117188,798.3313760375977,-0.059695239222058105,-0.11647366451381747,-0.12091644039314664,0.02296075603143321,0.015910287853561172,67196135.0,0.8429372314345163,False,False
2024-02-12,665.4864501953125,695.0,706.8250122070312,691.6749877929688,699.8250122070312,34447812,-0.009689352965584153,-0.03796240198827139,-0.15706488781079442,-0.06636220149636163,739.8787536621094,792.6254992675781,797.6198760986329,-0.06065690282357372,-0.12316724525994749,-0.128657621473243,0.0229460589643725,0.015950527813247444,68002825.1,0.5065644250712167,False,False
2024-02-13,667.6168823242188,697.2249755859375,702.1749877929688,692.1749877929688,695.9749755859375,57580994,0.003201403720773488,-0.03438129302226267,-0.15034731132170198,-0.07308566302703379,733.7100036621093,790.9819982910157,796.8856259155274,-0.04972676928768449,-0.11853243551389059,-0.12506267786558656,0.023078208561378245,0.015889202459971684,69893197.2,0.8238426099643357,False,False
2024-02-14,662.6377563476562,692.0250244140625,695.75,681.7750244140625,688.0,91320810,-0.007458067846042193,-0.0320989572440169,-0.17261477257983282,-0.08240788197018178,726.4912536621093,789.2684985351563,796.1853759765625,-0.047442042934872086,-0.12320708897108257,-0.1308242460931186,0.022182565881678107,0.015902058220473823,73043219.9,1.2502297971669782,False,False
2024-02-15,677.0007934570312,707.0250244140625,707.75,692.1749877929688,692.5,41584944,0.02167551673828627,0.007840062447656448,-0.15787748070839824,-0.06049427163293031,719.8637542724609,787.3149987792968,795.5410009765625,-0.01783494415741771,-0.10197948024579873,-0.11126513461134324,0.023075611266741295,0.016175703926802086,73856342.1,0.563051768034962,False,False
2024-02-16,679.8015747070312,709.9500122070312,713.8499755859375,704.2249755859375,711.9500122070312,32175742,0.004137035737020511,0.011613030145088521,-0.07648778899898379,-0.05667016311779849,716.9237548828125,785.2769995117187,794.8882510375977,-0.009727314276148147,-0.09592409729499962,-0.10685557211305274,0.014679262581286687,0.01618838909252227,66957867.4,0.4805371384931534,False,False
2024-02-19,678.4609985351562,708.5499877929688,714.5,707.5999755859375,714.5,34451756,-0.0019720042115504155,0.019496385313624076,-0.04646236765722833,-0.06643827453473028,715.1975036621094,783.1699987792969,794.2120010375977,-0.009294657538795326,-0.09527945542172966,-0.10785786809153708,0.01292954877431574,0.0161426675239652,60626908.7,0.5682584967423879,False,False
2024-02-20,696.2711791992188,727.1500244140625,728.625,705.9000244140625,707.5,56133508,0.026250846011627527,0.042920219263482995,-0.01111751627818569,-0.03851112235600418,714.7887542724609,781.4084997558593,793.629626159668,0.017293599077651045,-0.06943676112910102,-0.08376653233989861,0.014249317079898495,0.016517391720910234,57953557.2,0.9685946939595279,False,False
2024-02-21,689.0177612304688,719.5750122070312,732.0,717.5,732.0,45893136,-0.01041739937110664,0.039810681436405204,0.008267102693774175,-0.053999882848451586,715.0837554931641,779.2680004882812,792.994626159668,0.006280742191898447,-0.0766013595372157,-0.09258526039223602,0.012771182478668094,0.016545040416968117,54474743.9,0.8424663011586917,False,False
2024-02-22,679.634033203125,709.7750244140625,714.4000244140625,706.0999755859375,708.875,50560882,-0.013619132997560457,0.0038895370107714378,-0.0249673569451081,-0.07346121568520281,714.1750061035157,776.9535009765625,792.224001159668,-0.006160929256624592,-0.08646396017015501,-0.1040728084795659,0.012270431083842633,0.016593794607700392,52702567.8,0.9593627808017355,False,False
2024-02-23,680.13671875,710.2999877929688,716.9500122070312,709.0,711.2750244140625,29833452,0.0007396194017106339,0.0004929580673567191,-0.00996588513820984,-0.07068331344811318,713.8175048828125,774.8135009765625,791.7113760375977,-0.004927754034865339,-0.08326327961797508,-0.1028296304798364,0.011871813892537591,0.016594867539163213,49247147.8,0.6057904535133302,False,False
2024-02-26,680.9506225585938,711.1500244140625,717.4249877929688,706.7750244140625,706.7750244140625,23506870,0.001196729038015265,0.0036695175582353023,-0.022239009413256072,-0.0877721665285972,713.008755493164,772.7275012207032,791.1560012817383,-0.002606883947471106,-0.07968847583315553,-0.1011254123561719,0.01140414755433966,0.016367012390261684,47140216.4,0.4986585084917005,False,False
2024-02-27,679.9212646484375,710.0750122070312,713.3499755859375,706.5250244140625,706.7750244140625,32087150,-0.0015116531957050094,-0.02348210360137204,-0.016720919197958484,-0.08894663848535089,712.4050048828125,770.4275012207031,790.5951263427735,-0.0032706012167397214,-0.07833636379548548,-0.10184747091500745,0.011316112808739148,0.016366295804079074,46658135.5,0.6877075060146799,False,False
2024-02-28,674.7744750976562,704.7000122070312,712.0999755859375,702.0,710.0750122070312,25321986,-0.007569622797024778,-0.020671924049136203,-0.03634065340645898,-0.09386652803673445,711.0762542724609,767.9560009765624,789.9883764648438,-0.008967029945267324,-0.08236928767936247,-0.1079615432311466,0.010951193020167012,0.01638533678403768,44636182.8,0.5672973003417309,False,False
2024-02-29,671.9019165039062,701.7000122070312,705.2000122070312,698.6500244140625,701.0499877929688,53295700,-0.00425713062016897,-0.011376861581875675,-0.042929690878687365,-0.12799800973968467,709.5025054931641,765.4330017089844,789.3638766479493,-0.010997132815915078,-0.08326396870745889,-0.11105634173834322,0.01091375468643225,0.015682417094386312,45666430.8,1.1670651519365074,False,False
2024-03-01,684.9961547851562,715.375,716.375,700.0,700.0,34738898,0.019488367614470148,0.007144885674009727,-0.010648981194258944,-0.1188335018625929,709.1175048828125,763.2115014648438,788.7712515258789,0.008824341627586385,-0.06267790956115105,-0.09305137754944015,0.011561843757428164,0.015867590056839468,45159988.0,0.7692406384164673,False,False
2024-03-04,685.9297485351562,716.3499755859375,718.5,712.1500244140625,715.4749755859375,35616474,0.0013628874170015237,0.007312031207703962,-0.008409194462653646,-0.11985507544167062,708.813754272461,760.9685009765625,788.1635012817383,0.010632160095724652,-0.058633866360257136,-0.091115010501013,0.011568508470723538,0.015862706841607815,45010559.4,0.7912915208070043,False,False
2024-03-05,689.8316650390625,720.4249877929688,721.5,710.8250122070312,711.0,37991672,0.005688577295892339,0.014575890445388318,-0.0022505367044836078,-0.11628690316416257,708.7325042724609,758.5100012207031,787.6473760986328,0.016497738497983194,-0.05021029830383572,-0.08534579095359818,0.011646996001367269,0.01588708427929642,44856356.0,0.8469629588279529,False,False
2024-03-06,690.6695556640625,721.2999877929688,726.4249877929688,716.7750244140625,716.7750244140625,42409530,0.0012145608700784294,0.023556088120317398,0.008846480538494017,-0.12738929458390869,709.0487548828125,756.2275012207032,787.157751159668,0.017278406916011013,-0.04618651579234345,-0.08366526692988197,0.011419899494488371,0.01575579338416084,44234978.2,0.9587329241636203,False,False
2024-03-07,692.3452758789062,723.0499877929688,725.5250244140625,720.7000122070312,722.75,49348046,0.0024261750029341833,0.03042607270133324,0.030683101286208103,-0.12410661684679736,710.1250030517579,753.8640014648438,786.6605010986328,0.018200999381328353,-0.0408747646949581,-0.08086145575737824,0.010478029577808395,0.015766537764864412,43247074.3,1.1410724725024926,False,False
2024-03-11,683.5838012695312,713.9000244140625,722.9749755859375,711.5,715.0,50531094,-0.012654676071339854,-0.0020618215424602626,0.01724143179190718,-0.12651408897989436,710.7300048828125,751.1090014648438,786.1127511596679,0.004460230339892179,-0.049538718053191766,-0.09186052082106255,0.010950314567637136,0.015793402091873444,42941522.8,1.1767420134434543,False,False
2024-03-12,698.78466796875,729.7750244140625,732.0,714.625,717.0,65418454,0.022237007223846916,0.018740907776459315,0.050036006351169116,-0.10506467166649214,712.4687561035156,748.652001953125,785.6590011596679,0.024290564550780713,-0.02521462240108252,-0.071130066177716,0.011629600147310038,0.016103469982290064,44490054.9,1.4704062322926017,False,False
2024-03-13,699.191650390625,730.2000122070312,735.7999877929688,725.0499877929688,732.75,63067454,0.0005823545322203305,0.013568413894149423,0.04729468647244306,-0.11498954470359546,714.1175079345703,746.1635021972656,785.2170013427734,0.02252080938188472,-0.02139409116530877,-0.07006596780464436,0.011636124493314037,0.016008664680555805,44764377.9,1.4088759178310841,False,False
2024-03-14,696.8216552734375,727.7249755859375,733.0,722.1500244140625,731.0499877929688,52432158,-0.003389532429084685,0.008907511301404325,0.051587659278798714,-0.12139693442918431,715.9025054931641,743.737001953125,784.8161260986328,0.016514078386454578,-0.02152915119879517,-0.072744619553753,0.011489778439329376,0.01599165381911613,42819945.3,1.224479798669897,False,False
2024-03-15,695.481201171875,726.3250122070312,729.6500244140625,721.125,725.0,143613804,-0.0019237533764442372,0.004529457809769433,0.027297460664795326,-0.12263691051877934,716.8675048828125,741.2725024414062,784.4237512207031,0.013192824698847083,-0.02016463606183272,-0.07406550212593621,0.010603137667229192,0.015990429526806266,47921388.3,2.9968623425711565,False,False
2024-03-18,692.3212890625,723.0250244140625,728.0,717.9000244140625,723.5,21437856,-0.00454340376209994,0.012781901790085204,0.01841680679233293,-0.12514367023454054,717.5212554931641,739.0040026855469,783.9993762207031,0.007670530843181256,-0.021622316270841102,-0.07777346979607258,0.010662717278305731,0.015993586735771843,47384494.0,0.4524234446821359,False,False
2024-03-19,693.9012451171875,724.6749877929688,726.2000122070312,717.75,717.75,36183594,0.00228202803940758,-0.0069885052933793546,0.02275774508193429,-0.12531685239231294,718.327505493164,736.5890026855469,783.5340011596679,0.008836473963845792,-0.016174576119302064,-0.07511992240232712,0.01064342823367888,0.01599264465077971,47471085.9,0.7622238529833167,False,False
2024-03-20,685.1398315429688,715.5250244140625,725.8250122070312,712.3250122070312,724.5250244140625,43606094,-0.012626299421169329,-0.020097216581267285,-0.015987072281772097,-0.15156809731697163,717.7462554931641,734.0775036621094,783.0197512817383,-0.0030947302923585163,-0.025273188669443947,-0.08619798767169351,0.009287221005537883,0.015829820661634866,46844715.2,0.93086474779123,False,False
2024-03-21,692.1776123046875,722.875,725.625,719.1500244140625,721.2999877929688,28922860,0.010272143300587233,-0.006664572123599943,0.004586023329030464,-0.13472183551787698,717.9112548828125,731.9005041503906,782.6070013427734,0.00691414862690487,-0.012331599854364939,-0.07632438917654327,0.00930769932547754,0.015890415426186362,45996201.4,0.628809752102703,False,False
2024-03-22,690.7891845703125,721.4249877929688,725.375,718.875,720.5,45980326,-0.0020058961881809223,-0.0067463247605547005,0.016413600053796662,-0.14241135400137706,718.4937530517578,729.82400390625,782.2041262817382,0.0040796941222671634,-0.011508276061525935,-0.07770240075015633,0.008740606731109091,0.015844303228826195,45767173.6,1.0046573205910185,False,False
2024-03-26,682.4347534179688,712.7000122070312,718.9749755859375,711.0750122070312,713.5999755859375,56844290,-0.01209408564101655,-0.014280297165922606,0.0033788884348988635,-0.16315388742298131,718.6137542724609,727.5185046386719,781.7513763427735,-0.008229375001897798,-0.020368543668865646,-0.08832905988446305,0.009207773517573745,0.015771215192673944,47117715.5,1.2064313686855213,False,False
2024-03-27,689.7598266601562,720.3499755859375,723.9749755859375,710.625,711.7750244140625,62168668,0.010733777533153743,-0.005968209583448236,0.012936723414240348,-0.15513857136966724,719.0737518310547,725.4355041503907,781.3421261596679,0.001774816215489805,-0.007010311096379507,-0.07806074769513538,0.009503825600910917,0.01586059545001006,49050805.4,1.2674341938532165,False,False
2024-03-28,693.20703125,723.9500122070312,730.25,720.3499755859375,720.3499755859375,55592142,0.0049976216326867995,0.011774553657110554,0.019540189080691883,-0.15290330588617085,719.7675018310547,723.5025048828124,780.963376159668,0.005810918616548255,0.0006185290599529658,-0.07300388941795954,0.009536021761588872,0.0158785192627663,50226055.0,1.1068387115014309,False,False
2024-04-01,704.0271606445312,735.25,736.9000244140625,727.7999877929688,729.0,25199570,0.01560879563841655,0.01711914231367806,0.043351762826411955,-0.13403214113315265,721.2950012207032,721.4795043945312,780.6203762817382,0.019347144726747922,0.019086468183216132,-0.05812092235901789,0.009841861600710173,0.01604287006941414,50219934.2,0.501784209824791,False,False
2024-04-02,708.6472778320312,740.0750122070312,747.4249877929688,731.625,732.5750122070312,41225446,0.006562410346183212,0.025851647405668476,0.05468861241615275,-0.12886231199925113,723.2137512207031,719.4895043945312,780.2990014648437,0.02331435340916599,0.02861126908282463,-0.0515494562754798,0.009767063917359096,0.016079378694391085,49616421.5,0.8308830978469497,True,False
2024-04-03,709.6766357421875,741.1500244140625,747.8250122070312,735.7000122070312,736.0499877929688,45584386,0.0014525719545988025,0.039918635779069955,0.03603008829503751,-0.11393387100505037,724.5025024414062,718.9375048828125,779.9782516479493,0.022977866765895083,0.030896314881876386,-0.04978116652848963,0.008933534098838616,0.015990953805796692,50158695.9,0.9088032529968547,True,False
2024-04-04,731.36474609375,763.7999877929688,765.0,752.0,752.0,88935066,0.03056056484220293,0.060317920010601433,0.06623858982925146,-0.09654907434553928,726.8750030517579,719.3520043945313,779.7952514648438,0.050799634856313336,0.06178891992641167,-0.02051213269358587,0.011002801831379085,0.016454326861236927,52824625.5,1.6835910365327627,True,False
2024-04-05,741.8737182617188,774.7750244140625,777.25,765.0750122070312,769.5,59055902,0.014368992925499535,0.07020514034123204,0.07544163173406271,-0.07885501497687109,729.5925048828125,720.1410046386719,779.660376586914,0.06192843159553463,0.07586572549469395,-0.006266000324702814,0.011271198753423205,0.016574684616433407,53877837.0,1.0961075144868937,True,False
2024-04-08,740.4613647460938,773.2999877929688,778.625,770.7750244140625,777.4749755859375,20482940,-0.0019038257230984401,0.05175108846374532,0.07209205723004297,-0.07024556134292981,732.1925048828125,721.3335046386719,779.5225015258789,0.05614299878245199,0.07204224234714807,-0.007982468396652842,0.011328856673935994,0.01652383190145932,52781507.5,0.3880703862048654,True,False
2024-04-09,741.3949584960938,774.2750244140625,777.4249877929688,770.1500244140625,777.4249877929688,21884494,0.0012608775850062592,0.04621154834702623,0.07084577482319387,-0.06176913127650707,734.7537567138672,722.2600048828125,779.438751525879,0.053788452715030965,0.0720170287425641,-0.006624929927730228,0.01133791829608894,0.016502831530275243,51408329.9,0.4256993767852396,True,False
2024-04-10,735.5540161132812,768.1749877929688,774.9500122070312,766.4749755859375,774.9500122070312,27807400,-0.007878384848729936,0.03646355324655293,0.07602600017201677,-0.07222439029712191,737.4675048828125,723.2745043945313,779.2727514648437,0.04163909963061463,0.06207944995382442,-0.014241180191420622,0.011025995740374968,0.016517410404000992,50272145.2,0.5531373266323236,True,False
2024-04-12,727.223388671875,759.4749755859375,764.9249877929688,756.7249755859375,760.5,41084208,-0.011325560380489708,-0.00566249316071421,0.04069740697925517,-0.0788660089921922,738.9525024414063,723.9175036621094,779.0597512817383,0.02777238466170351,0.04911812705722984,-0.0251389905120617,0.010606757617471473,0.01656555067460806,49055432.9,0.8375057678881477,True,False
2024-04-15,715.61328125,747.3499755859375,755.0,746.0250244140625,748.7750244140625,23415248,-0.015964976318864954,-0.03539743533791073,0.023486665423450903,-0.08926395586070657,739.8100006103516,724.4215026855469,778.777751159668,0.010191772170375257,0.03165073484896719,-0.040355256075217616,0.011346790133170298,0.01666895815474459,47072822.6,0.49742604557560566,True,False
2024-04-16,722.5794067382812,754.625,756.4500122070312,741.125,743.5,20744886,0.009734427847353233,-0.024149732429542548,0.03696454748224576,-0.09777023197883061,741.1550018310547,724.8885021972657,778.4618762207032,0.01817433348714781,0.041022167840430335,-0.030620479883262997,0.011445112089822119,0.016513443005712333,45488459.0,0.4560472360692632,True,False
2024-04-18,715.61328125,747.3499755859375,759.4249877929688,745.5250244140625,754.9000244140625,34234884,-0.009640582294599964,-0.03477452840287687,0.02894704577916052,-0.10984728616286155,742.20625,725.172001953125,778.089626159668,0.006930318339326336,0.030583052811029576,-0.03950656780434003,0.01170711514343922,0.01653045829135175,40019513.0,0.855454787768157,True,False
2024-04-19,733.13623046875,765.6500244140625,767.4749755859375,740.125,743.2750244140625,34576434,0.024486585168852715,-0.0032869638025584402,0.058953699471941734,-0.004032488567073167,744.3375,726.0235021972657,777.8091262817383,0.028632877443448113,0.05458021964422577,-0.015632500901347712,0.012678680167966106,0.012887880843935395,40676441.9,0.8500358533080054,True,False
2024-04-22,723.99169921875,756.0999755859375,778.7000122070312,754.1500244140625,778.7000122070312,42298438,-0.0124731254797954,-0.004443859387725291,0.04336425062589089,0.017528463701424135,745.9087493896484,726.697001953125,777.5007510375976,0.013662832356676757,0.04046111866952384,-0.027525086532842802,0.013140125887809821,0.012234977294635026,40982184.1,1.0321177099001904,True,False
2024-04-23,721.7894287109375,753.7999877929688,763.25,751.625,763.1500244140625,26827060,-0.0030419096246979693,0.008630511029286358,0.05349213804262032,0.025124911133494576,747.8224975585938,727.332001953125,777.1232510375977,0.007993193911509211,0.03639051460511644,-0.030012309133059967,0.01273937100769215,0.012161475949662662,40143232.4,0.6682835037469479,True,False
2024-04-24,723.7523193359375,755.8499755859375,760.875,754.5250244140625,757.5,22441580,0.0027195381084721415,0.0016232904898956235,0.0456164282703615,0.059095510581636645,749.4712463378906,728.149501953125,776.7121258544922,0.008510972607975287,0.03804228878617799,-0.026859565563758125,0.012613969132946658,0.011511376618329577,39819168.4,0.5635873601016741,True,False
2024-04-25,723.2975463867188,755.375,759.8499755859375,753.125,753.125,35445204,-0.0006283992872649913,0.010737973742182438,0.04705965662610789,0.03767427341586327,751.1687469482422,729.2265014648438,776.235500793457,0.0055996113640861545,0.03585785552586218,-0.026873932939338263,0.01259291842499728,0.011239750268973352,39292412.3,0.9020877549938567,True,False
2024-04-26,722.8427124023438,754.9000244140625,764.0,752.7750244140625,759.9000244140625,24854694,-0.0006287944212312047,-0.014040357418164784,0.05921146553140888,0.05219877562177033,753.2787475585938,730.2885021972656,775.7105007934571,0.002152293371774139,0.03370109503675134,-0.026827632677536295,0.012152767721806356,0.011065323507080085,37692932.5,0.6593993184266043,True,False
2024-04-29,732.2744750976562,764.75,767.2249755859375,753.2750244140625,757.5,36093350,0.013048053076409438,0.011440318335361965,0.061636740360749176,0.05145565897617699,755.4987487792969,731.6835021972656,775.2137509155274,0.012245223748750034,0.045192351205725956,-0.013497891263112516,0.012241476201673073,0.011051602375877528,36389166.6,0.9918707508954052,True,False
2024-04-30,727.7739868164062,760.0499877929688,769.75,757.4500122070312,764.5999755859375,52307382,-0.0061458152429306745,0.008291324092879249,0.049865287626535526,0.052482118808564016,757.3037475585937,732.9400024414062,774.8307507324218,0.0036263391581361493,0.03698800073847752,-0.019076118139969678,0.012401470448439937,0.011040395946032148,36224928.6,1.4439609413060375,True,False
2024-05-02,733.591064453125,766.125,768.5,760.1749877929688,761.0,33475006,0.007992911393462254,0.01359399979618603,0.041992519551173,0.04765645539974672,758.8474975585938,734.422001953125,774.4738757324219,0.00959020417780887,0.04316727707307777,-0.01078006114089558,0.01209109057355415,0.010972898238945851,36638700.4,0.9136515660910287,True,False
2024-05-03,727.5346069335938,759.7999877929688,770.2999877929688,753.5999755859375,766.625,31865242,-0.00825584885890851,0.005858001380729672,0.02665267068957533,0.036314659451418985,759.8337463378906,735.4775012207032,774.1218756103516,-4.442885708166866e-05,0.03307033394209413,-0.018500817853895235,0.01225790755680416,0.011032646800941045,36170690.2,0.8809685915255219,True,False
2024-05-06,728.994873046875,761.3250122070312,767.25,758.5750122070312,761.0,28793396,0.0020071392979252867,0.008511044622041997,0.027221192914239856,0.052899075966198916,760.842495727539,736.5050012207031,773.787375793457,0.0006341870784054571,0.03369971818954487,-0.016105669304370074,0.012258691226791501,0.010869718966759135,35331140.7,0.8149580067195509,True,False
2024-05-07,721.09521484375,753.0750122070312,762.0250244140625,752.0750122070312,760.9749755859375,28480602,-0.0108363706271567,-0.015266410974787537,-0.014041602196050995,0.04242658398029575,760.3062469482422,737.3955017089844,773.431750793457,-0.009510950054976042,0.021263366079272483,-0.026320019271955153,0.010438158375781735,0.010973079027682004,32308417.5,0.8815226558218149,True,False
2024-05-08,709.8441772460938,741.3250122070312,748.4749755859375,740.1749877929688,747.9749755859375,41687862,-0.01560269536173342,-0.024636505343959114,-0.04317383905389627,0.026694861491486144,758.6337463378907,737.6790014648437,773.0560009765625,-0.02281566594474982,0.004942543755410478,-0.04104617094938412,0.010318432140121861,0.011173634221269192,31440015.5,1.3259491554639977,True,False
2024-05-09,693.0155029296875,723.75,743.375,722.6500244140625,737.4749755859375,46281278,-0.023707566745532982,-0.05531081742535482,-0.06407602298609438,0.012273190969895431,756.1562469482421,737.7625012207031,772.5720010375976,-0.04285654860226307,-0.01899324131752156,-0.06319411132169883,0.011387114980684678,0.011529538071604083,32729932.4,1.414035245609001,True,False
2024-05-10,697.820068359375,718.9500122070312,725.9749755859375,713.4000244140625,719.5,27276608,-0.006632107485967209,-0.05376411719167906,-0.07145395429601875,0.02483872589936853,753.3899963378906,737.9460009765625,772.0555010986328,-0.04571335470110649,-0.025741705686314176,-0.06878454828186908,0.011359511112081624,0.011292697566186116,32999538.1,0.8265754483393815,True,False
2024-05-13,706.2400512695312,727.625,729.9000244140625,715.1500244140625,716.0,27047202,0.012066190480111816,-0.04426494817152682,-0.052787435724081955,0.0367982511488012,751.3624969482422,738.2925012207031,771.4963760375977,-0.0315926028310638,-0.01444888198520955,-0.056865304102814984,0.011833293089658335,0.011391446141493823,32961528.2,0.8205688108841993,True,False
2024-05-14,709.0062866210938,730.4749755859375,732.75,725.1500244140625,726.125,25665142,0.0039168192213536734,-0.030010339281952847,-0.0381842732574913,0.05104313033947849,749.9124969482422,738.6790002441406,770.9550009155273,-0.025919719222449733,-0.011106346133424205,-0.05250633990507725,0.011734990760266135,0.011316994658865294,32190574.9,0.7972874693828472,True,False
2024-05-15,698.1111450195312,719.25,729.8499755859375,717.9000244140625,729.8499755859375,38931996,-0.01536668053129897,-0.029777778765768037,-0.037599486858759246,0.03158955170180611,748.5074981689453,738.8625,770.3385009765625,-0.03908778234088128,-0.026544181089174224,-0.06631954772064141,0.01169789779722094,0.0115051057293392,32966412.3,1.1809594458053903,True,False
2024-05-16,708.6665649414062,730.125,731.2750244140625,717.75,723.0250244140625,34945236,0.015119916579770631,0.00880829015544049,-0.032466456849428504,0.05505577723608579,747.2824981689453,739.3709997558594,769.7672509765625,-0.022959855491043957,-0.01250522370895324,-0.051499009507446014,0.012035688230285117,0.011606423692892217,33676429.8,1.037676386942894,True,False
2024-05-17,710.5350341796875,732.0499877929688,734.0,723.0999755859375,723.0999755859375,20920190,0.0026365181208269917,0.018220982493238003,-0.020472319920761706,0.03539473500198298,746.5174987792968,739.9779992675781,769.2381259155273,-0.019380002491549475,-0.010713847550138489,-0.048344117211166826,0.011915428030655323,0.011286301319922037,33010695.1,0.6337397602996854,True,False
2024-05-21,707.9629516601562,729.4000244140625,734.8499755859375,725.0499877929688,725.0499877929688,43769978,-0.0036199213483979475,0.002439476947689423,-0.04734539129381132,0.02739631223692318,744.7049987792968,740.2584997558594,768.6891259765625,-0.020551727718119084,-0.014668491270789952,-0.051111821716726014,0.010303973788707182,0.011290017294388497,33470372.3,1.3077230694562665,True,False
2024-05-22,708.1570434570312,729.5999755859375,732.7999877929688,724.0750122070312,728.9249877929688,39996278,0.00027413101889539604,-0.0011978507536115623,-0.0350482751695157,0.02970854301830772,743.3799987792969,740.5234997558593,768.0956259155273,-0.01853698406735127,-0.014751083758345551,-0.05011830432402886,0.010037037408152724,0.01128536086983066,33355264.3,1.1990994177191994,True,False
2024-05-23,724.3662109375,746.2999877929688,747.8250122070312,728.5250244140625,729.3250122070312,40861920,0.022889271883020035,0.0376086031184828,-0.009949588911455254,0.02633564290166568,743.0049987792969,741.0409997558594,767.6003759765625,0.00443467946929732,0.007096757181912938,-0.02774931963327254,0.011436521708039696,0.011163292420222641,34057007.3,1.1998094735705096,True,False
2024-05-24,736.3046875,758.5999755859375,759.9500122070312,743.0,743.75,31060206,0.016481291697918232,0.039000137765365483,0.0036382881376271214,0.054233349848004764,743.1424987792968,741.7869995117187,767.2105007934571,0.02080015183094952,0.02266550382425936,-0.011223158701053282,0.012034820059032655,0.011257376136792955,34487938.6,0.9006106848032952,True,False
2024-05-27,741.4004516601562,763.8499755859375,772.5,759.5250244140625,761.6749877929688,29385440,0.006920643512998925,0.04343963981044707,0.0112195605969716,0.07618604390386263,743.5662475585938,742.6029992675781,766.9210006713868,0.02727897896649134,0.02861148734830743,-0.004004356488818028,0.012123859488049412,0.011118499318884138,34184950.4,0.8596016567571209,True,False
2024-05-28,742.75927734375,765.25,768.0250244140625,762.4000244140625,765.0499877929688,27908904,0.001832852600392565,0.049149951173550255,0.013710392437688679,0.07736169667941417,744.0837463378906,743.6299987792969,766.619250793457,0.028446063721028647,0.029073600118598497,-0.0017860897597338221,0.012122925820439256,0.011118486171630117,34337660.9,0.8127782518814496,True,False
2024-05-29,731.9855346679688,754.1500244140625,761.9249877929688,750.625,759.0,35147706,-0.01450503180129048,0.0336486426118765,-0.01386070687929064,0.06046544122026698,743.5537475585937,744.1174987792969,766.2343759155274,0.01425085528821679,0.013482448203709474,-0.01577109025815504,0.012217132393098188,0.01130426964889025,34290378.7,1.0250019781787945,False,False
2024-05-30,735.1642456054688,757.4249877929688,761.7999877929688,748.8250122070312,749.5999755859375,33755350,0.004342588706339523,0.014906874155123484,-0.0034537202054597538,0.06668306132723334,743.4224975585937,744.6619982910156,765.9202508544922,0.01883517149448588,0.0171393055255189,-0.011091576508188483,0.012192839550993814,0.011307123267793128,33362777.1,1.011766793238564,False,False
2024-05-31,743.268798828125,765.7750244140625,768.0,757.0,759.5,74079588,0.011024242341706403,0.009458277167202711,-0.0004568126427638708,0.08666810153124871,743.4049987792969,745.4229992675781,765.6775009155274,0.030091303759724797,0.027302652542893657,0.00012736889672027019,0.012316974643347396,0.011319192325409178,35393006.2,2.093057243608767,False,False
2024-06-03,762.9965209960938,786.0999755859375,799.5,775.0,799.5,72637256,0.026541674152179118,0.02912875657675107,0.03461435669321822,0.12027926736590211,744.7199981689453,746.6184985351563,765.4775009155273,0.055564477278351454,0.052880389554026186,0.026940667290345166,0.013484452218925401,0.011746326678430546,37431606.9,1.9405326678615018,False,False
2024-06-04,719.780029296875,741.5750122070312,779.5,727.0,778.5,89531240,-0.05664033171571914,-0.030937586139129336,-0.025941614531678203,0.036624165237856054,743.7324981689453,746.9894982910156,765.0572509765625,-0.0029008897247676524,-0.007248409912551379,-0.030693439921727683,0.018773944079479406,0.013760118535498715,40468499.1,2.2123686815951125,False,False
2024-06-05,753.0962524414062,775.9000244140625,779.7999877929688,741.1749877929688,747.0250244140625,81631650,0.046286635393600006,0.028840415429143063,0.03030908188035375,0.08312982600357621,744.8737487792969,748.0139990234375,764.8120010375976,0.04165306628890009,0.03728008490085921,0.014497711021038029,0.021385240380712166,0.014966493771585817,43126051.5,1.8928616731814643,False,False
2024-06-06,756.9301147460938,779.8499755859375,782.7249755859375,773.2999877929688,782.4500122070312,46422870,0.0050907991333779545,0.029606876132132864,0.05196771017372237,0.08248601700368274,746.7999969482422,749.300498046875,764.5850009155273,0.04425546166678118,0.04077066226259385,0.019965045942742288,0.02100051381423679,0.014963817864054351,43362801.9,1.0705689661626778,False,False
2024-06-07,763.5545654296875,786.6749877929688,792.1749877929688,776.0250244140625,780.5250244140625,36712216,0.008751698942996544,0.027292563367286693,0.08694298831498282,0.0906349661810395,749.9462463378907,750.5764978027344,764.4287509155273,0.0489751653994277,0.04809435160294839,0.0291017794016748,0.020082597073609647,0.014993566196402268,42884348.8,0.8560749324005126,False,False
2024-06-10,757.7066650390625,780.6500244140625,790.3250122070312,778.7999877929688,787.0,22454058,-0.007658770740645249,-0.006932898284105371,0.08581961354673973,0.07966259261951114,753.0312469482421,751.7609985351562,764.2850009155273,0.03667680136481599,0.03842847119656123,0.02141220026420987,0.02011348958663259,0.015040122901276523,42643221.3,0.526556327488327,True,False
2024-06-11,759.4052734375,782.4000244140625,785.5,776.0999755859375,778.0,29545326,0.002241721572113553,0.05505176352359853,0.07527919520915649,0.09595181069817404,755.7699981689453,753.1549987792969,764.1697509765625,0.03523562235817179,0.0388300226144227,0.02385631388078746,0.020034143720348358,0.014926879542125578,42768127.5,0.6908258024623594,True,False
2024-06-12,763.9428100585938,787.0750122070312,794.1500244140625,783.2000122070312,787.5,39280436,0.0059751887104935175,0.014402613018871468,0.07748388173830745,0.07851733188454202,758.6,754.4894995117188,764.089626159668,0.03753626708018887,0.04318882200004204,0.030082054853811213,0.02003991024464002,0.014692313036471283,43448892.2,0.9040607023808077,True,False
2024-06-13,767.1458740234375,790.375,792.8499755859375,787.0,790.875,24120192,0.004192723364086159,0.01349621689242797,0.09888773027459163,0.08240891096548975,762.15625,755.8179992675781,764.0482510375977,0.03702488826930184,0.045721325459183504,0.0344569193459312,0.019519092698359487,0.014696437409441,42708302.0,0.5647658855648253,True,False
2024-06-14,774.9834594726562,798.4500122070312,799.5,788.8499755859375,792.0,25540554,0.010216684747153204,0.01496809304576674,0.09357988318032007,0.09718649076754371,765.5725006103515,757.0819995117188,764.0636260986328,0.04294500072882479,0.0546413898652891,0.04500461078611728,0.019414604070912382,0.014725798279973034,42238067.9,0.6046809257579702,True,False
2024-06-18,780.2733764648438,803.9000244140625,805.25,794.7249755859375,798.4500122070312,32415714,0.006825740025936833,0.029782872315223363,0.09814908519800936,0.10680482002307712,769.1650024414063,758.3584997558594,764.1093762207031,0.045159389548931284,0.060052764850482276,0.052074545126202354,0.019414180098990284,0.014733088366875789,42812844.1,0.7571492780130438,True,False
2024-06-19,804.5628662109375,828.9249877929688,834.9500122070312,802.0,806.7000122070312,90131196,0.03112944721844757,0.059464419641025223,0.13644771051228854,0.14646790885934724,774.1412506103516,760.1139990234375,764.2972512817382,0.07076710760397331,0.0905271957337146,0.0845583788281965,0.020154899429793566,0.015185603571746338,45130905.0,1.9971058856453243,True,False
2024-06-20,810.143798828125,834.6749877929688,840.7249755859375,826.0,834.9000244140625,41408742,0.006936695219321942,0.06047705091343558,0.14401729128711405,0.15179218525950522,779.3950012207031,761.5314990234375,764.5041262817383,0.07092679127488011,0.09604788359158878,0.09178611219865518,0.020099639510144356,0.015196905231034789,45201528.2,0.916091637804405,True,False
2024-06-21,808.396728515625,832.875,836.4249877929688,821.5750122070312,836.4249877929688,51630776,-0.002156513396583515,0.053771943697611846,0.11600564601784247,0.16400541082687425,783.7237518310546,762.6934985351562,764.720251159668,0.06271501668044488,0.0920179621297883,0.08912376615759565,0.019832332896165945,0.015080264585443082,45739971.0,1.1287889972645588,True,False
2024-06-24,811.6240234375,836.2000122070312,837.5499877929688,822.875,823.5,28544994,0.0039922103641378826,0.047279102539748985,0.10229375048576284,0.15676985952900746,787.6037536621094,763.9514990234375,764.9975012207032,0.061701405457966096,0.09457212044998853,0.09307548177962754,0.01967067846121384,0.015048199922436186,45614210.4,0.6257916940725998,True,False
2024-06-25,830.5266723632812,855.6749877929688,858.4749755859375,835.5499877929688,835.5499877929688,74521548,0.02328985326672739,0.06440472920329032,0.12021341250498008,0.18609003329744156,792.1950042724609,765.5794982910156,765.3315011596679,0.08013176450008896,0.11768273536983553,0.11804490798615763,0.020087982262699974,0.015271324391649962,47871015.8,1.5567154102462142,True,True
2024-06-26,825.7463989257812,850.75,855.4500122070312,845.5499877929688,853.9749755859375,47596666,-0.0057556757685200965,0.02632929701533171,0.11172819340084938,0.19369999358561363,796.470004272461,767.2309985351562,765.6095010375976,0.06815070930024714,0.10885769947291402,0.11120616821893559,0.020239652863374,0.015187089022060002,48855403.9,0.9742354417419933,True,True
2024-06-27,823.1500244140625,848.0750122070312,856.5,843.2999877929688,848.0499877929688,55074650,-0.003144270106339997,0.01605418229854294,0.12454416860351336,0.17730969799395258,801.1662536621094,769.0029992675782,765.9031262207031,0.058550592128042256,0.10282406312428383,0.10728757093837671,0.019803186946753676,0.015174051801672655,49851751.1,1.1047686146374907,True,True
2024-06-28,817.156494140625,841.9000244140625,853.2999877929688,839.5,848.7999877929688,26476046,-0.00728118115035481,0.010835989090874909,0.11152924445659274,0.16292563052447395,805.390005493164,770.8940002441407,766.1840014648437,0.045332098327371506,0.09210867401670564,0.09882224479297341,0.020025993963827197,0.015227135162649577,49487785.9,0.5350016275430096,True,True
2024-07-01,827.5420532226562,852.5999755859375,853.6500244140625,840.0,840.0,21187024,0.01270928953746231,0.019612488805902828,0.11338180066437875,0.15960554312946273,809.7312530517578,772.8534997558594,766.5102514648438,0.05294191421241767,0.10318446620901578,0.1123138587599728,0.02005401484266316,0.01518981242170897,46843157.7,0.4522970918333287,True,True
2024-07-02,839.8687744140625,865.2999877929688,867.4500122070312,851.375,857.5,45921690,0.01489562816173362,0.011248429762830359,0.10075055930131249,0.16920578795451435,813.6912536621094,775.2125,766.8753762817382,0.06342545025350632,0.11621005568533627,0.1283449887104875,0.019576635749993295,0.015264710809007612,45507379.4,1.0091042509030965,True,True
2024-07-03,858.334716796875,884.3250122070312,897.0,882.3250122070312,895.5,123217802,0.02198662276950647,0.039465192132860816,0.19249569854727966,0.19317949548225388,820.8287536621094,777.5859997558593,767.3597512817382,0.0773562795670042,0.13726971998555149,0.1524255875160554,0.013499237781640135,0.015464608162272245,47191707.5,2.61100537631532,True,True
2024-07-04,838.1945190429688,863.5750122070312,879.875,862.4249877929688,879.875,45848658,-0.023464223801850537,0.018276685171589646,0.11299778970773766,0.13062978005847636,825.2125030517578,779.7355004882812,767.6888763427735,0.046488036734057214,0.10752301474826864,0.12490233845910859,0.012295572532366747,0.015409294227734587,45402557.9,1.0098254398129407,True,True
2024-07-05,799.8311157226562,824.0499877929688,842.5,821.0999755859375,842.5,82242548,-0.045769069108482774,-0.021202085881297905,0.05667758362603226,0.06359906014803629,827.4225036621094,781.1405004882813,767.7820013427735,-0.004075929593664873,0.0549318429627772,0.07328640988169588,0.01680416232594141,0.01651801783058844,47193541.8,1.7426653068026356,True,True
2024-07-08,793.6434936523438,817.6749877929688,827.4749755859375,813.5750122070312,822.6500244140625,39087800,-0.0077361811715742634,-0.040962923754445435,0.039406362832217434,0.05738393986872814,828.9725036621094,782.3770007324218,767.8118762207031,-0.013628336065710456,0.04511634036724321,0.06494183421295863,0.01690588326761361,0.01655349555060374,47312321.0,0.8261653449637357,True,True
2024-07-09,794.2015380859375,818.25,823.3499755859375,810.1749877929688,812.5,48550878,0.0007032283188499466,-0.05437419213765882,0.04816495793253717,0.056795033030047515,830.8525024414063,783.6345007324219,767.8236260986328,-0.015168158493083506,0.044173015908851365,0.06567442337973795,0.01675531361332217,0.01655354079695316,48617162.0,0.9986366131367356,True,True
2024-07-10,789.1544189453125,813.0499877929688,820.0,810.375,814.9749755859375,45507182,-0.006355040888519681,-0.08059822285946627,0.039174287349824644,0.05841767919172902,832.3850006103515,784.7975,767.7966259765625,-0.023228449339194324,0.03599971686067893,0.058939255898459386,0.016871866422963133,0.0165407676646239,49415254.8,0.9209136365720005,True,True
2024-07-11,787.1161499023438,810.9500122070312,812.9249877929688,800.5,811.9749755859375,44177074,-0.002582836993378357,-0.060938539508579304,0.030333830485930857,0.06777713325100754,833.5787506103516,785.7215002441407,767.7416259765625,-0.027146491422377794,0.0321087203990873,0.05627985349303932,0.01687585526776357,0.016467961489186618,49660086.7,0.8895891436291028,True,True
2024-07-12,787.5043334960938,811.3499755859375,819.2000122070312,805.5750122070312,811.0,56049960,0.0004932034932927376,-0.015411701225850782,0.026538004853313257,0.08563591635876189,834.6274993896484,786.7475,767.691125793457,-0.027889715856155517,0.03127112013185629,0.05687033277525044,0.016866578630033338,0.016313074069557433,51256575.1,1.093517463674626,True,True
2024-07-15,787.2131958007812,811.0499877929688,814.9000244140625,807.5999755859375,811.75,33375694,-0.00036973907930681893,-0.008102241231423668,0.01578054404571838,0.07477222169020203,835.2574981689453,787.6459997558594,767.5920007324219,-0.028982092862433806,0.029713841045804434,0.05661599784661653,0.016742525130055665,0.016278766873533464,51648332.1,0.6462104901157109,True,True
2024-07-16,786.07275390625,809.875,813.5,808.4000244140625,810.375,28950324,-0.0014487242594826144,-0.010235258172930028,0.007432485886901707,0.08366230876644054,835.5562469482422,788.6475,767.5687506103516,-0.03073550947891246,0.026916334610836756,0.05511721178853035,0.016690994827468553,0.01621940989297859,51475062.6,0.5624145467284968,True,True
2024-07-18,783.6704711914062,807.4000244140625,811.9749755859375,799.5750122070312,804.0,33717064,-0.0030559970192158836,-0.006949097181888075,-0.025967323576789436,0.05452882997287234,834.4799987792969,789.5690002441406,767.6965008544922,-0.0324513162746235,0.022583237392056255,0.05171773417669345,0.015060396499659583,0.0159443813086609,48654356.0,0.692991681978074,True,True
2024-07-19,780.03076171875,803.6500244140625,811.5,801.75,808.0,26002152,-0.004644537882843691,-0.00900177283813286,-0.0371701127176961,0.06288857342083132,832.9287506103516,790.5805004882812,767.8313760375977,-0.03515153748124833,0.016531553608657434,0.04664910746589612,0.01495311541278095,0.015863995196558702,47884026.5,0.5430235070143903,True,True
2024-07-22,797.1376953125,821.2750244140625,825.5,806.3250122070312,808.5,53744822,0.021931188284166847,0.012232759138197213,-0.013927630900120058,0.08951318348870263,832.3487518310546,792.1795007324218,768.1136260986328,-0.013304191773738427,0.03672844810392073,0.06921033100980711,0.015863914172574482,0.0160785278839218,47989728.8,1.1199234366167121,True,True
2024-07-23,785.4176025390625,809.2000122070312,823.9000244140625,802.5,823.7750244140625,52002152,-0.014702763201213997,-0.0022809637060370314,-0.032288925622875,0.07058283832017942,830.9987518310547,793.8885009765625,768.332126159668,-0.026231976372998567,0.019286727558887717,0.05319039079054533,0.016128876075281608,0.01621394199384205,49162586.7,1.057758663459423,True,True
2024-07-24,778.4534912109375,802.0250244140625,810.5,794.0250244140625,804.0750122070312,61728206,-0.008866766787854474,-0.009692823689998464,-0.06269899686712233,0.06175743758274033,828.3162536621094,795.5500012207032,768.4981262207032,-0.03174056905416189,0.008139052458580709,0.0436265191149352,0.01509571845870895,0.016265071293672672,48522919.6,1.2721453389214443,True,True
2024-07-25,784.5440673828125,808.2999877929688,812.5,796.5,796.5,25535732,0.007823899738652829,0.001114643735067311,-0.04989716392245813,0.07073779527342605,826.1937530517578,797.1635009765625,768.7225012207032,-0.0216580737783284,0.013970141386006052,0.051484751011474206,0.015275391397161732,0.01628617049219539,47419872.9,0.5385027508161035,True,True
2024-07-26,785.2962646484375,809.0750122070312,810.875,798.2249755859375,802.5,43810540,0.000958832643532137,0.006750435672448374,-0.04598649817367728,0.05796013364763808,824.2437530517578,798.7355017089844,768.9586264038086,-0.01840322209123746,0.012944849046930162,0.05216975845740235,0.015293033285223584,0.01621261544776985,46856667.4,0.9349905238886025,True,True
2024-07-29,778.9387817382812,802.5250244140625,815.9249877929688,799.1500244140625,807.5,51001148,-0.008095649592614884,-0.022830354561649058,-0.04676921113929633,0.055884530364157525,822.2750030517578,800.4010021972656,769.1555014038086,-0.024018702458904917,0.002653697597786664,0.04338462501971341,0.015308244172874387,0.016229268962245014,48082922.5,1.0606915168269981,True,True
2024-07-30,784.0344848632812,807.7750244140625,817.375,799.5,801.0,54595834,0.006541852079731791,-0.001760983405180938,-0.05257442230287379,0.05436452852218965,820.0337554931641,801.9540026855469,769.4242514038086,-0.014949056666245686,0.007258548132464515,0.049843467944093556,0.015050363265285758,0.016219806283487268,49753363.0,1.0973295212225151,True,True
2024-07-31,784.1314697265625,807.875,813.9500122070312,804.5999755859375,807.0,37820484,0.00012376662178925635,0.007294006306363565,-0.0663642535572394,0.06327324687998126,817.1625061035156,803.4705029296875,769.6397512817383,-0.0113655558522886,0.005481840408891658,0.04967940995067588,0.014499592744875845,0.016174658966899597,49348302.7,0.7663988816377265,True,True
2024-08-01,795.3178100585938,819.4000244140625,825.0250244140625,808.9749755859375,811.4500122070312,26215174,0.014265851046340705,0.013732570566284297,-0.07341756356176543,0.07628149775176252,813.9162567138671,805.2705029296875,769.8973764038086,0.006737508502822731,0.017546304543591074,0.06429772269322553,0.013879713599326948,0.016262820395507572,44498171.3,0.5891292436100627,True,True
2024-08-02,805.1937255859375,829.5750122070312,835.25,815.5,815.5,44119238,0.012417607383212736,0.0253375764801822,-0.03937121792478282,0.10158350597213683,812.2162567138672,807.2700036621094,770.2101263427735,0.021372085758780024,0.027630171372325485,0.07707622093485433,0.013506248015463195,0.01624439102682865,44411700.3,0.9934147466090147,True,True
2024-08-05,784.1314697265625,807.875,823.0,800.5,820.0499877929688,41333634,-0.026157986785667275,0.006666428364453303,-0.019628648786574,0.08977167463274971,811.4075073242187,808.50150390625,770.4588763427735,-0.0043535551400897265,-0.0007748951649726443,0.04856342733675034,0.010541652696730791,0.016490726104512212,42366254.6,0.9756263420085286,True,True
2024-08-06,777.0703125,800.5999755859375,816.4749755859375,796.6500244140625,815.0,45116050,-0.00900513620803034,-0.008882484121528256,-0.02088239515937662,0.1061830405332469,810.5537567138672,809.34150390625,770.6497512817383,-0.012280223298555937,-0.010800790862845688,0.03886360081786333,0.010588438838819126,0.01621571682682702,42667667.1,1.0573826287305967,True,True
2024-08-07,787.892578125,811.75,815.0,801.0999755859375,808.5,42346264,0.013927085628377744,0.004796534117283091,-0.007943782462572546,0.12907710719427,810.2287567138671,810.2995043945313,770.8595013427735,0.0018775478820360902,0.0017900734205096303,0.05304533262676103,0.011100955702327709,0.01625140615434916,42357436.4,0.9997362352174836,False,True
2024-08-08,797.21044921875,821.3499755859375,826.6500244140625,809.625,812.0,33976950,0.01182627112526946,0.00237973042930939,0.010208459402968773,0.12880944935363337,810.6437561035157,811.42150390625,771.0916262817383,0.01320705846657333,0.012235899137367001,0.06517818063535286,0.011324649414752775,0.01624895580010978,41780924.8,0.8132168007923081,False,True
2024-08-09,800.8502197265625,825.0999755859375,831.2750244140625,822.9000244140625,826.0,26644618,0.004565654241755812,-0.0053943724862061115,0.01744862589051155,0.12953900292627862,811.3512542724609,812.8405029296875,771.3777511596679,0.016945461341284496,0.01508226104883259,0.06964450860230942,0.01133274375605391,0.01625036594334943,40904302.0,0.6513891375044121,False,True
2024-08-12,805.65478515625,830.0499877929688,837.9749755859375,823.6749877929688,826.0,39316196,0.005999287787538776,0.02744853819337001,0.023048022147935,0.15404933999717585,812.2862548828125,814.2930029296875,771.704001159668,0.02186880893696652,0.019350509959670914,0.0756066918735967,0.011388408861625355,0.016093060178605605,40067613.8,0.9812462552985873,False,True
2024-08-13,778.0408935546875,801.5999755859375,816.2000122070312,800.5750122070312,814.0,54055042,-0.0342750588825107,0.0012490632406878532,-0.011651578015242525,0.09789416276108542,811.813754272461,815.009501953125,771.859001159668,-0.012581430941234761,-0.016453214760137502,0.03853161572461494,0.01388462557861737,0.016689879617437918,41101581.2,1.3151572377950267,False,True
2024-08-14,780.2733764648438,803.9000244140625,806.8499755859375,801.5999755859375,803.25,32334428,0.0028693224777653903,-0.009670434968817365,-0.007377651595539381,0.09814908519800936,811.515005493164,815.3655029296875,772.0791262817382,-0.009383660225079749,-0.014061765520405833,0.041214555670700204,0.013902552091888102,0.01669012907250852,41270786.4,0.7834701206468894,False,True
2024-08-16,792.0662841796875,816.0499877929688,817.0750122070312,805.5,814.25,27849246,0.01511377411359316,-0.006452776466192578,0.010713355359610821,0.11879621672416785,811.9475036621094,816.8550024414062,772.3720013427734,0.005052647015177714,-0.0009855049501213964,0.056550452857251354,0.014299444850230738,0.01676399143702943,40977395.5,0.67962459937211,False,True
2024-08-19,791.79931640625,815.7750244140625,818.8250122070312,811.8499755859375,818.8250122070312,19502164,-0.00033694428407493593,-0.01130160156077209,0.015087413216767098,0.11811273535051625,812.5537536621093,817.6525024414062,772.6438763427734,0.003964378648717348,-0.002296180861353414,0.05582280451822874,0.01424815351996122,0.01676525067957625,40652396.1,0.479729754478113,False,True
2024-08-20,794.7839965820312,818.8499755859375,823.0,813.7249755859375,813.7249755859375,31134494,0.0037693617478467,-0.013493177967282555,-0.0029527853106883217,0.09721290229083435,812.4325012207031,818.4325024414062,772.9730010986328,0.007899086207890482,0.0005100886674049843,0.05935132847085134,0.013386291890806465,0.01654172320773395,39521879.7,0.7877786744034848,False,True
2024-08-21,789.0089111328125,812.9000244140625,817.2750244140625,808.9000244140625,814.0499877929688,47630904,-0.007266228673472708,0.01409686772989871,0.004572432218506561,0.0715792915576936,812.6175018310547,818.9570031738281,773.2962512207031,0.0003476698229747388,-0.007395966743421245,0.05121423145507564,0.013057455182842532,0.01646557410806553,39303317.3,1.2118799956867763,False,True
2024-08-22,791.6780395507812,815.6500244140625,819.1500244140625,814.0,816.0,21300638,0.0033829498307398342,0.01461624535782824,0.016988247978863225,0.06781442754958533,813.2987518310547,819.6570031738281,773.7160012817383,0.0028910318351211828,-0.004888604311620637,0.05419821105270706,0.012890580508106613,0.016451387746321204,37281938.9,0.571339330208494,False,True
2024-08-23,788.6448364257812,812.5250244140625,817.0,811.5,817.0,20333422,-0.0038313000753539272,-0.0043195434490963525,0.005227065056168101,0.06177722889782755,813.5100036621094,820.2595031738281,774.1057513427735,-0.0012107770569665943,-0.009429307103225981,0.04963052270913426,0.012825446805194799,0.01646410643954538,37021823.4,0.5492279993967019,False,True
2024-08-26,795.8759155273438,819.9749755859375,823.9749755859375,816.0999755859375,816.0999755859375,22364266,0.009168888277930165,0.005148418431774937,0.013472129548498746,0.08728362930574418,814.0550018310547,820.9175024414062,774.4928762817383,0.007272203649098641,-0.0011481383362709208,0.058725006642480926,0.01297680356334672,0.016366347822970768,35949509.7,0.6221021145108969,False,True
2024-08-27,794.8082275390625,818.875,823.7000122070312,816.0999755859375,821.7000122070312,35773244,-0.001341474579942492,3.0560438186055805e-05,0.020373166055320135,0.08113016232285664,814.8725006103516,821.4875024414063,774.8960012817383,0.004911810604297573,-0.003180209599832118,0.056754711142549485,0.012821439105938524,0.016366233535282368,35188114.5,1.0166286119138324,False,True
2024-08-28,794.4927978515625,818.5499877929688,819.875,815.0999755859375,818.875,26921188,-0.0003969008786826045,0.006950379147766306,0.013339064780719223,0.06891706009775822,815.4112487792969,821.889501953125,775.3025012207031,0.003849271172516433,-0.004063215495781702,0.05578143563857085,0.012759822063475755,0.016319148920404473,33804382.2,0.7963816004896548,False,True
2024-08-29,795.1964721679688,819.2750244140625,822.2000122070312,815.5750122070312,821.0,49052604,0.0008857572926592727,0.004444308087410587,0.014111124139331688,0.04220207334747372,815.98125,822.197001953125,775.7070013427734,0.004036581004848383,-0.003553865475210083,0.056165566374767106,0.012759019845807655,0.01597758949999322,34365988.2,1.4273590421590145,False,True
2024-08-30,794.395751953125,818.4500122070312,831.0,810.5750122070312,828.0,445342100,-0.0010070027554194283,0.007292068077831226,-0.0011593997787717747,0.10366449615286966,815.9337493896485,821.9875024414063,776.0898764038086,0.0030839057941469683,-0.004303581531189038,0.054581482236964796,0.012360148195327625,0.014089452156506385,55322334.5,8.049951326620173,False,True
2024-09-02,789.5668334960938,813.4749755859375,823.4000244140625,811.5999755859375,823.4000244140625,34049680,-0.006078607791425217,-0.007927071183306822,-0.019407571809884505,0.04842756797211156,815.1287475585938,821.5635021972656,776.4210012817383,-0.0020288475625592772,-0.009845284740248816,0.047724075267193244,0.012071952167540683,0.012850899838117482,54818856.6,0.6211307953475265,False,True
2024-09-03,794.6141357421875,818.6749877929688,819.9749755859375,812.2999877929688,817.0,37282860,0.00639234440283265,-0.0002442524280644731,0.013368389655539215,0.04978523231710086,815.6687469482422,821.279501953125,776.7962512207031,0.0036856148479074147,-0.003171288402988637,0.05391212497029296,0.010592344867184139,0.012859240640813965,54616317.9,0.6826322504615421,False,True
2024-09-04,796.773681640625,820.9000244140625,822.4000244140625,816.0,819.5,24682744,0.0027178509839320686,0.0028709750853825877,0.025356044775379782,0.04350594229150806,816.6837493896485,820.9735021972656,777.1718762207031,0.00516267775324919,-8.950079753666795e-05,0.05626573674539581,0.010347498644996763,0.0128202673270859,53594652.6,0.46054490145160487,False,True
2024-09-05,798.5450439453125,822.7249755859375,824.9500122070312,821.0,823.0,22876318,0.0022231101444754042,0.0042109805243268905,0.013520142391053369,0.053897328964353175,817.2324981689453,820.314501953125,777.5713760375977,0.00672082599419177,0.0029384749715788416,0.05807003824965462,0.009918093629463097,0.012773258939827713,52621155.3,0.4347361411884471,False,True
2024-09-06,794.419921875,818.4749755859375,823.875,817.0499877929688,819.1500244140625,26029602,-0.005165760279701281,3.0500798501975623e-05,-0.003500334918679515,0.04610806498746145,817.0887481689454,819.6690014648437,777.9350009155273,0.001696544494216301,-0.0014567171343217167,0.05211229038762877,0.00964045017120992,0.012796399518153164,52223787.9,0.49842424394497054,False,True
2024-09-09,799.0546264648438,823.25,824.25,815.0499877929688,819.0,23792914,0.00583405058981068,0.012016379983934566,-0.002242122943493907,0.04596129623214784,816.9962493896485,819.1725012207031,778.329250793457,0.007654564650723339,0.004977582588796325,0.05771432740160942,0.009677072719874065,0.01279545110599969,52081202.7,0.4568426373917052,False,True
2024-09-10,800.9230346679688,825.1749877929688,827.0,819.0,827.0,26606646,0.002338278521674786,0.007939658713066455,-0.005873140258651377,0.044029717277202174,816.7524993896484,818.8380004882813,778.6941256713867,0.010312167283986762,0.007739000023092135,0.05969078305490805,0.009590520031863583,0.012789429820007399,51445725.2,0.5171789472607142,False,True
2024-09-11,797.7928466796875,821.9500122070312,826.25,819.5999755859375,825.2000122070312,22226684,-0.003908232355131269,0.0012790690239268265,0.02538677300509984,0.029432024097592047,817.7700012207031,818.2250012207031,779.0330007934571,0.005111475084789818,0.004552550925198906,0.05509010705562223,0.005415208314137429,0.012743062405650811,49854307.3,0.44583277160487195,False,True
2024-09-12,808.8092651367188,833.2999877929688,835.0,823.5250244140625,827.0,32424046,0.01380859592113337,0.012853641886220624,0.03657166623466024,0.03657166623466024,819.2399993896485,817.5850012207031,779.436750793457,0.01716223379448678,0.01922122659882719,0.06910533400520258,0.006095211783829021,0.01283279049422717,49858788.2,0.6503175702934553,True,True
2024-09-13,808.4938354492188,832.9749755859375,837.0,828.5250244140625,837.0,23860532,-0.0003900302553609958,0.017715874562468592,0.020740136077622928,0.004885831471617141,820.0862487792969,816.5580004882812,779.838625793457,0.015716306456577733,0.020105093683289388,0.06813762236823839,0.005240885756820015,0.012194463483189722,49659352.5,0.4804841545205407,True,True
2024-09-16,810.9202880859375,835.4749755859375,838.9000244140625,832.0250244140625,833.5,15172820,0.003001290642904886,0.014849651486106952,0.024148754965898522,0.0009584422735418041,821.0712463378907,815.9959997558594,780.2211257934571,0.017542605848505533,0.02387141093327183,0.07081819238909892,0.005247880342262518,0.01216792367068585,49442885.3,0.3068756992626399,True,True
2024-09-17,809.876953125,834.4000244140625,839.0,832.0750122070312,839.0,20127122,-0.0012866347925275523,0.011179491329187385,0.01899010721347083,0.0018310363668767593,821.8487487792969,816.2030004882813,780.6117507934571,0.015272001877971064,0.02229472804546795,0.06890528302441257,0.005239714378379956,0.012165720293312057,48892516.7,0.4116605844509534,True,True
2024-09-18,822.494873046875,847.4000244140625,849.4500122070312,835.5499877929688,835.9249877929688,40917342,0.015580057070502695,0.03096296834243617,0.042440643331100425,0.013393939301041602,823.5737487792969,816.7975012207031,781.045500793457,0.028930348581509557,0.03746647504139511,0.08495602823804327,0.005812360327075502,0.012319499243567567,48556838.6,0.8426689871032913,True,True
2024-09-19,829.1435546875,854.25,859.5,849.5750122070312,849.5999755859375,30651776,0.008083520637934827,0.025141020657540425,0.047324188598739436,-0.0016653376729454106,825.5037475585938,817.5175012207031,781.4865008544922,0.034822679517110045,0.04493175831030949,0.09310909281983348,0.005960276908164066,0.011990491143535644,49024395.5,0.6252351648068766,True,True
2024-09-20,845.0130004882812,870.5999755859375,872.4749755859375,853.7750244140625,858.25,60623386,0.019139567557433512,0.045169424175718564,0.07147466161273575,0.023332325108360363,828.4074951171875,818.6685009765625,782.0178756713867,0.050932036126473346,0.06343406952561104,0.1132737532866499,0.006856138854325386,0.012215045996172555,51038893.7,1.1877880103815808,True,True
2024-09-23,854.0397338867188,879.9000244140625,883.1749877929688,870.125,874.5,26965350,0.010682344462352944,0.05317340450199448,0.07308155811133599,0.03752617604451025,831.4037475585938,820.0475012207031,782.5195007324219,0.058330596894562214,0.07298665394902648,0.12444485228865787,0.0069301862577656435,0.01227619485823338,51268947.9,0.5259587158409389,True,True
2024-09-24,858.04345703125,884.0250244140625,890.8250122070312,877.125,882.5,33039036,0.004688032600915992,0.059473871701823056,0.07956040227637007,0.05003563223473928,834.6612487792969,821.5010021972656,783.0426257324219,0.05914228761304163,0.07610948988444832,0.12896156015413118,0.006836455649099152,0.012241685725871724,51132237.5,0.6461488410320397,True,True
2024-09-25,863.406005859375,889.5499877929688,894.0,880.0750122070312,880.0750122070312,31965312,0.006249781653600017,0.04974033769712349,0.08673874663590819,0.04333804042351508,838.2112487792969,823.0710021972657,783.6018756103516,0.061247971902593124,0.0807694420265459,0.13520655766691925,0.0067800990458884965,0.012164124837516768,51384443.7,0.6220815036283053,True,True
2024-09-26,865.5171508789062,891.7249755859375,894.0,884.0250244140625,886.5250244140625,31899644,0.00244504280008484,0.04386886226038933,0.08843178299459398,0.030538527869818033,841.8337463378906,824.7080017089844,784.0370004272461,0.05926494330392629,0.08126145707096155,0.13735062898818406,0.006749004713003005,0.012024655888706293,50526795.7,0.6313411242106532,True,True
2024-09-27,850.5697631835938,876.3250122070312,889.0999755859375,875.0,888.5,35613502,-0.017269857636080244,0.006575966898276775,0.07071293192840744,-0.009046447730833962,844.7274963378907,826.0865014648438,784.3593756103515,0.037405572810313314,0.060815072819980553,0.11724936229023375,0.00823420879916021,0.011907207514618112,30040365.8,1.1855215824302645,True,True
2024-09-30,840.572509765625,866.0250244140625,875.7249755859375,862.2000122070312,874.4000244140625,26383534,-0.011753616123575172,-0.015768836930354135,0.06459946575526043,0.0028370577800413965,847.3549987792969,827.3340014648437,784.6200006103516,0.022033298513210786,0.046765904556943294,0.10375089054623432,0.008666435799944267,0.011609684642834012,29657058.5,0.8896207289067457,True,True
2024-10-01,837.7333984375,863.0999755859375,871.0,860.0499877929688,862.0,24572284,-0.0033775569361913504,-0.02367019965525774,0.054264498678202155,0.047387887108105264,849.5762481689453,828.1705004882813,784.8593756103515,0.015918203276208853,0.04217667144273096,0.0996874120472111,0.008750215162168446,0.0099398760031601,29021529.7,0.8466915512037948,True,True
2024-10-03,816.282958984375,841.0,863.0750122070312,836.6749877929688,857.8250122070312,48473398,-0.02560534840814288,-0.05457814452161869,0.024485290520346092,0.028526018962606425,850.5812469482422,828.8065002441406,784.9313757324219,-0.011264352444423475,0.014712118874873115,0.07143124354694108,0.010796737297218731,0.010454958140058883,30211062.4,1.6044916712362953,True,True
2024-10-04,804.4658203125,828.8250122070312,845.3250122070312,826.5,837.25,48683232,-0.014476798802578794,-0.07053740233929828,0.007414429854580851,0.012923937924877782,850.8862487792969,829.3425,784.948000793457,-0.025927362915918906,-0.0006239735609457897,0.05589798479545349,0.011350378795555428,0.010632682024421705,31501408.1,1.5454303453819258,True,True
2024-10-07,785.1264038085938,808.9000244140625,829.5,806.5,826.0999755859375,94458296,-0.024040041624602604,-0.07694061775454564,-0.011698526476048188,-0.005104192166795696,850.4075012207031,829.3545007324219,784.9060009765625,-0.04880892601142328,-0.0246631281319335,0.030569295441297717,0.012560340523376142,0.011056138393703717,34922842.8,2.70477110185314,True,True
2024-10-08,801.2628173828125,825.5250244140625,828.4000244140625,811.0,815.0,29734406,0.020552601679104443,-0.04676539229036902,0.0027634672506073876,0.01797276279380622,850.5212524414062,829.6835009765625,784.9563760375977,-0.029389304447822395,-0.005012123969688864,0.05168267895504264,0.013357670895599102,0.011364544574265906,35219917.4,0.8442497369400418,True,True
2024-10-09,792.5758056640625,816.5750122070312,828.375,814.3499755859375,824.75,41125642,-0.010841600123974171,-0.05390448927694802,-0.010422002257895802,0.0064399294734931445,850.0912536621094,829.9645007324219,784.9138760375977,-0.03942663956450965,-0.016132603880738006,0.040337083004909235,0.013571229028421419,0.011456146184901443,35945867.2,1.144099313870497,True,True
2024-10-10,806.7709350585938,831.2000122070312,832.7249755859375,816.25,819.5,21754766,0.017910173323173018,-0.01165277977760848,0.01125372572860317,0.024844368062805655,850.5537536621093,830.4330004882812,784.9285009765625,-0.02275428374955657,0.0009236286591440823,0.058949969548691916,0.014142336565353061,0.011682334238425377,35922271.3,0.6056066393552348,True,True
2024-10-11,801.238525390625,825.5,832.2249755859375,821.625,832.2249755859375,23672594,-0.006857569926997931,-0.004011717983965379,-0.009360359903073268,0.0192931007871584,850.1637542724609,830.7855004882813,784.9167510986329,-0.029010592545864577,-0.0063620519197492564,0.05170388941828996,0.013883299515480573,0.011718255944827049,35484698.7,0.6671211780642793,True,True
2024-10-14,819.2433471679688,844.0499877929688,846.0250244140625,827.0,828.0250244140625,18527508,0.022471214770404258,0.04345402684882793,0.01329573220280822,0.04539257155151,850.7175048828125,831.2784997558593,785.0047509765625,-0.00783752191717535,0.015363669385001888,0.07521640696180842,0.014793568895915427,0.01204987047119977,35218047.5,0.5260799310353591,True,True
2024-10-15,817.3021240234375,842.0499877929688,849.0,837.75,847.0,19651130,-0.0023695279058407737,0.020017519627143043,0.007869789519931558,0.04778194762938437,851.046255493164,831.5279992675781,785.0725009155274,-0.010570832833266097,0.01265379943268119,0.07257608285985806,0.01479957861939082,0.01203598147243473,35441963.0,0.554459412984546,True,True
2024-10-16,824.9214477539062,849.9000244140625,853.9749755859375,840.0499877929688,840.0499877929688,20470682,0.0093225304137452,0.04081071758118182,0.01857622189175334,0.03485434129745091,851.821255493164,832.3684997558594,785.105251159668,-0.0022554392329517947,0.021062215429038078,0.08253004696973698,0.014921939229734232,0.011768773247777734,35459141.0,0.5773033813763283,True,True
2024-10-17,811.988037109375,836.5750122070312,848.8250122070312,832.5999755859375,847.4749755859375,14695732,-0.01567832900842403,0.006466554284242809,-0.012774382694308084,0.03382970784359829,851.2800048828125,833.0880004882813,785.1110012817383,-0.017273978704345994,0.004185646314322389,0.06554998062856732,0.014954353899586553,0.011790982077746428,34148060.5,0.4303533432008532,True,True
2024-10-18,816.210205078125,840.9249877929688,845.5,827.0499877929688,831.5499877929688,24809724,0.005199743624258568,0.018685630276158438,-0.015598492487013504,0.048502181596298044,850.6137542724609,833.6715002441406,785.1095013427735,-0.01139032425801656,0.008700654330517477,0.07109261364782116,0.014880588827370804,0.011738818494607556,33855957.9,0.7328023053809386,True,True
2024-10-21,838.9466552734375,864.3499755859375,874.0750122070312,855.5250244140625,857.5,46548354,0.02785621563517604,0.02405069378183322,-0.00717895724243911,0.06934305163855203,850.3012542724609,834.5315002441406,785.1730010986328,0.016522051735060606,0.03573079666025025,0.10084016436698473,0.01560181489315463,0.012215502788437804,33152206.3,1.4040801260337235,True,True
2024-10-22,832.0796508789062,857.2750244140625,870.0,855.3499755859375,865.0250244140625,38875280,-0.008185285326211655,0.018080917809878416,-0.02571314850805495,0.05957421929957896,849.1700042724609,835.1750012207032,785.1962512207032,0.009544637823783786,0.026461547772691496,0.09179714381124748,0.01547624981721445,0.012275351664834995,33747702.8,1.1519385550592203,True,True
2024-10-23,842.3924560546875,867.9000244140625,873.25,852.5250244140625,852.5250244140625,38036090,0.012393922250635958,0.021178961622468018,-0.018240433873110917,0.08146163423094688,848.3637542724609,835.932001953125,785.2626263427734,0.02302817634913623,0.03824237185111401,0.10523536368483333,0.01572417486134928,0.012301891956674044,33997555.5,1.1187889670479396,True,True
2024-10-24,849.1138305664062,874.8250122070312,884.3250122070312,869.0499877929688,869.0499877929688,30832258,0.007979015552677327,0.04572214020484533,-0.016553286254852417,0.08300576988203479,847.6275054931641,837.3965026855469,785.3915014648437,0.03208662595020817,0.04469628115408941,0.11387124838425677,0.015769683435185446,0.012313504996776026,33940902.8,0.9084100732877384,True,True
2024-10-25,846.0806884765625,871.7000122070312,878.9249877929688,864.3499755859375,877.5,26130478,-0.003572142950184043,0.03659663449272976,-0.02245643435718303,0.07900357382891077,846.6262573242187,838.7525024414062,785.5022515869141,0.02961608462517895,0.039281563595604974,0.10973585428428212,0.015763594601157675,0.012329255843761598,33652444.5,0.776480828903826,True,True
2024-10-28,841.6158447265625,867.0999755859375,875.5,864.4500122070312,871.0,22012142,-0.005277086792103036,0.0031815816251232754,-0.010526958026520816,0.058213265499942324,846.165005493164,839.7735021972657,785.6555014038086,0.02474100199945295,0.03254029011057402,0.10366435929819628,0.0153350848472099,0.012239894793110738,32972376.5,0.6675934323387336,True,True
2024-10-29,850.1815185546875,875.9249877929688,882.0,862.5499877929688,863.0750122070312,35794926,0.010177617870497313,0.02175493610309398,0.011431498051230449,0.055871952389966895,846.6600036621094,840.9765014648438,785.8080014038086,0.034565213904374614,0.04155703074610351,0.1146806678325627,0.015265769474070776,0.012207907707125215,33442946.1,1.0703281311690418,True,True
2024-10-30,841.8099365234375,867.2999877929688,877.375,862.0999755859375,871.0,32715724,-0.00984673359043231,-0.0006913660608534045,0.004866194329550266,0.07355715648209027,846.870004272461,841.9455017089844,785.9390014648437,0.02412410808912635,0.030114165385431324,0.10352073911141102,0.01542396403849256,0.011766988755244567,33850118.1,0.9664877358286085,True,True
2024-10-31,842.3438720703125,867.8499755859375,869.4500122070312,859.7000122070312,864.0,22895912,0.0006341379000458502,-0.007973064925860918,0.031926249210389335,0.08399950293625924,848.2125030517578,843.0445007324219,786.1196264648438,0.023151595223515953,0.029423683841084403,0.10396680908303058,0.014163991368396404,0.011690127326918025,32571243.8,0.7029486543587261,True,True
2024-11-01,843.1203002929688,868.6500244140625,872.0499877929688,863.0499877929688,866.5,1759692,0.000921874575827264,-0.003498896122814732,0.04804996425117958,0.07009550281991062,850.2037536621094,844.1045007324219,786.336626586914,0.021696294179482045,0.02907877361196709,0.1046795927393449,0.013649393329670906,0.011574148639274563,30225066.8,0.05821962319037786,True,True
2024-11-04,831.8612060546875,857.0499877929688,872.5,855.4500122070312,872.5,28089248,-0.01335409692634082,-0.011590344915161088,0.059525234176849295,0.0434650432436714,852.6112518310547,844.995,786.4820016479492,0.005206049008128266,0.014266342159384049,0.0897261297743055,0.01273705100741728,0.011638495144775865,26906614.4,1.0439532667476739,True,True
2024-11-05,853.0933227539062,878.9249877929688,881.3499755859375,848.9500122070312,851.5,44232406,0.025523598753360188,0.0034249508140633544,0.06468606256582987,0.06523453375308597,855.28125,846.1740002441406,786.754126586914,0.027644400941758906,0.03870479066879717,0.11715332413432522,0.013140295723094617,0.012060985898552697,27631514.4,1.600795575648941,True,True
2024-11-06,851.83154296875,877.625,885.75,872.6749877929688,885.75,27787910,-0.0014790656893634013,0.011904776147069418,0.07476347779484871,0.05731583989722,858.3337493896485,847.3490002441406,787.0392517089844,0.022475232535210665,0.035730259606296944,0.11509686218866078,0.012774651394612296,0.012048399818909436,26964627.8,1.0305319326528957,True,True
2024-11-07,847.6094360351562,873.2750244140625,880.4749755859375,869.0,872.1500244140625,18895456,-0.004956531076413584,0.006251136694982673,0.05061960008315225,0.08941498379629231,860.4375,848.4435009765625,787.2236267089844,0.014919763973632705,0.02926715026860216,0.10930997849342883,0.012454082781922168,0.01115488030204742,26821662.3,0.7044848968961928,True,True
2024-11-08,851.4432373046875,877.2249755859375,880.9000244140625,872.9249877929688,876.0,19902986,0.0045231468454343116,0.009871583412041085,0.06265896497387957,0.0912115299726719,863.0237487792969,849.6025,787.4118765258789,0.016455198164277096,0.03251223435187334,0.11406114352290553,0.012260342794072399,0.011160389734245118,26633181.9,0.747300344162032,True,True
2024-11-11,857.1942138671875,883.1500244140625,891.4000244140625,875.5999755859375,877.2750244140625,24565362,0.0067543093197584,0.030453342270390982,0.0463243139465388,0.08222539994463784,864.9787506103515,850.8965002441406,787.9838766479493,0.02100776902425494,0.03790534355314379,0.12077169417595957,0.011429900230745475,0.011039295091941077,26935074.6,0.9120213091965967,True,True
2024-11-12,833.8510131835938,859.0999755859375,887.5,854.3250122070312,886.0,31395406,-0.027232121568565137,-0.022555977452425102,0.020248189585106546,0.053108945328393053,865.83125,851.8090002441406,788.5640014648437,-0.007774349117177781,0.008559401626077268,0.08944863573541961,0.013185028471617432,0.011639806727572229,27522288.4,1.1407265828956288,True,True
2024-11-13,815.9674682617188,840.6749877929688,864.7000122070312,836.5,858.375,35728500,-0.021446849396546952,-0.04210227854383275,-0.01085426092022257,0.02665324889509102,865.3699981689454,852.2490002441406,789.0907513427734,-0.02853693845202554,-0.013580552688071568,0.06537174128883905,0.013946436360399377,0.011985623935066438,28285179.3,1.2631526786892244,True,True
2024-11-14,821.5,846.375,852.4249877929688,836.0499877929688,836.5499877929688,27146470,0.006780280476757827,-0.03080361130459619,0.011714416101330505,0.041179695633625,865.8599975585937,852.7584997558594,789.7542514038086,-0.022503635245344822,-0.007485706395992442,0.07169413586004336,0.01355468333840473,0.011968346481949894,28907716.2,0.939073492080291,True,True
2024-11-18,827.4934692382812,852.5499877929688,859.4500122070312,847.5,850.0,27081968,0.0072958059878525106,-0.028128460178060033,0.013824062988674113,0.04523994639173101,866.4412475585938,853.355,790.3772512817383,-0.016032546701541528,-0.0009433497278755754,0.0786621026989407,0.013599581436524644,0.011993607362969514,29021328.4,0.9331746509577419,True,True
2024-11-19,845.5225830078125,871.125,876.875,851.3499755859375,857.0,50981272,0.021787593071366018,-0.013616060784282569,0.007838288431106566,0.07212082560558164,866.7799987792969,854.4080004882812,791.1456262207031,0.0050128074330537675,0.019565593372446566,0.10109311247963015,0.013018838671239276,0.0122782758686348,29242974.3,1.7433682181911296,True,True
2024-11-21,845.0130004882812,870.5999755859375,879.5,867.0999755859375,874.7000122070312,35716512,-0.0006026969884488365,0.013386102114781862,0.01554337965343433,0.06173968902383198,867.4462463378907,855.355,791.8620010375977,0.0036356480431622984,0.01782298061733134,0.09943396001470894,0.012862959388648985,0.012235995484167716,29085035.9,1.228003022681502,True,True
2024-11-22,847.1483154296875,872.7999877929688,877.1500244140625,864.7750244140625,871.7750244140625,24773612,0.002527006970739487,0.03821334102533247,0.005645769375584919,0.06585252668962749,867.6912445068359,856.3075,792.6152508544922,0.005887743270979406,0.01926000623954449,0.1011647667036839,0.012583081991581665,0.012233251213732421,28421912.0,0.8716377701823861,True,True
2024-11-25,866.560546875,892.7999877929688,901.7750244140624,882.4500122070312,892.5250244140625,427737274,0.022914757424061794,0.054851558461637806,0.02054693834209176,0.0907091822213546,868.5899932861328,857.7244995117187,793.4228756713867,0.027872753190768984,0.040893653266541374,0.12525113047375913,0.013471124993051474,0.012549799723692598,48267162.8,8.861869005484616,True,True
2024-11-26,866.5363159179688,892.7750244140625,905.0,884.9000244140625,905.0,30935566,-2.7960774246826858e-05,0.04718202709172048,0.024176909386145473,0.08971346350093667,869.6437438964844,858.9140002441407,794.2208758544922,0.026598570598504123,0.03942306698959053,0.12408909354534048,0.013429626467834091,0.012551143612095878,48507417.2,0.6377491894167475,True,True
2024-11-27,879.5181884765625,906.1500244140624,908.6749877929688,892.5750122070312,894.9500122070312,32714976,0.014981377877117508,0.040206657384488365,0.04503523230033202,0.1071537795821389,871.5962463378906,860.3775012207032,795.1362509155274,0.03964424837917013,0.05320051155268146,0.13961603859805494,0.013670791301579336,0.012665990429116642,49042558.9,0.667073185693824,True,True
2024-11-28,870.224609375,896.5750122070312,918.0499877929688,894.0,909.5,35722392,-0.010566696406836829,0.029835788363779647,0.02357510597579071,0.1021543859554348,872.6287475585938,861.599501953125,796.0070010375977,0.027441526210812306,0.04059369831879156,0.1263406113744514,0.013827205215872867,0.01272627780611775,49038932.2,0.7284496296597583,True,True
2024-11-29,871.6320190429688,898.0250244140625,902.2999877929688,891.4500122070312,900.6500244140625,27669536,0.001617279298763652,0.028901279759272036,0.035426077543573076,0.09692495532935497,874.1649993896484,862.872001953125,796.8868762207031,0.02729464693859107,0.04073955625094805,0.1269165689777887,0.013578071253439204,0.01271137146345665,48786622.8,0.5671541584960867,True,True
2024-12-02,875.8298950195312,902.3499755859376,904.0750122070312,887.5,901.75,15110876,0.004816069768987852,0.010696671061316554,0.039753414726672265,0.09922030545682103,875.8899993896484,863.9710009765626,797.8237512207031,0.030209245698349596,0.04442160045417576,0.13101417976753016,0.013590884111039581,0.012717320895059605,48397371.0,0.31222514132017626,True,True
2024-12-03,886.3124389648438,913.1500244140624,918.7000122070312,908.0499877929688,911.3499755859376,43410242,0.011968802704418247,0.022822099009066843,0.05122891699682719,0.10990920600620502,878.1149993896485,865.1490014648438,798.8818762207031,0.039897991776436825,0.05548295480656473,0.1430350989234246,0.013766444698220422,0.012786715988258937,50479898.5,0.8599510555671978,True,True
2024-12-04,902.7157592773438,930.0499877929688,932.5,915.5750122070312,919.0,44669084,0.018507324018033566,0.026375283049140386,0.08517589526835634,0.13632061521142513,881.7649993896484,866.3380017089844,800.0231262207031,0.0547594749584559,0.0735417192346437,0.162528878616935,0.013667283187071763,0.012931919949430501,51308890.3,0.8705915044902073,True,True
2024-12-05,905.457763671875,932.875,939.9749755859376,917.5999755859376,930.0,39682714,0.003037484268705981,0.04048739625657394,0.06138181637377582,0.1331612511387792,884.4625,867.3975012207031,801.2125012207031,0.0547366338312818,0.07548730390293867,0.16432906198879804,0.012710884130248264,0.01292368995652172,51081405.7,0.7768524271445412,True,True
2024-12-06,900.6531982421875,927.9249877929688,932.0999755859376,922.0,928.5,17783156,-0.0053061902259480265,0.033295245194770784,0.05731375905764846,0.1245190432575003,886.9774993896484,868.2755004882813,802.3660012817382,0.046165194079328176,0.0686988027085218,0.156485925762877,0.01281122523375055,0.012959612270251258,50581168.0,0.3515766183967915,True,True
2024-12-09,907.5203247070312,935.0,940.0,924.5,926.8250122070312,26947912,0.007624551876611152,0.0361833271983647,0.07068217212252548,0.13753876283719046,890.0637481689453,869.1845007324218,803.5808761596679,0.05048655438837768,0.07572097663052957,0.16354187579523694,0.012715291925445404,0.012955413383923678,50983790.8,0.5285584217484276,True,True
2024-12-10,906.5982055664062,934.0499877929688,938.8499755859376,929.2750244140624,938.8499755859376,13325480,-0.0010160558363970784,0.022887765230381607,0.06477815131640008,0.12090483796458562,892.9049987792969,870.0310009765625,804.7160009765626,0.046079917874714216,0.07358242033277951,0.16072003869620222,0.012752052954626487,0.01287199615392943,50654915.5,0.263063907391179,True,True
2024-12-11,904.1716918945312,931.5499877929688,935.9500122070312,928.375,930.8499755859376,14045426,-0.002676516281432839,0.0016128165364095448,0.054803784227960506,0.11834090470447922,895.3249969482422,871.1355004882812,805.8240008544922,0.040460158007652236,0.06935142382651671,0.15602164592411905,0.012788823339643133,0.012882528608805009,50128918.7,0.2801860954563139,True,True
2024-12-12,902.3032836914062,929.625,934.3250122070312,924.3499755859376,925.5,17293790,-0.002066435315542736,-0.003483853678145521,0.08209175464818497,0.11269041822351755,898.8512481689453,872.4075,806.9293759155273,0.034236757076039126,0.06558574977862985,0.15205249399337384,0.010760974948323818,0.01289211124713998,49423837.9,0.34990787309943006,True,True
2024-12-13,908.3695678710938,935.875,937.5,914.625,931.25,19009002,0.006723141051499182,0.00856751602943695,0.11324235119324855,0.12161430083513713,903.6112487792968,873.8630004882813,807.973000793457,0.035705344819787044,0.07096306798327512,0.1582998430404714,0.008944123172150178,0.01290041228685483,48587863.0,0.39122943110298963,True,True
2024-12-16,905.1907958984376,932.5999755859376,934.9749755859376,927.625,932.5499877929688,13107082,-0.003499425045078053,-0.0025668710310827736,0.1018756172924975,0.10054277639511144,907.9224975585937,875.695,809.0381256103516,0.027180159202687237,0.06498264302746692,0.152726856824416,0.009154487726414693,0.0127946233934477,47885893.6,0.2737148879268278,True,True
2024-12-17,889.6853637695312,916.625,931.1749877929688,913.25,928.1749877929688,21079532,-0.01712950461520313,-0.018655305412659584,0.07515689768866785,0.0730172666081359,911.1262481689453,877.4509997558594,810.0723754882813,0.0060351151578668105,0.04464522834328122,0.13153469706641063,0.010367239525775245,0.012993192986915184,47585771.8,0.4429797227750334,True,True
2024-12-18,878.7417602539062,905.3499755859376,918.0,903.5750122070312,914.9249877929688,23422312,-0.012300585751056747,-0.028125181203752958,0.039288248627852074,0.03991500226796174,912.8374969482422,879.3799987792969,811.0476254272461,-0.008202469100290655,0.029532144059099208,0.11627227206172353,0.010030361423768971,0.012893426426099273,46207823.8,0.5068906101568021,True,True
2024-12-19,870.3944702148438,896.75,900.5499877929688,889.5,899.7999877929688,25380770,-0.009499062039927453,-0.035363721930886105,0.030036785145167055,0.019149875120367366,914.1449981689453,880.8044982910156,811.9756253051758,-0.0190287079224718,0.01810333818676302,0.10440507332096627,0.010343139237645946,0.012892747858250155,45691036.7,0.5554868489118786,True,True
2024-12-20,859.7177734375,885.75,898.7750244140625,883.5250244140625,891.0999755859375,25692348,-0.012266517981600278,-0.05355950313877389,0.014837319418137929,0.001951274611350362,914.7924987792969,882.187998046875,812.8540002441406,-0.031747635467115565,0.004037690334725896,0.0896790810329593,0.01078761707545747,0.012982612040629138,45736973.5,0.5617413229145999,True,True
2024-12-23,874.0342407226562,900.5,903.0,890.6500244140625,891.0,11044592,0.01665255433248669,-0.034419876073629174,0.00862456576199766,0.012309608630537872,915.1774993896485,883.5739978027344,813.8330001831055,-0.016037871778356916,0.019156292782898765,0.10649236366354664,0.010185796052293984,0.01313449965493713,24902339.4,0.4435162424940687,True,True
2024-12-24,872.6268920898438,899.0499877929688,904.3499755859376,894.7750244140625,901.0250244140624,14485834,-0.001610230102200183,-0.019173612117312167,0.007028605423885503,0.008214429793466538,915.4912475585937,885.0449975585938,814.8197500610352,-0.017958948061458924,0.01582404315374686,0.10337284746181497,0.010196077858964038,0.013133649200758725,24079852.8,0.6015748568031113,True,True
2024-12-26,869.0598754882812,895.375,906.0,890.375,899.2750244140625,10481678,-0.00408763455076655,-0.011017811735712368,-0.01189099390140147,0.021738496023286258,914.9524963378906,886.0714978027344,815.7197500610351,-0.021397281734570672,0.01049971951511397,0.09765026522038323,0.009637002500710798,0.012944999104984877,22968187.9,0.4563563327518755,True,True
2024-12-27,872.69970703125,899.125,902.9749755859376,894.5499877929688,897.4000244140625,7259330,0.004188189306156609,0.002648452746027319,0.0028441432766364017,0.038220576372296255,915.0799957275391,887.212998046875,816.6336251831054,-0.01743562945538324,0.01342631586704468,0.10101393363321076,0.009391793708404803,0.012853747323497157,21545034.8,0.33693749243793286,True,True
2024-12-30,862.82373046875,888.9500122070312,907.5,885.5,896.0999755859375,22222218,-0.011316544187925714,0.0036127713316751464,-0.01010552263056641,0.029950222862125342,914.6262451171875,887.9939978027344,817.4762503051758,-0.028072923827881735,0.001076600074620293,0.08743221821450264,0.009727201302887754,0.012937092932766113,21272668.9,1.0446370459890908,True,True
2024-12-31,860.3728637695312,886.4249877929688,890.9000244140625,882.7999877929688,885.1500244140625,14117236,-0.0028404571453838345,-0.01563021899725847,-0.017648349558194498,0.05401306515216264,913.8299957275391,888.9909973144531,818.3018753051758,-0.029989175298138493,-0.0028864291418428945,0.08324936621022316,0.009658935536288514,0.012482114992184167,21222986.9,0.665186105354473,True,True
2025-01-01,865.1774291992188,891.375,897.0,880.5499877929688,886.7249755859375,7313806,0.005584242632143965,-0.00853677537086639,-0.023846053585811045,0.07546826757364378,912.741244506836,889.9999975585938,819.1435003662109,-0.02340887369276312,0.0015449465676158347,0.08817929898912324,0.009312416153687397,0.012329533710018188,19418165.1,0.37664763701076986,True,True
2025-01-02,870.5158081054688,896.875,901.7249755859376,886.5,888.5499877929688,18558576,0.006170242602720588,0.0016752757224627324,-0.035670112605123316,0.1087587747937866,911.0824951171875,890.650498046875,820.0583752441406,-0.015594081977571173,0.006988714391082507,0.09367214222157072,0.00829362133850135,0.01188657212784766,18112639.7,1.0246201717356527,True,True
2025-01-03,848.8953857421875,874.5999755859375,897.625,873.1500244140625,895.5,24426194,-0.024836264155052246,-0.027276545990893908,-0.06246820250736973,0.05944695765789443,908.1687438964843,890.9969970703125,820.7825,-0.03696313987477762,-0.018403004205726936,0.06556849784923235,0.009669098752729425,0.012114471163986177,17349813.7,1.4078649155754337,True,True
2025-01-06,830.1141357421875,855.25,878.5999755859375,852.9000244140625,870.0499877929688,18816348,-0.022124372428633965,-0.037909906906197,-0.07831989519521743,0.04736244339443885,904.5349945068359,890.7439965820313,821.4077499389648,-0.05448655365037225,-0.0398475843993662,0.04120030528510332,0.010554913613242782,0.012386463998356929,17401473.3,1.0813077534072932,True,True
2025-01-07,831.521484375,856.7000122070312,860.5,850.0,857.5,13527906,0.0016954249716822911,-0.033533548800273705,-0.08374330245237305,0.03067853660431452,900.6199951171875,890.3814965820312,822.0526251220704,-0.04876638665394217,-0.03782814951152447,0.04214740763076574,0.010290706239862918,0.012183086768726478,16730473.0,0.8085788130437197,True,True
2025-01-08,822.2522583007812,847.1500244140625,855.8250122070312,841.6749877929688,854.125,19738190,-0.011147411762451154,-0.04961433244811386,-0.09303566673582309,0.026226558951014445,896.2749969482422,889.8904968261719,822.6567501831055,-0.054810156147886535,-0.04802891205664617,0.02977338267206253,0.010368945113465772,0.012239909823460052,17051108.5,1.1575898423260869,True,True
2025-01-09,809.3916625976562,833.9000244140625,844.5,829.0499877929688,842.0750122070312,40420222,-0.01564067711520689,-0.07021600065331013,-0.10482525324299441,-0.012025310734790073,891.3924987792968,889.2264978027343,823.2111251831054,-0.06449737286769464,-0.06221865129456072,0.012984395987820863,0.010629876286920097,0.012068365975727906,18369848.3,2.200356875021118,True,True
2025-01-10,804.0289916992188,828.375,837.4500122070312,827.0,835.5,17453280,-0.006625523746620177,-0.05285270623860827,-0.10891488503428803,-0.016240113997045724,886.3299987792968,888.275498046875,823.7296252441406,-0.06538760829388113,-0.06743459453579792,0.005639441163091119,0.010601948768593009,0.012094231938713696,18377822.8,0.9496924739093686,False,True
2025-01-13,791.4596557617188,815.4249877929688,823.375,812.1500244140625,820.0,21669066,-0.015633031183982182,-0.046565346047391154,-0.1287030983913784,-0.04056363764062898,880.3074981689454,887.237998046875,824.2291250610351,-0.07370437092826465,-0.08093996245876767,-0.01068166241688484,0.010400318986370656,0.01218990225678903,18510826.0,1.1706158331346208,False,True
2025-01-14,799.1031494140625,823.2999877929688,828.0999755859375,818.5,819.9500122070312,26661432,0.009657540690915623,-0.038986837794034,-0.11719921794368204,-0.01586830137209172,874.8424987792969,886.3469982910157,824.73125,-0.0589163318634468,-0.07113129577875166,-0.001735428610266987,0.011018688376933582,0.012097798468790694,19188543.5,1.389445321892201,False,True
2025-01-15,797.38037109375,821.5250244140625,831.3499755859375,818.1500244140625,828.25,14022892,-0.002155913282185784,-0.03024847932657937,-0.10375014382756031,-0.023069790600255602,870.0875,885.4044982910157,825.2317501831054,-0.055813324046072976,-0.07214722084680125,-0.004491739160812025,0.01073894855801549,0.012079463503381595,18835711.5,0.7444843270189183,False,True
2025-01-16,801.7481689453125,826.0250244140625,830.2750244140625,821.4249877929688,826.4249877929688,21212454,0.005477617682077884,-0.00944357809023133,-0.08761799669849935,-0.04433962197534025,866.1212524414062,884.7839990234374,825.7983752441406,-0.046294012431078446,-0.06641053033760669,0.0002744606634215163,0.010873237066694954,0.011527700359299389,18725218.6,1.1328281102149589,False,True
2025-01-17,794.3229370117188,818.375,825.25,814.25,821.75,23112076,-0.009261250189713133,-0.012071827372868604,-0.08739894061890163,-0.04537636500101028,862.2025024414063,883.5729992675781,826.2885003662109,-0.05083202880681126,-0.07378903533904135,-0.00957716386311036,0.01086763172232534,0.011540387450106144,18611783.9,1.2417979987399275,False,True
2025-01-20,801.35986328125,825.625,830.4749755859375,813.0,813.0,17557618,0.008859019398197665,0.012508829579332081,-0.06788032740615302,-0.048709555507390645,859.1962524414063,882.5329992675781,826.7968753051758,-0.03907285715692255,-0.06448257381288469,-0.0014173678447240157,0.011097858225010863,0.011481237793831185,18205047.4,0.9644368187692827,False,True
2025-01-21,797.06494140625,821.2000122070312,830.5250244140625,816.5250244140625,829.125,31158144,-0.005359561293527659,-0.002550680938994021,-0.0880621741176777,-0.061297973025157826,855.2312530517578,881.4914990234375,827.2266253662109,-0.03979185831117771,-0.06839712791694574,-0.007285322999016963,0.010040460025549858,0.011438074458071225,19210725.0,1.6219140089715511,False,True
2025-01-22,808.5423583984375,833.0250244140625,835.9500122070312,812.7249755859375,821.2000122070312,30619306,0.014399673686378511,0.013998356298643655,-0.07343858992867291,-0.044367313584232626,851.9300048828125,880.6075,827.691375427246,-0.02219076727007685,-0.05403369331505514,0.006444006963420623,0.010889513314911095,0.011603411912162926,20017398.6,1.5296346249507164,False,True
2025-01-23,807.9843139648438,832.4500122070312,843.5,825.625,843.5,34909158,-0.0006902700281251617,0.007778199937134245,-0.07027780292387964,-0.03996074772749447,848.7837554931641,879.5934997558594,828.1478753662109,-0.019243703923907618,-0.053596903071604474,0.005194889667401448,0.010910444600182435,0.011587776373652563,21238772.6,1.6436523266885958,False,True
2025-01-24,800.6561889648438,824.9000244140625,835.1500244140625,822.25,830.0,24236200,-0.009069598993640349,0.007973147290743832,-0.0825524544261782,-0.05825266328737999,845.0725067138671,878.9095007324219,828.4533755493164,-0.023870711849622195,-0.06145055466274019,-0.004289138339134468,0.010815976498625115,0.011550336178911734,22087616.1,1.097275500002918,False,True
2025-01-27,790.9500732421875,814.9000244140625,821.7999877929688,813.0,820.5499877929688,22804166,-0.012122681178368455,-0.012990129400075712,-0.08330050821319179,-0.06041734592000769,841.3700073242187,878.3940014648438,828.6540005493164,-0.03146057344537134,-0.07228416512965286,-0.016597972285340212,0.01084518736989045,0.011583790878689949,22116713.5,1.0310829409622728,False,True
2025-01-28,810.6534423828125,835.2000122070312,842.1500244140625,823.5,823.5,30179312,0.024911016302355593,0.017048221860559876,-0.05778828021700744,-0.037621667681516424,838.8087585449218,878.1705017089844,828.9635006713867,-0.004302227773766543,-0.048931829773750546,0.007523264330207002,0.012662533126216262,0.012055240313215247,22919817.3,1.3167344052083696,False,True
2025-01-29,814.0020141601562,838.6500244140625,840.5750122070312,834.4249877929688,837.5,12619890,0.004130761681761186,0.006752498226516801,-0.05915016192504563,-0.0345363485371869,836.172509765625,877.8925024414062,829.2853756713868,0.0029629228652015005,-0.044700778191192,0.011292432035346245,0.012615386569597185,0.01206906951413531,23185121.5,0.5443098497456655,False,True
2025-01-30,820.8933715820312,845.75,848.9500122070312,836.2750244140625,840.5,25744846,0.008465957645321653,0.01597692065341816,-0.05700348432055746,-0.013184747627227544,833.616259765625,877.3850024414063,829.6732507324218,0.01455554650263946,-0.03605601002225811,0.01937720572934687,0.012712979668668155,0.012004179650515454,23544435.0,1.0934577958655622,False,True
2025-01-31,824.4118041992188,849.375,852.3499755859375,841.9749755859375,843.625,15821686,0.004286136565178733,0.02967023258766699,-0.028841729121977244,-0.03362060267187361,832.3550109863281,876.9605029296876,830.1227508544922,0.02044799249001139,-0.031455809968102155,0.023192050965583633,0.011689182219472575,0.011538391724619868,23114209.6,0.6845004122485763,False,True
2025-02-01,820.62646484375,845.4749755859375,856.5,838.0250244140625,848.75,5587528,-0.0045916402225901765,0.03751988005382545,-0.011429435152367717,-0.036632986086383656,831.866259765625,876.4140026855468,830.6133758544922,0.016359259268607262,-0.035301840231676596,0.0178923192949505,0.010665554701093798,0.011549839986138002,22452768.6,0.2488569716965773,False,True
2025-02-03,814.3417358398438,839.0,843.4000244140625,831.7249755859375,835.0,20276540,-0.007658388211253864,0.004549793746922104,-0.02066068863642534,-0.039248831646204296,830.9812591552734,875.3380029296875,831.0352508544922,0.009649725257195207,-0.04151311014495773,0.009584129117649498,0.010767855166289452,0.01157253191038745,22790200.3,0.8897043348934498,False,True
2025-02-04,835.161376953125,860.4500122070312,862.9000244140625,840.0250244140625,844.3499755859375,28616502,0.025566164728285212,0.02599414196428329,0.015699684128755997,-0.019122760803409022,831.6462585449219,874.6915026855469,831.6007510375977,0.034634621831288515,-0.01628172954097562,0.03469123991703715,0.012003361955577867,0.012039889370355713,23234115.9,1.2316587436838946,False,True
2025-02-05,843.363037109375,868.9000244140625,872.0999755859375,859.4500122070312,866.5,23675506,0.009820456839040759,0.027372183758867852,0.041971458178805765,-0.016135423887299716,833.3962585449219,873.9465026855469,832.1170010375977,0.04260130220782221,-0.005774356045795792,0.04420414837168174,0.011502369552653753,0.01207657567817574,22396880.1,1.057089464884888,False,True
2025-02-06,846.299072265625,871.9249877929688,874.5,862.0,867.75,26760716,0.0034813710368417627,0.026548918667218535,0.05257279347272514,0.014928428089273416,835.5737579345703,873.4535021972656,832.6961260986328,0.04350451353122198,-0.0017499665413804877,0.047110657135072787,0.011318454247142704,0.011550796235190229,22862251.9,1.170519689707382,False,True
2025-02-07,840.9122314453125,866.375,883.5,862.5,875.0,23509600,-0.006365212455967106,0.0247198616370381,0.06248277029740357,0.030570687340778058,838.1212585449218,872.8205017089844,833.259001159668,0.033710803976181314,-0.0073846818404975645,0.03974274360582197,0.01070465200532251,0.01122886972283116,22954278.6,1.0241925006521442,False,True
2025-02-10,832.6619262695312,857.875,861.7249755859375,854.25,858.6500244140625,17195950,-0.009810994084547664,0.022497020262217005,0.041995642802955535,0.013587357849653037,839.8500091552735,871.9310021972656,833.7691262817383,0.021462154727909244,-0.01612054412774,0.028911928924214125,0.010958095257577858,0.011277373735709932,22481004.5,0.7649102156445011,False,True
2025-02-11,825.6978759765625,850.7000122070312,855.5,844.3499755859375,851.5,22724704,-0.008363675119299141,-0.011331279983356035,0.03551320644648315,-0.002169932100669625,841.3087585449218,870.682001953125,834.2457513427735,0.01116267192837972,-0.022949813710711697,0.019723517725770412,0.011171298188162666,0.011293620363062022,22916095.1,0.9916481800601359,False,True
2025-02-12,828.3184814453125,853.4000244140625,856.0,840.5999755859375,846.5,22809570,0.0031738711276452225,-0.01783864606339758,0.03314064246348747,-0.020347224090615623,842.6775085449219,869.1490026855469,834.7382513427734,0.012724340878226936,-0.01811999809333298,0.02235643693249889,0.011143281232234407,0.010935703906676971,22995950.9,0.9918950557508801,False,True
2025-02-13,823.9022216796875,848.8499755859375,857.125,846.7750244140625,849.5,12602434,-0.005331671781060754,-0.026464446517858287,0.03723839998281653,-0.024982771203688192,844.2012573242188,867.4685021972656,835.1587512207032,0.005506646929730241,-0.021463057810362063,0.016393559123008217,0.010973372258163193,0.010955065159692705,22470468.8,0.5608442846550669,False,True
2025-02-14,822.5191040039062,847.4249877929688,850.9500122070312,840.0,850.9500122070312,19959892,-0.0016787274947909214,-0.021872759725328206,0.02640422442751711,-0.029073098481778414,845.2912567138671,865.8585021972656,835.5956262207031,0.0025242554707078924,-0.02128929190799489,0.01415680168859712,0.010873498603345565,0.010949716130650917,22590582.5,0.8835492400428364,False,True
2025-02-17,833.4384765625,858.6749877929688,860.0,840.625,842.5999755859375,12938946,0.013275511298409315,0.0009325225621084066,0.045634407000580746,-0.038222446759165085,847.165005493164,864.332001953125,836.058376159668,0.013586470433943898,-0.0065449551183724974,0.02705147424894827,0.011064174381588663,0.010668456791428195,21679622.6,0.596825241782576,False,True
2025-02-18,836.2047119140625,861.5250244140625,865.7750244140625,853.0750122070312,856.5250244140625,16350910,0.0033191098629985483,0.012724829025154483,0.034212657681018,-0.03500321933905992,848.5900054931641,862.8815026855468,836.5670013427734,0.015242954591930591,-0.0015720330859597675,0.029833860325866324,0.010697294688289026,0.010680207931131428,20966202.8,0.7798698770575662,False,True
2025-02-19,838.21875,863.5999755859375,868.9500122070312,856.2249755859375,858.5,11884112,0.0024084630313394584,0.011952133677144205,0.037419620304070866,-0.04695695820969459,850.1475036621093,861.5225024414062,837.078376159668,0.01582369161337316,0.002411397425655215,0.03168353189093809,0.01068271341323625,0.010492248031550865,19814950.5,0.5997548164452896,False,True
2025-02-20,818.7579956054688,843.5499877929688,857.3499755859375,842.6500244140625,855.5,26390510,-0.023216753543056967,-0.0062437273315704145,0.022608756003072772,-0.05914176024550899,851.0800018310547,859.8010021972656,837.5307510375976,-0.00884759837134641,-0.01890090190958904,0.007186884479064348,0.011851230269044175,0.010815040255614085,19922666.0,1.3246475145444891,False,True
2025-02-21,821.378662109375,846.25,847.4749755859375,838.625,840.4500122070312,15680940,0.0032007732156993374,-0.0013865389974266895,0.03847094692196018,-0.057654322548354786,852.6475006103516,858.0085021972657,838.0553759765625,-0.007503101347006935,-0.013704412214043837,0.009778141466950885,0.011433587375834163,0.010823360039851551,19566504.7,0.8014175367765097,False,True
2025-02-24,813.9049072265625,838.5499877929688,842.0999755859375,830.5499877929688,840.5499877929688,20693646,-0.009098980451440197,-0.023437272875185045,0.004010986035650532,-0.0707042605631375,852.8149993896484,856.1275024414062,838.6293759155274,-0.01672697080479235,-0.02053142154446852,-9.466413273673258e-05,0.010313317442471177,0.010847170120079271,19092221.4,1.0838783799144505,False,True
2025-02-25,816.4528198242188,841.1749877929688,844.0,835.5499877929688,835.5499877929688,24138708,0.0031304037185773126,-0.023620946628838957,0.0030107473980822697,-0.07882060416882497,852.9412475585938,854.6185021972656,839.240500793457,-0.013794924092725092,-0.015730427517930967,0.0023050448562513814,0.010295920114498541,0.010725134792892135,19668162.3,1.2272985971851573,False,True
2025-02-27,825.3582153320312,850.3499755859375,855.375,841.2750244140625,841.2750244140625,35786800,0.01090734737256227,-0.015342751707479008,0.005438930636639139,-0.08569433175969532,853.1712463378906,853.5185021972657,839.8541256713867,-0.003306804775785599,-0.003712311570482907,0.012497229689930167,0.01041288091307269,0.010530218172087599,20170260.0,1.774235929531895,False,True
2025-02-28,840.7423706054688,866.2000122070312,868.625,842.5,842.5,54516728,0.0186394273842041,0.026850838411275557,0.019808697226821215,-0.0714725850654897,854.0124969482422,852.9075024414062,840.5327508544922,0.014270886318807241,0.015584937085880712,0.030536896184527595,0.011167686321724896,0.0108309389618771,22105012.1,2.4662609435983978,True,True
2025-03-03,825.7706909179688,850.7750244140625,871.5250244140625,847.0499877929688,869.9000244140625,21205364,-0.017807651322547025,0.005347148495199461,0.006268723476353433,-0.08314245698071376,854.2774993896485,852.2080029296875,841.1903759765624,-0.004099926520467201,-0.0016814891560495981,0.011394148947998728,0.011886351395321154,0.011030125672451634,22885903.9,0.9265687775609336,True,True
2025-03-04,829.8715209960938,855.0,857.1500244140625,846.625,849.0,19920958,0.0049660315179647085,0.01961721119372628,0.019070321811680557,-0.08556149732620322,855.0774993896484,851.2980029296875,841.8147509765626,-9.06343456631431e-05,0.0043486500115967885,0.015662886648329266,0.011771688604012242,0.010998611620048192,22868124.8,0.8711233725644176,True,True
2025-03-05,820.1654052734375,845.0,855.4000244140625,844.125,850.9749755859375,21583872,-0.011695906432748537,0.0045472253247413885,-0.01795573477580925,-0.09533749687570958,854.3049987792969,850.2170031738282,842.3795010375976,-0.010891893167653932,-0.006136084263609565,0.003110829452965813,0.010567948100566481,0.011077929939601947,22516493.3,0.958580526391292,True,True
2025-03-06,820.7477416992188,845.5999755859375,849.9500122070312,836.125,843.5,32966088,0.0007100302792160118,-0.00558593536352725,-0.026815569309987408,-0.09226559318696825,853.1399963378906,849.2215026855469,842.9605007934571,-0.008837964207889293,-0.004264525907736405,0.003131196289738236,0.01027601044657538,0.011081021138219894,22981022.4,1.4344917918012212,True,True
2025-03-07,819.8013916015625,844.625,850.5750122070312,838.7999877929688,841.0,13372914,-0.0011529985975483603,-0.02490765631838221,-0.03131001883782569,-0.09143471830038996,851.7749969482422,848.1315026855468,843.5356259155274,-0.00839423201415801,-0.004134385616432978,0.001291438145591517,0.010214398472845866,0.011080929445320294,22311632.3,0.599369594307988,True,True
2025-03-10,818.9521484375,843.75,849.9500122070312,841.5250244140625,844.5,15604050,-0.0010359627053425635,-0.008257205738850582,-0.02611455778386962,-0.09843729130492851,850.6437469482422,847.2275024414063,844.0228759765625,-0.008104152852441593,-0.004104567464329634,-0.0003233040055304892,0.010151203312214235,0.011028052573318518,21916354.8,0.7119819943780067,True,True
2025-03-11,817.9815673828125,842.75,847.0,835.0250244140625,841.2000122070312,19898430,-0.001185185185185178,-0.014327485380116967,-0.01763077371411914,-0.09634353199450418,849.8874969482422,846.3540026855469,844.4436260986328,-0.008398166785452577,-0.004258268613501093,-0.0020056117972698795,0.009950624984186328,0.011025577503629367,22051478.8,0.9023626116176843,True,True
2025-03-12,830.4295654296875,855.5750122070312,859.25,845.7750244140625,845.7750244140625,18784106,0.015218050675800843,0.012514807345599177,0.005730574738505467,-0.06660301409297009,850.1312469482422,845.6380029296874,844.9022512817382,0.006403440972591934,0.011750901973323513,0.012631947552633749,0.010399444330345306,0.011045546255036417,21854448.9,0.8595094795549844,True,True
2025-03-13,828.2214965820312,853.2999877929688,860.4000244140625,850.0250244140625,858.0250244140625,15736264,-0.0026590589739102777,0.009105974963747654,-0.00011722125408009099,-0.057491565909948084,850.1262451171875,844.7665026855469,845.3425012207031,0.0037332604351529852,0.01010159029778479,0.009413328397394949,0.010397496676776925,0.010949375164198069,21500783.6,0.7318925808824939,True,False
2025-03-17,830.0656127929688,855.2000122070312,862.0,852.5,852.5,18950652,0.0022266781216964127,0.012520363720031069,0.007480752551957792,-0.046333970217974585,850.4437469482422,844.3785034179688,845.847751159668,0.005592686495557997,0.012815945390909356,0.011056671882784253,0.01032889720678827,0.01089831553239905,21818194.5,0.86857104514308,True,False
2025-03-18,830.0656127929688,855.2000122070312,855.2000122070312,855.2000122070312,855.2000122070312,0,0.0,0.013570384837962912,0.009174882173715204,-0.034490530954523035,850.8324981689453,844.3775036621093,846.3366262817383,0.005133224280319704,0.01281714458045613,0.01047264841205453,0.01031772929208066,0.010792814615848651,20820199.9,0.0,True,False
2025-03-19,846.42041015625,872.0499877929688,875.5,866.0999755859375,867.5,15221406,0.019702964622804853,0.034767116930250586,0.015576324208973924,-0.03159357268965157,851.5012481689453,844.6845031738281,846.8680010986328,0.024132365828248847,0.03239728504112138,0.029735432985621868,0.010824032204255422,0.010881930724167448,20934322.9,0.7271028574800478,True,False
2025-03-20,858.3831787109375,884.375,887.0,874.6500244140625,877.0,17833978,0.014133378108546424,0.03366155787869096,0.026522706756519465,-0.016322771806041247,852.6437469482422,845.4290026855468,847.3593762207031,0.03721513605808924,0.04606654987082215,0.043683500552492704,0.011217926629072329,0.011042757348388475,21008476.3,0.8488944055404912,True,False
2025-03-21,859.15966796875,885.1749877929688,887.0499877929688,877.7750244140625,877.7750244140625,33508264,0.0009045798365723279,0.03735497533809129,0.02498264568892905,-0.011391888546174789,853.7224975585938,846.454501953125,848.0773760986328,0.03684158532113213,0.04574432028006159,0.04374319223676748,0.011215636313994389,0.011031880401603862,22089683.9,1.5169191262171027,True,False
2025-03-24,873.5489501953125,900.0,902.2000122070312,886.8250122070312,889.5,17393736,0.01674811467955606,0.05238539190072333,0.06691958155879396,0.0009731683581259976,856.5449981689453,847.887001953125,848.6978759765625,0.05073288843429058,0.061462197116870065,0.06044804102332191,0.010126005867955696,0.011232567004227095,21639845.2,0.8037828292782797,True,False
2025-03-25,883.958740234375,910.7249755859376,921.8499755859376,900.75,902.4500122070312,39101416,0.011916639539930607,0.06492628927309307,0.07618904057422471,0.024495149423357176,859.7687469482422,849.7930017089843,849.3522509765625,0.05926736557773826,0.07170213658433933,0.07225827039230248,0.010307767077100719,0.011233555732962067,22810869.0,1.7141572291700067,True,True
2025-03-26,876.7277221679688,903.2750244140624,913.75,901.0,912.5,24478442,-0.008180242522812242,0.03580647561284844,0.07718685536141678,0.01900898198170964,863.0049987792969,851.3925024414062,849.9352511596679,0.046662563590855966,0.06093842948332373,0.06275745497273655,0.01024947511546151,0.01128124097455268,23000108.8,1.0642750524727953,True,True
2025-03-27,885.8514404296875,912.6749877929688,920.5,899.0499877929688,900.0,41658100,0.010406535246564541,0.0319999861969964,0.08500014983517046,0.02389565311229136,866.5799987792968,853.2155017089843,850.5953759765625,0.05319184504443131,0.06968870814570005,0.07298371654693403,0.010354016343512995,0.011336016806176375,23876078.4,1.744763076335015,True,True
2025-03-28,887.2345581054688,914.0999755859376,918.0,902.9249877929688,914.5,28773648,0.0015613310455837581,0.03267714089514473,0.07496913251049708,0.019205547691637737,869.7674987792968,854.9770007324219,851.2538757324219,0.05097049138863041,0.06915153834883014,0.07382768131239659,0.010242732424217528,0.011312235862465565,23525420.8,1.2230874952085873,True,True
2025-04-01,857.9464111328125,883.9249877929688,904.9500122070312,882.6749877929688,901.0,28511006,-0.033010599057971435,-0.0178611246744792,0.020462913110304903,0.01066203117692055,870.6537475585938,856.2880004882812,851.7381256103515,0.01524284512826024,0.03227534111061714,0.037789622437709,0.012526688673847767,0.011664804958962799,22225134.7,1.2828271407506926,True,True
2025-04-02,872.0444946289062,898.4500122070312,899.5999755859375,885.3499755859375,885.3499755859375,11573564,0.01643241747280988,-0.013478232955024594,0.056037126649084446,0.0505115606045381,873.0374969482422,857.7445007324219,852.2785006713867,0.029108160127852667,0.04745645287128175,0.05417420655252081,0.012142149308788553,0.011472113504890871,21743544.7,0.5322758620860931,True,True
2025-04-03,871.0496215820312,897.4249877929688,902.0,888.5,890.5499877929688,11250038,-0.0011408808505044554,-0.006476473347514999,0.049619868763706165,0.0475370316396071,875.1587463378906,859.2690002441407,852.7733755493164,0.025442517198452697,0.044405171765753204,0.05236046706417152,0.012161592452399728,0.01147456664694328,21309998.7,0.5279229791787834,True,True
2025-04-04,881.9447631835938,908.6500244140624,920.9749755859376,905.5499877929688,906.5,33540454,0.01250805000281896,-0.004410073062963593,0.07532547267936374,0.07259635038379031,878.3412475585938,860.7815002441406,853.2971255493164,0.03450683540106292,0.055610540138635534,0.06486943083174235,0.011876049174301719,0.011462123295323083,21907827.8,1.5309803557977573,True,True
2025-04-07,853.0205078125,878.8499755859375,889.9249877929688,869.0999755859375,881.4000244140625,37995450,-0.03279595887023856,-0.03856252154191875,0.03932119318825689,0.05390328559284896,880.0037475585938,861.7094995117187,853.5467504882813,-0.0013110989309502719,0.01989124650932972,0.029644802798653114,0.014413080311625118,0.012087108105790832,22159295.9,1.7146505995255925,True,True
2025-04-08,858.5773315429688,884.5750122070312,891.0,875.1500244140625,882.5,35563872,0.006514236536533824,0.0007353841367077063,0.047299111685104256,0.06784368457163881,882.0012481689453,862.9029992675781,853.7962506103515,0.002918095686858857,0.025115236542053943,0.03604930517635441,0.014425926981620091,0.012066590898341164,23268843.8,1.5283901643621844,True,True
2025-04-09,856.5632934570312,882.5,887.5,876.75,882.5,22454608,-0.0023457730304341506,-0.017752809828395777,0.045925925925925926,0.08225773456927854,883.9387481689453,864.2549987792969,854.0443756103516,-0.0016276559568472182,0.02111066901142955,0.03331867195930216,0.014445369827396451,0.011873432113861765,23611371.7,0.9510081957669575,True,True
2025-04-11,876.8247680664062,903.375,909.7000122070312,887.375,887.375,32775766,0.023654390934844116,0.006630094200590575,0.07193711064965891,0.09726103898250926,886.9699981689453,865.6184985351563,854.3802505493164,0.018495554376045442,0.04361794662283347,0.05734536749788255,0.01517502428736824,0.012172398218977039,24255238.5,1.3512860737279495,True,True
2025-04-15,905.0452270507812,932.4500122070312,938.4000244140624,927.5,932.5,49298344,0.03218487583454399,0.026192689323170537,0.0898518527343315,0.1350232610042328,890.8137481689453,867.4944982910156,854.7641256713868,0.04673958403052114,0.07487714797497791,0.09088575924337605,0.016292420446238885,0.012783787046950322,25780950.4,1.9122004129064227,True,True
2025-04-16,911.4027099609376,939.0,941.9000244140624,930.25,941.9000244140624,19136820,0.0070244921520945525,0.0684417432838409,0.1004336264303618,0.13676943463798308,895.0987487792969,869.3594982910156,855.2053756713867,0.04904626587912686,0.08010552808807336,0.09798187279029857,0.016214106638877977,0.012792079480934453,25950978.2,0.7374219134444805,True,True
2025-04-17,925.3309326171876,953.3499755859376,959.8499755859376,938.3499755859376,941.0,35703084,0.0152821891224042,0.07774915912140856,0.11476843075061338,0.16493047268787242,900.0062469482422,871.4389978027343,855.7317504882812,0.05927039819842839,0.09399507939136931,0.1140757311411611,0.016362002580298324,0.012811142126580282,26788599.8,1.3327715620284117,True,True
2025-04-21,935.231201171875,963.5499877929688,975.3499755859376,955.0,962.0,34247298,0.010699126730204345,0.09184134594104099,0.1266954794660451,0.167055246380583,905.4237457275391,873.800498046875,856.3400003051757,0.06419783260568579,0.10271164865058147,0.12519558522267604,0.016345028427836087,0.012828501166895732,28500964.7,1.201618905201479,True,True
2025-04-22,952.0227661132812,980.8499755859376,985.2999877929688,967.5,967.5,45961750,0.017954426871609197,0.08576169983222659,0.1247634760804548,0.19441057112241888,910.8637451171875,876.6374975585937,856.9812503051758,0.07683501604265297,0.11887750446173273,0.14454076473277744,0.016273012854890384,0.012934154047529312,30037981.9,1.5301211031091273,True,True
2025-04-23,933.6782836914062,961.9500122070312,989.4500122070312,960.25,989.4500122070312,30570642,-0.019268964519896126,0.03163708468422444,0.08771732829063605,0.15476724469790404,914.7424957275391,878.6674975585937,857.4645004272461,0.0516074378308462,0.09478274191299985,0.12185403795460159,0.01709031497220573,0.013161651299742732,30674815.1,0.9966039534497471,True,True
2025-04-24,930.2326049804688,958.4000244140624,961.9500122070312,952.5499877929688,955.0,25931754,-0.0036904077633140853,0.02066030289037535,0.08272379770204275,0.15130039084642033,918.4037475585938,880.4574975585938,857.8348754882812,0.04354977531591242,0.08852503053423266,0.11723135978650823,0.017169805967111748,0.01317961117498,30295989.6,0.8559467554081811,True,True
2025-04-25,927.5148315429688,955.5999755859376,966.5,945.9000244140624,962.4000244140624,18500878,-0.0029215867662739647,0.002360098660113996,0.06177775065104174,0.1584433838084962,921.1837463378906,882.1309973144531,858.2950003051758,0.03736087331638949,0.08328579144724801,0.1133700828341817,0.016970746538811053,0.01311236719772516,30351346.7,0.6095570711529581,True,True
2025-04-28,931.882568359375,960.0999755859376,964.8499755859376,954.2000122070312,955.5999755859376,13920492,0.004709083418760862,-0.00358052228814143,0.054215049903768575,0.17818130669007926,923.6524963378906,884.0054968261719,858.9752502441406,0.0394601642853285,0.08607919185227497,0.11772717003552202,0.016850647940501038,0.012972684062595618,29092300.5,0.4784940262802524,True,True
2025-04-29,926.3502197265624,954.4000244140624,964.4000244140624,950.0999755859376,959.4000244140624,18918308,-0.0059368308684693005,-0.026966357577849376,0.056599594385069896,0.14272031904315097,926.2087463378906,885.9359973144532,859.6588754272461,0.030437283374440627,0.07727875073046464,0.11020784138328166,0.01678118021921752,0.012690525546448346,28814293.8,0.6565598355910427,True,True
2025-04-30,934.2120361328124,962.5,968.4500122070312,955.1500244140624,956.5,31936870,0.008486981746370414,0.0005717425915998664,0.054592284080796416,0.1476777821266595,928.6999969482422,888.1719970703125,860.3801254272461,0.03639496410339871,0.08368649673133444,0.11869157777446726,0.01674137597049044,0.012713586279181848,28328232.3,1.1273866177664746,True,True
2025-05-02,932.7076416015624,960.9500122070312,970.9500122070312,960.0,964.9000244140624,17840404,-0.0016103769277597824,0.0026606716694606014,0.051252639615336104,0.13621047851851165,931.0424987792969,890.3229968261719,861.1196255493164,0.03212260822351998,0.07932740773026303,0.11593091563095204,0.016768677456058978,0.01269834601981718,27781570.1,0.6421668730666882,True,True
2025-05-05,939.9386596679688,968.4000244140624,976.0,966.1500244140624,969.5,15068024,0.007752757284346767,0.013394777265744784,0.09556810565115414,0.14013247907468718,935.2662506103516,892.7139978027344,861.9068756103516,0.035427103011669514,0.08478194225431257,0.12355528400710192,0.014536641002566134,0.012715827000399227,27109421.0,0.555822420552619,True,True
2025-05-06,937.4635620117188,965.8499755859376,970.0499877929688,962.1500244140624,965.0,17490156,-0.0026332597726520524,0.005988959635678359,0.07501804492532549,0.14237559179865378,938.6362487792969,895.0824975585938,862.6793756103516,0.02899283598095881,0.07906252018151116,0.11959321492135144,0.014348938554555327,0.012700425596223653,27405250.6,0.638204563617455,True,True
2025-05-07,944.2092895507812,972.7999877929688,974.3499755859376,961.2000122070312,967.0,21420778,0.007195747147806131,0.019279089384142356,0.08399030673902819,0.15947555160067783,942.4049987792969,897.3649975585937,863.4881256103515,0.03225257617801547,0.08406277316321287,0.12659335888996837,0.01432132060031676,0.012647674966849745,27913787.6,0.7673905923107331,True,True
2025-05-08,935.91064453125,964.25,977.4000244140624,959.5499877929688,977.4000244140624,34803430,-0.00878905006194175,0.0018181818181817189,0.06118964848076791,0.12063453578985328,945.1849975585938,899.4194970703124,864.2600006103515,0.020170657057243746,0.07208038422656005,0.11569435044897869,0.014457348572526209,0.012362379235960133,27976936.4,1.244004329223124,True,True
2025-05-09,917.0807495117188,944.8499755859376,959.5,943.4000244140624,955.0499877929688,17188796,-0.02011928899565718,-0.016754291499634144,0.0750981417004617,0.08740930951531678,948.4849975585937,901.0444970703124,864.9472503662109,-0.003832450678727284,0.048616332110185345,0.09237872620081355,0.013007166154244012,0.012641448169231174,26936603.7,0.6381203878349371,True,True
2025-05-12,949.8388671875,978.5999755859376,979.9500122070312,956.1500244140624,958.7999877929688,18618972,0.03571995647147097,0.010532786983402653,0.10629394011968785,0.12234422603598771,953.186245727539,903.7454968261719,865.8220001220703,0.026661872191620972,0.08282694522146361,0.1302553821085246,0.014848060425996904,0.013391020453471422,26089358.7,0.7136615435472548,True,True
2025-05-13,933.04736328125,961.2999877929688,980.8499755859376,960.0,975.0,24242102,-0.017678303928641004,-0.004710863910524554,0.08929177087021944,0.10956570514265618,957.1262451171875,906.0464965820313,866.5221249389648,0.004360702359875512,0.06098306369416551,0.10937731435383702,0.015631543536712828,0.013589179414719465,26178733.4,0.9260227234675915,True,True
2025-05-14,927.2236938476562,955.2999877929688,965.0999755859376,951.5,961.0499877929688,15445308,-0.006241547983138251,-0.017989309436262424,0.05747888506209353,0.11356548190933258,959.7224945068359,908.3814965820312,867.2526248168946,-0.004608109885076428,0.05165064610791603,0.10152446986789321,0.015114350512268998,0.013545116991699536,25312210.5,0.6101919861957532,True,True
2025-05-15,938.4827880859376,966.9000244140624,972.4000244140624,948.5,956.75,32241458,0.012142820861845927,0.002748275254407462,0.03694569334123421,0.13659340606515946,961.4449951171875,910.8959973144531,868.0769998168945,0.005673781989171456,0.0614823506357729,0.11384131202417858,0.013665959180875976,0.013540857957283596,24459366.2,1.3181640822729086,True,True
2025-05-16,938.9195556640624,967.3499755859376,971.9000244140624,964.2000122070312,966.9000244140624,15868010,0.0004653543908512692,0.023813304314313832,0.030191667290668356,0.13352466359502646,962.8624938964844,913.2359973144531,868.8722497558593,0.004660563390825878,0.05925519628071729,0.11333970656531966,0.013615216290177189,0.013542160535256738,24295925.7,0.6531140322017037,True,True
2025-05-19,940.8607177734376,969.3499755859376,972.5,965.5,968.5,10202964,0.0020675040579689608,-0.009452279001398445,0.01678292380525437,0.14195676911791422,963.6624938964844,915.2989965820312,869.6736245727539,0.005901943601080095,0.05905281138267071,0.1146135149978269,0.013230262733698643,0.013506227543045762,23020919.7,0.4432040132610341,True,True
2025-05-20,929.3104858398438,957.4500122070312,967.2999877929688,956.5,964.0499877929688,23879090,-0.012276230132170052,-0.004004967892256572,-0.006330730800910067,0.12983452930814732,963.3574951171875,917.4324963378906,870.4482495117187,-0.006132181396935721,0.0436190303143591,0.09995052864327847,0.01333308660207468,0.013627946428099877,22502509.3,1.061174541987635,True,True
2025-05-21,935.0856323242188,963.4000244140624,973.4500122070312,960.5499877929688,963.5,15132040,0.006214436399990975,0.00847905027174467,-0.01779064240833672,0.12196120547340716,962.4849975585937,919.6004968261718,871.2263745117187,0.0009506920708268751,0.04762886464182703,0.10579758900664893,0.012735229158329956,0.013560370355491725,20961023.8,0.7219132111285518,True,True
2025-05-22,931.737060546875,959.9500122070312,962.0999755859376,952.5999755859376,957.5999755859376,21306670,-0.0035810796342147233,-0.007187932600625224,-0.002079110114476035,0.1142450712443428,962.3849975585938,921.8994970703125,871.9867495727539,-0.0025301572216313017,0.04127403828469234,0.10087683405438974,0.012001110770125459,0.013578330040322809,20497825.2,1.039460030130416,True,True
2025-05-23,938.3856201171876,966.7999877929688,968.5,957.25,960.0499877929688,9566072,0.007135762798928136,-0.0005685509968982316,0.008764569245542253,0.1194997859246254,962.8049957275391,924.3234973144531,872.7237493896484,0.004149326273915843,0.04595413900212164,0.10779612502709335,0.012071561441629266,0.01359506304617047,19679541.1,0.48609222905101174,True,True
2025-05-26,941.5886840820312,970.0999755859376,974.9500122070312,963.4500122070312,967.5,10802860,0.0034133097172479587,0.000773714364150635,0.01517371323822947,0.1500207333581609,963.529995727539,926.8329968261719,873.426374206543,0.006818656282140623,0.04668260507332844,0.11068317174096909,0.012060020369363772,0.013187303382487105,19294640.2,0.5598891654895954,True,True
2025-05-27,934.843017578125,963.1500244140624,974.0,958.1500244140624,965.7999877929688,26162148,-0.007164159722483743,0.005953326162576378,0.0031768033597370238,0.13813887670790237,963.6824981689454,929.2209973144531,874.2027493286133,-0.0005525406509869768,0.036513409832179544,0.10174673455758465,0.012150494235376029,0.013244638016247397,19906723.0,1.3142368033151413,True,True
2025-05-28,933.484130859375,961.75,967.25,958.8499755859376,960.0999755859376,18157594,-0.0014535891383214983,-0.001712709541465851,0.007701147734620051,0.14692029574920018,964.0499969482422,931.6009973144531,875.0084994506836,-0.0023857652150023334,0.032362570212417285,0.09913218054884188,0.012071870966382073,0.013170217346706833,19868687.3,0.913879901869511,True,True
2025-05-29,935.42529296875,963.75,970.4000244140624,953.6500244140624,964.0,28917794,0.0020795425006499,0.003958526740608148,0.0012987012987013546,0.14571880284818883,964.1124969482422,933.7644970703125,875.7684994506836,-0.00037599030132862143,0.032112489844888126,0.10046205202002789,0.011931628611837601,0.013169891208691432,19717733.5,1.4665881349902614,True,True
2025-05-30,943.8696899414062,972.4500122070312,974.4000244140624,962.7000122070312,965.9500122070312,28748078,0.009027250020265942,0.005844046840505657,0.011967323850267553,0.1435879815683656,964.6874969482421,936.1474975585937,876.5239996337891,0.008046663073114857,0.03877862702524104,0.1094391170273945,0.012085970075589694,0.013151421670206175,20263117.2,1.4187391661535669,True,True
2025-06-02,937.65771484375,966.0499877929688,968.0,954.0,965.0499877929688,14668822,-0.006581340257826973,-0.004174814859182585,-0.00242672094366736,0.11527357905655666,964.5699951171875,938.3644970703125,877.2287496948243,0.0015343548765494042,0.029503983589632465,0.10125208291342958,0.012068469084449366,0.013023531689850645,20243157.1,0.7246311396753424,True,True
2025-06-03,934.0179443359376,962.2999877929688,976.0,960.0,969.0,24377584,-0.0038817867060556566,-0.0008825588948209173,-0.0036755064271914994,0.13108631562817052,964.3924957275391,940.5064965820312,877.8899996948243,-0.002169767956346158,0.023172079395664902,0.09615098489273999,0.012085736220312372,0.012788263629998449,20587528.5,1.1840947299720799,True,True
2025-06-04,942.0740356445312,970.5999755859376,971.6500244140624,960.4500122070312,960.5,12961542,0.008625156290404723,0.009201950180335539,-0.002261525734619352,0.13520464980811409,964.2824951171875,942.4774963378907,878.7349996948242,0.0065514830983033345,0.029838886718590363,0.10454229764720568,0.012135370655661584,0.012810696174342339,20164566.7,0.642788024797974,True,True
2025-06-05,946.1505737304688,974.7999877929688,979.4500122070312,970.0999755859376,974.0,22255418,0.004327232961752081,0.011465616386997501,0.01094113330875679,0.15360945300943052,964.8099945068359,944.28599609375,879.5894995117187,0.010354363390730814,0.0323143537291104,0.10824423021659957,0.01199144639046752,0.01268255539927743,19537166.1,1.1391323534890763,True,True
2025-06-06,960.2728881835938,989.3499755859376,998.1500244140624,971.3499755859376,972.0,30127008,0.014926126359430247,0.017378747664932304,0.04709742408830975,0.16999763972366733,967.0349945068359,946.3694958496094,880.4559994506836,0.023075670690161365,0.045416171933714056,0.12367906653278848,0.011345753327657504,0.012781646759992804,20184076.7,1.4926126395466979,True,True
2025-06-09,960.3699951171876,989.4500122070312,997.5,987.9500122070312,997.5,13202588,0.00010111348214714155,0.02422237431783625,0.011087305223564048,0.17146664165402536,967.5774963378906,948.15849609375,881.3243743896485,0.02260544085814753,0.04354917061165953,0.12268540501023129,0.008191410224953555,0.01277626268882939,19913257.5,0.663004935279926,True,True
2025-06-10,953.7698974609376,982.6500244140624,991.4000244140624,980.5499877929688,991.4000244140624,15533126,-0.00687249250500388,0.021147289700965688,0.022209546335385744,0.16462225115740736,968.6449981689453,949.5969970703125,882.1433746337891,0.014458368413186484,0.03480742614574894,0.11393459688114449,0.007222579779528701,0.012827471250496289,19477808.7,0.7974781064566057,True,True
2025-06-11,946.5388793945312,975.2000122070312,983.7999877929688,973.5,983.7999877929688,11096394,-0.007581551948236509,0.004739374342469516,0.020831178340154244,0.15716406076182876,969.6399993896484,951.0354968261719,882.9548745727539,0.00573410009991604,0.025408636650789518,0.10447321861030923,0.007300296263934879,0.01288611103195082,19260363.0,0.576125901676931,True,True
2025-06-12,943.1416625976562,971.7000122070312,980.5,967.6500244140624,975.0,16349130,-0.003589007338175576,-0.0031801145104198847,0.004964306207229319,0.13572743282958366,969.8799987792969,952.2159973144531,883.7351245117187,0.0018765346537974459,0.020461759671680735,0.09953761625567936,0.0068782540990602594,0.012800389859340358,18465746.6,0.8853760616426957,True,True
2025-06-13,930.6207885742188,958.7999877929688,966.5,956.5,960.0,12117762,-0.013275727335602894,-0.03087884828104004,-0.00883856722877363,0.12363764386411402,969.4524993896484,953.1099975585937,884.4664993286133,-0.010988172812372299,0.005969919787800038,0.08404330579030517,0.007514571952643563,0.012941356208400005,18278234.2,0.6629613050914951,True,True
2025-06-16,939.2592163085938,967.7000122070312,969.4500122070312,960.0499877929688,962.0,16513746,0.009282461960131272,-0.021981908870247313,-0.0017021338221100413,0.13154817398759033,969.3700012207031,954.785498046875,885.2051245117187,-0.0017227570603266518,0.013526089563126398,0.09319296218581763,0.007807589839762977,0.012975213912137866,18593773.3,0.8881331257276327,True,True
2025-06-17,936.4444580078124,964.7999877929688,970.7999877929688,959.5499877929688,968.5,16978736,-0.0029968217190040614,-0.018165202439940242,0.007676615480942894,0.1281571258436851,969.7375,956.1124975585938,885.9347494506836,-0.005091596650672159,0.009086263652612336,0.08901924028963171,0.0073025734564300775,0.012989369867815058,18248755.6,0.930405139515376,True,True
2025-06-18,938.5313110351562,966.9500122070312,968.1500244140624,958.5,958.5,18433816,0.002228466460681533,-0.008459803011414024,0.0036848533350701818,0.1088240648385772,969.9149993896484,957.502998046875,886.6767495727539,-0.003056955696615682,0.00986630243396247,0.09053272533982315,0.0071892717624517264,0.012782123719528173,18413844.4,1.0010845969785647,True,True
2025-06-19,939.2107543945312,967.6500244140624,973.4000244140624,962.7999877929688,966.9500122070312,16876220,0.0007239383610257999,-0.0041679404570245104,0.008021263721147198,0.09416257177561826,970.3,958.682998046875,887.4186245727539,-0.0027310889270716343,0.009353484296118708,0.09040986702294629,0.007134075136455114,0.012679705353521446,18192321.9,0.9276561888452514,True,True
2025-06-20,953.4786376953124,982.3499755859376,984.9500122070312,965.7999877929688,965.7999877929688,32900408,0.01519139234329736,0.024561940021690987,0.01608397599224909,0.10978053959167777,971.0774993896484,960.752998046875,888.2381243896484,0.011608214795805871,0.022479219511120307,0.10595340214760318,0.00773506682858645,0.012800379286630293,19359038.7,1.699485625802277,True,True
2025-06-23,945.5681762695312,974.2000122070312,978.9500122070312,970.9000244140624,974.2000122070312,11739518,-0.008296394952364339,0.006716957650104272,0.004226406271804262,0.08244445800781253,971.2825012207031,962.545498046875,889.0417495727539,0.003003771799308108,0.012108013786158445,0.09578657321233996,0.007968599947344522,0.012713316830208408,19405871.6,0.604946700770709,True,True
2025-06-24,951.634521484375,980.4500122070312,989.5,977.7999877929688,982.5,22625322,0.0064155203466285116,0.016221003951153445,0.017961882733163348,0.07655992587249982,972.1475006103516,964.5044982910156,889.8506246948242,0.008540382597771456,0.01653233753110439,0.10181415284534778,0.007882496605455811,0.01265589974609083,19229030.3,1.1766231394414102,True,True
2025-06-25,961.0009155273438,990.0999755859376,991.0,981.9500122070312,983.0,18405932,0.009842381823407687,0.02394122042158875,0.02947748956167162,0.09612238667641337,973.5649993896484,966.2389978027344,890.6966244506835,0.016983946841407915,0.02469469545057068,0.11160180515622686,0.008105024117585933,0.012640729813049315,19241447.2,0.9565773202339999,True,True
2025-06-26,981.1896362304688,1010.9000244140624,1013.5499877929688,990.0,990.7000122070312,50084830,0.021008028826397407,0.04469591165069109,0.048923501337548414,0.1076232371160093,975.9225006103516,967.807998046875,891.6374996948242,0.03584047276483071,0.04452538773615333,0.1337567394373358,0.009208195120828955,0.012838329268704268,20299799.0,2.4672574344209024,True,True
2025-06-27,988.5982666015624,1007.4500122070312,1009.9000244140624,996.7000122070312,1006.5,28213384,-0.0034128124678113325,0.02555101261759818,0.03599156723805841,0.1021223488833991,977.6725006103516,969.1769982910156,892.5823748779297,0.030457552583395664,0.03949022106746636,0.128691357304485,0.009159214721031022,0.012855853258543045,20273064.3,1.3916684514239912,True,True
2025-06-30,982.023681640625,1000.75,1006.9000244140624,997.75,1005.75,13649020,-0.006650466153008905,0.02725311790216489,0.035919478956059736,0.13216620620571695,979.4075012207031,970.1249987792969,893.4698748779297,0.021791234754375832,0.03156809819274664,0.12007133999534947,0.00916256002405497,0.012076213418962378,20222074.2,0.6749564789946226,True,True
2025-07-01,987.2244873046876,1006.0499877929688,1008.0,1002.0,1002.5,14389386,0.005296015781132812,0.026110434256929604,0.04546399309464855,0.11976178320886155,981.5950012207031,970.9749987792969,894.3742498779297,0.024913519875155776,0.03612347285745554,0.12486466144377628,0.00909227583758961,0.011937646720289326,19722664.3,0.7295863165911108,True,True
2025-07-02,974.418701171875,993.0,1009.9500122070312,988.9500122070312,1009.9500122070312,18878250,-0.012971510313913193,0.002929021801405529,0.023078533873380547,0.1064991653977434,982.7150024414062,971.2179992675781,895.2294998168945,0.010465900625351354,0.022427509322158645,0.1092127775091225,0.009567166741250417,0.012086458156721191,20018499.7,0.9430402019587912,True,True
2025-07-03,974.9583740234376,993.5499877929688,1004.0,992.1500244140624,997.4500122070312,16860506,0.000553864846897012,-0.017162959938743727,0.01923471505416363,0.0934352733151067,983.6525024414062,971.8499987792969,896.0307498168945,0.010061973437771154,0.0223285373678328,0.10883470014394314,0.009539100003163587,0.012004527252336666,19748754.1,0.8537503639280211,True,True
2025-07-04,976.037841796875,994.6500244140624,1001.75,990.0,993.5499877929688,7863944,0.0011071779322722186,-0.01270533290771203,0.005357102096238409,0.1317631587244683,983.9175048828125,972.5749987792968,896.8391250610351,0.010907946528025292,0.022697504729684015,0.10906181122101533,0.008959891365554681,0.011125702729565727,18635600.9,0.4219849975430629,True,True
2025-07-07,975.1055908203124,993.7000122070312,999.2000122070312,991.9000244140624,994.5,11349426,-0.0009551220868775356,-0.0070447042647702185,0.00429531552637008,0.12336432579949452,984.1300048828125,973.3369995117188,897.6302502441406,0.00972433243243942,0.020920824653257508,0.10702598529490426,0.008964269267521774,0.011117549471452466,18542942.8,0.6120617489042786,True,True
2025-07-08,981.974609375,1000.7000122070312,1002.5,988.5,988.5,15224316,0.007044379504889786,-0.005317802943046623,0.018368684012125103,0.13393769088615448,985.032504272461,974.1490002441407,898.4617501831054,0.015905574553747526,0.027255596378209512,0.11379255934166332,0.008922143324320066,0.011121413961628256,18527502.3,0.8217144304443023,True,True
2025-07-09,986.7828369140624,1005.5999755859376,1006.9000244140624,999.0499877929688,1003.5,13861428,0.004896535744113306,0.012688797166100274,0.03117305475633292,0.11315896010619908,986.5525024414062,975.1729992675781,899.2527499389648,0.019307105397224023,0.03120161893449902,0.11826177418327699,0.008728463646238114,0.010764811630162005,18665754.0,0.7426128084619565,True,True
2025-07-10,984.3296508789062,1003.0999755859376,1008.5,1000.0,1008.0,17030310,-0.002486078023762217,0.009611985214939,0.032314462266587185,0.07576809743579038,988.1225006103516,975.9849987792969,899.9969998168946,0.015157508270821296,0.02778216554614521,0.11455924385305671,0.00869756892486468,0.01001287274415136,18699813.0,0.9107208719146015,True,True
2025-07-11,973.2902221679688,991.8499755859376,1002.4000244140624,990.4500122070312,999.0,12516922,-0.011215233051350193,-0.0028151095957337224,0.0344701587544296,0.056283254085130574,989.775,976.602998046875,900.6032498168945,0.0020964113924251127,0.015612257559679099,0.10131734011352367,0.008522183766667673,0.010111509748236653,18719771.0,0.668647175224526,True,True
2025-07-14,972.94677734375,991.5,994.3499755859376,985.2999877929688,991.5,13088850,-0.0003528513329154048,-0.0022139601288169164,0.024594386165903037,0.04001680955686293,990.9649993896485,977.0649975585937,901.1612496948242,0.0005398784121346534,0.014773840509562097,0.10024704273044227,0.008343250812170758,0.009936182635913591,18548526.2,0.7056544470902492,True,True
2025-07-15,979.079833984375,997.75,1001.7999877929688,986.5,986.5,14498168,0.006303580433686395,-0.002947948607020634,0.03415216897173279,0.03549376019957928,992.6125,977.702998046875,901.7298745727539,0.005175735747837251,0.020504183778890184,0.10648435649616372,0.008353356315085058,0.009877258022513585,18424497.8,0.7868962376819845,True,True
2025-07-16,979.4722900390624,998.1500244140624,1011.3499755859376,996.2999877929688,1009.0,17994612,0.00040092649868439523,-0.007408463954600153,0.032266416891415295,0.01763781338505943,994.1725006103516,978.2099987792968,902.2728747558593,0.0040008386887273595,0.020384197319234687,0.10626181096727061,0.008357421804661515,0.009611793568741795,18402537.6,0.9778331875273548,True,True
2025-07-17,974.8602294921876,993.4500122070312,1002.4000244140624,991.3499755859376,1002.0,22529158,-0.004708723230047673,-0.009620141176127084,0.026662519652796313,0.0327459843029978,995.4625,978.7939990234376,902.7814999389649,-0.0020216610801198076,0.014973542132681983,0.10043239950552407,0.00847560311530674,0.009286722204221238,18685184.5,1.205723068990836,True,True
2025-07-18,960.38623046875,978.7000122070312,998.5,976.5,993.4500122070312,16129446,-0.01484724930168524,-0.013258016537367912,-0.003715542800038496,0.021181121948927073,995.2800018310547,979.4709997558593,903.2933749389648,-0.016658618271763403,-0.0007871468874731669,0.08347967488764274,0.008554973121118721,0.009483280526728212,17846636.4,0.9037807258739244,True,True
2025-07-21,981.5330200195312,1000.25,1001.0,988.25,989.0999755859376,22309078,0.022018992054952724,0.008825012607160954,0.026739876274434637,0.04672459769233961,996.5825012207031,979.9040002441407,903.9644998168945,0.003680075432595631,0.02076325818732272,0.10651469189620699,0.009651283067227664,0.009874065990757143,18375114.4,1.214091924238578,True,True
2025-07-22,984.771240234375,1003.5499877929688,1009.0,1001.5,1006.5499877929688,14836814,0.0032991630022181084,0.005813067194155641,0.023560584729800382,0.04525571639611181,997.7375,980.7490002441406,904.6667498779296,0.005825668367650527,0.023248545288501177,0.10930349537924533,0.009590405674072848,0.009866301947417751,17985689.0,0.8249233043004357,True,True
2025-07-23,993.2103881835938,1012.1500244140624,1014.9000244140624,1001.5,1005.5,13634916,0.008569614593894936,0.014025947660742055,0.022270527595029677,0.060509218904782225,998.8400024414062,981.8860009765625,905.5225,0.01332547949633911,0.030822339260769605,0.11775248479641576,0.009534157325151569,0.009876512065187661,17747138.2,0.7682881513820634,True,True
2025-07-24,988.2548217773438,1007.0999755859376,1018.8499755859376,1004.2000122070312,1018.8499755859376,19107176,-0.0049894271662427325,0.013739959948847247,-0.0037590748208037317,0.046337636972402674,998.65,982.69,906.4138748168946,0.00846139847387728,0.024839955210633535,0.11108181766235958,0.008386694555032801,0.009857211718548744,16198255.5,1.1795823321838577,True,True
2025-07-25,985.9922485351562,1002.2999877929688,1007.5,999.5,1007.5,9306598,-0.004766148256707292,0.024113594862145815,-0.005111940395712833,0.04303030861196233,998.3924987792968,983.3890002441407,907.3808746337891,0.00391378042047541,0.019230424119176748,0.10460779570374812,0.008419757907199194,0.009878701809251994,15252916.2,0.6101520442366294,True,True
2025-07-28,987.9105224609376,1004.25,1010.7000122070312,1000.25,1001.5,12059580,0.0019455374945429593,0.00399900024993749,0.0034973769672745902,0.037019800373950806,998.5674987792969,984.0870007324219,908.2744995117188,0.005690653088198605,0.02048904136785823,0.10566794569249383,0.008292810501262265,0.009837292108582618,15173444.2,0.7947819783724516,True,True
2025-07-29,994.3539428710938,1010.7999877929688,1013.25,998.1500244140624,999.9500122070312,19895696,0.0065222681533172455,0.0072243536327913915,0.004721435373624239,0.04653933151446421,998.8049987792969,985.1540002441407,909.2456243896485,0.012009340189858664,0.026032465525666515,0.1116907914420715,0.008336831207964157,0.009856436994996744,15448759.7,1.2878507004028292,True,True
2025-07-30,996.4197998046876,1012.9000244140624,1016.2999877929688,1008.5,1014.0,15154036,0.0020775985817718112,0.0007409968699394476,0.020040306559982346,0.041221255267560375,999.8,986.1440002441407,910.1541244506836,0.013102644943051134,0.027131964665705777,0.11288846273744046,0.007736461768084267,0.009822287655335882,15262549.0,0.9928902439559736,True,True
2025-07-31,992.6815795898438,1009.0999755859376,1015.7000122070312,1004.0,1007.2999877929688,22183032,-0.0037516524203097257,0.001985900157366549,0.01565093652460403,0.04651280848943484,1000.5774993896484,987.1269995117187,911.0721243286133,0.0085175573121401,0.022259522923684383,0.10759614814201779,0.007809699034258751,0.009760962418639177,15528675.3,1.428520564146254,True,True
2025-08-01,989.7304077148438,1006.0999755859376,1014.1500244140624,1004.6500244140624,1007.0,11317258,-0.0029729462616011615,0.003791267923026087,0.011511537617083123,0.06482510618896553,1001.1499969482422,987.9129992675781,911.8823742675781,0.004944292716160481,0.01840949185995422,0.1033220994034838,0.007854570238560338,0.00938161487406106,15701341.0,0.7207828936394668,True,True
2025-08-04,979.7947387695312,996.0,1009.25,994.0499877929688,1005.0499877929688,13933946,-0.010038739519952267,-0.00821508588498876,0.0023145695528978827,0.017780528150579622,1001.2649963378906,988.4309997558594,912.6521243286132,-0.0052583445512898175,0.007657590915309376,0.09132491280037414,0.008204171254069822,0.008318470161354887,15830567.0,0.8801924782605702,True,True
2025-08-05,972.7118530273438,988.7999877929688,997.2000122070312,982.75,993.25,23978058,-0.007228927918706107,-0.021764938925292188,-0.011891700078844991,0.028607094922716847,1000.6699951171875,988.9439990234375,913.3466241455078,-0.011862059802071556,-0.00014562121880612455,0.08261196970870976,0.008193443541154843,0.008039822042429723,16268254.1,1.473917105831289,True,True
2025-08-06,976.499267578125,992.6500244140624,994.0,985.0,985.5499877929688,14080204,0.0038936454982032576,-0.019992101403802587,-0.012877835606877053,0.039097704489019725,1000.0224975585937,989.5619995117188,914.126999206543,-0.00737230728561622,0.0031205977026880216,0.08589947050647995,0.008161257316937622,0.008002122002290182,16279192.9,0.864920275009457,True,True
2025-08-07,981.4671020507812,997.7000122070312,1000.7999877929688,988.4000244140624,990.0499877929688,13081186,0.005087379911111967,-0.011297159503236509,-0.005383275356728112,0.031854366548013546,999.7524993896484,990.2409997558593,914.9108743286133,-0.0020529953002069723,0.007532522338512537,0.09048874617341385,0.008245205377713503,0.007881616606617646,16081736.7,0.8134187397807602,True,True
2025-08-08,970.8920288085938,986.9500122070312,996.4000244140624,985.0,993.5499877929688,13895264,-0.010774781866765504,-0.01903385731398488,-0.004940226344222753,0.020261577625224625,999.5075012207031,990.5309997558594,915.5238745117188,-0.012563676609065322,-0.0036152200685397595,0.07801668496455827,0.008214874024808385,0.008016173602299618,16150653.8,0.8603530341291817,True,True
2025-08-11,981.5654296875,997.7999877929688,998.7999877929688,986.5499877929688,987.9500122070312,9105854,0.010993439841674002,0.001807216659607258,0.006353996765475323,0.02934957747312472,999.8225006103515,991.1659997558594,916.2264993286133,-0.002022871875906107,0.0066931150168019204,0.08903201176142628,0.008588200628030233,0.008130299837200159,15951504.0,0.5708461095580705,True,True
2025-08-12,968.924560546875,984.9500122070312,998.0,983.75,995.9500122070312,12937802,-0.012878308020789153,-0.0038935837717097854,-0.01282885271156975,0.028722126115607205,999.1825012207031,991.6190002441406,916.8117492675781,-0.014244133575481932,-0.006725353220811026,0.0743208875692174,0.00895190875519983,0.008146709252776803,15873485.7,0.8150574010344811,True,True
2025-08-13,974.0399169921876,990.1500244140624,997.0,984.5499877929688,997.0,13577396,0.005279468138062349,-0.0025185109943212103,-0.008014827234709698,0.027766243846910177,998.7825012207031,992.0100012207031,917.3883743286133,-0.008642999648161842,-0.0018749577165068088,0.07931390033005314,0.009046794685774387,0.008136490344858536,15652624.9,0.8674197514309565,True,True
2025-08-14,979.35205078125,995.5499877929688,998.0,985.5999755859376,989.0,17511716,0.0054536820135937525,-0.0021549808436970297,0.00211382108826208,0.03708523895331717,998.8875,992.4250012207032,918.0076242065429,-0.0033412293246549707,0.003148839024028849,0.08446810412217176,0.009075241329774617,0.008143487985490798,15401752.8,1.1369950048802238,True,True
2025-08-18,985.5003662109376,1001.7999877929688,1013.2999877929688,997.7999877929688,1005.0,19284796,0.0062779368958214565,0.015046330008882336,0.023602713086562144,0.03620190364286069,1000.0424987792969,992.6740014648437,918.6811242675781,0.0017574143257081953,0.009193336699317323,0.09047629403690816,0.008446074810865933,0.008132635527372178,15559520.3,1.239420986519745,True,True
2025-08-19,979.35205078125,995.5499877929688,1003.0499877929688,993.3499755859376,999.1500244140624,12352438,-0.006238770289635487,-0.002254960941597939,-0.004698837497656871,0.026234422067333174,999.8074981689454,992.7960009765625,919.2792492675782,-0.004258330112320463,0.002773970497158773,0.08296797582035942,0.0070240845632498295,0.008171919717419684,15061688.3,0.8201230668144951,True,True
2025-08-20,977.9256591796876,994.0999755859376,996.0,989.5,993.5,9950228,-0.0014564936214259694,0.009289774369770853,-0.009416583450729599,0.03213409166521464,999.3349975585937,993.025,919.913249206543,-0.0052385055916639445,0.0010825262062259533,0.0806453504647131,0.006979319887471783,0.008114631462794446,14817359.0,0.6715250673213762,True,True
2025-08-21,979.4012451171876,995.5999755859376,998.75,991.5999755859376,998.75,12439850,0.0015089025619539065,0.005504167083266287,-0.016351379171981595,0.035196231438458625,998.5074951171875,993.4329992675781,920.551999206543,-0.0029118655047338793,0.0021813009231193004,0.08152497245574519,0.006670837848657711,0.008111186528500151,14757605.7,0.8429450042834523,True,True
2025-08-22,966.317626953125,982.2999877929688,998.0,978.5499877929688,994.9500122070312,19833502,-0.013358766692557866,-0.013309226219141324,-0.024625149830373116,0.01924771755431265,997.2674957275391,993.6449987792969,921.1202490234375,-0.015008518776249757,-0.011417569655425841,0.06641884035704715,0.007189624664048442,0.008306268575947018,14793922.0,1.3406520596769402,True,True
2025-08-25,966.0717163085938,982.0499877929688,988.7000122070312,978.5,980.0999755859376,17518044,-0.0002545047369507669,-0.01971451411524827,-0.02020353212274284,0.009871947622428268,996.254995727539,994.1099987792969,921.7452490234375,-0.014258405724928647,-0.012131465331942204,0.06542451814470684,0.007143175634149577,0.008228018806018212,15204494.3,1.1521622261386226,True,True
2025-08-26,957.5625,973.4000244140624,985.7000122070312,968.0,979.5,16917731,-0.008808068312638584,-0.022248971574004628,-0.0307194180591861,0.007608339851942425,994.7124969482422,994.2239990234375,922.217624206543,-0.021425761312505953,-0.02094495267648855,0.05549926488507051,0.007312837985842312,0.008264053088971516,15447401.85,1.0951829417190957,True,True
2025-08-28,942.2162475585938,957.7999877929688,972.2000122070312,955.0,967.0,25438255,-0.016026336788397044,-0.0365154297198057,-0.052433716501840144,-0.004676296432592486,992.0624969482421,994.0839990234375,922.6184991455078,-0.0345366438714001,-0.03649994494038056,0.038132216815557785,0.007731700476686503,0.008509794262638573,15724529.8,1.6177434443858536,False,True
2025-08-29,936.1171264648438,951.5999755859376,963.2999877929688,950.0999755859376,954.0,14823813,-0.006473180503288267,-0.04419445668839517,-0.060519347764440345,-0.01957552078911806,988.9974945068359,993.7769982910156,923.0101239013671,-0.03781356285391457,-0.042441133954206234,0.030974580824452147,0.007692205480759678,0.008472291183742937,15708018.65,0.9437099185007652,False,True
2025-09-01,935.1333618164062,950.5999755859376,957.4500122070312,946.3499755859376,949.5999755859376,20178344,-0.00105086173356006,-0.03227121307234737,-0.05797245210122193,-0.024825618085841383,986.0724945068359,993.4359973144532,923.3769989013672,-0.03597354060528701,-0.043119055323456945,0.02948197401165542,0.007703646295890337,0.008450991445061822,15607784.25,1.292838475775317,False,True
2025-09-02,929.1326904296876,944.5,954.7999877929688,944.0,951.0,14196320,-0.006416974271620024,-0.03823633039022534,-0.06122649545842873,-0.045332770700656666,982.9924957275391,992.6789978027343,923.6837487792968,-0.0391584838082103,-0.048534317648884606,0.02253612369841207,0.007742502880145919,0.008242251238243434,15751737.35,0.901254235298686,False,True
2025-09-03,938.9207763671876,954.4500122070312,956.2999877929688,940.0,945.0,16083481,0.01053468735524743,-0.019467856720507104,-0.04171685521382407,-0.03537318668775424,980.9149963378907,992.2839978027343,924.1604989624024,-0.02697989553596669,-0.03812818273748331,0.032775165437860965,0.008132539394602263,0.008369370297339696,15859214.1,1.0141411105610838,False,True
2025-09-04,945.610107421875,961.25,965.7000122070312,956.25,960.2000122070312,17597657,0.007124509095290055,0.0036020173846327275,-0.027862043014847848,-0.02177786992558506,979.5374969482422,991.8999975585938,924.7633740234374,-0.018669522101213087,-0.0309002899828954,0.03945509413701953,0.008287656277239182,0.008385654263597804,15540194.05,1.1323962199815645,False,True
2025-09-05,947.7251586914062,963.4000244140624,967.5,954.0499877929688,967.5,11602111,0.002236696399544824,0.012400219767617182,-0.029466578633557727,-0.012100069365527988,978.0749969482422,991.3659985351562,925.3484991455078,-0.015003933829172755,-0.028209535290111165,0.041121291387723025,0.008240319098606346,0.00833745451632046,15416289.4,0.7525877790021248,False,True
2025-09-08,950.2828369140624,966.0,973.1500244140624,960.4500122070312,969.0,11711307,0.002698749761314234,0.016200320649671918,-0.031773089926005915,-0.0058660205160281365,976.4899963378906,990.467998046875,925.915749206543,-0.010742553817480016,-0.024703471586284387,0.043291466667250145,0.008157290634533148,0.00833325085581237,15347795.45,0.763061186093668,False,True
2025-09-09,949.4467163085938,965.1500244140624,974.4000244140624,962.7000122070312,974.0,13985539,-0.0008798919109085368,0.021863445647498647,-0.02208823904284618,0.00662290018975753,975.3999969482422,989.6219982910156,926.3858743286132,-0.010508481203864273,-0.024728607406882652,0.04184449607842189,0.007865199114309036,0.008151837526633579,15352309.2,0.9109729890015503,False,True
2025-09-10,950.1845092773438,965.9000244140624,973.9000244140624,961.7000122070312,973.9000244140624,18091100,0.0007770812630454316,0.01199645037517949,-0.03197029842570531,-0.0018600679655502717,973.8049987792969,988.9249987792969,926.8623745727539,-0.008117615308140369,-0.0232828317553464,0.04211806511112637,0.007354522064918689,0.008063682412264428,15801571.5,1.1448924557915015,False,True
2025-09-11,952.0535278320312,967.7999877929688,969.25,959.9000244140624,960.2999877929688,15113633,0.001967039373520052,0.006814031514141838,-0.017412075944477134,0.0031094527756603263,972.9474975585938,988.1599987792969,927.3373745727539,-0.005290634673033923,-0.02060396192061953,0.043633109512982715,0.006890579587127832,0.008057867249064701,15910363.05,0.9499238296765327,False,True
2025-09-12,951.5617065429688,967.2999877929688,970.75,962.25,969.9000244140624,14363519,-0.000516635675043009,0.00404812464197124,-0.023077347934839954,0.00036193761985559014,971.8049957275391,987.6459985351562,927.709874572754,-0.004635711849986679,-0.020600509466310757,0.04267510167275912,0.006739208724037094,0.008053274537170484,15949669.2,0.9005527838784269,False,True
2025-09-15,951.3157348632812,967.0499877929688,972.3499755859376,965.0,969.5999755859376,14486377,-0.0002584513627157392,0.0010869438850609203,-0.028627392244945482,-0.0006200967353429121,970.379995727539,987.1159985351562,928.0812493896484,-0.003431653526692502,-0.02032791563703218,0.04198849877523991,0.0065635877774343435,0.008052854688865093,15798402.25,0.9169520291205397,False,True
2025-09-16,951.1190185546876,966.8499755859376,969.3499755859376,961.2000122070312,961.2000122070312,18661794,-0.00020682716463049644,0.0017613336050084083,-0.034887215644739955,-0.015778490746899854,968.6324951171875,986.5599975585938,928.3847491455078,-0.0018402433742781277,-0.019978533511830876,0.041432419560783806,0.006318334273399071,0.00780268786699619,15767252.15,1.1835793467665194,False,True
2025-09-17,950.7747192382812,966.5,974.4000244140624,964.3499755859376,965.1500244140624,17361476,-0.00036197506828861137,0.000621157025336716,-0.029179838430182237,-0.007903933597359525,967.1799957275391,986.0159973144531,928.7343740844726,-0.0007030705045006913,-0.019792779597498922,0.040663538433963975,0.006234935444561208,0.007730653629018908,16017704.05,1.0838929190978528,False,True
2025-09-18,961.0055541992188,976.9000244140624,979.6500244140624,969.25,973.2999877929688,17791598,0.010760501204410078,0.009402807125308943,-0.017302033592483834,-0.0036207738780865695,966.3199981689453,985.5399975585938,929.1287490844727,0.010948781216537862,-0.008766740229655401,0.051415129901708045,0.0068075727721113545,0.007812665019679433,16409772.55,1.0842074712364005,False,True
2025-09-19,951.168212890625,966.9000244140624,976.7000122070312,962.0999755859376,974.9000244140624,31243267,-0.010236462022813364,-0.0004134843212589834,-0.028826789750556747,-0.023431927829455357,964.8850006103515,984.7659985351562,929.4514993286133,0.0020883564387841336,-0.018142354780394054,0.0402909943256855,0.007093942573480387,0.007812631662202793,17349943.4,1.8007705431477086,False,True
2025-09-22,948.5121459960938,964.2000122070312,971.2000122070312,961.9500122070312,964.0,10854415,-0.0027924419679969947,-0.0029470819729203734,-0.018426118101257938,-0.04619646956097301,963.9800018310547,983.9879992675782,929.7067492675782,0.00022823126575111097,-0.02010998820643739,0.03710122892689216,0.0065304669130927155,0.007296196479376504,16900989.05,0.6422354909460165,False,True
2025-09-23,941.6260375976562,957.2000122070312,968.2000122070312,955.5,967.0,21022298,-0.007259904492198821,-0.009980828073205661,-0.02530418603413931,-0.049878405271857384,962.7375030517578,983.295,929.8424993896484,-0.005751817943285054,-0.02653831026596165,0.02942166316912842,0.006679672469658033,0.007336679727085342,17076201.75,1.2310874694368144,False,True
2025-09-24,935.5761108398438,951.0499877929688,956.4500122070312,943.0,952.2000122070312,15117220,-0.006425014976631949,-0.015985527374062336,-0.022960793158544712,-0.04966276513318135,961.6200012207031,982.4859997558593,929.9333743286132,-0.010991881839309214,-0.0319963968654029,0.022707662771648707,0.006558080099911704,0.007333703224615461,16986176.2,0.889971929056052,False,True
2025-09-25,934.3955688476562,949.8499755859376,958.0,947.4000244140624,952.5,31413279,-0.001261776165746964,-0.027689679754434593,-0.008300284306069106,-0.05586204750155643,961.2225006103515,981.5279992675781,930.0429992675781,-0.011831313787590947,-0.03227419259081643,0.021296839322437533,0.0055473107636411665,0.007289711064895918,17284927.4,1.8173798635683018,False,True
2025-09-26,929.6737060546876,945.0499877929688,951.4500122070312,941.2999877929688,945.0999755859376,14874656,-0.005053416767219376,-0.02259803089190604,-0.006883131526916886,-0.04828802840587232,960.8950012207031,980.4659985351562,930.093249206543,-0.01648984895082717,-0.03612161033131189,0.01608090220973568,0.005474131976781021,0.007138147883419699,17287469.55,0.8604299175757623,False,True
2025-09-29,934.8382568359376,950.2999877929688,956.7999877929688,939.0999755859376,946.0499877929688,32398179,0.005555261698125147,-0.01441612138361803,-0.00031557732029596774,-0.043530774023835206,960.8800018310546,979.602998046875,930.1744992065429,-0.011010754743489892,-0.029913148808578982,0.02163625062135477,0.005625622931920976,0.0071832792995642205,17898461.3,1.8101097327288127,False,True
2025-09-30,935.5269165039062,951.0,960.0,946.2999877929688,958.0499877929688,28296687,0.0007366223466518385,-0.006477237910534228,0.006881948120698755,-0.0438848070604293,961.2050018310547,979.0489978027343,930.2717492675781,-0.010616883819387746,-0.02864922783812074,0.02228193078930074,0.005419857721362785,0.007181844261141143,18603479.65,1.5210427045028645,False,True
2025-10-01,949.5450439453124,965.25,969.5999755859376,946.0,952.7000122070312,25350832,0.014984227129337446,0.01493087891203726,0.011315404321694533,-0.028630383272153836,961.7450012207031,978.3489978027344,930.4498742675781,0.003644415905305509,-0.01338888048350162,0.03740139764091577,0.005927205624654984,0.007462404228155356,19066847.2,1.3295765017721441,False,True
2025-10-03,949.4467163085938,965.1500244140624,966.75,952.0,952.0,26658296,-0.00010357481060618845,0.01610785831592665,0.0040572425633937925,-0.03552511977546979,961.9400024414062,977.5809985351563,930.5962493896484,0.0033370292996539597,-0.012716055385406322,0.03713079119658702,0.005723999459762834,0.007397398426467883,19519879.15,1.3656998486079255,False,True
2025-10-06,957.6116333007812,973.4500122070312,977.4000244140624,962.0,971.9000244140624,18542683,0.008599686663229189,0.03005134625776429,0.010431791092263332,-0.03197092696842341,962.4425018310546,976.8069982910156,930.8004995727539,0.011437057647635918,-0.003436693317981576,0.04582025112132393,0.00601171007872738,0.007459021572679075,19866907.75,0.9333452006389872,False,True
2025-10-07,966.514404296875,982.5,989.8499755859376,971.0,974.0,25535736,0.009296818202765733,0.03388404990072069,0.017080745341614856,-0.020536313515414628,963.2675018310547,976.3149987792968,931.1298745727539,0.019965895384601584,0.006335046812182998,0.05516966733648965,0.006310260573153416,0.00756064064770101,20558129.2,1.2421235294114215,False,True
2025-10-08,962.7762451171876,978.7000122070312,985.9000244140624,974.5499877929688,976.0,15939710,-0.0038676720539122522,0.02912724732600558,0.014039255504546988,-0.013258016537367912,963.9450012207031,975.8429992675781,931.4966247558593,0.015306901293790531,0.002927738316099493,0.0506747809886523,0.006388648696392045,0.007439678391512824,20655837.75,0.771680635417462,False,True
2025-10-09,961.2022094726562,977.0999755859376,979.0,970.1500244140624,974.5,15370950,-0.0016348590999661905,0.012276586983618332,0.0115953524058241,-0.01452347394257425,964.5049987792969,975.2999987792969,931.8983746337891,0.013058487848773392,0.0018455621951130041,0.04850486081157879,0.006410176539292242,0.007441979367172196,20519830.25,0.7490778341112252,False,True
2025-10-10,964.9404296875,980.9000244140624,986.2000122070312,978.0999755859376,979.0,13757080,0.0038891095313413615,0.01631870652395384,0.013535892525652793,-0.016887973526371947,965.1600006103515,974.7019995117188,932.3741247558594,0.016308201535245148,0.006358892159294305,0.05204552375465088,0.006446119949628154,0.007412595000846355,20452002.6,0.672651977855704,False,True
2025-10-13,961.1038818359376,977.0,981.0,972.0,974.2999877929688,18634254,-0.003975965253331548,0.0036468105690605768,0.010027925493065748,-0.021189223961075365,965.6450012207031,973.9839990234375,932.7566247558593,0.011758978470289394,0.003096561113515639,0.047432925234619505,0.006526176640331407,0.0074275338540768,20665539.35,0.901706637528432,False,True
2025-10-14,961.25146484375,977.1500244140624,980.4500122070312,967.0,970.0,22934382,0.00015355620681933857,-0.005445267771946649,0.01044417222334526,-0.016407456432314227,966.1500030517578,973.345,933.1471249389648,0.011385417717289181,0.003909224801136757,0.04715537164407557,0.006524242727662327,0.007405439802194118,21087939.6,1.087559165808688,False,True
2025-10-15,962.3335571289062,978.25,984.9000244140624,973.3499755859376,975.0,23310447,0.001125697752089927,-0.00045980607072482194,0.011790892798185793,-0.00045980607072482194,966.720004272461,972.7880004882812,933.5614999389649,0.011926923697225256,0.005614789151364041,0.04786883356260607,0.006523020681359154,0.007154603076310792,21320372.25,1.0933414635853742,False,True
2025-10-16,978.1715698242188,994.3499755859376,996.5999755859376,981.5,982.6500244140624,22936566,0.01645793568713283,0.017654283523705683,0.028815287724715644,-0.005898549776618189,968.1125030517578,972.755,934.0376248168945,0.027101677182633344,0.022199809392845715,0.06457165018471978,0.0074148976558552045,0.006896104116006537,21599126.75,1.0619209871528719,False,True
2025-10-17,986.2381591796876,1002.5499877929688,1009.0,986.0,993.9500122070312,25210511,0.008246605730742873,0.02207152904480658,0.02625648760147281,-0.0009964625700401575,969.3950012207031,973.03,934.6056246948242,0.03420173049223019,0.030338209297728458,0.07269843161957246,0.00726858011672539,0.006966356431235857,21970072.4,1.1474933054840548,False,True
2025-10-20,986.6316528320312,1002.9500122070312,1020.0,997.0,997.0,22195202,0.00039900695120764773,0.026560913210881498,0.03728409027067192,-0.009089573665086892,971.1975006103515,973.2359997558593,935.1882498168945,0.03269418586510442,0.030531148106549555,0.07245788471294867,0.006748945389655877,0.006875409136613515,21517669.15,1.03148727890911,False,True
2025-10-21,991.3043823242188,1007.7000122070312,1010.0,1004.0,1006.0,3471600,0.004736028657646996,0.03126437806854465,0.04511512077294988,0.0005958064101276861,973.3725006103516,973.4359997558594,935.7698748779297,0.03526657222713259,0.03519903975173033,0.07686733593393869,0.006685834941036631,0.00687351941273931,21148528.4,0.1641532656239098,False,True
2025-10-23,992.386474609375,1008.7999877929688,1020.5,1006.0,1016.0,43526526,0.0010915704799172588,0.031229223401961326,0.053907203225961764,0.006485084385077888,975.9524993896484,973.8729992675782,936.3294998168946,0.03365685156179499,0.03586400747495633,0.07739848844904085,0.006312306797230062,0.006845740873812281,22273739.8,1.9541633506915619,True,True
2025-10-24,978.5650634765624,994.75,1011.9500122070312,991.2999877929688,1011.0,17707768,-0.013927426608823623,0.0004022974042179328,0.045949227451695496,-0.009459795867562848,978.1375,973.8119995117188,936.9302499389648,0.01698380851362913,0.02150107053392203,0.06171190445051988,0.007058635494768213,0.00707720943035369,22403267.2,0.790410070188334,True,True
2025-10-27,986.6316528320312,1002.9500122070312,1009.0499877929688,996.2000122070312,996.5,15700796,0.008243289476784321,0.00039900695120764773,0.05590360371208902,-0.007766101781498391,980.7925018310547,974.1719995117187,937.66875,0.022591435328686238,0.029540997595636886,0.06962081460753722,0.007127805848499098,0.007108063700679408,21617643.05,0.7262954598558792,True,True
2025-10-28,987.2218627929688,1003.5499877929688,1008.0,995.0,997.6500244140624,33904289,0.0005982108566080502,0.0005982108566080502,0.06190148749339541,-0.00923095704978627,983.7175018310547,974.4399987792968,938.4029998779297,0.020160753392105546,0.02987355717144058,0.06942325197544497,0.006910988164338761,0.007102928086748404,22569124.7,1.5022420873947318,True,True
2025-10-29,991.451904296875,1007.8499755859376,1012.5,1000.0,1004.9000244140624,17769445,0.004284776887323316,0.0001488174824746391,0.060559811146190023,-0.0012387276090004562,986.5950012207031,974.6859985351563,939.206499633789,0.021543768556435028,0.03402529337717275,0.07308667048078754,0.006892370790677333,0.0071092407356073955,21837688.0,0.8137054160678548,True,True
2025-10-30,981.9097900390624,998.1500244140624,1009.5,997.0999755859376,1000.0,19962917,-0.009624399867882993,-0.010557061367740594,0.04957941578765768,-0.007901750685606834,988.9525024414063,974.6129992675782,940.0277496337891,0.009300266645718924,0.02415012437159403,0.061830381925338074,0.007436699075286676,0.007207630296739026,21420999.5,0.931932097752955,True,True
2025-10-31,971.2362670898438,987.2999877929688,1004.4500122070312,981.1500244140624,994.0,23221330,-0.010870146126042424,-0.007489331195809301,0.022843810197325842,-0.008734952015091668,990.0550018310547,974.4479992675781,940.8223745727539,-0.002782687863796207,0.013188993702127227,0.049401050056150364,0.00738993483019536,0.007227819434932886,21314524.4,1.089460386927517,True,True
2025-11-03,976.499267578125,992.6500244140624,994.5499877929688,983.2999877929688,985.0,16607180,0.005418856160479768,-0.010269692075982273,0.02849297964499886,0.0038936454982032576,991.4300018310547,974.4190002441406,941.7084997558594,0.001230568553255873,0.01870963534716985,0.054094791192189184,0.0074433761357912305,0.007201376936452405,20811968.6,0.7979629567574881,True,True
2025-11-04,969.2196655273438,985.25,997.0,983.7000122070312,987.0,20024544,-0.007454817138024539,-0.018235252867886076,0.0121218220196182,-0.007454817138024539,992.0200012207031,974.2120007324219,942.5182498168946,-0.0068244604064156,0.011330181992502242,0.04533784909884453,0.0074952147607580885,0.007248666164829103,20886061.65,0.9587515509416301,True,True
2025-11-06,968.6294555664062,984.6500244140624,991.0499877929688,974.0,981.0,22279516,-0.0006089577121924927,-0.023019250616528875,0.0021883200143129056,-0.013080071798436399,992.1275024414062,974.2590014648438,943.3338748168945,-0.007536811557933287,0.010665565248660913,0.04379801330169286,0.0072143424663029705,0.0072168222305373005,20723250.65,1.0750975499106845,True,True
2025-11-07,966.317626953125,982.2999877929688,984.9000244140624,974.75,980.0,15004568,-0.0023866719776827194,-0.015879413147736,0.003678323838802511,-0.004711509556258098,992.3075012207031,974.2640014648438,944.1152496337891,-0.010085092993274203,0.008248263628793273,0.04044499670351809,0.007178618426729268,0.0070884814885679385,20676493.55,0.7256824259740114,True,True
2025-11-10,968.4818725585938,984.5,990.9500122070312,980.2000122070312,982.2999877929688,15988262,0.0022396541121558755,-0.0028360050922596747,0.007573456758736219,-0.013329312443054797,992.6775024414062,974.4860009765625,944.9458746337891,-0.008237823886704687,0.010276185613135702,0.04185861479266206,0.007178546405016299,0.006945899304946533,20707359.15,0.7721053121348891,True,True
2025-11-11,975.564697265625,991.7000122070312,993.5,978.0,983.5,10200530,0.007313369433246564,-0.0009570464752588492,0.011010283947561428,0.006853139668352215,993.2175018310547,975.1640014648438,945.7762496948242,-0.0015278522793102933,0.01695715871109682,0.04855668825160864,0.007305806116676415,0.006809013494808703,20529531.65,0.4968710525843877,True,True
2025-11-12,973.4005126953124,989.5,999.0,987.7000122070312,998.7999877929688,13137263,-0.0022184251083501305,0.004313625983253022,0.012794268167860778,-0.0006564908327372221,993.8425018310547,975.922001953125,946.6177496337891,-0.004369406443228252,0.013912995116106774,0.045300492604116505,0.007258627348256924,0.0067817775178792995,20254682.1,0.648603761596436,True,True
2025-11-13,970.596923828125,986.6500244140624,990.0999755859376,982.5999755859376,984.0,14124839,-0.00288021787361048,0.0020311785410151995,0.009722150910958183,-0.008939745354863304,994.3175018310546,976.6430029296876,947.3858746337891,-0.007711296847206728,0.010246345342521446,0.0414447278892045,0.007301361050616326,0.006753715717025366,19814204.95,0.7128642827528642,True,True
2025-11-14,973.4988403320312,989.5999755859376,991.6500244140624,976.0499877929688,976.0499877929688,21386965,0.002989865807409453,0.0074315258919737115,0.01160232618036039,-0.012178091790466694,994.8850006103515,977.5450024414063,948.1716244506836,-0.005312196908357825,0.012331885605700199,0.043692882245084386,0.00732151652074701,0.006714085685781719,19718030.85,1.084640000956282,True,True
2025-11-17,980.3357543945312,996.5499877929688,997.9500122070312,985.5999755859376,991.25,18396408,0.007023052120546103,0.012239703192451712,0.0022125129592673876,0.001004469903331362,994.9950012207031,978.387001953125,949.0298742675782,0.0015628084265326692,0.01856421416431897,0.0500723052180676,0.006504506499237117,0.006729590095008747,19491022.95,0.9438400461172306,True,True
2025-11-18,976.302490234375,992.4500122070312,999.0,990.0,997.6500244140624,20002640,-0.004114169521006739,0.0007562770906202054,-0.010074286278903388,-0.001659755979708022,994.4900024414062,979.0110021972656,949.917624206543,-0.0020512928529868857,0.013727128683542311,0.04477481722271981,0.006275994722917247,0.006748320827441917,19230629.4,1.0401448431011833,True,True
2025-11-19,978.41748046875,994.5999755859376,996.5499877929688,984.0,990.0,19813847,0.0021663190613754324,0.005154093568405793,-0.008325476364189899,-0.0010044194701908093,994.0725006103515,979.6350012207031,950.7146240234375,0.0005306202266557314,0.0152760715435718,0.04616038341429585,0.0063015217213756285,0.006751354050612253,19111561.65,1.036746622953232,True,True
2025-11-20,992.4356689453124,1008.8499755859376,1011.5999755859376,992.4500122070312,995.2999877929688,19850865,0.014327368137732943,0.022500330028430326,0.0011411763074089532,0.02702839063718332,994.1299987792969,980.4920007324218,951.5656237792969,0.014806893288317857,0.028922188893262257,0.06020010640897966,0.007035145914674674,0.006768563680493456,19930524.9,0.9960031208209675,True,True
2025-11-21,981.8114013671876,998.0499877929688,1008.2999877929688,996.5499877929688,1003.0999755859376,17499897,-0.010705246621725117,0.008538816102969138,-0.010656225347027037,0.01629244967046728,993.5924987792969,981.15,952.3271237182618,0.004486234567137259,0.01722467287669449,0.04801172090550865,0.007429406022579153,0.006920216224595996,18629193.45,0.9393802821882232,True,True
2025-11-24,982.8934936523438,999.1500244140624,1011.4500122070312,993.5999755859376,1000.0,32204053,0.0011021858970472476,0.0026090378334677755,0.004423246457966767,0.02645366689352624,993.8125,981.815,953.075998840332,0.005370755966605856,0.017656100603537617,0.04834244659375697,0.006727716745451384,0.006816808910385138,19354007.7,1.6639475140851578,True,True
2025-11-25,973.6956176757812,989.7999877929688,1006.0999755859376,988.4000244140624,1004.0,24989383,-0.009357990684709105,-0.0026701842727265834,-0.013111345783949235,0.033409898107992886,993.1549987792969,982.255,953.7976239013672,-0.0033781343198713287,0.0076812923252809195,0.0377463342216553,0.006777039687871306,0.006594222029020673,19818437.05,1.2609159308049471,True,True
2025-11-26,987.5662231445312,1003.9000244140624,1006.9500122070312,981.2999877929688,981.2999877929688,19494356,0.014245339255391842,0.009350541983118354,0.0003487983910630543,0.054960119976801725,993.1725006103516,982.9870007324218,954.6221240234376,0.01080126946438642,0.021274974812544034,0.051620320910784834,0.00755090397602204,0.006759585902141244,19097940.4,1.020756981731915,True,True
2025-11-27,993.0750732421876,1009.5,1016.7999877929688,1001.0,1002.0999755859376,25536848,0.005578220390228594,0.0006443221785130682,0.0016371726487398597,0.06196089409507621,993.2550018310546,983.8360009765624,955.3673739624023,0.01635531473689822,0.02608564740257857,0.05666158120208942,0.007594545697923873,0.0067810588244462565,19486310.55,1.3105019513301353,True,True
2025-11-28,991.2059936523438,1007.5999755859376,1012.0499877929688,1004.2000122070312,1007.0,15988807,-0.0018821440456289196,0.009568646770977018,0.00946746575237789,0.06680780898458183,993.7274993896484,984.6510009765625,956.0608737182617,0.013960040559217513,0.023306709267156167,0.053907761821935685,0.0072623446631723465,0.0067217182640889874,19287605.05,0.8289679801381042,True,True
2025-12-01,985.7954711914062,1002.0999755859376,1017.5,999.2999877929688,1017.5,16746566,-0.005458515416102205,0.002952460691381331,0.01499036561932221,0.04992400101575001,994.4674987792969,985.3630004882813,956.7117486572265,0.0076749384127783316,0.01698559321728399,0.04744190399293702,0.006908770524353047,0.00665807202175086,18963866.85,0.8830775987018702,True,True
2025-12-02,973.6956176757812,989.7999877929688,994.4000244140624,985.0,988.0,27316662,-0.012274212246913718,0.0,-0.0028711394257768807,0.02970089757395966,994.3249969482422,985.6209997558594,957.3288735961914,-0.004550835158687039,0.00423995434162272,0.033918452782897957,0.007397251033325203,0.00681654321407139,19499340.95,1.4009018084275304,True,True
2025-12-03,984.2214965820312,1000.5,1002.2999877929688,986.0,986.0,15448777,0.010810277166086735,-0.0033868157499516993,0.015478304998731263,0.038509419395647004,995.0874969482422,986.2929992675781,958.0419985961914,0.005439223252585279,0.014404442435434595,0.044317474041870586,0.007569250432186082,0.006942044380876384,19270552.6,0.8016779446169073,True,True
2025-12-04,980.9752197265624,997.2000122070312,1004.7000122070312,993.0,1000.0,14528169,-0.0032983386236569157,-0.01218423753637321,0.01274563294754083,0.032298149282641075,995.7149963378906,986.9529992675781,958.7744985961914,0.0014914065516762331,0.010382473073244025,0.0400777384745854,0.007619236813304307,0.006955260183546722,18882985.25,0.7693788247808964,True,True
2025-12-05,986.9759521484376,1003.2999877929688,1008.0,990.2000122070312,992.0,12843366,0.006117103400788082,-0.0042675544830858,0.021378397903865087,0.03952749563682301,996.7649963378906,987.8749987792969,959.5239984130859,0.006556200788638833,0.015614312572675981,0.04562261022369629,0.007677266205844418,0.006989390933439057,18774925.15,0.6840701572650478,True,True
2025-12-08,986.7791748046876,1003.0999755859376,1006.5,997.5,1000.0,12901022,-0.00019935434014217712,0.0009979044250703062,0.018892814206132647,0.038513252129216635,997.6949951171875,988.9159985351563,960.2952484130859,0.005417467758385586,0.01434295437811861,0.04457454855013365,0.007677350638544549,0.006990274790270367,18620563.15,0.692837369958921,True,True
2025-12-09,980.8768310546876,997.0999755859376,1002.7999877929688,994.0,994.9000244140624,15294322,-0.005981457627386777,0.007375215076781405,0.0054451581248735614,0.030274837944342492,997.9649932861328,989.8609985351562,961.0436233520508,-0.0008667816065840439,0.007313124834187779,0.03751791423174411,0.0076742418660388015,0.007040109320095599,18875252.75,0.8102843550002264,True,True
2025-12-10,973.6956176757812,989.7999877929688,998.5,985.2999877929688,997.5,15322830,-0.007321219508283572,-0.010694664874593918,0.0003031710894074724,0.02326062264441564,997.9799926757812,990.7559985351562,961.6992483520507,-0.008196561998081942,-0.0009649305617134285,0.029219882919811813,0.00784527714330084,0.00711156223036356,18984531.1,0.8071218572261708,True,True
2025-12-11,984.0247802734376,1000.2999877929688,1002.7000122070312,988.5,990.0,11844809,0.010608203808339711,0.0031086798515742586,0.013834655694670017,0.034382917553087644,998.6624908447266,991.7559985351562,962.3931231689453,0.0016396900486941313,0.008615011424616625,0.03938812914540013,0.008154315332106834,0.007231655445573697,18870529.6,0.6276882128416787,True,True
2025-12-12,985.2052612304688,1001.5,1004.7000122070312,998.2000122070312,1003.0,11988618,0.0011996523259776293,-0.001794067392473786,0.012025085597861418,0.03583805687440145,999.2574920654297,992.7659985351562,963.0826232910156,0.0022441742517587127,0.008797643631763163,0.0398900112824232,0.008137882241867758,0.00723131076255857,18400612.25,0.6515336466589583,True,True
2025-12-15,979.89306640625,996.0999755859376,1001.7999877929688,992.0,992.0,9790060,-0.005391936509298478,-0.006978367231951221,-0.00045157012949015307,0.03062594473454494,999.2349914550781,993.382998046875,963.8453732299805,-0.0031374160192041423,0.0027350755392479,0.033464498820871436,0.008097903871394918,0.0072718442290355765,17970294.85,0.5447912837111851,True,True
2025-12-16,978.1223754882812,994.2999877929688,998.7000122070312,990.0999755859376,990.0999755859376,20049088,-0.0018070352746570872,-0.0028081314427106374,0.0018640491341457288,0.017811406432651777,999.327490234375,993.9659973144531,964.5856231689453,-0.0050308857612103575,0.0003360180121030343,0.03080531568198497,0.008052389304066179,0.007152149076999699,17972617.25,1.115535245708301,True,True
2025-12-17,967.989990234375,984.0,996.0,980.7999877929688,996.0,19080922,-0.010359034415590718,-0.005859757389875764,-0.01065752648917262,0.01768536058968473,998.7974914550781,994.1769970703125,965.3128732299805,-0.014815306988327226,-0.010236604850346165,0.01935862173627867,0.008366140190745785,0.00715523209929699,17935971.0,1.0638354622674178,True,True
2025-12-18,963.7599487304688,979.7000122070312,987.4000244140624,973.2999877929688,973.2999877929688,14912404,-0.004369906293667403,-0.02059379769801728,-0.028894249972079455,0.016075502804154596,997.3399932861328,994.1209973144531,966.0054983520508,-0.017687028694176377,-0.014506267492970348,0.01417643468732055,0.007634442930080641,0.00716973577903985,17689047.95,0.84303033391913,True,True
2025-12-19,969.465576171875,985.5,988.0,978.7000122070312,987.0,25952384,0.0059201671130970634,-0.01597603594608088,-0.01257450823752937,0.02956538595075542,996.7124938964844,994.2569970703125,966.681248474121,-0.011249476619532461,-0.008807579022441892,0.019467380334090345,0.007475665592222389,0.007136295266142279,18111672.3,1.4329093178215244,True,True
2025-12-22,971.6298217773438,987.7000122070312,992.9000244140624,983.9000244140624,988.0,13540411,0.0022323817422944536,-0.008432851706441702,-0.011459752717061567,0.03853638072075838,996.1399932861328,994.4689978027344,967.2887484741211,-0.00847268570279891,-0.006806633098325965,0.02110152089033246,0.007493508029297253,0.0070809916852533775,17178490.2,0.7882189204264296,True,True
2025-12-23,980.3849487304688,996.5999755859376,998.9000244140624,987.7000122070312,990.5,17927849,0.009010796060454851,0.0023131729067744633,0.006870062514479525,0.04921829889100238,996.4799926757812,994.7829968261718,968.0178732299805,0.00012040674277291608,0.0018265076560042282,0.029526420065558723,0.007482749838062188,0.007157634493953782,16825413.5,1.0655220449708414,True,True
2025-12-24,980.9752197265624,997.2000122070312,999.4000244140624,993.0,993.0,13699996,0.0006020837204423479,0.013414646551860976,-0.006673983508409309,0.05518229203499758,996.1449920654297,995.1869970703125,968.7288732910156,0.0010591029920392625,0.002022750641482274,0.029390203699918738,0.006735735771700862,0.007116010857951936,16535695.5,0.8285104185669118,True,True
2025-12-26,975.9581909179688,992.0999755859376,997.2000122070312,987.7000122070312,996.0,9360853,-0.00511435675758376,0.012656898259062244,-0.01723627975637676,0.043986097369155486,995.2749908447265,995.48599609375,969.4643731689453,-0.003190088455949369,-0.003401374324801143,0.023348565500145302,0.006667509658415528,0.007131524684260147,15726895.75,0.5952130127142223,False,True
2025-12-29,975.564697265625,991.7000122070312,997.4000244140624,987.2000122070312,993.0999755859376,13545749,-0.0004031482600028724,0.0062912351162163205,-0.015780035494403655,0.04279706856680465,994.4799926757812,995.7549963378906,970.1948733520508,-0.0027954111588208708,-0.00407227093589535,0.02216579312636391,0.006663635079872837,0.007133058889966131,15604742.85,0.8680533303373211,False,True
2025-12-30,974.7777709960938,990.9000244140624,995.0,982.2000122070312,990.2000122070312,33155849,-0.0008066832541309132,0.003239862475935995,-0.011176480834985014,0.02657345186642046,993.9199951171875,995.6859973144532,970.926248474121,-0.0030384444602796767,-0.004806709056167757,0.02057187759763579,0.006572070182902765,0.00688497976762267,16425207.0,2.0185955038496624,False,True
2025-12-31,975.0728759765624,991.2000122070312,997.5999755859376,987.5999755859376,991.0,10963454,0.00030274274455321937,-0.0054183860236716175,0.0014144518400978079,0.02699060988863744,993.9899963378906,995.4589978027344,971.6634985351562,-0.0028068533296495835,-0.004278413882544574,0.02010625458435711,0.005963892380347835,0.006884615374496236,15607546.6,0.7024457002101792,False,True
