Date,Adj Close,Close,High,Low,Open,Volume,Daily_Return,Return_5D,Return_20D,Return_60D,SMA_20,SMA_50,SMA_200,Price_vs_SMA20,Price_vs_SMA50,Price_vs_SMA200,Volatility_20D,Volatility_60D,Volume_SMA20,Volume_Ratio,Trend_20_50,Trend_50_200
2019-10-29,457.8752136230469,477.3999938964844,482.0,466.8500061035156,470.2000122070313,33686172,0.01671814781726022,0.058184640042404645,0.05631149685154746,0.1482862150246167,440.26000061035165,422.4310003662109,401.1722494506836,0.08435922689920483,0.13012537783122013,0.1900125059751212,0.021273262025462685,0.024418947206079858,22540428.45,1.4944778922336768,True,True
2019-10-30,451.8808288574219,471.1499938964844,479.0,470.0,479.0,22396012,-0.013091747130091536,0.03526694699564148,0.048864606173110614,0.09735643926575577,441.3574996948243,423.6490002441406,401.70924942016603,0.0675019552681444,0.11212346453070787,0.1728631953995341,0.021486641600998998,0.02417626145985763,22688580.9,0.9871050154573573,True,True
2019-10-31,444.1120910644531,463.0499877929688,476.75,461.2999877929688,475.0,21198377,-0.017191990254583733,0.01825175985259775,0.06767344883524462,0.08863284624069867,442.8249984741212,424.56400024414063,402.2014993286133,0.04567264582744546,0.09064825921815611,0.1512885669643913,0.02022439358167938,0.024259057613040938,22372266.75,0.9475292439913359,True,True
2019-11-01,443.3448486328125,462.25,466.9500122070313,460.5,466.6499938964844,13522994,-0.0017276488803763534,-0.014602443006585752,0.08867167535392229,0.08867167535392229,444.7074981689454,425.43,402.6964993286133,0.03944728142269849,0.08654772818089929,0.1478868099689865,0.019442170359221855,0.024258971855671472,21517221.15,0.6284730684194321,True,True
2019-11-04,451.2574462890625,470.5,472.2999877929688,463.0,463.0,16254715,0.017847485127095775,0.0020232397651558376,0.10109996124774523,0.1281621238976387,446.86749877929697,426.3720001220703,403.22299926757813,0.052884806537194295,0.10349647693867303,0.16684812338240884,0.019670373824952493,0.02420997967371974,21166187.95,0.7679566598575914,True,True
2019-11-05,449.19537353515625,468.3500061035156,474.0,466.8999938964844,472.1000061035156,14952189,-0.0045695938288722315,-0.01895682427455392,0.1315535467745117,0.14064783034961947,449.58999938964854,427.40100036621095,403.72624923706053,0.04172692172720738,0.0958093352664553,0.1600682566183831,0.017895443535427085,0.024115169263763052,21016162.55,0.7114614271005436,True,True
2019-11-06,461.0402526855469,480.7000122070313,483.8999938964844,464.75,467.1499938964844,24922680,0.026369181045310164,0.020269592346944032,0.1552511539436141,0.19384085308247267,452.81999969482433,428.7740008544922,404.22899932861327,0.061569746325243147,0.12110345134979528,0.1891774538824016,0.018442308896972202,0.024135888626938932,21165611.4,1.1775081536269725,True,True
2019-11-07,458.9781799316406,478.5499877929688,483.0,475.6499938964844,483.0,18312032,-0.004472694735727423,0.03347370782553627,0.09583232062310354,0.16648382155507324,454.9124984741212,430.3630004882813,404.71049926757814,0.051960518557157886,0.11196823902151332,0.1824501431492911,0.01570234075872538,0.024067653757214143,20354513.95,0.8996545947981234,True,True
2019-11-08,469.4324340820313,489.4500122070313,496.0,480.2999877929688,480.75,52207121,0.022777190872645292,0.05884264403900774,0.15518054780671742,0.19845744251183906,458.1999984741212,432.2440008544922,405.26024932861327,0.06820168886289313,0.1323465710095455,0.20774246430014687,0.013926566663102526,0.024183742281831486,22011169.75,2.371846730226593,True,True
2019-11-11,476.4817810058594,496.7999877929688,499.0,484.6000061035156,488.0,24766065,0.01501680539917638,0.05589795492660743,0.15925796743452802,0.19884168704178995,461.6124984741212,433.9470007324219,405.8514993286133,0.0762273323082916,0.14484023844954041,0.22409302075958482,0.014004767108902826,0.024186374672437252,22349226.9,1.1081396735025317,True,True
2019-11-13,465.8837585449219,485.75,497.5,483.2999877929688,496.7999877929688,24272664,-0.02224232702190332,0.037151689270264576,0.1326804082701818,0.15613473058785288,464.4574981689454,435.29000061035157,406.4134992980957,0.0458438111452546,0.1159227166231589,0.1952112831855337,0.01545619798618238,0.02436776027836005,22702308.0,1.0691716454556075,True,True
2019-11-14,478.2561340332031,498.6499938964844,499.8500061035156,483.75,489.75,35396276,0.026556858253184545,0.037341338118631606,0.15468330866934532,0.21547835197193033,467.7974975585938,437.0040002441406,407.0429992675781,0.06595267503333768,0.14106505573840056,0.22505483399478998,0.01610377603095189,0.024310882133983785,23723522.55,1.4920328937407314,True,True
2019-11-15,479.4070739746094,499.8500061035156,509.7000122070313,496.0,497.8500061035156,42074833,0.002406522052982085,0.04450949504518986,0.14828858286402524,0.1978193643070547,471.02499847412116,438.9130004882812,407.66574935913087,0.06119634355453041,0.138836182905139,0.22612705847695724,0.01614026855078598,0.024245116754232472,24935611.65,1.6873391192712133,True,True
2019-11-18,477.9683837890625,498.3500061035156,504.4500122070313,496.6499938964844,498.75,22910109,-0.0030009002334379087,0.018183662630535835,0.13107126463913854,0.189521402513404,473.9124984741212,440.6870007324219,408.28449935913085,0.0515654423719083,0.13084798343327075,0.2205949696492453,0.016243559373566703,0.024258548854881892,25458496.05,0.899900330129674,True,True
2019-11-19,473.3167724609375,493.5,502.0,489.8500061035156,497.9500122070313,27939336,-0.009732128110997107,-0.006642487669190511,0.12722707574256753,0.16556449483713065,476.69749908447267,442.7140008544922,408.89199935913086,0.03524772197839843,0.11471514125933346,0.2069201666295204,0.016398864862145406,0.024295035388825707,26056040.1,1.0722786690829509,True,True
2019-11-20,474.7554321289063,495.0,498.0,492.5,495.2000122070313,22606112,0.003039513677811634,0.019042717447246504,0.09719606937105918,0.18733510973115464,478.88999938964844,444.6640008544922,409.5084992980957,0.03364029449536221,0.11320007702170454,0.2087661204796436,0.015369111654998203,0.024177321462793524,25438037.25,0.888673594500692,True,True
2019-11-21,477.87255859375,498.25,503.7999877929688,491.25,498.1000061035156,25745594,0.0065656565656566634,-0.0008021536175280009,0.09481431183868105,0.20919794869728703,481.04749908447263,446.8490008544922,410.15449935913085,0.03576050379280016,0.11502990730026386,0.21478613736657515,0.015346935820054168,0.02410276329200624,25465507.8,1.010998649710806,True,True
2019-11-22,476.4817810058594,496.7999877929688,501.75,492.1499938964844,501.1000061035156,18462401,-0.0029102101495859234,-0.006101867106739989,0.09246836238145972,0.24480075218067654,483.1499984741211,448.95800048828124,410.80149932861326,0.028252073604381645,0.10656227810319718,0.20934317086209697,0.01539412838519107,0.023680753807431558,25211500.85,0.7323007507504258,True,True
2019-11-25,477.44091796875,497.7999877929688,500.0,491.5499877929688,492.0,25692878,0.0020128824971241688,-0.0011036787474877352,0.06118094503524696,0.25897823843490686,484.5849975585937,451.005,411.4664993286133,0.02727073743709374,0.10375713748842874,0.2098189976710747,0.014022000932020747,0.023618882170505655,24776266.1,1.0369955624588645,True,True
2019-11-26,489.8133239746094,510.7000122070313,517.5499877929688,501.0,501.7999877929688,286857658,0.02591407137484203,0.0348531149078648,0.08763715362336688,0.24061707707799584,486.6424987792969,453.32700012207033,412.23399932861327,0.04943570174836909,0.12655988297522924,0.2388595143505512,0.014906986879419309,0.023295055660690286,38708810.9,7.410655386471714,True,True
2019-11-27,484.8260192871094,505.5,515.8499755859375,504.2999877929688,513.9000244140625,29866539,-0.010182126655057355,0.021212121212121238,0.05886050788180075,0.20759673346730634,488.04749908447263,455.3829998779297,413.04374938964844,0.03575984089308215,0.11005461366696756,0.22384130191286866,0.014942440643560628,0.02330070305893853,38517829.25,0.7753951762481527,True,True
2019-11-28,497.9177551269531,519.1500244140625,520.0,508.0,509.5499877929688,35706498,0.027003015655910012,0.041946862848093236,0.10187844877299135,0.2571740139670662,490.44750061035154,457.49800048828126,413.90524948120117,0.058523131972313625,0.1347591112091875,0.2542726265607351,0.015358079787496688,0.023389018904655258,39183353.55,0.9112670245142915,True,True
2019-11-29,491.6356201171875,512.5999755859375,516.5,510.2999877929688,516.0,13324549,-0.012616870885285403,0.03180351888324329,0.10700785897682108,0.2675568331416678,492.925,459.50700012207034,414.6387493896484,0.03991474481094981,0.11554334417051915,0.23625680508753422,0.015041351614080753,0.023266702593434843,38789662.15,0.34350773534643947,True,True
2019-12-02,490.0051574707031,510.8999938964844,514.0,507.25,513.4500122070312,10130049,-0.003316390500233468,0.02631580237997877,0.10524606575767304,0.24716221532664084,495.35749969482424,461.7120001220703,415.3709992980957,0.03137631753074377,0.10653392972547704,0.2299847479959265,0.015084013810193262,0.023257830983931856,38620014.9,0.26230049434807445,True,True
2019-12-03,488.5185546875,509.3500061035156,511.25,504.6499938964844,509.75,12795657,-0.003033837955540908,-0.002643442473559965,0.08257174517219057,0.2988652659216118,497.3,463.9120001220703,416.14449935913086,0.024230858844793035,0.09794531283840269,0.2239739006232757,0.014878197374607221,0.022458687633397728,38447062.0,0.3328123485742552,True,True
2019-12-04,507.6046447753906,529.25,531.3499755859375,509.2999877929688,510.0,30992538,0.03906938972813134,0.046983184965380786,0.1300309450258108,0.3314465408805032,500.3449996948242,466.765,417.017999420166,0.05777013924952956,0.13386822062493975,0.2691298714585093,0.016638802761753956,0.02286814693726777,39249079.45,0.7896373223092242,True,True
2019-12-05,506.5016784667969,528.0999755859375,537.5,526.0499877929688,532.5499877929688,32354118,-0.002172932289206453,0.017239623906357915,0.09860612060582108,0.3575834847967545,502.71499786376955,468.97699951171876,417.89524932861326,0.05049576366338493,0.126067965243019,0.26371375705844513,0.016036496737184165,0.02262517962792429,39620651.35,0.8165973273430296,True,True
2019-12-06,503.336669921875,524.7999877929688,533.5,521.6500244140625,530.0499877929688,24868376,-0.006248793685906473,0.023800259048170513,0.09664612094820213,0.3409990535534946,505.02749786376955,470.54699951171875,418.7227493286133,0.03915131356774726,0.11529770317852983,0.2533352645263276,0.016095556122961836,0.022674444718437527,39948468.55,0.6225113728421011,True,True
2019-12-09,504.967041015625,526.5,529.2999877929688,522.2000122070312,524.0499877929688,12980877,0.003239352603990442,0.030534363456415248,0.07569718432716477,0.3313945726327596,506.87999725341797,472.2589996337891,419.5619993591309,0.03870739199198048,0.11485434985521037,0.2548800911527114,0.015526383063378318,0.022664879741630034,37987156.35,0.3417175236913989,True,True
2019-12-10,507.0771789550781,528.7000122070312,530.25,524.7000122070312,526.0499877929688,12021443,0.004178560697115419,0.037989606109051666,0.06421100080090203,0.33983782065207846,508.4749984741211,474.14899963378906,420.42999938964846,0.03977582731423035,0.1150503588858669,0.2575220916075489,0.01530062020169567,0.02264562034454138,37349925.25,0.321859894485331,True,True
2019-12-11,511.728759765625,533.5499877929688,535.2000122070312,527.2000122070312,530.5999755859375,13768156,0.009173397907996206,0.0081246817061289,0.09840450394846889,0.32493164047550716,510.86499786376953,475.7809991455078,421.3474993896484,0.044405058134847186,0.12141928482056397,0.26629442103217316,0.014114997306399316,0.022562108277550265,36824699.85,0.3738837263055112,True,True
2019-12-12,513.4551391601562,535.3499755859375,537.0999755859375,529.7999877929688,534.8499755859375,12385216,0.003373606661325912,0.013728461153507787,0.07359868071525888,0.2949927031687123,512.6999969482422,477.5039984130859,422.3027493286133,0.04417784039889883,0.12114239328904919,0.2676923757589771,0.01315315241854155,0.022383318699702476,35674146.85,0.34717623527414504,True,True
2019-12-13,515.0856323242188,537.0499877929688,542.7999877929688,535.7000122070312,537.9000244140625,17884861,0.003175515615127411,0.023342226152704537,0.07442228915717819,0.30304499756429526,514.5599960327148,479.5709979248047,423.268249206543,0.04370722934867266,0.11985501649784203,0.2688170889258068,0.013150486486656471,0.02236201888549123,34464648.25,0.5189335132703697,True,True
2019-12-16,517.1956787109375,539.25,541.4000244140625,536.7000122070312,539.5,13070575,0.00409647566713911,0.024216524216524205,0.08207082049877368,0.3459378714962007,516.6049957275391,481.8639978027344,424.25374923706056,0.04383427272237239,0.11909169902491512,0.27105535536159264,0.013056234892999539,0.021949976433390167,33972671.55,0.3847379203240789,True,True
2019-12-17,519.0180053710938,541.1500244140625,543.0,538.75,540.9500122070312,11516163,0.0035234574206073344,0.023548348627909554,0.09655526730306474,0.3550770405492141,518.9874969482422,484.14099853515626,425.26574935913084,0.04270339381226074,0.11775293984891988,0.27249849118949165,0.012650936511027635,0.02192323751222195,33151512.9,0.34737971189242467,True,True
2019-12-18,519.2577514648438,541.4000244140625,542.9000244140625,535.9500122070312,542.0499877929688,12906168,0.0004619790977016258,0.014712841909275465,0.09373742305871202,0.4004139055008131,521.3074981689454,486.6909991455078,426.25649948120116,0.0385425613782473,0.11241018503446387,0.2701273178778578,0.012681771318366702,0.02138293732040296,32666515.7,0.3950886013839548,True,True
2019-12-19,518.1068115234375,540.2000122070312,541.2000122070312,533.7000122070312,537.2000122070312,12082790,-0.0022164982506788222,0.00905956260815266,0.08419470588465883,0.2938922448072605,523.4049987792969,489.1729992675781,427.2314994812012,0.03208798820589087,0.10431281574382512,0.264419905514951,0.012760659889943213,0.019063453535129126,31983375.5,0.37778345190613166,True,True
2019-12-20,523.7654418945312,546.0999755859375,549.5,539.25,540.9500122070312,27691592,0.010921812746359283,0.01685129503523508,0.09923508253690505,0.22361638028828335,525.8699981689454,491.3609985351562,428.205499420166,0.03846954092728616,0.11140277151415945,0.27532219068978026,0.01273403511525748,0.017106979929438285,32444835.05,0.8534976971627415,True,True
2019-12-23,519.1617431640625,541.2999877929688,548.8499755859375,537.5999755859375,547.0,11521942,-0.008789577014389316,0.0038015536262749894,0.0873844939065993,0.227716024691206,528.0449981689453,493.712998046875,429.151749420166,0.025102007726588882,0.09638593663595563,0.26132536689953634,0.013083569284690559,0.017061059130108136,31736288.25,0.36305260114972643,True,True
2019-12-24,518.9700317382812,541.0999755859375,543.9500122070312,539.2999877929688,542.0,6715007,-0.0003695034390205354,-9.248604983280728e-05,0.05952606746087641,0.24619981661339785,529.5649963378906,495.96399780273435,430.0792492675781,0.021781989609990893,0.09100656092613324,0.25814016023192665,0.012077245911060798,0.01689121406987794,17729155.7,0.3787550356952418,True,True
2019-12-26,516.7161865234375,538.75,542.4000244140625,537.6500244140625,541.0999755859375,7831074,-0.0043429600664698365,-0.004894762272924735,0.06577645895153306,0.19205661123692352,531.2274963378907,498.16199768066406,431.031999206543,0.01416060673434072,0.08147550898764866,0.24990720176633663,0.011810364656369216,0.016204250077146074,16627382.45,0.47097455198066973,True,True
2019-12-27,526.9305419921875,549.4000244140625,550.5,538.3499755859375,541.0,11247684,0.01976802675464029,0.0170307515718926,0.05826832048046526,0.22306324462175242,532.7399963378906,500.512998046875,432.05124938964843,0.03127234333951767,0.09767383975632349,0.27160846124201865,0.011136263099917946,0.01630038179222478,15404441.75,0.7301584947081903,True,True
2019-12-30,521.7034912109375,543.9500122070312,552.2000122070312,542.5999755859375,549.5999755859375,13180302,-0.009919934409984288,-0.003936940990703075,0.061158872637983475,0.25420797070988077,534.3074981689454,502.6859985351563,433.0202494812012,0.01804675036590453,0.08208705591983789,0.2561768482160691,0.010953390362454548,0.015623993547146076,15397229.4,0.8560177716128591,True,True
2019-12-31,516.8599853515625,538.9000244140625,543.7999877929688,538.0,543.7999877929688,12491978,-0.009283918888941423,-0.004433702998390188,0.054805306032654544,0.26919457528853874,535.7074996948243,504.65199890136716,433.9434996032715,0.0059594549657358,0.06786463857718528,0.2418667981125342,0.011213517656793166,0.015379283380145522,15515325.85,0.8051379726581765,True,True
2020-01-01,514.7979125976562,536.75,542.5,535.7000122070312,539.9000244140625,7642793,-0.003989653584447694,-0.008039134692673144,0.05379403861421728,0.25614326078581784,537.0774993896484,506.6309991455078,434.8109996032715,-0.0006097805065761186,0.059449581461243683,0.23444439190760868,0.011241378379583947,0.015411473191975257,15257682.65,0.500914403276044,True,True
2020-01-02,518.4903564453125,540.5999755859375,541.9000244140625,535.8499755859375,536.0,10264223,0.007172753769794982,0.0034338293938516173,0.021445395533183698,0.3061125478565254,537.6449981689453,508.41999877929686,435.654249420166,0.005496149740174205,0.06329408143641846,0.24089223577056562,0.007420749814282747,0.014702809076197988,14221266.9,0.7217516605359541,True,True
2020-01-03,516.81201171875,538.8499755859375,540.7999877929688,536.25,538.0,9594690,-0.0032371440603622403,-0.019202854676565906,0.020355994124166887,0.2950011239650996,538.1824981689454,510.0949981689453,436.4944993591309,0.0012402436334573164,0.05637180823221555,0.23449430949779848,0.0074491209398220145,0.014736839304301632,13083295.5,0.7333542225657137,True,True
2020-01-06,504.1998901367188,525.7000122070312,537.25,523.7999877929688,537.25,12534334,-0.02440375610040102,-0.03355087708510596,0.0017149855849798445,0.20380123084999302,538.2274993896484,511.5139984130859,437.26999938964843,-0.023275449873563447,0.027733383324710204,0.2022320601477703,0.009267576470355506,0.013973761839480105,12466593.4,1.0054337699022091,True,True
2020-01-07,501.514404296875,522.9000244140625,535.5999755859375,521.6500244140625,531.2999877929688,16101835,-0.005326208346873806,-0.029690108137212512,-0.006837560467117809,0.23412794276380477,538.0475006103516,512.5899987792968,438.0052494812012,-0.02815267458561932,0.02011359109486799,0.19382136408962136,0.009313959363661367,0.013338429335821106,12622641.3,1.2756311945583052,True,True
2020-01-08,504.4395751953125,525.9500122070312,527.3499755859375,515.0,516.0,16094310,0.005832831613244771,-0.020121076465707932,-0.005201437368083761,0.22727809401109145,537.9100006103515,513.7179992675781,438.69399948120116,-0.02223418116366971,0.02381075406525124,0.19889948991556516,0.009363056691688538,0.013302087209268908,12826284.65,1.2547912695824974,True,True
2020-01-09,523.9573364257812,546.2999877929688,547.4000244140625,530.2999877929688,530.7000122070312,18934019,0.038691843547152605,0.010543863234276252,0.023896542576526736,0.273871936616233,538.5475006103516,515.0959991455078,439.46599945068357,0.014395178092612149,0.06057897692706837,0.24309955372161607,0.012665613168288166,0.014049515686053535,13084577.8,1.447048524561488,True,True
2020-01-10,518.1548461914062,540.25,546.5,538.5,544.9000244140625,12335407,-0.011074479092358147,0.002598171063365351,0.009152936653633814,0.2510130655654097,538.7925018310547,516.4779992675781,440.22774948120116,0.0027051196221032914,0.046027131390171894,0.2272056921370198,0.012947432473528019,0.01418030328543208,13082087.35,0.9429234547956141,True,True
2020-01-13,516.572265625,538.5999755859375,546.0499877929688,538.0,539.4000244140625,7901800,-0.0030541867914160026,0.024538640059658112,0.0028861145669856203,0.23730758256326623,538.8700012207031,517.9889990234375,440.944249420166,-0.0005010960605599246,0.039790375087806584,0.22146955379095457,0.012955486660265813,0.01419716317203578,12582934.3,0.6279775298516816,True,True
2020-01-14,515.6130981445312,537.5999755859375,538.9500122070312,534.1500244140625,536.2000122070312,13939440,-0.001856665513050082,0.02811235510716803,-0.003059850559225752,0.22015426268430982,538.7875,519.4959985351562,441.64199935913086,-0.002204068234809675,0.03484911741732333,0.21727547734602193,0.012930172929718695,0.014169948465557617,12626377.55,1.103993599494417,True,True
2020-01-15,513.6949462890625,535.5999755859375,536.9500122070312,530.6500244140625,535.0999755859375,12353176,-0.003720238264185549,0.01834768163311251,-0.010256026199267687,0.22338965399701505,538.5099975585938,520.797998046875,442.32799926757815,-0.005403840199530663,0.028421725111412943,0.2108660913910092,0.01292553436046777,0.014143200967065856,12668228.2,0.9751305237775872,True,True
2020-01-16,515.1815795898438,537.1500244140625,540.0,533.2000122070312,533.9000244140625,11249232,0.0028940420066847494,-0.016748972329052703,-0.007850018116640545,0.19062403121147042,538.2974975585937,522.1739984130859,443.049249420166,-0.0021316709621268526,0.028680145021562797,0.21239348699281058,0.012945859249211947,0.013690766586010239,12585381.4,0.8938332214548539,True,True
2020-01-17,510.29010009765625,532.0499877929688,538.0,530.5999755859375,534.5,18312609,-0.009494622338809378,-0.015178180855217493,-0.015087049666594576,0.16908367536244406,537.8899963378906,523.2009979248047,443.750499420166,-0.010857254428753627,0.01691317467524378,0.19898453858233567,0.013103452526514377,0.013763347099853744,12896872.35,1.4199263591222566,True,True
2020-01-20,512.9755859375,534.8499755859375,544.0,531.0,533.0,19159996,0.0052626404608777655,-0.006962495673937585,-0.02060062351756986,0.1761406829817207,537.3274963378906,524.326997680664,444.5072492980957,-0.0046108207170457716,0.020069494708114144,0.20324241377502505,0.012899267518040968,0.013759612138237544,12470292.55,1.5364512037851108,True,True
2020-01-21,509.3310852050781,531.0499877929688,540.25,530.2000122070312,532.9500122070312,13477994,-0.007104773238151174,-0.012183757608675183,-0.01893589549445973,0.13206135340740688,536.8149963378906,525.1589971923828,445.19199920654296,-0.010739283709006564,0.011217537226021923,0.1928560907191701,0.012850868985708457,0.013287289021770395,12568095.15,1.0723975144316122,True,True
2020-01-22,501.4663391113281,522.8499755859375,534.9500122070312,520.75,531.5,17527408,-0.01544113058190677,-0.02380507950182731,-0.0337275934641057,0.1135129148730154,535.9024963378906,525.6799969482422,445.8402490234375,-0.024356148443323233,-0.005383543940674862,0.17272941761355343,0.013255041775186058,0.013479612547667967,13108715.2,1.3370805401279906,True,True
2020-01-23,506.1180725097656,527.7000122070312,530.25,517.0499877929688,521.4000244140625,17061293,0.00927615348104105,-0.017592873084832483,-0.020510418177204226,0.10536241925770429,535.3499969482422,526.5189971923828,446.4759991455078,-0.01428968858656876,0.002243062493368919,0.18192246216364327,0.013456702562372141,0.01337461443106726,13570226.15,1.2572592977752253,True,True
2020-01-24,512.0165405273438,533.8499755859375,537.4000244140625,527.0,529.25,17851868,0.011654279394811562,0.0033831178164958065,-0.028303691549175336,0.1330786002370805,534.5724945068359,527.2229968261719,447.1539990234375,-0.001351582672739271,0.012569593511017718,0.19388393428626327,0.012910433934987782,0.013290208588820058,13900435.35,1.284266826937906,True,True
2020-01-27,515.2775268554688,537.25,545.0,531.5,538.5,38149166,0.0063688762190738935,0.004487285264308527,-0.012317330741195343,0.16024190511415415,534.2374938964844,527.9709967041016,447.85449905395507,0.005638889329058205,0.01757483527281467,0.1996083574796801,0.012855424383510833,0.013054394792746801,15148878.55,2.5182831768098106,True,True
2020-01-28,506.59759521484375,528.2000122070312,540.5999755859375,524.4500122070312,538.0999755859375,24009224,-0.016845021485283884,-0.005366680447130623,-0.019855282468515756,0.14267174084809353,533.7024932861328,528.5679968261719,448.53499908447264,-0.010310015689118268,-0.0006961916373110499,0.17761158724551462,0.013231721571069523,0.013282507408554203,15724740.85,1.5268438589243905,True,True
2020-01-29,505.0630798339844,526.5999755859375,534.7999877929688,525.2999877929688,531.5499877929688,16400827,-0.003029224884732895,0.007172229463714652,-0.018910152611201658,0.11923480464598835,533.1949920654297,529.2299963378906,449.2242489624023,-0.012368864257230161,-0.004969523213257054,0.17224298733261634,0.013221732632081283,0.013141316247328451,16162642.55,1.0147367269469187,True,True
2020-01-30,510.43402099609375,532.2000122070312,533.9500122070312,524.1500244140625,527.6500244140625,14319317,0.010634327536499955,0.008527572287101881,-0.015538223748163937,0.13632967923865769,532.7749938964844,529.9739965820313,449.9324990844727,-0.001079220489024757,0.004200235557510812,0.18284412281832796,0.013354570242972923,0.013159782425170182,16365397.25,0.874975216382236,True,True
2020-01-31,504.1518859863281,525.6500244140625,532.75,522.4000244140625,530.0,16292578,-0.012307380012649749,-0.015360029122179819,-0.024496523652101088,0.09350948838268769,532.1149963378906,530.5219970703125,450.62524917602536,-0.01214957662971572,-0.009183356549124055,0.16649039390318454,0.013597120584384342,0.012901378341652604,16700291.65,0.9755864353422834,True,True
2020-02-03,494.4649658203125,515.5499877929688,519.1500244140625,502.0,504.0,22531888,-0.019214374873000706,-0.04039090220015118,-0.01930763587288109,0.07731689675856179,531.6074951171875,530.8969970703125,451.2172491455078,-0.030205569845622615,-0.02890769652500258,0.1425759737006751,0.013172963166528516,0.013156299092761418,17200169.35,1.3099805903945938,True,True
2020-02-04,509.0912170410156,530.7999877929688,534.6500244140625,516.6500244140625,520.0,17781475,0.02958006083034581,0.004922331552159154,0.015107980512639285,0.08448253050292487,532.0024932861328,531.5569970703125,451.9002490234375,-0.0022603380779970816,-0.0014241356646906844,0.17459547530685082,0.014770205756402406,0.01337184350917685,17284151.35,1.0287733912952572,True,True
2020-02-05,517.0517578125,539.0999755859375,540.4000244140625,525.7000122070312,529.0499877929688,18782476,0.015636752041912283,0.023737183022257913,0.025002306443012268,0.08514490505703542,532.6599914550782,532.1249963378906,452.64549896240237,0.01209023435994716,0.013107783502088965,0.19099820239395826,0.01510312314565145,0.013382747380269362,17418559.65,1.0783024760603557,True,True
2020-02-06,519.4495239257812,541.5999755859375,547.0,536.25,540.3499755859375,15296851,0.0046373587705745845,0.017662463666478834,-0.008603354040001232,0.1149767896776892,532.4249908447266,532.8469958496094,453.38049880981447,0.01723244569465865,0.016426816336595484,0.19458154245211512,0.012337155913677109,0.013021209872534979,17236701.25,0.8874581498011401,False,True
2020-02-07,514.51025390625,536.4500122070312,541.75,535.1500244140625,540.9500122070312,8297149,-0.009508795441385831,0.02054596650120466,-0.007033758061950501,0.07580471026415747,532.2349914550781,533.1929956054687,454.0989988708496,0.00791947320192099,0.0061085134808720465,0.18135035210593609,0.012270375873580031,0.012691881312423646,17034788.35,0.48707085932183003,False,True
2020-02-10,512.1123657226562,533.9500122070312,542.25,530.5,538.6500244140625,12536053,-0.004660266461202323,0.03569008796379114,-0.008633426642560837,0.06822047751751703,532.0024932861328,533.6199963378906,454.73374893188475,0.0036607326948203678,0.0006184473434380777,0.17420361576684384,0.012294707628605185,0.012714180725496354,17266501.0,0.7260332015154662,False,True
2020-02-11,517.6751708984375,539.75,544.7999877929688,537.5,537.7000122070312,11243552,0.010862417193315599,0.016861364756703967,0.003999301547064071,0.08307413141254161,532.109994506836,534.1969964599609,455.41049896240236,0.01435794398157264,0.0103950482253512,0.1851944591302901,0.012539829387006842,0.012762803727021743,17131706.6,0.6563007563998323,False,True
2020-02-12,526.8345947265625,549.2999877929688,550.7000122070312,542.7000122070312,545.7999877929688,14026335,0.01769335394713978,0.018920446427297843,0.02557881409916729,0.11306988407896412,532.7949951171875,534.99599609375,456.1844989013672,0.03097813010077366,0.02673663317792796,0.20411804678995527,0.013083234837959885,0.012847811311663754,17215364.55,0.8147567807386338,False,True
2020-02-13,518.8740234375,541.0,549.0,538.0,549.0,9227235,-0.015110118291313368,-0.0011077836281074838,0.007167412102675019,0.09292929292929286,532.9874938964844,535.23099609375,456.90699890136716,0.01503319720494578,0.010778531042397788,0.18404839781582338,0.01358095405632594,0.013032085926288395,17114264.7,0.5391546269586447,False,True
2020-02-14,523.477783203125,545.7999877929688,548.6500244140625,536.5499877929688,541.25,14458649,0.008872435846522642,0.017429351054482067,0.025843436360251104,0.09543399456692181,533.6749938964844,535.5849963378906,457.63049880981447,0.02271980893831471,0.019072587030861676,0.19266523803037972,0.013494208340666067,0.01305047854991163,16921566.7,0.8544509652288875,False,True
2020-02-17,519.4495239257812,541.5999755859375,545.3499755859375,537.75,543.0,7793293,-0.007695148957431619,0.01432711528048447,0.012620361424912296,0.09017711129984596,534.0124938964843,535.92099609375,458.3614987182617,0.014208434776666445,0.010596672893170345,0.1816000626152927,0.013607706832234268,0.013093077837995524,16353231.55,0.476559814870352,False,True
2020-02-18,519.0660400390625,541.2000122070312,544.4000244140625,536.0,541.0,15918303,-0.000738484854017063,0.002686451518353339,0.0191131242771434,0.08718365905648073,534.5199951171875,536.2149963378906,459.03149871826173,0.012497225830399916,0.00929667372823606,0.17900408516236022,0.013489101726059953,0.01309615284014507,16475247.0,0.9661951046925124,False,True
2020-02-19,522.5186767578125,544.7999877929688,546.5,540.5,543.5,8704234,0.006651839439649532,-0.008192244857096243,0.04198147314137812,0.06677104909117126,535.6174957275391,536.5369958496094,459.7179986572266,0.01714374929623408,0.015400600531329411,0.18507430508323575,0.012963343958206015,0.012717595345456318,16034088.3,0.5428580557336709,False,True
2020-02-20,524.628662109375,547.0,549.3499755859375,541.7999877929688,545.5,13588526,0.004038201645238049,0.01109057301293892,0.03657378689882762,0.08209693372898119,536.5824951171875,536.80599609375,460.4752487182617,0.019414544785955723,0.018990108121798466,0.1879031533672677,0.012864072094222157,0.012634939876569813,15860449.95,0.8567553911041471,False,True
2020-02-24,508.18017578125,529.8499755859375,541.8499755859375,527.5499877929688,539.5,16940750,-0.031352878270681006,-0.029223181685158583,-0.007492741749420717,0.02061051847960793,536.3824951171875,536.69599609375,461.11549865722657,-0.012178845489398071,-0.012755862830429177,0.14906130270803408,0.014618427747230598,0.012873968531284646,15814894.05,1.071189598010617,False,True
2020-02-25,509.2350769042969,530.9500122070312,538.7999877929688,525.2999877929688,532.4500122070312,14942960,0.002076128473682104,-0.019663891910970732,-0.011726361643496941,0.035797966240865176,536.067495727539,536.5739965820312,461.76374877929686,-0.009546341759748889,-0.01048128386918612,0.14983043517520134,0.014547094981681816,0.012761008710787624,14654583.75,1.0196782286634378,False,True
2020-02-26,502.2816467285156,523.7000122070312,529.3499755859375,522.2000122070312,526.8499755859375,15743918,-0.013654769438394943,-0.032335549898889426,-0.00851949999243129,0.02505386271963883,535.842495727539,536.2629968261718,462.449748840332,-0.022660545994996784,-0.02342690935882874,0.1324473924362468,0.01437477736072481,0.012884888361401208,14241318.45,1.1055098623962025,False,True
2020-02-27,494.2731323242188,515.3499755859375,523.2999877929688,512.6500244140625,522.7999877929688,26315054,-0.015944312443118225,-0.05405655812573673,-0.021363464720032255,0.011779659194119052,535.279995727539,535.7469958496093,463.11549865722657,-0.037232888022488364,-0.038072113183435397,0.11278930867172754,0.014786633349466973,0.013051518942243752,14737029.8,1.785641635874279,False,True
2020-02-28,476.9133911132813,497.25,506.8500061035156,492.2000122070313,501.6000061035156,32737933,-0.03512171619947857,-0.09095063985374774,-0.06567082188159612,-0.06046291922531888,533.5324951171875,534.8639953613281,463.69474868774415,-0.06800428361766098,-0.07032441085498364,0.0723649586440589,0.016352643820882213,0.01282667404907825,15657960.6,2.090817178323977,False,True
2020-03-02,485.4014587402344,506.1000061035156,520.5499877929688,498.4500122070313,508.25,28642076,0.017797900660665,-0.04482395126310579,-0.03719208104734539,-0.04165872088521205,532.5549942016602,534.1819952392578,464.2997486877441,-0.049675598550723454,-0.05257007796222035,0.09002860228529541,0.016854194632194185,0.013051755925759993,16275435.5,1.7598346907522076,False,True
2020-03-03,493.6976623535156,514.75,519.5,508.5,509.8500061035156,19661945,0.017091471630441335,-0.030511369873957972,-0.001551717218331139,-0.019150129624113887,532.5149948120118,533.5549957275391,464.9919987487793,-0.033360553195845966,-0.0352447186852729,0.10700829559457303,0.016830212836036983,0.013227940624329838,16131938.35,1.218820985638096,False,True
2020-03-04,487.5594177246094,508.3500061035156,517.5,497.0499877929688,517.5,21883404,-0.012433208152470843,-0.029310685021422866,-0.042294616062066415,-0.03447292288031223,531.3924957275391,532.89599609375,465.63174880981444,-0.043362467120420245,-0.04606150200069459,0.09174257855674983,0.01552256706942196,0.013312617439605708,16337034.8,1.3394966876118792,False,True
2020-03-05,483.8668518066406,504.5,511.1499938964844,500.0,509.75,16671516,-0.007573534095191237,-0.02105360648091892,-0.06418100009804573,-0.04577267192790391,529.6624969482422,532.1639965820312,466.2689988708496,-0.047506661493349034,-0.0519839687759992,0.08199344417435706,0.01498968894380422,0.01332909841783591,16231486.8,1.027109605264257,False,True
2020-03-06,466.4591674804688,486.3500061035156,496.7999877929688,477.2999877929688,485.0,31024353,-0.035976201975192024,-0.021920550822492446,-0.10201250364283887,-0.08846402918065088,526.899998474121,531.1159967041016,466.7882489013672,-0.07695956061498654,-0.08428665466373864,0.04190713294130477,0.016542153411510385,0.0140192294613498,17017861.9,1.8230464662543773,False,True
2020-03-09,439.0289001464844,457.75,475.0,442.9500122070313,475.0,42027175,-0.05880539887857705,-0.09553449025967076,-0.14670521095385625,-0.14495186163220564,522.9649978637696,529.2829962158203,467.12849884033204,-0.12470241436838536,-0.13515075437385105,-0.020076914304339333,0.020428693787938504,0.015837231737637025,18704363.2,2.2469182484651498,False,True
2020-03-11,446.6057739257813,465.6499938964844,471.75,449.6000061035156,450.0,31018779,0.017258315448354766,-0.09538612161926296,-0.12791463011347315,-0.1329485066928423,519.5499969482422,527.7169958496094,467.4182487487793,-0.1037436307734737,-0.11761418040591787,-0.003783024854139394,0.02117460813845728,0.016025734212519585,19628499.5,1.5802929306949827,False,True
2020-03-12,408.2417297363281,425.6499938964844,445.9500122070313,416.0,438.0,50757033,-0.0859014292371969,-0.16268321277484354,-0.21139417527284043,-0.21066296913030247,513.8449966430665,525.4519952392578,467.5457487487793,-0.17163736792759943,-0.18993552645533274,-0.08960781905174864,0.027177698555304674,0.019299334472106987,21604173.55,2.3494086863600483,False,True
2020-03-13,428.9103698730469,447.2000122070313,464.75,395.2000122070313,401.0,67104335,0.05062849434878114,-0.11357777560548799,-0.185872888867456,-0.17361176747382912,508.73999786376953,523.6609954833984,467.7549987792969,-0.12096549497807996,-0.1460123704760271,-0.04394391642186202,0.029897649027316217,0.020519637737929163,24258073.55,2.766268098811993,False,True
2020-03-16,386.422119140625,402.8999938964844,424.2000122070313,397.4500122070313,424.2000122070313,34833637,-0.09906086113888168,-0.17158427297165413,-0.25526803346306026,-0.2558182938160589,501.8349975585937,520.9069958496094,467.7152487182617,-0.19714648070266927,-0.22654140353913532,-0.1385784513107038,0.03596148505652734,0.023970469171154626,25538393.65,1.3639713396774273,False,True
2020-03-17,352.23016357421875,367.25,408.4500122070313,364.0,407.0,47232699,-0.08848348085516178,-0.19770617149098857,-0.3271344664461513,-0.32015921565871475,492.9074981689453,517.4749963378906,467.3927487182617,-0.25493119629086247,-0.29030387439202887,-0.21425824211626032,0.039151257681323555,0.026298009315700605,27177096.15,1.7379597415156514,False,True
2020-03-18,340.5291442871094,355.04998779296875,375.5,342.29998779296875,369.1000061035156,61202289,-0.03321991070668817,-0.23751746494836723,-0.3444423858977228,-0.34984434413860177,483.5799987792969,514.0619958496094,466.99049865722657,-0.265788517537485,-0.30932457435184557,-0.23970618499975682,0.03918416598353078,0.026432020099387638,29847545.95,2.0504965166156315,False,True
2020-03-19,324.7039489746094,338.54998779296875,369.6000061035156,323.0,336.1000061035156,57985870,-0.04647232943892177,-0.20462823294365617,-0.3744457129401182,-0.3745612499026064,473.44749755859374,510.3749951171875,466.5117486572266,-0.2849260170583753,-0.336664235058706,-0.27429483015716893,0.039326782291750385,0.026923349894449534,31950924.3,1.8148417070989085,False,True
2020-03-20,331.5614929199219,345.70001220703125,359.79998779296875,323.0,328.0,88640642,0.02111955301098667,-0.22696779344677342,-0.3654551762978345,-0.36111619330108957,463.49249877929685,506.7699951171875,466.1237487792969,-0.2541410850930629,-0.31783646321228975,-0.25835142896631214,0.040016745733448975,0.02716064741968524,35947744.7,2.4658192812858157,False,True
2020-03-23,272.3849182128906,284.0,313.70001220703125,280.0,311.1499938964844,56867949,-0.17847847853149812,-0.29511043856464514,-0.4808043875685558,-0.47285382830626455,450.3424987792969,501.5239953613281,465.4127487182617,-0.3693688675401202,-0.4337259979048673,-0.38978895446647976,0.052654315246121214,0.03502889152785502,38111715.85,1.4921382501858678,False,True
2020-03-24,284.3736877441406,296.5,305.0,268.29998779296875,295.29998779296875,67895418,0.04401408450704225,-0.19264805990469702,-0.44040763676149297,-0.460320373454263,438.675,496.6489953613281,464.77674865722656,-0.32410098592351966,-0.40299889304258696,-0.36205930942843023,0.05524763029663365,0.03551422203551951,40659449.25,1.66985582078439,False,True
2020-03-25,303.9393920898437,316.8999938964844,334.1499938964844,281.6000061035156,284.0,66544138,0.06880267755981229,-0.107449641481835,-0.40314533080203263,-0.41740971268538185,427.97249908447264,492.2149957275391,464.2467486572266,-0.25953187512187537,-0.35617566175919324,-0.3173888781923052,0.05898770045253289,0.036926867345029625,43239508.15,1.538966117957565,False,True
2020-03-26,316.7433776855469,330.25,364.3999938964844,314.25,322.0,76173940,0.04212687396856318,-0.024516284425460944,-0.36939088733600367,-0.38717761173034715,418.2999984741211,488.0679962158203,463.802498626709,-0.21049485726825423,-0.3233524784239987,-0.2879512271325614,0.060780200598109464,0.037494580633388216,46261009.25,1.646612152111662,False,True
2020-03-27,325.9507751464844,339.8500061035156,359.54998779296875,326.0,355.79998779296875,72889985,0.02906890568816234,-0.01692220392521193,-0.3405452174182868,-0.3668374362300594,409.525,484.1529968261719,463.4439987182617,-0.1701361184213036,-0.2980524579391711,-0.26668592744013875,0.06179945863261802,0.03778720131205171,48589755.8,1.5001101322678392,False,True
2020-03-30,300.5825500488281,313.3999938964844,333.8999938964844,311.1000061035156,330.1000061035156,36559880,-0.0778284882507102,0.10352110526931124,-0.369733546713958,-0.4202737549945299,400.3324996948242,479.6779962158203,462.92799865722657,-0.21715075809385698,-0.3466450486182462,-0.3230048845489246,0.06312111617432198,0.03883180343557256,48780853.15,0.749471926773794,False,True
2020-03-31,310.50927734375,323.75,334.8500061035156,316.0,324.70001220703125,46279768,0.033024908439960754,0.09190556492411472,-0.3603042954048463,-0.3991834190064516,391.2149993896484,475.5119964599609,462.466248626709,-0.17244993033217926,-0.3191549268783581,-0.29994891311231064,0.06370055586183768,0.03919180902072334,49662737.75,0.9318811265091804,False,True
2020-04-01,298.4245300292969,311.1499938964844,323.75,308.1000061035156,319.0,33141186,-0.038918937771476814,-0.01814452543624301,-0.3955318234162518,-0.4081225286828656,381.03499908447264,471.0379968261719,461.91524856567383,-0.18340836237065794,-0.3394375910372498,-0.3263915948593199,0.06321084018350107,0.03934146033567779,50336699.8,0.6583901235416312,False,True
2020-04-03,274.926513671875,286.6499938964844,309.5,281.5,309.5,57326314,-0.07874015902488118,-0.13202121454508897,-0.43611686740471156,-0.45180726618307,369.9499984741211,466.1499969482422,461.25849853515626,-0.2251655762162783,-0.3850691928068126,-0.3785480488558707,0.06436378790714004,0.04038786960413339,52108845.3,1.1001263541719664,False,True
2020-04-07,312.7631225585937,326.1000061035156,329.6000061035156,296.8500061035156,308.29998779296875,57661076,0.13762432599694208,-0.04045902531427892,-0.3536174309147361,-0.3799790882500219,361.0299987792969,462.2149975585937,460.79099853515623,-0.09675094256401251,-0.2944841516913851,-0.2923038706481249,0.07403416778665747,0.04458101633897442,54158323.3,1.0646761658516855,False,True
2020-04-08,305.9055480957031,318.95001220703125,352.75,315.1000061035156,322.8500061035156,73931321,-0.021925770508003928,0.017709056855885086,-0.34419654938968924,-0.41616324485823764,352.65999908447264,458.03999755859377,460.29699859619143,-0.09558778133316681,-0.30366340514568213,-0.30707779286034587,0.07393029986629725,0.04421510881105094,56303671.7,1.3130817008511364,False,False
2020-04-09,328.6842041015625,342.70001220703125,345.0,322.6499938964844,332.3999938964844,52431174,0.0744630791378802,0.05853285623793436,-0.2513380399627936,-0.36566402182872515,346.9074996948242,454.2169982910156,459.9394985961914,-0.012128557299840081,-0.24551477928735665,-0.25490197460099373,0.07605397874347762,0.04547323222792255,56823871.65,0.9226962626366555,False,False
2020-04-13,317.1270446777344,330.6499938964844,345.79998779296875,329.25,341.04998779296875,30994190,-0.035162001404503096,0.06267073881572172,-0.28991732367553935,-0.3860935594421935,340.1574996948242,450.08499816894533,459.48199859619143,-0.027950304805478554,-0.26536099794116985,-0.28038531453531235,0.07591223826878786,0.04562057632469757,56822642.2,0.5454549243048047,False,False
2020-04-15,313.96197509765625,327.3500061035156,351.8999938964844,325.0,342.70001220703125,49132329,-0.009980305017038282,0.14198504473622608,-0.23094088852935524,-0.3910899907561707,335.2425003051758,446.067998046875,459.01974868774414,-0.023542642100794264,-0.26614326170711733,-0.2868498424319409,0.07401067839895313,0.04561697588830524,56741407.0,0.8658990250277016,False,False
2020-04-16,328.0127868652344,342.0,347.79998779296875,319.3500061035156,325.29998779296875,56494027,0.04475330265261013,0.048758030048724255,-0.23524152355865535,-0.3614637498333385,329.98249969482424,442.37599853515627,458.56274871826173,0.03641859891445698,-0.22690199935695476,-0.25419149079175907,0.07376708272944027,0.046105892748642074,56210891.6,1.005037020263169,False,False
2020-04-17,360.190673828125,375.5499877929688,385.5,349.04998779296875,362.0,69006835,0.09809937951160475,0.1774571983687474,-0.06788286551958223,-0.3008471177067734,328.61499938964846,439.242998046875,458.2864987182617,0.14282667708563168,-0.1450063189103109,-0.18053447168243197,0.0745024864477229,0.048028351996207384,57919551.5,1.1914255758696612,False,False
2020-04-20,346.5234680175781,361.2999877929688,378.8999938964844,357.0,376.0,55810736,-0.03794434952253456,0.054274802811214995,-0.01620153085644982,-0.3209284915282099,328.3174987792969,435.9559973144531,457.9457485961914,0.10045912610903374,-0.17124666246450382,-0.21104194350419248,0.07219343857150215,0.04821571198762356,58348453.35,0.9565075472561776,False,False
2020-04-21,318.2779541015625,331.8500061035156,346.20001220703125,328.0,341.0,50118175,-0.08151116159552307,0.0036292521674956557,-0.0653428601241951,-0.37954562727619434,327.1574996948242,432.28199768066406,457.4367486572266,0.014343264064154537,-0.23232980349864052,-0.2745444980587196,0.07420317514651713,0.049186397857520534,57794247.65,0.8671827567254438,False,False
2020-04-22,322.21026611328125,335.95001220703125,338.0,323.04998779296875,326.0,49115085,0.01235499782463978,0.02627159292245773,-0.007679739121796869,-0.3673853310811067,327.02750091552736,428.3849981689453,456.9232487487793,0.027283672677450577,-0.215775497174296,-0.26475614202826503,0.0734551822278541,0.049247835273168644,57350708.4,0.8563989246207812,False,False
2020-04-23,338.5150146484375,352.95001220703125,354.79998779296875,338.0,340.25,45953398,0.05060276643039274,0.032017579552722886,0.020971940248755816,-0.3249497395280664,327.39000091552737,424.6619989013672,456.4832487487793,0.07807205846246612,-0.16886838681082905,-0.22680621211300234,0.07414643756645938,0.049777114520134204,55216346.2,0.8322426448420087,False,False
2020-04-24,321.1552734375,334.8500061035156,343.25,331.5,337.8999938964844,38513206,-0.051282066801285775,-0.10837433900248206,0.1790493172659,-0.3654538594701704,329.9325012207031,420.52699951171877,455.9719987487793,0.014904578556578896,-0.2037372000078097,-0.2656347165563485,0.06218630947433852,0.05008994000636922,54298609.05,0.709285314556322,False,False
2020-04-27,333.6715087890625,347.8999938964844,352.8999938964844,338.0,339.29998779296875,38980019,0.038972637166189816,-0.0370882766377586,0.17335579728999795,-0.34831879777714714,332.5025009155273,416.7559991455078,455.51649871826174,0.04630790125957218,-0.16521898998503148,-0.23625160696613645,0.06205159882646617,0.05037912918633339,52852839.1,0.7375198695806674,False,False
2020-04-28,345.1328125,359.8500061035156,362.8500061035156,350.25,353.75,32933194,0.03434898653831797,0.08437546929339468,0.1355317546047694,-0.33020008170588067,334.6500015258789,413.2739990234375,455.1319987487793,0.0753025682436399,-0.12927015260133057,-0.20935023884764647,0.06079372833808332,0.05062290682771955,51172291.9,0.6435747311134212,False,False
2020-04-29,355.2992858886719,370.4500122070313,376.5,351.6499938964844,353.0,39341745,0.02945673453863007,0.1026938495205032,0.12172600214089724,-0.2986558052902295,336.66000213623045,409.88799926757815,454.8044987487793,0.10036835340221861,-0.0962164960453048,-0.18547416917338566,0.06048580180946455,0.05079758740887481,49330682.15,0.797510662438711,False,False
2020-04-30,364.6025695800781,380.1499938964844,392.9500122070313,374.1499938964844,382.0,45734705,0.026184320069699618,0.07706468550424161,0.11858168918406231,-0.2781048015175107,338.6750015258789,406.50499938964845,454.52424865722656,0.12246251475232173,-0.06483316449425003,-0.16363099434290151,0.06043501570682037,0.05095262530183368,47972918.15,0.9533442359499242,False,False
2020-05-04,324.2243957519531,338.04998779296875,359.0,336.0,359.0,38837299,-0.11074577608695046,0.009556462986785474,0.07865346004003504,-0.36480650124174774,339.9075012207031,402.4459991455078,454.03274856567384,-0.005464761504419657,-0.16001155804571965,-0.25545020956991316,0.06325851265824692,0.05273575913406297,48086789.1,0.8076500786782621,False,False
2020-05-05,317.31884765625,330.8500061035156,348.0,329.54998779296875,348.0,45069968,-0.021298571067728034,-0.049008301500694684,0.021930520783059793,-0.37058881244738595,340.2625015258789,398.1469995117188,453.557498626709,-0.027662452900786172,-0.16902549432931835,-0.2705445128671221,0.0631889827377578,0.052766370653416335,48026299.1,0.9384434954306108,False,False
2020-05-06,327.4373779296875,341.3999938964844,345.54998779296875,325.25,331.5,49952812,0.03188752485519952,-0.05127139612087117,0.09721999226541467,-0.3377945844631043,341.7750015258789,394.1429998779297,453.1219985961914,-0.0010972353967384496,-0.13381692938294065,-0.24656054008816797,0.06270033556835317,0.05296612493100439,48866880.4,1.0222222411398294,False,False
2020-05-07,322.9775695800781,336.75,342.8999938964844,333.70001220703125,337.0,27656346,-0.013620369008835675,-0.09097047130935865,0.17477762836306865,-0.3655802416270124,344.2800018310547,390.0539996337891,452.651248626709,-0.02187173751308913,-0.1366580003892659,-0.2560497711612192,0.059657441637877374,0.05277542562632805,47383382.0,0.5836718451207219,False,False
2020-05-08,323.8887023925781,337.70001220703125,352.5,333.70001220703125,344.0,42968091,0.002821120139662181,-0.11166640108118042,0.03557192850782531,-0.3735855546274297,344.8600021362305,385.9120001220703,452.2069987487793,-0.020762019036266288,-0.12493000450825265,-0.25321807680681585,0.05151009645009473,0.052711650649159475,46648732.75,0.9210987837606371,False,False
2020-05-11,307.05645751953125,320.1499938964844,343.54998779296875,318.20001220703125,341.0,83665601,-0.051969255777780665,-0.05295073078791779,0.0037622876423475393,-0.4088810776807631,344.9200012207031,381.375,451.67249877929686,-0.07181377489433904,-0.16053754468309567,-0.29118997777874234,0.052700309936913346,0.053017109466264714,47135446.75,1.775003882826251,False,False
2020-05-12,308.06353759765625,321.20001220703125,324.3999938964844,308.0,318.29998779296875,69072308,0.0032797698908793027,-0.029167277371804246,-0.06273708559721747,-0.40124894230951924,343.8450012207031,377.2020007324219,451.1669989013672,-0.06585813064979462,-0.14846683850205,-0.2880684691274349,0.049841011498740144,0.05303381183120425,47967503.45,1.4399813005068955,False,False
2020-05-13,324.2243957519531,338.04998779296875,348.3999938964844,332.29998779296875,343.5,72816461,0.05245944877199049,-0.009812554667272155,0.022380142244312395,-0.36688832275577354,344.21500091552736,373.3440002441406,450.73424880981446,-0.017910355754865992,-0.09453483229432391,-0.2500015503911539,0.05062100215361565,0.05358801191885136,50058617.0,1.454623906209794,False,False
2020-05-14,314.00994873046875,327.3999938964844,334.5,325.6499938964844,330.0,33999095,-0.031504198435311714,-0.027765422727589084,0.00015270442045745014,-0.3934228922714509,344.2175003051758,369.4179998779297,450.24774871826173,-0.04885720915927105,-0.11374109002628385,-0.2728447952743639,0.05112310018425978,0.053639254981133304,49301955.3,0.6896094646371967,False,False
2020-05-15,309.5021667480469,322.70001220703125,330.54998779296875,318.79998779296875,329.29998779296875,31828868,-0.014355472746096498,-0.04441812098841158,-0.05643271284493789,-0.4125249965804534,343.2525009155273,365.56500061035155,449.76799880981446,-0.05987571439007211,-0.11725681706879054,-0.28251895852758135,0.050176634224534555,0.053550226064736334,48068697.35,0.6621537456745746,False,False
2020-05-18,286.2918701171875,298.5,320.5,293.25,320.0,74034133,-0.07499228785744672,-0.06762453321640405,-0.20516573105427582,-0.44824399260628467,339.4000015258789,361.5900006103516,449.2089988708496,-0.12050678061873943,-0.17447938411974284,-0.3354986192388799,0.046878396926536045,0.05425014578429211,48320062.25,1.5321613746472358,False,False
2020-05-19,288.0182800292969,300.29998779296875,311.5,297.1000061035156,307.04998779296875,61827491,0.0060301098591917235,-0.06506856668670136,-0.1688347690588745,-0.4497984710346353,336.3500015258789,357.4740002441406,448.65299880981445,-0.10718006115464951,-0.15993893936936465,-0.330663143699911,0.04654575188414847,0.05423606432922027,48620900.0,1.2716237461667719,False,False
2020-05-20,293.14947509765625,305.6499938964844,308.25,297.5,299.0,42238419,0.017815538864437208,-0.09584379549312994,-0.0789513687664618,-0.43565360473694137,335.04000091552734,353.2920001220703,448.1214987182617,-0.0877208898601125,-0.13485164172730923,-0.31793052828146173,0.043505298116488865,0.05434179445712622,48226912.2,0.8758267339371563,False,False
2020-05-21,291.9505615234375,304.3999938964844,312.79998779296875,302.0,306.0,43075357,-0.0040896451004783785,-0.07025045946479769,-0.09391283573195397,-0.43754621760792045,333.4625,349.2129998779297,447.60099868774415,-0.08715374623388117,-0.1283257095157112,-0.31993003860824676,0.04335141221372317,0.054335923912556545,47924925.8,0.8988090493819816,False,False
2020-05-22,279.1465759277344,291.04998779296875,307.70001220703125,285.54998779296875,301.0,80358245,-0.043856788341643305,-0.09807878282247207,-0.17537901196544958,-0.4657672644743678,330.36749877929685,344.9439996337891,447.011248626709,-0.11901143766140965,-0.15623988791814636,-0.3488978438750222,0.04222031027367887,0.05449518665536218,49645168.15,1.6186518848561902,False,False
2020-05-26,280.7291259765625,292.70001220703125,297.8999938964844,290.0,296.04998779296875,46681705,0.00566921313611668,-0.019430444867566954,-0.12587723795189099,-0.46489942923760286,328.25999908447267,341.07099975585936,446.39599868774417,-0.10832872411082473,-0.1418208747839962,-0.3443041311582721,0.04110462682993225,0.05450215630308668,50053593.1,0.9326344445789647,False,False
2020-05-27,305.80963134765625,318.8500061035156,321.95001220703125,294.8500061035156,296.1000061035156,80541990,0.08934059721865695,0.06177162525672664,-0.08350097241338961,-0.39822587374678353,326.80749969482423,338.2929998779297,445.84349868774416,-0.024349176805120387,-0.05747382825370284,-0.2848387224620519,0.04532345998378675,0.05586854535982234,52131691.65,1.5449717331396056,False,False
2020-05-28,313.4824523925781,326.8500061035156,329.75,320.75,322.25,66136408,0.025090167310214184,0.06936042084205352,-0.09170487547666484,-0.3844053138922082,325.1574996948242,335.5170001220703,445.35099868774415,0.005205189516710895,-0.025831758198247567,-0.2660844882652098,0.04496391478261759,0.056009768901597125,53791852.35,1.2294874615895246,False,False
2020-05-29,318.3738708496094,331.95001220703125,334.29998779296875,320.0,322.8999938964844,60487477,0.015603506220833285,0.09050597523965664,-0.10392765212944244,-0.3661447308200493,323.23249969482424,333.64300048828125,444.8877487182617,0.02696978961099994,-0.005074250857270646,-0.2538567016884783,0.04452891312331574,0.056073553754637656,54849138.95,1.102797202616797,False,False
2020-06-01,325.37530517578125,339.25,348.0,336.20001220703125,339.0,44024770,0.021991226162136446,0.16560733285897666,-0.10758909523387106,-0.3417094866177438,321.1875,331.48400024414065,444.4987487792969,0.05623662191087764,0.02342797767053506,-0.2367807537554062,0.044386419907397404,0.05617319544189432,54763642.2,0.8039050770074602,False,False
2020-06-02,334.1510925292969,348.3999938964844,350.0,332.5,337.0,47558213,0.02697124214144253,0.19029716216771342,0.030616791827409395,-0.2993464175032994,321.70500030517576,330.3940002441406,444.18774871826173,0.08297972852764235,0.054498549123284556,-0.21564699859052927,0.03716825885520751,0.05618752910720964,55199687.9,0.8615667009957859,False,False
2020-06-03,342.2555236816406,356.8500061035156,373.0,353.79998779296875,357.8999938964844,69689299,0.024253766805581112,0.11917829472351715,0.07858546023984414,-0.29490218968595117,323.00500030517577,330.1860003662109,443.95874877929685,0.10478167757887036,0.08075450112279592,-0.19620909130700603,0.03705036195062216,0.05623676783442511,56430654.45,1.2349546479519873,False,False
2020-06-04,333.62359619140625,347.8500061035156,363.0,345.5,357.0,57061575,-0.02522068052701465,0.06424965460563326,0.018892830469665833,-0.3242350537085661,323.32750091552737,330.04200073242185,443.6467488098144,0.07584416765833657,0.05395678529270409,-0.2159302259360535,0.03702440381450432,0.05623034849265558,56786092.6,1.0048512300703711,False,False
2020-06-05,342.5911865234375,357.20001220703125,360.0,347.0,350.0,37251097,0.02687941911587366,0.07606566974382889,0.06072757893698966,-0.2973344980460285,324.3500015258789,330.4150012207031,443.3907489013672,0.10127951449548966,0.08106475458853901,-0.19439002033285357,0.037255763908276396,0.05637019197821636,57265830.15,0.6504943157625734,False,False
2020-06-08,345.0848388671875,359.79998779296875,373.75,353.1499938964844,366.5499877929688,46827341,0.007278766789152735,0.060574761364683205,0.06544262596114092,-0.28681865650551286,325.45500030517576,330.6970007324219,443.1177488708496,0.10552914367758381,0.08800499247374516,-0.18802623295995424,0.03726412373964588,0.05638802614677037,57458792.65,0.8149725888819211,False,False
2020-06-09,334.2949523925781,348.54998779296875,369.3500061035156,345.25,360.04998779296875,47621969,-0.03126737182235073,0.00043052209848482015,0.0887084005557317,-0.28333508087016923,326.875,331.9880004882813,442.759748840332,0.06630971408938824,0.04988730701208599,-0.21277851316456764,0.035894853387897704,0.056346054006476756,55656611.05,0.8556390355355638,False,False
2020-06-10,338.5629577636719,353.0,356.8500061035156,345.29998779296875,348.54998779296875,36292403,0.012767213779604214,-0.010788863773758206,0.09900369422299993,-0.2288367012561442,328.4649993896484,333.11800048828127,442.473498840332,0.07469593611478342,0.05968455467004441,-0.20221210778686394,0.0359354161388189,0.05592083327637414,54017615.8,0.6718623630923007,False,False
2020-06-11,327.2934875488281,341.25,354.20001220703125,340.1000061035156,352.45001220703125,36999490,-0.033286118980169976,-0.018973712771911067,0.009466091769217977,-0.2671534318201644,328.625,333.60500061035157,442.0932489013672,0.03841764929631042,0.02291632132510424,-0.2281040236465265,0.03512413687629244,0.055995026643177084,52226767.25,0.7084392151421166,False,False
2020-06-12,330.1228942871094,344.20001220703125,346.1499938964844,324.1000061035156,324.20001220703125,47509067,0.008644724416208893,-0.03639417568794834,0.05131343501447527,-0.1913543588802712,329.46500091552736,333.8840008544922,441.71949890136716,0.04472405642650301,0.03089699214738606,-0.22077242896653593,0.0343030054406616,0.05496014829772343,52902265.85,0.8980535377200672,False,False
2020-06-15,317.5586242675781,331.1000061035156,342.25,325.5,341.20001220703125,43500660,-0.03805928425021721,-0.07976648878033665,0.026030348864986452,-0.2596153911770628,329.88500061035154,333.70900085449216,441.2579989624023,0.0036831183318917216,-0.007818173151745933,-0.249645316612771,0.03533061136608567,0.05471243091144955,53485855.45,0.8133114752304106,False,False
2020-06-16,328.9239807128906,342.95001220703125,347.8999938964844,326.04998779296875,342.25,57511237,0.035789809378048876,-0.016066491986979403,0.14891126367514662,-0.14879618415893014,332.1075012207031,334.3000012207031,440.88824905395506,0.032647594367712696,0.02587499537763227,-0.22213846038554386,0.031072147939183798,0.05347578580730856,52659710.65,1.0921297570783368,False,False
2020-06-17,327.9648742675781,341.95001220703125,351.0,336.1000061035156,338.6000061035156,37107002,-0.0029158768462044238,-0.03130308156648376,0.13869472563141305,-0.06889036839474127,334.19000244140625,334.66400146484375,440.5377491760254,0.023220352820056522,0.021771121812612648,-0.2237895325732948,0.031157441757873727,0.05223640988790025,51423686.2,0.7215935834642675,False,False
2020-06-18,337.6038513183594,352.0,354.70001220703125,337.20001220703125,340.0,39285919,0.029390224986697966,0.03150183150183161,0.151644060294708,-0.008590305303002088,336.507502746582,335.4810015869141,440.3022491455078,0.04603908420159386,0.04923974333850989,-0.20054916666193623,0.03147537059960195,0.05218317724355282,51276061.2,0.7661649136185991,True,False
2020-06-19,348.9212341308594,363.7999877929688,365.4500122070313,349.20001220703125,351.0,51367236,0.03352269259366136,0.056943564470731234,0.1951379602086465,0.07458278219002934,339.4775024414063,337.02400146484376,440.14424911499026,0.07164682542036971,0.07944830698035066,-0.1734528202413842,0.03186463353062109,0.0519653177092596,51690655.15,0.9937431795154951,True,False
2020-06-22,352.5178527832031,367.5499877929688,375.25,365.1499938964844,367.0,40133602,0.010307861808214414,0.11008752950024836,0.2628414472032772,0.06320501826552483,343.30250244140626,337.85300109863283,439.92374908447266,0.07063008623335332,0.0878991354161931,-0.16451433104514412,0.029295602589929116,0.051918591201574896,49679423.0,0.8078516129303676,True,False
2020-06-23,360.7661743164063,376.1499938964844,378.2999877929688,364.2000122070313,369.0,32493320,0.023398194501804026,0.09680705790268651,0.2851041278072366,0.32447180949466325,347.4750015258789,338.9970007324219,439.7114990234375,0.08252390026529688,0.10959681968805435,-0.1445527471265089,0.02935773995365438,0.04622898407365437,48970003.75,0.6635351748364936,True,False
2020-06-24,333.86334228515625,348.1000061035156,380.0,345.0,380.0,57955780,-0.07457128339257146,0.017985067047638914,0.09173592422797028,0.17403037471674754,348.93750152587893,339.10500061035157,439.3872489929199,-0.0024001301628543414,0.026525723528034284,-0.20776033692064477,0.02980729137599851,0.047091956849040426,47840693.25,1.2114326959507427,True,False
2020-06-25,336.644775390625,351.0,355.6000061035156,338.5,345.8999938964844,69902888,0.00833092170536176,-0.0028409090909090606,0.07388708412272726,0.107604944021092,350.14500122070314,339.5120007324219,439.1202490234375,0.00244184202634945,0.03383679882535917,-0.2006745287182924,0.029441023051362075,0.046317210291085285,48029017.25,1.455430321135709,True,False
2020-06-26,334.82244873046875,349.1000061035156,358.5,346.1000061035156,355.6000061035156,34596104,-0.005413088024172064,-0.04040676795684406,0.05166438700351139,0.05707798971541456,351.0025009155273,339.9470007324219,438.8174990844727,-0.00542017452026522,0.02692480107597195,-0.2044528606268875,0.029379711423614226,0.046038132472455195,46734448.6,0.7402698659421008,True,False
2020-06-29,329.0678100585937,343.1000061035156,345.6000061035156,338.5,345.25,27384244,-0.01718705212001881,-0.06652151408375295,0.011348580997835311,0.009563042347011441,351.19500122070315,339.9690008544922,438.57224914550784,-0.02304985859437203,0.009209678650564657,-0.21768874621685608,0.029348678466434717,0.04596383436634123,45902422.3,0.5965751397829827,True,False
2020-06-30,337.0763854980469,351.45001220703125,354.45001220703125,346.29998779296875,347.0,47526095,0.02433694536570874,-0.06566524548781594,0.008754358105566018,0.12141039901588102,351.34750213623045,339.48700134277345,438.341999206543,0.00029176262867247615,0.03523849460197437,-0.19822875096796044,0.029231573223427912,0.04486598377499994,45900816.4,1.0354084900328702,True,False
2020-07-01,349.1610107421875,364.0499877929688,365.75,351.6000061035156,354.25,36922617,0.03585140175927837,0.0458201132139886,0.02017649311000591,0.1244787267736489,351.70750122070314,339.54200134277346,438.2172491455078,0.03509304330850904,0.07217954289388229,-0.16924769962195663,0.029829226749602634,0.044899622879399484,44262482.3,0.8341741149930944,True,False
2020-07-02,348.0101013183594,362.8500061035156,370.8999938964844,361.3500061035156,366.0,50964311,-0.0032962003287735353,0.03376070114961727,0.043122034603432446,0.16615784419469137,352.45750122070314,340.16200134277346,438.07474914550784,0.029485838283535015,0.06669764603683626,-0.17171668348546176,0.029194417420079,0.04457097584679257,43957619.1,1.1593965288261028,True,False
2020-07-03,346.2357482910156,361.0,367.1499938964844,359.79998779296875,364.6499938964844,28779044,-0.005098542296807507,0.03408763588779706,0.010638263334566522,0.25937557190517513,352.6475006103516,340.66300109863283,437.90249908447265,0.023685122892384447,0.059698290791135644,-0.17561557480318912,0.028661200074533745,0.04326152504017699,43534016.45,0.6610702697981821,True,False
2020-07-06,347.051025390625,361.8500061035156,367.8500061035156,360.5,367.8500061035156,33334074,0.0023545875443646835,0.05464878946794016,0.005697660867421961,0.10962894612351426,352.75000152587893,340.8410009765625,437.73874908447266,0.02579731973996635,0.06163872617073385,-0.17336537635673743,0.028624884448045042,0.03958937365564698,42859353.1,0.7777549493624998,True,False
2020-07-07,360.6702575683594,376.0499877929688,378.0,362.1000061035156,363.0,46030825,0.03924272889300706,0.06999566006970648,0.07889829569104578,0.1790248421400713,354.12500152587893,341.66500061035157,437.60549896240235,0.061913127208239827,0.10063947762045222,-0.14066439136479447,0.028824481239318182,0.03973670025095958,42779795.9,1.0759944976736087,True,False
2020-07-08,353.86065673828125,368.9500122070313,379.0,367.5499877929688,377.8999938964844,46315597,-0.018880403713365745,0.013459757116786708,0.04518417055816237,0.07659760450823083,354.9225021362305,342.0860009765625,437.38324905395507,0.03952274084165164,0.07852999290757112,-0.15646058004037078,0.029196016884845813,0.03872702988519012,43280955.6,1.0701149352626584,True,False
2020-07-09,355.203369140625,370.3500061035156,376.0,365.2999877929688,373.4500122070313,35144463,0.003794535438851554,0.02066969787472006,0.08527474316048544,0.1200665747462859,356.37750244140625,342.2960009765625,437.17424911499023,0.03920703065257802,0.08195831983697066,-0.1528549386125846,0.02794627481287526,0.038419176088157245,43188204.25,0.8137514307509093,True,False
2020-07-10,345.61236572265625,360.3500061035156,368.2000122070313,359.0,364.8999938964844,27864858,-0.02700148463668428,-0.001800537109375,0.0469203757226202,0.10080952920332198,357.1850021362305,342.0940008544922,436.9727491760254,0.008860965461472636,0.053365464472989954,-0.17534901939993486,0.028790435206157552,0.03857635522009432,42205993.8,0.6602109200897434,True,False
2020-07-13,339.138427734375,353.6000061035156,367.0,352.5,364.1000061035156,32379935,-0.01873178822164623,-0.02279950217173654,0.06795529926074839,0.03391814650150771,358.3100021362305,341.5630010986328,436.7439991760254,-0.013145030852150463,0.035240951057831094,-0.1903723765624068,0.027652370596016353,0.03826273265974253,41649957.55,0.777430204127543,True,False
2020-07-14,331.4175720214844,345.54998779296875,352.45001220703125,340.6000061035156,351.5,34031256,-0.022765888494329478,-0.08110623850569454,0.007581208611731949,-0.07988284110007293,358.4400009155273,341.7130010986328,436.53874908447267,-0.03596142475626296,0.01122868220407125,-0.20843226742718568,0.027167244644394573,0.03620558230085983,40475958.5,0.8407770257003302,True,False
2020-07-15,331.6574401855469,345.79998779296875,356.79998779296875,343.75,349.5,30442553,0.0007234843259487089,-0.0627456935848324,0.011258884189208729,-0.04290063803955024,358.6324996948242,342.0120007324219,436.1802490234375,-0.03578178752002459,0.011075596915999686,-0.2072085139866393,0.027153699856527783,0.03587458030609045,40142736.05,0.7583577004338249,True,False
2020-07-16,330.554443359375,344.6499938964844,348.6000061035156,341.0,347.95001220703125,35535437,-0.003325604213649913,-0.06939384847707519,-0.020880699157714844,0.038571606320766394,358.26499938964844,342.0770007324219,435.67199905395506,-0.03800261124128512,0.007521678331350756,-0.20892323893920528,0.026320692868513136,0.03425001185038748,39955211.95,0.8893817668760983,True,False
2020-07-17,339.3302307128906,353.79998779296875,356.0,345.45001220703125,346.0,27511781,0.02654865532721451,-0.018176823087565852,-0.027487631488571806,0.053132832080200476,357.76499938964844,342.4180004882812,435.2364990234375,-0.011082726380288843,0.03324003787317564,-0.18710864418124862,0.025885759882975496,0.03437702702507859,38762439.2,0.7097536060114606,True,False
2020-07-20,348.15399169921875,363.0,366.3500061035156,355.25,358.0,36312529,0.026003427146568336,0.026583692687303095,-0.012379235326030469,0.028474252572269876,357.5375,342.92400024414064,434.8804989624023,0.015278117679963676,0.05854358324750231,-0.1652879334297691,0.026479930520140527,0.03392463702083437,38571385.55,0.9414369870879581,True,False
2020-07-21,363.3077392578125,378.7999877929688,379.8999938964844,370.0499877929688,371.0,45559912,0.043526137170712964,0.09622341535118584,0.0070450456984818555,0.13125274268582943,357.66999969482424,344.0970001220703,434.514748840332,0.059076769413630936,0.10085234006279453,-0.1282229457022097,0.02777805433943168,0.03365301250187843,39224715.15,1.1615103341292206,True,False
2020-07-22,365.51373291015625,381.1000061035156,389.5,375.2999877929688,386.8999938964844,45500191,0.006071854236183061,0.10208218495276844,0.09480034306631602,0.09542975794621511,359.3199996948242,345.295,434.17424880981446,0.060614511931396775,0.10369396053668778,-0.12224180234500148,0.021392510222935375,0.033317065709177744,38601935.7,1.1787023156976038,True,False
2020-07-23,376.2077026367188,392.25,395.6499938964844,378.8500061035156,382.5499877929688,37838027,0.029257396268463465,0.1381111473856933,0.11752136752136755,0.09003749714308484,361.3824996948242,346.3790002441406,433.9669987487793,0.08541503899951541,0.1324300830117524,-0.09612942659017487,0.02207745562387102,0.033239864752125904,36998692.65,1.0226855137271993,True,False
2020-07-24,366.1850891113281,381.7999877929688,388.7000122070313,372.1499938964844,388.2999877929688,52980980,-0.02664120384201707,0.07914076022067218,0.09366938160338201,0.030638345827869395,363.0174987792969,347.4670001220703,433.75299865722656,0.05173989980326277,0.09880934781961104,-0.1197755658752544,0.023130132061556764,0.03324315761845301,37917936.45,1.3972537790884978,True,False
2020-07-27,343.8380432128906,358.5,385.7999877929688,356.6000061035156,385.0,73275058,-0.06102668553672985,-0.012396694214875992,0.0448848546270153,-0.056951188331150426,363.7874984741211,348.18299987792966,433.4089987182617,-0.014534579930039149,0.029630970281970592,-0.17283674067634314,0.027060700017161408,0.03402324855866113,40212477.15,1.8221970690010079,True,False
2020-07-28,337.69976806640625,352.1000061035156,362.75,343.20001220703125,361.1000061035156,125939354,-0.017852144760068023,-0.07048569838931973,0.001849463291813791,0.04156195479335878,363.8199981689453,349.255,433.09999877929687,-0.03221371041837928,0.008145928056908724,-0.18702376565246304,0.026916723218075374,0.0308856614511101,44133140.1,2.8536232344817902,True,False
2020-07-29,336.6927185058594,351.04998779296875,357.6499938964844,348.20001220703125,353.20001220703125,50194622,-0.0029821593079955022,-0.07885074213928134,-0.03570938177696903,0.06105480222700366,363.1699981689453,350.27,432.77474868774414,-0.033372829355629685,0.0022268187197556077,-0.1888390234009274,0.0255959019098574,0.030750240888627763,44796740.35,1.1204971970689381,True,False
2020-07-30,330.8421936035156,344.95001220703125,354.6000061035156,340.3999938964844,353.3999938964844,40820253,-0.017376373160664982,-0.1205863296187859,-0.04933166210662199,0.010398413514978833,362.2749984741211,351.0560003662109,432.3159986877441,-0.047822748851180985,-0.01739320265943356,-0.2020882566129969,0.025840260680212095,0.030581132178201267,44289537.45,0.9216680812276128,True,False
2020-07-31,332.6164855957031,346.79998779296875,353.0,342.04998779296875,346.45001220703125,37345191,0.005363025135442401,-0.09167103488483819,-0.03933521386989269,0.02984406174600962,361.5649978637695,351.9040002441406,431.93149856567385,-0.04083639223386315,-0.014503990996495797,-0.19709493532053934,0.02588451557351375,0.030529311078809945,44717844.8,0.8351294917504611,True,False
2020-08-03,329.2117004394531,343.25,349.3500061035156,340.5,346.79998779296875,32119883,-0.010236412681444484,-0.04253835425383545,-0.051402530854717354,0.016434668618152903,360.63499755859374,352.94800048828125,431.504998626709,-0.048206629074509455,-0.02747713678747199,-0.20452833433583828,0.02593416680405358,0.030562274016268494,44657135.25,0.7192553400522932,True,False
2020-08-04,336.644775390625,351.0,353.20001220703125,344.20001220703125,347.0,30811518,0.022578295702840423,-0.003124129748501736,-0.06661345195086099,0.09636110164503231,359.3824981689453,354.11400024414064,431.1157485961914,-0.023324725638154686,-0.008793778958170906,-0.1858335003002467,0.024770317351224883,0.029891373029210612,43896169.9,0.7019181416098902,True,False
2020-08-05,337.79571533203125,352.20001220703125,360.0,350.75,353.3999938964844,37057881,0.0034188381966702153,0.0032759562855781965,-0.045399104067791796,0.09651307229720385,358.5449981689453,354.78100036621095,430.71749862670896,-0.01769648438638749,-0.007274877055184925,-0.1822946285442808,0.02452554091208401,0.029891481265463603,43433284.1,0.8532138834972417,True,False
2020-08-06,344.0777893066406,358.75,363.75,348.6000061035156,353.45001220703125,48021824,0.01859735254386785,0.04000576113818566,-0.03132173865895205,0.06123358365481879,357.96499786376955,355.41900024414065,430.33474868774414,0.0021929578056936183,0.009372036254593263,-0.16634666130502707,0.024930669498193468,0.029234656957109403,44077152.15,1.0894947077473562,True,False
2020-08-07,343.3105163574219,357.95001220703125,359.6499938964844,353.1499938964844,359.45001220703125,28510964,-0.0022299311302265146,0.03215116726220524,-0.0066601744299539245,0.09331099230321316,357.8449981689453,355.93900024414063,429.9214987182617,0.00029346236114324853,0.005649878101335437,-0.16740611187344967,0.024190554824518797,0.02891854771793828,44109457.45,0.6463685034511799,True,False
2020-08-10,348.68145751953125,363.5499877929688,364.9500122070313,357.3500061035156,359.5,22856010,0.01564457436782729,0.05914053253596152,0.028139088002561596,0.12658808193576965,358.34249725341795,356.425,429.55024871826174,0.01453216009673608,0.019990146013800336,-0.15364968620605302,0.024014221352742744,0.028892040578431376,43633261.2,0.5238208048496727,True,False
2020-08-11,352.3260803222656,367.3500061035156,374.2999877929688,364.0499877929688,370.0,45446107,0.010452533181519064,0.04658121397013004,0.06308788621230699,0.2306532867789468,359.4324981689453,356.80400024414064,429.13124877929687,0.022027802090530013,0.0295568599347511,-0.1439681748917695,0.023375835630017983,0.02706038685376177,44204003.75,1.0280993381736376,True,False
2020-08-12,351.84649658203125,366.8500061035156,368.75,363.75,365.75,25706005,-0.0013610997459984064,0.041595665498934675,0.06087339228927213,0.2216117915943021,360.48499908447263,357.0040002441406,428.6899987792969,0.017656787481332925,0.027579539312281298,-0.14425340654522345,0.02339269077059981,0.027067003309011746,43967176.35,0.5846635407142765,True,False
2020-08-13,352.9974060058594,368.0499877929688,372.3500061035156,366.25,368.9500122070313,26257336,0.0032710417595429586,0.025923310921167397,0.0678949494004999,0.20415506344691003,361.6549987792969,357.4079998779297,428.2564987182617,0.017682567737919097,0.029775460870136827,-0.14058516591221915,0.02334196968745606,0.027003519564501578,43503271.3,0.6035715295736852,True,False
2020-08-14,346.619384765625,361.3999938964844,371.7999877929688,354.20001220703125,371.7999877929688,28893259,-0.01806818127168397,0.009638166145550242,0.02148108073978472,0.18725361742084545,362.03499908447264,357.49199951171875,427.7179986572266,-0.0017539883977905069,0.0109316974648479,-0.15505076935957862,0.02315974154806831,0.027129763413183246,43572345.2,0.6631100269535182,True,False
2020-08-17,345.4685363769531,360.20001220703125,366.3500061035156,354.3500061035156,366.0,24232497,-0.0033203699770865125,-0.009214621643297338,-0.007713464994404284,0.23758813713900806,361.8949996948242,357.5,427.1712487792969,-0.004683644397469711,0.007552481697989499,-0.15677842730203762,0.022431646235928297,0.026433166471225233,42968343.6,0.5639616277877652,True,False
2020-08-18,354.4360656738281,369.5499877929688,370.0,361.6000061035156,361.8999938964844,26517363,0.02595773256266165,0.005988789037431719,-0.024419219371927592,0.2625554232351053,361.43249969482423,357.92,426.6319987487793,0.0224592091330984,0.03249326048549617,-0.13379683456285485,0.020924833581342603,0.026585479639938098,42016216.15,0.6311221102188661,True,False
2020-08-19,359.1356811523437,374.4500122070313,375.8500061035156,370.3999938964844,374.0,35790233,0.013259436005738978,0.020716930563090097,-0.017449472028289614,0.17437668194826683,361.1,358.3490002441406,426.148498840332,0.036970402124151924,0.044931092180866106,-0.12131566055960918,0.021113986703909182,0.024161652867453694,41530718.25,0.8617773664436925,True,False
2020-08-20,352.709716796875,367.75,369.6499938964844,362.6000061035156,367.0,68444775,-0.017892941617336344,-0.000815073503378394,-0.06246016571064372,0.12513383243912513,359.875,358.8790002441406,425.6719989013672,0.021882598124348673,0.024718637061027726,-0.13607190289908722,0.020210119168541738,0.02413195990406943,43061055.65,1.5894820497741329,True,False
2020-08-21,355.9706115722656,371.1499938964844,373.0,367.0499877929688,370.0,34109928,0.009245394687924957,0.026978417721812864,-0.027894170343083946,0.11809001430313182,359.3425003051758,359.4179998779297,425.2164988708496,0.03285860587400857,0.03264164294091909,-0.12715053418185163,0.019586214238583456,0.024086272571201203,42117503.05,0.8098753613077735,False,False
2020-08-24,364.79437255859375,380.3500061035156,381.2000122070313,373.8500061035156,374.8500061035156,32907235,0.02478785493284197,0.055941124968376776,0.06094841311998778,0.12114961268538127,360.43500061035155,360.4029998779297,424.7657489013672,0.05525269593530191,0.05534639343274628,-0.10456526429621604,0.014548457333753208,0.02412798828922115,40099111.9,0.8206474767337678,True,False
2020-08-25,370.5490112304688,386.3500061035156,389.7999877929688,381.3999938964844,382.5,53072303,0.01577494387726408,0.045460746490292525,0.09727350015986835,0.10892655818560915,362.1475006103516,361.27099975585935,424.3557489013672,0.0668305192010823,0.06941881956925466,-0.08956104140510945,0.01393427745013687,0.023975953786665442,36455759.35,1.4558002342090839,True,False
2020-08-26,373.4263305664063,389.3500061035156,391.6499938964844,384.2000122070313,388.2000122070313,37163882,0.007764979817798112,0.03979167688809215,0.1091013235788354,0.09107467968088634,364.06250152587893,362.21899963378905,423.8989988708496,0.06945923975045587,0.07490221798734087,-0.08150288832802854,0.013827454735775459,0.023810604463137684,35804222.35,1.0379748409757041,True,False
2020-08-27,376.1597900390625,392.2000122070313,397.4500122070313,387.6000061035156,389.9500122070313,36910405,0.007319907689324445,0.06648541728628499,0.1369763685401515,0.12749749985721626,366.4250015258789,363.0229998779297,423.4672489929199,0.07034184505374719,0.08037235199674031,-0.07383625737349853,0.012759001875590646,0.023555434534710335,35608729.95,1.036554941774889,True,False
2020-08-28,392.9440002441406,409.7000122070313,411.8999938964844,392.8999938964844,393.8999938964844,83472297,0.04462009040112491,0.10386641235214111,0.18137262580185665,0.14697647873979158,369.5700027465821,363.9410003662109,423.0684989929199,0.10858567838896493,0.12573195049410746,-0.03159887067392442,0.015332386716283725,0.023977049341099763,37915085.25,2.201558995571558,True,False
2020-08-31,378.4616088867188,394.6000061035156,422.0,387.5,414.8500061035156,72744175,-0.036856250069832286,0.03746549170850222,0.14959943511585028,0.09672045439470955,372.13750305175785,364.48200073242185,422.5574990844727,0.06036076145927605,0.08263235306701566,-0.06616257678903037,0.017970967461324067,0.024501516929786443,39946299.85,1.8210491402997866,True,False
2020-09-01,374.96087646484375,390.9500122070313,399.6499938964844,385.2999877929688,394.7000122070313,34872793,-0.009249857678732099,0.011906318185182618,0.11381769859553081,0.12164689685557306,374.1350036621094,364.7780010986328,422.0834991455078,0.044943692464840757,0.07174777818172706,-0.07376144057160505,0.017941887590559275,0.024159791023763404,40149363.6,0.8685764822434197,True,False
2020-09-02,376.3515625,392.3999938964844,394.0,381.1000061035156,387.25,31295799,0.0037088672315610527,0.007833537293326476,0.11413963741097954,0.11161471358777453,376.14500274658207,365.6640008544922,421.5522491455078,0.04321469388456478,0.07311628429245132,-0.06915454800233056,0.01794018576962954,0.024120940367781795,39861259.5,0.7851181671768299,True,False
2020-09-03,367.0962524414063,382.75,392.5499877929688,381.0499877929688,392.3999938964844,26135555,-0.02459223763145635,-0.02409487994111259,0.06689895470383278,0.12161172161172162,377.34500274658205,366.2990008544922,420.96674911499025,0.01432375469153313,0.044911395081972394,-0.09078329629438509,0.018865241361791112,0.02393040970389271,38766946.05,0.6741711087144044,True,False
2020-09-04,357.3133544921875,372.5499877929688,379.9500122070313,368.3500061035156,375.0,33118984,-0.026649280749918236,-0.09067616135507872,0.04078774993166712,0.08236483027457142,378.075001525879,366.76800048828125,420.3377490234375,-0.014613538876179777,0.015764699474845045,-0.113688959274995,0.020005360735813334,0.02420152216809728,38997347.05,0.8492624884850982,True,False
2020-09-07,358.1286315917969,373.3999938964844,376.8500061035156,369.0,374.1000061035156,22323904,0.002281589401065709,-0.05372532153856546,0.027093952507914354,0.1277559257420975,378.56750183105476,367.37400024414063,419.73724899291994,-0.013650162545850275,0.01640288547458213,-0.11039586123846057,0.01975394957876675,0.02363448242222075,38970741.75,0.5728375442071231,True,False
2020-09-08,360.3345947265625,375.7000122070313,381.2999877929688,369.1499938964844,372.3999938964844,32052920,0.006159663492615319,-0.03900754450398691,0.022730382373160385,0.09549496671319435,378.9850021362305,367.85900024414065,419.14074905395506,-0.00866786260850072,0.021315264701113,-0.10364236105645674,0.019674977555153756,0.02322857009777471,38301082.4,0.8368672108337074,True,False
2020-09-09,352.5658264160156,367.6000061035156,372.3999938964844,361.8999938964844,370.7999877929688,25285238,-0.02155977066897763,-0.06320078536879647,0.002044432295275289,0.0750109459886632,379.0225021362305,367.93000061035156,418.48749908447263,-0.030136722670384697,-0.0008968948068613924,-0.12159859755018687,0.0203268091218017,0.02341651620464558,38280044.05,0.6605331479497083,True,False
2020-09-10,355.5390014648437,370.7000122070313,375.0,365.4500122070313,371.7000122070313,24852274,0.008433095897834919,-0.031482659158638016,0.0072001752532406815,0.05312503467906615,379.15500335693366,368.08700073242187,417.856999206543,-0.022299563700977743,0.007098896373439079,-0.11285436665906456,0.020399189008385388,0.0231478799033826,38209790.95,0.6504163823487236,True,False
2020-09-11,355.3472900390625,370.5,373.6499938964844,365.1000061035156,373.0,22678353,-0.000539552739263427,-0.005502584512519171,0.025179873428891497,0.01841674665158055,379.6100036621094,368.27700073242187,417.22049926757813,-0.023998323474684335,0.006036215303038439,-0.1119803541522888,0.019928002803788272,0.022754301545550408,37899045.65,0.5983884979436151,True,False
2020-09-14,348.82537841796875,363.7000122070313,373.8500061035156,359.3500061035156,373.5,27140598,-0.018353543300860142,-0.025977455404410432,0.009716823657375029,-0.010474699262147946,379.78500366210943,368.3140008544922,416.4854992675781,-0.04235288729143383,-0.012527323524917255,-0.12674027584003322,0.020394766477690784,0.022846883128738105,38044450.7,0.7133917693809678,True,False
2020-09-15,356.354248046875,371.5499877929688,372.25,363.7000122070313,364.0499877929688,24967618,0.021583654997154644,-0.011046112002188635,0.00541198773119822,-0.012229180322096411,379.8850036621094,368.2240008544922,415.815749206543,-0.021940892082579322,0.009032509914504105,-0.10645523046696004,0.020131194301686306,0.022816679699003303,37966963.45,0.6576142975690092,True,False
2020-09-16,359.3754577636719,374.7000122070313,376.7000122070313,365.0,371.3500061035156,22068622,0.00847806356494285,0.019314488535444596,0.0006676458588597001,0.07641483952058747,379.89750366210944,368.3390008544922,415.0934991455078,-0.013681299310934425,0.01726944835540767,-0.09731177920547696,0.019999180794693625,0.02062688115909293,37280882.9,0.5919554550034544,True,False
2020-09-17,353.9085693359375,369.0,371.75,367.3999938964844,370.0,24084936,-0.015212201818349258,-0.004585951311169234,0.003399048266485405,0.05128205128205132,379.96000366210944,368.3120007324219,414.3754992675781,-0.02884515095398288,0.0018679795016451894,-0.10950333537523516,0.01988000180106677,0.020717259070147296,35062890.95,0.6869067366505898,True,False
2020-09-18,354.4360656738281,369.5499877929688,374.6499938964844,364.5499877929688,370.0,78166508,0.0014904818237637674,-0.00256413551155521,-0.004310942017587194,0.05857915019167703,379.8800033569336,368.49600036621104,413.6687492370605,-0.02719283845603948,0.0028602411578695364,-0.1066523916188038,0.019772859448031137,0.02069994640410028,37265719.95,2.0975445558244203,True,False
2020-09-21,336.3570251464844,350.70001220703125,367.3999938964844,348.5,366.6499938964844,28932482,-0.05100791830224005,-0.03574374364496857,-0.07795449827971046,0.022150993786991258,378.39750366210944,368.4380004882813,412.8754992675781,-0.0731968133696006,-0.04814375351549616,-0.15059136996708034,0.02191353066227792,0.021646861303672778,37066982.3,0.780545925369274,True,False
2020-09-22,339.9057006835937,354.3999938964844,356.1499938964844,349.5,354.0,28593292,0.010550275336941972,-0.04615797190132209,-0.08269706665533427,0.008393744734643382,376.80000305175787,368.6150006103516,412.00124923706056,-0.05944800683081897,-0.03856328877102144,-0.1398084482686438,0.021697718858265054,0.021462980651179277,35843031.75,0.7977364247375642,True,False
2020-09-23,337.4599914550781,351.8500061035156,357.1000061035156,342.45001220703125,356.6000061035156,22740143,-0.007195225273377348,-0.06098213333094438,-0.09631436859417941,-0.033511831063131825,374.92500305175787,368.7360009765626,411.11999938964846,-0.06154563382121725,-0.04579426697779987,-0.14416713702599115,0.02152500989472981,0.020970542824256637,35121844.8,0.6474643666781422,True,False
2020-09-24,321.97052001953125,335.70001220703125,346.95001220703125,333.75,344.95001220703125,25840472,-0.0459002234370659,-0.09024386935763884,-0.14405914900934602,-0.0748242894854434,372.1000030517578,368.5570013427735,410.17449951171875,-0.09782314040901385,-0.08915035941803717,-0.1815678141701731,0.023170729354095455,0.02177772626838652,34568348.15,0.747518275616534,True,False
2020-09-25,334.390869140625,348.6499938964844,350.5,336.6000061035156,339.04998779296875,23231600,0.03857605367457273,-0.05655525527494576,-0.14901151206140772,-0.03421054322303496,369.0475021362305,368.4540014648438,409.28524948120116,-0.05527068499766341,-0.05374892792485808,-0.14814913476988578,0.02248456584645775,0.022362525536810153,31556313.3,0.7361949977851183,True,False
2020-09-28,348.15399169921875,363.0,363.9500122070313,349.1000061035156,351.5,18495592,0.04115877342529428,0.03507267569100514,-0.08008110900846255,0.003178095556409577,367.4675018310547,368.4540014648438,408.45674942016603,-0.01215754266375546,-0.0148023944458755,-0.11128901526219159,0.023899791240324486,0.02299377333623349,28843884.15,0.6412309765153457,False,False
2020-09-29,342.44732666015625,357.04998779296875,363.75,354.25,363.75,17080848,-0.01639121820118805,0.007477409543236169,-0.0867119154765763,-0.05052519775764586,365.7725006103516,368.0190014648438,407.57424942016604,-0.023846825015078732,-0.029805563376387068,-0.1239633310962982,0.024037005216288817,0.02251407412677338,27954286.9,0.6110278563392723,False,False
2020-09-30,340.24139404296875,354.75,357.5,349.3500061035156,356.95001220703125,19565058,-0.006441640867111187,0.008242131152986776,-0.0959479981705007,-0.038487631758264196,363.89000091552737,367.4920013427735,406.67124954223635,-0.025117483010062447,-0.03467286715415763,-0.1276737649899784,0.02396719522800042,0.022399997062292305,27367749.85,0.7148946518158854,False,False
2020-10-01,354.1004333496094,369.2000122070313,371.2000122070313,358.25,358.25,23237122,0.04073294491058865,0.09979147685982248,-0.03540166634348452,-0.003105154252820208,363.2125015258789,367.03100158691416,405.83199966430664,0.01648486947998351,0.005909611478973398,-0.09026392075434253,0.02552251247607226,0.02301652271193582,27222828.2,0.8535895620132519,False,False
2020-10-05,357.84088134765625,373.1000061035156,382.6499938964844,370.75,370.75,26530105,0.01056336340069608,0.07012767140414922,0.0014763611020502942,0.035382266640887394,363.24000244140626,366.85700195312506,405.0012496948242,0.027144597499830336,0.01701754121402388,-0.07876825964203005,0.024941670463552685,0.022773420934424984,26893384.25,0.9864918729966088,False,False
2020-10-06,365.0342102050781,380.6000061035156,381.7999877929688,375.1000061035156,377.1000061035156,18093629,0.020101849041297415,0.04848486529894114,0.01928230402978337,0.07635746474533667,363.6000030517578,367.2990020751954,404.1984996032715,0.04675468346829992,0.03621301433755919,-0.05838342676412267,0.025328840766413906,0.022759708074511355,26681870.5,0.6781244590779346,False,False
2020-10-07,367.0003662109375,382.6499938964844,384.3500061035156,374.1000061035156,379.2999877929688,21845743,0.0053862001053441855,0.07169866119239154,0.01849875289762637,0.10736509163398833,363.94750213623047,367.9100018310548,403.4047494506836,0.05138788328118071,0.04006412435669038,-0.05144896182422487,0.025321557605777482,0.022540462264629375,26171511.65,0.8347146046491358,False,False
2020-10-08,371.6519775390625,387.5,389.7000122070313,382.6499938964844,385.0,21085500,0.012674784217630686,0.09231853417899938,0.05413491176841978,0.12058997593718002,364.9425018310547,368.6390020751954,402.64124938964846,0.061811101901712684,0.05116386985270038,-0.037604814242456874,0.024853206063534077,0.022582188230982,25961524.75,0.8121826511749854,False,False
2020-10-09,385.0793762207031,401.5,403.5,386.8999938964844,390.7000122070313,41641237,0.03612903225806452,0.08748642124869765,0.08308601774679003,0.16494996985431687,366.4825012207031,369.77000183105474,401.9182495117187,0.09555026137034761,0.08581009279233665,-0.001040633293528881,0.025924231547401966,0.0229907496314481,26800972.9,1.553721096445719,False,False
2020-10-12,387.5251159667969,404.0499877929688,410.0,400.7000122070313,403.4500122070313,25742564,0.0063511526599471235,0.0829535813003075,0.09055327339532737,0.14202940003888465,368.1600006103516,370.9150018310548,401.23199951171875,0.09748475424575531,0.08933309733588612,0.007023338828108017,0.025902039281677253,0.022784202565235393,26954183.45,0.9550489276646962,False,False
2020-10-13,380.0440979003906,396.25,401.0,393.5,401.0,19922778,-0.0193045118886761,0.041119268642964446,0.08949680148605554,0.09159779614325059,369.7875,371.9750018310548,400.50774963378905,0.07156136970557414,0.06525975683702145,-0.01063087952151287,0.025947349197884804,0.022741873484757983,26593292.45,0.7491655287685147,False,False
2020-10-14,390.1626281738281,406.7999877929688,409.25,389.0,394.3500061035156,23368177,0.026624574871845663,0.06311248995607599,0.09487283315331885,0.0739176370177268,371.55,373.09100158691416,399.8479995727539,0.09487279718199115,0.09035057415664283,0.017386577468546216,0.026144575089659942,0.02231591506889457,26513320.4,0.8813749710504009,False,False
2020-10-15,375.0088195800781,391.0,409.8999938964844,389.1499938964844,406.8999938964844,34234586,-0.038839695838461585,0.00903225806451613,0.04350143384559746,0.02597741731285952,372.36499938964846,373.8670013427735,399.0559994506836,0.050044984466576015,0.04582645324591894,-0.020187641488344954,0.027883819809033303,0.022903252721342242,27121618.6,1.262261906448312,False,False
2020-10-16,379.9002380371094,396.1000061035156,401.2999877929688,390.5,394.0,25339096,0.013043493870883882,-0.013449548932713218,0.07344175095803696,0.009815184457656168,373.7199996948242,374.6140014648438,398.316749420166,0.059884422634503665,0.057355049610147146,-0.005565277683846626,0.02765390646269474,0.02265474563757012,27184326.6,0.9321215262326932,False,False
2020-10-19,400.0413818359375,417.1000061035156,418.75,401.1499938964844,402.0499877929688,41072871,0.053016914103535484,0.0322980292162105,0.1286700578574651,0.09245683457090181,376.0975006103516,375.7970013427735,397.70774932861326,0.10902094650090177,0.10990775501976047,0.04876006768195795,0.02973779290630796,0.023365157501919528,25329644.75,1.6215336379717682,True,False
2020-10-20,397.64361572265625,414.6000061035156,416.8999938964844,411.0,413.5,26158669,-0.005993766395149702,0.04630916366817828,0.1822069907963444,0.15648537267368368,379.2925003051758,376.81800170898447,397.09699935913085,0.09308780366058311,0.10026592207160556,0.04407740872540611,0.026705784796393895,0.02189307695321084,25190954.1,1.0384151745963444,True,False
2020-10-21,403.1104431152344,420.2999877929688,428.5,410.2999877929688,416.0,43124966,0.013748146660736094,0.03318584170378713,0.18594806724441693,0.19369491765757796,382.5875,377.8770013427735,396.495499420166,0.0985721901342016,0.11226665369801969,0.06003722213143514,0.026726745145082144,0.02177098009299647,25917537.8,1.6639298969209952,True,False
2020-10-22,396.0131530761719,412.8999938964844,419.6499938964844,407.6499938964844,416.3999938964844,33088074,-0.017606457557475585,0.05601021456901378,0.17351140183015268,0.17618575204164832,385.63999938964844,378.7980010986329,395.8657495117188,0.07068767386676766,0.09002685520764375,0.0430303566443333,0.027154740043838322,0.02192256793189069,26434934.35,1.2516798249585968,True,False
2020-10-23,399.89752197265625,416.9500122070313,420.5,411.75,417.0,22151463,0.009808714871432755,0.05263823726896577,0.24203156701076312,0.20872589491832594,389.70249938964844,379.77600158691416,395.32199951171873,0.06991875304894868,0.09788404339606394,0.054709863660576286,0.023963323587175123,0.021775901088290084,26250483.9,0.8438497013763621,True,False
2020-10-26,387.9087219238281,404.4500122070313,419.1499938964844,401.4500122070313,418.0499877929688,21712057,-0.029979612984861292,-0.03032844332623874,0.1600459466152011,0.16623421696450058,392.4925003051758,380.6370019531251,394.7297494506836,0.03046558059722959,0.06256094423746728,0.024625108114791683,0.024727314295112438,0.022195799954800383,26174506.75,0.82951160101613,True,False
2020-10-27,393.1838073730469,409.9500122070313,412.3999938964844,393.25,406.3500061035156,33571163,0.013598713892941205,-0.011215614635865068,0.12933887660339205,0.1943190450314094,394.84000091552736,381.6320019531251,394.1497494506836,0.03826869429760893,0.07420239945544305,0.040086953698101,0.02350458734606039,0.022171651934689122,26928285.3,1.2466877346995429,True,False
2020-10-28,379.8522644042969,396.0499877929688,409.8999938964844,394.7999877929688,409.8999938964844,28145103,-0.033906632516558566,-0.05769688485440794,0.10922840311820359,0.12834754356971168,396.7900009155274,382.16200195312507,393.3984994506836,-0.0018649994224932964,0.03634057224126441,0.006739955403967324,0.02469320323055195,0.022531413057231706,27481498.05,1.0241473353742445,True,False
2020-10-29,383.5448303222656,399.8999938964844,402.8999938964844,389.6499938964844,392.25,32615425,0.009721010534478491,-0.0314846214390091,0.1272727100676092,0.13543435558262829,399.0475006103516,382.67100158691414,392.69674942016604,0.0021363203248456752,0.04502298903790103,0.01834302037629354,0.024546364998120566,0.022551566694368735,28134016.4,1.1592879074315177,True,False
2020-10-30,376.5434265136719,392.6000061035156,402.7000122070313,388.0499877929688,399.3999938964844,27225165,-0.01825453339431249,-0.05840030073299285,0.06338026306283706,0.09435541771014799,400.2175003051758,383.16800170898443,391.9667495727539,-0.019033386085944848,0.024615845666817515,0.0016155873717655922,0.023720424679957088,0.02260387835402471,28333418.55,0.9608852864667825,True,False
2020-11-02,400.3770751953125,417.4500122070313,422.7999877929688,407.0,417.0,72698777,0.06329599011000409,0.03214241465604295,0.11886895035646527,0.16622432733871917,402.4350006103516,384.09400207519536,391.3659997558594,0.03731040186342449,0.08684335072044602,0.06664864210852128,0.027235409767554696,0.02395087053360192,30641852.15,2.3725320729347623,True,False
2020-11-03,425.6973876953125,443.8500061035156,446.8999938964844,424.2000122070313,425.0,61813071,0.06324109024912761,0.0826929939920682,0.16618496843323038,0.2208775161788077,405.59750061035163,385.3640020751954,390.9072499084473,0.09431149214578705,0.15176820801468627,0.13543559554719908,0.029982339712479295,0.025140583853970243,32827824.25,1.88294754258653,True,False
2020-11-04,419.1754760742188,437.0499877929688,442.0,425.2999877929688,437.2999877929688,43426662,-0.015320532200152503,0.10352228573084155,0.1421664569820975,0.1897372547472136,408.3175003051758,386.37800170898447,390.4067497253418,0.07036800398297482,0.1311461466746493,0.11947344173849794,0.030436434126865513,0.025242196114673942,33906870.2,1.2807629174809534,True,False
2020-11-05,420.5661926269531,438.5,446.25,435.6000061035156,445.0,30129938,0.0033177262270467356,0.09652414776857277,0.13161290322580643,0.1953114153043427,410.8675003051758,387.36100158691414,389.93899978637694,0.06725404096040677,0.13201896474756913,0.12453486376132306,0.030418180480668806,0.025235058155199844,34359092.1,0.8769131009721878,True,False
2020-11-06,424.6902770996094,442.7999877929688,444.8999938964844,436.2000122070313,439.8500061035156,27831424,0.009806129516462425,0.12786546334443294,0.10286422862507805,0.2030974119799387,412.93249969482423,388.37300109863287,389.47874984741213,0.07233019469336521,0.14014101531355783,0.13690410058686542,0.02963420637633992,0.025249078518427705,33668601.45,0.8266284550408611,True,False
2020-11-09,443.77642822265625,462.7000122070313,464.6000061035156,449.0,450.0,40995422,0.044941339120738055,0.10839621194587146,0.14515536737032209,0.28029889325222923,415.86500091552733,389.4330010986329,389.1369999694824,0.1126207090964535,0.18813765372144697,0.18904142305490867,0.030932854696929708,0.025648316219275148,34431244.35,1.1906459604908237,True,True
2020-11-10,464.0614318847656,483.8500061035156,487.0499877929688,473.0,485.7999877929688,57535138,0.0457099488621171,0.09012053497791572,0.22107257060824126,0.3432814816936052,420.2450012207031,391.2180010986329,388.94200012207034,0.15135219859381177,0.23677848346637953,0.2440158325705586,0.031408130405879066,0.026172328550099776,36311862.35,1.5844722434072567,True,True
2020-11-11,466.6510314941406,486.5499877929688,490.5499877929688,472.1000061035156,484.75,45609279,0.005580203896650371,0.11325935564022527,0.19604228710200178,0.3166012822750961,424.2325012207031,393.13000061035166,388.73625,0.1468946542119025,0.23763128491231522,0.251619800810881,0.031191213266879486,0.026031095059074402,37423917.45,1.2187200621350236,True,True
2020-11-12,457.2038269042969,476.7000122070313,483.5499877929688,471.3500061035156,481.6000061035156,31071572,-0.02024452950994371,0.08711519317452976,0.21918161689777826,0.27306715627362976,428.5175018310547,394.8160009765626,388.4505001831055,0.11244000576427515,0.2073979044109957,0.22718341714665646,0.029927683711363968,0.026208044394199503,37265766.75,0.8337832469259471,True,True
2020-11-13,465.69189453125,485.5499877929688,487.1000061035156,467.5499877929688,472.7000122070313,34815091,0.018565083615089017,0.09654471810868204,0.22582676170440807,0.320326275439752,432.99000091552733,396.87200073242195,388.19200012207034,0.12138845415900379,0.22344228591811177,0.25079854206239016,0.029979008541648755,0.026105633925337025,37739566.5,0.9225090330595079,True,True
2020-11-14,466.9866943359375,486.8999938964844,489.8500061035156,484.6499938964844,489.8500061035156,3636073,0.0027803648181559115,0.052301666416695536,0.16734592848614294,0.3118685219008337,436.4800003051758,399.15900085449226,387.9855000305176,0.11551501456207891,0.21981464242109583,0.2549437900596454,0.028300171202224004,0.026101050452734684,35867726.6,0.1013745041761303,True,True
2020-11-17,466.5071411132813,486.3999938964844,493.0,478.1499938964844,490.5,36127378,-0.0010269049214781667,0.005270203081124247,0.17317893568733345,0.27882210093643667,440.0699996948242,401.41900085449225,387.7845001220703,0.10527869255752198,0.21170147118371285,0.2543048877491776,0.028191194265353662,0.025979595312057256,36366162.05,0.9934338946828732,True,True
2020-11-18,477.2970275878906,497.6499938964844,499.0,486.25,488.0,29156543,0.02312911213233737,0.022813701329777336,0.18403523280999146,0.2880807196445285,443.9375,403.85800048828133,387.61175003051756,0.1209911167596438,0.2322400281653565,0.28388779199109226,0.02836257729210169,0.026051243295784617,35667740.9,0.8174485477435999,True,True
2020-11-19,459.16998291015625,478.75,493.3500061035156,475.7999877929688,490.0,31896908,-0.037978487146160256,0.004300372856039347,0.15948173184043313,0.22961343905235698,447.2300003051758,406.081000366211,387.37724990844725,0.07047827666595707,0.17895198142305313,0.23587536468170955,0.029697430658254514,0.026618999220851224,35608182.6,0.8957746694997009,True,True
2020-11-20,460.5607299804688,480.2000122070313,483.4500122070313,468.1000061035156,479.5,30089190,0.003028746124347448,-0.01101838270093547,0.15169684170339837,0.22437531173137049,450.3925003051759,408.271000366211,387.20050003051756,0.06618119058745098,0.17617957625278646,0.24018438036413658,0.029712458469303874,0.026615138113668918,36005068.95,0.8356931642537515,True,True
2020-11-23,449.0994567871094,468.25,483.3500061035156,466.5,481.7999877929688,29513544,-0.024885489177953635,-0.038303541035676014,0.15774505097631342,0.14290941188300965,453.5824996948243,410.226000366211,386.88775009155273,0.0323370066416675,0.14144398351638032,0.21029936949203942,0.029394389403288174,0.026315967720100777,36395143.3,0.8109198460004415,True,True
2020-11-24,458.6425476074219,478.2000122070313,480.0,471.2000122070313,474.0,23135994,0.021249358690937026,-0.016858515198086566,0.16648371256916228,0.21186012369595564,456.9949996948243,412.516000366211,386.5832502746582,0.04640097271604171,0.15922779184930835,0.23699102810916295,0.029523938376345513,0.025906557122263845,35873384.85,0.6449347920955945,True,True
2020-11-25,453.367431640625,472.7000122070313,489.9500122070313,471.1000061035156,485.0,34168305,-0.01150146352907,-0.05013560131710337,0.1935362372845988,0.2091060172590773,460.8275009155274,414.53900085449226,386.2387504577637,0.025763460878347688,0.14030286953133797,0.22385444662607057,0.02824188592271675,0.02592701392760691,36174544.95,0.944540008650475,True,True
2020-11-26,455.8611145019531,475.2999877929688,477.2000122070313,465.7999877929688,475.1000061035156,28707911,0.005500265535848481,-0.0072062918162530964,0.18854712439931176,0.21126400404163492,464.59750061035163,416.5510003662109,385.93300033569335,0.0230360412368924,0.1410367214941477,0.2315608859038798,0.02825400882676469,0.025928292273750188,35979169.25,0.7979036647712482,True,True
2020-11-27,453.9908752441406,473.3500061035156,479.5499877929688,471.2999877929688,476.3999938964844,48390771,-0.004102633577812265,-0.014264901977058653,0.20568007831031188,0.23670804991120997,468.63500061035165,418.63800048828125,385.63000030517577,0.010061146706974888,0.1306904904748749,0.2274719439071673,0.02770618961659295,0.025685447621803578,37037449.55,1.306536264995061,True,True
2020-12-01,465.2602844238281,485.1000061035156,488.5,474.2999877929688,479.7000122070313,20120049,0.02482306929014899,0.03598506375550592,0.16205531660862382,0.302107158766282,472.0175003051759,420.94900085449217,385.35675033569333,0.027716145672314063,0.15239614565850523,0.2588335501608148,0.02499617891216386,0.025507826620486874,34408513.15,0.584740436539322,True,True
2020-12-02,460.8004760742188,480.4500122070313,487.0,472.2000122070313,486.3500061035156,21244707,-0.009585639740214869,0.004705144170983111,0.08246030325609532,0.2866899305312356,473.84750061035163,423.5440008544922,385.0125004577637,0.013933832273411051,0.134356787577518,0.24788159250880537,0.02156897075550613,0.025573037330839384,32380094.95,0.6561039129997981,True,True
2020-12-03,462.1432189941406,481.8500061035156,485.0,478.8500061035156,482.1000061035156,22701738,0.0029139220749587746,0.019356872562289684,0.10250547891965311,0.28253923462208963,476.087501525879,426.09300109863284,384.71675048828126,0.01210387703766136,0.13085642069013015,0.2524799231953201,0.02108074497479955,0.025572963357015036,31343848.75,0.7242804858162162,True,True
2020-12-04,481.5170593261719,502.0499877929688,504.0,483.0,483.7000122070313,39547014,0.04192172135225336,0.056280245501819204,0.14492585585625717,0.3657507602205867,479.2650009155274,429.09700073242186,384.49800048828126,0.04754152052396021,0.1700151409495385,0.30572847493460586,0.02262000736026738,0.025789844304784367,31814702.55,1.2430420789836993,True,True
2020-12-07,489.5735473632813,510.4500122070313,515.5999755859375,504.1499938964844,505.0,37778332,0.016731450290417005,0.07837753380191659,0.15277783712517246,0.3769894669492251,482.64750213623057,432.59200073242187,384.3422506713867,0.05760417270936857,0.17998023852218248,0.3281131890010889,0.022717517543858087,0.025827881649411973,32312047.95,1.1691716990039933,True,True
2020-12-08,487.6073913574219,508.3999938964844,512.0,505.3999938964844,511.5,19339943,-0.004016100032368075,0.048031307977342674,0.09876805810198475,0.37219971362074045,484.9325012207032,435.78700073242186,384.17825057983396,0.04839331786734702,0.16662496366808277,0.32334402879175106,0.021031998532461307,0.025845945506381373,31229274.0,0.6192889082211773,True,True
2020-12-09,490.5805969238281,511.5,515.0,506.0499877929688,510.0,21272782,0.0060975730541548145,0.06462688522024407,0.05714579631640815,0.4063788364924099,486.31500091552743,438.7570007324219,384.01175064086914,0.05178741975275236,0.16579336431361202,0.3319904902554893,0.018728566094593044,0.025653691014228295,29416156.2,0.7231666114147164,True,True
2020-12-10,486.2167053222656,506.9500122070313,514.4000244140625,498.75,508.1000061035156,20419020,-0.008895381804435387,0.05209091166458024,0.04192791064819201,0.3644194021330682,487.33500213623057,441.75500122070315,383.8115007019043,0.04024954083909105,0.14758182885575621,0.32083069756881843,0.018900449790197203,0.025642071949880118,28156643.25,0.7251936894146641,True,True
2020-12-11,494.3690490722656,515.4500122070312,516.9000244140625,506.1000061035156,509.25,25335765,0.016766939136651393,0.02669061794617189,0.08128801973508404,0.3756338281682041,489.27250213623057,444.96900146484376,383.73950088500976,0.05350292517259003,0.1583953275625114,0.34322896396711955,0.018389633659561828,0.025680614986819488,27869852.9,0.9090742276576567,True,True
2020-12-14,504.2957458496094,525.7999877929688,527.7999877929688,518.0999755859375,518.0999755859375,26369591,0.02007949430754974,0.030071456986686673,0.08289568738937336,0.4249322162411078,491.28500213623045,448.1010009765625,383.71375076293947,0.07025450707157455,0.17339614650954593,0.37029227320500935,0.018455434502909387,0.02559868402061523,27447577.9,0.9607256092349046,True,True
2020-12-15,496.8626708984375,518.0499877929688,524.25,513.0999755859375,524.0,26969145,-0.014739444997955209,0.0189811054530602,0.06397616407263063,0.40184008904146795,492.8425018310547,451.00000061035155,383.6855006408691,0.05114714308985291,0.1486695944387506,0.3501943308456299,0.01893353839915594,0.025735104819607876,28614231.5,0.9425081012572363,True,True
2020-12-16,491.4917297363281,512.4500122070312,521.7000122070312,511.1000061035156,520.0499877929688,24263586,-0.01080972052483753,0.001857306367607503,0.05355678173814038,0.46122040025625366,494.145002746582,453.6370007324219,383.6710008239746,0.03704380163455134,0.1296477390064137,0.3356495828626347,0.019175362934518138,0.024730293032851316,28021041.9,0.8659059176525481,True,True
2020-12-17,489.5256042480469,510.3999938964844,516.5,509.1000061035156,514.0,23883288,-0.004000425918067263,0.0068053685893672,0.02562041626921463,0.4401805944882877,494.78250274658205,456.1920007324219,383.736750793457,0.03156435618318798,0.11882714531826699,0.33007847916865996,0.018611865039752665,0.02476261177225537,27757379.15,0.8604302254523191,True,True
2020-12-18,495.99951171875,517.1500244140625,518.25,509.1499938964844,514.0,21735833,0.013224981579735617,0.0032981126525775117,0.08020892828002602,0.46980251653573935,496.70250396728517,458.7850012207031,383.79200088500977,0.04116653385770741,0.12721650236617532,0.3474747342871509,0.01628147697792079,0.02471291763812701,27249325.4,0.797664994671758,True,True
2020-12-21,474.27587890625,494.5,514.7000122070312,488.2000122070313,514.5999755859375,29157759,-0.043797782741527014,-0.05952831593692043,0.029779232464499428,0.4730413524531969,497.4175033569336,460.64500122070314,383.6907508850098,-0.005865300953915353,0.07349477078787703,0.2887983326660881,0.019479761510963093,0.024638396118802017,27202753.85,1.0718679131083635,True,True
2020-12-22,479.838623046875,500.2999877929688,501.7999877929688,489.1000061035156,497.2999877929688,32328041,0.011728994525720626,-0.03426310282453571,0.06844631669614265,0.43496342048269176,499.020002746582,462.57000122070315,383.650500793457,0.002564997473732067,0.08156600400522684,0.30405143941754287,0.018553303926424063,0.024292372497903638,27343478.7,1.1822943728078024,True,True
2020-12-23,483.0036926269531,503.6000061035156,505.5,496.5499877929688,499.0,19205951,0.00659607913464999,-0.017269989057859925,0.05311583698891176,0.3873278405055527,500.2900024414063,464.7170013427734,383.6460008239746,0.0066161699133633345,0.08367028675170474,0.3126684626502301,0.018098392915935516,0.023858261005251787,27146976.55,0.7074802958121684,True,True
2020-12-24,492.5467529296875,513.5499877929688,515.9500122070312,505.1000061035156,506.75,17576807,0.0197577076426958,0.006171618209547258,0.08641839333832335,0.43831397661535476,502.33250122070314,466.85200134277346,383.78200073242186,0.02233079990843989,0.10002738837122083,0.33812942455063943,0.01815283969874603,0.023745863058731193,26317401.65,0.6678777500057648,True,True
2020-12-28,498.828857421875,520.0999755859375,521.2000122070312,513.5999755859375,515.9000244140625,14470472,0.012754333460542,0.00570424641324796,0.09425623594268351,0.46610282053823116,504.57250061035154,469.4340008544922,384.09375061035155,0.030773526018170516,0.10792992122262146,0.35409642765460947,0.018250088292783247,0.023699855672516666,25605529.7,0.5651307420521748,True,True
2020-12-29,507.1730346679688,528.7999877929688,530.7999877929688,517.8499755859375,522.5499877929688,19092649,0.01672757664952762,0.06936296823653954,0.11714372235019455,0.4322859434155184,507.3449996948242,472.08800048828124,384.409500579834,0.042288754419675056,0.12013011821107544,0.37561633361126523,0.018317201508085225,0.023314582234149756,24140623.6,0.7908929494265425,True,True
2020-12-30,507.1250305175781,528.75,533.0,524.5499877929688,531.6500244140625,21365141,-9.453062428643744e-05,0.05686590625863497,0.08998143341018605,0.417180357411465,509.5274993896484,474.3210003662109,384.92500061035156,0.03772612986223067,0.11475140167052666,0.37364421422769145,0.017788840503178315,0.02332192279343921,24202878.2,0.8827520769823153,True,True
2020-12-31,513.16748046875,535.0499877929688,538.5,526.5,530.0999755859375,27817770,0.011914870530437272,0.062450320310338814,0.11364340555456098,0.4058065665071109,512.2574981689453,476.73,385.36425048828124,0.0444942039999312,0.1223333706562808,0.3884266304282924,0.017542801523242963,0.02326244689411973,24531531.35,1.1339597843735914,True,True
2021-01-01,505.92626953125,527.5,537.0,526.0999755859375,535.5499877929688,13592625,-0.01411080827066602,0.027163883825570334,0.09473901280116914,0.3785443836769036,514.5399978637695,478.87400024414063,385.9872505187988,0.025187550414033755,0.10154236757700086,0.36662545016965287,0.01808186023219473,0.023406282259488213,24076075.7,0.5645697899180472,True,True
2021-01-04,509.9544982910156,531.7000122070312,535.0,524.2999877929688,532.2999877929688,16549750,0.007962108449348415,0.02230347465028304,0.05905791282737627,0.3721290637600807,516.0224990844727,481.25000061035155,386.809500579834,0.030381452650560137,0.10483119279521214,0.3745784718576042,0.015859730555376282,0.02339014897313496,22926212.5,0.7218702173331073,True,True
2021-01-05,515.2775268554688,537.25,539.9500122070312,523.0,526.6500244140625,23311516,0.010438193841544763,0.015979599852675275,0.05250266853181884,0.338107098381071,517.3624984741211,483.65600036621095,387.72050064086915,0.03844016832401631,0.11081016175382752,0.38566312359540245,0.015633646116892674,0.02305366882230584,22202871.7,1.049932473374604,True,True
2021-01-06,524.3409423828125,546.7000122070312,550.5999755859375,535.8499755859375,538.75,28178838,0.01758959926855508,0.033948013630319185,0.07533441929652174,0.3530504361434479,519.2774993896485,486.5010003662109,388.7612507629394,0.052808975643302114,0.12373872159667876,0.4062615837718879,0.015891007318956398,0.02310938767008822,22644816.45,1.2443835904883214,True,True
2021-01-07,518.9700317382812,541.0999755859375,554.4000244140625,539.75,552.1500244140625,21138034,-0.010243344605913474,0.01130733189608013,0.05786896497739491,0.3655519888604102,520.7574981689453,489.1239996337891,389.73825057983396,0.03906324438633946,0.10626339331348134,0.3883676410537451,0.016181894582726484,0.02297500690971662,22638079.05,0.9337379710227666,True,True
2021-01-08,519.8811645507812,542.0499877929688,547.0999755859375,536.3499755859375,547.0,21937965,0.0017557055071062422,0.02758291524733414,0.06923754757027822,0.33247296966201545,522.5124969482422,492.04399963378904,391.0285005187988,0.03739143266206302,0.10162909860987512,0.3862160611663894,0.015945337354180456,0.022810511863486822,22714026.3,0.9658333890367997,True,True
2021-01-11,522.4227294921875,544.7000122070312,546.0,535.0,545.1500244140625,19394393,0.004888893042600095,0.024449877189278935,0.056746530812481044,0.393094660376039,523.9749969482422,494.94,392.26950057983396,0.039553443159495494,0.10053746354513926,0.3885861924056848,0.015642539094621696,0.022071070252989735,22416957.7,0.8651661505343341,True,True
2021-01-12,525.5877685546875,548.0,550.6500244140625,537.0999755859375,541.0,16388310,0.006058358213721693,0.020009306654257708,0.04222140114573825,0.3834889966065471,525.0849975585937,498.04799987792967,393.42500061035156,0.04364055828665947,0.10029555411187974,0.39289572129336947,0.015137219414955756,0.0220505082912706,21917893.65,0.7477137293254456,True,True
2021-01-13,533.7401123046875,556.5,561.0,548.25,551.5,21920297,0.015510948905109512,0.017925713506766083,0.07422066038615038,0.33421239956033033,527.0074981689453,500.82899963378907,394.5562506103516,0.0559622053453217,0.11115770134500624,0.41044527653314966,0.014866530791424741,0.021200529349588354,21665451.25,1.0117627713846948,True,True
2021-01-14,530.6709594726562,553.2999877929688,558.4500122070312,550.5999755859375,554.0499877929688,13330898,-0.0057502465535153036,0.022546687779499974,0.0797150446147985,0.3345392659131392,529.0499969482422,503.01799926757815,395.62350051879883,0.04583686038107837,0.09996061492551744,0.3985518733528257,0.01464821039327049,0.02119840517423612,21118816.85,0.6312331838798062,True,True
2021-01-15,520.7922973632812,543.0,551.0,541.5,550.0,15708956,-0.018615557600233923,0.001752628407758694,0.06387148607632498,0.2919343701420014,530.6799972534179,505.1369995117187,396.7715005493164,0.023215502393806764,0.0749559040911294,0.36854587400616046,0.01541020942484601,0.021384011984898574,20710100.25,0.7585166566250687,True,True
2021-01-18,511.3451843261719,533.1500244140625,548.4000244140625,528.9000244140625,544.5,21580313,-0.018139918206146355,-0.021204309774420893,0.03093879772727104,0.29123282222117264,531.479997253418,507.03,397.81850067138674,0.003142220157437592,0.05151573755805883,0.34018408775429165,0.01592523518019104,0.02139346832184319,20702324.25,1.0424101535362629,True,True
2021-01-19,524.1012573242188,546.4500122070312,547.75,533.9000244140625,539.0,20575358,0.024946051174968176,-0.002828444877680192,0.10505563641462334,0.310588790523163,534.0774978637695,509.1030004882812,398.99500076293947,0.023166140481016173,0.07335845925663453,0.3695660626377153,0.012690737599657569,0.021545943111784482,20273204.2,1.0149040969063983,True,True
2021-01-20,528.465087890625,551.0,554.5999755859375,546.0,546.4500122070312,16097138,0.008326448332560243,-0.009883198562443796,0.10133922335415191,0.3623438827292016,536.6124984741211,510.86900024414064,400.316750793457,0.026811715282052395,0.07855438426814132,0.37641005255932414,0.012619572417921783,0.021061678249182182,19461659.05,0.8271205429426121,True,True
2021-01-21,530.0955200195312,552.7000122070312,561.0,549.7000122070312,555.0,18189277,0.0030853216098569725,-0.001084358574325539,0.09749802523517648,0.3482131863626068,539.0674987792969,512.246000366211,401.4497508239746,0.025289065763758334,0.07897379737840637,0.3767601326756731,0.012619355041347124,0.021035883514971643,19410825.35,0.9370687063546218,True,True
2021-01-22,511.968505859375,533.7999877929688,553.5,530.5999755859375,553.0999755859375,24515997,-0.03419580965556934,-0.016942932241309827,0.039431409758232894,0.34780963071764415,540.0799987792968,513.1910003662109,402.5240007019043,-0.011627927345064348,0.04015851293582973,0.3261320737698894,0.014815398029907766,0.021045028134968616,19757784.85,1.2408272074083244,True,True
2021-01-25,516.0447387695312,538.0499877929688,542.2999877929688,531.2000122070312,536.5499877929688,23415249,0.007961783621561969,0.009190590180111702,0.034512618822581276,0.3454613553513708,540.9774993896484,514.4179998779297,403.500750579834,-0.00541152192093497,0.04593927102210049,0.33345473836117123,0.014671042794220927,0.021039851173065175,20205023.7,1.1588825307836685,True,True
2021-01-27,500.98681640625,522.3499755859375,539.2000122070312,519.0999755859375,537.7999877929688,28049286,-0.029179467639115164,-0.04410291167120162,-0.012197451505154944,0.33048896450656473,540.6549987792969,515.1539996337891,404.45925048828127,-0.033857123738222805,0.013968591833245725,0.2914773860539308,0.015763288941516504,0.021291800366780664,20652855.55,1.3581311277800516,True,True
2021-01-28,506.6455383300781,528.25,529.8499755859375,512.0,514.5999755859375,29836591,0.011295155910449273,-0.041288566243194214,-0.0009456264775413725,0.26542097150069854,540.6299987792969,515.9809997558593,405.4637504577637,-0.02289920797449274,0.023778007814136304,0.30282916636471713,0.015982713762628113,0.019890518309646305,21076428.05,1.4156379311151825,True,True
2021-01-29,515.0377197265625,537.0,544.9500122070312,529.4500122070312,533.3499755859375,33172808,0.016564126833885418,-0.028406028334137856,0.0036445421017106128,0.20986818207851887,540.7274993896484,516.9929998779297,406.43875045776366,-0.006893489592920354,0.0386987834009247,0.3212322875099578,0.016196368066623845,0.01839583360104506,21344179.95,1.5541851726189182,True,True
2021-02-01,579.105712890625,603.7999877929688,609.4500122070312,551.0,552.0,69354326,0.1243947631153981,0.13113525964925477,0.14464452662174176,0.3815353041011631,544.5424987792969,519.1159997558593,407.5800004577637,0.10882068735959005,0.16313114617337243,0.4814269275107348,0.03180096826020887,0.02398617327450109,24132265.0,2.8739252614704838,True,True
2021-02-02,592.1015014648438,617.3499755859375,624.0,598.7000122070312,613.0,42362384,0.022441185933933516,0.1473840527684982,0.1610870066061918,0.40786767522448697,548.8249969482422,521.8879992675782,408.86025039672853,0.12485761220558556,0.18291659599824373,0.5099290649724584,0.03198273808297571,0.02408118341015227,25422896.7,1.6663083086043458,True,True
2021-02-03,596.8970336914062,622.3499755859375,627.5,614.0,623.4000244140625,27155908,0.008099133713019846,0.19144252833136766,0.15839921002501156,0.4054877884886423,553.0799957275391,524.7309985351562,410.3127502441406,0.12524405220492296,0.18603623060824548,0.5167697694396103,0.03197746218069591,0.02407761131636309,25615116.3,1.0601516574023908,True,True
2021-02-04,602.6036987304688,628.2999877929688,631.6500244140625,609.0,618.7999877929688,29982222,0.0095605566649688,0.18939893571787736,0.14925914352282144,0.3578992245883952,557.1599945068359,527.9319982910156,411.7745001220703,0.1276832399804686,0.19011537437938486,0.5258351053955734,0.031898919715011756,0.023533997201411916,25705285.5,1.166383543960249,True,True
2021-02-05,589.0324096679688,614.1500244140625,635.2999877929688,611.0,628.2999877929688,32015570,-0.022521030803471564,0.14366857432786317,0.13500286846071607,0.2692983707076162,560.8124969482421,530.6509985351563,413.08050018310547,0.09510759434938709,0.15735205645405803,0.4867562718206966,0.03237174045441478,0.02319807392216741,26249162.3,1.2196796847875027,True,True
2021-02-08,603.8505249023438,629.5999755859375,633.9500122070312,622.3499755859375,622.3499755859375,18230551,0.02515664016559338,0.042729361236448105,0.16151644638798102,0.2940088200224922,565.1899963378906,533.7889978027343,414.55425003051755,0.11396164062596092,0.1794922304086357,0.5187396475602151,0.032600988795611435,0.023354404716517393,26063791.6,0.6994588999092518,True,True
2021-02-09,607.4471435546875,633.3499755859375,643.2000122070312,628.5999755859375,631.3499755859375,27155615,0.005956162873910653,0.025917227881663285,0.1627500668114763,0.3286132984424446,569.6224945068359,536.9499975585937,415.9814999389648,0.11187669323746618,0.17953250482476113,0.5225436123454197,0.03259651118984058,0.023126495679342822,26451852.7,1.026605406735839,True,True
2021-02-10,606.2963256835938,632.1500244140625,638.2000122070312,626.4000244140625,633.3499755859375,23967387,-0.001894609959943394,0.015746845364456474,0.15355843871179298,0.30192573433572356,573.8299957275391,540.1259979248047,417.3430000305176,0.10163293853710353,0.17037511033132913,0.5147013951781567,0.03267048268386098,0.023073891618716928,26830806.55,0.893278662918167,True,True
2021-02-11,604.8576049804688,630.6500244140625,633.5999755859375,624.0999755859375,626.75,16072702,-0.002372854452375228,0.003740309830895905,0.13324352994440702,0.2952352276022816,577.5374969482422,543.0369982910156,418.64400009155275,0.09196377334194139,0.16133896290450322,0.5064112331148813,0.03268874169612202,0.023090593528949335,26538426.8,0.6056388391492746,True,True
2021-02-12,621.1143188476562,647.5999755859375,649.9000244140625,629.4000244140625,629.9000244140625,19049709,0.026876953168476048,0.05446543978206031,0.1704319354300321,0.3314144401978749,582.2524963378906,546.3799975585938,419.98125,0.11223220107952048,0.18525564347089563,0.54197354188059,0.032845531418279304,0.023256270395481785,26824367.35,0.710164334966133,True,True
2021-02-15,646.3867797851562,673.9500122070312,676.7999877929688,652.0,655.0,27155194,0.040688754809251826,0.07044161108776947,0.2411602434751956,0.35426508685383173,588.7999969482422,550.2219976806641,421.66075012207034,0.14461619514287127,0.22486926194865786,0.5983228508034562,0.032956219015036335,0.02359577706017778,27396679.25,0.9911856014447444,True,True
2021-02-16,631.4246826171875,658.3499755859375,679.4000244140625,649.5499877929688,673.4000244140625,24966739,-0.02314717165744562,0.03947264697827069,0.23483062072344651,0.37514355213772843,595.0599945068359,553.3479974365234,423.2982499694824,0.10635899180477426,0.18975758227345763,0.5552863155786756,0.033210101285266046,0.023208877735473473,27566000.55,0.9057077015838628,True,True
2021-02-17,630.465576171875,657.3499755859375,664.9500122070312,649.3499755859375,654.7999877929688,21684753,-0.0015189489436981951,0.03986387755854759,0.20294621813804636,0.36890870236490225,600.6049926757812,556.2859967041015,424.8779998779297,0.09447970563372987,0.1816762950723596,0.5471499483964775,0.03315666325749769,0.023224769784188824,27621470.3,0.7850687441500896,True,True
2021-02-18,618.2850341796875,644.6500244140625,652.4000244140625,637.5999755859375,650.0,27845347,-0.019319923394771177,0.022199317304407273,0.16996374666798997,0.3767218887646824,605.2874938964844,559.0109973144531,426.4175,0.06503113134584249,0.15319739237873353,0.5117813514080976,0.03379063663278342,0.023112179733608983,28208880.75,0.9871127907121944,True,True
2021-02-19,598.5274658203125,624.0499877929688,635.5,619.0,635.5,24055811,-0.03195538019224864,-0.03636502266952857,0.12909349377617008,0.30499784998498347,608.8549926757812,561.2619970703125,427.8492498779297,0.024956673263709206,0.11186930711574683,0.45857445810882536,0.0349684150466214,0.0235185304216912,28502207.45,0.8439981724994426,True,True
2021-02-22,584.9082641601562,609.8499755859375,629.2999877929688,607.2999877929688,622.0,27092321,-0.02275460697828291,-0.09511096588778278,0.14246906993648012,0.29014165398167546,612.6574920654297,563.3199963378906,429.2977497863769,-0.004582522071226558,0.08259955185424883,0.42057575631226873,0.03435330558368518,0.023694214773645337,28631023.65,0.9462575048377637,True,True
2021-02-23,591.094482421875,616.2999877929688,623.0499877929688,609.0499877929688,614.75,23534585,0.01057639167868163,-0.06387178454065234,0.14543258391469216,0.29665475199089797,616.5699920654297,565.3369958496094,430.77324966430666,-0.0004379134176745181,0.09014621777364895,0.43068305256475314,0.034361264744457234,0.023706825078887824,28636990.45,0.8218246620953844,True,True
2021-02-24,614.8801879882812,641.0999755859375,645.0,615.0999755859375,615.0999755859375,17762047,0.04024012377767505,-0.024720469466079087,0.227338002393499,0.35438886092617294,622.5074920654297,567.6429956054687,432.2884996032715,0.029867083942748174,0.12940700501750557,0.48303731460425325,0.03398142997090054,0.024118318552909142,28122628.5,0.6315927047857565,True,True
2021-02-25,602.31591796875,628.0,648.4000244140625,626.2999877929688,642.7000122070312,38571809,-0.020433592395577183,-0.02582800555882414,0.1888310459062943,0.2945784211472282,627.4949920654296,569.8419958496094,433.79149963378904,0.0008047999441527232,0.10205987725365806,0.4477001059959995,0.03469121681248198,0.02420638281165429,28559389.4,1.3505824112612157,True,True
2021-02-26,573.3031005859375,597.75,615.0,590.9000244140625,615.0,57349273,-0.048168789808917145,-0.04214404023302998,0.11312849162011163,0.24414608140840843,630.5324920654297,571.5479956054687,435.16674957275393,-0.05199175693237368,0.045843926662316736,0.3736113813540902,0.0369193156449664,0.02508590112652511,29768212.65,1.9265272549038983,True,True
2021-03-01,583.4696044921875,608.3499755859375,611.8499755859375,600.2000122070312,607.5499877929688,21527318,0.01773312519604775,-0.0024596213167981107,0.007535587752494077,0.2625297662759518,630.7599914550781,573.5069952392578,436.71599945068357,-0.03552859435083022,0.06075423776155309,0.39301050648737634,0.024546589418408732,0.025148416171969796,27376862.25,0.7863325535051044,True,True
2021-03-02,585.5316772460938,610.5,616.5,599.0,610.0,24051433,0.003534190022760564,-0.00941098151525055,-0.0110957736402858,0.21601437076770313,630.4174926757812,575.3739947509765,438.2669995117187,-0.03159413072635753,0.06104899694715282,0.3929864687055362,0.02402215294203999,0.02465584826403026,26461314.7,0.9089281191308307,True,True
2021-03-03,606.248291015625,632.0999755859375,633.75,613.8499755859375,618.0,21036174,0.03538079539056094,-0.014038372083502892,0.01566642625930914,0.23831905273726717,630.9049926757813,578.1259942626953,439.89924942016603,0.0018940774348417122,0.09336023956521311,0.4369198774926588,0.025265597365289782,0.024940667906924393,26155328.0,0.8042787305133394,True,True
2021-03-04,595.3624877929688,620.75,630.9000244140625,615.7999877929688,618.75,25057198,-0.017955981686941902,-0.011544585987261158,-0.01201653340705866,0.22098742614538902,630.5274932861328,580.5349945068359,441.4809994506836,-0.015506846870665725,0.06927231928081556,0.4060627768179681,0.025527379258688244,0.02507988146382229,25909076.8,0.9671204494634869,True,True
2021-03-05,584.5245971679688,609.4500122070312,614.7000122070312,601.5,613.2000122070312,26645968,-0.01820376607808094,0.01957342067257417,-0.007652873109490366,0.1914956250381843,630.2924926757812,582.6519946289062,443.07299957275393,-0.03306794973912408,0.04599317916210488,0.37550699951184385,0.025347158209233375,0.025235170154719117,25640596.7,1.0392101366346127,True,True
2021-03-08,583.1818237304688,608.0499877929688,616.0,601.1500244140625,611.5999755859375,19632433,-0.002297193184052193,-0.0004931171283105718,-0.03422806326018868,0.19942789851368947,629.2149932861328,584.5419946289062,444.6497494506836,-0.033637160142398814,0.04021608948555788,0.36748078356987346,0.024642155282914295,0.025195784080402593,25710690.8,0.7635902571703752,True,True
2021-03-09,599.5345458984375,625.0999755859375,628.3499755859375,612.2999877929688,614.8499755859375,23056249,0.02804043768647202,0.023914783924549488,-0.013025973502829302,0.21272666753738512,628.8024932861329,586.6419946289062,446.1809992980957,-0.005888204547100262,0.06555613356892187,0.40100088656690014,0.025472389224802924,0.025339241869011035,25505722.5,0.9039637673467199,True,True
2021-03-10,600.0140380859375,625.5999755859375,630.5,621.7999877929688,628.75,15838994,0.0007998720517168323,-0.010283183437833077,-0.010361541683394204,0.18980599108013774,628.4749908447266,588.5779943847656,447.6747491455078,-0.004574589761996428,0.06290072268140201,0.39744306950535346,0.025470901970752233,0.025247860746870195,25099302.85,0.631053144968128,True,True
2021-03-12,587.7855224609375,612.8499755859375,638.0,608.3499755859375,631.4500122070312,21757862,-0.02038043557795588,-0.01272657980517522,-0.028224923712106498,0.182993900254379,627.5849884033203,590.2599938964844,449.07924896240235,-0.02347891216275122,0.03827123966225421,0.36468112699913746,0.025866480361319714,0.025326197906713012,25383560.85,0.8571635054898138,True,True
2021-03-15,578.8179931640625,603.5,612.8499755859375,590.5999755859375,611.9000244140625,24347946,-0.015256548842966233,-0.009762920810328923,-0.06809755597355693,0.17767584276334114,625.3799896240234,591.628994140625,450.40049896240237,-0.03498671205834014,0.02006494944795323,0.33991858665853236,0.025173336492251647,0.02537408898880704,25648472.7,0.9492941854584581,True,True
2021-03-16,570.61767578125,594.9500122070312,607.0,593.6500244140625,606.8499755859375,17925629,-0.01416733685661764,-0.021544241179062174,-0.1172193761690028,0.1656544265705746,621.4299896240234,592.9779943847657,451.63324905395507,-0.04261136066673099,0.0033256172082938296,0.31732996508402467,0.0230350463475522,0.025455701950560412,25186994.45,0.7117017886189275,True,True
2021-03-17,565.3905029296875,589.5,603.6500244140625,587.0,597.5499877929688,20214082,-0.009160453979677796,-0.05695085102597841,-0.1045795976899071,0.1399013287641453,617.9874908447266,594.133994140625,452.7964990234375,-0.046097196572356336,-0.007799577513365019,0.3019093594393858,0.022695690560070828,0.02546537887821243,24949361.6,0.8102043781352706,True,True
2021-03-18,554.936279296875,578.5999755859375,601.4000244140625,575.5,594.75,22776537,-0.018490287386026316,-0.07512788016971994,-0.11979919818176787,0.17007072919299793,614.0499908447266,594.9609936523437,453.95024887084963,-0.05773148080341439,-0.02749931212459711,0.2745889599689395,0.022864959760597436,0.024888676683604366,25003950.8,0.9109175258815498,True,True
2021-03-19,562.6571044921875,586.6500244140625,588.9000244140625,570.0,575.2000122070312,29162618,0.013912978167641477,-0.042751003044139146,-0.0899712988496627,0.17259651954424293,611.1499908447265,595.7599938964844,455.0974989318848,-0.0400883036859746,-0.015291341439090944,0.2890644879194719,0.02306130092882874,0.024903375551098617,25069814.35,1.1632562408664187,True,True
2021-03-22,549.9968872070312,573.4500122070312,586.8499755859375,569.5,586.8499755859375,21755401,-0.022500659094347175,-0.04979285466937655,-0.0810832089988347,0.1387013607167389,608.6199920654296,596.4069946289062,456.1657490539551,-0.05778643540617945,-0.03849214148831226,0.2571088763159284,0.022559238139826396,0.025113650600788334,24954793.85,0.8717924552199816,True,True
2021-03-23,562.4173583984375,586.4000244140625,589.25,574.2999877929688,576.0,29486417,0.022582634809249935,-0.01437093472988038,-0.03845199985347958,0.14185578493375872,607.4474945068359,597.2939953613281,457.35499923706055,-0.03464903597941593,-0.018238875715928526,0.28215505546516195,0.022849117111418252,0.02514923626577936,25074498.65,1.175952405333536,True,True
2021-03-24,544.2903442382812,567.5,580.5499877929688,565.0,580.0,24434219,-0.032230599637078194,-0.037319762510602206,-0.07918219821442207,0.0911363711576072,605.0074951171875,597.7499951171875,458.42749923706054,-0.0619950916639842,-0.050606433064473766,0.2379274824142612,0.023629184124740944,0.02550682318453749,25119480.35,0.9727199233243692,True,True
2021-03-25,548.1746215820312,571.5499877929688,579.0,557.0999755859375,568.0999755859375,27170186,0.00713654236646466,-0.012184562893956863,-0.10848540078230873,0.08084342092824914,601.529995727539,598.2209948730468,459.5789991760254,-0.049839589293149134,-0.044583870022378846,0.24363817497687013,0.021435742553855542,0.025441437615302202,25589887.3,1.0617548128084175,True,True
2021-03-26,554.8883056640625,578.5499877929688,584.5,574.2999877929688,584.5,20724410,0.012247397689623574,-0.013807272281602612,-0.07874205765450837,0.09418437407653668,599.0574951171875,598.6619946289062,460.7507490539551,-0.0342329534166117,-0.03359492838426181,0.2556680352248739,0.021483524216527706,0.0254773250775581,24697517.35,0.8391292819559452,True,True
2021-03-30,567.2608642578125,591.4500122070312,593.0999755859375,582.0,582.0,28011943,0.022297164784797596,0.03138896088034526,-0.010539502790411936,0.1054107573139238,598.7424957275391,599.4249951171874,462.05249908447263,-0.012179665837225517,-0.013304388330681927,0.28004937399743857,0.019525516697947953,0.02558215049736667,23230650.85,1.205818260576199,False,True
2021-03-31,558.2931518554688,582.0999755859375,589.6500244140625,579.0,586.0,20119972,-0.015808667559585543,-0.00733296154348162,-0.043149504485008094,0.10350706272215637,597.4299957275391,600.2069946289063,463.24824890136716,-0.025659943844856703,-0.030167957396371126,0.25656163183873315,0.01933018094560706,0.025601188074216828,23160283.55,0.8687273606371715,False,True
2021-04-01,570.0901489257812,594.4000244140625,596.0999755859375,580.2000122070312,587.5499877929688,15631940,0.021130474736309468,0.04740092407764318,-0.02637178638155202,0.11792366140216926,596.6249969482421,601.4319946289063,464.5104989624023,-0.003729264689814271,-0.011692045447603161,0.27962667311460154,0.01998589899423301,0.025709761827317764,22739308.9,0.6874412968636879,False,True
2021-04-05,547.886962890625,571.25,592.0,563.5,592.0,23260127,-0.038946876620476134,-0.0005248671146458328,-0.09626637863659371,0.06328524895300136,593.5824981689453,601.9279943847656,465.6067489624023,-0.037623242325768635,-0.050966219665728896,0.2268937279646872,0.01974539168980001,0.026226093723052367,22850506.55,1.017926099323168,False,True
2021-04-06,542.7557373046875,565.9000244140625,578.5,564.4000244140625,574.7000122070312,23284697,-0.009365383957877449,-0.02186494450922527,-0.08836081447593636,0.03511983131209506,590.8399993896485,602.2259948730468,466.6172491455078,-0.04221104698623923,-0.06031949927143565,0.21277133550113314,0.019537921655710843,0.026174058637892423,22761881.5,1.0229689052726156,False,True
2021-04-07,554.0252075195312,577.6500244140625,580.0,559.4000244140625,566.5499877929688,23984399,0.020763384861426815,-0.023332466832612364,-0.05217817237842015,0.06754768153250468,589.25,602.7249951171875,467.6677493286133,-0.01968600014584221,-0.041602672705235544,0.23517181854712121,0.020029165434331905,0.026256216450426972,22628803.05,1.0599057734960489,False,True
2021-04-08,553.1139526367188,576.7000122070312,585.8499755859375,573.2999877929688,582.0,19262565,-0.0016446155403436746,-0.00927669404808118,-0.05155822089517359,0.06392403873145502,587.6825012207031,603.5829956054688,468.67049942016604,-0.01868779313806279,-0.04453900059174232,0.23050205404547142,0.020030018463258283,0.026259149455163368,22610309.65,0.8519372489000832,False,True
2021-04-09,543.0433959960938,566.2000122070312,579.0,565.0,573.9500122070312,23239564,-0.018207039670098957,-0.04744281804972972,-0.09422486910785166,0.03947126770364062,584.7375030517578,604.14599609375,469.7609994506836,-0.0317022437383937,-0.06280929466067398,0.20529378315594293,0.018965783166762288,0.026375617966365696,22619475.4,1.0274139249047307,False,True
2021-04-12,516.5242919921875,538.5499877929688,551.9500122070312,531.1500244140625,551.4000244140625,26601702,-0.04883437622384268,-0.057242909771608286,-0.13914640535501566,-0.01724454782304974,580.3850036621094,604.4699963378906,470.6987493896484,-0.07208149005430942,-0.10905422757835848,0.1441500290606308,0.02130275393937148,0.0271374483726898,23157610.8,1.1487239434907508,False,True
2021-04-13,537.6724853515625,560.5999755859375,563.7999877929688,537.8499755859375,541.0,25445897,0.04094325186661285,-0.009365698178954385,-0.08525740732884013,0.0073674314212712755,577.7725036621093,605.1169958496093,471.75624923706056,-0.029721954518996285,-0.07356762505268599,0.18832548904769753,0.023601980990787606,0.02757786078064884,23342012.55,1.0901329499970644,False,True
2021-04-15,551.6754150390625,575.2000122070312,576.75,554.1500244140625,565.9500122070312,37614884,0.02604359125387723,-0.00424134355315986,-0.0468931032195008,0.03958074263008471,576.3575042724609,605.88099609375,472.9167492675781,-0.0020082883572249965,-0.050638630497615744,0.21628175169913666,0.024375897304871424,0.02776081828089918,24005359.45,1.5669369199968386,False,True
2021-04-16,543.7627563476562,566.9500122070312,577.75,564.0999755859375,574.5999755859375,24045008,-0.014342836969604589,-0.016906536836520547,-0.04706277741911624,0.04410683647703739,574.9575042724609,605.1439965820313,473.99424926757814,-0.013927102448314299,-0.0631155305030322,0.19611158380737637,0.024380495517498876,0.027715044544611715,24311328.4,0.9890454196653442,False,True
2021-04-19,536.8572387695312,559.75,562.2999877929688,534.4000244140625,550.0,28526176,-0.012699553844267353,-0.011391755683454186,-0.05046649703138251,0.04989210234993635,573.470004272461,603.9919970703126,474.9727493286133,-0.023924536889888492,-0.07324931006521629,0.17848866233109506,0.024447009348214973,0.027659914447224324,24726933.1,1.1536479629170024,False,True
2021-04-20,536.2337646484375,559.0999755859375,572.6500244140625,552.5999755859375,565.2000122070312,24425842,-0.001161276309178172,0.03815799509565432,-0.03370204082752115,0.023149351443538135,572.495004272461,602.7269970703124,475.9539991760254,-0.023397634191666294,-0.07238272334976481,0.17469330345759237,0.024148279837003562,0.027484492819002768,24809398.35,0.9845398770018943,False,True
2021-04-22,555.5118408203125,579.2000122070312,580.5999755859375,546.9000244140625,552.0,34942633,0.035950702018952674,0.03317880383718008,-0.012699244689322597,0.0511796954755559,572.1225036621094,601.7449975585937,477.04499923706055,0.012370617305943021,-0.03746601208656852,0.21414125110492188,0.025357924064939717,0.02784269711914164,25098399.1,1.392225570275516,False,True
2021-04-23,546.64013671875,569.9500122070312,580.5,567.0499877929688,569.9000244140625,33749097,-0.015970303530818408,-0.009127259889748385,-0.006103409060067122,0.031210420877534784,571.9475036621094,600.8609973144531,478.08549926757814,-0.0034924384533343567,-0.05144448590535655,0.1921508037373829,0.025098166384074916,0.027929426922802283,25698083.9,1.3132923501740144,False,True
2021-04-26,566.9251098632812,591.0999755859375,605.5,588.0,602.0,62584522,0.0371084532431305,0.042596283374075394,0.008014923219983316,0.1073435539590013,572.1825012207031,600.0909973144531,479.16074920654296,0.03306195894644737,-0.014982763895396767,0.23361518355741406,0.02598088584603716,0.027928348923206548,27352989.15,2.2880322752586624,False,True
2021-04-27,574.2622680664062,598.75,601.9500122070312,591.0999755859375,593.25,24239685,0.012942014430772586,0.0696739615899955,0.05506607929515428,0.11281481941114269,573.7450012207031,599.3989978027344,480.3097491455078,0.043582076926328206,-0.0010827475606622894,0.24659139454321433,0.02490686537528736,0.02795352917327326,27343262.45,0.8864957151446279,False,True
2021-04-28,595.9379272460938,621.3499755859375,622.7999877929688,598.0,598.0,33292864,0.03774526193893535,0.11133965787560962,0.08713146506269842,0.1895281030480538,576.2350006103516,599.1829968261719,481.56474899291993,0.07829266692894365,0.03699534011676309,0.29027296305501116,0.0260881539692387,0.02801703374308204,27649396.35,1.2041081685314985,False,True
2021-04-29,596.0338134765625,621.4500122070312,628.4500122070312,609.0,622.5499877929688,34537860,0.00016099883322495678,0.07294544045157592,0.07415093824081809,0.17643163692765018,578.3800018310546,598.9989965820313,482.8702490234375,0.0744666313489819,0.0374808902070094,0.28699171975051074,0.026039418549322582,0.02799987257439474,28340068.85,1.2186935812613595,False,True
2021-04-30,575.9406127929688,600.5,616.3499755859375,598.0999755859375,610.0999755859375,23653258,-0.03371150019392377,0.05360117052137481,0.015301357014430028,0.11824953445065178,578.8325012207031,598.0569970703125,484.1047489929199,0.03743310669943756,0.00408489983672955,0.24043402021817895,0.026953058947794307,0.028339969176641597,28122134.6,0.8410904199285071,False,True
2021-05-03,572.3440551757812,596.75,598.8499755859375,587.5,592.5499877929688,18010557,-0.0062447960033306105,0.009558492044364986,0.025167539990559096,-0.011676031691782773,579.5650024414062,596.5129968261718,485.3607490539551,0.029651544669195395,0.00039731435038148355,0.22949785528220024,0.026721032938848446,0.02338134260161475,28016663.85,0.6428515934812131,False,True
2021-05-04,567.3567504882812,591.5499877929688,608.0,589.0,596.6500244140625,15115127,-0.008713887234237494,-0.012025072579592955,-0.004794812422666439,-0.04179151018590632,579.4225006103516,595.1769970703125,486.5894990539551,0.02093030072156732,-0.0060940011042047715,0.21570644032204078,0.026403393896400985,0.02322157161580124,27990823.2,0.5400029463942311,False,True
2021-05-05,578.1466064453125,602.7999877929688,604.7999877929688,584.7000122070312,595.2999877929688,17253943,0.019017834895023844,-0.029854330927551742,0.05522973793079866,-0.03141317355168627,581.0,594.0859973144532,487.8802490234375,0.03752149361956758,0.014667894072418752,0.23554906967346945,0.025038860960995366,0.023332192549500353,27690514.0,0.6230994123113786,False,True
2021-05-06,583.3257446289062,608.2000122070312,610.8499755859375,599.25,602.7999877929688,16949763,0.008958235772090095,-0.021321103451174883,0.07474816393013328,-0.03199104882453163,583.1149993896485,593.3569970703124,489.1522491455078,0.043018980550388,0.025015319967584215,0.24337568368434592,0.024897854448345264,0.023328022982584334,27373767.3,0.6191973071970989,False,True
2021-05-07,582.2706909179688,607.0999755859375,614.7999877929688,603.7000122070312,612.0,10941083,-0.0018086757629318662,0.010990800309637727,0.05098234212271957,-0.011479359354990115,584.5874969482422,593.0179968261718,490.3727490234375,0.03851002417126348,0.023746292414618564,0.23803775147570638,0.02460330959728572,0.02314577576935434,26721601.5,0.4094471283841277,False,True
2021-05-10,588.1692504882812,613.25,617.0,611.0,611.0,12060808,0.010130167454095007,0.02764976958525356,0.06337781692268729,-0.025968831353148314,586.4149963378907,593.0859973144532,491.54499908447264,0.04576111427861074,0.03399844672922869,0.24759686527623925,0.024632808844868646,0.02295021184375503,26361513.65,0.4575157618083133,False,True
2021-05-11,584.9082641601562,609.8499755859375,612.9000244140625,603.25,606.4000244140625,13818480,-0.005544271364145925,0.030935657460233745,0.07709283369451003,-0.03710428815957434,588.5974945068359,592.9569970703125,492.6887489318848,0.03610698529545764,0.02848938219649999,0.23779967963151205,0.02420822735458737,0.022946123663698397,25890459.45,0.5337286511537748,False,True
2021-05-12,570.4258422851562,594.75,606.6500244140625,593.2000122070312,603.2000122070312,14785569,-0.024760147889535622,-0.013354326403426375,0.10435430968505721,-0.05916320963323296,591.4074951171875,592.0299975585938,493.7012489318848,0.0056517797126500735,0.004594365914941667,0.20467590731587704,0.021934709434030582,0.023160727062782292,25299652.8,0.5844178620506603,False,True
2021-05-14,572.8715209960938,597.2999877929688,601.9500122070312,591.0999755859375,592.0,12675754,0.004287495238282979,-0.01792177605276357,0.0654655972267435,-0.052882003218947427,593.2424957275391,591.4159973144531,494.77874893188476,0.006839516883317076,0.009948987692646405,0.20720622921336873,0.02025849665766385,0.02316878788352126,24661145.65,0.5139969642894511,True,True
2021-05-17,598.0958251953125,623.5999755859375,624.5,601.2000122070312,603.25,20453101,0.04403145543355458,0.02717839015571566,0.08414457988830093,-0.03705991492400107,595.6624938964844,591.9329968261719,496.10424880981446,0.04690152892907862,0.053497573086071615,0.2569938215243941,0.021668353808410413,0.023615660784811913,23803056.5,0.8592636412050696,True,True
2021-05-18,607.3032836914062,633.2000122070312,635.5,626.0,628.0,19242627,0.015394542971355119,0.032531613872044396,0.1168533355208885,-0.0604644250492008,598.9749938964844,592.4299975585938,497.509748840332,0.0571393107547018,0.06881828201888984,0.2727389034747276,0.02134184053282493,0.02309047898075642,23562937.45,0.8166480533605966,True,True
2021-05-19,599.8702392578125,625.4500122070312,634.0,623.3499755859375,627.0999755859375,13911576,-0.012239418589060413,0.025580121744049222,0.1173738494096137,-0.04997336462209934,602.2599945068359,592.7289978027344,498.88174896240236,0.03850499437404031,0.0552040047400999,0.2537039358683124,0.02132113648485421,0.022953904105738058,22832207.45,0.6092961458266708,True,True
2021-05-20,593.3003540039062,618.5999755859375,632.9000244140625,616.6500244140625,628.0499877929688,13900762,-0.010952172815413275,0.04010084167454808,0.10642103845138595,-0.05894881180372702,605.234994506836,592.4589978027344,500.2499987792969,0.02208230059465044,0.04412284711710468,0.2365816633591935,0.02159945298898436,0.022992612170774494,22305953.45,0.6231861835074349,True,True
2021-05-21,616.1749877929688,642.4500122070312,643.9500122070312,622.2999877929688,622.2999877929688,23975898,0.03855486188550694,0.0755901981195286,0.10920234576478505,-0.003412723375029514,608.397494506836,592.892998046875,501.7282489013672,0.0559708381570474,0.08358508925456754,0.28047406860945556,0.02180092829381875,0.023410642062126074,21757616.7,1.1019542411554664,True,True
2021-05-24,620.8745727539062,647.3499755859375,653.4500122070312,638.0,643.25,20323003,0.007626995541759385,0.038085312587904374,0.13580131892477465,0.03733673303219209,612.2674926757812,593.6509973144531,503.2487487792969,0.0572992741405165,0.09045546712530905,0.28634194750842235,0.021213012166411686,0.02304363713367363,21086312.0,0.9638007348084388,True,True
2021-05-25,623.7039184570312,650.2999877929688,652.0,642.5,650.0999755859375,14884778,0.004557059269773012,0.027005646330193755,0.10015228328904646,0.06632780819277273,615.2274932861328,594.4959973144531,504.74524871826173,0.05700735888687647,0.09386773120525937,0.28837267798820365,0.0199607775446672,0.02283785096717028,18701324.8,0.7959210461924067,True,True
2021-05-26,625.81396484375,652.5,656.6500244140625,643.2999877929688,649.3499755859375,14487031,0.0033830728099777385,0.04324884045891575,0.08977035490605423,0.058737648749056515,617.9149932861328,595.0439978027343,506.2467486572266,0.05597049285038502,0.09655756954011507,0.28889716670911336,0.019874140112738116,0.02280733387810923,18213692.1,0.7953923301470546,True,True
2021-05-27,625.57421875,652.25,656.5,648.0999755859375,651.0999755859375,23349546,-0.0003831417624521327,0.0543970671550531,0.049730466931979134,0.01739202127386119,619.459994506836,595.5769982910156,507.71424865722656,0.052933209220829225,0.0951564648594645,0.28467932843136334,0.018281530124081843,0.022224491143773603,17716526.2,1.317952838858444,True,True
2021-05-28,616.7504272460938,643.0499877929688,660.0,639.25,658.0499877929688,14191446,-0.014105039796138419,0.0009338867998094358,0.0347573821894811,0.0239649487149185,620.5399932861328,596.1809985351563,509.13974853515623,0.03627484892251975,0.07861536911268852,0.2630127379429421,0.01865566368779754,0.022138162030884874,16699205.5,0.8498276160503564,True,True
2021-05-31,635.644775390625,662.75,665.0,643.75,643.75,21786138,0.030635273432854326,0.023789333428372306,0.10366361365528731,0.108741112505228,623.6524932861328,597.3659985351562,510.63574859619143,0.06269117358587906,0.10945383839250411,0.2978918961745074,0.017720799829951485,0.021522710787010683,16605849.5,1.3119556455091321,True,True
2021-06-01,623.5121459960938,650.0999755859375,664.9000244140625,648.3499755859375,664.5499877929688,14123196,-0.019087173766974774,-0.00030756913852958423,0.08940088074727681,0.06862825951425111,626.3199920654297,598.4689978027344,512.0494984436035,0.03796778615047569,0.08627176674608883,0.2696037737795747,0.018373826720477222,0.021589854739133267,16411481.45,0.8605680141081963,True,True
2021-06-02,621.833740234375,648.3499755859375,649.3499755859375,641.0999755859375,648.5,16025108,-0.0026918936559299222,-0.006360190672892729,0.09601891465653734,0.061998322008087525,629.1599914550782,599.6459973144531,513.4569982910157,0.030500960632410923,0.08122121800130033,0.2627152375834745,0.018195239912626757,0.021594069303019423,16456980.5,0.9737574885016118,True,True
2021-06-03,623.656005859375,650.25,653.6500244140625,644.75,653.4500122070312,11805702,0.0029305536910761987,-0.0030663089306247615,0.07871601388175198,0.028713850838608224,631.5324920654297,601.0789978027344,514.8679983520508,0.029638234247227224,0.08180455876351012,0.26294506957369523,0.017884241423484975,0.02112557097860219,16184568.45,0.7294418777041906,True,True
2021-06-04,616.414794921875,642.7000122070312,654.9000244140625,639.4000244140625,653.0,15111572,-0.011610900104527144,-0.0005442432043870626,0.056724760453073175,0.035360470732229254,633.2574920654297,602.1999975585937,516.2744984436035,0.014911027915049058,0.06725342878218266,0.24488041564043694,0.01816997426381626,0.021046378929741656,16092658.9,0.9390351273772415,True,True
2021-06-07,621.6897583007812,648.2000122070312,650.0,644.25,645.2000122070312,7556341,0.008557647262387613,-0.021953961211571116,0.06769895943650206,0.0635819168493783,635.3124938964844,603.6949975585937,517.7144984436035,0.02028532168713615,0.0737210260618697,0.2520414517184746,0.018175915569309423,0.02092008266042625,15923421.8,0.4745425383380851,True,True
2021-06-08,616.1270751953125,642.4000244140625,648.0,637.4000244140625,648.0,11912935,-0.008947836599417225,-0.01184425697745184,0.04753367209794135,0.056492126158531164,636.7699951171875,604.8149975585937,519.078748626709,0.008841543006182118,0.06214301399136124,0.23757720021021123,0.018306245184937738,0.020956742631547856,15916028.15,0.7484866756785674,True,True
2021-06-09,610.084716796875,636.0999755859375,645.5999755859375,628.7999877929688,644.4000244140625,15823094,-0.009807049484270025,-0.018894116543968775,0.04304337304396744,0.01759718513776809,638.0824951171875,606.1869970703125,520.3869984436035,-0.0031069956415054056,0.04934612365523128,0.2223594699491216,0.018429015292860014,0.020701109919155403,16016258.85,0.9879394525395049,True,True
2021-06-10,614.208984375,640.4000244140625,642.4000244140625,631.0,635.4500122070312,10712418,0.0067600204262923125,-0.015147982446655162,0.07675498009930637,0.023657367975859156,640.3649963378906,607.5639978027343,521.7502485656738,5.470017313902176e-05,0.05404537913714469,0.22740722438477956,0.01730968728164634,0.020716862925059327,15812601.3,0.6774608299268254,True,True
2021-06-11,609.7011108398438,635.7000122070312,644.5499877929688,631.5,644.0,9015059,-0.007339181804890682,-0.010891551061220639,0.06428934404628239,0.037284878080066974,642.2849975585938,608.7069982910157,523.0729986572265,-0.010252435253186531,0.044344839129170754,0.21531796487092225,0.017488349165533965,0.02056083451251322,15629566.55,0.5767952022956132,True,True
2021-06-14,609.173583984375,635.1500244140625,636.0999755859375,623.3499755859375,635.7000122070312,10170497,-0.0008651687626358706,-0.020132655888936757,0.018521567158934715,0.05244411667616,642.8625,609.5809985351563,524.3469987487792,-0.011997084269089409,0.04194524753945661,0.21131621984999716,0.014627351282122884,0.020453804313344336,15115436.35,0.6728550049433406,True,True
2021-06-15,618.908447265625,645.2999877929688,646.2000122070312,636.0,636.3499755859375,11039987,0.015980418781011307,0.004514264116897149,0.019109247240477467,0.08462891764496128,643.4674987792969,610.8449987792969,525.6417486572266,0.0028478346103699703,0.05640545323695223,0.22764219060113478,0.014658211069008074,0.02044375530958794,14705304.35,0.7507486235740507,True,True
2021-06-16,613.9210815429688,640.0999755859375,649.2000122070312,637.5999755859375,644.9000244140625,8601339,-0.008058286541761994,0.006288319687979049,0.02342307633380769,0.08583541235952086,644.1999969482422,611.7589978027344,526.8954985046387,-0.006364516270921494,0.04632703055450915,0.21485185848537314,0.014487555525501532,0.02043445244930271,14439792.5,0.5956691552181238,True,True
2021-06-17,607.1115112304688,633.0,637.5499877929688,626.7000122070312,633.0499877929688,9720060,-0.011091979154409848,-0.011555315633901109,0.023278410899423063,0.094020094554917,644.9199981689453,612.9939978027344,528.0994984436035,-0.018482909822595928,0.032636538479947186,0.19863776024320345,0.014493788901790795,0.02033337392838557,14230757.4,0.6830318110826624,True,True
2021-06-18,604.6177978515625,630.4000244140625,636.5999755859375,620.7000122070312,632.5999755859375,13820690,-0.004107386391686396,-0.008337246643378537,-0.01875630409216278,0.0745759791686651,644.3174987792969,614.2839978027343,529.2029985046387,-0.021600335846228003,0.02623546546707134,0.19122534489671228,0.011556193273084927,0.020282970158715306,13722997.0,1.007118925989709,True,True
2021-06-21,605.4330444335938,631.25,633.0999755859375,616.25,622.8499755859375,13407446,0.0013483114736987378,-0.0061403200254307455,-0.02487058962405131,0.1007934197621072,643.5125,615.3559973144531,530.3862484741211,-0.01905557390105095,0.025828955523163444,0.19017037454507135,0.011397025420046213,0.020038841727849154,13377219.15,1.002259576498005,True,True
2021-06-22,605.04931640625,630.8499755859375,644.0999755859375,629.5499877929688,635.0,15270093,-0.0006337020420792427,-0.022392704913032246,-0.0299092919762185,0.07580141425861964,642.5399993896484,616.4389965820312,531.5857482910156,-0.01819345692846408,0.023377786096938635,0.18673229599184027,0.011317920338448691,0.019854008971215788,13396484.9,1.1398581877250502,True,True
2021-06-23,599.15087890625,624.7000122070312,635.0,623.4500122070312,633.75,10950633,-0.009748694011114334,-0.02405868452784954,-0.04260534527658044,0.10079297305203738,641.15,617.6089965820313,532.7472483825684,-0.025657003498352537,0.011481399500724576,0.17260110512749405,0.011402962280325054,0.019415632469178528,13219665.0,0.8283593419349129,True,True
2021-06-24,608.1185302734375,634.0499877929688,636.2999877929688,624.4500122070312,627.0,12815724,0.014967144874712845,0.001658748488102324,-0.02790342998394979,0.10935176508592503,640.2399993896485,619.5189965820313,534.0037483215332,-0.009668267528709196,0.023455279484740466,0.1873511932938643,0.012025168335981072,0.019478421243054017,12692973.9,1.009670712393098,True,True
2021-06-25,622.4570922851562,649.0,650.0,636.0999755859375,636.0999755859375,14785922,0.023578601837167312,0.029505036271573193,0.009252798880305502,0.12176996576524246,640.5375,621.2869970703125,535.3859983825683,0.013211560603399564,0.04460579902745199,0.21220951231572371,0.012845047170533112,0.01963458229222499,12722697.7,1.162168774944641,True,True
2021-06-28,623.7039184570312,650.2999877929688,653.0,646.1500244140625,651.0,12093491,0.0020030628551135354,0.0301781984839109,-0.01878538243233685,0.09950118246905659,639.9149993896484,622.7889965820312,536.7704983520508,0.016228699769853083,0.0441738556106841,0.21150471158431206,0.01073666818882176,0.01945483696292615,12238065.35,0.9881865028609281,True,True
2021-06-29,613.9210815429688,640.0999755859375,648.75,636.4500122070312,646.2999877929688,12225470,-0.015685087495770578,0.014662757165692986,-0.01538224946245681,0.09963924142346436,639.4149993896484,624.2519958496093,538.0924981689453,0.0010712545012909747,0.02538715108913503,0.18957238349188965,0.01045653964026102,0.019452951086362014,12143179.05,1.0067767221138026,True,True
2021-06-30,605.097412109375,630.9000244140625,640.7999877929688,629.7999877929688,638.2999877929688,14276494,-0.01437267852330959,0.009924783233358658,-0.0269144009084058,0.06140645777392151,638.5425018310547,625.6749963378907,539.408998260498,-0.011968627609089344,0.008351025862874728,0.16961345926487592,0.010889537971815189,0.019393931007216012,12055748.35,1.1842063707310215,True,True
2021-07-01,605.04931640625,630.8499755859375,637.4000244140625,630.0499877929688,633.9500122070312,10517081,-7.932925374587452e-05,-0.005046939939499118,-0.029834716515282578,0.10433256120076595,637.5725006103515,627.1099963378906,540.7097480773925,-0.010543938168566802,0.00596383293184144,0.16670723586740865,0.010848612312140649,0.0186664516291286,11991317.3,0.8770580193053519,True,True
2021-07-02,614.0650024414062,640.25,641.3499755859375,632.25,632.25,10999396,0.01490057030648484,-0.013482280431432958,-0.003812061864784999,0.13138358787476645,637.45,628.33099609375,542.0584980773925,0.004392501372656676,0.018969307547055392,0.1811455816500973,0.011157987262163497,0.01868274086360625,11785708.5,0.9332825430053696,True,True
2021-07-05,621.3540649414062,647.8499755859375,648.5,641.2000122070312,642.75,7358568,0.011870325007321325,-0.0037675107689087994,-0.0005400132898824017,0.12152678647089488,637.4324981689454,629.8889953613282,543.4792478942871,0.016342871514892776,0.02851451661622728,0.1920417901806466,0.0113172208299412,0.018568142209429945,11775819.85,0.6248879563149907,True,True
2021-07-06,623.7039184570312,650.2999877929688,655.0,645.2000122070312,645.2000122070312,9209891,0.003781758585103656,0.015935029832948144,0.0122975763989297,0.127622635734427,637.8274963378906,631.0729956054688,544.8729978942871,0.019554646870336256,0.0304671445639233,0.19348910719766654,0.011142121414200293,0.01856289785303158,11640667.65,0.7911823683068556,True,True
2021-07-07,627.2526245117188,654.0,654.75,645.9000244140625,650.9000244140625,7741559,0.005689700563563882,0.036614320323400174,0.028140268984563344,0.1550688553515338,638.7224975585938,632.1779956054687,546.269497833252,0.023918841906777732,0.034518766148497804,0.19721127134876681,0.010911628992920298,0.018373627462785858,11236590.9,0.6889597626981329,True,True
2021-07-08,615.6475219726562,641.9000244140625,654.0,638.0999755859375,650.5,10782941,-0.01850149172161697,0.01751612785252421,0.0023422859819102193,0.19190425951847567,638.7974975585937,632.5889965820312,547.6339979553222,0.004856823746690164,0.014718921578370958,0.17213326201568435,0.011697753268076577,0.01732248564153983,11240117.05,0.9593263977620232,True,True
2021-07-09,612.4344482421875,638.5499877929688,641.1500244140625,633.7999877929688,639.5,7069698,-0.005218938298299225,-0.0026552318735357794,0.004483208323440069,0.13904747699205333,638.9399963378906,632.93099609375,548.9789979553223,-0.0006103993288215648,0.008877731907423358,0.16315922862487375,0.01163544729532777,0.01662315406166044,11142849.0,0.6344605405673182,True,True
2021-07-12,619.819580078125,646.25,650.25,642.4000244140625,646.0,6992783,0.012058589545424603,-0.0024696699023418756,0.01747614761752936,0.12352222928569034,639.4949951171875,633.84599609375,550.4567478942871,0.010563030100922965,0.01956942850896448,0.17402503007213488,0.0119233484471901,0.016380967819354216,10983963.3,0.6366356850445777,True,True
2021-07-13,637.7547607421875,664.9500122070312,666.3499755859375,653.0,655.1500244140625,19825411,0.02893618910178919,0.022528101936127642,0.03045099145479413,0.17285474537429524,640.4774963378907,635.2099963378906,552.0094979858399,0.03820979817256509,0.04681918741927493,0.20459886040600073,0.013079700268796915,0.01659727123682408,11423234.5,1.7355339243013876,True,True
2021-07-14,637.1793212890625,664.3499755859375,668.0,658.2000122070312,662.0,11648541,-0.0009023785398577511,0.015825650743023667,0.037884706959724346,0.1868690943920277,641.6899963378906,636.66599609375,553.571997833252,0.03531296946713658,0.04348273610031317,0.20011485079860236,0.012898738534229398,0.016480066383239646,11575594.6,1.0063017410785966,True,True
2021-07-15,640.1525268554688,667.4500122070312,669.5999755859375,661.0999755859375,665.0999755859375,8244429,0.004666270392137184,0.03980368721171379,0.0544234000111079,0.1937936708144956,643.4124969482422,637.9589965820312,555.2307478332519,0.03735941619536609,0.04622713337848183,0.20211284193410917,0.012537034163519256,0.016472346298929314,11501813.05,0.7167938623380772,True,True
2021-07-16,633.2949829101562,660.2999877929688,667.75,657.7000122070312,667.4500122070312,9212875,-0.010712449297018978,0.034061546340600435,0.04743014311697924,0.14002067312966293,644.9074951171875,639.00099609375,556.7889978027343,0.023867752805360354,0.033331703439307026,0.1859070319254179,0.012810569367204221,0.015988998973046765,11271422.3,0.8173657906509278,True,True
2021-07-19,629.074951171875,655.9000244140625,656.9000244140625,645.5499877929688,645.6500244140625,9121737,-0.006663582402315349,0.01493233951885875,0.03904954362623769,0.15080272017927498,646.1399963378906,639.9769970703124,558.2534979248047,0.01510512912292783,0.0248806244859463,0.17491431196085494,0.012969382109118022,0.015853208106260213,11057136.85,0.8249637427613099,True,True
2021-07-20,615.6475219726562,641.9000244140625,651.25,639.0999755859375,648.6500244140625,13169127,-0.021344716387999285,-0.03466424147653402,0.01751612785252421,0.08594155122027991,646.6924987792969,640.5499975585938,559.6777481079101,-0.007410746798951151,0.002107605746021868,0.1469100327538826,0.013978080070008381,0.015479927517635625,10952088.55,1.2024306541970025,True,True
2021-07-22,629.1229248046875,655.9500122070312,660.2999877929688,648.2999877929688,652.5,13123569,0.021888124721281654,-0.012643883024903713,0.05002401054803163,0.09553237946894577,648.2549987792969,641.4719982910157,561.1837481689453,0.011870349541807768,0.0225699858366184,0.1688685111557373,0.01448327755147659,0.015634395996195313,11060735.35,1.1865005883175752,True,True
2021-07-23,648.976318359375,676.6500244140625,677.8499755859375,650.75,655.9500122070312,19298083,0.0315573013519479,0.013783822067228613,0.06718718940343793,0.08899984067107525,650.3850006103515,643.1099987792969,562.7209982299805,0.04038380925000218,0.05215285985045903,0.20246094697450734,0.015659620227384277,0.01541101119256948,11384853.3,1.6950664616820315,True,True
2021-07-26,649.0721435546875,676.75,687.75,663.5999755859375,680.0,31054759,0.00014775080518769634,0.02491293731810429,0.04275808936825887,0.08898541589302589,651.7725006103516,644.6989990234375,564.2392481994628,0.038322419810989716,0.04971467463903623,0.19940256222793584,0.014927742197472855,0.015411031350672831,12198295.15,2.5458278077490197,True,True
2021-07-27,649.7434692382812,677.4500122070312,685.5999755859375,673.2999877929688,680.1500244140625,12598869,0.0010343734126800896,0.032855598400411745,0.04174999988267891,0.12814323431645502,653.1300018310546,645.7759997558594,565.7234982299805,0.03723609435762443,0.04904798639643837,0.19749314696422804,0.014929989385512732,0.014700463637154833,12223564.05,1.03070339783592,True,True
2021-07-28,657.0327758789062,685.0499877929688,687.0,670.0499877929688,677.9000244140625,18367497,0.011218503873338115,0.067222249163013,0.07022342434224393,0.14796814041553197,655.3775024414062,646.8129992675781,567.2354981994629,0.04527541034140903,0.05911598648865812,0.207699429897241,0.01444227894789333,0.014704982267764037,12530665.4,1.4658038032042575,True,True
2021-07-29,661.313232421875,687.5,692.5,683.0999755859375,692.5,11043138,0.0035763991689490293,0.048098158710012884,0.08971306608920138,0.1622010213625631,658.2075012207031,648.0539990234375,568.7354981994629,0.04450344112604521,0.060868386023393395,0.20882203093798246,0.013817526037379933,0.014632855294178088,12368997.6,0.892807837556699,True,True
2021-07-30,656.503662109375,682.5,687.6500244140625,678.0,687.0,14536250,-0.0072727272727273196,0.008645496748490133,0.08187370438762342,0.13221634675016647,660.7900024414063,649.3319995117188,570.1404981994629,0.03285460960120812,0.05108018781335688,0.1970733567521954,0.014032082817746719,0.014526529489956664,12569956.05,1.1564280688157218,True,True
2021-08-02,655.445556640625,681.4000244140625,688.0499877929688,677.7000122070312,684.0499877929688,9348206,-0.0016116858402014378,0.006871111066217184,0.064271806972374,0.12035516398857604,662.8475036621094,650.1109997558593,571.5272483825684,0.02798912366638473,0.04812874212242724,0.1922441604358076,0.01384366686984398,0.014506947149439559,12487396.55,0.7486112867938033,True,True
2021-08-03,664.102783203125,690.4000244140625,691.9000244140625,676.6500244140625,683.0,10162609,0.013208100495357478,0.019115819578838122,0.06567886151364188,0.13720977133581447,664.9750061035156,650.9720007324219,572.9979985046386,0.03823454727949427,0.06056792555943935,0.204890813259051,0.013890865602859164,0.014569554922405763,12627598.6,0.8047934783102783,True,True
2021-08-04,687.4291381835938,714.6500244140625,717.4000244140625,693.2000122070312,694.0,28730606,0.03512456422721133,0.04320857915267817,0.0989543869430003,0.1653485926034448,668.1925079345704,652.2590014648438,574.5372486877442,0.06952714364172619,0.09565375534734044,0.24387065598677715,0.015612201995272721,0.015144690135319825,13603634.35,2.111980170946009,True,True
2021-08-05,675.6937866210938,702.4500122070312,716.5,699.0499877929688,715.5,17774554,-0.017071310138181195,0.021745472301136326,0.07408258747252483,0.15184068267302075,670.6150085449219,653.2580017089844,576.0944987487793,0.04747135578009787,0.07530257627056391,0.21933122731198385,0.01635902103571,0.015322664241237844,14105284.1,1.2601344201213218,True,True
2021-08-06,671.0765380859375,697.6500244140625,706.0,695.7000122070312,705.0499877929688,14701949,-0.00683320906762841,0.022197837969322398,0.08685153120361622,0.1730139124238126,673.4025085449218,654.1660021972656,577.602248840332,0.036007462938524526,0.06647245816924041,0.20783813742892066,0.015720975338024124,0.014952953104981013,14301234.5,1.0280195741143885,True,True
2021-08-09,676.0784912109375,702.8499755859375,706.2999877929688,694.3499755859375,697.4000244140625,8602980,0.0074535239588680025,0.03147923452207069,0.10069687420276985,0.17671185325648064,676.6175079345703,655.362001953125,579.0309986877442,0.03877001015159065,0.07246067591848138,0.21383825249218757,0.015572258482620283,0.014963974162977242,14377898.6,0.5983475220780873,True,True
2021-08-10,674.2028198242188,700.9000244140625,708.2999877929688,697.2999877929688,704.0999755859375,10843554,-0.0027743490639654533,0.015208574201472924,0.08456483468326881,0.12395774832334383,679.3500091552735,656.1250024414062,580.4624987792969,0.031721520524574665,0.06824160305742177,0.20748545493988635,0.015567742762256833,0.013966152278895397,14570437.15,0.7442161061035838,True,True
2021-08-11,667.1328125,693.5499877929688,707.1500244140625,690.0,706.25,9748084,-0.010486569218253639,-0.02952499251419405,0.04301071518295263,0.0953094984562406,680.7800079345703,656.9940026855469,581.8287487792969,0.018757865550637298,0.055641276720935995,0.192017392141705,0.014742289132074914,0.01394650620358317,14066570.8,0.6929964764404413,True,True
2021-08-12,674.6356811523438,701.3499755859375,702.9500122070312,693.2999877929688,693.5,8840339,0.011246468070441606,-0.0015659998604563574,0.0556935370809144,0.1213525651891465,682.6300079345704,658.0540026855468,583.2709986877442,0.02742330022673345,0.06579395114032871,0.2024427361618355,0.014857136276649667,0.013880547299404158,13926160.7,0.6348008751615225,True,True
2021-08-13,677.954345703125,704.7999877929688,709.9000244140625,701.0,707.0499877929688,12787590,0.0049191021987973205,0.01024863918683483,0.05595921028218087,0.13934693761567418,684.4975067138672,659.1450024414063,584.7102485656739,0.029660416407606194,0.06926394827004834,0.20538333220921223,0.014858899570349216,0.013780310939876543,14153318.75,0.9035046992070322,True,True
2021-08-16,675.88623046875,702.6500244140625,707.4000244140625,698.6500244140625,702.4000244140625,7920846,-0.0030504588764802554,-0.0002844862756213873,0.064137569898566,0.09370380739853057,686.6150085449219,660.3440026855469,586.201248626709,0.023353721764868052,0.06406664035178888,0.19864982556785327,0.014587656682845127,0.0129449431582806,14088717.3,0.5622120049211293,True,True
2021-08-17,674.4913940429688,701.2000122070312,702.9000244140625,691.5,699.7999877929688,8669653,-0.0020636336108298403,0.00042800368457607263,0.06906538513005356,0.08318535359849566,688.8800079345704,661.4040026855469,587.657498626709,0.017884107726393816,0.06016898803136628,0.19321205607970415,0.014459435547119507,0.012928607630679944,14066113.1,0.6163502979369617,True,True
2021-08-18,662.082763671875,688.2999877929688,700.8499755859375,683.5999755859375,700.8499755859375,11069373,-0.018397068153863216,-0.007569749971024664,0.07228534291030897,0.05843456975751593,691.2000061035156,662.322001953125,589.118748626709,-0.0041956283057563715,0.039222592278736146,0.16835525842194032,0.014206284516368552,0.013171370922493441,13961125.4,0.7928711105195001,True,True
2021-08-20,654.772216796875,680.7000122070312,684.4000244140625,675.3499755859375,683.8499755859375,13121808,-0.011041661660211255,-0.02944316546336856,0.03773153371356042,0.043218409512691514,692.4375061035156,663.2140026855469,590.5227487182617,-0.016950979392398313,0.026365561418604466,0.15270751835471308,0.013878497111218868,0.013259077627714846,13961037.35,0.9398877512493726,True,True
2021-08-23,656.696044921875,682.7000122070312,689.9500122070312,673.8499755859375,689.9500122070312,10917371,0.0029381518497633152,-0.031356379070240914,0.008941088560822319,0.04668457218402655,692.7400054931641,664.0600024414063,591.9732487487793,-0.014493162234777146,0.028069767335926477,0.15326159357710178,0.012014768689872217,0.013261024230116937,13542001.75,0.8061859097012745,True,True
2021-08-24,667.99853515625,694.4500122070312,697.25,680.4000244140625,683.25,9821388,0.017211073370300145,-0.01167012299454373,0.02615443251870153,0.07993161556611494,693.6250061035156,665.2350024414062,593.3582487487793,0.0011894122851050515,0.04391682587116774,0.170372222298123,0.012579987840827525,0.013278839546816417,12480333.2,0.7869491817734482,True,True
2021-08-25,664.7279663085938,691.0499877929688,700.4500122070312,687.1500244140625,699.9500122070312,9535359,-0.00489599590222034,-0.014475219962012287,0.020075245908743655,0.04270084917837602,694.3050048828125,666.3530017089844,594.5942486572266,-0.004688165960136104,0.03706291713347798,0.16222111020005392,0.012657875517486775,0.012732576779321374,12327157.7,0.7735245408598935,True,True
2021-08-26,672.182861328125,698.7999877929688,701.5499877929688,690.0,692.0499877929688,10756731,0.011214818228637125,0.015254976298442413,0.020071527983378967,0.07491157365932488,694.9925048828125,667.4230017089844,595.9029986572266,0.005478451757977343,0.04701214372840212,0.1726740583074835,0.012657720015922393,0.012530699688229384,11946619.4,0.9003995724514334,True,True
2021-08-27,673.0966186523438,699.75,700.4500122070312,689.0499877929688,696.0999755859375,9135827,0.001359490875252778,0.027985878435939915,0.017818181818181733,0.07927820829731713,695.6050048828125,668.6160021972656,597.2092486572266,0.005958834522597822,0.04656484095567426,0.1716998716502256,0.012644312731015753,0.012519837037125168,11851253.85,0.7708742986717815,True,True
2021-08-30,686.4672241210938,713.6500244140625,715.0,700.9000244140625,704.5,10797869,0.01986427211727393,0.04533471752399132,0.04564106141254576,0.09750099871443685,697.1625061035156,670.2290026855469,598.563498840332,0.023649462164419432,0.06478535180443035,0.19227120563933697,0.01316000829401265,0.012744935265430777,11664334.8,0.9257166555267258,True,True
2021-08-31,691.6614990234375,719.0499877929688,719.9000244140625,709.3499755859375,714.0,19760246,0.007566682819551307,0.03542368083162151,0.05525383332834699,0.11879566537388375,699.0450042724609,672.002001953125,599.8452487182617,0.02861759028137012,0.07001167511867834,0.19872582025017538,0.01317586955360151,0.012647312811569972,12184936.8,1.621694582773708,True,True
2021-09-01,692.4791870117188,719.9000244140625,734.7999877929688,717.2000122070312,727.5999755859375,13729351,0.0011821662409075007,0.04174811827033409,0.04272885132794779,0.11061402477130877,700.5200042724609,673.7750024414063,601.0254988098145,0.027665191605383388,0.06845760351085062,0.19778616022057327,0.012947086606518618,0.012617818092916068,12363273.9,1.110494769512467,True,True
2021-09-02,697.5291748046875,725.1500244140625,728.0499877929688,717.5,722.2999877929688,8627956,0.007292679291507342,0.037707551633358705,0.014692506319591736,0.12881381826763905,701.0450042724609,675.6610034179688,602.2184989929199,0.03438441183475449,0.07324534159251961,0.20413110129748424,0.01047956829591401,0.012556787953357344,11358141.4,0.7596274510194071,True,True
2021-09-03,696.7115478515625,724.2999877929688,731.7999877929688,721.0999755859375,724.75,8993813,-0.0011722217368476118,0.035083941111780925,0.031105381459510584,0.13865746831036518,702.1375030517578,677.6530029296875,603.4564988708496,0.03156430847929981,0.06883609260434609,0.20025219572286312,0.009621943656060021,0.012467186940888591,10919104.35,0.8236768064223143,True,True
2021-09-06,693.6815795898438,721.1500244140625,728.0,720.0,725.4000244140625,5329995,-0.004348976159042284,0.010509352964932495,0.03368451111248372,0.1260930620261651,703.3125030517579,679.3950036621094,604.6344990539551,0.02536215591917612,0.0614591224941059,0.1927040642609943,0.009523192948767243,0.012481441457346313,10450506.65,0.5100226408640197,True,True
2021-09-07,689.5933837890625,716.9000244140625,722.4500122070312,711.6500244140625,720.9000244140625,6242711,-0.0058933645650960376,-0.0029900054452476343,0.019990110715180753,0.1277332242375142,704.015005493164,680.7530041503907,605.7844992065429,0.018302193590138627,0.05309858354394614,0.18342418030348884,0.009566403384431585,0.012464376867799559,10332493.2,0.6041824445623638,True,True
2021-09-08,693.4890747070312,720.9500122070312,722.75,715.0,716.5,7118011,0.005649306256167108,0.0014585189017368716,0.028606059487200186,0.13508617569860104,705.0175048828125,682.1660046386719,606.9572492980957,0.022598740050953747,0.05685420748707992,0.18781020086795297,0.009575360222553723,0.012466647593296767,10146216.05,0.7015434093777255,True,True
2021-09-09,692.8157958984375,720.25,723.9000244140625,717.5999755859375,720.7999877929688,6243422,-0.0009709580347856406,-0.006757256083693597,0.03849760316772066,0.11614754939539451,706.352505493164,683.7690051269532,608.0702493286133,0.019675012686665605,0.05335280569828327,0.18448485318143315,0.009178995642852733,0.012340265914247967,9970982.95,0.6261591290756344,True,True
2021-09-13,680.4552612304688,707.4000244140625,717.9000244140625,705.2000122070312,717.9000244140625,6967906,-0.01784099352438384,-0.023332822951443788,0.008626290780249235,0.10513990219499636,706.6550079345703,685.2990051269531,609.2134994506836,0.001054285996882287,0.03225018440383565,0.16116931921553257,0.009901210884730147,0.01253722469953706,9877361.3,0.7054420495886892,True,True
2021-09-14,680.5033569335938,707.4500122070312,714.0,706.5,713.25,5241865,7.066410975897774e-05,-0.018997450937012106,0.0037599666003980126,0.11761455324965442,706.7875091552735,686.831005859375,610.3497494506836,0.0009373440293951596,0.030020494374533024,0.15908954307548773,0.00984590351392295,0.012425840722892666,9500075.05,0.5517709041677518,True,True
2021-09-15,687.1405029296875,714.3499755859375,716.0,706.2999877929688,707.0999755859375,5936741,0.009753287525404719,-0.003557049436857307,0.01665117877371669,0.13316933363050532,707.3725067138672,688.3130053710937,611.5802493286133,0.009863924319711614,0.037827223968848855,0.1680396421731143,0.010035554136717308,0.012440521701130866,9400869.8,0.6315097566823018,True,True
2021-09-16,699.5010375976562,727.2000122070312,729.4000244140625,712.8499755859375,720.0,13557169,0.017988432925406972,0.008669116990326353,0.037079291995681496,0.15200001933787122,708.6725067138672,689.9000061035156,612.8252493286133,0.02614395975240602,0.05406581500728236,0.18663519984485366,0.01070589856475323,0.012606458102633271,9645245.6,1.4055804862034824,True,True
2021-09-17,692.7196044921875,720.1500244140625,734.4000244140625,714.0,732.9000244140625,17075003,-0.009694702522861975,-0.00013880678366884336,0.04627348131041065,0.1415551276596032,710.2650085449219,691.2970068359375,614.0624993896485,0.013917362885990103,0.041737512665048326,0.1727633997025717,0.009991569624318861,0.012697829781712787,9945527.1,1.7168524934188758,True,True
2021-09-20,682.9561767578125,710.0,720.4000244140625,706.5,710.0,7943459,-0.01409431933619787,0.0036753965171134606,0.043043906665976905,0.13654551965127792,711.7300079345703,692.4170068359375,615.2359994506836,-0.00243070815517632,0.025393647167058386,0.1540286989609303,0.010226839070744384,0.012779777408112125,9686609.65,0.8200453292757596,True,True
2021-09-21,684.7357177734375,711.8499755859375,714.5,694.4000244140625,711.1500244140625,10009615,0.0026055994168134866,0.0062194689419534654,0.0426980560388015,0.1227032399508099,713.1875061035156,693.816005859375,616.4284992980957,-0.001875426176330075,0.025992438303906296,0.15479731452470902,0.010225775835305376,0.01266988810280801,9641221.85,1.0382102139885931,True,True
2021-09-22,676.5595092773438,703.3499755859375,715.0,702.25,715.0,9740470,-0.011940718257387739,-0.01539861465100123,0.012815844513590413,0.08374418426184516,713.6325042724609,695.1120056152344,617.5197491455078,-0.01440871684650391,0.011851284259450923,0.13899187282543934,0.010040806756689146,0.012473281689473112,9637175.95,1.0107182903514385,True,True
2021-09-23,689.6895751953125,717.0,720.0,707.1500244140625,711.0,10412491,0.019407158438714767,-0.014026419191158324,0.03755157031390555,0.10256806621418235,714.9300048828125,696.5270056152344,618.7024990844726,0.0028953815101477876,0.029392965699416074,0.1588768447856337,0.010773724199888797,0.012687658463420117,9681032.55,1.0755558300441825,True,True
2021-09-24,695.4130249023438,722.9500122070312,724.5999755859375,716.5499877929688,722.5999755859375,11780868,0.008298482854994793,0.0038880617899679226,0.034559279959829325,0.12943296325742581,716.1375061035156,697.6870056152344,619.9079991149903,0.009512846409319264,0.03620965617600902,0.16622146066698384,0.010660153372560884,0.012506933258483635,9732239.4,1.2104991991873935,True,True
2021-09-27,702.1943969726562,730.0,731.75,722.2999877929688,724.5,7712240,0.009751694686948698,0.028169014084507005,0.04322972490175059,0.15707714653835203,717.6500061035156,699.0000061035156,621.0477491760254,0.017208937213752495,0.044349060981114796,0.17543296947541775,0.010807947623992958,0.01235501245559849,9661060.05,0.7982809298447534,True,True
2021-09-28,689.8338623046875,717.1500244140625,735.4000244140625,706.5999755859375,734.0999755859375,13491800,-0.01760270628210614,0.007445457624357443,0.0049043647169684235,0.13679963884910817,717.8250061035156,699.9940063476563,622.0812492370605,-0.0009403150958993134,0.0245088070909647,0.15282372727613502,0.010827316165428652,0.012621480979483445,9795756.6,1.3773106612305985,True,True
2021-09-29,682.4752197265625,709.5,711.9500122070312,701.2999877929688,707.3499755859375,11453404,-0.010667258110062638,0.008743903643330775,-0.01328139622431701,0.10816087465833668,717.3475067138672,700.9780065917969,623.0867492675782,-0.010939616629904059,0.012157290711070523,0.13868574614048246,0.010950246549746419,0.012617616096180466,9380414.5,1.220991247241793,True,True
2021-09-30,674.1547241210938,700.8499755859375,713.9000244140625,698.7999877929688,709.5999755859375,18487517,-0.01219171869494362,-0.02252444130273712,-0.026462075541156094,0.08180906382232234,716.3950042724609,701.8770056152343,624.0334991455078,-0.021698962993621507,-0.0014632621115669986,0.12309671923961596,0.011239487785307931,0.012674093359590608,9618322.8,1.9221144251885576,True,True
2021-10-01,665.9784545898438,692.3499755859375,694.8499755859375,687.9000244140625,693.0,10935810,-0.01212813055018469,-0.042326628541961786,-0.045232086773530966,0.06466244592081383,714.7550018310546,702.8860046386719,624.9604989624023,-0.03134644205038106,-0.014989669709173703,0.10782997763125723,0.011298642476565094,0.01278911532931024,9733715.5,1.1234980106003714,True,True
2021-10-04,673.5294799804688,700.2000122070312,703.3499755859375,694.0499877929688,697.0499877929688,8976533,0.011338249292852653,-0.040821901086258605,-0.0332734723072039,0.07064222050004787,713.5500030517578,703.7710046386719,625.8842489624024,-0.01870925763804976,-0.005074082916323164,0.11873723195276176,0.011700668576137573,0.01284395970233277,9732851.5,0.9222921977182124,True,True
2021-10-05,670.5475463867188,697.0999755859375,699.0,691.8499755859375,693.0,7497208,-0.00442735870758193,-0.027957956000219886,-0.03334957777705927,0.08599462388595858,712.3475006103515,704.1800036621094,626.7407489013672,-0.021404616442606605,-0.010054287311982657,0.11226209051813707,0.01170164188316183,0.012603976608132193,9841212.15,0.7618175368773042,True,True
2021-10-06,663.2369995117188,689.5,705.0,688.3499755859375,696.5999755859375,13200810,-0.010902274927709565,-0.028188865398167673,-0.03822014713482136,0.0797901701997219,710.9774993896484,704.4350036621094,627.5979989624024,-0.030208409419547277,-0.021201393435118288,0.09863320332432424,0.011850360223683595,0.01267612154227922,10189117.1,1.2955793785116083,True,True
2021-10-07,675.4533081054688,702.2000122070312,704.9500122070312,693.4500122070312,697.5499877929688,10041549,0.01841916201164784,0.0019262847515477688,-0.02600735097097917,0.08657642121010634,710.0399993896484,704.9300036621094,628.5467489624024,-0.011041613415239238,-0.0038727128096347485,0.11718024692071793,0.012597826793590346,0.012793175577147492,10335294.0,0.9715784572746552,True,True
2021-10-08,676.6076049804688,703.4000244140625,710.0,698.2999877929688,706.0,9383924,0.001708932193349888,0.015960206857483117,-0.023394620737157257,0.05782391382987129,709.1975006103515,705.2970043945312,629.5117491149903,-0.008174699137122765,-0.002689618655189352,0.11737394163484538,0.012615095173249808,0.012274601336825796,10492319.1,0.8943612856761095,True,True
2021-10-11,686.1305541992188,713.2999877929688,719.4000244140625,700.2999877929688,702.0,9337637,0.014074442757025851,0.018708905109336316,0.00834034941374684,0.07368106270171637,709.4924987792969,705.8130041503906,630.4924989318847,0.005366496503095952,0.010607602294874674,0.13133778593935364,0.012403774878448256,0.012386800586696793,10610805.65,0.880012065813306,True,True
2021-10-12,681.6095581054688,708.5999755859375,713.0,704.4000244140625,706.5,7376091,-0.006589110174491375,0.016496916371764092,0.0016255047834670133,0.06165250224932528,709.5499969482422,706.3350036621093,631.5629988098144,-0.001338906865465006,0.0032066539419468576,0.12197829341063349,0.012504561884937794,0.012419535190210008,10717516.95,0.6882276029430493,True,True
2021-10-13,682.9081420898438,709.9500122070312,715.9000244140625,707.9500122070312,713.8499755859375,6357766,0.0019052168608635345,0.02965919101817449,-0.006159394595481316,0.07519313241246017,709.3299987792968,706.9060034179688,632.6112489318848,0.0008740831894906709,0.004306101199232026,0.12225322171511643,0.012309131019860314,0.012323043566010891,10738568.2,0.5920496924347886,True,True
2021-10-14,699.5972290039062,727.2999877929688,729.7999877929688,709.0499877929688,710.25,8950350,0.024438305919597614,0.03574476666134996,0.00013748017637404963,0.10885799774544935,709.3349975585937,707.6440026855469,633.729748840332,0.025326524556390728,0.027776657518224335,0.14765006554270443,0.012882881938901114,0.01263333057073266,10508227.25,0.8517469014576174,True,True
2021-10-18,717.0559692382812,745.4500122070312,748.9000244140625,732.0499877929688,739.0,15345601,0.024955348162646995,0.059781043977069404,0.03513155167015869,0.16131793714681808,710.5999969482422,708.2600024414063,634.8892489624023,0.04904308388468426,0.052508979241280285,0.17414181044224342,0.013795944538931888,0.012609563545200776,10421757.15,1.4724581257393816,True,True
2021-10-19,718.9796752929688,747.4500122070312,755.0,738.75,755.0,11349799,0.00268294314474371,0.047876104021432164,0.052746496066241155,0.13949233675922357,712.4724975585938,709.1600024414063,636.0259991455079,0.0490931436206925,0.053993470632586416,0.1751878275592822,0.013277816291016795,0.012352088131530959,10592074.15,1.071536966156907,True,True
2021-10-20,717.4407348632812,745.8499755859375,757.4500122070312,741.9000244140625,746.75,12762996,-0.002140660371881209,0.052568446631963583,0.047762873029550734,0.10226845293000308,714.1724975585937,710.1240014648438,637.1112490844727,0.04435549973659536,0.05030948686060199,0.1706746296784465,0.01332112387099706,0.011748442824579961,10729743.2,1.1894968744452339,True,True
2021-10-21,726.72314453125,755.5,759.8499755859375,737.4000244140625,748.9000244140625,12166996,0.012938291519660527,0.06415942955105658,0.0741451997216862,0.11636497968230519,716.7799987792969,711.177001953125,638.2449990844726,0.054019366174620886,0.062323441175895056,0.1837147194004234,0.013068796369069439,0.011835671711600741,10851069.5,1.1212715944727845,True,True
2021-10-22,730.3782958984375,759.2999877929688,765.8499755859375,753.3499755859375,758.5,13248928,0.005029765444035439,0.043998350800342756,0.0589957988744334,0.12082068656148137,718.8949981689453,712.3450012207031,639.3662490844727,0.056204299274492886,0.0659160750644725,0.18758221736013247,0.01254201850963193,0.011841928941221233,10992891.35,1.2052268669061303,True,True
2021-10-25,809.6397705078125,841.7000122070312,867.0,798.4000244140625,800.0,96124084,0.10852104008795238,0.12911663884079294,0.16425755307407552,0.2286694798999167,724.8324981689453,715.3080017089844,640.9372491455078,0.1612338220669105,0.1766959270636932,0.3132331025060233,0.02675841113896574,0.01812534318987302,15210052.15,6.319773466391435,True,True
2021-10-26,797.808349609375,829.4000244140625,841.7000122070312,822.3499755859375,828.7000122070312,16925115,-0.014613267927508722,0.10963945530625319,0.13616441700556514,0.20640003551136354,729.8024993896485,717.8690026855469,642.425749206543,0.13647188808987343,0.1553640306396824,0.29104417971796837,0.027222948270070123,0.018277111398056833,15670695.9,1.0800487169175428,True,True
2021-10-27,803.1949462890625,835.0,849.0,824.2000122070312,828.75,22898400,0.0067518391862764204,0.1195280918847339,0.16433099292191367,0.22344322344322354,735.6949981689453,720.4730029296875,643.9144992065429,0.13498121107009386,0.15896084461819804,0.29675601501273885,0.02661478479825122,0.01822935341990112,16141025.9,1.4186458866905107,True,True
2021-10-28,768.277587890625,798.7000122070312,831.9500122070312,796.25,830.0999755859375,18750423,-0.04347303927301649,0.05718069120718905,0.12572235688094602,0.1721455585415268,740.1549987792969,722.3940026855469,645.1744992065429,0.07909831525057576,0.10562935079445812,0.2379596732191045,0.02874831319103261,0.01920424076268771,16505876.85,1.135984665970654,True,True
2021-10-29,771.5,802.0499877929688,808.75,783.9000244140625,798.0,15701200,0.004194285131761344,0.05630185787867581,0.1443961129090776,0.1617177859656984,745.2149993896485,724.4110021972656,646.4792492675781,0.07626656528635323,0.10717532638268956,0.24064305034019706,0.028424805485142993,0.019156845900605048,16366561.0,0.9593463159426101,True,True
2021-11-01,773.279541015625,803.9000244140625,809.7000122070312,793.0,807.7000122070312,11406421,0.00230663505922446,-0.04490909735625759,0.16111800788859698,0.12488630371652976,750.7925018310547,726.7230029296875,647.7884994506836,0.07073528631877335,0.10619867703821972,0.2409915043193256,0.028091271993277857,0.018677170508239117,16390091.55,0.6959339406496481,True,True
2021-11-02,770.44189453125,800.9500122070312,810.0,798.0,809.0,9452457,-0.0036696257214090533,-0.0343019186997614,0.14388745821702553,0.14022350101542802,755.8300018310547,729.1280029296875,649.0697494506836,0.0596959769613139,0.09850397870985339,0.23399682836072078,0.028193618138836835,0.018523163571250858,16413887.75,0.5758816645983216,True,True
2021-11-03,756.0133056640625,785.9500122070312,806.0,780.4500122070312,806.0,11839149,-0.018727760498644885,-0.058742500350860816,0.12745666293620528,0.12656774127848625,760.2725036621093,731.1930029296875,650.2594995117188,0.033774085503865514,0.07488721727088143,0.20867132705820168,0.02867866312998167,0.018686069850989823,16630984.8,0.711872997442701,True,True
2021-11-04,752.3099365234375,782.0999755859375,789.0,779.0,788.5,3149310,-0.004898576959471601,-0.020783819165374973,0.13430018214059092,0.11275521484358375,764.9025024414062,732.9460021972657,651.3874993896484,0.02248322248867085,0.06706356708586347,0.20066776890678284,0.028519106571084325,0.01869473486595566,16128409.8,0.19526475573555924,True,True
2021-11-08,750.4342041015625,780.1500244140625,793.0,773.1500244140625,793.0,13967995,-0.002493224949168593,-0.027304985614636346,0.11100827520927048,0.11306890746116216,768.8000030517578,734.7280029296875,652.521749572754,0.01476329515771413,0.06182154661760153,0.19559236902811983,0.028449744204602105,0.018693566422968117,16324732.1,0.8556339494232803,True,True
2021-11-09,756.5903930664062,786.5499877929688,788.5999755859375,779.2000122070312,784.0,10084357,0.008203503401429835,-0.021582331252869014,0.11821148776355361,0.13409271377243748,772.9575012207031,736.4830029296875,653.7394995117188,0.01758503740606643,0.06798118173008438,0.20315506158102226,0.028439514895362963,0.018638409287637877,16359753.75,0.6164125178228921,True,True
2021-11-10,751.1556396484375,780.9000244140625,784.2999877929688,773.0999755859375,782.5499877929688,9507347,-0.007183222257443389,-0.02503275795916482,0.09477083664371833,0.1134241842122623,776.3375030517578,738.1060034179687,654.9782495117188,0.005876981782239721,0.0579781505609307,0.19225336871295706,0.02851780351778275,0.01863973476166812,16368239.25,0.580841155532352,True,True
2021-11-11,742.0656127929688,771.4500122070312,777.0,766.0999755859375,776.7000122070312,9221059,-0.012101436690467482,-0.018449010464778093,0.08869607505860189,0.09456587055679777,779.4800048828125,739.2620031738281,656.1032495117188,-0.01030173016046576,0.04354073237230138,0.1758058091941399,0.028661034974140236,0.01872322261264519,16460487.65,0.5601935493083645,True,True
2021-11-12,747.0193481445312,776.5999755859375,779.9000244140625,771.2000122070312,772.7000122070312,15380106,0.0066756929125877384,-0.0070323490240227216,0.09387979749688369,0.105244358645745,782.8125030517579,740.4130029296875,657.2312493896484,-0.007936162799650148,0.04887403721040062,0.18162363141914417,0.028657003883143888,0.018723734220242896,16911604.65,0.9094409618900358,True,True
2021-11-15,743.8450927734375,773.2999877929688,784.5499877929688,771.5499877929688,777.0,10934583,-0.0042492761997307005,-0.008780409417071477,0.06324762927549266,0.10282369413971115,785.1125030517578,741.4810021972656,658.3342492675781,-0.01504563385868063,0.04291274557461677,0.174631258594391,0.02834221160479093,0.01873357227079622,17010816.3,0.6428017801826477,True,True
2021-11-16,734.947509765625,764.0499877929688,775.75,762.0,773.2999877929688,12785837,-0.011961722676861686,-0.028605937765168843,0.024951338495346143,0.11005375758162095,786.0425018310547,742.2590014648438,659.4854992675781,-0.027978784845418936,0.02935765856004524,0.1585546439482286,0.028067740006757855,0.018634141005729757,16882828.1,0.7573279147467005,True,True
2021-11-17,732.3021850585938,761.2999877929688,771.9500122070312,756.2999877929688,760.9000244140625,11657214,-0.0035992409448806217,-0.025099290572823785,0.018529634570534137,0.11840748367935006,786.7350006103516,742.9990014648438,660.6017492675782,-0.032329835074898505,0.024631239466061272,0.15243410820064685,0.02809000388458844,0.018571154157222228,16898198.85,0.6898494983682831,True,True
2021-11-18,733.84130859375,762.9000244140625,767.5,756.4000244140625,764.9000244140625,20644385,0.0021017163362004876,-0.01108300947265295,0.02285989057615856,0.11747474845907924,787.5875030517578,743.8340014648437,661.8044995117187,-0.03134569624585948,0.025632093869965233,0.152757385265486,0.02807886510017408,0.01857077515344646,17292268.3,1.193850606632098,True,True
2021-11-22,723.3563842773438,752.0,770.4500122070312,740.25,768.2999877929688,20403786,-0.014287618384118073,-0.03167650831739599,-0.0046326935804102964,0.08287131799460856,787.4125030517578,744.5360009765625,662.9232495117187,-0.044973254697519116,0.01002503440216107,0.13436962808875896,0.028154375496316414,0.018579175544406877,17704107.8,1.1524888026269247,True,True
2021-11-23,723.2120971679688,751.8499755859375,757.9500122070312,731.2000122070312,740.9500122070312,24913042,-0.00019950055061501715,-0.027738280803870863,-0.009811684876600557,0.08798204018083822,787.0400024414063,745.1540002441407,663.9974993896484,-0.044711865656521854,0.008986028847195238,0.13230844434963052,0.028130713208595608,0.018561693620680067,18287313.5,1.3623128405383327,True,True
2021-11-24,731.2440795898438,760.2000122070312,772.25,746.7000122070312,750.25,23186419,0.011105987753190272,-0.005038905369344371,-0.09682784699776581,0.08786494774847253,782.9650024414062,745.9530004882813,664.7794995117188,-0.029075361176285286,0.019099074217040712,0.14353708675643428,0.012314126117482166,0.018560740430169823,14640430.25,1.5837252460527926,True,True
2021-11-25,722.4425659179688,751.0499877929688,754.9500122070312,745.2999877929688,754.9000244140625,17749726,-0.012036338157240922,-0.013463812116581098,-0.09446592032167456,0.07331187966126285,779.0475006103516,746.8259997558594,665.4479995727539,-0.03593813316318695,0.005655919904355544,0.1286381329197397,0.01222144322326075,0.01864367344263132,14681660.8,1.2089726252223454,True,True
2021-11-26,694.6915283203125,722.2000122070312,742.0499877929688,718.5999755859375,739.0,18987552,-0.038412856740356105,-0.053349077080303564,-0.13508980574008234,0.011980645274956236,773.4075012207031,747.1209997558594,665.9472497558594,-0.06621023061303233,-0.0333560260747211,0.0844702977177163,0.014002512824170858,0.01917302701894557,14486118.4,1.3107411851610988,True,True
2021-11-29,691.0362548828125,718.4000244140625,727.75,710.5,726.75,15878074,-0.005261683368511738,-0.04468081859832118,-0.10053835803893063,-0.0009039196021700668,769.3925018310547,747.2020007324219,666.3977499389648,-0.06627628589521817,-0.0385464389684812,0.07803488904315858,0.01108676129906306,0.019162977004340866,14342500.95,1.1070645248937565,True,True
2021-11-30,687.1405029296875,714.3499755859375,732.2999877929688,711.0999755859375,716.75,23965914,-0.005637595615935909,-0.04987697175992489,-0.1093448208238974,-0.007709471648708832,765.0075012207031,746.945,666.8987496948242,-0.066218338452803,-0.043637783791393714,0.071152069055201,0.010862850490491384,0.019177029194443657,14755736.65,1.6241760454568699,True,True
2021-12-01,699.9819946289062,727.7000122070312,732.75,715.0,716.4000244140625,15214913,0.018688369954998008,-0.04275190670629592,-0.09478792124999758,0.0035164968725323043,761.1975006103515,747.0959997558593,667.3892498779297,-0.04400630372073078,-0.025961840988529494,0.0903681956821043,0.012052148744529152,0.019306014155127994,14946161.25,1.0179813227961796,True,True
2021-12-02,694.8839111328125,722.4000244140625,727.0999755859375,715.2000122070312,724.5999755859375,21924640,-0.007283204210612126,-0.0381465466274713,-0.09807102390388,-0.0026231719051875713,757.2700012207031,747.3440002441406,667.8345001220703,-0.04604695386114721,-0.033376832920220756,0.08170515941003109,0.01205986063009591,0.019329673449963565,15569770.4,1.4081543553140643,True,True
2021-12-03,689.0162353515625,716.2999877929688,729.5,715.0999755859375,720.5,20130259,-0.008444125712816053,-0.008169515804952843,-0.08861889857152339,-0.0067254197558052065,753.7875,747.4330004882812,668.2552499389649,-0.04973220198932893,-0.04165324875269616,0.07189578811149189,0.011659849335776316,0.019352986975512354,15984325.9,1.2593749105178091,True,True
2021-12-06,682.5233154296875,709.5499877929688,726.7999877929688,707.5,719.0,20129080,-0.009423426099444465,-0.012319092873517068,-0.0927630610634087,-0.010252526671485462,750.1600006103515,747.5570007324219,668.6497497558594,-0.054135134883679936,-0.0508416253238424,0.0611684040142737,0.011710477914130626,0.019376761427952065,16833314.4,1.1957882756588922,True,True
2021-12-07,706.6672973632812,734.6500244140625,740.9500122070312,712.0,717.0,30513303,0.0353745853751144,0.02841751175461882,-0.05832211571636248,0.019002721374664633,747.8850006103515,747.9100012207032,669.085,-0.017696539154399282,-0.017729374904732365,0.09799207038576929,0.014764444729533859,0.019896503964259318,17660579.8,1.727763377281645,False,True
2021-12-08,724.7031860351562,753.4000244140625,758.7999877929688,744.0999755859375,747.9000244140625,33432411,0.0255223567370797,0.035316767590928055,-0.04214603508153869,0.04602571942250955,746.2275024414063,748.5190014648438,669.4822500610352,0.009611709497693521,0.006520907204314863,0.12534727297904724,0.015912944671943475,0.02015554442917222,18827982.5,1.775676761968522,False,True
2021-12-09,726.2420654296875,755.0,763.0,748.4000244140625,759.0499877929688,16007459,0.0021236733927396667,0.04512731794600833,-0.03316688897979769,0.06728862587383211,744.9325012207031,749.0190014648438,669.9655001831055,0.013514645639436607,0.00798510922080653,0.1269236994944576,0.015890401624034645,0.020004401189347567,19152988.1,0.8357682319031984,False,True
2021-12-10,729.1279296875,758.0,759.7999877929688,751.0499877929688,756.5,7627774,0.003973509933774766,0.058215849389465335,-0.017434716435550057,0.07145379450241007,744.2600006103515,749.8360009765624,670.4687503051758,0.018461289574047468,0.010887712796938231,0.13055231829221392,0.01573521006718449,0.020006758436921287,19073323.85,0.3999184442097123,False,True
2021-12-13,725.2802124023438,754.0,769.7000122070312,752.5,763.0,16855546,-0.00527704485488123,0.06264535687653461,-0.02910117988206995,0.055505040623176294,743.1300018310546,750.7260009765625,671.0155001831055,0.014627317080674995,0.0043611104706358095,0.12367001923837795,0.015664700442299766,0.019993745126942138,19147095.85,0.8803186724528774,False,True
2021-12-14,729.753173828125,758.6500244140625,764.3499755859375,746.2999877929688,751.0499877929688,17488089,0.0061671411327088865,0.03266861662346199,-0.018944735044827632,0.043248090867849864,742.3975036621093,751.882001953125,671.688500366211,0.02189193884917784,0.009001442305250684,0.12946704313151014,0.01573655073615709,0.019882349145024222,19474771.15,0.8979868808368514,False,True
2021-12-15,723.5969848632812,752.25,759.5,750.9000244140625,757.5999755859375,7358740,-0.008436069607992813,-0.0015264459474326753,-0.015443999714016332,0.04457401166104957,741.807504272461,753.0800024414062,672.4005004882813,0.014077096372570042,-0.0011021437811593593,0.11875288530233674,0.015624737421464429,0.019871648891314386,19203416.3,0.38319952476372654,False,True
2021-12-16,712.9197998046875,741.1500244140625,757.9000244140625,738.9500122070312,757.9000244140625,14123215,-0.01475570034687601,-0.018344338524420523,-0.026467836203861728,0.04387327382262329,740.8000061035157,753.8990026855469,673.0247506713868,0.00047248691639167895,-0.016910724415432066,0.10122253850949203,0.015931260439701365,0.019880297485387447,19326716.35,0.7307612293901131,False,True
2021-12-17,700.5591430664062,728.2999877929688,742.0,726.0499877929688,742.0,13227787,-0.017337969638809292,-0.03918207415175623,-0.045353303858743366,0.023108818952323418,739.0700042724609,754.5230029296876,673.4607507324218,-0.014572390189335427,-0.0347544276780154,0.08142900235968686,0.016306537973637025,0.020017618503525576,18955886.45,0.697819489206742,False,True
2021-12-20,682.9081420898438,709.9500122070312,720.2000122070312,698.2000122070312,718.0999755859375,16900016,-0.02519562802897335,-0.05842173447343335,-0.055917536958735026,0.00938371628661172,736.9675048828125,754.9320031738281,673.870500793457,-0.036660358152531214,-0.05958416225260943,0.05354071942768224,0.016903871924696046,0.020230060541622574,18780697.95,0.8998609127835955,False,True
2021-12-21,692.9119873046875,720.3499755859375,728.9500122070312,716.1500244140625,720.0,14563335,0.014648867103439711,-0.0504844758394436,-0.04189665627833683,0.004672211416928196,735.3925048828125,755.2950024414063,674.4835006713868,-0.02045510281515872,-0.04626672590512704,0.06800236754330502,0.01734160011977118,0.02016330721048493,18263212.6,0.7974136488998654,False,True
2021-12-22,704.8877563476562,732.7999877929688,734.9500122070312,720.0499877929688,726.25,9843359,0.017283282611211703,-0.025855782262587224,-0.03604317807693014,0.013624698000719748,734.0225036621093,755.8830017089844,675.1057507324218,-0.00166550189270942,-0.030537813211604092,0.08545955503705094,0.01763966432338987,0.020257076961150443,17596059.6,0.5594070049637704,False,True
2021-12-23,703.4448852539062,731.2999877929688,739.5,727.9500122070312,739.0499877929688,9994049,-0.002046943265539114,-0.01329020616154064,-0.02629651863524718,0.0017808051958476678,733.0350036621094,756.2430017089844,675.7097506713867,-0.0023668936141831853,-0.03298280296101719,0.08226940201225075,0.017471794754985028,0.020222204643798522,17208275.75,0.5807699240291404,False,True
2021-12-24,699.4048461914062,727.0999755859375,733.9000244140625,719.5999755859375,733.9000244140625,8800690,-0.005743213834457639,-0.0016476894509743767,0.006784773326065308,0.013874295242483514,733.2800018310547,756.6130017089844,676.1847506713867,-0.008427921434766006,-0.03900676575261719,0.07529780117637497,0.015185877893555022,0.02010260678902818,16698932.65,0.5270211087413422,False,True
2021-12-27,707.9658203125,736.0,738.75,716.0999755859375,724.0,7955163,0.012240441084997,0.03669270701466254,0.02449885159774645,0.03735024665257214,734.1600006103515,757.1340014648438,676.7610006713867,0.002506264830716365,-0.027913158600664345,0.08753311622543958,0.015343073632991946,0.020105955698221312,16302787.1,0.4879633740662663,False,True
2021-12-28,707.7734985351562,735.7999877929688,742.4500122070312,732.5,740.4000244140625,17833655,-0.00027175571607507276,0.02144792494018488,0.030027315657758846,0.049868036562049856,735.2325012207032,757.3040014648437,677.3927505493164,0.0007718464177295381,-0.028395484019997252,0.0862235936187512,0.015261668590324228,0.020034130317765166,15996174.15,1.1148700203417077,False,True
2021-12-29,707.6773071289062,735.7000122070312,744.9500122070312,731.9000244140625,738.0,7143073,-0.00013587331828768257,0.003957456962842887,0.010993541110075,0.06261289542822102,735.6325012207031,757.1090014648438,678.0310006713867,9.177270745386323e-05,-0.02827728796829876,0.08505365017018507,0.014722650404503632,0.019960595003312136,15592582.15,0.4581071262786324,False,True
2021-12-30,707.6773071289062,735.7000122070312,740.5,729.0,733.2999877929688,14326182,0.0,0.006016716104893627,0.018410835193086283,0.05069979917324474,736.2975006103516,756.8740014648438,678.5840008544922,-0.0008114768864827537,-0.027975580105582543,0.08416940464351796,0.014605729290052652,0.019916634964551164,15212659.25,0.9417276601393672,False,True
2021-12-31,711.9578857421875,740.1500244140625,746.25,736.5499877929688,736.5499877929688,6973055,0.006048677631092625,0.017948080410274514,0.033296156676728916,0.06175591785373391,737.4900024414062,756.7600024414063,679.1567510986329,0.003606858349062936,-0.021948805399014004,0.08980735775174775,0.014470712960524042,0.01991404680937595,14554799.05,0.4790897473778588,False,True
2022-01-03,735.5726928710938,764.7000122070312,766.0,743.0,743.0499877929688,9653095,0.033168934652678894,0.0389945818030315,0.07772535460905972,0.10906455722557107,740.2475036621094,756.9440026855468,679.9160012817383,0.03303288214273192,0.010246477274365118,0.12469777261523918,0.01581347616551015,0.02027012434938824,14030999.8,0.6879834037200969,False,True
2022-01-04,743.4122924804688,772.8499755859375,778.0,763.5999755859375,767.9500122070312,12114437,0.010657726230949516,0.05035334113568024,0.051997481661206324,0.10061230724968473,742.1575012207031,757.2150024414062,680.7627511596679,0.04135574229830086,0.02064799706044007,0.13527065672938265,0.014093899891834582,0.020187663227765315,13111056.5,0.9239863316888307,False,True
2022-01-05,758.0332641601562,788.0499877929688,795.8499755859375,771.2000122070312,773.0,19741360,0.019667480995269937,0.07115668712427015,0.045991455078401966,0.12034398697870441,743.8899993896484,756.142001953125,681.7282510375976,0.059363600047793286,0.042198404211675866,0.15595911801153672,0.013647140051245836,0.020319091402220477,12426503.95,1.5886495573841588,False,True
2022-01-06,755.1475219726562,785.0499877929688,792.5,774.0,775.0499877929688,13018067,-0.00380686510560313,0.06707893810942345,0.039801308335057906,0.10058881428275734,745.3924987792968,755.2550012207031,682.7060009765624,0.053203498933270144,0.039450234058839184,0.1499093118707182,0.013716318849628123,0.020271453395184814,12277034.35,1.0603592552463617,False,True
2022-01-07,763.0352172851562,793.25,802.2999877929688,786.25,792.2000122070312,12250210,0.010445210285378259,0.07174217906427005,0.04650395778364125,0.11946094740416258,747.1549987792969,754.4200012207032,683.7792510986328,0.06169402773991095,0.05147000174500582,0.16009662288740079,0.01384005228370397,0.020271330861967286,12508156.15,0.9793777638441138,False,True
2022-01-10,779.86865234375,810.75,812.7999877929688,799.0,800.25,10905080,0.022061140876142415,0.060219677073185984,0.07526525198938994,0.1419818100708392,749.9924987792969,754.6610009765625,684.8997509765625,0.0810108118675763,0.07432343655079032,0.18374988287555127,0.014384760957691098,0.020434759790649733,12210632.85,0.8930806563396098,False,True
2022-01-11,779.7725219726562,810.6500244140625,814.7000122070312,801.9000244140625,809.75,9982061,-0.0001233124710915412,0.0489099437435665,0.06854280409489455,0.11460200470238413,752.5924987792969,754.8330017089844,686.0857510375977,0.0771433753710471,0.07394618753910498,0.1815578784256644,0.014397500731038185,0.020231090706169325,11835331.45,0.8434120364242103,False,True
2022-01-12,792.37353515625,823.75,825.4500122070312,812.0499877929688,818.5999755859375,13034848,0.01615984110455826,0.0453017102468507,0.09504818876703225,0.1050372077413324,756.1674987792969,755.2300012207031,687.2725009155273,0.089375041019091,0.09072732633574643,0.19857843708669964,0.01438207837862168,0.020093375104632338,12119136.85,1.0755591063401517,True,True
2022-01-13,793.287353515625,824.7000122070312,828.0,817.4000244140625,821.0,9372244,0.0011532773378224448,0.05050636906005401,0.11273019637153969,0.10335139305423291,760.3449981689453,755.7050012207031,688.5585009765625,0.08463922849899075,0.09129886777893392,0.19771959976876796,0.013674962149903377,0.020093281852341063,11881588.3,0.7888039682371422,True,True
2022-01-14,788.766357421875,820.0,822.0,811.5999755859375,821.0,7552844,-0.005699056793334156,0.033722029624960514,0.12590967148704446,0.09941680879698422,764.9299987792969,756.3860009765625,689.8007510375977,0.07199351745726523,0.08410255999093863,0.18874906814258563,0.012878932904039651,0.0201104535083009,11597841.15,0.6512284400446371,True,True
2022-01-17,788.0929565429688,819.2999877929688,828.9000244140625,814.5499877929688,820.0,6722700,-0.0008536734232088561,0.010545775877852215,0.1540248942964304,0.08444736967964106,770.3974975585937,757.1300012207031,691.0045010375976,0.06347695882884885,0.0821126972541446,0.1856651969165546,0.010746856491322253,0.020059435881025513,11088975.35,0.6062507840275793,True,True
2022-01-18,791.7482299804688,823.0999755859375,836.0,818.2000122070312,821.0,10835146,0.004638090869749867,0.015357985316627687,0.14263899976733185,0.08402474492119238,775.5349975585938,757.9890002441406,692.1627508544922,0.06133182664493497,0.08589963089282993,0.189171151683329,0.010616089195080157,0.02005834596204254,10902565.9,0.9938161437758427,True,True
2022-01-19,777.8004760742188,808.5999755859375,821.0,803.25,816.0,16416144,-0.01761632903667376,-0.01839153191388465,0.10343884969384565,-0.0393252181787449,779.3249969482422,758.43,693.2952508544922,0.0375645318093647,0.06614977728457139,0.16631402651227045,0.011613621665898174,0.014493764799882389,11231205.15,1.461654718327356,True,True
2022-01-20,779.3877563476562,810.25,812.9500122070312,795.4000244140625,803.0,13567654,0.0020405941922849724,-0.017521537520486574,0.10795844868710991,-0.023089008741700057,783.2724975585937,759.0169995117187,694.3745007324219,0.034442039680307124,0.06749914760965803,0.1668775266737954,0.011518712930049007,0.0143791829622047,11409885.4,1.1891139590236375,True,True
2022-01-21,773.856689453125,804.5,811.3499755859375,795.5,803.0,12078277,-0.007096575131132377,-0.01890243902439026,0.10645031909358726,-0.0365269461077844,787.1424987792968,759.6779992675781,695.5407507324219,0.022051282007541584,0.059001314735500854,0.1566540122240736,0.011590147122619519,0.014375422026950866,11573764.75,1.0435910233962549,True,True
2022-01-24,768.0372314453125,798.4500122070312,816.7000122070312,783.2999877929688,813.0,29612316,-0.007520183707854233,-0.025448524223835478,0.08485056006390113,-0.0003130086342545413,790.2649993896484,760.115,696.7035006713867,0.010357301441547229,0.05043317419999771,0.14603990282465262,0.0117929449002467,0.013260668621854087,12656622.4,2.339669705244584,True,True
2022-01-25,771.1152954101562,801.6500244140625,804.2999877929688,786.0499877929688,789.0,19513184,0.004007780271912065,-0.0260599584596094,0.08949447908882258,-0.0004986763730361332,793.5575012207031,760.6820007324219,697.8235006713867,0.01019777795674659,0.05385696472664603,0.1487862240850053,0.011747307398092382,0.013259709932352827,12740598.85,1.5315751033162779,True,True
2022-01-27,764.3819580078125,794.6500244140625,801.5,781.0499877929688,786.9000244140625,23984679,-0.008731990004137269,-0.017251980698820057,0.08012778473414284,-0.011506405919992413,796.5050018310546,761.2940014648437,698.9132507324218,-0.002328896130881497,0.04381490315835501,0.13697948004464622,0.012073187731446776,0.013304766585702848,13582679.15,1.7658282828539023,True,True
2022-01-28,751.3961181640625,781.1500244140625,805.8499755859375,778.5,803.75,14072314,-0.016988610816383254,-0.035914810966908406,0.06177791416733225,-0.02472062861752078,798.7775024414062,761.6910021972657,699.988000793457,-0.022068070236663684,0.02554713415369614,0.11594773557347549,0.012931376402565555,0.013475249265214097,13569985.75,1.0370175959838426,True,True
2022-01-31,758.7546997070312,788.7999877929688,798.7000122070312,784.0,788.9500122070312,14824509,0.009793206349375083,-0.01951524202241295,0.06572986796483571,0.0036261537523671894,801.2100006103516,762.2090014648437,701.239250793457,-0.015489088763157022,0.034886738777712534,0.12486571009885172,0.013003517505690423,0.013317306291697271,13962558.45,1.0617329949297365,True,True
2022-02-01,779.435791015625,810.2999877929688,812.8499755859375,789.2999877929688,802.0499877929688,20031583,0.027256592713897243,0.014841224127710273,0.05963119505429271,0.03605678696755388,803.4899993896485,763.3750012207031,702.4877508544922,0.008475511093471333,0.061470426064815564,0.15347205244125028,0.012338162496209488,0.013750750354304595,14481482.85,1.3832549613522487,True,True
2022-02-02,782.7542724609375,813.75,818.7000122070312,808.8499755859375,815.0,11214375,0.004257697468845079,0.015093837980958869,0.05292103992505681,0.04306860800417578,805.5350006103515,764.6130017089844,703.680500793457,0.01019819049876669,0.06426388013438133,0.15641970906175562,0.012210677412123254,0.013751937776568114,14436479.75,0.7768081411952246,True,True
2022-02-03,778.1372680664062,808.9500122070312,818.4000244140625,806.0,814.0499877929688,9755335,-0.005898602510560624,0.017995327947687212,0.02652119121604901,0.02847883130341944,806.5800018310547,765.5880017089844,704.890500793457,0.002938345075003568,0.056638832376228354,0.14762507268354463,0.011661516167466291,0.013743693726323296,13937178.5,0.6999504957190582,True,True
2022-02-04,774.3857421875,805.0499877929688,812.0,795.7999877929688,809.7999877929688,10314067,-0.004821094449856345,0.030595868440039364,0.025476084721976155,0.030925806920068633,807.5800018310547,766.6680017089843,706.1170007324218,-0.0031328339388662085,0.050063372931212546,0.14010849045969498,0.011687407633930414,0.013724504898882762,13801978.5,0.7472890209182691,True,True
2022-02-07,756.4461059570312,786.4000244140625,805.0,781.4500122070312,798.0499877929688,14659368,-0.02316621782708772,-0.003042549969633268,-0.008635330079971637,0.019379106838382176,807.2375030517578,767.952001953125,707.2535009765625,-0.025813318334343083,0.024022363915998435,0.11190686695536467,0.01268100229770303,0.013970203696718347,13922436.4,1.0529312240205313,True,True
2022-02-08,762.3137817382812,792.5,795.7000122070312,774.2999877929688,790.0,14642455,0.007756835448323507,-0.021967157918206248,-0.02251002158495219,0.020473892497957058,806.3250030517578,769.4340014648437,708.3200009155273,-0.017145695593505428,0.029977877883279547,0.11884458856966806,0.011716763907765762,0.013979109198363844,14109305.15,1.0377871088853727,True,True
2022-02-09,772.2214965820312,802.7999877929688,804.25,794.2000122070312,797.25,8855292,0.012996830022673489,-0.013456236199116733,-0.009683632128140274,0.038148196645126475,805.9325012207031,771.2030017089844,709.484250793457,-0.0038868185896333562,0.04097103617849718,0.13152615705725856,0.012132620289368021,0.014058267360744975,14052966.7,0.6301368379389956,True,True
2022-02-10,774.818603515625,805.5,808.7999877929688,796.2999877929688,805.9500122070312,13159771,0.003363243956261197,-0.004264802713357607,-0.022154779969650984,0.05425039312776314,805.0200012207031,772.7590014648438,710.5562509155274,0.0005962569607824708,0.04236896428652703,0.133618906261314,0.011535142482333305,0.013962825175521984,14059212.85,0.936024736263951,True,True
2022-02-11,760.678466796875,790.7999877929688,797.4000244140625,787.9000244140625,796.8499755859375,13138408,-0.018249549605252935,-0.017700764196104335,-0.04110588567028217,0.03874950804284305,803.325,774.1270007324218,711.5165008544922,-0.015591463239699066,0.021537792952283308,0.11142888020623753,0.012139601583080578,0.014170748967740497,14247521.05,0.9221539630573137,True,True
2022-02-14,724.99169921875,753.7000122070312,773.9500122070312,751.1500244140625,772.0,16170656,-0.04691448679643917,-0.041581906398585944,-0.08085364364996184,-0.012059263222723327,800.0100006103515,774.8750012207031,712.1782510375976,-0.05788676187546282,-0.027326974002663262,0.058302484116776965,0.015755588041258446,0.015445972488086752,14678411.65,1.101662522184408,True,True
2022-02-15,746.4903564453125,776.0499877929688,778.0,743.2000122070312,752.9500122070312,18880659,0.02965367549947473,-0.020757113194992072,-0.0527889669771715,0.031981366745969186,797.8475006103515,776.2050012207031,712.9512509155273,-0.027320399952005525,-0.00019970681390946154,0.08850357832518552,0.01746876318094367,0.015798819043637058,15286309.6,1.2351351957440402,True,True
2022-02-16,734.947509765625,764.0499877929688,777.5499877929688,760.4000244140625,775.7000122070312,10549784,-0.01546292144675776,-0.048268560773811475,-0.07174096652224171,0.01622665771522236,794.8950012207031,776.7930004882812,713.7690008544922,-0.03880388401029855,-0.016404644078026442,0.07044434106592234,0.017610385405055183,0.015934991700145697,15272041.5,0.6907906844019511,True,True
2022-02-17,721.7692260742188,750.3499755859375,767.25,746.2999877929688,766.5,16683808,-0.01793077995669501,-0.06846682112236191,-0.07203809270188288,-0.012957164513187625,791.9825012207032,776.7319995117188,714.5370007324219,-0.05256748169384595,-0.03396541399397213,0.05012053234025138,0.01762372412576,0.016044683134414435,15285424.7,1.0914847527919849,True,True
2022-02-18,720.3744506835938,748.9000244140625,756.7999877929688,745.5499877929688,746.8499755859375,8945567,-0.0019323665210261298,-0.05298427418523888,-0.07571734105021599,-0.0028626102308104695,788.9150024414063,776.61,715.3237509155274,-0.05072153261569612,-0.035680683465236784,0.04693856936186114,0.01757933911443682,0.015970028964247394,15054320.35,0.5942192534782881,True,True
2022-02-21,725.7130737304688,754.4500122070312,762.9000244140625,740.0,746.25,10967164,0.007410852733395368,0.0009950908688509674,-0.06221253920816505,0.044655219405832725,786.4125030517578,776.5390002441407,716.0820010375977,-0.04064341642673874,-0.028445432914721236,0.05358047138992261,0.01773397315234781,0.015173966126567837,14998764.7,0.7312044837932553,True,True
2022-02-22,722.6830444335938,751.2999877929688,759.75,737.75,738.4000244140625,13156371,-0.004175259279070809,-0.031892275483937915,-0.05905194275560599,0.045796161276219216,784.0550018310547,776.485,716.7975009155274,-0.041776423798829176,-0.03243464098730986,0.04813421759056524,0.017705406073925855,0.015167206334255464,14175967.45,0.9280757060429058,True,True
2022-02-23,716.23828125,744.5999755859375,756.4000244140625,742.7000122070312,754.5999755859375,11624282,-0.008917892074926437,-0.025456465568718167,-0.07116577944324731,0.04234619029025333,781.2024993896484,776.2039990234375,717.4850009155274,-0.04685407923337215,-0.040716130652846294,0.0377916954860531,0.017676301771086287,0.015196906471306827,13781522.35,0.8434686462631612,True,True
2022-02-24,680.4552612304688,707.4000244140625,727.0999755859375,702.2999877929688,712.9000244140625,28023104,-0.04995964597313041,-0.057239891476422056,-0.10979676249847725,-0.02789609379200253,776.8399993896485,775.3069995117188,717.9557510375977,-0.08938774397577876,-0.08758720757122462,-0.014702475198896225,0.020493684339571275,0.016366828368327223,13983443.6,2.004020240050169,True,True
2022-02-25,702.242431640625,730.0499877929688,739.2999877929688,720.25,724.9500122070312,16935750,0.03201860700763648,-0.025170297778855044,-0.06541641813225785,0.010589649945141,774.2849975585938,775.0849987792968,718.5567510986328,-0.057130139296386884,-0.058103319064689685,0.01599489069828297,0.0219387354979377,0.016863141222936123,14126615.4,1.1988540439771582,False,True
2022-02-28,714.41064453125,742.7000122070312,744.75,715.4000244140625,722.9500122070312,20547432,0.01732761403408145,-0.01557425914226862,-0.058443174821697697,0.0368561006058441,771.9799987792969,775.3729992675782,719.296501159668,-0.03792842640815175,-0.0421384122111681,0.03253666743774164,0.022235299811272497,0.01696414687294124,14412761.55,1.4256415697101434,False,True
2022-03-02,687.6214599609375,714.8499755859375,724.9500122070312,707.75,717.0,25252492,-0.037498365643395704,-0.04851592279950301,-0.11779589490925513,0.007469505861671832,767.2074981689453,775.4709985351562,719.8842510986328,-0.06824427903528951,-0.07817316580985001,-0.0069931735622947855,0.02234731882421804,0.017623752643402376,14673807.0,1.7209230024628237,False,True
2022-03-03,671.7018432617188,698.2999877929688,721.9500122070312,693.4500122070312,717.5999755859375,23190595,-0.02315169386332183,-0.062181022443003164,-0.1418740549395161,-0.049479392109304854,761.4349975585938,775.0299987792969,720.2577511596679,-0.08291582337042058,-0.09900263358473993,-0.030485979958349008,0.022524440861283947,0.017264268546211818,15272618.0,1.518442679572029,False,True
2022-03-04,661.84228515625,688.0499877929688,706.5499877929688,685.0,691.0,18697223,-0.014678505197165959,-0.027353740391967474,-0.14945302254735737,-0.08674015729149742,755.3899963378906,774.1349987792969,720.5320010375976,-0.08914601579499903,-0.11120154898315182,-0.045080597666520505,0.022579590716970004,0.017007608200454542,15719712.4,1.1894125365805037,False,True
2022-03-07,628.8488159179688,653.75,667.0,642.1500244140625,663.5,27799873,-0.049851011411236934,-0.10451337452060372,-0.187938625038372,-0.13410596026490063,747.8249969482422,772.5839990234375,720.6735009765625,-0.1257981443949422,-0.15381369426967972,-0.09286244171025648,0.024434077156191922,0.018114356512029597,16594002.7,1.6752964009099505,False,True
2022-03-08,639.6702880859375,665.0,669.4500122070312,643.0,643.2999877929688,26716975,0.017208413001912115,-0.1046182993536453,-0.15437439044399348,-0.12269129287598945,741.754995727539,771.3419995117188,720.9055010986328,-0.1034775581824765,-0.13786621184770986,-0.07754900054644465,0.024957222817744172,0.01827113274261282,17196883.05,1.5535940392407332,False,True
2022-03-09,642.0269165039062,667.4500122070312,674.5,658.0,664.7000122070312,33728639,0.0036842288827536596,-0.06630756801810644,-0.15779178270406147,-0.11478778221879149,735.5024963378906,769.9709997558593,721.0305010986328,-0.09252515724922306,-0.1331491544244331,-0.0743109879678614,0.024837798821195772,0.018280627482622033,18151192.25,1.8582051545401927,False,True
2022-03-10,650.828369140625,676.5999755859375,701.0,673.6500244140625,693.9500122070312,35959638,0.013708836933945756,-0.031075487020436388,-0.15719981829344087,-0.10815270043851344,729.192495727539,768.7869995117187,721.1767510986328,-0.07212432992625395,-0.11991230859045765,-0.061811165494155995,0.024870348380613812,0.018362530095511708,19506409.55,1.843478058215998,False,True
2022-03-11,652.078857421875,677.9000244140625,684.7000122070312,670.5999755859375,674.6500244140625,20546724,0.001921443799933753,-0.014751781932972441,-0.1584108945821695,-0.09883679041001991,722.8124969482421,767.6309997558594,721.3147512817383,-0.06213571669527407,-0.11689337112536535,-0.06018832526373552,0.024837081134144633,0.018347178242080306,19875757.2,1.0337580497310563,False,True
2022-03-14,669.6337890625,696.1500244140625,698.4500122070312,677.25,678.0999755859375,24648981,0.026921373864493114,0.0648566339029637,-0.11968887814864959,-0.060716452159029544,718.0799987792968,766.84,721.5330014038086,-0.03053973708015023,-0.09218347450046627,-0.03517923219085084,0.025914138008606157,0.018626170962686584,20451285.85,1.2052533606340454,False,True
2022-03-15,670.7880249023438,697.3499755859375,708.0999755859375,688.0,701.5,27714580,0.0017236962289630675,0.04864657982847742,-0.0747645425347494,-0.042496241556754355,715.2624969482422,765.9839990234375,721.7585012817383,-0.025043283324277077,-0.08960242449581501,-0.033818133977576714,0.02409377546262694,0.018502700632118438,21028482.05,1.3179543789276982,False,True
2022-03-16,681.0323486328125,708.0,711.4000244140625,701.25,706.9000244140625,14621688,0.015272137071653313,0.06075359510277578,-0.0876876346412917,-0.0027466894478517245,711.8599975585937,764.8499987792969,722.0832513427735,-0.005422411108689906,-0.07432829818922626,-0.019503639388650074,0.023248914735610467,0.0183259441448773,20815533.5,0.7024411841281897,False,True
2022-03-17,692.67138671875,720.0999755859375,725.0,716.2000122070312,717.7999877929688,18329844,0.01709036099708694,0.0642920507975615,-0.05752243035038196,-0.00034705352741448703,709.6624969482422,763.7949987792969,722.3700012207031,0.014707665520694135,-0.05720778908371105,-0.003142469414468496,0.023564977980709324,0.018361425548045204,21204536.5,0.8644303071656388,False,True
2022-03-21,683.6776123046875,710.75,722.9000244140625,705.5,721.0,12866839,-0.012984274271540586,0.04845843694183527,-0.05277534067354961,-0.03009004934535875,707.6824981689454,762.2489990234375,722.6732513427735,0.00433457353967559,-0.0675619109889497,-0.016498813704007076,0.023422129443490668,0.018298729940798755,21013688.05,0.6123075097234062,False,True
2022-03-22,690.8438720703125,718.2000122070312,721.0,699.5,708.6500244140625,11761758,0.01048190250725467,0.03167418949891987,-0.04099347203393522,-0.01791327198770054,706.1474975585937,760.9119995117187,723.0225015258789,0.017067984649251633,-0.05613262418268594,-0.0066699021243047385,0.023600195427215316,0.018350367459104015,21154497.6,0.5559932560156853,False,True
2022-03-23,690.9400024414062,718.2999877929688,726.7999877929688,714.25,725.0,7140403,0.00013920298557268396,0.030042321560889595,-0.04791573176373998,-0.012102858050403897,704.3399963378906,759.4129992675781,723.3627514648438,0.019819961279582188,-0.054137882172495266,-0.006998927801608046,0.023506289126401864,0.01833559956480398,20963159.55,0.3406167368506242,False,True
2022-03-24,677.3771362304688,704.2000122070312,712.7000122070312,698.0,702.4500122070312,17727969,-0.01962964753662433,-0.0053672143968485075,-0.06269130354214325,-0.043206505153490116,701.9849975585937,757.2819995117187,723.6702514648438,0.003155358955164278,-0.07009540348101995,-0.026904849575343337,0.02382695347932826,0.018435287234951636,21191739.45,0.8365509137099173,False,True
2022-03-25,672.61572265625,699.25,706.0999755859375,696.6500244140625,705.0,15263007,-0.007029270265868637,-0.028954278979071102,-0.0609051532002145,-0.04967380864275417,699.7174987792969,755.0539990234375,723.9255014038085,-0.0006681250363360647,-0.07390729549888175,-0.034085691629813786,0.023805825923318688,0.018454083800650077,21373675.7,0.7141030496687101,False,True
2022-03-28,683.2928466796875,710.3499755859375,713.4000244140625,695.6500244140625,702.0,13806166,0.01587411596129784,-0.0005628201393774734,0.004170131566391122,-0.034457028952665114,699.8649963378906,752.7859985351563,724.265251159668,0.014981431137305767,-0.05637196099793951,-0.01921295485521335,0.02137887888146597,0.01857741653443641,20662828.8,0.6681643706015703,False,True
2022-03-29,688.0543212890625,715.2999877929688,716.9500122070312,705.8499755859375,714.2999877929688,11489374,0.006968413285223463,-0.004037906383697609,-0.02020409594771866,-0.027728726485764632,699.1274963378906,750.597998046875,724.6612512207031,0.02313239221714425,-0.04702651798400059,-0.01291812334655007,0.0201278552537831,0.01860180825268024,20390510.0,0.5634667303564256,False,True
2022-03-30,703.0601196289062,730.9000244140625,731.75,719.0999755859375,721.0499877929688,20154520,0.021809082744747466,0.017541468516250935,-0.015887959605525692,-0.012497466317484385,698.5374969482422,748.8159985351563,725.1137512207031,0.04632897676532055,-0.023925736303900047,0.007979814454792011,0.020364134071996456,0.018803116942893307,20370864.4,0.9893797142943036,False,True
2022-03-31,702.4829711914062,730.2999877929688,739.9000244140625,727.7999877929688,739.9000244140625,16046383,-0.0008209558093458247,0.037063298968339486,0.021612943603120938,-0.04498499263100464,699.3099975585938,747.0359985351563,725.5867510986328,0.04431509679908219,-0.022403218553061377,0.006495759035290316,0.01842571248210094,0.01829086712089782,19910558.95,0.8059232812246088,False,True
2022-04-01,708.206298828125,736.25,738.2999877929688,723.0999755859375,725.0,12658848,0.008147353562215853,0.05291383625312829,0.05434628794277252,-0.04735715435352017,701.2074981689453,745.2989990234375,726.0922509765625,0.04997451100075323,-0.012141434558874287,0.013989612214943437,0.01755420317107135,0.01826753386977552,19383971.6,0.6530574982889471,False,True
2022-04-04,718.1620483398438,746.5999755859375,749.7999877929688,725.0,742.0,17192197,0.01405769179753813,0.05103118356567671,0.0850955436839369,-0.05259820169925655,704.1349975585938,744.0589990234375,726.5987509155274,0.0603080065251409,0.0034150202683320696,0.027527193853840615,0.01722135122291255,0.01817594827305434,19308720.3,0.8903851074998481,False,True
2022-04-05,713.544921875,741.7999877929688,755.4500122070312,738.0,746.7999877929688,12290391,-0.006429129319488247,0.037047393334598944,0.13468449375597524,-0.05509203321127343,708.5374969482422,742.6899987792968,727.1072509765625,0.04694527952012728,-0.001198361345636667,0.020207110844614462,0.011984876079505824,0.018186606901317678,18533246.2,0.663153711301801,False,True
2022-04-06,713.3526000976562,741.5999755859375,744.9000244140625,732.0999755859375,732.2999877929688,13518142,-0.00026963091173182185,0.014639418271264582,0.1151879332119361,-0.06511191227741886,712.3674957275391,741.4319982910156,727.6502508544922,0.04103567334798641,0.0002265579248117433,0.019170919978470202,0.011791381505601904,0.01812702619406578,17873304.55,0.7563314306083371,False,True
2022-04-07,720.0379028320312,748.5499877929688,757.7999877929688,737.0999755859375,737.0999755859375,15087175,0.009371645679383978,0.02498973066554888,0.12150719020555156,-0.07671910232134593,716.422494506836,740.4339978027343,728.2410006713867,0.0448443391050255,0.010961125521409043,0.02788772824224206,0.011813038978766822,0.01792682182486856,16941231.35,0.8905595283072502,False,True
2022-04-08,725.5687866210938,754.2999877929688,756.0,743.5999755859375,749.8499755859375,15480705,0.007681517725961484,0.024516112452249494,0.11483892256978412,-0.06951216298528273,720.3074951171875,739.4869970703126,728.8562506103516,0.04719164093975037,0.020031441771582337,0.03490912942203672,0.011677191854448737,0.017962824378211607,15917284.7,0.9725719739121083,False,True
2022-04-11,730.6669311523438,759.5999755859375,765.4500122070312,751.6500244140625,752.2999877929688,13216391,0.007026366006548823,0.017412269521971835,0.12051917425802094,-0.07787559868171468,724.3924926757812,738.78599609375,729.5000006103515,0.04860277165505389,0.028173218770035202,0.04126110342755607,0.01165027324758597,0.017852962304137066,15550768.05,0.8498867038274678,False,True
2022-04-12,734.7550048828125,763.8499755859375,768.9000244140625,750.25,757.0,14020000,0.0055950502061583585,0.029724977292831634,0.09724908252191322,-0.07378444976404108,727.777490234375,738.4399951171876,730.1957504272461,0.04956526663107641,0.03441035241423718,0.04608931939004002,0.01053505931016708,0.01787205075190518,15019319.0,0.9334644267160183,False,True
2022-04-13,733.216064453125,762.25,772.5499877929688,760.7000122070312,769.5999755859375,16119956,-0.002094620196472774,0.027845233405983993,0.09306664757467198,-0.07042682926829269,731.0224914550781,737.9089953613282,730.8367504882813,0.04271757560121636,0.03298645875261741,0.042982580570464224,0.0106261108362382,0.017862446190443717,14439587.8,1.1163723108494827,False,True
2022-04-18,728.935546875,757.7999877929688,762.9000244140625,749.2000122070312,751.0,17651530,-0.005837995679936037,0.012357224167851122,0.0703389658092779,-0.07506408021031319,733.5124908447266,736.8589953613281,731.3807504272461,0.033111224759475144,0.02841926686580254,0.03612241277923922,0.01054930010259133,0.017873067731519643,14591079.9,1.2097480187193,False,True
2022-04-19,737.1117553710938,766.2999877929688,777.9000244140625,757.0,761.7999877929688,31088359,0.01121668004344456,0.01590878986371358,0.06415777499428299,-0.06900739822344759,735.8224914550781,735.9099951171875,731.9607504272461,0.041419631353782016,0.04129580095041652,0.04691404196970783,0.010226617059956956,0.017929210151959012,15229005.65,2.0413912578724402,False,True
2022-04-20,726.771240234375,755.5499877929688,770.0,753.7999877929688,766.7999877929688,15984202,-0.014028448611830502,-0.005331737655526747,0.06303199126692749,-0.06560720924401098,738.0624908447265,734.8419946289063,732.5380004882812,0.023693789028930823,0.028180198349333496,0.03141405263528796,0.010315671692239837,0.01787887009111594,15384873.8,1.0389556786614655,True,True
2022-04-21,733.3121948242188,762.3499755859375,764.2000122070312,751.2000122070312,759.0499877929688,8953098,0.009000050165882678,-0.001963736398432614,0.06147307522765599,-0.05911758644129894,740.2699890136719,733.9879943847657,733.1952502441407,0.029826937333613524,0.038640933391485666,0.03976393100212916,0.01026514506845258,0.01792126700183256,15244440.8,0.5873024873434518,True,True
2022-04-22,719.1721801757812,747.6500244140625,758.8499755859375,745.9000244140625,757.0,14411607,-0.019282418367727594,-0.01915378889594954,0.04086041642750682,-0.07066497897568369,741.7374908447266,733.2129943847656,733.7792504882813,0.007971194178957308,0.019690090246437864,0.01890319727159251,0.01140868693422263,0.018061694348586402,15608001.0,0.9233473908670303,True,False
2022-04-25,723.5487670898438,752.2000122070312,762.2000122070312,744.0,747.6500244140625,35417460,0.00608571877802655,-0.007389780517477962,0.06816245266676901,-0.05792472827717576,744.1374908447266,732.4069946289062,734.3390005493164,0.010834720010078014,0.027024615716775946,0.0243225698816949,0.01022222187909382,0.018064604362787572,16492475.55,2.147492042211941,True,False
2022-04-26,725.0397338867188,753.75,768.5499877929688,751.6500244140625,768.0,18727514,0.0020606059130747756,-0.016377382217001135,0.0779406506971756,-0.059751790625932166,746.8624908447266,731.4259948730469,734.8685006713868,0.009221924035150542,0.030521208274567613,0.025693711611482595,0.009934382375895792,0.01805751041160196,16665700.9,1.1237159548447193,True,False
2022-04-27,708.6392211914062,736.7000122070312,750.0,732.5499877929688,749.0,21441480,-0.0226202159774046,-0.024948680948298385,0.03709444291788522,-0.07292520031036409,748.1799926757812,730.0499951171874,735.300500793457,-0.015343875245438121,0.009108988609439539,0.0019033189995982802,0.011130339288195918,0.018248080264896785,17047466.6,1.2577516943192015,True,False
2022-04-28,718.691162109375,747.1500244140625,751.9000244140625,734.6500244140625,739.0999755859375,18649559,0.014184894847123486,-0.019938285116612553,0.04452682394049212,-0.043525569912774786,749.772494506836,729.1769958496094,735.7662509155274,-0.0034976877812761265,0.024648375725994542,0.015471997369232549,0.01141719082264953,0.01823168673179315,17405475.85,1.071476537655246,True,False
2022-04-29,714.98779296875,743.2999877929688,759.9500122070312,740.0999755859375,750.0999755859375,19560317,-0.0051529632540842085,-0.005818279247035263,0.016965334470807836,-0.05768255667359634,750.3924926757812,728.9689953613281,736.2732507324218,-0.009451726865658983,0.019659261947810647,0.009543653872467805,0.010543632506601645,0.018189664679927494,17375765.7,1.125724030682573,True,False
2022-05-02,712.7755126953125,741.0,743.7999877929688,731.0999755859375,732.0,10903446,-0.003094292789911024,-0.014889672992917546,0.014651530036810856,-0.08552386626800101,750.9274932861329,728.2679956054687,736.785500793457,-0.013220308718075002,0.01748258123569757,0.005720116915987505,0.010575306616218439,0.01781361870126062,17118618.85,0.6369349125382273,True,False
2022-05-04,696.6635131835938,724.25,747.0,721.1500244140625,746.2000122070312,12212165,-0.022604588394062097,-0.03913764510779438,-0.016298811544991465,-0.10998463901689703,750.3274932861328,727.4719958496094,737.175500793457,-0.03475481509004008,-0.004429030764059094,-0.017533817631682935,0.011630805265709733,0.01800728470130988,17096284.7,0.7143168948280325,True,False
2022-05-05,701.0401000976562,728.7999877929688,743.0,726.5,730.7999877929688,9121547,0.006282344208448309,-0.01072352963643275,-0.023841398841460193,-0.099079081778356,749.4374938964844,727.04099609375,737.4947506713867,-0.027537328024805463,0.0024193844757991467,-0.011789592902868185,0.011232696786748337,0.018028702327261097,16692752.2,0.5464375730683884,True,False
2022-05-06,691.8538208007812,719.25,723.0,710.2999877929688,716.25,12455025,-0.01310371563244539,-0.037341930673083445,-0.030399013432260036,-0.10657721768083994,748.3099945068359,726.4479956054688,737.769250793457,-0.03883416594747946,-0.009908480233976724,-0.025101684264476898,0.01149405137373798,0.018085592185923663,16700983.9,0.7457659425682099,True,False
2022-05-09,683.2928466796875,710.3499755859375,720.0,704.4500122070312,705.2999877929688,13055889,-0.012374034638946818,-0.04432935927372683,-0.042138620588962894,-0.09670656976999592,746.7474945068359,725.5659948730469,737.9837506103515,-0.04874140079296274,-0.020971240927259438,-0.03744496406805631,0.011742992620354109,0.01792154463788574,16677871.25,0.7828270649349208,True,False
2022-05-10,684.2066040039062,711.2999877929688,720.0,705.0,705.0,12797419,0.0013373861331489323,-0.04008098813364536,-0.049762875702968334,-0.10246058322653784,744.8849945068359,724.7659948730469,738.2387506103515,-0.04508750607347478,-0.018579799791016538,-0.036490583561362366,0.0114645895832809,0.017884262011395473,16563383.45,0.772633142173618,True,False
2022-05-11,686.9962768554688,714.2000122070312,719.7999877929688,707.1500244140625,718.0,13516852,0.004077076428836701,-0.013876407032059057,-0.05316184042806016,-0.11036369822265901,742.879995727539,724.1579956054687,738.5302505493164,-0.03860648245403364,-0.01375111986454225,-0.03294413238210403,0.011323809247921,0.01779738503014048,16465190.8,0.820935035869733,True,False
2022-05-12,669.2969970703125,695.7999877929688,710.7000122070312,693.2999877929688,707.5499877929688,16685166,-0.025763125314437474,-0.045279912942828404,-0.08399156114210637,-0.13618871782375075,739.6899963378906,723.9259948730469,738.7997503662109,-0.059335679490348125,-0.03885204741820403,-0.05820218882305772,0.012187350679103506,0.018049886558463565,16638629.55,1.0027968920072505,True,False
2022-05-13,651.5498046875,677.3499755859375,702.4000244140625,675.0,702.4000244140625,15717043,-0.02651625830801385,-0.05825516081204385,-0.11324213230961644,-0.143462334292211,735.3649963378906,722.8719946289062,738.9067501831055,-0.07889282334740877,-0.06297383130237044,-0.08330790669040966,0.01290821375798848,0.01820477601766634,16723481.7,0.939818829711758,True,False
2022-05-16,656.984619140625,683.0,690.9500122070312,675.75,676.7000122070312,9025623,0.008341366527953253,-0.038502113783248415,-0.10396851426697273,-0.09380391543314837,731.4024963378906,721.6779943847656,738.9385000610351,-0.0661776471645098,-0.053594532029120234,-0.07570115788582499,0.013276305839015103,0.017290041943554074,16368765.05,0.5513930325489033,True,False
2022-05-17,682.9561767578125,710.0,712.0,685.1500244140625,686.0999755859375,12765052,0.039531478770131745,-0.00182762240303469,-0.06307731401815186,-0.08511048106683206,729.0124969482422,721.5809948730468,739.1047500610351,-0.026079795652106608,-0.01604947324739947,-0.0393783831840232,0.01664446823974636,0.0176352075281696,16124441.15,0.7916585685823908,True,False
2022-05-18,680.4071044921875,707.3499755859375,717.0,706.0999755859375,712.3499755859375,11835013,-0.0037324287522007005,-0.009591202049865077,-0.07692811320122028,-0.07420982018573763,726.0649963378906,721.7619946289062,739.2542498779297,-0.025775957863755306,-0.019967827552874517,-0.04315737690687671,0.016298781748797207,0.017540610020003233,15161773.85,0.7805823459106667,True,False
2022-05-19,664.006591796875,690.2999877929688,698.7000122070312,685.5999755859375,693.0999755859375,16661023,-0.02410403390322491,-0.007904570417492596,-0.08636093051976779,-0.08002930598628533,722.8024963378906,721.8069946289063,739.2804998779297,-0.044967344066459636,-0.04365018220990757,-0.06625430008372823,0.016778009211443935,0.017658526557524725,15195614.9,1.0964362488549246,True,False
2022-05-20,682.5233154296875,709.5499877929688,711.9000244140625,693.7000122070312,694.7999877929688,11695528,0.027886426684645027,0.047538220074750503,-0.0692595126698693,-0.05254377799210397,720.1624969482422,722.9229943847656,739.3907498168945,-0.01473627021713142,-0.018498521551631897,-0.04035858175303875,0.01805328864194527,0.018053743349394816,15332736.4,0.7627815215032328,False,False
2022-05-23,683.9662475585938,711.0499877929688,725.9500122070312,707.4500122070312,709.5499877929688,17438451,0.0021140159619559284,0.041068796182970324,-0.048953434663200124,-0.057525381021735544,718.3324951171875,723.843994140625,739.5334997558593,-0.01013807307023007,-0.01767508807314999,-0.038515512782441585,0.017694730165000876,0.018026152055731194,15484078.6,1.1262181916333078,False,False
2022-05-24,681.1766967773438,708.1500244140625,717.3499755859375,706.0499877929688,711.0499877929688,13779981,-0.004078424061165431,-0.0026055994168133756,-0.058561535599715886,-0.05743373363503479,716.129995727539,724.6579943847656,739.6672497558594,-0.011143188193603604,-0.02278035997480221,-0.042610005177598054,0.017585070828468503,0.01802585143520128,14402204.65,0.9567966387701622,False,False
2022-05-25,686.1785888671875,713.3499755859375,720.8499755859375,711.5999755859375,712.0499877929688,10457589,0.007343007826876136,0.008482364044799517,-0.053598705690298454,-0.041968843707534176,714.109994506836,725.3929943847656,739.7819995117187,-0.0010642883123674896,-0.01660206107868789,-0.03572947698541906,0.01770224680015627,0.018024343690455705,13988708.4,0.7475735929987646,False,False
2022-05-26,700.7515869140625,728.5,733.0,715.4500122070312,723.0,14028733,0.02123785649760257,0.0553382773903337,-0.011130734452501678,0.029827501919320154,713.6999938964843,726.4049938964844,739.8512493896484,0.02073701307283793,0.002884074477899512,-0.01534261028688233,0.017808160808438066,0.017032932941194193,13618071.05,1.0301556621706713,False,False
2022-05-27,711.6211547851562,739.7999877929688,741.2000122070312,731.25,733.5499877929688,8110620,0.015511307883278924,0.042632655232778705,-0.009837430744726094,0.013355249863746144,713.3324920654297,727.2779931640625,740.0379992675781,0.03710400973170769,0.01721761794885146,-0.00032162061251572727,0.01786774330658156,0.016646322712252175,13091124.1,0.6195510743038484,False,False
2022-05-30,719.9898071289062,748.5,751.9500122070312,744.2999877929688,748.75,7628515,0.011759951812091662,0.05266860677864926,0.006995845947033175,0.007809327719994652,713.5924926757813,728.3009936523438,740.2922491455079,0.04891798566059036,0.027734420965651374,0.011087176535977461,0.01802763205205682,0.016565445738151538,12494534.0,0.6105481805083727,False,False
2022-05-31,724.1740112304688,752.8499755859375,756.7000122070312,740.5,741.0,20272212,0.005811590629174912,0.06312214874081334,0.01599186988655532,0.05315800699140083,714.1849914550781,729.1979931640625,740.5422491455079,0.05413861197514591,0.032435610963829964,0.016619884219477354,0.018044094302557524,0.01581879528118455,12962972.3,1.5638552278631344,False,False
2022-06-01,723.981689453125,752.6500244140625,755.5999755859375,744.2000122070312,748.0,10102092,-0.0002655923203283006,0.05509224107822308,0.03921301265317578,0.07783193122037879,715.6049926757812,729.848994140625,740.8009991455078,0.05176743052024135,0.031240750424387453,0.01599488294727225,0.017180160755158092,0.015499576703641126,12857468.65,0.7856983575067865,False,False
2022-06-02,721.1920776367188,749.75,751.75,743.2000122070312,751.0499877929688,10949759,-0.0038530848601515677,0.029169526424159153,0.02874590087532014,0.0896737349054304,716.6524932861328,730.628994140625,741.081999206543,0.046183480869650184,0.026170609177460058,0.011696412546435608,0.01719868122687507,0.015372095542305099,12948879.25,0.8456144187150405,False,False
2022-06-03,715.9497680664062,744.2999877929688,757.0,741.2000122070312,756.1500244140625,8563791,-0.007269105978034318,0.006082725161195013,0.03482792880496177,0.13850858553417789,717.9049926757813,731.1509936523438,741.2967492675781,0.03676669668894195,0.017983965357061704,0.0040513310335676955,0.01698505131667569,0.01386823536652651,12754317.55,0.6714425108539029,False,False
2022-06-06,718.3064575195312,746.75,750.9500122070312,739.5999755859375,740.2000122070312,9107831,0.0032916999156431537,-0.002338009352037429,0.05124238145294169,0.12293233082706756,719.7249938964844,731.7199938964844,741.5064993286132,0.03754907267733776,0.020540652474834387,0.007071415660057534,0.01665254716392962,0.013729651473609593,12556914.65,0.7253239552759084,False,False
2022-06-07,707.2444458007812,735.25,742.9500122070312,732.3499755859375,741.0,9938912,-0.015400066956812841,-0.023377799238473163,0.033670761448124864,0.1015806225979039,720.922494506836,732.3409936523437,741.6694992065429,0.019873849966306256,0.003972201983598378,-0.00865547149156154,0.0171346783579268,0.013910474000231966,12413989.3,0.8006219241706611,False,False
2022-06-08,701.7134399414062,729.5,741.0,726.4500122070312,736.5999755859375,9369224,-0.007820469228153715,-0.030758019880600895,0.02142255325043818,0.07818508176600347,721.6874938964844,732.9459936523438,741.8109991455078,0.010825331143449413,-0.004701565575346178,-0.016595870322344775,0.017257411512264505,0.013873309890825436,12206607.9,0.7675534494722321,False,False
2022-06-09,704.8396606445312,732.75,734.0999755859375,722.1500244140625,725.0,7444368,0.0044551062371487316,-0.02267422474158054,0.05310435880321629,0.08091159995656683,723.5349945068359,733.393994140625,742.033249206543,0.012736088182500493,-0.000878101192224201,-0.012510556927832539,0.016053195116651178,0.013878933795206378,11744568.0,0.6338562644449758,False,False
2022-06-10,692.5753784179688,720.0,728.2999877929688,718.0,724.75,7990818,-0.017400204708290734,-0.03264810989050815,0.06296600863854507,0.03425982151765572,725.6674957275391,733.4879943847657,742.2297491455079,-0.00781004490473558,-0.01838884138257657,-0.029949957100345093,0.015290945046867479,0.013675126306934774,11358256.75,0.7035250369736535,False,False
2022-06-13,661.794189453125,688.0,702.2999877929688,682.0999755859375,702.25,16622521,-0.0444444444444444,-0.078674255105457,0.007320644216691097,-0.013407866800427382,725.9174957275391,732.6299938964844,742.2562490844726,-0.052233891524458786,-0.0609175085217577,-0.07309638571772803,0.01855761038609803,0.014861329123631233,11738101.65,1.4161166341577898,False,False
2022-06-14,659.3894653320312,685.5,694.6500244140625,680.6500244140625,682.4000244140625,13348598,-0.003633720930232509,-0.06766405984359058,-0.03450704225352108,-0.03177966101694918,724.692495727539,731.733994140625,742.2114990234375,-0.054081553153372486,-0.0631841550493002,-0.07640881217557993,0.016134733648697875,0.014729371947994778,11767278.95,1.134382728302706,False,False
2022-06-15,661.0726928710938,687.25,696.3499755859375,686.0999755859375,687.5,9199591,0.0025528811086799053,-0.05791638108293351,-0.028415885035250832,-0.04561863171736369,723.6874969482421,730.753994140625,742.1924990844726,-0.050349767132771284,-0.05953302272645966,-0.07402728962128646,0.016152819698235916,0.014554799881233331,11635507.85,0.79064799909013,False,False
2022-06-16,652.6560668945312,678.5,700.0499877929688,676.2999877929688,700.0,13237239,-0.012731902510003668,-0.07403616513135447,-0.017093999712640473,-0.04537460429124163,723.0974975585938,729.3919946289062,742.0909991455078,-0.06167563531773934,-0.06977317410070916,-0.08569164592850553,0.015495166408274433,0.014551217880204137,11464318.65,1.1546468136595278,False,False
2022-06-17,660.6879272460938,686.8499755859375,692.6500244140625,669.9500122070312,671.25,16335613,0.012306522602708148,-0.04604170057508683,-0.03199212542817298,-0.043650843898978775,721.9624969482422,728.2929943847656,742.0264990234375,-0.04863482730851876,-0.05690432163752668,-0.07435923583607384,0.014327556730203394,0.014576801460254907,11696322.9,1.3966451798282689,False,False
2022-06-20,659.8223266601562,685.9500122070312,687.7999877929688,677.5999755859375,686.0,10981042,-0.0013102764954435742,-0.0029796334200127284,-0.03529987485668262,-0.045036859439932964,720.7074981689453,727.1799951171874,741.8879989624023,-0.048226896556814225,-0.05669845593526246,-0.07539950347438618,0.014302211198044262,0.014576691378821931,11373452.45,0.9654976840387635,False,False
2022-06-21,669.585693359375,696.0999755859375,708.0,688.5999755859375,690.5499877929688,13319648,0.014796943214927527,0.015463129957604016,-0.0170162372557926,-0.011502465891341629,720.1049957275391,726.1309948730469,741.7732489013672,-0.03333544453104198,-0.04135757803915241,-0.061573093102340826,0.014752469369760815,0.014494788173378771,11350435.8,1.1734922107572292,False,False
2022-06-22,660.447509765625,686.5999755859375,698.9000244140625,685.0999755859375,694.25,6838249,-0.013647464923416286,-0.0009458339964532048,-0.037499125135636024,-0.018090846498480473,718.7674957275391,724.7769946289062,741.6067486572266,-0.044753721242001165,-0.052674159535811116,-0.07417242786811995,0.01489217276510937,0.014573464819430294,11169468.8,0.6122268768949871,False,False
2022-06-23,672.51953125,699.1500244140625,706.0,687.0,690.2000122070312,14960412,0.018278545403988655,0.030434818591101642,-0.0402882300424674,-0.015766807287684648,717.2999969482422,723.5679956054687,741.4767486572266,-0.025303182226960708,-0.033746615853253226,-0.05708435809998824,0.014664154528273203,0.014621638948977066,11216052.75,1.3338393045628285,False,False
2022-06-24,686.2748413085938,713.4500122070312,715.25,706.5499877929688,710.9000244140625,10856736,0.020453389535319166,0.03872757889872802,-0.035617702109656535,-0.0025862933279861,715.9824981689453,722.5599963378907,741.4224987792969,-0.0035370780268940694,-0.012607927614358694,-0.037728132904410794,0.015011417299922671,0.014835137743878768,11353358.55,0.9562576529391824,False,False
2022-06-27,690.0261840820312,717.3499755859375,728.8499755859375,716.0999755859375,728.8499755859375,8285225,0.005466344259833722,0.045775876988291664,-0.04161659908358384,-0.01853885398209909,714.4249969482422,721.6619958496094,741.4034985351562,0.004094171746775066,-0.005975124488293737,-0.03244322827818191,0.014778491095070406,0.014576930532266342,11386194.05,0.7276553485402789,False,False
2022-06-28,683.2446899414062,710.2999877929688,717.2999877929688,707.0,711.0499877929688,8339931,-0.009827821890159294,0.020399386158688637,-0.05651854841311832,-0.027386006208820812,712.2974975585937,720.7119958496094,741.3704983520507,-0.0028043195048016445,-0.014446836068499835,-0.041909558888769904,0.014756137477578016,0.014629641545390074,10789580.0,0.7729615981344964,False,False
2022-06-29,675.9822998046875,702.75,706.7000122070312,700.9500122070312,704.9500122070312,9570557,-0.010629294555428492,0.023521737530328712,-0.06629910688292295,-0.04550084889643469,709.8024963378906,719.44099609375,741.2794982910157,-0.009935857332535214,-0.023199951329399893,-0.05197701862771542,0.01484415490961503,0.014645455974226241,10763003.25,0.8892087810156519,False,False
2022-06-30,680.2628784179688,707.2000122070312,711.9000244140625,701.2000122070312,702.75,11970404,0.00633228346784942,0.011513963401081462,-0.056752234468781304,-0.052772521654564586,707.6749969482422,718.4739965820313,741.2142483520507,-0.00067119050872122,-0.015691569115421466,-0.045889884362913524,0.014998755874266384,0.014547412094334515,10814035.5,1.1069321901153366,False,False
2022-07-01,677.0885009765625,703.9000244140625,706.75,694.0999755859375,703.4500122070312,9884899,-0.00466627225114169,-0.013385643884742837,-0.05427914018741553,-0.05109189000079073,705.6549987792969,717.3049975585938,741.1967483520508,-0.002487014714372182,-0.018687968423691692,-0.050319600053443936,0.014969283164176832,0.014537624919607592,10880090.9,0.9085309204539825,False,False
2022-07-04,692.67138671875,720.0999755859375,721.0999755859375,704.8499755859375,704.8499755859375,8303732,0.02301456259411294,0.0038335541835821108,-0.03568801394584864,-0.028991370965206542,704.3224975585938,716.7539965820313,741.2599981689453,0.02240092866837773,0.004668239060908075,-0.02854601979774596,0.015997641539595066,0.014858429779125248,10839885.95,0.7660349968903502,False,False
2022-07-05,692.0462646484375,719.4500122070312,732.1500244140625,718.0999755859375,723.0499877929688,11460367,-0.0009026015844222357,0.012881915488262008,-0.021489272754802835,-0.03887512665885695,703.5324981689453,716.0989965820313,741.2854983520508,0.022625129726791426,0.004679542411027526,-0.029456243503430124,0.01566892945592399,0.014803225751058574,10915958.7,1.049872696934993,False,False
2022-07-06,698.2987060546875,725.9500122070312,731.9000244140625,722.0,723.0,12163533,0.00903467911559308,0.033013179945971194,-0.004866330079463688,-0.03758448368650735,703.3549987792969,715.5429968261719,741.2792483520508,0.032124621943327325,0.014544220860269963,-0.020679435150920744,0.01573410737259733,0.014817007415083596,11055674.15,1.1002072632540458,False,False
2022-07-07,713.7373657226562,742.0,744.0,733.0,735.9500122070312,10374018,0.022108943485204424,0.04920812668592145,0.012623677925622578,-0.023170058124819315,703.8174987792969,715.6489965820313,741.3884982299804,0.054250571045657336,0.03682112815615235,0.0008248061191662437,0.016482005150417502,0.015073105691362191,11202156.65,0.9260732842903067,False,False
2022-07-08,726.91552734375,755.7000122070312,757.5,744.5499877929688,751.2999877929688,9797700,0.018463628311362834,0.07358997868495298,0.04958335028754335,-0.010669586488700977,705.6024993896484,715.8199963378906,741.6169982910156,0.07099962494565637,0.05571235236954175,0.018989605077106564,0.016352954802078105,0.015248632040276227,11292500.75,0.8676288996482909,False,False
2022-07-11,740.1898193359375,769.5,771.5499877929688,755.0,755.0,12440573,0.018261198319510008,0.06860161934301723,0.11845930232558133,0.009511315185306568,709.6774993896485,716.3439965820312,741.9052484130859,0.0842953322626141,0.07420457723048934,0.03719444180498588,0.01240253362874108,0.015428082474576254,11083403.35,1.1224506234359863,False,False
2022-07-12,730.9555053710938,759.9000244140625,767.4500122070312,757.7000122070312,765.3499755859375,10219829,-0.01247560180108842,0.056223520078822586,0.10853395246398612,0.002771228100979517,713.3975006103516,716.7219970703125,742.1879986572266,0.06518459030754298,0.0602437591147551,0.02386460814359803,0.012899841099435833,0.01549630549035964,10926964.9,0.9352852410096055,False,False
2022-07-13,724.5106811523438,753.2000122070312,764.75,749.9000244140625,764.75,8674121,-0.008816965379356945,0.037537019824759765,0.095962185823254,-0.0170951008673077,716.6950012207031,717.3009973144531,742.3689987182618,0.05093521082769015,0.05004735114963266,0.01458979767133295,0.013269901774130616,0.01546993669450569,10900691.4,0.7957404426658661,False,False
2022-07-14,723.7412719726562,752.4000244140625,759.5,748.7999877929688,750.0,7044542,-0.0010621186670253246,0.014016205409787652,0.1089167640590456,-0.004169099900467987,720.3900024414063,717.772998046875,742.5162487792969,0.04443429512371644,0.048242308447671745,0.013311191035906056,0.01270890764455257,0.015363251831987917,10591056.55,0.665140627542018,True,False
2022-07-15,722.5868530273438,751.2000122070312,759.0,744.2000122070312,753.25,6358018,-0.0015949125041108125,-0.005954743849821642,0.09368863493981783,-0.01462578046301699,723.6075042724609,718.4119982910156,742.6222488403321,0.03813187089914538,0.04563956892982435,0.011550641500566616,0.012683297074991474,0.01531942442717589,10092176.8,0.6299947103582252,True,False
2022-07-18,742.5946044921875,772.0,773.1500244140625,757.8499755859375,759.25,8045363,0.027689014183929883,0.0032488628979856493,0.12544644108410252,0.03256868159005366,727.9100036621094,719.6449987792969,742.8964987182617,0.060570669610356065,0.07275114995520116,0.03917571469505021,0.013600839444723442,0.015522922578030755,9945392.85,0.8089537659641067,True,False
2022-07-19,750.9151611328125,780.6500244140625,782.0,767.1500244140625,767.7999877929688,12825591,0.011204694836868478,0.027306223625929826,0.12146250796368085,0.03782240327749542,732.1375061035156,721.0319995117187,743.2522488403321,0.06626148490702755,0.08268429825960144,0.050316397470819174,0.013502106233950394,0.015567292084572144,9920690.0,1.2928123951055823,True,False
2022-07-20,753.2717895507812,783.0999755859375,789.5499877929688,780.2999877929688,789.5,8152179,0.0031383476529240895,0.039697242291981905,0.14054763098068546,0.03893860774253732,736.9625061035156,722.4099987792969,743.6634988403321,0.06260490744143965,0.08401043300783817,0.0530300018853993,0.012726835247243487,0.01556946540010764,9986386.5,0.81632920976972,True,False
2022-07-21,756.0614013671875,786.0,788.9500122070312,780.0999755859375,784.9000244140625,8312338,0.0037032620412134065,0.04465706339138387,0.12422223064173377,0.0669200311878293,741.3050048828125,724.2139990234375,744.1317489624023,0.06029231533955848,0.08531456318143182,0.05626456752581466,0.012441436973278552,0.015267538934480985,9653982.8,0.8610268085416518,True,False
2022-07-22,769.576171875,800.0499877929688,803.9000244140625,789.0999755859375,789.0999755859375,12267898,0.01787530253558356,0.0650292529181622,0.12138198066328942,0.07080233105846712,745.6350036621094,726.6679992675781,744.630998840332,0.07297804403442143,0.10098420268864694,0.07442476748744653,0.012295704853756126,0.015328070915138384,9724540.9,1.2615400692077916,True,False
2022-07-25,770.3938598632812,800.9000244140625,817.7999877929688,797.0999755859375,803.0,21034148,0.0010624793876177208,0.0374352647850551,0.11647041426310856,0.07749231476798712,749.8125061035156,729.0259997558594,745.1499990844727,0.06813372395724482,0.09858911024061245,0.07481718499374224,0.01234163968338853,0.01530500596208884,10361987.05,2.0299338243237814,True,False
2022-07-26,765.9690551757812,796.2999877929688,802.7999877929688,791.6500244140625,801.5999755859375,7374145,-0.005743584069009322,0.020047348862446634,0.12107560393914363,0.07462886341831143,754.1125061035157,730.7519995117187,745.6839990234375,0.0559432198087193,0.08969936219818564,0.06787860385340028,0.012104514391262065,0.015321886703775437,10313697.75,0.7149855637373124,True,False
2022-07-27,770.009033203125,800.5,803.7999877929688,794.6500244140625,795.0,9536564,0.005274409483129627,0.022219416366401123,0.13909640697260772,0.10528132550914737,759.0000061035156,732.615,746.1754989624023,0.054677198369909474,0.09266122042273217,0.07280391960489041,0.011474408457096876,0.015003604582100528,10311998.1,0.9248027305202859,True,False
2022-07-28,783.5719604492188,814.5999755859375,815.5,805.2999877929688,806.9500122070312,11124518,0.017613960756948766,0.03638673738668885,0.15186646143250515,0.11772775690185933,764.370004272461,735.1009997558593,746.7314987182617,0.06571421043828929,0.10814701089575607,0.09088738989070322,0.011735153572993394,0.015132002492406569,10269703.8,1.0832364999660458,True,False
2022-07-29,787.4196166992188,818.5999755859375,823.4000244140625,808.0,820.6500244140625,11095993,0.0049103856124264045,0.023186035967753815,0.16294920754883213,0.1381299625803789,770.1050018310547,737.2819995117187,747.2579986572266,0.06297189816918203,0.11029426478345239,0.09547168053993094,0.011418346314468426,0.015006052847997577,10330258.5,1.0741253957972108,True,False
2022-08-01,792.0368041992188,823.4000244140625,825.0,817.2999877929688,820.7000122070312,7974903,0.005863729503154724,0.028093394074323985,0.14345237096289432,0.15914697362363506,775.2700042724609,739.5290002441407,747.8319989013672,0.06208162301696207,0.1134114066415699,0.10104946782661273,0.010831713313722891,0.014888656635684847,10313817.05,0.7732251756395078,True,False
2022-08-02,786.6021118164062,817.75,822.0,812.2000122070312,820.0,11106772,-0.0068618220142550035,0.026937099756188854,0.13663213027325893,0.14965557997171608,780.1850036621094,741.7209997558593,748.370998840332,0.04814883157400396,0.10250350235353456,0.09270669396218856,0.011131984490751205,0.014937741789349115,10296137.3,1.0787319240585496,True,False
2022-08-03,793.3834228515625,824.7999877929688,828.0,811.5499877929688,817.75,11073975,0.00862120182570325,0.030356012233564877,0.13616636672463733,0.15485854619934813,785.1275024414062,743.95,748.858498840332,0.050529990642536715,0.10867664196917626,0.10140966426933562,0.011127378123958158,0.014957704661075296,10241659.4,1.0812676508261931,True,False
2022-08-04,789.0067749023438,820.25,829.9500122070312,808.3499755859375,824.0,11113742,-0.005516474127435167,0.00693594964816735,0.10545822102425872,0.17885888817241624,789.0400024414063,745.785,749.2324987792969,0.039554391997902894,0.09984781136654663,0.09478700047903676,0.010792392222487594,0.014531297665705187,10278645.6,1.0812457625740108,True,False
2022-08-05,806.2731323242188,838.2000122070312,840.9000244140625,823.0999755859375,823.0999755859375,16056522,0.021883586963768575,0.023943363310100718,0.10917030391339777,0.23746961307845527,793.1650024414063,747.7530004882813,749.6862487792969,0.05677886647419483,0.12095840693342352,0.11806774310167767,0.011039855127714115,0.014213390082319791,10591586.7,1.5159694628190128,True,False
2022-08-08,809.9019165039062,836.9500122070312,842.2999877929688,831.1500244140625,836.5999755859375,12142951,-0.0014912908396513824,0.016456142083079328,0.0876543368512428,0.22540265330458453,796.5375030517578,749.5220007324219,750.1417489624023,0.05073522464471769,0.11664502361395113,0.11572247960429127,0.010692827765577749,0.014215146181434631,10576705.6,1.1480844281039646,True,False
2022-08-10,821.320556640625,848.75,853.0,842.1500244140625,842.1500244140625,23658553,0.014098796368796629,0.037908896361968925,0.11692324349436256,0.1954225352112675,800.9800018310547,751.4400012207032,750.6079989624023,0.05963943926158244,0.12949802861335336,0.13075000689209748,0.010140071965043587,0.013482617149444463,11248641.8,2.103236410283773,True,True
2022-08-11,831.9166870117188,859.7000122070312,866.5,858.0999755859375,860.0499877929688,22787391,0.012901339861008942,0.04231331829605045,0.14139670509023627,0.21538141214311013,806.3050018310547,753.5810009765624,751.1099990844726,0.06622185184851981,0.14081964791170365,0.1445727167191475,0.009667629075165165,0.013511376880699269,11954305.3,1.9062078831130402,True,True
2022-08-12,846.1417236328125,874.4000244140625,877.25,858.5,863.9500122070312,10792853,0.017099001975460215,0.0660164881610028,0.1621477884653293,0.266695697344135,812.4050018310547,756.0740014648437,751.2734991455078,0.07631048854115763,0.15650058422848812,0.16389041462077092,0.009754825512716085,0.01313438226947891,12141720.85,0.8889063694789194,True,True
2022-08-16,850.8348388671875,879.25,884.5,876.4000244140625,881.4500122070312,13804836,0.00554663249144749,0.0489739766107633,0.1704605773590937,0.23916568969985819,818.8075012207031,758.7730017089843,751.5227490234375,0.07381771501749479,0.15877870986403742,0.16995793027228645,0.009529144808058585,0.012757977152886965,12514061.75,1.1031459070433307,True,True
2022-08-17,854.70556640625,883.25,885.5,878.4000244140625,881.7999877929688,9058040,0.004549331816889435,0.05531989619174027,0.14410621761658038,0.24217708341648891,824.3700012207031,761.5030017089844,751.7639990234375,0.0714242375293972,0.1598772401655515,0.1749032956451313,0.008335583519772084,0.012756847193498393,12564695.6,0.7209120131808048,True,True
2022-08-18,856.4957885742188,885.0999755859375,887.6500244140625,875.0499877929688,880.5499877929688,13137856,0.0020945095793234447,0.04282765901141383,0.13379869071325867,0.24987636104127353,829.5924987792969,764.5000012207031,752.195998840332,0.06690932824045182,0.15775012972226077,0.17668796025305222,0.008330365043927453,0.01271787451887097,12580308.85,1.0443190351403813,True,True
2022-08-19,842.2709350585938,870.4000244140625,886.9000244140625,864.2999877929688,885.0,10787199,-0.016608238139588227,0.012446216185995063,0.11148008115158548,0.22015848349770506,833.9575012207031,767.3180017089844,752.5377490234375,0.043698297743010706,0.1343406807549048,0.1566197516916248,0.009773837320295213,0.012978139192857415,12712059.85,0.8485799411965481,True,True
2022-08-22,824.7073974609375,852.25,867.4000244140625,849.5999755859375,865.5499877929688,13848023,-0.02085250908199454,-0.02533168320632795,0.08428753180661586,0.1698695950583391,837.2700012207031,769.7080017089844,752.7794989013672,0.01789147916138978,0.10723806704327798,0.13213763292412128,0.011398146785303502,0.013134489953552084,12988844.1,1.066147448794154,True,True
2022-08-23,835.98095703125,863.9000244140625,868.0,842.7999877929688,845.3499755859375,13254855,0.013669726505206814,-0.017458033080395174,0.07980755902169512,0.1677480922800756,840.4625030517578,772.5860021972657,753.0942489624024,0.027886456893915,0.1181926956443633,0.1471340082656667,0.011167406777153902,0.01310617400513474,13038191.95,1.0166175686652628,True,True
2022-08-24,845.0771484375,873.2999877929688,875.3499755859375,857.0499877929688,857.0499877929688,10494109,0.010880846293854107,-0.01126522751999004,0.09039825342978847,0.16673345062520872,844.0825012207031,776.292001953125,753.530998840332,0.03461449151002616,0.12496326845539407,0.15894367867673487,0.011251329984071747,0.013096330622047476,12511190.0,0.8387778460721962,True,True
2022-08-25,844.1578369140625,872.3499755859375,881.4500122070312,866.7000122070312,873.2999877929688,9827829,-0.0010878417729424106,-0.014405152357573447,0.09550419309153768,0.15873016387759598,847.8850006103515,780.0290014648438,753.982248840332,0.028854119318038274,0.11835582260110966,0.15699007095679218,0.011077305762706779,0.013098461674346197,12633874.2,0.7778951131237322,True,True
2022-08-26,842.706298828125,870.8499755859375,877.5,867.2999877929688,874.1500244140625,5976725,-0.0017194933707569415,0.000516947563481418,0.08788254289311359,0.15704503731849817,851.4024993896485,783.7010009765625,754.4357485961914,0.02284169498002475,0.11120181612729785,0.1543063504166693,0.011165913660387767,0.013105088802645567,12455882.25,0.4798315269879819,True,True
2022-08-29,828.1911010742188,855.8499755859375,861.0,847.0,850.0499877929688,7755134,-0.017224551209187866,0.0042240839964065025,0.05063835162814612,0.14151380538304426,853.4649993896485,787.2480004882813,754.7822485351562,0.0027944628051468356,0.08714150439900337,0.13390315848965506,0.011681798600529553,0.013327095900708094,12287413.05,0.6311445678958436,True,True
2022-08-30,858.624755859375,887.2999877929688,890.75,859.0999755859375,860.5,12544701,0.03674710884404675,0.027086425185341545,0.08392378970920089,0.19212683373007966,856.9,791.2570007324218,755.3142483520508,0.0354767041579751,0.12138026832198046,0.17474281695186522,0.013967612895402604,0.013986783958479736,12359848.45,1.0149558913078744,True,True
2022-09-01,846.0932006835938,874.3499755859375,885.7000122070312,863.0,863.0,15877583,-0.014594852231704092,0.001202322005777523,0.06187751962739063,0.1708737537140108,859.4474975585938,795.025,755.8287481689454,0.017339602558244405,0.09977670587206378,0.1568096314199734,0.014570090982921906,0.014170509455998532,12754982.45,1.2448141784781523,True,True
2022-09-02,844.2062377929688,872.4000244140625,881.2999877929688,867.0,874.0999755859375,8401284,-0.0022301723867130807,5.737241878334132e-05,0.0668297455384439,0.1865352253166439,862.1799987792969,798.5510009765625,756.307748413086,0.01185370299616717,0.09247878137675447,0.1534987262057883,0.01443953121577655,0.013985689769767785,12619708.05,0.6657272867734844,True,True
2022-09-05,853.9314575195312,882.4500122070312,885.9000244140625,871.5499877929688,871.5499877929688,8744999,0.011519930664512179,0.013320361653899049,0.06989576293317445,0.20966417026323692,865.0625,802.4680017089844,756.8534985351563,0.02009971788978393,0.09967003086442361,0.16594560759111143,0.014509726100919803,0.013956069600076981,12503259.25,0.6994175538670048,True,True
2022-09-06,855.0927124023438,883.6500244140625,889.9500122070312,878.0999755859375,882.5,9879326,0.0013598642307568465,0.032482385489457144,0.07729353784097825,0.2059365737482941,868.2325012207032,806.1580017089843,757.4514987182617,0.01775736703208275,0.09612510517888784,0.1666093814710914,0.014366005457516316,0.01395734771404808,12441538.45,0.7940598375114937,True,True
2022-09-07,847.8834228515625,876.2000122070312,882.6500244140625,872.5,878.5499877929688,8814960,-0.008430953433143706,-0.012509834034312495,0.04533524152540114,0.21694446139865442,870.1325012207031,809.4130017089843,758.025998840332,0.006973088555841889,0.082512895588573,0.15589704515081015,0.01395393530403092,0.013779637433194393,12079460.35,0.729747831822636,True,True
2022-09-08,869.7530517578125,898.7999877929688,900.7999877929688,885.5,885.5,12163106,0.025793169677104988,0.02796364486731573,0.07389924688911775,0.3063953310944314,873.225,813.042001953125,758.7054986572266,0.02928797021726215,0.10547792811912804,0.1846493657732604,0.014866506119245731,0.012579922402439615,12080468.1,1.0068406206875378,True,True
2022-09-09,872.1239013671875,901.25,911.9500122070312,897.7000122070312,910.1500244140624,9936230,0.002725870316317325,0.033069663891073686,0.061855670103092786,0.3147337709700948,875.85,816.8610021972656,759.4517486572265,0.02900039961180556,0.10330888312177633,0.18671133695259057,0.014662947340386746,0.0125365880868876,11394351.95,0.872031164527966,True,True
2022-09-12,877.881591796875,907.2000122070312,908.9000244140624,902.7999877929688,905.0499877929688,6016978,0.006601955292129036,0.028046914451391514,0.055251831249900185,0.3200436699993179,878.225,820.9500024414062,760.228498840332,0.032992698006810484,0.10506122115735161,0.19332544569283128,0.014508326412228205,0.012536017944389785,10555831.3,0.5700146041553354,True,True
2022-09-13,880.5911254882812,910.0,913.9500122070312,905.2999877929688,913.9500122070312,10400475,0.0030864062558342287,0.029819470217759436,0.04071360314724726,0.3411938098747236,880.0049987792969,825.0060021972656,760.9774987792969,0.03408503504219951,0.10302227811236175,0.19583036483963578,0.014114041100635482,0.012327474384736742,10536212.4,0.9871170592574614,True,True
2022-09-14,888.4293212890625,918.0999755859376,922.25,898.0499877929688,898.25,14712947,0.008901072072458938,0.04782008992828701,0.04418535750462049,0.3366819658146243,881.9474975585938,829.2900012207032,761.8127487182617,0.04099164420492274,0.1070915774150265,0.20515176088957143,0.014177052954617107,0.012300976446386539,10581617.95,1.3904250814498553,True,True
2022-09-15,887.9454956054688,917.5999755859376,936.6500244140624,915.75,920.0,16253099,-0.0005446029989063517,0.020916764628727602,0.03889043372311085,0.3377067705467005,883.6649963378907,833.2400012207031,762.7897485351563,0.03840253873207744,0.10124330834050999,0.2029526843380831,0.01417949880614477,0.012294796810559202,10941370.9,1.4854718982243806,True,True
2022-09-16,879.72021484375,909.0999755859376,917.5999755859376,905.2000122070312,914.9000244140624,11966860,-0.00926329580008134,0.008710097737517408,0.02711558090837385,0.3059905293355438,884.8649963378906,837.0330004882812,763.7432482910157,0.027388335337420022,0.08609812881405676,0.19032145635353026,0.01440140261048719,0.01235988777480139,10882821.1,1.0996101001788958,True,True
2022-09-19,870.14013671875,899.2000122070312,912.5,895.3499755859375,904.9500122070312,11235656,-0.010889851110737925,-0.008818342033018345,0.0330882203413958,0.3096417771347326,886.3049957275391,840.4980004882813,764.6674984741211,0.0145491862752134,0.0698419409500648,0.1759359643261511,0.014077416079237584,0.01229609680015014,10905243.95,1.0302984556342731,True,True
2022-09-20,887.1229858398438,916.75,922.5,907.3499755859376,909.2000122070312,12090663,0.01951733491405694,0.007417582417582391,0.07568201818715159,0.3112350253699867,889.529995727539,843.9930004882813,765.6127484130859,0.03060043439029614,0.0862056906510198,0.19740691609456862,0.013554659130227624,0.012320503977787722,10817375.95,1.1177075712155498,True,True
2022-09-21,885.67138671875,915.25,917.0,905.6500244140624,912.0,8917640,-0.001636214889555454,-0.0031042105018233013,0.059439720030990184,0.2828509136452433,892.0974945068359,847.1840002441406,766.5769982910156,0.025952887028298566,0.08034382110172555,0.19394399002374407,0.013395727070732758,0.012167856108738342,10600515.2,0.8412459047273476,True,True
2022-09-22,874.2044067382812,903.4000244140624,911.7000122070312,895.2999877929688,906.0,11125669,-0.012947255488596099,-0.015475099770799083,0.0344670068038857,0.25935743383298737,893.6024963378907,849.8620007324218,767.5124984741211,0.010964078677402345,0.062996137767662,0.17704926787524244,0.01371153838473293,0.012366790745622918,10632093.2,1.0464232010306307,True,True
2022-09-23,853.7379150390625,882.25,904.9000244140624,878.75,901.7000122070312,15927517,-0.023411582734658598,-0.029534678590913077,0.011348684233541517,0.24208083227103971,894.0974975585938,852.3090002441406,768.3759985351562,-0.013250789305354616,0.035129277934742964,0.1482008830077135,0.014821357197589504,0.012741497794309296,10937077.6,1.4562863666616026,True,True
2022-09-26,833.2230224609375,861.0499877929688,877.9000244140625,859.2000122070312,870.0,14208640,-0.024029483941095164,-0.0424266279983978,-0.01125335943929373,0.2252578979622466,893.6074981689453,854.4659997558593,769.0079983520508,-0.0364337927363958,0.007705383290839585,0.11968924853598373,0.015816644307566005,0.013109046570992575,11348673.35,1.2520088967050937,True,True
2022-09-27,824.9977416992188,852.5499877929688,874.8499755859375,848.5999755859375,864.9500122070312,12493809,-0.009871668451894466,-0.07003001058852609,-0.0038558017025233093,0.20552880808405116,893.4424987792969,856.4689990234375,769.5037481689453,-0.045769605813691716,-0.0045757770975216605,0.1079218130147308,0.015488197275106091,0.013215679717580638,11585607.1,1.0783905316450788,True,True
2022-09-28,822.0462646484375,849.5,863.25,844.0,844.0,11411458,-0.0035774885187253025,-0.07183829554766452,-0.042601136383412785,0.20684752171608056,891.5524993896485,858.4349987792968,769.9762481689453,-0.04716772082231535,-0.010408474482054508,0.10328078563483944,0.012840119834091931,0.013205431068540874,11528944.95,0.989809392749334,True,True
2022-09-29,816.6273193359375,843.9000244140625,861.5999755859375,841.0999755859375,858.0,13803629,-0.006592084268319587,-0.06586229620548334,-0.03482581577413468,0.17192064022414422,890.0300018310547,859.8729992675782,770.4057482910156,-0.0518296881252196,-0.01857596978521381,0.09539684287932504,0.01255157271957442,0.01300501341835457,11425247.25,1.2081689523174215,True,True
2022-09-30,834.1423950195312,862.0,867.0499877929688,837.5,843.9000244140625,13175031,0.02144800931663049,-0.022952677812411393,-0.011921164744404411,0.19813744579094972,889.5100006103515,861.4999987792969,770.9457482910157,-0.03092714032610666,0.0005803844705880579,0.11810721041114469,0.013573624465781005,0.013217551427034357,11663934.6,1.129552886896331,True,True
2022-10-03,820.9334106445312,848.3499755859375,860.9500122070312,845.7000122070312,859.7000122070312,8232026,-0.01583529514392401,-0.014749448216803018,-0.03864245696570234,0.16860660006986739,887.8049987792969,862.8049987792969,771.394248046875,-0.04444109150951925,-0.01675352277027886,0.09976186331945036,0.01367525726562428,0.013416835867384404,11638285.95,0.7073228854632155,True,True
2022-10-04,839.6097412109375,867.6500244140625,872.6500244140625,860.0999755859375,865.0,8975095,0.02275010241474318,0.017711614377221352,-0.018106715959872677,0.16933965554455854,887.0049987792969,864.4379992675781,771.9712481689453,-0.02182059220846655,0.0037157380277195173,0.12394085462646398,0.014737171622282183,0.013432811537204794,11593074.4,0.7741772967488244,True,True
2022-10-06,856.8345336914062,885.4500122070312,891.7000122070312,873.0499877929688,873.0499877929688,12116698,0.020515170047957332,0.04231902555271483,0.010556950320852465,0.1716951143365255,887.4674987792969,866.1459997558594,772.6927481079101,-0.0022733075577873185,0.022287250020912364,0.1459276851959972,0.01535767820400655,0.013476160352832368,11758161.3,1.0304925822033075,True,True
2022-10-07,854.0281982421875,882.5499877929688,884.5,872.7999877929688,877.2000122070312,9705750,-0.0032751983444373467,0.04579922059575914,-0.018079662016799114,0.14691356438332526,886.6549987792969,867.7789990234374,773.4639981079101,-0.004629772563149892,0.01702160202788261,0.14103563960560628,0.01418214595639433,0.01334170395557358,11635293.5,0.8341646044425093,True,True
2022-10-10,853.2540283203125,881.75,889.7999877929688,870.7000122070312,872.0,7357588,-0.000906450403981407,0.02291183294663579,-0.021636615811373106,0.16035000877897398,885.6799987792969,869.4879992675782,774.322998046875,-0.0044372671672764374,0.014102553160884046,0.13873667994376393,0.01415763271975688,0.013206363753640479,11506361.4,0.6394365468131393,True,True
2022-10-11,842.4644165039062,870.5999755859375,883.25,865.4500122070312,883.25,11130051,-0.012645335315069506,0.026227383320936992,-0.04034395516822509,0.1558682441266832,883.8499969482422,870.8899987792969,775.074248046875,-0.014991255765180012,-0.0003330193178999741,0.12324719571032028,0.014267574754670564,0.013271386380455849,11762015.05,0.9462707667594762,True,True
2022-10-12,840.287109375,868.3499755859375,871.7000122070312,861.5,867.9500122070312,14557532,-0.0025844246072780352,0.0008067206271880067,-0.04576925759787087,0.1541067881572331,881.7674957275391,871.9649987792968,775.7519979858398,-0.015216619127620401,-0.004145835209463877,0.11936543874913474,0.014218263826417308,0.013279770775071057,11969867.9,1.2161815085695307,True,True
2022-10-13,826.0137939453125,853.5999755859375,865.4500122070312,850.5,862.3499755859375,11563124,-0.016986238745555493,-0.03597045138856103,-0.07025378685892658,0.13631517800173398,878.5424957275391,872.6649987792969,776.3634979248047,-0.028390795280706538,-0.02184689797348116,0.09948494212773196,0.014328180914962662,0.013506499355234748,11812376.75,0.9788990179304939,True,True
2022-10-14,842.1256713867188,870.25,883.7999877929688,868.5499877929688,883.7999877929688,8199540,0.01950565240191504,-0.013936873789696436,-0.051601979997549674,0.12726683937823835,876.1749969482422,873.6019982910157,777.079248046875,-0.006762344245018648,-0.0038369856039397465,0.11989864893098368,0.015222212283365526,0.013284460798394498,11409698.8,0.7186464904752787,True,True
2022-10-17,856.5925903320312,885.2000122070312,887.5,868.5499877929688,872.0,8936947,0.017178985586936202,0.00391268750443019,-0.02628969752584387,0.13392683599983424,874.9799987792969,874.9509985351563,777.8252481079102,0.011680282340159165,0.011713814475363682,0.1380448427976777,0.01574643148669184,0.013376047868274394,11258203.15,0.7938164626208579,True,True
2022-10-18,867.9144897460938,896.9000244140625,900.7000122070312,891.1500244140625,896.0499877929688,8097552,0.013217365618714894,0.030209108161787235,-0.002557815571336053,0.14531994940106663,874.8649993896485,876.3929992675781,778.6307482910156,0.025186771718821666,0.0233993484243058,0.1518939193997042,0.015888791482220603,0.01345130503751522,11101297.95,0.7294238958787698,False,True
2022-10-19,863.26953125,892.0999755859375,900.6500244140625,885.5499877929688,900.0499877929688,5529462,-0.005351821493438824,0.027350723403860577,-0.02688849131613036,0.13498724629254144,873.6324981689453,877.8299987792968,779.4127481079101,0.021138725328669006,0.016255968497869144,0.14457965660888283,0.015240180629217469,0.013486645466738511,10773237.9,0.5132590639254332,False,True
2022-10-20,859.9310913085938,888.6500244140625,893.2999877929688,880.0999755859375,889.7000122070312,8107159,-0.0038672248248959873,0.04106144544353518,-0.02906307083959303,0.11074312602079694,872.3024993896485,878.8389990234375,780.1774981689454,0.01874066053445045,0.011163620869723445,0.13903570213150096,0.01525130361007348,0.013349778559696887,10732713.85,0.7553689694242617,False,True
2022-10-21,877.8331909179688,907.1500244140624,910.0,885.7000122070312,888.0,17022807,0.020818094291054523,0.04240163678720177,0.004150985054967471,0.132663249795419,872.4899993896485,880.2429992675782,781.0124981689453,0.03972541238141458,0.0305677241044493,0.1615051315322633,0.01576182122984911,0.013572069634537977,11027570.75,1.5436588334742718,False,True
2022-10-24,896.3642578125,926.2999877929688,933.5,917.5999755859376,925.0,4390050,0.021110029061924385,0.046430157048308995,0.049929144565563854,0.1632550571303022,874.6924987792969,881.7939990234376,781.820498046875,0.05900072206597651,0.050472093049873656,0.18479879986138625,0.015372142647001395,0.013748355599692378,10450697.4,0.4200724441605208,False,True
2022-10-25,895.1547241210938,925.0499877929688,943.25,922.9500122070312,942.0499877929688,15838120,-0.0013494548380360571,0.031385843028933325,0.07432785657897045,0.1555902408406855,877.8924987792968,883.1009985351562,782.5814981079102,0.053716701166992564,0.047501915780183035,0.18204939680980492,0.014091287493922697,0.013753241978046416,10532171.4,1.503784870041139,False,True
2022-10-27,894.5258178710938,924.4000244140624,933.7000122070312,920.25,926.0499877929688,16080842,-0.0007026251418662532,0.036206759009168143,0.08427662618011977,0.13479014500233233,881.4850006103516,884.1009985351562,783.2632482910157,0.04868491667356323,0.04558192553302898,0.18019072952929927,0.013772564346631832,0.013614793086721757,10711523.05,1.5012656860221198,False,True
2022-10-28,878.5105590820312,907.8499755859376,927.5,901.0,918.0,9854094,-0.01790355732477955,0.02160575102052653,0.06868743447432335,0.10902761136306749,884.4024993896485,884.672998046875,783.8772482299805,0.026512222899043092,0.02619835531346748,0.15815324100283745,0.014546086418693644,0.01385429472196723,10633654.85,0.9266892840705658,False,True
2022-10-31,879.3331909179688,908.7000122070312,917.0499877929688,904.5999755859376,912.5999755859376,9000840,0.0009363183829409483,0.0017086344609538173,0.07678633240704169,0.10359483272261105,887.6424987792968,885.1819982910156,784.4544982910156,0.023722966686130054,0.026568563257523214,0.15838460253168596,0.014369501311164342,0.013844520718766936,10393515.4,0.8660053556085556,True,True
2022-11-01,879.236328125,908.5999755859376,921.0,899.5499877929688,921.0,9823761,-0.00011008761940112244,-0.01910829368486089,0.05406029650340782,0.11109749383789369,889.9724975585938,885.6519982910156,784.9437481689453,0.020930397375698018,0.025910828789641016,0.15753514529601365,0.013772442358374626,0.013800805301920311,10225951.9,0.9606695881290034,True,True
2022-11-02,875.46240234375,904.7000122070312,920.75,902.3499755859376,920.5999755859376,7690974,-0.0042922776620055725,-0.021998784773231028,0.0664231016004615,0.09687199999585605,892.7899993896484,886.337998046875,785.4139981079102,0.013340217548947653,0.020716717776535054,0.15187660824289506,0.013182928762251288,0.013794120353275137,10198899.3,0.7540984349164032,True,True
2022-11-03,879.2847290039062,908.6500244140624,913.8499755859376,897.0499877929688,901.0499877929688,9022366,0.004366101640028708,-0.017038078303798443,0.04725407577518115,0.10777205048956096,894.8399993896485,887.4659985351562,785.8384982299805,0.015432954532467846,0.023870239438888108,0.1562808725465883,0.012371527045053139,0.013766248663199787,10201262.85,0.8844361852709246,True,True
2022-11-04,876.0430297851562,905.2999877929688,913.4000244140624,900.2000122070312,906.2999877929688,7099336,-0.0036868282959150456,-0.002808820687936975,0.022417951676865888,0.08005246314571046,895.8324981689453,888.2939978027343,786.2414981079102,0.010568370363181367,0.019144551277279875,0.15142737946492613,0.011668335128000095,0.013527706342836083,9950394.75,0.7134727996595311,True,True
2022-11-07,887.8487548828125,917.5,920.0999755859376,903.4500122070312,910.25,11100219,0.0134762094018952,0.009684150626999122,0.03960117012117603,0.0962422923927786,897.5799987792968,889.177998046875,786.7289981079101,0.02219300925577028,0.031851892439236806,0.16622115392542436,0.011930466074877336,0.013611717328153162,10020118.2,1.1077932194452558,True,True
2022-11-09,881.074951171875,910.5,921.9000244140624,905.75,920.0,11590409,-0.007629427792915533,0.002091156135940908,0.03260561383612126,0.07275405007363767,899.0174987792968,889.9409985351563,787.1849981689453,0.012772277776900154,0.02310153313386376,0.15665314013592124,0.012110353200538139,0.013563138112353103,10231759.25,1.1327875018169529,True,True
2022-11-10,881.2684936523438,910.7000122070312,912.9500122070312,903.9500122070312,907.5499877929688,10009741,0.0002196729346857218,0.006632032628542728,0.04606023173169205,0.05932301881568236,901.0225006103516,890.7379992675782,787.6229983520508,0.010740588154151576,0.02241064483143984,0.15626386496140343,0.011642308718707813,0.013477211245582776,10175743.75,0.9836864258693622,True,True
2022-11-11,877.2526245117188,906.5499877929688,928.0,903.5,925.9000244140624,17921457,-0.004556960973356228,-0.0023111611342858662,0.04399149338520458,0.036768026625399575,902.9325012207031,891.7519995117187,788.1127484130859,0.004006375412752394,0.016594286628291988,0.15027956294116995,0.011694266138953911,0.013329288847480976,10343940.0,1.7325561633188127,True,True
2022-11-14,866.0275268554688,894.9500122070312,906.5499877929688,891.25,905.0,12641308,-0.012795737402388707,-0.011432647437861654,0.048441937445827365,0.01785614126474977,905.0000030517579,891.905,788.5362484741211,-0.011104962221919257,0.003414054419508039,0.13495101073518057,0.011364949537827608,0.0134259808705442,10397849.2,1.2157618135104327,True,True
2022-11-15,882.2361450195312,911.7000122070312,913.6500244140624,898.7999877929688,900.5499877929688,15176911,0.01871612913741738,-0.006321512580892419,0.04763000540882656,0.032210599724915134,907.0725036621094,892.6520007324219,789.0722485351563,0.005101586175569439,0.021338675608165714,0.15540752307475358,0.011303718588002462,0.013623604098308026,10746717.75,1.4122368664609248,True,True
2022-11-16,884.0747680664062,913.5999755859376,918.0999755859376,908.0999755859376,912.5499877929688,13008311,0.0020839786700308505,0.003404695865939278,0.03208310323911756,0.032199752328693876,908.4925018310547,893.4759997558593,789.6479983520508,0.005621921749038972,0.022523241626610124,0.15697117892094625,0.010754883599877888,0.013623584840065196,10950285.95,1.187942585188837,True,True
2022-11-17,890.0744018554688,919.7999877929688,922.2999877929688,910.3499755859376,913.0,12584194,0.006786353297628667,0.009992286662964034,0.025532347815317102,0.056755471040067285,909.6375,894.2229992675781,790.2387481689453,0.011172019395603972,0.0286024722539453,0.16395202073326387,0.010483066300006042,0.01345592149220788,11174618.05,1.1261408617004138,True,True
2022-11-18,890.6065063476562,920.3499755859376,922.0,910.5499877929688,919.7999877929688,10874061,0.0005979428139464282,0.015222533758525003,0.031666854358386676,0.07990610218355831,911.05,894.9569982910157,790.8672479248047,0.010207974958495791,0.028373404916003375,0.16372245531837226,0.010367754370213884,0.013146641063302312,11441848.0,0.9503762853692865,True,True
2022-11-21,891.6227416992188,921.4000244140624,924.7999877929688,914.0499877929688,914.0499877929688,9245704,0.0011409234052037753,0.02955473696436184,0.03685365340713731,0.06655862759003739,912.6875,895.8609985351562,791.5684979248047,0.009546010451619402,0.028507799670557832,0.1640180563395679,0.010288659851179835,0.013047036944288876,11498775.25,0.8040598932481962,True,True
2022-11-22,893.848388671875,923.7000122070312,926.5,920.4000244140624,923.75,11256509,0.002496188118110254,0.013162224239693154,0.01824393688757131,0.05771215517984274,913.5149993896484,896.3589990234375,792.242998046875,0.011149256251060669,0.030502302329068032,0.16593016850163234,0.009277959519284016,0.012985890508113157,11210460.35,1.0041076502268704,True,True
2022-11-23,897.4772338867188,927.4500122070312,931.8499755859376,923.7000122070312,927.0,10959704,0.004059759608576741,0.01515984784501656,0.0012415248075330343,0.06316276513229035,913.5725006103515,896.8829992675782,792.8287481689454,0.015190377980300651,0.03408138292777885,0.16979866629331553,0.00802651132555715,0.012988745405969867,11538943.05,0.9498013771720625,True,True
2022-11-24,908.5087280273438,938.8499755859376,940.6500244140624,927.5499877929688,927.5499877929688,10844395,0.012291728102712618,0.02071101113914864,0.014918099535240925,0.07808463214831862,914.2625,897.5159985351562,793.454248046875,0.026893234258145382,0.046053749591364435,0.18324399660971125,0.00846512057796995,0.013062864521542277,11289256.8,0.9605942350430011,True,True
2022-11-25,900.2349853515625,930.2999877929688,942.9000244140624,927.5,940.2999877929688,9815055,-0.009106873318745934,0.010811118021377242,0.006382478605672981,0.08698955930455088,914.5574981689454,897.9219982910156,794.0609979248047,0.01721323115883,0.03605879972155379,0.1715724487466459,0.00874624228661949,0.012908482141543047,10975967.45,0.8942314237639253,True,True
2022-11-28,907.105712890625,937.4000244140624,943.7999877929688,923.9500122070312,924.0,9381474,0.007631986148830983,0.01736487907103612,0.03254948463159102,0.05646347042752731,916.0350006103515,898.3079992675781,794.7227481079102,0.023323370602079008,0.04351739623643258,0.17953088249435512,0.007747466183250235,0.01208068255767004,10952336.45,0.8565728456963172,True,True
2022-11-29,916.1534423828124,946.75,949.9000244140624,933.5499877929688,933.5499877929688,13096845,0.009974370964820567,0.024953975845355414,0.041872991396306736,0.08280439919443494,917.9375,898.8909997558594,795.5244979858398,0.03138830258051328,0.05324227326465514,0.19009534262872174,0.007965325319937702,0.011959342434891716,11157136.7,1.1738535927412272,True,True
2022-11-30,922.1046752929688,952.9000244140624,958.2000122070312,941.0,948.0499877929688,20858573,0.006495932837668139,0.02744084519064094,0.0487563834673852,0.09227418357085315,920.1525024414062,899.7670007324218,796.3264981079102,0.03558923318229135,0.059051980833248585,0.1966197617160479,0.008006451436614336,0.011967541679070298,11708877.3,1.7814323667052177,True,True
2022-12-01,909.8151245117188,940.2000122070312,957.0,936.25,956.0,15920653,-0.013327748852604349,0.0014379684254144376,0.03923952638554429,0.06544280038658012,921.9275024414062,900.5870007324219,797.0134982299804,0.019819898763445698,0.043985768662431646,0.17965381300949312,0.008634992315451645,0.012046083731872343,12120361.25,1.3135460793299374,True,True
2022-12-02,900.5253295898438,930.5999755859376,934.5,926.0999755859376,928.25,14228874,-0.0102106323085005,0.00032246350306919247,0.02415666162121055,0.053131839387439594,923.025,900.8640002441406,797.6389981079102,0.008206685177473583,0.03300828463978833,0.16669317547590556,0.009027614899703187,0.012134601774386583,12380686.65,1.1492798745536459,True,True
2022-12-05,903.4284057617188,933.5999755859376,937.0,928.4000244140624,937.0,10984608,0.0032237267125556635,-0.004053817718321584,0.03126034262074984,0.06551011479025615,924.4399993896484,901.2309997558593,798.352998046875,0.00990867574135379,0.03591640305187793,0.1694074900074738,0.008961412526537623,0.012075264677875177,12574950.25,0.8735309310667054,True,True
2022-12-06,892.8323364257812,922.6500244140624,929.75,920.2000122070312,925.0,18220912,-0.011728739779585884,-0.025455479890084565,0.00561310562840589,0.02653542161216338,924.6975006103515,901.6159997558593,799.1977481079101,-0.002214211885441131,0.023329249551803377,0.15447025044605533,0.008972436729080513,0.011743366579670286,12930984.9,1.4090892643452084,True,True
2022-12-07,892.3485107421875,922.1500244140624,933.2000122070312,920.6500244140624,922.0,15675663,-0.0005419172890799295,-0.032269912070689855,0.012795194304296986,0.02319004095873778,925.2800018310547,902.4140002441407,799.9282482910156,-0.0033827353998772125,0.021870254854847504,0.15279092391619375,0.008779917821566199,0.011740465992247885,13135247.6,1.1934044547435863,True,True
2022-12-08,901.7833251953124,931.9000244140624,933.5499877929688,923.7999877929688,925.0,10136870,0.01057311689190188,-0.008827895857484003,0.023278809622121477,0.027226644482666096,926.3400024414062,903.8310009765624,800.7674984741211,0.006002139557832464,0.031055610404126632,0.16375855187656474,0.009052797092497233,0.01178683804044437,13141604.05,0.771357131247612,True,True
2022-12-09,899.8480224609375,929.9000244140624,934.7999877929688,925.0499877929688,932.0,9575331,-0.0021461529644851707,-0.0007521504300862514,0.025757031532193997,0.021868158696771944,927.5075042724609,905.3780017089844,801.6652487182618,0.0025795156703105615,0.02708484484799767,0.1599605020933963,0.008988063648765091,0.01178685514524993,12724297.75,0.7525233367004478,True,True
2022-12-12,900.2349853515625,930.2999877929688,933.9000244140624,925.0499877929688,925.0499877929688,8493863,0.00043011438692919235,-0.0035346913873876007,0.03949938555647492,0.013288326469287792,929.2750030517578,906.9940014648438,802.5722485351563,0.0011029939876192607,0.02569585497862681,0.15914796392591368,0.008360174164623676,0.011734269581545963,12516925.5,0.6785902017232587,True,True
2022-12-13,902.7994384765624,932.9500122070312,935.9000244140624,927.7999877929688,929.5,10415140,0.0028485697611899674,0.011163482924644086,0.023308105424456826,0.016728462325090954,930.3375030517578,908.7750012207031,803.4647485351562,0.002808130540479903,0.026601756159506218,0.16115861200873738,0.007383379511493182,0.011738366688957513,12278836.95,0.8482187720556058,True,True
2022-12-14,891.9613647460938,921.75,936.0499877929688,920.0,936.0,12319827,-0.012004943523754252,-0.0004337953732816979,0.008920780026110853,0.013914888080278631,930.745004272461,909.9700012207031,804.3169985961914,-0.009664305724092603,0.01294548036033527,0.1460033812648116,0.00794333111135792,0.011781656097004684,12244412.75,1.0061590744725588,True,True
2022-12-15,879.4298095703125,908.7999877929688,919.9000244140624,905.0,916.0,8929748,-0.01404937586876187,-0.024788106037037516,-0.011959121706876852,0.010676129287826575,930.1950042724609,911.1790014648437,805.1379986572266,-0.023000571257879354,-0.002610918017261543,0.12875058599721423,0.008423706070841058,0.011839429660791172,12061690.45,0.7403396760194588,True,True
2022-12-16,872.8496704101562,902.0,913.7000122070312,899.6500244140625,905.5,9157260,-0.00748238103466814,-0.0300032516201324,-0.019938041041675625,-0.01608944641396237,929.2775054931641,911.8660009765625,806.1109985351562,-0.02935345505720388,-0.010819573233344038,0.11895260285381393,0.008557572088370321,0.011605329904645618,11975850.4,0.7646438202000252,True,True
2022-12-19,877.1558837890625,906.4500122070312,910.5999755859376,901.1500244140624,908.0,7015083,0.004933494686287343,-0.02563686541856125,-0.01622532213035066,-0.009614845990678744,928.5300048828125,912.2860009765625,806.9929986572265,-0.02377951445798232,-0.006397104376570595,0.12324396087115197,0.008648386223537348,0.011622569299244854,11864319.35,0.5912756385809861,True,True
2022-12-20,880.3008422851562,909.7000122070312,912.4500122070312,895.7000122070312,906.0,6384331,0.003585415584127949,-0.024920949349685584,-0.015156435872020091,0.00697364138002432,927.8300048828125,912.8290014648437,807.8279986572265,-0.019540209499983918,-0.0034277934342481498,0.12610606926119994,0.00867350945047124,0.01150811215463158,11620710.45,0.5493924857236246,True,True
2022-12-21,863.4147338867188,892.25,915.8499755859376,887.0,910.25,11341147,-0.019182161122209496,-0.03200433957146731,-0.037953541154489345,0.01133465570983283,926.0700042724609,913.0390014648438,808.7149987792968,-0.0365199219458906,-0.022769018006340014,0.10329349813814992,0.009514563904602648,0.011373316378051727,11639782.6,0.9743435414334972,True,True
2022-12-22,861.8665161132812,890.6500244140625,903.8499755859376,886.3499755859375,900.5,9788367,-0.0017931920268282608,-0.01997135081722834,-0.05133935391732147,0.03437667619851448,923.6600067138672,913.4400024414062,809.6767489624024,-0.03573823924372921,-0.024949616796321128,0.10000691702636533,0.008911822179488587,0.010922040919341708,11586981.2,0.8447728386751849,True,True
2022-12-23,850.4962158203125,878.9000244140625,889.6500244140625,875.2999877929688,883.0499877929688,11059215,-0.013192611775573737,-0.025609729030972805,-0.05525095566307259,0.030907321562817947,921.0900085449218,913.6510034179687,810.6309991455078,-0.04580440970965294,-0.03803528795339006,0.08421714114130552,0.009113524861767043,0.010984357125141557,11649189.2,0.9493549130440769,True,True
2022-12-26,864.3340454101562,893.2000122070312,897.0,875.25,881.0999755859375,6943159,0.016270323581458745,-0.014617463535290587,-0.04715170797510815,0.05144203909008982,918.8800079345704,914.4430041503906,811.828249206543,-0.0279470611024194,-0.02323052595617614,0.10023273159072588,0.009811803806326777,0.011154977400988158,11527273.45,0.60232448116341,True,True
2022-12-27,871.5432739257812,900.6500244140625,902.75,888.2000122070312,897.7000122070312,4994381,0.008340810686536804,-0.009948321063569576,-0.048692870964813784,0.06724730223749287,916.5750091552734,915.0510046386719,813.0064993286132,-0.01737444789803677,-0.015737898927607796,0.10780175208663878,0.00970993852127126,0.011151630716679824,11122150.25,0.4490481505588364,True,True
2022-12-28,869.8982543945312,898.9500122070312,903.9500122070312,895.7999877929688,896.0,8980300,-0.0018875391783143014,0.007509119873388981,-0.05661665528889559,0.04286544339562792,913.8775085449219,915.3260046386719,814.1639993286133,-0.01633424195071631,-0.017890885158567182,0.10413873979730792,0.009481790440825545,0.010833987104042464,10528236.6,0.8529728520728723,False,True
2022-12-29,878.7041015625,908.0499877929688,923.3499755859376,889.3499755859375,897.9000244140625,11994220,0.010122893889946027,0.019536252065285975,-0.03419487768203,0.07037191480532279,912.2700073242188,915.54900390625,815.3212493896484,-0.004625844867604312,-0.008190731551545816,0.11373276297255508,0.009569690007194626,0.010677322787626281,10331914.95,1.1608903149168879,False,True
2022-12-30,862.0599365234375,890.8499755859375,908.5,888.5499877929688,908.5,9688527,-0.018941701930789256,0.013596485197325814,-0.04271437894136221,0.026738835381860726,910.2825073242187,915.52400390625,816.3859991455079,-0.021347803107194974,-0.026950716982882206,0.09121172646072973,0.010159592887307885,0.010606829229996412,10104897.6,0.958795168790231,False,True
2023-01-02,873.2850952148438,902.4500122070312,907.0,894.0,894.0,4315403,0.01302131328393874,0.010356023145525972,-0.03336542865626824,0.019199276938995702,908.7250091552735,915.8000036621094,817.4174990844726,-0.006905275947093448,-0.014577409261513519,0.10402580470542544,0.010655493503851829,0.010409376506590623,9771437.35,0.4416344131807794,False,True
2023-01-03,872.220703125,901.3499755859376,905.9500122070312,896.75,898.5,5846855,-0.0012189446575587848,0.0007771622193986083,-0.02308572943641507,0.021301895703361495,907.6600067138672,915.6840026855468,818.4374990844726,-0.006951976600549692,-0.015653901408750115,0.10130581332626276,0.010387616724469393,0.010400552372255255,9152734.5,0.638809636617341,False,True
2023-01-04,870.0433959960938,899.0999755859375,907.9000244140624,894.7999877929688,899.0,12454582,-0.002496255684189097,0.00016682059833117435,-0.024995985705006052,0.01967675144421599,906.5075042724609,915.1400024414063,819.3929989624023,-0.008171502885095827,-0.017527402159972505,0.0972756378495645,0.010391126297261197,0.010405972506228054,8991680.45,1.3851228443065946,False,True
2023-01-05,850.7381591796875,879.1500244140625,903.0,872.0,900.9000244140624,16547196,-0.022188801816921178,-0.031826401373726276,-0.056604784438295086,0.009820869593260229,903.870004272461,914.2220031738282,820.188249206543,-0.027349043271212348,-0.038362650032496726,0.07188810040202309,0.010999782269230172,0.010677798119131303,9312196.75,1.776937971161316,False,True
2023-01-06,841.9805908203125,870.0999755859375,878.9500122070312,860.5,878.9500122070312,14804613,-0.010294089264408224,-0.023292361866376177,-0.06430804092709363,0.0020153164613370134,900.8800018310546,913.1360021972656,820.9849990844726,-0.03416662172826146,-0.04712991986710757,0.05982445057611985,0.011122483747198696,0.01075819072181882,9573660.85,1.5463899580273934,False,True
2023-01-09,845.12548828125,873.3499755859375,878.75,862.2999877929688,874.25,16811853,0.0037352029550528076,-0.03224559391375781,-0.061216825706016276,0.02313730150524318,898.0325012207031,912.4460021972657,821.7607489013672,-0.02748511395880937,-0.042847496199425295,0.06277888881105764,0.011204430676516058,0.010530903574506324,9989560.35,1.6829422327880526,False,True
2023-01-10,833.5133056640625,861.3499755859375,878.4000244140625,856.5999755859375,875.4000244140625,13470142,-0.013740196181890485,-0.04437787883002653,-0.07674584456214673,-0.010226974333883976,894.4524993896484,911.4990014648438,822.4759988403321,-0.037008699541115075,-0.055018190692818325,0.047264572826947626,0.011354396473351125,0.010384126363927436,10142310.45,1.328113753410102,False,True
2023-01-11,838.3034057617188,866.2999877929688,870.8499755859375,854.8499755859375,862.9000244140625,15558460,0.005746807160079026,-0.03648091278346799,-0.06015732270901142,-0.02135113438028524,891.6799987792969,910.6530017089843,823.2864987182617,-0.028463138144932176,-0.04870462605710424,0.05224607611283916,0.011383182553532269,0.010163911056313351,10304242.1,1.5099082347841963,False,True
2023-01-12,832.8360595703125,860.6500244140625,869.3499755859375,854.9500122070312,865.5,16659001,-0.006521947891630964,-0.021043052364503878,-0.05298191464090907,-0.0404169907606835,889.2725006103516,909.772001953125,824.093498840332,-0.032186395257521205,-0.05399372307963535,0.044359682032649284,0.011121287195456485,0.010037346633086894,10690704.75,1.5582696734749877,False,True
2023-01-13,845.2223510742188,873.4500122070312,874.9000244140625,858.2999877929688,864.7000122070312,11223103,0.014872465496858611,0.0038501743651213616,-0.031651871167371115,-0.020905687579081955,887.8450012207031,909.0680017089844,824.9089990234374,-0.016213403233537482,-0.03918077573404166,0.058844082487957694,0.011718374749122048,0.010214380937967187,10793996.9,1.039754143342398,False,True
2023-01-16,837.287353515625,865.25,877.4500122070312,861.0499877929688,877.25,8319812,-0.009388072691545846,-0.009274604468275327,-0.04545205102564576,-0.026332103495401826,885.7850006103515,908.267001953125,825.6587490844727,-0.023182827205475154,-0.047361625888226566,0.04795110687003312,0.011739441957783611,0.010271758964753956,10859233.35,0.7661509548461817,False,True
2023-01-17,837.1905517578125,865.1500244140625,867.9500122070312,858.0999755859375,866.9500122070312,12624859,-0.00011554531746604813,0.004411736153518753,-0.04897217455772662,-0.046298846794529,883.5575012207031,907.2200024414062,826.3299990844727,-0.02083336600188357,-0.04637241012558124,0.04697884062372215,0.01167146497743237,0.009887422265483928,11171259.75,1.13011954627588,False,True
2023-01-18,841.3999633789062,869.5,872.0,858.6500244140625,864.4500122070312,11313898,0.005028001460074538,0.003693884626714272,-0.025497338189969132,-0.06131921466209034,882.4200012207032,906.4000024414063,827.0259991455079,-0.014641555271673545,-0.040710505673009045,0.05135751584397186,0.011084667805273802,0.00949521605698378,11169897.3,1.0128918553261899,False,True
2023-01-19,838.1582641601562,866.1500244140625,870.5499877929688,862.0,868.0,6694679,-0.003852760880894146,0.0063905186126549385,-0.027507999021409102,-0.06367219518529244,881.1950012207031,905.5090026855469,827.6754992675782,-0.017073379655807353,-0.04346613689621426,0.04648503571814189,0.011099711907615868,0.00950223145866931,11015212.9,0.6077666460718159,False,True
2023-01-20,842.2224731445312,870.3499755859375,876.5,865.5499877929688,873.5,8127162,0.004848988112326369,-0.003549186075641142,-0.009728124463103782,-0.05847041042906165,880.7674987792968,904.7850024414063,828.2942492675782,-0.011827778849466508,-0.0380587949209501,0.050773896300194465,0.0108147887058674,0.009532665575091718,10868610.25,0.7477646003544933,False,True
2023-01-23,843.5288696289062,871.7000122070312,883.2999877929688,864.5999755859375,882.0,16882379,0.0015511422519256524,0.00745450702921846,-0.02407075650041146,-0.03981931414997808,879.6924987792969,904.3200024414062,828.9437493896485,-0.009085545896272196,-0.036071291297671504,0.0515792089015259,0.01009517322690568,0.009273893540780117,11365571.25,1.4853964335492595,False,True
2023-01-24,842.6095581054688,870.75,881.7000122070312,868.0,879.0,11504090,-0.0010898384693444063,0.006472837574882151,-0.033198271918678524,-0.041762970944458466,878.1974975585938,903.5010021972656,829.5894995117187,-0.008480435869264058,-0.036248993767153515,0.04961550322479691,0.009844748817356188,0.009271764947003788,11691056.7,0.9840077159150208,False,True
2023-01-25,827.6588134765625,855.2999877929688,876.7999877929688,848.0,873.2999877929688,14918485,-0.017743338739053982,-0.016331238881001964,-0.04855667592338797,-0.058661665446993694,876.0149963378906,902.3350024414062,830.1232495117188,-0.023646865215229407,-0.05212588952127206,0.030328915972488435,0.010483406314761808,0.009529642842601015,11987965.95,1.2444550695441374,False,True
2023-01-27,790.7901611328125,817.2000122070312,843.0,813.0999755859375,839.1500244140625,39718683,-0.044545745504160905,-0.05651447304425716,-0.1000495312011952,-0.09671714249958085,871.4724975585938,900.2830029296875,830.437749633789,-0.062276762036215016,-0.09228541519976374,-0.01594067397898935,0.013677697228691775,0.011061809889620277,13374189.1,2.9698012120974124,False,True
2023-01-30,796.8865356445312,823.5,826.25,796.0,800.0,36301441,0.007709236048533796,-0.05382889285933179,-0.07560192785731346,-0.09371047391868048,868.1049987792969,898.3460034179687,830.7572497558593,-0.05138203194546642,-0.08331534078539837,-0.008735704392579313,0.013562782352181797,0.011100891493810473,14704834.8,2.4686738405248865,False,True
2023-01-31,805.01513671875,831.9000244140625,838.2999877929688,814.0999755859375,826.0,27291226,0.010200393945431152,-0.04565789518827734,-0.0781760616529128,-0.08107805630026355,864.5774993896484,896.5560034179688,831.0975,-0.03779588874178974,-0.07211594006109634,0.0009656200554839511,0.013391859888652253,0.011200493266304502,15853625.95,1.721450101451397,False,True
2023-02-01,820.54638671875,847.9500122070312,875.2000122070312,823.1500244140625,843.4500122070312,39237711,0.019293169037076785,-0.02618430983975739,-0.0592444276089239,-0.07580380140923026,861.9075012207031,895.0410034179688,831.5260000610351,-0.016193720316744153,-0.05261322222234199,0.019751651956511962,0.01436420549667414,0.011355074619650704,17523168.75,2.2391903861566136,False,True
2023-02-02,830.1748657226562,857.9000244140625,860.5999755859375,826.0999755859375,828.4000244140625,16798190,0.011734196667010588,0.0030399119118462714,-0.045823548315664486,-0.05777042897961282,859.8475036621094,893.6500036621094,832.0265002441406,-0.0022649123708012864,-0.04000445263978758,0.031096995302829722,0.014735491540478618,0.011445472849449025,17740349.15,0.9468917357807471,False,True
2023-02-03,835.8840942382812,863.7999877929688,872.6500244140625,852.0999755859375,864.6500244140625,14914366,0.006877215539113468,0.05702395360969681,-0.017460087806201563,-0.05149887315846513,859.0800018310547,892.14900390625,832.5140002441407,0.0054942333098824125,-0.03177610016842014,0.03758013383517067,0.01408316021865143,0.011488959604344954,17658707.65,0.8445898927377056,False,True
2023-02-06,826.110595703125,853.7000122070312,867.7999877929688,849.6500244140625,861.5,8463833,-0.011692493318671171,0.03667275313543561,-0.01884836666943046,-0.0582979166042491,858.2600036621094,890.6170043945312,833.0047503662109,-0.005313065313099941,-0.04145103002226791,0.02484411023073063,0.014136228610396982,0.011565025488823459,17341668.65,0.4880633560023649,False,True
2023-02-07,825.1913452148438,852.75,856.0,847.2000122070312,855.0,9337066,-0.0011128173754797466,0.025063078463812838,-0.02358730882441118,-0.04715348525775431,857.2300048828125,888.92400390625,833.4567504882813,-0.005226141009174068,-0.04069414679690109,0.023148471111927194,0.01409488691173852,0.011459806197545323,16967929.3,0.5502772810351113,False,True
2023-02-08,831.3359985351562,859.0999755859375,860.7000122070312,851.9000244140625,852.5,8082983,0.007446467998754036,0.013149316844615955,-0.0026121786309559747,-0.05769445641857596,857.1175048828125,887.1710034179688,834.0140002441407,0.0023129508986006186,-0.03164105648616011,0.030078602199067994,0.013889318158961926,0.011225479710074251,16698571.35,0.4840523677494123,False,True
2023-02-09,832.9810791015625,860.7999877929688,864.9000244140625,851.5999755859375,858.5,6299265,0.001978829304321472,0.0033803045767331064,-0.006348839983262744,-0.05779333319170199,856.8425048828125,885.3290026855469,834.5570001220703,0.004618681831963345,-0.0277061011422558,0.03144541075931295,0.013832162795565284,0.011225009810493325,16235611.6,0.38799061933706275,False,True
2023-02-10,826.2556762695312,853.8499755859375,861.9000244140625,852.0,855.5499877929688,8656405,-0.00807389905389122,-0.011518884403383445,-0.007901061564199119,-0.07170038386853672,856.5025024414062,883.602001953125,835.0575,-0.003096928319424541,-0.03367129805209046,0.02250440908073692,0.01387363189204479,0.011215823794645743,15835481.8,0.5466461399362033,False,True
2023-02-13,823.1591186523438,850.6500244140625,859.2999877929688,849.3499755859375,853.4000244140625,9394365,-0.003747673787399375,-0.0035726692624541423,-0.026103368795379334,-0.07573200741109476,855.3625030517578,882.0030029296875,835.6272500610352,-0.005509335072419241,-0.03554747366106692,0.017977841617695,0.013418926730807773,0.011218199613924408,15744044.9,0.5966932297049026,False,True
2023-02-14,837.335693359375,865.2999877929688,867.2999877929688,852.0999755859375,853.9000244140625,13402934,0.017222080712919974,0.014717077447046423,5.777265873296855e-05,-0.060885646987874575,855.3650024414062,880.6370031738281,836.2179998779297,0.011614907464305713,-0.01741581982767537,0.034777997985315334,0.01387928407452572,0.011465644738217961,15998201.0,0.837777572615821,False,True
2023-02-15,842.6578979492188,870.7999877929688,873.25,860.5999755859375,866.4000244140625,12070288,0.0063561771380908905,0.013618918099783883,0.006530616909746767,-0.05726970197571668,855.6475006103516,879.6000024414062,836.8554998779297,0.017708796171096886,-0.010004564147353623,0.04056194638141286,0.013949362842985796,0.011496275308084843,15970472.45,0.7557877851008722,False,True
2023-02-16,841.3515625,869.4500122070312,877.7999877929688,864.8499755859375,875.9500122070312,10715685,-0.001550270561393785,0.01004882032612553,-5.7490273684623894e-05,-0.06253706316955965,855.6450012207031,878.5460021972656,837.4977499389648,0.016134040363273705,-0.010353458973673568,0.038152057447790266,0.013912482131854049,0.011477912319934062,15940561.8,0.6722275622682257,False,True
2023-02-17,834.7713623046875,862.6500244140625,867.5499877929688,855.1500244140625,867.5499877929688,9990618,-0.00782102213755509,0.01030631736223464,-0.0040408704050637345,-0.08116307520199761,855.4700012207031,877.1610021972656,838.1897500610352,0.008393074196773709,-0.016543117793487716,0.02918226374307986,0.013999701444588548,0.011376083587524597,16105358.75,0.6203288082607908,False,True
2023-02-20,824.562255859375,852.0999755859375,866.5499877929688,850.25,862.6500244140625,9013430,-0.012229813400041256,0.001704521401587833,-0.02096857644847261,-0.08405891995393,854.5575012207031,875.6050012207031,838.80625,-0.0028757873299983805,-0.026844325468672103,0.015848386425276972,0.014200861517010352,0.011419257784316005,16149672.15,0.5581184507203758,False,True
2023-02-21,826.594482421875,854.2000122070312,859.4500122070312,846.8499755859375,854.4000244140625,11704445,0.0024645425199663062,-0.012827892918673256,-0.020075713840696507,-0.08875614469824311,853.6825012207031,874.0830017089844,839.4810000610352,0.000606210137361618,-0.02274725565315705,0.017533466683493648,0.014210834082338466,0.011369379341271722,15890775.45,0.7365559369225119,False,True
2023-02-22,812.1275634765625,839.25,854.0999755859375,834.75,851.25,13880984,-0.017501770069523026,-0.036231038396006165,-0.036175710594315236,-0.11354634275151831,852.1075012207032,872.2090014648437,840.1255001831055,-0.015089060009780386,-0.03778796298764431,-0.0010421064268548719,0.014687249608016097,0.011453079025910149,16009620.15,0.8670401839608918,False,True
2023-02-23,812.6114501953125,839.75,844.4500122070312,833.5499877929688,836.5499877929688,11743574,0.0005957700327674509,-0.03415953969756136,-0.018180741277799117,-0.11874280776059198,851.3300018310547,870.5690014648437,840.7677502441406,-0.013602248019156216,-0.03540098649617296,-0.0012105010496002988,0.014199716743188847,0.01140463234127832,15850874.6,0.7408786137264628,False,True
2023-02-24,812.5630493164062,839.7000122070312,845.5999755859375,835.5499877929688,843.9500122070312,8246139,-5.952699371092329e-05,-0.026604082255280215,0.027533039236298684,-0.10689214921842605,852.4550018310547,869.187001953125,841.3952502441406,-0.01496265444701006,-0.03392479372083845,-0.002014793923090785,0.009789043348781643,0.011310299290985731,14277247.4,0.5775720465556967,False,True
2023-02-27,828.7233276367188,856.4000244140625,858.2999877929688,833.5499877929688,833.5499877929688,14422574,0.019888069506081907,0.005046413509363301,0.039951456483378944,-0.079733454887699,854.1000030517578,868.2750024414063,842.1982504272461,0.0026929181057095963,-0.013676517225480245,0.016862744584914324,0.010551028736898829,0.0115956768209627,13183304.05,1.0940029862999328,False,True
2023-02-28,827.223388671875,854.8499755859375,858.0,850.0,854.9000244140625,19600146,-0.0018099588789544097,0.0007609030316295673,0.02758739091039164,-0.08435090194874495,855.2475006103516,867.2430017089844,843.0857504272461,-0.0004648069992959636,-0.014290142553615603,0.013953770601305537,0.010401260717346303,0.011580465134770278,12798750.05,1.5314109521187187,False,True
2023-03-01,828.6265258789062,856.2999877929688,864.0,851.8499755859375,864.0,11015843,0.0016962183405777598,0.020315743572199896,0.009847249797431123,-0.07191246395211426,855.6649993896484,866.1750012207032,843.9522503662109,0.0007420993072910775,-0.011400713959439535,0.014630848393851537,0.0095157227259242,0.0115070020709599,11387656.65,0.9673494151230841,False,True
2023-03-02,826.4008178710938,854.0,861.8499755859375,851.0999755859375,853.0,12327141,-0.002685960324368075,0.01696933611193807,-0.004546012709028879,-0.07390340249393279,855.4699981689453,865.4100012207032,844.672250366211,-0.001718351516817207,-0.013184503535444203,0.011043040220328093,0.009162075488675737,0.011508324091146882,11164104.2,1.1041764551068953,False,True
2023-03-03,840.4805908203125,868.5499877929688,873.0,849.8499755859375,856.75,12823098,0.017037456432047682,0.03435747905982445,0.005498958169861012,-0.0679794344473007,855.7074981689453,864.9680004882813,845.478250427246,0.015008036801715585,0.0041411789831131696,0.027288386607300374,0.009831652171573018,0.011649923352755203,11059540.8,1.159460255348034,False,True
2023-03-06,839.7064819335938,867.75,876.8499755859375,865.3499755859375,871.75,13904231,-0.0009210613139279955,0.013253123846771242,0.016457757516772142,-0.06683516806360301,856.4099975585938,864.745,846.3655004882812,0.013241324218229211,0.003475012865064242,0.025266270304474592,0.009425622740013411,0.011649141957108665,11331560.7,1.2270358309954603,False,True
2023-03-08,843.9158935546875,872.0999755859375,873.6500244140625,861.5,866.6500244140625,16144568,0.005012936428622883,0.020178979344505965,0.022691264246188725,-0.06256047830883471,857.3774963378906,864.3229992675781,847.1782504272461,0.017171525157740675,0.008997766257463402,0.02941733353768572,0.009457664109062236,0.011674241719588143,11671935.8,1.383195407911685,False,True
2023-03-09,828.2879028320312,855.9500122070312,869.7999877929688,854.1500244140625,867.2000122070312,10624440,-0.018518477045083692,-0.00040870675105286747,-0.003666585343292339,-0.08253389677100187,857.2199981689453,863.4289990234375,847.9027505493164,-0.0014815169555385532,-0.008661959263431274,0.00949078376323409,0.010295037268330422,0.011878691245860742,11799008.65,0.9004519205941933,False,True
2023-03-10,815.4177856445312,842.6500244140625,845.3499755859375,836.25,844.7000122070312,17273189,-0.015538276305032461,-0.013290369538568547,-0.02108499493063598,-0.08581499927956338,856.3125,862.3029992675781,848.5752505493164,-0.01595501126742571,-0.022791263477233037,-0.006982558272137007,0.010836768404872394,0.011940929572026793,12347704.85,1.3988987597156568,False,True
2023-03-13,801.6282348632812,828.4000244140625,855.2999877929688,823.9500122070312,841.4500122070312,16413159,-0.016910935248484416,-0.04622642788923348,-0.02980611571067915,-0.08846827075136576,855.0400024414063,860.71,849.150500793457,-0.031156411338976286,-0.037538747761659,-0.024436747502362688,0.01130981312401776,0.01199779133886161,12735542.55,1.2887679449510379,False,True
2023-03-14,803.5151977539062,830.3499755859375,834.4500122070312,818.25,827.0,15456802,0.002353876284895362,-0.04309999932476227,-0.023864160636576592,-0.07943461686703157,854.025,859.5,849.6597506713867,-0.027721699498331365,-0.033915095304319354,-0.022726479711662195,0.011326883309540953,0.011981454347432462,13038664.4,1.1854589953247052,False,True
2023-03-15,799.2090454101562,825.9000244140625,843.9500122070312,822.2000122070312,836.4500122070312,12914488,-0.0053591272387705224,-0.05297552168928188,-0.045533299358294976,-0.08886313277976032,852.0550018310547,857.9690002441406,850.0902508544922,-0.030696348663860284,-0.03737777917495,-0.028456068536386825,0.010494449795110767,0.011964256097720847,13014242.1,0.9923350050480466,False,True
2023-03-16,797.2737426757812,823.9000244140625,831.2999877929688,810.2999877929688,829.7000122070312,14987868,-0.002421600606464347,-0.03744376112610737,-0.05385847960077905,-0.09431679305445828,849.7100036621093,856.4200012207032,850.4672509765625,-0.030375044587930167,-0.037971995936909586,-0.031238388699851405,0.010296158827574325,0.011946279214228446,13160121.1,1.1388852645132574,False,True
2023-03-17,809.2245483398438,836.25,838.4000244140625,818.6500244140625,831.7999877929688,11104490,0.014989653137491343,-0.007595115681047759,-0.038185073024216365,-0.06276267862146256,848.0500030517578,855.1630017089843,850.8842510986328,-0.01391427747101559,-0.022116253475872982,-0.01719887408861731,0.011032468090148923,0.011907334285759984,13179561.35,0.8425538381063039,False,True
2023-03-20,809.4180297851562,836.4500122070312,837.7999877929688,825.0,837.0,14838651,0.00023917752709268214,0.009717512742304146,-0.030371542880123448,-0.06085444419393371,846.7400024414062,854.3090014648437,851.3032510375976,-0.012152479160906338,-0.02090460152847562,-0.01744764725432768,0.010951208925776118,0.011907957905787457,13421963.0,1.1055499854976505,False,True
2023-03-21,824.8526000976562,852.4000244140625,854.5,839.0499877929688,843.0,18755854,0.019068697440682625,0.02655512672540916,0.00035212866649669827,-0.030151324682994307,846.7550048828125,853.9550024414062,851.816501159668,0.006666650328250867,-0.001820913306788019,0.0006850339874846512,0.011554465657465325,0.01207416560953986,13909084.2,1.348460741937273,False,True
2023-03-22,832.4005126953125,860.2000122070312,862.5499877929688,851.0,857.6500244140625,17431520,0.009150618922530551,0.041530435620586115,0.007024116031674632,-0.036945812302957126,847.0550048828125,853.6920031738281,852.3960012817383,0.015518481383670402,0.0076233688602069805,0.00915538190413634,0.0117225594153723,0.011941433610206458,14195437.95,1.2279663411159498,False,True
2023-03-23,827.8040161132812,855.4500122070312,867.4500122070312,852.7999877929688,857.0,17920621,-0.005521971556141758,0.038293466267835585,0.019302963606828927,-0.05018598898771709,847.8650054931641,853.57400390625,852.9395013427734,0.008946007518561672,0.002197827361419158,0.0029433633455897557,0.011045370223828514,0.011900405867404153,14397419.8,1.244710597380789,False,True
2023-03-24,824.8526000976562,852.4000244140625,860.0,849.1500244140625,852.5,17295696,-0.003565360628261516,0.019312435771674075,0.015064036217996346,-0.05178262101435749,848.4975067138672,853.2960046386719,853.5252514648438,0.004599327245296658,-0.0010500227585019672,-0.0013183289525999786,0.011092757387238947,0.0119050045622686,14675025.9,1.1785802708532187,False,False
2023-03-27,821.2721557617188,848.7000122070312,856.4000244140625,844.0499877929688,854.9500122070312,17047675,-0.004340699320808494,0.014645226637844733,0.010718113456191114,-0.06535981100576704,848.9475067138671,853.0570043945313,854.121251525879,-0.0002915309897002505,-0.005107504146915076,-0.0063471542350254095,0.011151494877139314,0.01182593184024164,15115102.7,1.1278570406273192,False,False
2023-03-28,827.1266479492188,854.75,858.9000244140625,848.2000122070312,855.5499877929688,24469018,0.0071285350606227205,0.0027568929125181274,-0.0019266982333301375,-0.04052306962481933,848.8650054931641,852.6830041503906,854.7312515258789,0.006932780205042066,0.002424108185044682,2.1934934621548052e-05,0.010323740671533549,0.011635060746701158,15617424.9,1.5667767353886874,False,False
2023-03-29,823.497802734375,851.0,862.0999755859375,848.0,857.0499877929688,34881515,-0.004387247733255384,-0.010695201204922844,-0.004503685671042645,-0.05701148153481117,848.6725067138672,852.3980041503906,855.386251525879,0.002742510529939457,-0.0016400837913552735,-0.005127802227420153,0.010362931235044698,0.011505402866214797,16381493.35,2.1293244916526493,False,False
2023-03-31,848.8994750976562,877.25,881.0,858.5,861.9500122070312,25739021,0.030846063454759154,0.025483648935518133,0.02446573923354589,-0.026737644908983338,849.7200073242187,852.6400036621094,856.3325015258789,0.03239889897670367,0.028863290758338822,0.02442684171959919,0.012474641583121854,0.012213807575457434,17117652.25,1.5036536917613805,False,False
2023-04-03,855.23779296875,883.7999877929688,887.0999755859375,868.8499755859375,880.2000122070312,26416933,0.007466500761434958,0.03683712163252273,0.034894599289190475,-0.017017003902149885,851.2100067138672,852.9260034179688,857.3240014648437,0.038286651733473676,0.03619772905419372,0.030882124241112585,0.012511153216457049,0.012252181915172933,17822141.85,1.4822535485542663,False,False
2023-04-05,856.011962890625,884.5999755859375,887.75,874.0,886.5999755859375,21068934,0.0009051683684297984,0.04229994445923113,0.018479060524487112,0.006199113940202894,852.0125061035156,853.2950024414063,858.3107513427734,0.03824764219888421,0.036687163354951036,0.030629028241853318,0.011985407210785157,0.011907991067111606,18234433.65,1.1554476768736934,False,False
2023-04-06,846.7222290039062,875.0,890.0999755859375,872.7000122070312,882.0,26042745,-0.010852335350313269,0.023691137759578762,0.00835494093921052,0.005631564821919177,852.3750061035156,853.3880029296874,859.2932513427735,0.02654347409822666,0.025324936601075265,0.018278682664715884,0.012270813241445716,0.011916523019901952,18841359.35,1.382211575939185,False,False
2023-04-10,840.3839111328125,868.4500122070312,882.7999877929688,864.4000244140625,880.0499877929688,30906205,-0.007485700334821432,0.020505302240929835,-0.0041852579762474695,-0.005610538175854218,852.1925079345704,853.3230029296875,860.2012515258789,0.01907726730884285,0.017727178601079085,0.009589338153740412,0.012346232843904245,0.011947531950203604,19579441.2,1.5785029145775622,False,False
2023-04-11,853.3992309570312,881.9000244140625,885.5999755859375,865.0,873.7000122070312,39504022,0.01548737638088138,0.005300683287617458,0.030317205253751034,0.023857954850635243,853.4900085449219,853.5460034179688,861.181001586914,0.033286875750983436,0.033219089401803625,0.024058848011009548,0.012018906343346873,0.011974589623099666,21023420.3,1.8790482916806832,False,False
2023-04-12,861.3826293945312,890.1500244140625,892.0,880.2999877929688,883.4500122070312,22686032,0.009354801872787588,0.0071849249929851755,0.056369784161614644,0.02753092110950539,855.8650085449219,854.2430041503907,862.1512518310547,0.040058905933576305,0.042033730553502346,0.032475476343093446,0.011429238194798809,0.012010574070291085,21294062.45,1.0653689052179895,True,False
2023-04-13,869.9465942382812,899.0,901.6500244140624,886.5,891.0999755859375,34439635,0.009942116882783791,0.016278572022935256,0.08522449722991454,0.04455931505032651,859.3950073242188,855.87900390625,863.213251953125,0.046084736748813526,0.05038211697791972,0.04145759806849947,0.01053307093984465,0.012034919565189641,22195386.25,1.551657385552369,True,False
2023-04-17,872.1722412109375,901.2999877929688,917.2999877929688,893.1500244140625,917.2999877929688,29957514,0.0025583846417895906,0.030057128906249897,0.08544591352214503,0.031885025126470845,862.9425079345704,857.4350036621094,864.2240017700195,0.04444963541106106,0.05115837812022117,0.04290089831688748,0.010531334705003809,0.01189502704830428,22920421.85,1.3070228024620758,True,False
2023-04-18,867.8660888671875,896.8499755859375,907.9500122070312,894.0999755859375,907.9500122070312,26699379,-0.004937326381117657,0.03270189761035547,0.08590622239321366,0.03652120842061546,866.4900054931641,858.7340026855469,865.1410015869141,0.03503787683678361,0.04438623925591534,0.03665179888695613,0.010511672064113473,0.011845502411518133,23609666.4,1.1308664234239245,True,False
2023-04-19,863.0760498046875,891.9000244140625,896.9000244140625,887.25,895.9000244140625,24377956,-0.0055192633178599015,0.01133915378519701,0.0825342856960829,0.030919492856879893,869.890005493164,859.6130029296875,866.0137518310547,0.025302071275575155,0.03755995008723234,0.029891295061164058,0.010636165324007367,0.011872068059520171,24079170.8,1.012408450543488,True,False
2023-04-20,865.4953002929688,894.4000244140625,899.2999877929688,889.2000122070312,892.25,16999919,0.0028030047444413952,0.004774476080925183,0.06953665101831086,0.028637175864361764,872.7975067138672,860.3430029296875,866.9342520141602,0.024750893000978103,0.03958539950740825,0.03168149411110566,0.010319397454123566,0.011861400387366808,24373942.25,0.6974628406695269,True,False
2023-04-21,857.0280151367188,885.6500244140625,900.7000122070312,882.4000244140625,894.5499877929688,29578071,-0.009783094545119497,-0.014849805991031695,0.05882002688626131,0.02251342082821206,875.2575073242188,860.7800036621094,867.8487521362305,0.011873668038124174,0.028892423901747177,0.020511952381119247,0.010717500441616921,0.011923173710949886,25110913.25,1.1778970643371562,True,False
2023-04-24,875.5108032226562,904.75,906.5,895.0,905.0,30881665,0.02156605324837413,0.0038278178783508476,0.061414798318339736,0.03952435845236124,877.8750061035156,861.8010034179688,868.8365020751953,0.030613690684474726,0.049836326961435695,0.0413351624143623,0.01092807813570666,0.012219552797731112,25717203.8,1.200817368799636,True,False
2023-04-25,883.9295654296875,913.4500122070312,916.0,903.0999755859376,906.2999877929688,41383839,0.009615929491054054,0.018509268074906826,0.06190420744516789,0.04789491730566153,880.5375061035156,863.0150036621094,869.8842520141602,0.037377744701821314,0.058440477084299225,0.0500822495544635,0.010942256515490351,0.012273089090755413,26914819.75,1.5375855898124675,True,False
2023-04-26,885.3811645507812,914.9500122070312,916.9500122070312,905.75,911.4500122070312,30371555,0.0016421259838572677,0.025843690057202995,0.0695540348950281,0.050760852376722676,883.5125061035156,864.1320043945312,870.8585021972656,0.035582412117924456,0.05880815379370952,0.05062993574560992,0.010762171832441107,0.012270821433846408,27537366.45,1.102921554068944,True,False
2023-04-27,888.6712646484375,918.3499755859376,919.9000244140624,908.5499877929688,909.5,25835108,0.0037160099825617188,0.026777672761765903,0.0773697199471679,0.07371681128590235,886.8100036621094,865.2830041503906,871.8530020141602,0.03556564742569779,0.06132903475626761,0.05333120774300237,0.010635766765156112,0.012028564498692862,27964337.05,0.9238591264941144,True,False
2023-04-28,887.993896484375,917.6500244140624,920.4500122070312,910.25,915.0999755859376,20381002,-0.0007621834708806396,0.0361316537208598,0.08124191259020686,0.12291973899479447,890.2575042724609,866.5590051269531,872.8115020751953,0.03076921004332034,0.0589585002115629,0.05137251540826293,0.010521334990290673,0.010423801226224227,28131003.4,0.7245032006217027,True,False
2023-05-02,892.300048828125,922.0999755859376,925.7999877929688,918.7000122070312,924.0,17515017,0.004849290092610925,0.01917654112841949,0.07879494072645521,0.11973281795499413,893.6250030517579,867.9880041503907,873.712001953125,0.03186456560295059,0.06234184248722796,0.05538206356859532,0.010497585431438455,0.010403712102620926,27783303.35,0.6304152094282913,True,False
2023-05-03,893.02587890625,922.8499755859376,923.8499755859376,911.5499877929688,919.5499877929688,18715142,0.0008133608283888982,0.01029061607453996,0.08443005356749422,0.10932798233289454,897.2175018310547,869.13900390625,874.5477517700195,0.028568851702704956,0.06179790739834434,0.05523108797450793,0.010346089920558809,0.01034781211854562,26974984.7,0.6937962044516007,True,False
2023-05-04,891.9130249023438,921.7000122070312,923.9000244140624,911.7999877929688,920.0,20485002,-0.0012461000263626065,0.007377452221370762,0.0506697203841906,0.08697446658210972,899.4400024414062,870.1570043945312,875.3087518310547,0.02474874333496757,0.05923414688635931,0.05299988178906112,0.008259761930229544,0.010095393290798206,26712283.75,0.7668757262283873,True,False
2023-05-05,896.9932861328125,926.9500122070312,942.4500122070312,923.4500122070312,925.0,19002035,0.005695996452716567,0.00936466145774828,0.048823291480029285,0.08048721975515649,901.5975036621094,871.3070043945313,876.1440017700195,0.02811954163797603,0.06386154080233308,0.05798819638594965,0.008213163218280337,0.010020865134824138,26341538.85,0.7213714850983355,True,False
2023-05-08,907.5894775390624,937.9000244140624,941.7000122070312,927.0,927.0,18623913,0.011812947907470894,0.02206723637688568,0.06025327865606167,0.08578378984517143,904.2625061035156,872.8120043945313,877.0675018310546,0.03719884224271497,0.07457278278921309,0.0693589974044273,0.008465684326214728,0.010087129187672897,26219287.8,0.7103134586287275,True,False
2023-05-09,904.20263671875,934.4000244140624,945.0,931.7999877929688,941.0,21507610,-0.0037317410266478612,0.013339170538757328,0.06788574218749988,0.09452970721928544,907.2325073242188,874.4580053710938,877.9775018310547,0.02994548461449109,0.06854762455691743,0.0642642009223886,0.007990458851625503,0.009963295114572404,25992531.05,0.8274534695612107,True,False
2023-05-10,905.7992553710938,936.0499877929688,941.0,928.25,934.5999755859376,25910923,0.0017657998028639543,0.014303529887022215,0.07783980037508731,0.09768394933212399,910.6125061035157,876.0950048828125,878.9017517089844,0.027934474344416094,0.0684343393992708,0.06502232584343148,0.00758974896373611,0.009957159026376915,25742766.95,1.0065321668928056,True,False
2023-05-11,908.847412109375,939.2000122070312,947.0,933.8499755859376,940.0499877929688,20027372,0.0033652309760610066,0.018986654842388262,0.06497333734743815,0.09323715387893317,913.477505493164,878.0940051269531,879.7377517700195,0.02815888356219598,0.06958936824906758,0.06759089321490919,0.007072170318022568,0.009930469041538123,24768934.45,0.8085681699561363,True,False
2023-05-12,913.3955078125,943.9000244140624,948.0,935.0999755859376,939.75,13873480,0.005004271876004829,0.018285788860042063,0.0603830798469962,0.09653814800132188,916.165005493164,880.1770056152344,880.5540017700196,0.030272951656747482,0.07239795903812118,0.07193882773425564,0.006937751348937853,0.009940436482020965,24328306.85,0.570260811224518,True,False
2023-05-15,915.1857299804688,945.75,949.0,938.2000122070312,943.75,10453762,0.001959927469104672,0.008369735986350824,0.05200222469410454,0.10763017748053216,918.5025054931641,882.2980053710937,881.3672518920898,0.029665128123092188,0.07191673815721522,0.07304871830635351,0.006741687304886978,0.009859248430055008,23129013.2,0.45197613532426884,True,True
2023-05-16,915.766357421875,946.3499755859376,952.2000122070312,943.0,950.0,19612293,0.000634391314763505,0.012788902889176113,0.04998334450584396,0.1125021435669673,920.7550048828125,884.0970043945313,882.1690017700196,0.027797807850507006,0.07041418631888696,0.07275360354664784,0.0067554161378278535,0.009834010442095921,22611752.15,0.8673495476996904,True,True
2023-05-17,908.9925537109376,939.3499755859376,948.4000244140624,935.7999877929688,947.2999877929688,19273344,-0.007396840683242867,0.003525439705148292,0.04738808179398535,0.08557724354283258,922.8800048828125,885.7870043945312,882.8655017089844,0.01784627537272998,0.0604693576736528,0.06397857178428068,0.0069176646615786925,0.009693320980448533,22240450.4,0.866589644245694,True,True
2023-05-18,915.9114379882812,946.5,952.25,942.0999755859376,947.9500122070312,21550141,0.007611672539409309,0.00777255930375742,0.0612175962455066,0.08693157242559457,925.6100036621094,887.5910046386718,883.593501586914,0.022568896463133203,0.06636952724110734,0.07119393510715888,0.006753643544661294,0.009705514654746911,22099059.65,0.9751609951421621,True,True
2023-05-19,923.45947265625,954.2999877929688,956.0,941.5999755859376,951.4500122070312,15427412,0.008240874583168356,0.011018077243257096,0.0669722291411472,0.09759040128201546,928.6050018310547,889.5970043945313,884.383501586914,0.02767052289320837,0.07273291510516611,0.0790567509237774,0.006854144089736806,0.00973670903240779,22020434.3,0.7005952648263617,True,True
2023-05-22,919.6370239257812,950.3499755859376,954.25,946.1500244140624,951.0499877929688,15509525,-0.004139172437973571,0.0048638388431800905,0.07305363223433536,0.10166341933560319,931.8399993896485,891.2330041503906,885.1327514648438,0.019863899605525814,0.06633166765620735,0.07368072643698143,0.006388892980459606,0.009687810080101479,21317007.0,0.7275657881990657,True,True
2023-05-23,922.5885620117188,953.4000244140624,958.8499755859376,945.0,952.0,16579935,0.0032093953874667847,0.007449726855817573,0.053771787139057725,0.11888282094887637,934.2725006103516,892.9460046386719,885.8267517089844,0.020473174358888846,0.06770176411714068,0.07628271846014134,0.0047807914261173675,0.009516121541651176,20601920.5,0.8047761857929702,True,True
2023-05-24,910.2506103515624,940.6500244140624,953.8499755859376,938.5,946.7000122070312,18049620,-0.013373190343513808,0.0013839877169463666,0.029777231204269006,0.10120581944697782,935.6325012207031,894.3170056152344,886.437001953125,0.005362707245433418,0.05180827213159578,0.061158347791763434,0.005690610636663523,0.009718222907233617,19435209.55,0.9287072492614312,True,True
2023-05-25,909.4764404296876,939.8499755859376,941.5999755859376,932.9500122070312,937.0,19328582,-0.0008505276217083413,-0.007025910632923793,0.027214561502483692,0.11986890150245766,936.8774993896484,895.9950048828125,887.0192517089844,0.0031727479827678984,0.04894555266952727,0.05955983906230489,0.00571420349868656,0.00939426905514224,18883060.9,1.023593690787705,True,True
2023-05-26,919.975830078125,950.7000122070312,952.4500122070312,935.5499877929688,939.7999877929688,10957182,0.011544434646954427,-0.00377237308182643,0.03522626175326371,0.1321226700887541,938.4950012207031,898.1560046386719,887.6840017700196,0.01300487586023702,0.058502094621632805,0.07098923751172648,0.00613666350789668,0.009473875154126767,18139164.6,0.6040621076893474,True,True
2023-05-29,917.5082397460938,948.1500244140624,957.5999755859376,946.7999877929688,953.8499755859376,12108079,-0.002682221268777596,-0.0023148852826758715,0.033237072073827756,0.12915328168447426,940.0200012207031,900.5510046386719,888.300751953125,0.008648776816239767,0.05285544020295507,0.06737501046728323,0.0061928007373479995,0.009490111558741077,17725518.45,0.683087438833136,True,True
2023-05-30,919.25,949.9500122070312,952.2999877929688,944.6500244140624,945.3499755859376,18483624,0.0018984208686607662,-0.003618640778986215,0.03020283847572669,0.10923632079176371,941.4125030517578,902.9430053710937,888.9492520141602,0.009068829155760794,0.05205977183091259,0.06862119525344901,0.006147663748038702,0.009197313958468489,17773948.8,1.0399278296559513,True,True
2023-05-31,918.4758911132812,949.1500244140624,952.0,940.5,949.5,27254425,-0.0008421367258160117,0.009036304448399646,0.02849872625442318,0.11031181086890607,942.727505493164,905.4080053710937,889.5040020751953,0.006812699198310401,0.04831194200126432,0.06705537265679973,0.006168602110846891,0.009191774607035404,18200912.95,1.4974207653688054,True,True
2023-06-01,905.84765625,936.0999755859376,954.25,932.7999877929688,954.25,21650700,-0.013749195061319108,-0.00398999850764703,0.015623264823904304,0.09319162551741433,943.4475036621094,907.6520043945312,889.9997518920899,-0.0077879564550772384,0.03134237687315333,0.05179801859027622,0.007027252309998981,0.009408092987168116,18259197.85,1.185742121743864,True,True
2023-06-02,907.8314208984376,938.1500244140624,944.6500244140624,935.0499877929688,943.0,12494376,0.0021899891908891966,-0.013200786401416309,0.01208264961382799,0.09853632835370307,944.0075042724609,909.6900048828124,890.4467520141602,-0.006204908151564714,0.0312854042349473,0.0535722908663534,0.006941872625391546,0.00939210875044417,17933814.9,0.6966937079293709,True,True
2023-06-05,916.1534423828124,946.75,951.7999877929688,943.0,943.0,10751684,0.009166951300042747,-0.001476585327229829,0.00943594770825018,0.09003513131782048,944.4500030517578,911.8960046386719,890.882001953125,0.002435276553348853,0.03822145856987125,0.06271088418487825,0.006739669221236363,0.009226501178028819,17540203.45,0.6129737337795818,True,True
2023-06-06,911.6537475585938,942.0999755859376,947.7999877929688,938.0999755859376,946.5,11894330,-0.004911565264391182,-0.008263631265034155,0.008240529720344947,0.08568133170375991,944.8350006103516,913.6900036621093,891.2205017089843,-0.0028947117990413274,0.03109366613398401,0.05708965826009149,0.006783598644453747,0.009258426571827282,17059539.45,0.69722456663389,True,True
2023-06-07,909.8151245117188,940.2000122070312,945.8499755859376,933.7999877929688,944.3499755859376,16486469,-0.0020167322239071916,-0.00942950216174332,0.004433549990046526,0.07808741947887277,945.0425018310547,915.2900036621094,891.5252517700195,-0.005124097185725374,0.027215427291083616,0.054597175279526455,0.006797179576122734,0.009256578124123107,16588316.75,0.9938602721701706,True,True
2023-06-08,907.5894775390624,937.9000244140624,950.5,935.2000122070312,936.5999755859376,17608140,-0.0024462750086227114,0.0019229236994671162,-0.0013841437138762958,0.09574158658602783,944.9775024414063,916.93900390625,891.7985018920898,-0.007489573041748354,0.022859776297568635,0.05169499884128648,0.006780889785757188,0.008899113587071215,16467355.15,1.0692755357256019,True,True
2023-06-09,907.7345581054688,938.0499877929688,944.0,936.2000122070312,941.4000244140624,12253128,0.00015989271244554182,-0.00010663179501180231,-0.006197729070645086,0.11321421778305019,944.6850006103516,918.6520031738281,892.063251953125,-0.007023518752913405,0.021115704915597,0.051550981098210436,0.006676665057110112,0.0086139842895272,16386337.55,0.747764896372466,True,True
2023-06-12,905.7025146484376,935.9500122070312,943.5,933.2999877929688,938.0,10520125,-0.0022386606399071862,-0.011407433633978115,-0.010362133537371143,0.12982856666263398,944.1950012207031,920.3970031738281,892.3910018920899,-0.008732294709262733,0.016898152622804474,0.04881157499636979,0.006668213542242317,0.008274650899538348,16389655.7,0.6418758998091705,True,True
2023-06-13,913.0568237304688,943.5499877929688,946.25,934.0999755859376,935.9000244140624,13528776,0.008120065694551704,0.001539127740799895,-0.002958723374230754,0.13632807314428064,944.0550018310547,922.1730029296875,892.8475018310547,-0.0005349413298022521,0.02318110028743825,0.0567873974647779,0.006939764035878248,0.008311407519759883,16085479.85,0.8410551706357706,True,True
2023-06-14,909.4281005859376,939.7999877929688,946.9500122070312,936.25,946.0499877929688,13489262,-0.003974352232012146,-0.0004254673568058198,0.00047906767310057496,0.13791011019731236,944.0775024414063,923.9490026855469,893.2270016479492,-0.004530893530855007,0.017155692642504494,0.05214014585216886,0.006791635709825408,0.008292057151083967,15796275.75,0.853952046260018,True,True
2023-06-15,896.6546630859375,926.5999755859376,942.9500122070312,924.3499755859376,940.7000122070312,19366819,-0.01404555477600089,-0.012048244518582107,-0.02102485410888788,0.12465098692637233,943.0825012207031,924.9360021972657,893.493501586914,-0.01747728922276781,0.0017990146180049127,0.037052842511136275,0.007233968433745687,0.008533869358733445,15687109.65,1.2345689825658865,True,True
2023-06-16,904.009033203125,934.2000122070312,937.75,927.0,929.2999877929688,11249387,0.008202068661061324,-0.004104232861828261,-0.021062533629936597,0.11713005944039612,942.0775024414063,925.9440026855468,893.8027517700195,-0.008361828208359068,0.008916316210849873,0.045197064293001965,0.0072313536843914145,0.008402675968340238,15478208.4,0.7267887024960847,True,True
2023-06-19,893.316162109375,923.1500244140624,933.9500122070312,918.7000122070312,933.5,19351375,-0.011828289069343412,-0.013675931007026354,-0.028620983711926895,0.10365235332864331,940.7175048828125,926.7150036621093,894.0642520141602,-0.018674554664461662,-0.003846899245139146,0.032532082939651596,0.0075998610336189855,0.008585112672462765,15670300.9,1.2349076845103848,True,True
2023-06-20,895.6385498046875,925.5499877929688,928.5499877929688,914.7999877929688,920.9500122070312,15212286,0.002599754444495339,-0.019076890713658257,-0.029211281631977726,0.0858164726463837,939.3250030517578,927.7260034179687,894.4127520751953,-0.014664802080255113,-0.002345536954858507,0.03481304984251343,0.007581502052077567,0.008277539354329325,15601918.45,0.9750266320613925,True,True
2023-06-21,894.8159790039062,924.7000122070312,928.4000244140624,920.0,928.0,9210553,-0.0009183464935960117,-0.016067222581475415,-0.016956372500991024,0.07498256113076662,938.5275024414062,928.8510034179687,894.5997521972656,-0.014733175318150327,-0.0044689527121817285,0.03364662234237725,0.00704334093797736,0.008219745613425452,15159965.1,0.6075576651558386,True,True
2023-06-22,895.8320922851562,925.75,935.5499877929688,920.7000122070312,924.4000244140624,27291569,0.0011354901904485626,-0.000917305858334494,-0.015002368412200262,0.08217895469028891,937.8225036621094,929.7280029296875,894.8567523193359,-0.012872908908634018,-0.004278673888655882,0.0345231207124419,0.007057039491822427,0.008171729064972785,15558114.45,1.7541694456425598,True,True
2023-06-23,893.6548461914062,923.5,931.9000244140624,919.0,926.0499877929688,8767733,-0.002430461787739646,-0.011453663099139422,-0.028610510000822376,0.08341151284552284,936.4625030517578,930.3950024414063,895.1122521972657,-0.013841988343917033,-0.007410833488264101,0.031714176331571586,0.00644265630416051,0.008161466198795365,15448642.0,0.5675406938681082,True,True
2023-06-26,897.4772338867188,927.4500122070312,931.7999877929688,923.2000122070312,927.0999755859376,11749040,0.004277219498680207,0.004657951231380908,-0.021832000921819694,0.09278897003337128,935.4275024414062,930.9640026855469,895.3372521972656,-0.008528175848533603,-0.0037745718076949153,0.035866663573929314,0.00655839741061577,0.008135074119721093,15430690.05,0.7614072968823581,True,True
2023-06-27,905.84765625,936.0999755859376,939.9500122070312,922.2000122070312,930.0,13422726,0.00932660872829394,0.011398614804291718,-0.014579753085023572,0.0951739989306084,934.7350006103516,931.6600024414063,895.599501953125,0.0014602801592908943,0.004765658215332147,0.04522163483174024,0.006935587050920705,0.00816568575195987,15177645.15,0.8843747410974356,True,True
2023-06-28,907.1539916992188,937.4500122070312,944.0,934.2999877929688,944.0,25708001,0.0014421927746004481,0.013788255468461408,-0.012326831276492811,0.10158638332201098,934.15,932.4720031738282,895.905751953125,0.0035326363079069,0.005338507768876344,0.04637123956770828,0.006952106562254084,0.008128453040637423,15100323.95,1.7024800981173653,True,True
2023-06-30,904.3960571289062,934.5999755859376,942.2000122070312,930.6500244140624,940.5,13843218,-0.0030402011669761198,0.009559789992911183,-0.0016023929485321498,0.06537472281098622,934.075,933.3260021972657,896.0847518920898,0.0005620272311512853,0.0013649822095096464,0.04298167512896822,0.00626417524920459,0.007188056944618114,14709949.85,0.9410785312772497,True,True
2023-07-03,912.0891723632812,942.5499877929688,945.75,936.5,937.0,12350359,0.008506326144559262,0.020628032260929796,0.004690042385975923,0.0664743163741277,934.2949981689453,934.2890014648438,896.2912518310546,0.008835528007965054,0.00884200318656525,0.05161127687837075,0.006536946433937358,0.007204946102623704,14702749.0,0.840003389842267,True,True
2023-07-04,914.1697387695312,944.7000122070312,951.2999877929688,942.0,947.25,14041699,0.0022810720300330267,0.018599385166808702,-0.0021652894565289404,0.06794035527898923,934.1924987792969,935.4700012207031,896.4787518310546,0.01124769620979027,0.009866709754758451,0.053789630013522105,0.006216292178253155,0.007206509117341326,14867249.75,0.9444718583542998,False,True
2023-07-05,927.039794921875,958.0,964.75,941.0,942.0499877929688,13817767,0.014078530349435514,0.02339496312918321,0.01687721560991795,0.09485714285714275,934.9875,936.5350012207032,896.7187518310546,0.024612628511076373,0.022919590566629955,0.0683394297752915,0.006858231994026634,0.007223125269140234,14963421.6,0.9234363215429284,False,True
2023-07-06,928.3946533203124,959.4000244140624,963.9000244140624,954.0,954.7000122070312,16334427,0.0014614033549711358,0.023414594827679824,0.02042119969979672,0.10472682472062589,935.9475006103515,937.4540014648437,896.9252520751953,0.02505752062847222,0.023410239771686214,0.0696543799991367,0.0068254791969863966,0.0071253885503483475,14955819.5,1.0921786666387623,False,True
2023-07-07,915.8148193359376,946.4000244140624,955.0499877929688,943.7999877929688,953.0,8593807,-0.013550135156541798,0.012625774808871393,0.009062799636144758,0.07313754191452015,936.3725006103516,938.0830017089844,897.069252319336,0.010708904626283378,0.008865977413433646,0.05499104106754715,0.0075378458107271135,0.007158168109737337,14505102.85,0.5924678431356314,False,True
2023-07-10,917.7501220703124,948.4000244140624,952.9000244140624,941.3499755859376,946.0,12069184,0.0021132712895250982,0.006206606224452571,0.011033566180673526,0.0654384074620935,936.8900024414063,938.6840026855468,897.2657525634766,0.012285350406838091,0.010350684256595688,0.05698899317676598,0.00754615448358448,0.007078992031284872,14495905.65,0.8325926155569314,False,True
2023-07-11,914.41162109375,944.9500122070312,952.7000122070312,941.9000244140624,948.4000244140624,16977595,-0.0036377183869882312,0.0002646342720118433,0.009615898159750502,0.05111236063073554,937.3400024414062,939.2300024414062,897.4945025634765,0.008118729325329088,0.006090105459532369,0.052875543535932046,0.007580027297395682,0.007007629799131532,14818779.15,1.1456810866905995,False,True
2023-07-12,913.87939453125,944.4000244140624,951.1500244140624,941.25,948.4000244140624,21511161,-0.0005820284521551589,-0.014196216686782503,0.0009008919846227315,0.04781985710066805,937.3825042724609,939.6760034179688,897.6327526855468,0.007486293065655181,0.005027287042459916,0.05210067434437615,0.007366717583976483,0.007006421506949168,15217898.4,1.4135434758849488,False,True
2023-07-13,924.814208984375,955.7000122070312,959.25,942.2000122070312,947.7000122070312,23222286,0.01196525571881435,-0.003856589652778908,0.016918519494134365,0.0656185964465743,938.1775054931641,940.3330041503906,897.8350027465821,0.018677176345915703,0.016342091566301065,0.06444949159192204,0.007757888825969912,0.007110736050152373,15704549.6,1.4786979946244367,False,True
2023-07-14,929.0236206054688,960.0499877929688,965.0,951.3499755859376,959.75,12871569,0.004551611939286104,0.014423037855855192,0.03609973352943263,0.07640986827383212,939.8500061035156,941.1000036621094,898.1182525634765,0.021492771780892372,0.02013599411021061,0.06895721699533675,0.0069486109152056205,0.0070709589408177054,15379787.1,0.8369146410355707,False,True
2023-07-17,937.3941040039062,968.7000122070312,973.7999877929688,952.8499755859376,962.9000244140624,16290763,0.009009972943125444,0.021404457265288057,0.03692999309483458,0.08307243488912475,941.5750061035156,941.9350036621094,898.5505026245118,0.028808120359700373,0.02841492081817032,0.07806963479250739,0.0069900267949495245,0.007139103762847314,15631855.9,1.0421515592400004,False,True
2023-07-18,943.9259643554688,975.4500122070312,987.9500122070312,971.1500244140624,978.0,29709508,0.006968101491628076,0.03227683962748884,0.05665383351548359,0.10139443947103088,944.1900054931641,942.6860034179688,899.1225027465821,0.033107750063017916,0.03475601490874736,0.0848911124204863,0.006283777832025282,0.007022702317832892,16149762.55,1.8396250661902145,True,True
2023-07-19,941.9905395507812,973.4500122070312,980.0,967.5499877929688,980.0,15994261,-0.0020503357168194514,0.030760257350683995,0.05175303878322457,0.07593259155239718,946.5850067138672,943.4670031738282,899.7270028686523,0.028380975086883975,0.0317796053622863,0.08193930948312489,0.006376066816499844,0.006531317378167129,16188861.3,0.9879793707294285,True,True
2023-07-20,963.4247436523438,995.5999755859376,998.1500244140624,972.0999755859376,976.0499877929688,26487838,0.022754084032201582,0.041749464130238945,0.07667347511944511,0.08993372629162244,950.1300048828125,944.6580029296875,900.457502746582,0.04785657801506149,0.05392636541294582,0.10566014781280786,0.007748700771295406,0.007018873848990007,17052725.55,1.5532905823374374,True,True
2023-07-21,964.7794799804688,997.0,1001.4500122070312,988.7999877929688,995.2999877929688,16903003,0.0014062117802267071,0.038487591976303914,0.0769646232784229,0.08967701699358277,953.6925048828125,945.8140026855468,901.2230026245118,0.0454103339341112,0.05411846004512033,0.10627447046576677,0.007744166869862629,0.007018836458179805,16533297.25,1.0223612836816323,True,True
2023-07-24,959.9411010742188,992.0,1008.7000122070312,990.0999755859376,1004.9500122070312,21687719,-0.005015045135406182,0.02405284143631148,0.07417433676231733,0.08019821023795548,957.1175048828125,946.7760021972656,901.8730026245117,0.03644536322784986,0.047766311881352275,0.09993313594398834,0.007873091011133164,0.007061576671931975,17179296.55,1.2624334725742887,True,True
2023-07-25,962.5538330078124,994.7000122070312,999.0,988.25,999.0,29325327,0.0027217864990234375,0.019734481274386706,0.07251064651987749,0.08396445893647386,960.4800048828125,947.7550024414063,902.6047528076172,0.03562802676813015,0.04953285357998127,0.10203276585121568,0.007873870110650959,0.007058563270326446,18058110.9,1.6239421256406175,True,True
2023-07-26,964.2472534179688,996.4500122070312,997.75,990.0,993.0999755859376,12780537,0.0017593243978324402,0.02362730465003926,0.06446964875019723,0.08063120983584104,963.4975067138672,948.7570031738281,903.248752746582,0.03420092451048773,0.050268940175048016,0.10318448730434948,0.007761965906763889,0.0070439986953558425,18026001.45,0.7090056569367468,True,True
2023-07-27,958.24755859375,990.25,1006.5,987.2000122070312,1002.5499877929688,25932395,-0.0062221005881658575,-0.0053736196435612005,0.05632299013860176,0.07303464939820659,966.1375061035156,949.7750036621094,903.7727526855468,0.024957621191761037,0.042615352248509986,0.09568472501244085,0.008035470363930153,0.0071107763282794514,18037221.15,1.4377156428001108,True,True
2023-07-28,964.00537109375,996.2000122070312,998.7000122070312,977.0499877929688,988.0,12584130,0.0060085960182088005,-0.0008023949779024653,0.06591059087335638,0.08082890204331017,969.2175079345703,950.76900390625,904.3410028076172,0.027839472617412042,0.04778343437167942,0.10157563254815227,0.00794511133851647,0.007130124733553788,17974266.75,0.7001192413036821,True,True
2023-07-31,966.0374755859376,998.2999877929688,999.4000244140624,988.5999755859376,996.0,14303116,0.0021079859066506224,0.006350794146137817,0.05914805657208877,0.07697284065626797,972.0050079345704,951.64900390625,904.9237527465821,0.02705230903519018,0.04902120812949917,0.1031868538790981,0.00784956418378684,0.007107823554280601,18071904.6,0.7914559265657035,True,True
2023-08-01,962.4086303710938,994.5499877929688,1003.7000122070312,990.4500122070312,1001.6500244140624,15508569,-0.003756385901887538,-0.00015082377824604531,0.052768047995973566,0.06040085499976122,974.4975067138672,952.5330041503906,905.5435028076172,0.020577252318193295,0.0441107903447977,0.0982906781500712,0.007989722836639745,0.006999459256651833,18145248.1,0.8546903803426088,True,True
2023-08-02,955.0543212890624,986.9500122070312,994.0999755859376,977.5,985.25,15787996,-0.007641622521963765,-0.009533845033488975,0.03021921942278838,0.05623928341175022,975.9450073242188,953.20400390625,906.1365029907226,0.01127625511706376,0.03540271354556768,0.08918469673121199,0.007822451946389515,0.00706219626546064,18243759.55,0.8653915853654188,True,True
2023-08-03,933.8135986328124,965.0,983.0,960.0499877929688,976.5499877929688,30994707,-0.02224024716099482,-0.02549861146175203,0.0058369558509836494,0.030927848495879928,976.2250061035156,953.6910034179688,906.693503112793,-0.011498380018269416,0.011858134911098661,0.06430673285628874,0.009456315136299407,0.0076684326060775625,18976773.55,1.6332969837225042,True,True
2023-08-04,939.1359252929688,970.5,976.0,961.25,968.6500244140624,20582882,0.0056994818652849055,-0.025798044461065817,0.025464893242007847,0.03332622166328214,977.4300048828125,954.30400390625,907.194753112793,-0.007090026751985445,0.01697152692166748,0.0697813194686061,0.008934044729611118,0.0076889194928508415,19576227.3,1.0514223034179828,True,True
2023-08-07,944.1194458007812,975.6500244140624,981.5,968.2000122070312,970.9500122070312,16686062,0.005306568175231785,-0.022688534163944674,0.028732601537874825,0.033637036951778,978.7925048828125,954.8030041503906,907.6470031738281,-0.0032105685863689226,0.021833844440217298,0.0749223222270814,0.008977846280792151,0.007691969050179758,19807071.2,0.8424295460703953,True,True
2023-08-08,948.2321166992188,979.9000244140624,986.5999755859376,972.2999877929688,975.75,23784778,0.00435607020309603,-0.01473024338516804,0.03698609636016803,0.03610893408835558,980.540005493164,955.4380041503906,908.0620031738281,-0.0006526822725400061,0.025602938293651345,0.07911136132681307,0.008916889234548952,0.007705459804008061,20147430.35,1.1805365541318273,True,True
2023-08-09,949.0126953125,972.7000122070312,975.2999877929688,963.5999755859376,974.9500122070312,19317331,-0.007347700814005376,-0.01443842122067962,0.029966102352154245,0.02784386041197795,981.9550048828125,955.8930041503907,908.4650033569336,-0.009425067981486346,0.01758252020222595,0.07070719137527393,0.009139774747884227,0.007773819815834042,20037738.85,0.9640474478985437,True,True
2023-08-10,940.6220703125,964.0999755859376,973.6500244140624,959.4500122070312,971.5499877929688,24858441,-0.008841406922140749,-0.0009326677865931776,0.008789330617991808,0.026348007285103447,982.3750030517579,956.1920031738281,908.842253112793,-0.01860290358472949,0.008270276666047183,0.06080012486642916,0.009071825118619177,0.007800842272478077,20119546.6,1.2355368385885992,True,True
2023-08-11,929.64599609375,952.8499755859376,963.5,950.0,963.4000244140624,17162177,-0.011668914308562983,-0.018186526959363625,-0.0074996222056968875,0.0067089018340598106,982.0150024414063,956.5270031738281,909.0707528686523,-0.029699166288662537,-0.0038441440499743518,0.04815821274541743,0.00940721871881944,0.0078979058567399,20334077.0,0.8440106231524549,True,True
2023-08-14,936.1829223632812,959.5499877929688,962.9000244140624,946.0,949.0,19026691,0.0070315499592799036,-0.01650185642209423,-0.00944567389156481,0.005501414719853326,981.5575012207031,956.9550024414062,909.2370028686523,-0.022421012931351347,0.002711710942460366,0.055335390844827526,0.009313725585323273,0.007878406656548789,20470873.4,0.9294518425383844,True,True
2023-08-16,933.2071533203124,956.5,959.7999877929688,946.5999755859376,954.4500122070312,17930805,-0.0031785606083784,-0.023880012073736356,-0.019426943431119947,0.006471325903144809,980.6100006103516,957.1500024414063,909.3942529296875,-0.02458673743419404,-0.0006791019586777081,0.05179903756655335,0.00916450304761186,0.007870572688493305,19881938.25,0.9018640322957446,True,True
2023-08-17,928.4752807617188,951.6500244140624,957.7999877929688,946.4500122070312,956.9500122070312,27077611,-0.005070544261304377,-0.02164078084589205,-0.022394563171809212,-0.0018355359295019191,979.5200012207031,957.3410034179688,909.5305029296875,-0.0284526878184298,-0.005944568323709154,0.046309080727588325,0.009208529952385393,0.00788837562601286,20436105.75,1.3249887885317877,True,True
2023-08-18,927.4995727539062,950.6500244140624,955.0,946.0,947.9000244140624,13257508,-0.0010508064670262662,-0.013950784682575046,-0.04514860614115723,0.010630946409881936,977.2725036621093,957.5500036621094,909.7445031738281,-0.027241612905597123,-0.007205868332367249,0.044963746521718084,0.007306080819121302,0.007692273348052079,19774589.25,0.6704315236282341,True,True
2023-08-21,931.9387817382812,955.2000122070312,959.2999877929688,948.4000244140624,950.7000122070312,13358017,0.004786185952893929,0.002466323850875307,-0.041925765088233424,0.016332432856130952,975.182504272461,957.8960034179687,909.9770031738282,-0.020491028066933703,-0.0028144925976489876,0.04969687022361424,0.00743385294972895,0.007713550145657072,19597339.95,0.681623987443255,True,True
2023-08-22,928.8167724609376,952.0,956.9500122070312,949.2999877929688,956.4000244140624,16872719,-0.0033500964888364404,-0.007868258964115249,-0.040322580645161255,0.0013674006271977568,973.182504272461,958.1750036621094,910.1940032958985,-0.02176621977837212,-0.006444546808786256,0.04593086369797872,0.007408922292832578,0.007584105312083267,19356589.95,0.8716782782289605,True,True
2023-08-23,943.3050537109376,966.8499755859376,968.0499877929688,949.8499755859376,954.0,14707331,0.015598713850774715,0.010820674946092623,-0.027998427947437343,0.019722565723110597,971.7900024414063,958.7930029296875,910.504753112793,-0.005083430415066981,0.008403245154721795,0.06188350173957269,0.008344049176189272,0.00783547873929419,18625690.15,0.7896260960832102,True,True
2023-08-24,945.3539428710938,968.9500122070312,982.4000244140624,966.75,972.5,28389740,0.002172039793268743,0.018178939052327037,-0.027597972465362774,0.020001052429966304,970.4150024414063,959.3010034179688,910.8062530517578,-0.0015096533242884291,0.010058374540090398,0.06383768113191612,0.008352742348241892,0.007836471362702565,19406150.3,1.4629248749042203,True,True
2023-08-25,946.7686767578124,970.4000244140624,972.5999755859376,960.2000122070312,962.9500122070312,10275758,0.001496477825237097,0.02077525849975448,-0.02004541841548868,0.022388452250336588,969.4225036621094,959.9130041503906,911.1317532348633,0.0010083536830023387,0.010924969469450652,0.06504906778714958,0.008294628948316923,0.007836205131645383,18623318.45,0.5517683665018358,True,True
2023-08-28,946.9150390625,970.5499877929688,975.0,965.0499877929688,969.9500122070312,10481574,0.00015453769078055402,0.016069907233847935,-0.02574786599052148,0.03680163775826162,968.1400024414063,960.7920043945312,911.3970031738281,0.002489294260628716,0.010156187139158002,0.06490364178634289,0.008136855388605289,0.007613122968906534,18518190.65,0.5660150172392787,True,True
2023-08-29,944.1831665039062,967.75,977.25,965.6500244140624,973.2999877929688,13209913,-0.0028849495937205427,0.016544117647058876,-0.030602011586224998,0.03155143081131917,966.6125030517578,961.4630041503906,911.6832531738281,0.0011767869178713752,0.006538988835212534,0.06149805497796268,0.00810423017753145,0.007623693290605299,18463530.5,0.7154597545686076,True,True
2023-08-30,935.5487670898438,958.9000244140624,975.9000244140624,955.4000244140624,970.4500122070312,13936165,-0.009144898564647508,-0.008222528181848876,-0.03584532081491254,0.012833403130776189,964.8300048828125,962.1780041503906,911.9242532348633,-0.006146140189193683,-0.003406832958338879,0.051512799459562775,0.008270309248271561,0.007639262255394615,18384910.3,0.7580219197479576,True,True
2023-08-31,935.40234375,958.75,966.2000122070312,954.0499877929688,960.0,36675400,-0.00015645469834468795,-0.010526871436636998,-0.028572888047257883,0.017673309463474896,963.4200042724609,962.8420043945313,912.1852532958984,-0.004847319187634591,-0.00424992301525573,0.05104746709712127,0.008160242025376968,0.007609507021919398,19429280.5,1.8876355200080621,True,True
2023-09-01,945.1100463867188,968.7000122070312,973.0499877929688,952.7999877929688,956.9000244140624,16268147,0.01037810921202742,-0.0017518674404997103,0.003834209540964917,0.030312699032090995,963.6050048828125,963.7220043945313,912.5540032958984,0.0052874438160877,0.0051653981021502204,0.061526231552706756,0.006949053656456751,0.007712529644780791,18692952.5,0.8702823697861534,False,True
2023-09-04,943.7929077148438,967.3499755859376,969.0499877929688,960.5499877929688,968.7000122070312,9512956,-0.0013936581026955386,-0.0032971122016166587,-0.003245774769770615,0.03139988314881803,963.4475036621094,964.55400390625,912.832253112793,0.004050528865345182,0.002898719686367457,0.05972370310890862,0.006834432332371371,0.007706846656216251,18139456.2,0.5244344645789326,False,True
2023-09-05,944.8173828125,968.4000244140624,970.0,962.25,964.0999755859376,16623486,0.0010854901066066347,0.000671686297145424,-0.007430943287634384,0.03235439157405762,963.0850036621093,965.4520043945313,913.1062533569336,0.0055187452112148705,0.0030535127651216687,0.06055568106542619,0.006721616427536491,0.007706989880041103,18136327.4,0.916585019302199,False,True
2023-09-06,934.1828002929688,957.5,969.5,950.7999877929688,962.5499877929688,30802100,-0.011255704398249633,-0.00146003168048503,-0.02285949980198909,0.02302472088456131,961.9650024414062,966.0530041503906,913.2947534179688,-0.004641543538563608,-0.00885355577141722,0.0484019495530823,0.00704488746941375,0.007849093594446568,18487193.5,1.6661317468224692,False,True
2023-09-07,942.1343383789062,965.6500244140624,969.5,954.7000122070312,957.4000244140624,13462347,0.008511774844973674,0.007196896390156304,-0.007247854122025332,0.023422221299358226,961.6125030517578,966.6440051269532,913.5212536621094,0.004198698903655318,-0.0010282800158267769,0.057063555492529616,0.0071993076968200585,0.007855775396656082,18194444.3,0.7399152608359685,False,True
2023-09-08,946.9150390625,970.5499877929688,975.0,961.25,967.5,13086915,0.005074264231370584,0.0019097507614587172,0.006690190198491708,0.03271972802661294,961.9350036621094,967.3060046386719,913.767003479004,0.008955890052926518,0.0033536266070308685,0.06214164453057913,0.007004142976191856,0.00785691274383894,17605868.0,0.7433268839684587,False,True
2023-09-11,954.427490234375,978.25,982.0,969.3499755859376,974.9500122070312,7894110,0.007933658548119782,0.011267922354016857,0.026656897795944268,0.05574144806274295,963.2050048828125,968.1790051269531,914.0397534179688,0.015619722739104613,0.010401996758570897,0.07024885552507198,0.006592192855126471,0.0076743229095011835,17142464.65,0.4605002933460913,False,True
2023-09-12,966.379150390625,990.5,995.1500244140624,982.6500244140624,990.0999755859376,20959591,0.012522361359570633,0.022821122499774082,0.032254715857188865,0.06026545392561178,964.7525054931641,969.1380053710938,914.3550033569336,0.026688186203438935,0.022042262825846537,0.08327727891629633,0.006946645012493137,0.00776342786924747,17239109.65,1.2158163284262191,False,True
2023-09-13,965.6962890625,989.7999877929688,994.8499755859376,980.5499877929688,989.7999877929688,21997553,-0.0007067261050289764,0.033733668713283205,0.03481441483844083,0.07219840937686173,966.4175048828125,970.0400048828125,914.6097534179687,0.02419501177494876,0.020370276288289135,0.08221018209570619,0.00687859442555511,0.00758247722825721,17442447.05,1.2611506250781481,False,True
2023-09-14,963.6473999023438,987.7000122070312,992.9000244140624,982.25,992.2999877929688,11464188,-0.002121616096015466,0.02283434705689391,0.03788156030906964,0.06714928986414126,968.220004272461,970.6340051269531,914.8967535400391,0.02011940245874988,0.017582329683417663,0.07957538201473802,0.006755541494274215,0.007592100005828344,16661775.9,0.6880531864553525,False,True
2023-09-15,968.28173828125,992.4500122070312,997.5,988.5999755859376,990.3499755859376,13307980,0.004809152517256887,0.022564550707854902,0.043969901351164964,0.0732670045480992,970.3100036621094,971.2950048828125,915.1720034790039,0.022817458813535696,0.021780208091125797,0.08444096676281276,0.006748700806718308,0.007602138167918965,16664299.5,0.7985922240535823,False,True
2023-09-18,966.0864868164062,990.2000122070312,996.25,987.2999877929688,990.0999755859376,16713222,-0.002267116703436156,0.012215703763895913,0.036641540570263365,0.06961924083935322,972.0600036621094,972.1710046386719,915.389253540039,0.018661408222313103,0.018545099043619562,0.08172562478495382,0.0067892603011225,0.007615364655049346,16832059.75,0.9929397975194331,False,True
2023-09-20,963.1107177734376,987.1500244140624,996.0,980.6500244140624,981.5499877929688,25741856,-0.0030801734552303728,-0.0033821055890334017,0.03692229455258644,0.06892260358858948,973.8175048828125,972.9460046386719,915.560503540039,0.01369098364364918,0.01459898052684383,0.0781920152706681,0.00677869618842242,0.007621003171689247,17275516.6,1.4900773502773281,True,True
2023-09-21,935.93896484375,959.2999877929688,982.5,957.4500122070312,979.9500122070312,19742813,-0.028212567423704815,-0.030814306300415484,-0.0078088514077826465,0.03434144715804677,973.4400054931641,973.2330041503906,915.6560034179688,-0.014525823492359646,-0.014316218519104806,0.047664171055598725,0.008857407111048212,0.008498096046398698,17527290.7,1.1264041509849552,True,True
2023-09-22,927.1581420898438,950.2999877929688,960.9000244140624,947.4000244140624,956.5,12701888,-0.009381841045058348,-0.037865772959232435,-0.019247664150993993,0.015169332953077763,972.5075042724609,973.3510034179687,915.7545034790039,-0.02283531631573965,-0.023682120369789783,0.03772352107767363,0.00905846231715676,0.008515623824081154,16742898.1,0.7586433318852965,False,True
2023-09-25,933.0607299804688,956.3499755859376,961.2000122070312,941.5,950.2999877929688,8997098,0.006366397843506011,-0.036374664897039666,-0.014478615493242919,0.020161035930236215,971.8050018310547,973.3640026855469,915.8682534790039,-0.015903423234082004,-0.017479614052571257,0.04420037702274371,0.009191650368530535,0.008550605519752898,16678965.1,0.5394278329654878,False,True
2023-09-26,925.5971069335938,948.7000122070312,958.9500122070312,947.0999755859376,958.9500122070312,10521409,-0.007999125397812001,-0.041910724589370285,-0.022512983216479543,0.015086707671112087,970.7125030517578,973.1370031738281,915.9985034179688,-0.02267663265438835,-0.025111562798554643,0.035700395434096865,0.009332040861776573,0.00860788884505279,16680956.85,0.6307437333848148,False,True
2023-09-27,920.1334838867188,943.0999755859376,946.5,934.4000244140624,946.2999877929688,15152973,-0.00590285290295911,-0.04462345918926691,-0.025471479632200866,0.0005835104769951194,969.4800018310547,972.6250024414062,916.1032531738281,-0.027210490361114337,-0.03035602290847672,0.029469082571838667,0.009386725677846526,0.008575606704937028,16778109.85,0.9031394558428164,False,True
2023-09-28,919.6455688476562,942.5999755859376,947.25,934.75,945.5,25991282,-0.0005301664859966859,-0.017408539997433303,-0.01699869476808591,-0.002222966649685465,968.6649993896484,971.9680017089844,916.1567529296875,-0.026908192016986576,-0.03021501332493437,0.02886320771166062,0.009201056698432875,0.008570866472435157,17380865.7,1.4953962851228981,False,True
2023-09-29,928.7191772460938,951.9000244140624,956.0,943.7000122070312,946.7000122070312,10447334,0.009866379237219558,0.0016837173962398477,-0.007144694222620762,-0.006367406665905628,968.3225006103515,971.537001953125,916.2667529296875,-0.01695971764152726,-0.020212279614245765,0.03888962616011149,0.009506761081103288,0.008470249747730705,16069462.4,0.6501358751117896,False,True
2023-10-03,917.4016723632812,940.2999877929688,951.5999755859376,939.0,951.5999755859376,11131636,-0.01218619216680239,-0.016782546350916472,-0.02931766703435612,-0.019908313670055078,966.9024993896485,970.4310021972656,916.3167529296875,-0.027513127345800026,-0.031049105331624527,0.026173520004519224,0.009509850618301575,0.00861048427453517,15812636.85,0.703970887689108,False,True
2023-10-04,907.4012451171876,930.0499877929688,935.5,925.0,935.0,17334739,-0.010900776489488617,-0.019658505506577995,-0.038558938062076,-0.01727603148701984,965.0375,969.092001953125,916.3022528076172,-0.036255080457527566,-0.040287211205407014,0.015003493599658357,0.009742008598067243,0.008547942140658347,16203726.0,1.0697995633843722,False,True
2023-10-05,917.938232421875,940.8499755859376,943.9500122070312,934.5499877929688,935.2000122070312,10478856,0.011612265937014365,-0.0023857491869853087,-0.028449037725700288,-0.007960827323669983,963.6599975585938,968.0690014648437,916.3977526855468,-0.02367019698902595,-0.02811682414964156,0.02668297999283875,0.01018706760701906,0.008679490024277514,15896494.5,0.659192880543569,False,True
2023-10-06,922.182373046875,945.2000122070312,946.5499877929688,938.0,946.0,6355755,0.004623517812587075,0.002758366951449709,-0.012845940253753296,0.00026456425924181737,963.0449981689453,967.0790014648437,916.5797528076172,-0.01852975301864712,-0.02262378691365663,0.03122506177094353,0.009994868552065213,0.00868787677678691,14674177.25,0.43312513483507226,False,True
2023-10-09,915.7431030273438,938.5999755859376,942.0499877929688,936.2999877929688,940.25,6725306,-0.006982687828878231,-0.013972106825306141,-0.028012269605169005,-0.0061415170247621775,961.692495727539,965.9220007324219,916.7627526855468,-0.024012374271602743,-0.028285953861457824,0.023819928150899727,0.009851017408169044,0.008734833975525803,14337325.2,0.46907675638130886,False,True
2023-10-10,928.0362548828124,951.2000122070312,957.5,940.3499755859376,940.4000244140624,11452715,0.013424288247213978,0.011592071206601329,-0.01993712413508897,-0.004708590501749543,960.7249969482422,965.1410009765625,916.9865026855468,-0.009914371720801674,-0.014444509926969551,0.0373108103786528,0.010305128830767098,0.008770849907738576,14255615.2,0.8033827259871605,False,True
2023-10-11,929.889892578125,953.0999755859376,962.0499877929688,950.75,954.9000244140624,12233117,0.0019974383457985745,0.024783600984358944,-0.02570919950325823,-0.007239219098380878,959.467495727539,964.2790002441407,917.2035025024414,-0.006636514702119345,-0.011593143328199274,0.039136868738026465,0.010119435250079122,0.008754365913249252,14472565.55,0.8452625042696731,False,True
2023-10-12,931.0119018554688,954.25,960.0999755859376,948.4000244140624,952.8499755859376,7836818,0.0012066146716196435,0.014242466665014497,-0.036597677940434115,-0.014916911350201345,957.654995727539,963.3980004882812,917.5135025024414,-0.0035555557510063007,-0.009495556855676157,0.040039190047190365,0.009612367343549227,0.008674585612024933,13816426.9,0.5672101808029687,False,True
2023-10-13,928.1337890625,951.2999877929688,957.4000244140624,944.5499877929688,949.9500122070312,6650442,-0.003091445854892627,0.006453634688063703,-0.03889674729724568,-0.024757828809106486,955.7299957275391,962.5330004882812,917.8167523193359,-0.004635208640907051,-0.01167026241138136,0.036481394994175353,0.009612643875063144,0.00863053411602603,13049071.35,0.5096486808618761,False,True
2023-10-16,928.2313842773438,951.4000244140624,954.8499755859376,946.1500244140624,948.5,5763024,0.00010515780760789184,0.013637384573906619,-0.0367520374044098,-0.022651381700614093,953.9149963378907,961.8220007324219,918.1792523193359,-0.002636473829935926,-0.010835660143377113,0.03618114002337802,0.009623289354856828,0.00862795354535076,12764013.15,0.4515056457772452,False,True
2023-10-17,930.6704711914062,953.9000244140624,960.9500122070312,951.5,955.4000244140624,7747527,0.002627706470303748,0.002838532561376228,-0.03884325388564469,-0.04188424286303716,951.9874969482422,961.6000012207031,918.482752380371,0.0020089838069838883,-0.008007463391083602,0.03856062832089413,0.009556253848673698,0.008089088191546074,12485990.5,0.6204975888777106,False,True
2023-10-18,920.767578125,943.75,950.6500244140624,939.0999755859376,949.2000122070312,12000153,-0.010640553678879616,-0.009810068015361662,-0.046909726958596965,-0.05341023069207618,949.6649963378907,961.0650012207032,918.6982522583007,-0.0062285083273576625,-0.018016472557746188,0.02726874431307369,0.009752959250982643,0.008185348800911207,12250337.05,0.9795773741588604,False,True
2023-10-19,912.9624633789062,935.75,945.0,934.0,936.0,8612676,-0.008476821192052952,-0.019386953104532312,-0.05206911122204716,-0.05670362903225812,947.0949951171875,960.2670007324218,918.8822521972656,-0.011978729879977612,-0.025531441477966044,0.0183568109650607,0.00984829730595121,0.008227074367241105,11393878.05,0.7559038250369898,False,True
2023-10-20,910.0355224609376,932.75,940.0,930.0,932.0,6586576,-0.0032059845044082325,-0.019499619500684573,-0.02767641835798562,-0.062280095955339454,945.7674957275391,959.3240002441406,919.0057522583007,-0.013763949159116828,-0.027700756196423426,0.014955562256193877,0.007803763793395636,0.008217955191247454,10736066.2,0.6134999428375358,False,True
2023-10-23,907.3037109375,929.9500122070312,944.7999877929688,925.4000244140624,942.0,11856890,-0.0030018630854663497,-0.022545734345804314,-0.02141426480831532,-0.0667369152344226,944.7499969482421,958.4690002441406,919.2012524414063,-0.015665503878293907,-0.02975473179606747,0.01169358694527034,0.007586545744093313,0.008213474041689999,10693816.3,1.1087613315369929,False,True
2023-10-25,893.7909545898438,916.0999755859376,933.7999877929688,911.4000244140624,926.0499877929688,12593434,-0.01489331301606589,-0.03962684543523687,-0.0420871030768204,-0.07488010544212309,942.7374969482422,957.5090002441407,919.2695022583008,-0.028255502139814648,-0.04324661663508622,-0.0034478753668829576,0.007971676382976998,0.008379430981655745,10873633.1,1.158162491246831,False,True
2023-10-26,886.5224609375,908.6500244140624,916.5999755859376,899.0,914.2999877929688,21693345,-0.008132246883982508,-0.037192027110927284,-0.04221565012927275,-0.08788394571387959,940.7349975585937,956.6250012207031,919.3060025024414,-0.03410628203245192,-0.05015024355982978,-0.011591328740780948,0.007976899742536556,0.008370338989848534,11432229.9,1.8975602476293798,False,True
2023-10-27,890.5225830078125,912.75,918.1500244140624,911.2999877929688,916.0,8645505,0.004512161421644567,-0.024579214533796412,-0.03218107981296625,-0.08569567148057544,939.2174987792969,955.6890014648437,919.3742526245118,-0.028180372292569866,-0.04492988974345047,-0.007205175265243446,0.008056787079417873,0.008393612812195443,11106856.5,0.7783935085503265,False,True
2023-10-30,902.3766479492188,924.9000244140624,926.2999877929688,908.2000122070312,909.0999755859376,7687791,0.013311448276157156,-0.008415948095349846,-0.018777797188964107,-0.07003163665354661,938.3325012207031,955.057001953125,919.6030026245118,-0.014315263287977387,-0.03157610224037988,0.005760117979642487,0.008720948312552828,0.008601030858918031,10191681.95,0.7543201443800942,False,True
2023-10-31,893.0592041015625,915.3499755859376,931.0,914.0999755859376,929.2999877929688,17211107,-0.01032549310848474,-0.015699807978327374,-0.038396940740308305,-0.0725467710983464,936.5049987792969,954.3310009765624,919.8292526245117,-0.02258933291432952,-0.04084644148700578,-0.004869683178474249,0.008575145033822036,0.008642123962945928,10529870.6,1.6345031818339724,False,True
2023-11-01,891.7909545898438,914.0499877929688,917.5999755859376,909.2999877929688,913.7999877929688,12927203,-0.0014202084750553068,-0.002237733705491851,-0.02791662271698292,-0.05279794011091321,935.1924987792969,953.5990002441406,920.0327526855468,-0.02260765672727849,-0.04147342063178183,-0.00650277381442621,0.008227703422105416,0.00818986069904433,10619648.95,1.2172909915256662,False,True
2023-11-02,897.5472412109375,919.9500122070312,924.7999877929688,912.7999877929688,920.0499877929688,9747311,0.006454815921291601,0.012436017706878522,-0.01085960509488848,-0.052086540744944565,934.6875,952.8940002441407,920.3257528686523,-0.015767288845703775,-0.034572563190311656,-0.0004082692029967472,0.008084987558350427,0.0082007042408927,10240277.55,0.9518600401607278,False,True
2023-11-03,911.0599365234376,933.7999877929688,934.5,926.7999877929688,928.5499877929688,7146961,0.015055139303395748,0.02306216137274042,-0.007493211432118452,-0.042894517064381965,934.3350006103516,952.53,920.6632528686523,-0.0005726134812816808,-0.019663435489728598,0.014268772956218534,0.008387766125295263,0.008418586275860002,10073682.8,0.7094685371669633,False,True
2023-11-06,922.42626953125,945.4500122070312,947.75,937.4000244140624,941.0,10338367,0.012475931212632796,0.02221860444428847,0.00026449428350749926,-0.03515666021911856,934.3475006103515,952.1020007324219,921.0872528076172,0.011882636373969246,-0.006986634331482833,0.026450001696530334,0.008805821776441316,0.008565156454239584,10272813.4,1.0063812703927826,False,True
2023-11-07,925.0116577148438,948.0999755859376,950.4500122070312,930.4500122070312,943.5999755859376,15704942,0.0028028593206321784,0.03577866485333758,0.01012145775314921,-0.025290466035131187,934.8225006103515,951.685,921.4605026245117,0.014203204316238782,-0.0037670283907620394,0.028910054077794012,0.00866523317466036,0.00852898791381593,10721795.2,1.4647679522921684,False,True
2023-11-08,912.9624633789062,935.75,948.4500122070312,934.0999755859376,948.4500122070312,17606074,-0.013026026689121228,0.023740509268456167,-0.01624265349953391,-0.029405638734414152,934.05,950.9919995117187,921.8130026245117,0.001820031047588433,-0.01602747396355031,0.015119115629534496,0.008613490905499708,0.008615926541984006,11029463.15,1.596276605720379,False,True
2023-11-09,914.5234375,937.3499755859376,942.3499755859376,933.0,934.0,9406117,0.0017098323119824066,0.018914031358250094,-0.01652502403047207,-0.016266988924954928,933.2625,950.3279992675781,922.1740023803711,0.004379770521088622,-0.013656362531297317,0.01645673502657119,0.008608843039131417,0.008493189745203548,10888113.15,0.8638886159995499,False,True
2023-11-10,915.7431030273438,938.5999755859376,941.4500122070312,932.4000244140624,934.9000244140624,9560455,0.0013335467355388708,0.005140273994127531,-0.01640033996757917,-0.02183316395555135,932.4799987792969,949.7449987792969,922.5195022583008,0.006563118581258909,-0.011734753231324113,0.0174310388975758,0.008610445000496023,0.008442233561964618,10974295.0,0.8711680340286095,False,True
2023-11-13,911.694091796875,934.4500122070312,940.9000244140624,932.0,940.9000244140624,11470096,-0.004421439896496571,-0.011634671170315913,-0.017712578368711762,-0.023052783892283046,931.6375,949.2559985351562,922.8610021972656,0.00301889115351317,-0.015597464067620082,0.01255769826894082,0.00863424755188116,0.008450855155779197,11215277.7,1.0227206411482794,False,True
2023-11-15,918.18212890625,941.0999755859376,944.4000244140624,938.75,944.4000244140624,19492138,0.007116446350297734,-0.0073831876176074784,-0.01082620198004336,-0.011086059536036363,931.1224975585938,948.902998046875,923.2147521972656,0.01071553748674825,-0.008223203506573795,0.01937276602881921,0.008815827092621869,0.008481957762072733,11901733.4,1.6377562280129716,False,True
2023-11-16,913.2063598632812,936.0,946.2000122070312,934.0,939.0,19706373,-0.00541916450774782,0.00026716537536741747,-0.018765094827476902,-0.015410533885056199,930.2274963378907,948.2489978027344,923.5362521362305,0.006205475203468369,-0.012917490902829898,0.01349567798225526,0.008848786531356767,0.008508524798646321,12499675.7,1.5765507420324514,False,True
2023-11-17,899.4009399414062,921.8499755859376,938.4000244140624,920.1500244140624,926.5499877929688,10956653,-0.01511754745092131,-0.016535979520681088,-0.023205323882450224,-0.03491419199633061,929.1324951171875,947.3389978027344,923.7917520141601,-0.007837977435426358,-0.026905914647149753,-0.0021019633743090127,0.009159096867807862,0.008695851995073563,12447500.7,0.8802291531503992,False,True
2023-11-20,899.0107421875,921.4500122070312,926.75,917.5,922.0,10562301,-0.0004338703579745973,-0.018271855769227185,-0.015281846425828194,-0.03209032331194195,928.4174957275391,946.3999975585938,924.1225021362304,-0.007504687872181726,-0.026363044606852792,-0.0028919217127830743,0.008994796885772142,0.008688110114993111,12544981.95,0.8419542604443525,False,True
2023-11-21,903.5474243164062,926.0999755859376,928.0499877929688,922.0,924.4000244140624,8989572,0.005046354460150226,-0.008935776672924556,-0.0071294820842265905,-0.04214718004756046,928.084994506836,945.7719970703125,924.667001953125,-0.0021388331161987795,-0.020799961878034345,0.0015497185795381174,0.009064309356050166,0.008460394152235996,12665131.75,0.7097890631891769,False,True
2023-11-22,900.279052734375,922.75,925.2000122070312,914.75,923.25,12197979,-0.003617293676979161,-0.019498433813594285,-0.007742364764256049,-0.047680490866395586,927.7249938964844,944.9139965820312,925.163251953125,-0.005362573962343298,-0.023456099351055748,-0.002608460666839507,0.009074936218755972,0.008460304388725895,12682186.2,0.9618198950587873,False,True
2023-11-23,900.52294921875,923.0,925.3499755859376,918.5,923.0,5534614,0.00027092928745586775,-0.01388888888888884,0.007531955679454194,-0.04884586069820329,928.0699951171875,943.9629968261719,925.6187518310547,-0.005462944760483701,-0.022207434927697833,-0.002829190555911243,0.008404562278410986,0.00845619694923433,12329245.2,0.44890128391639095,False,True
2023-11-24,906.76708984375,929.4000244140624,930.4000244140624,920.2000122070312,921.5,7452002,0.006933937610035024,0.00819010579603896,0.022836074883044732,-0.04239860274737772,929.1074951171875,942.9859973144531,926.0260018920899,0.00031484978693230303,-0.014407396227603009,0.003643550521344574,0.008272894409986466,0.00851424760712527,11617178.05,0.6414640429824522,False,True
2023-11-28,902.9620971679688,925.5,931.0499877929688,921.7000122070312,928.9000244140624,14231987,-0.004196281807202551,0.004395233316312419,0.013968775677896561,-0.04365796951692069,929.7449951171875,941.6859973144532,926.3640017700195,-0.004565762805372686,-0.017188316870605735,-0.0009326806399737597,0.008316352512562325,0.008521667541299323,11896502.15,1.196316935898675,False,True
2023-11-29,916.7186889648438,939.5999755859376,941.0999755859376,926.0,930.9000244140624,11680078,0.01523498172440596,0.014577259859507752,0.015893556907610407,-0.020127279525222752,930.4799926757812,940.6819970703125,926.7430017089844,0.009801374539961882,-0.001150252144449193,0.013873289415991197,0.00847908271450749,0.008692093206866926,12096116.5,0.9656056140001628,False,True
2023-11-30,912.1819458007812,934.9500122070312,940.8499755859376,928.2000122070312,938.9500122070312,23950292,-0.0049488755850665145,0.013221362456820707,0.021412615003946645,-0.02482397683751625,931.459994506836,939.6269970703125,927.1492517089844,0.0037468251140975184,-0.004977490938280593,0.008413705219162848,0.00818722898389032,0.008712731935275234,12433075.75,1.9263368519249953,False,True
2023-12-01,923.6458740234376,946.7000122070312,952.0,933.0,935.9500122070312,16986046,0.012567516815431778,0.02567715298703277,0.03572017378710113,-0.022710849306047276,933.092495727539,938.7119970703125,927.6190017700195,0.014583245007111945,0.008509548361637087,0.02056987879787142,0.008550732263766125,0.00876299797813618,12636017.9,1.3442562470570731,False,True
2023-12-04,967.0621337890624,991.2000122070312,994.8499755859376,961.4000244140624,963.7000122070312,33131257,0.047005386528154336,0.06649449770773397,0.07744986037781088,0.024655023748408444,936.654995727539,938.7319970703124,928.279501953125,0.058233839277315624,0.05589243287803769,0.0677818589352881,0.013237805294107865,0.010682261364868266,13805215.2,2.3999087678111675,False,True
2023-12-05,988.7703247070312,1013.4500122070312,1015.75,995.0499877929688,1002.5,31378461,0.02244753806091837,0.0950297268579483,0.08529666465547403,0.046520019266032886,940.6374969482422,939.2579968261718,929.0427520751953,0.07740762567409698,0.07899002790666687,0.09085401069358334,0.013664389299246958,0.011052965139770835,15016790.2,2.089558459703326,True,True
2023-12-06,978.8187255859376,1003.25,1016.25,1000.25,1014.0,18786590,-0.010064642640654986,0.06774161991050498,0.06113489560176966,0.047780678851174985,943.5274963378906,940.1369970703125,929.7897521972657,0.06329704634354605,0.06713170859817486,0.07900737519329959,0.013872824701552265,0.011031963449663526,15439201.35,1.2168109978046242,True,True
2023-12-07,974.6721801757812,999.0,1002.2000122070312,988.1500244140624,996.3499755859376,11841945,-0.0042362322452030865,0.06850632328649642,0.05368634714140308,0.03453629652852097,946.0724975585938,941.1109973144531,930.5315020751954,0.05594444672896559,0.06151134441180517,0.07357998925572296,0.013968683973554042,0.011004383294252105,15246051.5,0.7767220909623714,True,True
2023-12-08,986.2335815429688,1010.8499755859376,1012.8499755859376,993.25,994.5,16116363,0.011861837423360999,0.0677616589751111,0.08025645266998405,0.04152283581457872,949.8274963378906,942.2009973144532,931.2592520141602,0.06424585462446863,0.07286022671081227,0.08546569969601459,0.013596746719364753,0.011085485855977633,15171565.95,1.0622741945764669,True,True
2023-12-11,992.3313598632812,1017.0999755859376,1020.0,1004.6500244140624,1007.0999755859376,11714606,0.00618291551758432,0.026129906234804157,0.08508028172737547,0.03971374964062102,953.8149963378906,943.5689965820312,931.990751953125,0.06634932297251095,0.07792856618886779,0.09131981562526614,0.013594684346619946,0.011068516325106532,15286990.4,0.7663121185710956,True,True
2023-12-12,990.9655151367188,1015.7000122070312,1021.0,1008.5999755859376,1017.0999755859376,12380856,-0.0013764265190350233,0.002220139101977159,0.08214365930806955,0.025441708437184518,957.6699981689453,945.0209973144531,932.722001953125,0.060595000521096676,0.07479094654344487,0.08896328174970658,0.013637956257103909,0.01096201977587047,15428010.45,0.8024920672775406,True,True
2023-12-13,989.2093505859376,1013.9000244140624,1020.7000122070312,1009.2000122070312,1014.7999877929688,15887040,-0.0017721647842237065,0.010615523961188478,0.08502328767633283,0.024348390501429673,961.6424987792968,946.4469982910156,933.478251953125,0.054341946930487106,0.07126973432727413,0.08615280783742985,0.013564093413114936,0.010964833059236966,15648857.65,1.015220430482988,True,True
2023-12-14,1008.4784545898438,1033.6500244140625,1040.0,1021.25,1022.25,16317672,0.019479238114639363,0.034684709123185664,0.09834241975248426,0.046522235131247314,966.2700012207031,948.0819982910157,934.3860021972656,0.06973208638189865,0.09025382432879137,0.1062344919373488,0.013980534884652715,0.011230052832012866,15490134.35,1.053423529538335,True,True
2023-12-15,1012.1370849609376,1037.4000244140625,1043.699951171875,1025.699951171875,1043.6500244140625,14306067,0.003627920390294248,0.026265073422725438,0.1083333594167335,0.04529196599743135,971.3400024414062,950.0239990234375,935.3020022583008,0.06800916446004313,0.09197244014934558,0.10916048710389203,0.01377763082214701,0.011223974159316683,15220119.05,0.9399444874907203,True,True
2023-12-18,996.5755004882812,1021.4500122070312,1029.949951171875,1018.0,1029.949951171875,8592711,-0.01537498730640574,0.0042769017063319925,0.10804365054930631,0.03155928056428481,976.3200042724609,951.8519995117188,936.2130023193359,0.046224606417032854,0.07311852339545943,0.09104446282687029,0.013797761472491232,0.011410697608411312,15101921.95,0.5689812878419757,True,True
2023-12-19,990.7216186523438,1015.4500122070312,1025.5,1012.5999755859376,1025.5,10094256,-0.005874002573102777,-0.0002461356670231396,0.10201313012613,0.02866837572107306,981.0200042724609,953.3440002441406,937.0915023803711,0.03509613237714171,0.06514543747795765,0.08361884578786194,0.013967907688204642,0.011431574516404574,15078519.7,0.6694460862759625,True,True
2023-12-20,982.1358642578124,1006.6500244140624,1022.0,1002.0,1022.0,16490281,-0.008666096496313558,-0.007150606396513104,0.08697770321952691,0.04935894633964333,985.0475067138672,954.5730004882812,937.9262524414063,0.021930432342559314,0.05455530786974161,0.07327204222482231,0.014296125197393391,0.0108628150910754,15453555.15,1.067086559690441,True,True
2023-12-21,979.9407348632812,1004.4000244140624,1010.9000244140624,989.2000122070312,996.5499877929688,18064916,-0.0022351362891086524,-0.028297779044295868,0.08848553174105911,0.05692942998635475,989.1300079345704,955.8890014648438,938.6662524414063,0.0154378255204064,0.05074964025622042,0.07002890729445865,0.014259262586104226,0.010787521983208861,15746902.0,1.1472044469445482,True,True
2023-12-22,970.0866088867188,994.2999877929688,1009.5499877929688,991.5999755859376,1002.9500122070312,20881976,-0.010055790895650119,-0.041546207448218686,0.07724809078328132,0.039682138522333155,992.6950073242188,956.7510009765625,939.3635025024414,0.0016167911160107629,0.039246352267287676,0.058482669535465215,0.014597447105406539,0.010856648858071664,16514270.1,1.2644807111396343,True,True
2023-12-26,970.8671264648438,995.0999755859376,997.5,989.9000244140624,994.9000244140624,14339699,0.0008045738738713393,-0.02579669715227617,0.07069071384336967,0.04890899418348549,995.9800048828125,957.5910009765626,940.0575024414062,-0.0008835812893437378,0.039170141084370114,0.058552240689087265,0.014593126915982172,0.010796326222608996,16858654.95,0.8505838124410987,True,True
2023-12-27,977.8430786132812,1002.25,1004.9000244140624,992.0,997.9500122070312,12996468,0.007185232227397309,-0.012999174797725055,0.08292814694759598,0.06271872118044874,999.8175048828125,958.5510009765625,940.7987524414062,0.0024329391166966197,0.045588600897518594,0.06531816437800919,0.014497968753090838,0.010789733847866472,16796879.0,0.7737430269039861,True,True
2023-12-28,981.4041748046876,1005.9000244140624,1011.7000122070312,999.0999755859376,1008.0,24915990,0.0036418302958967086,-0.0007450454297028841,0.0705619950519687,0.06715473208958689,1003.1325073242188,959.6430017089843,941.4855026245117,0.0027588748940314822,0.04820232380447842,0.06841796459954708,0.014258686507985958,0.010792682981768787,17458674.6,1.427140981251807,True,True
2023-12-29,972.3306274414062,996.5999755859376,1008.5499877929688,993.7000122070312,1004.0499877929688,12280140,-0.0092455001515106,-0.007765878771931578,0.06593931501575812,0.046958661650828404,1006.2150054931641,960.5470007324219,942.1297525024414,-0.009555641542548843,0.03753379566645365,0.05781605234185094,0.014424248004209269,0.01081279847066794,16875167.0,0.7277047984176986,True,True
2024-01-01,975.0624389648438,999.4000244140624,1004.8499755859376,991.0,991.5499877929688,7683792,0.002809601541961193,0.00512927354290138,0.05566706615348216,0.0628523209489884,1008.8500061035156,961.4570007324219,942.766252746582,-0.009367082948189664,0.03946408799638057,0.06007191231388265,0.01425817921090026,0.010679514277061625,16410054.3,0.4682368418488414,True,True
2024-01-02,958.330078125,982.25,997.6500244140624,980.25,997.0,16263825,-0.017160320187221578,-0.01291325083027084,-0.009029471445528903,0.05612602859218696,1008.4025054931641,962.2270007324219,943.3977526855468,-0.025934589958574228,0.020809018300605997,0.04118331552503007,0.010518117472458009,0.010827997108648636,15566682.7,1.0447842558003704,True,True
2024-01-03,960.0862426757812,984.0499877929688,988.0,975.0999755859376,984.7000122070312,16826752,0.0018325149330300494,-0.018159154110283127,-0.029009841689218496,0.04591594125314957,1006.932504272461,963.1930004882812,944.1047525024414,-0.022724975489817445,0.021654006304151263,0.04231017287504235,0.009071841290692701,0.010738281784969043,14839097.25,1.1339471476271914,True,True
2024-01-04,963.1107177734376,987.1500244140624,989.1500244140624,981.9000244140624,986.4000244140624,22789140,0.003150283684314026,-0.018640023406821027,-0.016047820170383864,0.04438215368732212,1006.1275054931641,964.2810009765625,944.8985025024414,-0.018861904654718376,0.02371614022711177,0.0447154078451002,0.008889393760878928,0.010731083482668548,15039224.75,1.5153134805037074,True,True
2024-01-05,969.5012817382812,993.7000122070312,998.2999877929688,983.7999877929688,988.0,14875499,0.006635250601200848,-0.0029098569636241134,-0.005305293086054763,0.058704493984987005,1005.8625061035157,965.5560009765625,945.7152526855468,-0.012091606777947406,0.029147984375845537,0.050739119819863454,0.008998073288052452,0.01070810339964005,15190902.45,0.9792373460998692,True,True
2024-01-08,958.086181640625,982.0,998.2000122070312,980.2999877929688,994.0,8393164,-0.01177418945688169,-0.017410470271164824,-0.0285403138771555,0.032380138138880854,1004.4200073242188,966.8740014648438,946.4957525634766,-0.022321346807841702,0.01564422925038822,0.037511259126482344,0.008878074212712962,0.010706986093711063,14804742.5,0.5669240110052572,True,True
2024-01-09,955.8909301757812,979.75,995.0,975.4000244140624,986.25,14660414,-0.0022912423625254252,-0.002545176889793832,-0.036722029773347264,0.02796141548286024,1002.5525085449219,968.2960009765625,947.2750024414063,-0.022744453133947906,0.011829026466995352,0.03428254464109792,0.008697035138156698,0.010711725200781445,14952032.9,0.9804963711656894,True,True
2024-01-10,968.8670654296876,993.0499877929688,994.9500122070312,974.2999877929688,974.2999877929688,9409181,0.013574879094635062,0.009145876847359347,-0.02229991546898369,0.0406601915566871,1001.4200073242188,969.9020007324219,948.0590023803711,-0.008358150895761085,0.023866315404099225,0.04745589177428311,0.00935596152607756,0.010843447397936733,14803449.15,0.6356073442519307,True,True
2024-01-11,967.0133666992188,991.1500244140624,998.5,986.8499755859376,995.2999877929688,6451345,-0.001913260563175645,0.004052068987562718,-0.022438109726989452,0.041890084234675884,1000.2825073242187,971.2270007324219,948.8325024414063,-0.009129903645507031,0.020513251450604342,0.04459957038125317,0.009356559803636979,0.010837490260444163,14331664.4,0.4501462509825446,True,True
2024-01-12,979.0626220703124,1003.5,1008.7000122070312,991.75,994.7999877929688,12255743,0.012460248480787195,0.009862119022422844,-0.029168503557239767,0.05476137717993468,998.7750061035156,972.9900012207031,949.5880023193359,0.004730789084238074,0.031356949959423286,0.05677409313195403,0.008649237410324114,0.01094206957077514,14128567.95,0.8674441063929625,True,True
2024-01-15,985.2579956054688,1009.8499755859376,1011.6500244140624,999.25,1003.5,12388044,0.0063278281872820585,0.02836046393680003,-0.02655682299958062,0.05865389426553658,997.3975036621093,974.9060009765625,950.3362521362304,0.012484963996908904,0.03584342959667053,0.06262385899299128,0.008753002857263718,0.010962109394526928,14032666.8,0.8828004096840666,True,True
2024-01-16,984.4774169921876,1009.0499877929688,1015.7999877929688,1004.5999755859376,1006.0999755859376,11505126,-0.0007921847921070757,0.029905575700912124,-0.012139629219123482,0.0691920400455297,996.7775024414062,976.6880004882812,951.1042520141601,0.012312161261167631,0.03313441681325924,0.06092469427625469,0.008102797528015123,0.010857957850163072,14178287.55,0.8114609017081191,True,True
2024-01-17,957.8422241210938,981.75,1007.7999877929688,976.75,987.9000244140624,41914771,-0.027055139114247728,-0.011379072485648734,-0.033187268503533596,0.049158429067592824,995.0925018310547,977.6470007324219,951.7510018920898,-0.013408303053739634,0.004196810571202247,0.03151979672022609,0.00999462087338647,0.011389690999926672,15769313.3,2.657995957249451,True,True
2024-01-18,962.3302001953124,986.3499755859376,994.2999877929688,970.1500244140624,973.9500122070312,17902484,0.0046854856999618555,-0.004842908449669281,-0.020165944802853164,0.05746446055849641,994.0774993896484,978.465,952.4392517089843,-0.0077735627337460755,0.008058515722010995,0.035604080592128495,0.009946288412720437,0.011387466043135895,15839923.45,1.1302127852139336,True,True
2024-01-19,974.8673095703124,999.2000122070312,1010.9000244140624,987.5499877929688,991.2999877929688,23271148,0.013027867328186504,-0.0042849903268248335,-0.0051772322586955966,0.07446636818214603,993.8174987792969,979.4870007324218,953.1615017700195,0.005415997840997555,0.020125853084184575,0.0483008497002011,0.010418503566521645,0.011479770236916908,16100235.05,1.4453918174318827,True,True
2024-01-23,1003.9904174804688,1029.050048828125,1059.4000244140625,1021.2000122070312,1059.0999755859375,50797448,0.029873935404745477,0.019012797649519353,0.03494927231397282,0.1232944834104428,995.5550018310547,981.3530017089844,954.0517520141601,0.033644597169885326,0.048603353773900126,0.07861030248687362,0.012119041123031235,0.011860458778836123,17596008.65,2.8868733251048955,True,True
2024-01-24,974.8673095703124,999.2000122070312,1035.949951171875,996.6500244140624,1029.449951171875,34578943,-0.02900737107498974,-0.009761632927107744,0.004120225828243562,0.09965331575417014,995.7600036621094,982.5900024414062,954.6615020751954,0.0034546562748760667,0.01690431382810198,0.04665371970590648,0.013942654919970801,0.012454278650393606,18607970.85,1.8582866062475585,True,True
2024-01-25,985.3555297851562,1009.9500122070312,1015.0999755859376,988.1500244140624,998.4000244140624,28315035,0.010758606754072586,0.028724229393461975,0.007682726073366286,0.10649138560069149,996.1450042724609,984.0170031738281,955.2922521972656,0.013858432131226506,0.026354228585034,0.05721574720620559,0.014057971552325027,0.012504527877657054,19373899.2,1.461504197358475,True,True
2024-01-29,991.6484985351562,1016.4000244140624,1032.0,1010.0,1020.0,14078922,0.006386466784565004,0.030465909232951116,0.0104384131078199,0.09892961140093659,996.6700042724609,985.6560034179688,955.9512524414063,0.01979594053901912,0.031191430772482764,0.06323415740946614,0.014103814256217507,0.012427866563312025,18832045.8,0.7476044902142284,True,True
2024-01-30,992.1362915039062,1016.9000244140624,1023.8499755859376,1008.0,1014.9500122070312,16085742,0.0004919322982979146,0.01771418333746344,0.020369304962293944,0.11094122634691739,997.6850067138672,987.1720043945312,956.6607525634765,0.01925960355311429,0.030114326467112873,0.06296826925236365,0.013912309147711313,0.012329281605742298,19022325.9,0.8456243513312954,True,True
2024-01-31,1003.1123657226562,1028.1500244140625,1039.0,1003.25,1016.7999877929688,25627447,0.011063034447739595,-0.0008746167546345163,0.028767259653466493,0.12482909922311314,999.1225067138672,989.0150048828125,957.4592526245117,0.02905301152274853,0.03956969240915309,0.07383162426576262,0.014086967547769681,0.012378744189971137,19919508.65,1.286550157952817,True,True
2024-02-01,1000.1853637695312,1025.1500244140625,1033.949951171875,1017.4000244140624,1033.949951171875,13058880,-0.002917862110356606,0.025970788520821575,0.04367526028410529,0.11435405273233079,1001.2675079345703,991.081005859375,958.1755026245118,0.023852283520871875,0.03437561445862447,0.06989796921973346,0.01343833260243531,0.012381192214803268,19759261.4,0.6608991973758696,True,True
2024-02-02,999.0633544921876,1024.0,1050.0,1021.6500244140624,1037.0999755859375,14774650,-0.0011218108439492447,0.013911567526263546,0.040597543521779134,0.09659457419807693,1003.2650085449219,993.1320056152343,958.8447525024415,0.02066751185227811,0.03108146168911685,0.06795182153055856,0.013459104965615943,0.012265041575971636,19656656.3,0.7516359738151396,True,True
2024-02-05,998.5755615234376,1023.5,1026.449951171875,1012.0999755859376,1022.5,12948430,-0.00048828125,0.006985414615697794,0.0368231521926099,0.08255326752894221,1005.0825073242188,995.0800061035156,959.4672525024414,0.01832435898701812,0.02856051143844196,0.06673781448043292,0.013468438107642108,0.012184330237030794,19164620.8,0.6756423795246708,True,True
2024-02-06,1001.4049072265624,1026.4000244140625,1034.9000244140625,1016.7000122070312,1023.5499877929688,12886927,0.0028334386068027406,0.009342117978091258,0.03290732797155127,0.08258627870940982,1006.7175079345703,997.1530065917968,960.0927526855469,0.019551181264219508,0.029330521623988304,0.06906340199219563,0.013424790259229446,0.012184390743860515,19065192.2,0.6759400516297969,True,True
2024-02-07,997.2584228515624,1022.1500244140624,1031.550048828125,1013.0,1028.0,16410895,-0.004140685793948884,-0.005835724220713323,0.04088597190841381,0.09233237981732545,1008.7250091552735,999.1360070800781,960.7192529296875,0.013308895027824619,0.023033918476466075,0.06394247986291868,0.013126565604307514,0.012059490968577868,19466078.75,0.8430508892295527,True,True
2024-02-08,965.2083740234376,989.2999877929688,1028.25,985.25,1024.0999755859375,20565502,-0.03213817525458129,-0.03497052701294556,0.009747372077538952,0.05542221535190972,1009.2025085449219,1000.3340063476562,961.206252746582,-0.019721037733694047,-0.011030334352996829,0.029227582494507187,0.015185739196578795,0.01281935686149591,19761333.15,1.0406940586394597,True,True
2024-02-09,986.0872802734376,1010.7000122070312,1013.75,985.5,988.8499755859376,12799837,0.02163148153049499,-0.012988269329071045,0.01777355080914833,0.0768165762800963,1010.085009765625,1002.0380065917968,961.7877526855468,0.000608862061569404,0.008644388294907435,0.05085556494653787,0.01564798702912699,0.013093738718048373,19930865.95,0.642211785083026,True,True
2024-02-12,971.8427734375,996.0999755859376,1012.2000122070312,985.25,1010.4000244140624,8050066,-0.01444546991664919,-0.026770908074315924,0.004994149270996173,0.06597459743544576,1010.3325073242188,1003.1680065917968,962.3400024414062,-0.014086977935585665,-0.007045710149661155,0.03508112835264465,0.016017276751165276,0.013231440002224967,20010802.0,0.4022860253177259,True,True
2024-02-13,994.9656372070312,1019.7999877929688,1027.050048828125,1000.2999877929688,1006.0,18706292,0.02379280472634293,-0.006430277147412844,0.016243136814119374,0.08362555971593966,1011.1475067138672,1004.8650061035156,962.915252380371,0.008557090851384563,0.014862674686389354,0.05907553678475441,0.016655178550580726,0.013530639272883862,20333329.45,0.9199817494719243,True,True
2024-02-14,997.7951049804688,1022.7000122070312,1035.699951171875,1007.5499877929688,1009.5499877929688,17878720,0.002843718816214702,0.000538069539531838,0.012724698650052213,0.09262821816990519,1011.7900085449219,1006.3850061035156,963.4615023803711,0.01078287349150564,0.0162114956051298,0.061485082362193744,0.016614009782620967,0.013501775332159748,20607863.25,0.8675678687842613,True,True
2024-02-15,991.8923950195312,1016.6500244140624,1026.6500244140625,1006.5999755859376,1022.8499755859376,10069878,-0.0059157013012181014,0.027645847527107303,0.00753187326003224,0.10283674278764154,1012.1700103759765,1006.8940063476563,963.9700024414062,0.004426147773753719,0.009689220518646735,0.05464902625521084,0.0166786440753301,0.013360571393213137,20536100.85,0.49035004617246997,True,True
2024-02-16,998.3316650390624,1023.25,1026.199951171875,1016.9000244140624,1023.2000122070312,7159395,0.006491885533314701,0.012417124410203373,0.04227145403615995,0.11047803618683583,1014.2450103759766,1007.0900061035156,964.4945025634765,0.008878515084521199,0.016046226055810298,0.06091843683956766,0.015398533910282498,0.013371559159377912,18798332.05,0.3808526725114423,True,True
2024-02-19,1018.33251953125,1043.75,1046.0,1023.3499755859376,1023.3499755859376,9388255,0.020034204739799666,0.047836588276225056,0.058194379109670624,0.12703814654527545,1017.1150115966797,1007.9000061035156,965.1250024414062,0.026186801000516624,0.035568998590523426,0.0814661285944327,0.015903883127323225,0.013571064209998736,18372620.6,0.510991611071531,True,True
2024-02-20,1023.210693359375,1048.75,1052.6500244140625,1033.25,1041.050048828125,11293528,0.004790419161676551,0.028387931509672004,0.04958965891475797,0.13654836087781086,1019.5925109863281,1008.8950061035156,965.7582525634766,0.028597198095801746,0.03950360905284844,0.08593428760896726,0.01573499607050301,0.013554579841190486,17773739.6,0.6354052807210026,True,True
2024-02-21,1026.3326416015625,1051.949951171875,1064.0,1048.0,1056.800048828125,15946325,0.003051204931465934,0.02860070266521375,0.022253438858321983,0.13970742272142478,1020.7375061035157,1009.7170056152344,966.4037524414063,0.03057832682910555,0.0418265170555463,0.08852014338143355,0.014366262994919915,0.013552536744056723,16031183.45,0.9947066634060632,True,True
2024-02-22,1036.8209228515625,1062.699951171875,1066.0,1040.300048828125,1056.0,13432573,0.010219117352517015,0.04529575139129416,0.063550778812127,0.1434257835767232,1023.9125030517578,1010.6290051269531,967.1087521362305,0.03788160414538533,0.051523304576421625,0.09884224377506112,0.01259354102960136,0.013578302654475233,14973864.95,0.8970678608931891,True,True
2024-02-23,1035.455078125,1061.300048828125,1070.0,1057.6500244140625,1070.0,13142759,-0.0013173072438803501,0.03718548627229423,0.050844136838890774,0.1467315492470287,1026.4800048828124,1011.541005859375,967.7805023193359,0.03392179465715728,0.0491913255918639,0.0966330136685587,0.01249923967711189,0.01355993580142584,14215251.15,0.9245534152943896,True,True
2024-02-26,1028.5279541015625,1054.199951171875,1062.300048828125,1050.5,1053.0999755859375,7875941,-0.0066900003105528905,0.010011929266467101,0.03719000969092234,0.12196677156624292,1028.3700012207032,1012.3470043945313,968.362001953125,0.025117370129924987,0.04134249086100206,0.08864241786193627,0.012629720858809639,0.013502796777599474,13905102.1,0.5664065566264342,True,True
2024-02-27,1034.3818359375,1060.199951171875,1066.199951171875,1046.5,1050.75,10580973,0.005691519899360786,0.010917712678784275,0.0425803183383362,0.13396431609127446,1030.5349975585937,1012.8780029296875,968.9910015869141,0.02878597396843352,0.04672028428429842,0.09412775705407816,0.012652632310212446,0.0134797171287263,13629863.65,0.776308059398672,True,True
2024-02-28,1020.72265625,1046.199951171875,1064.8499755859375,1042.1500244140625,1063.0,7730332,-0.013205056258043912,-0.005466039514137044,0.017555732460444284,0.10510186720382597,1031.4374938964843,1013.0540014648437,969.5417514038086,0.014312507895773985,0.03271883794852326,0.07906642458364721,0.01291517018976346,0.01355374063087715,12735007.9,0.6070143073880622,True,True
2024-02-29,1026.57666015625,1052.199951171875,1060.699951171875,1038.5,1043.050048828125,20944844,0.0057350413687931034,-0.009880493537636204,0.02638631040688244,0.06154150344391107,1032.789990234375,1013.6690002441406,970.1067510986328,0.01879371519963624,0.03801137345470185,0.08462285205238773,0.012923711187843887,0.012197908298825288,13129306.1,1.595274254440606,True,True
2024-03-01,1060.431640625,1086.9000244140625,1089.949951171875,1054.0,1055.0,14909562,0.03297859233270328,0.024121336481803368,0.06142580509185791,0.07247521961845571,1035.934991455078,1015.0980004882813,970.8217510986328,0.04919713435627737,0.07073408074022725,0.11956702987347523,0.014702873870640346,0.012580505336728045,13136051.7,1.135010910470153,True,True
2024-03-04,1065.7489013671875,1092.3499755859375,1095.0,1080.0999755859375,1081.0,11424581,0.005014215704717717,0.03618860385229006,0.06726915054805804,0.08881133873504865,1039.377490234375,1016.8119995117188,971.5547509765624,0.050965588392353434,0.07428902895568967,0.12433187577741478,0.014683908369689695,0.012501116770723412,13059859.25,0.8747859208360151,True,True
2024-03-05,1061.5537109375,1088.050048828125,1099.5,1076.5,1086.199951171875,9222544,-0.00393640028737674,0.026268721881628432,0.060064324773624556,0.08913918801614118,1042.4599914550781,1018.485,972.2632513427734,0.04373314827115027,0.06830247753096508,0.11908996593817656,0.014774501847384242,0.012498846259376138,12876640.1,0.7162228600300788,True,True
2024-03-06,1070.3831787109375,1097.0999755859375,1113.550048828125,1080.300048828125,1080.300048828125,21796484,0.008317564773384856,0.048652290947871046,0.07332578328199868,0.08532423414266321,1046.2074890136719,1020.5409997558594,973.0520013427735,0.048644735491470525,0.07501803048421674,0.12748339664476593,0.014719042727515863,0.012457355991922393,13145919.55,1.658041791378527,True,True
2024-03-07,1061.4559326171875,1087.949951171875,1095.0,1082.699951171875,1094.949951171875,9963926,-0.008340191976739075,0.03397643191313948,0.09971693580931373,0.06965881160809362,1051.1399871826172,1022.3979992675781,973.7592510986328,0.0350190882642758,0.0641158843730687,0.1172678975264243,0.012462875924296088,0.01250467998677915,12615840.75,0.7897948458171525,True,True
2024-03-11,1052.4312744140625,1078.699951171875,1087.949951171875,1076.75,1087.949951171875,13310362,-0.008502229344315326,-0.0075444595252521784,0.06728004169739199,0.06202612799811846,1054.5399841308595,1023.9269982910156,974.3812509155273,0.022910432420377047,0.053493025354618196,0.10706148148717975,0.01214306300897052,0.012563264429918944,12641367.0,1.0529210962706803,True,True
2024-03-12,1050.6263427734375,1076.8499755859375,1094.800048828125,1055.6500244140625,1077.050048828125,21785435,-0.001715004792507635,-0.014189591565364146,0.08106616000316658,0.06208694117376523,1058.5774841308594,1025.3459973144531,975.0137509155273,0.017261364169369964,0.050230827843851245,0.10444593686477455,0.011477660251993439,0.012563046567135852,13328135.45,1.6345448380028282,True,True
2024-03-13,1057.553466796875,1083.949951171875,1089.6500244140625,1073.1500244140625,1077.1500244140625,24855870,0.006593282023407365,-0.003768298765912448,0.06290445591957528,0.048662434643994334,1061.7849822998046,1027.0929968261719,975.6665005493164,0.020875195299957516,0.05535716290676418,0.11098408171398044,0.010518249558791076,0.012351578291005447,13635614.35,1.8228639621213694,True,True
2024-03-14,1057.2120361328125,1083.5999755859375,1097.0999755859375,1075.050048828125,1080.0,14231421,-0.0003228706136838566,-0.012305168444461945,0.05954821810110422,0.04453436483960882,1064.82998046875,1028.7769958496094,976.3812503051757,0.017627222619074567,0.05328946891065822,0.10981235582642501,0.010546216274970785,0.012347141877131458,13453249.4,1.0578426502670797,True,True
2024-03-15,1054.041015625,1080.3499755859375,1086.25,1070.0,1072.0,66192734,-0.0029992617877668826,-0.006985593020847336,0.06265671533189421,0.05766308940722609,1068.0149780273437,1030.738995361328,977.0837503051757,0.011549461208284706,0.048131467275300155,0.10568820251949562,0.010436794059696861,0.012174493328059493,16259392.2,4.0710460259393955,True,True
2024-03-18,1054.8704833984375,1081.199951171875,1084.800048828125,1060.050048828125,1075.050048828125,8769440,0.0007867594808586009,0.002317604628871983,0.05663322860676767,0.0647495575109005,1070.9124755859375,1032.6819946289063,977.73625,0.00960627111969048,0.0469824755300432,0.10581964325437965,0.010416995278561934,0.01214100116056974,16339894.45,0.5366889013166177,True,True
2024-03-19,1057.553466796875,1083.949951171875,1088.75,1075.25,1078.449951171875,16708715,0.0025434703331417285,0.006593282023407365,0.03851492327844319,0.07678927619636866,1072.9224731445313,1034.6179931640625,978.415249633789,0.010277982150028286,0.047681326183923955,0.1078628952048597,0.009596695855164657,0.012073941701505431,16705917.45,1.0001674586270628,True,True
2024-03-20,1058.090087890625,1084.5,1090.0,1067.5,1080.0,18725251,0.0005074485473524071,0.0005074485473524071,0.03408820023837911,0.07974907769707151,1074.7099731445312,1036.4339929199218,979.0879995727539,0.009109459389144536,0.046376332123826636,0.1076634587220402,0.009577383150129376,0.012065498699623603,17077503.6,1.0964864325954526,True,True
2024-03-21,1055.4559326171875,1081.800048828125,1100.0,1079.1500244140625,1092.0,19992607,-0.0024895815323882076,-0.00166106201399574,0.028375967528680324,0.08800167163773054,1076.2024780273437,1038.4299938964843,979.7512496948242,0.005201224597662701,0.04176502526559722,0.10415786574917596,0.009616920473796918,0.011983517420038052,17279817.7,1.1569917777546925,True,True
2024-03-22,1063.7489013671875,1090.300048828125,1093.699951171875,1078.699951171875,1081.1500244140625,17214415,0.007857274557537375,0.009210046250791137,0.02597167490768637,0.09566885295734373,1077.5824829101562,1040.6409948730468,980.5222500610352,0.01180194195772688,0.04771967873621619,0.11195849840251615,0.009517474086952681,0.012011363672684515,17468909.8,0.9854315579556087,True,True
2024-03-26,1057.3094482421875,1083.699951171875,1089.1500244140625,1076.949951171875,1081.0,13367635,-0.006053469100862574,0.002312245757401632,0.021106097534324686,0.08126710019643313,1078.7024780273437,1042.453994140625,981.2499996948242,0.004632855904503241,0.03956621324594023,0.10440759389443421,0.009644758175263576,0.01202851342081422,17480153.6,0.7647321245506675,True,True
2024-03-27,1057.3582763671875,1083.75,1092.5,1079.550048828125,1083.699951171875,26907245,4.618328908367886e-05,-0.00018446531747973172,0.02803078182205998,0.07739335291425742,1080.17998046875,1044.3059936523437,981.9349996948242,0.0033050228626720912,0.037770544828250374,0.10368812633913538,0.009474946605833796,0.012025981260754803,18431718.8,1.4598337405190882,True,True
2024-03-28,1066.67578125,1093.300048828125,1105.050048828125,1085.0,1085.0,22070566,0.00881204044117645,0.008114383428423189,0.031220617978394927,0.09702997753470122,1081.8349853515624,1046.1019946289061,982.6910000610352,0.010597793223369179,0.045118023329992596,0.11255730311992251,0.009574070433608603,0.011983110179930518,19006198.45,1.16122990392116,True,True
2024-04-01,1072.8712158203125,1099.6500244140625,1102.949951171875,1094.449951171875,1096.050048828125,10848191,0.0058080813155947375,0.016500254002829617,0.0510897302014941,0.10031018366121769,1084.5074890136718,1047.8979956054689,983.4882501220703,0.013962591825126491,0.04938651378819725,0.11811201026303486,0.008952343449714765,0.011994422575854575,19162091.4,0.5661277140135133,True,True
2024-04-02,1054.8704833984375,1081.199951171875,1094.449951171875,1079.25,1094.449951171875,14380396,-0.016778131980689448,-0.008346415893524917,0.02756130141205726,0.100738051587554,1085.9574890136719,1049.3409948730468,984.2047497558593,-0.004380961400356376,0.03036091838066679,0.09855185258969357,0.009894246900602062,0.01198435280286404,18833869.0,0.7635391326126353,True,True
2024-04-03,1050.9677734375,1077.199951171875,1083.6500244140625,1072.25,1075.0,15477184,-0.0036995932118425445,-0.005997970188123647,-0.008924531257984536,0.09465978815550158,1085.4724853515625,1051.2499938964843,984.9004995727539,-0.007621136685936447,0.024684858431443635,0.0937144936358143,0.006577588934318549,0.012004357957763551,18862250.1,0.8205375243115878,True,True
2024-04-04,1052.5775146484375,1078.8499755859375,1085.800048828125,1063.449951171875,1084.75,21419689,0.0015317717126401842,-0.004521360474336822,-0.012358676524672041,0.09289363207614265,1084.7974853515625,1053.0999938964844,985.6149993896485,-0.005482599144943201,0.024451601783965327,0.09459573591516524,0.006471186372902907,0.01200258657226423,19362005.5,1.1062742958109375,True,True
2024-04-05,1057.016845703125,1083.4000244140625,1086.0,1067.449951171875,1070.0,15340637,0.004217499125078739,-0.00905517604675321,-0.004273722903712751,0.09026870393993991,1084.5649841308593,1054.783994140625,986.3142495727539,-0.0010741262477050872,0.027129753989822314,0.09843290298539609,0.006506790088067928,0.01198928416110472,19667910.15,0.7799830730872035,True,True
2024-04-08,1060.6756591796875,1087.1500244140625,1091.75,1076.300048828125,1078.3499755859375,8023461,0.003461325378895097,-0.011367252964560648,-0.009069320384006874,0.10707741793692716,1084.0674865722656,1055.9459936523438,987.0509997558594,0.0028434925684781565,0.02955078285186641,0.10141221140849055,0.006258316778473249,0.01186380124489952,18979259.0,0.4227489071095979,True,True
2024-04-09,1080.0909423828125,1107.050048828125,1115.25,1088.300048828125,1091.949951171875,12298463,0.01830476380183854,0.023908711453632492,0.017556044407811777,0.12993115471102312,1085.0224914550781,1058.1029943847657,987.9532501220704,0.020301475357904053,0.04625925330815228,0.12054902262970346,0.007245495290577942,0.012041055194863136,19095985.85,0.6440339397297993,True,True
2024-04-10,1082.3836669921875,1109.4000244140625,1116.550048828125,1105.1500244140625,1110.949951171875,10598000,0.002122736536098957,0.029892382753227364,0.02846025274112196,0.11716433014583605,1086.5574951171875,1060.0919946289061,988.8292501831055,0.021022844533791885,0.04651297249199304,0.12193285565594913,0.006901530697119808,0.011946625165350222,18960367.75,0.5589554031724938,True,True
2024-04-12,1077.5054931640625,1104.4000244140625,1111.8499755859375,1095.800048828125,1103.5,12216657,-0.004506940589478314,0.023682670812731343,0.025583924829579274,0.11426120890926694,1087.9349975585938,1061.8519946289061,989.7355001831055,0.015134200933343944,0.04006964247406808,0.11585370456020172,0.006996012517188624,0.01196540276834995,18481928.85,0.661005520535807,True,True
2024-04-15,1052.0897216796875,1078.3499755859375,1106.1500244140625,1076.5999755859375,1100.199951171875,10526597,-0.02358751199950926,-0.00466129657958636,-0.005166267667509272,0.07458891438558801,1087.6549987792969,1063.0809936523438,990.4995001220703,-0.008555123824928512,0.014362952611103763,0.08869310429035093,0.008810844834216168,0.012324519506358734,17765465.2,0.5925314581686271,True,True
2024-04-16,1041.06494140625,1067.050048828125,1074.5999755859375,1062.699951171875,1070.550048828125,11278092,-0.010478904820925616,-0.01848868613765675,-0.015273096281553045,0.05664214945294099,1086.8275024414063,1063.858994140625,991.2112503051758,-0.01819741731678115,0.0029995090562520144,0.0765112366305365,0.00910473399725773,0.012398489452344478,17617798.75,0.6401532995147876,True,True
2024-04-18,1029.7474365234375,1055.449951171875,1078.050048828125,1050.449951171875,1074.0,16564216,-0.010871184223260832,-0.0466104470261951,-0.0230481093874767,0.04598381045560873,1085.582501220703,1064.4649926757813,991.8597500610351,-0.027757033680024357,-0.008469082183008125,0.06411208954383607,0.009374174612288086,0.012491037919392718,15136372.85,1.0943319224592172,True,True
2024-04-19,1041.2601318359375,1067.25,1072.0,1048.0999755859375,1052.949951171875,11284433,0.01118011215503234,-0.03799353117584825,-0.01290228616525102,0.08708938120702836,1084.8850036621093,1065.3299926757813,992.5785000610351,-0.016255182441070715,0.001802265342587539,0.0752298180288744,0.009765547225077711,0.012010583611769793,15262122.5,0.7393750770903589,True,True
2024-04-22,1060.187744140625,1086.6500244140625,1088.699951171875,1070.3499755859375,1078.800048828125,10346714,0.018177582023014782,-0.0160720749797314,0.002490957483109346,0.10168809379099142,1085.0200073242188,1066.5929931640626,993.3745001220703,0.001502292196310373,0.018804765621514674,0.0938976431149885,0.010619150445944386,0.012196787279222899,14944022.45,0.6923647254022962,True,True
2024-04-23,1063.699951171875,1090.25,1100.0,1082.699951171875,1100.0,9848215,0.0033129117057524304,0.011035401014032109,0.005301982480405698,0.09112288498861965,1085.3075073242187,1067.8699926757813,994.1452502441406,0.0045540021076302395,0.02095761420183817,0.09667073270456017,0.010642234506017176,0.012107862349146842,14500170.65,0.6791792481421589,True,True
2024-04-24,1070.0418701171875,1096.75,1098.4000244140625,1089.0,1092.25,5461309,0.005961935335932145,0.027833700213492962,0.013819514232847219,0.0657887837904203,1086.0550048828125,1069.3619921875,994.9417501831055,0.009847563032354456,0.025611540350779505,0.10232583947568608,0.010692545729465977,0.011539165809138616,13773605.75,0.39650539583652594,True,True
2024-04-25,1086.627685546875,1113.75,1125.6500244140625,1089.949951171875,1090.0,19905338,0.015500341919306937,0.05523715147591224,0.021507796131055246,0.1146416997533366,1087.2275024414062,1071.8509924316406,995.8375003051758,0.02439461612131466,0.039090328659682205,0.11840536197792284,0.011089486002926089,0.010986427990242003,13908151.9,1.4311993529492584,True,True
2024-04-26,1080.9202880859375,1107.9000244140625,1120.0,1102.75,1112.1500244140625,14190059,-0.0052525033319303915,0.03808856820244788,0.02233097197800782,0.09698501017192163,1088.4375061035157,1073.7949926757813,996.6642504882813,0.01788115367341625,0.03176121323987102,0.11160807049243027,0.011063620871529308,0.010961286833870765,13949273.1,1.0172615374488583,True,True
2024-04-29,1131.89794921875,1160.1500244140625,1163.449951171875,1107.9000244140625,1108.0,28578063,0.047161295106599166,0.06763907269926417,0.07049598561851211,0.1414305357606318,1092.2575073242188,1077.0759936523436,997.7415005493164,0.06215797706546766,0.07712921952704233,0.16277615371850374,0.015094897650633102,0.01242864946874199,14032814.0,2.0365169095806444,True,True
2024-04-30,1122.38525390625,1150.4000244140625,1169.550048828125,1146.75,1159.949951171875,29568491,-0.008404085501721448,0.05517085477098149,0.05222717738569682,0.13128134211317666,1095.1125061035157,1079.6879943847657,998.7035006713867,0.050485697133770824,0.06549302242597443,0.15189345350316352,0.015267065725215958,0.012503211227700173,14407710.25,2.052268576125759,True,True
2024-05-02,1111.7017822265625,1139.449951171875,1155.5,1133.25,1143.0,25118334,-0.009518491837450016,0.03893316724128115,0.03619326683416335,0.10825261305736178,1097.1025024414062,1082.0229931640624,999.6037503051758,0.038599354787936635,0.053073694709466546,0.13990163684760537,0.015483749834704595,0.012536382069010518,15121217.4,1.661131728719144,True,True
2024-05-03,1114.2386474609375,1142.050048828125,1157.4000244140625,1135.449951171875,1141.300048828125,19933604,0.0022818884265833894,0.025409695917508524,0.05628015205725512,0.11403211396388357,1100.1450073242188,1084.5309936523438,1000.582000427246,0.038090471006024806,0.0530358795759962,0.14138576182708906,0.014847660287794457,0.012521240230883234,15398877.8,1.2944841993615923,True,True
2024-05-06,1118.3851318359375,1146.300048828125,1158.449951171875,1138.0999755859375,1141.550048828125,14970524,0.0037213780642635363,0.0346601891577456,0.06414788413337447,0.11943364143371582,1103.6000122070313,1086.9919946289062,1001.5715005493164,0.03869158766653147,0.054561629241314025,0.14450146414852227,0.014768019949186114,0.012517184791258127,15373544.8,0.9737847838450374,True,True
2024-05-07,1104.3358154296875,1131.9000244140625,1152.75,1126.300048828125,1147.949951171875,15097728,-0.012562177266575048,-0.024350299017808275,0.049172776594180956,0.10591111325262581,1106.2525146484375,1088.7549951171875,1002.5062506103516,0.023184136918120934,0.039627858875844746,0.1290702913073436,0.015183041756222058,0.01265349954549655,15057446.75,1.0026751713400548,True,True
2024-05-08,1095.6524658203125,1123.0,1132.0,1116.050048828125,1126.550048828125,19913090,-0.007862906813408399,-0.023817823220247503,0.036551573466462095,0.09411532861282157,1108.2325134277344,1090.2399951171874,1003.3992504882813,0.013325260171793918,0.03004843431678661,0.11919557389894186,0.015350950176710319,0.012713290592272428,15286069.4,1.3026952500948348,True,True
2024-05-09,1088.5302734375,1115.699951171875,1128.8499755859375,1110.0,1120.550048828125,12229853,-0.006500488716050801,-0.020843390247701654,0.02626125752349595,0.09152269678948466,1109.660009765625,1091.5149951171875,1004.1992501831055,0.005443055848723954,0.022157236650780954,0.11103443959795678,0.01545909945877467,0.012734917203728194,15496389.0,0.7892066338809641,True,True
2024-05-10,1089.847412109375,1117.050048828125,1128.9000244140625,1112.050048828125,1118.0,8573656,0.0012100902709837325,-0.02189045920154975,0.00903301527386735,0.12913177257805697,1110.160009765625,1092.6019970703126,1004.9842504882813,0.006206347735363327,0.022375990363707077,0.11151000454524085,0.01493961930663214,0.011943281351374901,15310148.65,0.5599982205267484,True,True
2024-05-13,1100.53076171875,1128.0,1130.6500244140625,1106.699951171875,1112.4000244140625,9707983,0.009802560935709526,-0.01596444913950179,0.01676579698631353,0.11605816402121616,1111.0900085449218,1093.93599609375,1005.7807504272461,0.015219281358873404,0.03113893685543445,0.12151679132935911,0.015080092029624492,0.011710701254776761,15265647.8,0.6359365240956234,True,True
2024-05-14,1093.2623291015625,1120.550048828125,1127.9000244140625,1118.550048828125,1125.9000244140625,8944262,-0.006604566641733145,-0.01002736579302832,0.014623346665200376,0.1249373318867737,1111.897509765625,1095.262998046875,1006.5062506103516,0.007781777534805245,0.023087651848316737,0.11330659710122681,0.015127177175359774,0.011568106120924857,15102028.05,0.5922556871426284,True,True
2024-05-15,1096.9696044921875,1124.3499755859375,1127.800048828125,1113.5,1122.0999755859375,10743423,0.0033911263149615234,0.0012021153926424777,0.042657765142531945,0.10252009123792383,1114.197509765625,1096.5459985351563,1007.2607504272461,0.009111908554209736,0.02535596052324629,0.1162451977891783,0.01399542956950643,0.011211906865701476,15112869.35,0.7108791025180139,True,True
2024-05-16,1103.5064697265625,1131.050048828125,1136.550048828125,1112.800048828125,1133.0,14265565,0.0059590638036843835,0.013758266853132861,0.05997844250163076,0.10594508196716412,1117.397509765625,1098.2430004882813,1007.938000793457,0.01221815776675883,0.029872303602442862,0.12214248092417712,0.013692134829104361,0.011224550942042074,15262243.0,0.9346964925142393,True,True
2024-05-17,1102.9698486328125,1130.5,1144.0,1120.5999755859375,1131.050048828125,8641784,-0.00048631696598655516,0.012040598526435797,0.07110716026354091,0.11198541568083287,1121.1500122070313,1099.8090014648437,1008.605500793457,0.008339640272190474,0.02790575317557753,0.12085448583281577,0.013330380493958328,0.011183588357712269,14866121.4,0.5813072399637473,True,True
2024-05-21,1093.6524658203125,1120.949951171875,1133.800048828125,1116.25,1122.199951171875,10452900,-0.008447632753759371,-0.0062500432873449085,0.05031618755856182,0.09548004023637913,1123.835009765625,1100.49,1009.2502505493164,-0.0025671549370505087,0.018591673865164582,0.11067592062698273,0.013458906802226259,0.011244214010446195,14824544.75,0.7051076560040739,True,True
2024-05-22,1084.042236328125,1111.0999755859375,1125.9000244140625,1098.0999755859375,1125.0,17527411,-0.008787168040499949,-0.008433423613760427,0.022500299657250533,0.06452692271706595,1125.0575073242187,1100.865,1009.8322503662109,-0.012406060710156153,0.009297212270294342,0.10028173014181552,0.013157402793970778,0.011056657301818032,15183579.6,1.1543661943854135,True,True
2024-05-23,1106.87255859375,1134.5,1137.0,1111.4000244140625,1115.550048828125,13787687,0.021060233037735854,0.009027459985288866,0.040587021325384054,0.0817640047675805,1127.2700073242188,1101.7939990234374,1010.5225003051758,0.006413718655517986,0.02968431576642372,0.12268653063873725,0.013886122233638387,0.0113444077617573,15380553.2,0.8964363518472145,True,True
2024-05-24,1104.384521484375,1131.949951171875,1135.0,1124.1500244140625,1130.0,6312670,-0.002247729244711283,0.0007956344148363215,0.0320947811004102,0.07604924541408065,1129.0300048828126,1102.4909985351562,1011.2310000610352,0.002586243303042579,0.02672035660686567,0.11937821437787566,0.013886708272886912,0.011351747867962208,15423121.25,0.40929912289965303,True,True
2024-05-27,1102.2869873046875,1129.800048828125,1147.800048828125,1121.550048828125,1131.9000244140625,11599857,-0.0018992909903166044,-0.0006191518548208652,0.014410818251963997,0.06314115059688907,1129.8325073242188,1103.3280004882813,1011.8990002441407,-2.8728591081716992e-05,0.02399290902444995,0.11651464084413399,0.013514750206991923,0.011297774540802445,15007847.2,0.772919449766253,True,True
2024-05-28,1099.5062255859375,1126.949951171875,1135.199951171875,1125.0,1132.5,9311718,-0.0025226566941700668,0.00535260293622164,0.017194626173862027,0.06185800369673,1130.7850036621094,1104.2930004882812,1012.5422500610351,-0.0033914957112221034,0.0205171550245955,0.11299054543545561,0.013464088180563008,0.011303185436725096,14763930.15,0.6307072646235732,True,True
2024-05-29,1075.1639404296875,1102.0,1123.550048828125,1098.5,1115.050048828125,19268547,-0.022139360444472622,-0.008190060107902242,-0.05012284893363805,0.04534248818261588,1127.8775024414062,1104.7960009765625,1013.0795001220703,-0.02294353986615727,-0.002530784845429346,0.08777247971873403,0.009176870907573622,0.011653339790525102,14298454.35,1.3475964973794528,True,True
2024-05-30,1086.5789794921875,1113.699951171875,1121.0,1096.9000244140625,1097.0,15255387,0.01061701558246364,-0.01833411091064341,-0.03190201013849947,0.050462179271810514,1126.042498779297,1105.3910009765625,1013.7132498168945,-0.010960996250853783,0.0075167521609746935,0.09863410720244703,0.009515224849063324,0.01170557446483816,13582799.15,1.1231401444966518,True,True
2024-05-31,1093.7501220703125,1121.050048828125,1130.5999755859375,1111.25,1118.0,26197718,0.00659971085436073,-0.009629314734689198,-0.01614805663454244,0.07154473441946596,1125.1225036621095,1106.1400024414063,1014.4935000610352,-0.0036195657101597556,0.01347934832282549,0.10503423507462495,0.009489730442249765,0.011580007204109179,13636768.35,1.921108970073544,True,True
2024-06-03,1131.75146484375,1160.0,1173.0,1136.300048828125,1170.0,25699977,0.034744167945571114,0.026730350386512836,0.01571730695190965,0.10245205648229128,1126.020001220703,1107.7330029296875,1015.4410000610352,0.030177082771584596,0.047183749993977786,0.1423608067138078,0.012376447792959235,0.012351691627685967,13925087.0,1.8455882537753625,True,True
2024-06-04,1045.35791015625,1071.449951171875,1159.4000244140625,1053.550048828125,1157.9000244140625,43476837,-0.07633624898976288,-0.04924797231881284,-0.06529712507015073,-0.014214806233458721,1122.2774963378906,1107.5380029296875,1015.9199996948242,-0.04528964122676549,-0.032584030220499494,0.0546597679873726,0.021200452397901297,0.015356599310600235,15350402.65,2.832292936628604,True,True
2024-06-05,1081.652099609375,1108.6500244140625,1123.25,1051.050048828125,1085.0,42172104,0.034719375554127074,0.00603450491294244,-0.0205406833629459,0.014922002281715363,1121.1149963378907,1108.0320043945312,1016.5637496948242,-0.011118370519121457,0.0005577636901101801,0.09058583364484796,0.02268028029788934,0.0159906992658204,16704121.45,2.5246526209853437,True,True
2024-06-06,1083.359375,1110.4000244140625,1118.0,1096.5999755859375,1118.0,18574162,0.0015784963346976433,-0.0029630303515234546,-0.011219924831645134,0.020541312056379546,1120.4849975585937,1108.5500048828126,1017.2522497558593,-0.009000542770769115,0.0016688643030093875,0.09156802030229838,0.022623426153967844,0.015981348425055483,16637175.05,1.1164252310971507,True,True
2024-06-07,1094.3841552734375,1121.699951171875,1128.300048828125,1103.5999755859375,1110.4000244140625,17197635,0.010176446784369686,0.0005797264309737038,0.005377789963778357,0.022422729134415675,1120.7849975585937,1109.3480029296875,1018.040249633789,0.0008163506964087297,0.011134421488628643,0.10182279293512675,0.022690660809476657,0.015998619465587827,16885564.15,1.0184815175393473,True,True
2024-06-10,1096.4329833984375,1123.800048828125,1133.199951171875,1115.0999755859375,1116.0,10851455,0.0018722454735384808,-0.0312068544585129,0.006042701494961111,0.032951973220490816,1121.1224975585938,1110.0180029296876,1018.895,0.002388277173424047,0.012416056191937752,0.10295962668196923,0.022692204703773297,0.015957277033993002,16999454.1,0.6383413806211576,True,True
2024-06-11,1090.9693603515625,1118.199951171875,1129.050048828125,1111.0,1119.75,12250002,-0.0049831797587922555,0.0436324626725384,-0.008687986549756221,0.036618153136178444,1120.6324951171875,1110.7080029296876,1019.6882498168945,-0.0021706883888443773,0.00674520055894634,0.0966096268861294,0.022615708755576426,0.015929445737259233,17126555.05,0.7152636338269324,True,True
2024-06-12,1092.28662109375,1119.550048828125,1133.4000244140625,1112.0,1121.0,16096514,0.001207384828478153,0.009831799191835522,-0.0008924188625450968,0.0396527596325138,1120.5824951171876,1111.42400390625,1020.5035000610352,-0.000921347864669797,0.007311381518947835,0.09705654979249556,0.02256644023325359,0.015926322848504718,17484167.65,0.9206337025714805,True,True
2024-06-13,1080.3836669921875,1107.3499755859375,1123.199951171875,1105.0,1122.199951171875,12494254,-0.010897300442224811,-0.0027468018381343606,-0.015119847351035665,0.021587735106002315,1119.7324951171875,1111.7050024414064,1021.2819998168945,-0.011058462253481394,-0.003917430294821722,0.08427444700334874,0.022686081105730695,0.015978004486827936,17571709.2,0.7110437498020967,True,True
2024-06-14,1078.7249755859375,1105.6500244140625,1114.0,1099.449951171875,1114.0,11377979,-0.0015351525799018884,-0.01430857400060026,-0.022457029589786348,0.020348882728796536,1118.4624938964844,1111.8250024414062,1022.0569998168945,-0.011455430604370043,-0.005553911824058955,0.0817890045390266,0.0226354306336121,0.015979807516074366,17427329.9,0.6528813688205903,True,True
2024-06-18,1095.5062255859375,1122.8499755859375,1135.050048828125,1101.199951171875,1113.949951171875,18306176,0.01555641549502984,-0.0008454112839541006,-0.006766938889042451,0.03933910395744644,1118.0799926757813,1112.6580029296874,1022.895249633789,0.0042662268723194785,0.009160022782754407,0.09771746030488826,0.022932619353742002,0.016090835504621186,17910549.5,1.0220890207751583,True,True
2024-06-19,1116.580078125,1144.449951171875,1165.550048828125,1126.1500244140625,1127.949951171875,34309514,0.019236742267965123,0.023475229070158754,0.02096436150020109,0.05849981766226087,1119.2549926757813,1114.0030029296875,1023.8574993896484,0.02251047228823211,0.02733111864341109,0.11778245688888855,0.023234696618718954,0.016266449800999176,19103380.2,1.7959917899765194,True,True
2024-06-20,1128.62939453125,1156.800048828125,1160.0,1135.5,1154.050048828125,15475933,0.01079129554211078,0.03327229545386645,0.04113047812649584,0.06720799016365153,1121.5399963378907,1115.5620043945312,1024.8072497558594,0.031438961254495856,0.03696616079710924,0.12879768278738313,0.02319970495253998,0.016313809709853425,19000806.3,0.8144882251654763,True,True
2024-06-21,1130.4344482421875,1158.6500244140625,1169.9000244140625,1150.6500244140625,1163.550048828125,69259425,0.0015992181084463208,0.04632686138903863,0.021286932052941854,0.06837254441130702,1122.7474975585938,1117.0670043945313,1025.7557498168944,0.031977383101310375,0.037225179739392544,0.12955742594754227,0.02277478631217876,0.016313613434183423,21774393.2,3.1807740571158605,True,True
2024-06-24,1141.60546875,1170.0999755859375,1175.6500244140625,1152.6500244140625,1154.6500244140625,12210295,0.00988214812981636,0.05829145728643215,0.03370292509361117,0.08162314917018598,1124.6549987792969,1118.7260034179687,1026.754249572754,0.040407926747284106,0.04592185397587012,0.13961055050206195,0.022836570653930154,0.01634389072558505,22069274.45,0.553271247211301,True,True
2024-06-25,1168.77734375,1197.949951171875,1206.0,1167.6500244140625,1170.25,27309845,0.023801364128728686,0.0668833568320184,0.06032032164845269,0.09873419932380467,1128.0624938964843,1120.5440014648439,1027.8912493896485,0.06195353329582809,0.06907890239548053,0.16544425481120273,0.023328536576548087,0.016577911737338923,22854773.85,1.1949295661046324,True,True
2024-06-26,1188.339111328125,1218.0,1222.8499755859375,1193.8499755859375,1202.0,25403461,0.01673696702313099,0.0642667237241894,0.08079333845610925,0.12392733678994605,1132.6149963378907,1122.7160009765626,1029.1424993896485,0.07538749172330106,0.08486919126525083,0.18350957299145332,0.023476984432198103,0.0166579763526482,23659361.0,1.0737171219459394,True,True
2024-06-27,1190.19287109375,1219.9000244140625,1235.0,1209.0999755859375,1228.3499755859375,20516632,0.0015599543629412072,0.054547002872155526,0.10698731798009309,0.12562862691032306,1138.5099975585938,1125.0260009765625,1030.4474993896483,0.07148819688013308,0.08433051623264354,0.18385461184255392,0.022663630027006353,0.01665597888281795,23721765.25,0.8648863937307533,True,True
2024-06-28,1170.3870849609375,1199.5999755859375,1227.0,1196.3499755859375,1227.0,12507092,-0.01664074794807502,0.03534281302292608,0.07713031173582752,0.09722850270769867,1142.804998779297,1127.4510009765625,1031.6517492675782,0.049697872224313766,0.06399300239822558,0.16279546507587872,0.023144472856773766,0.01680590988662734,23584350.5,0.5303131837359694,True,True
2024-07-01,1182.3387451171875,1211.8499755859375,1215.3499755859375,1192.050048828125,1199.5999755859375,8636894,0.010211737453576175,0.03568071179481347,0.08099542643321689,0.10203241820656506,1147.3449951171874,1130.3469995117186,1032.8674990844727,0.056221084977288616,0.0721043857412158,0.17328696726357817,0.02318002787109908,0.016833799429269828,22706309.3,0.38037418965309344,True,True
2024-07-02,1161.6063232421875,1190.5999755859375,1217.0,1185.550048828125,1217.0,16153925,-0.01753517384833503,-0.006135461317684832,0.026379289298221975,0.10118389692441965,1148.8749938964843,1133.05,1033.9837490844727,0.036318121563374106,0.0507920882449473,0.15146875049065178,0.022487444563403153,0.016848208542240957,22229006.7,0.7267047609464259,True,True
2024-07-03,1172.3382568359375,1201.5999755859375,1215.8499755859375,1179.449951171875,1196.8499755859375,22330897,0.009239039329382193,-0.01346471626770318,0.12147093223693162,0.11548461757608597,1155.3824951171875,1135.7369995117188,1035.149748840332,0.04000188739579458,0.057991397746604,0.1607982100484282,0.013047883737939877,0.016860086384585048,21171709.7,1.0547517095419081,True,True
2024-07-04,1202.9737548828125,1233.0,1234.949951171875,1214.300048828125,1229.0,15275791,0.026131845083261496,0.01073856490184899,0.11216341753265024,0.14288365194645491,1161.5999938964844,1138.6639990234376,1036.527248840332,0.06146694772613648,0.08284797012768363,0.18954904598936673,0.012158082056450052,0.017146065816737274,19826894.05,0.7704580940149827,True,True
2024-07-05,1203.364013671875,1233.4000244140625,1242.5999755859375,1220.8499755859375,1225.0,9535575,0.0003244318037813887,0.028176099963336254,0.11077089093626857,0.13845301515580521,1167.7499938964843,1141.5269995117187,1037.865998840332,0.056219251432852335,0.08048256847331858,0.18840006878750448,0.012182035541919907,0.017146340089055145,19374964.7,0.4921596063604699,True,True
2024-07-08,1204.9739990234375,1235.050048828125,1239.5,1216.9000244140625,1228.9000244140625,6617190,0.0013377852938234458,0.01914434435745238,0.10105206614106521,0.13604380360822388,1173.417498779297,1144.2930004882812,1039.1884991455079,0.05252397387370156,0.07931277068121267,0.18847547855241653,0.012157521752265367,0.0171461145210314,18845942.45,0.35112014257477475,True,True
2024-07-09,1217.8524169921875,1248.25,1250.199951171875,1229.300048828125,1234.949951171875,13366874,0.010687786445901404,0.04842098571830622,0.11074029699647081,0.12754613156048644,1179.6399963378906,1146.9830004882813,1040.5384991455078,0.05816181536325016,0.08828988700670237,0.19961923660207215,0.012201892944135295,0.017053361368706364,18971713.4,0.7045686237279971,True,True
2024-07-10,1212.9254150390625,1243.199951171875,1252.75,1236.3499755859375,1252.75,18226503,-0.0040457030467654365,0.03462048637746684,0.11178680509599359,0.12060566415480278,1185.8899963378906,1149.6889990234374,1041.8019989013671,0.04832653535400544,0.08133586755015232,0.19331691864950562,0.01216190184320658,0.017072096025668504,19270538.45,0.945822196265616,True,True
2024-07-11,1208.291015625,1238.449951171875,1257.800048828125,1225.050048828125,1246.3499755859375,11307116,-0.003820785220850831,0.004420073943126601,0.10620329342864743,0.12137805486642628,1191.8349914550781,1151.2549975585937,1043.0452487182617,0.039111924092684935,0.07573904460626979,0.1873405805680386,0.012303893347682206,0.017067862282956307,19031068.55,0.5941398387743183,True,True
2024-07-12,1202.876220703125,1232.9000244140625,1252.9000244140625,1230.0999755859375,1235.9000244140625,12208290,-0.004481349248357525,-0.0004053834847599358,0.1133788337889221,0.14332086273210876,1198.1124938964845,1152.9049975585938,1044.271248779297,0.029035278986568658,0.06938561895808171,0.1806319726366723,0.011942320725996377,0.01675671558546258,19016770.35,0.6419749397667832,True,True
2024-07-15,1199.9979248046875,1229.949951171875,1238.449951171875,1224.050048828125,1233.0999755859375,15612671,-0.0023927919407654707,-0.00412946638161682,0.11242248814102362,0.15266378791009183,1204.327490234375,1154.7149975585937,1045.4587484741212,0.021275326807090877,0.06515456521509644,0.1764691366034521,0.011970237119395561,0.01668394669023638,19228504.95,0.8119544936331621,True,True
2024-07-16,1209.7056884765625,1239.9000244140625,1245.0,1229.0,1230.0,12320605,0.008089819616405647,-0.00668934555252354,0.10424371142462263,0.17475965870043475,1210.1799926757812,1156.6719970703125,1046.7072485351562,0.024558356540475,0.07195473527028828,0.18457192892212726,0.011751538176800426,0.016605596344712426,18929226.4,0.6508773649619406,True,True
2024-07-18,1219.8525390625,1250.300048828125,1256.449951171875,1231.699951171875,1234.9000244140625,10999632,0.00838779273270629,0.005711146987704696,0.09248993155870511,0.17151562316994617,1215.4724975585937,1158.7519970703124,1048.0229986572265,0.02865350827722235,0.07900573374568043,0.19300821683308933,0.011303366586878397,0.01658568530543953,17763732.3,0.6192185186217876,True,True
2024-07-19,1218.2427978515625,1248.6500244140625,1250.5,1240.25,1244.0,7958817,-0.001319702751038876,0.008236161043517098,0.07940004470001916,0.14908203778613327,1220.0649963378905,1161.0869970703125,1049.469748840332,0.023429102680571967,0.07541469981551052,0.18979134538544407,0.011272571770962669,0.0164694635398569,17387876.5,0.4577221951168103,True,True
2024-07-22,1210.92529296875,1241.1500244140625,1245.300048828125,1232.9000244140625,1240.0,9958965,-0.006006486888525453,0.006691540138399121,0.07120355436208681,0.13840864426880306,1224.1899963378905,1163.4499975585939,1050.9239990234375,0.013854081577947097,0.06678415661912074,0.18100835604419618,0.011480215893964243,0.01650513096645741,14422853.5,0.6904989362888557,True,True
2024-07-23,1196.8759765625,1226.75,1248.6500244140625,1212.5,1241.1500244140625,19369832,-0.01160216261596625,-0.0026016921817234584,0.04841468728831866,0.11853202644175975,1227.0224975585938,1165.6709985351563,1052.2759991455077,-0.00022208032789616805,0.05239814796936604,0.1658063103179892,0.011851480745796712,0.01659457081729798,14780830.35,1.3104698140317943,True,True
2024-07-24,1193.21728515625,1223.0,1233.6500244140625,1202.050048828125,1225.0,20122521,-0.0030568575504381634,-0.013630150884180292,0.02091076409629644,0.09809203142536482,1228.275,1167.7899975585938,1053.6474990844727,-0.0042946408581140405,0.04727733801182521,0.1607297517079287,0.010775624027196957,0.016511523222310066,14421464.15,1.3953174789121532,True,True
2024-07-25,1168.7286376953125,1197.9000244140625,1218.25,1190.5999755859375,1205.5,14154461,-0.020523283389973446,-0.04190995950386123,-0.01650244300980086,0.08123476669079288,1227.270001220703,1169.187998046875,1054.9214993286132,-0.02393114536933827,0.024557236659246362,0.1355347532270843,0.011142799498395483,0.016736611621148898,13859014.15,1.021318027877185,True,True
2024-07-26,1177.802001953125,1207.199951171875,1220.0,1185.949951171875,1190.0,19309265,0.007763524975601843,-0.033195909527682255,-0.010410749231919647,0.04055503664844995,1226.6349975585938,1170.92099609375,1056.244499206543,-0.015844196868180727,0.030983264626010865,0.14291714851886161,0.011296435877964956,0.015650077181487882,13798645.8,1.3993594211976945,True,True
2024-07-29,1183.1680908203125,1212.699951171875,1242.75,1204.1500244140625,1215.1500244140625,28458261,0.0045559975335163205,-0.02292234837252538,0.010920286639334753,0.05415501167912784,1227.2899963378907,1172.6879956054688,1057.548498840332,-0.011888017672718632,0.03411986454738769,0.14670859303537975,0.010676011067727045,0.015610482922771875,14596204.25,1.9497028482593344,True,True
2024-07-30,1179.9971923828125,1209.449951171875,1230.8499755859375,1204.4000244140625,1213.0,23972277,-0.002679970422081235,-0.014102342635520682,-0.001980463310156888,0.061433150203752174,1227.1699951171875,1174.2559936523437,1058.8942486572266,-0.014439763044907461,0.029971281994538357,0.1421820004269232,0.01045179317282707,0.015557247726063166,15362973.4,1.560393055162095,True,True
2024-07-31,1185.3145751953125,1214.9000244140625,1224.6500244140625,1211.0,1219.0,22297629,0.004506241235453068,-0.006623038091526978,0.02040991880263232,0.06378877673591443,1228.3849975585938,1175.943994140625,1060.318498840332,-0.01097780677176341,0.03312745374570869,0.1457878229445171,0.009641407342064236,0.015562724127462088,15670158.6,1.4229357576508512,True,True
2024-08-01,1180.63134765625,1210.0999755859375,1222.6500244140625,1206.9000244140625,1212.5,8725046,-0.003950982576068407,0.010184448554329428,0.007073901608440902,0.055657266021261975,1228.8099975585938,1177.7269946289061,1061.664748840332,-0.015226130980240615,0.027487678472744692,0.13981365295187853,0.009502227255798188,0.01557277495949967,14989866.05,0.5820629731377753,True,True
2024-08-02,1167.4114990234375,1196.550048828125,1201.6500244140625,1190.0999755859375,1197.0,10735395,-0.011197361400864025,-0.008821987056420677,-0.0295620041945458,0.05711637337187003,1226.9875,1179.43599609375,1062.9214990234375,-0.024806651389582157,0.014510370033690823,0.12571817385146433,0.007670509211930371,0.015553577677046402,14762846.25,0.7271900565922375,True,True
2024-08-05,1144.044677734375,1172.5999755859375,1188.9000244140625,1167.0,1182.0,14306771,-0.020015939379755765,-0.033066691845074714,-0.04929467133504284,0.04416738698658729,1223.9474975585938,1180.1979956054688,1064.0914990234376,-0.04195238935908541,-0.006437919779412438,0.10197288171372754,0.008699346415700127,0.01574947846793543,15001406.05,0.953695337111417,True,True
2024-08-06,1138.4345703125,1166.8499755859375,1187.699951171875,1161.5,1175.0,13575619,-0.004903633054509249,-0.035222603088834736,-0.05522049353943104,0.04584568132349309,1220.5374938964844,1180.89599609375,1065.169748840332,-0.04398678334669848,-0.011894375587922168,0.09545917620764821,0.008666760621882005,0.015738201017461866,15349327.5,0.8844438950175505,True,True
2024-08-07,1143.8983154296875,1172.449951171875,1179.800048828125,1161.5999755859375,1178.949951171875,15753644,0.004799225010160724,-0.03494120700397618,-0.060725054138293655,0.04959482558715167,1216.747491455078,1181.748994140625,1066.2664987182618,-0.03640651868550693,-0.0078688816447966,0.09958434648491177,0.008275622700719068,0.015746329334994577,15468666.0,1.0184229202440598,True,True
2024-08-08,1136.239501953125,1164.5999755859375,1174.4000244140625,1158.9000244140625,1166.949951171875,10806438,-0.006695360921881055,-0.03760019908930967,-0.06322392106905006,0.03244678686696578,1212.8174926757813,1182.5019946289062,1067.3182485961913,-0.03975661414930931,-0.015139102618246914,0.09114594181978775,0.008312773621417744,0.015732828135429915,15097662.75,0.7157689358241891,True,True
2024-08-09,1143.0689697265625,1171.5999755859375,1180.949951171875,1169.0,1176.550048828125,8687307,0.006010647558599036,-0.020851675420199167,-0.05397874619210985,0.045557917570215434,1209.4749938964844,1183.893994140625,1068.4197485351563,-0.031315255380789275,-0.010384391352210143,0.09657274417872297,0.008562754709403568,0.015718439423117195,14966672.3,0.580443456358699,True,True
2024-08-12,1154.09033203125,1172.800048828125,1178.25,1156.0,1171.0,10860455,0.001024302891084794,0.0001706236110805559,-0.04874683623637699,0.04309163009225703,1206.4699951171874,1185.07599609375,1069.5267486572266,-0.027907819030171588,-0.010358784842566249,0.0965598104961436,0.00859212786543558,0.01571496551894826,14899280.55,0.7289247936203201,True,True
2024-08-13,1149.7113037109375,1168.3499755859375,1189.25,1163.5999755859375,1183.199951171875,13117927,-0.0037944006283373577,0.001285512303539127,-0.05008331885963824,0.03297813991207432,1203.3899963378906,1186.0219946289062,1070.5989984130858,-0.02911775971097108,-0.014900245630350306,0.09130493986800348,0.00859726231859972,0.01571142382516585,14774543.35,0.8878736005062383,True,True
2024-08-14,1143.1181640625,1161.6500244140625,1170.050048828125,1153.0,1167.0,13431801,-0.005734541286325556,-0.009211418147971107,-0.06310992697736129,0.027554201162372838,1199.4774963378907,1186.0549951171874,1071.6884985351562,-0.031536624938207414,-0.02057659282545632,0.08394372618710633,0.008247061554568402,0.015732533938775415,14830103.15,0.9057119066633059,True,True
2024-08-16,1168.309814453125,1187.25,1193.0,1165.6500244140625,1170.0,10961370,0.022037597424275912,0.019448759135227256,-0.05042793438840565,0.0591463060048425,1196.3249938964843,1188.37099609375,1072.9459985351561,-0.007585726238926616,-0.0009433048243643327,0.10653285591343642,0.009695905147349092,0.01592720334058926,14828190.05,0.739225081620801,True,True
2024-08-19,1157.140869140625,1175.9000244140625,1195.75,1173.300048828125,1191.0,6686394,-0.009559886785375893,0.0036702363585954245,-0.058262922818696494,0.058320628433055965,1192.6874938964843,1189.71599609375,1074.1617486572266,-0.01407532951282775,-0.011612831738877283,0.09471411161681709,0.009815694996896624,0.01593563141776042,14764568.9,0.45286754020972464,True,True
2024-08-20,1160.6341552734375,1179.449951171875,1189.800048828125,1170.0,1174.199951171875,10427061,0.0030189018488893105,0.005670107492231624,-0.04971201871531661,0.03962093536524902,1189.602490234375,1191.0969946289063,1075.4092483520508,-0.008534396275935552,-0.009778417298970665,0.09674521860329488,0.009875123846620284,0.015720847690137065,14787973.7,0.7051041076709516,False,True
2024-08-21,1156.1075439453125,1174.8499755859375,1178.6500244140625,1165.0999755859375,1177.0,17234142,-0.0039001024005869134,0.005563401494265596,-0.04230692839948036,0.03789922369769916,1187.0074890136718,1192.1599951171875,1076.7029983520508,-0.01024215393774508,-0.014519879548171244,0.09115510719679021,0.009649070310164166,0.015727672125525848,14681189.2,1.1738927797483871,False,True
2024-08-22,1172.098388671875,1191.0999755859375,1192.5999755859375,1176.5999755859375,1182.0,8564142,0.013831553251635764,0.02535182761841681,-0.02608342143422937,0.05425732351613477,1185.4124877929687,1193.5059936523437,1078.1152481079102,0.004797897652957905,-0.0020159245778426094,0.10479837631117372,0.010280600503021983,0.015813744187395683,14103270.25,0.6072451174932282,False,True
2024-08-23,1184.300537109375,1203.5,1205.0,1188.550048828125,1193.0,7518309,0.01041056558494402,0.013687092019372571,0.004674827174059537,0.06792675109353641,1185.6924865722656,1195.2119946289063,1079.5689981079101,0.015018660933927563,0.0069343391869716164,0.11479674028181219,0.009531247328225835,0.015852925639942502,13771462.65,0.5459339498698782,False,True
2024-08-26,1193.9443359375,1213.300048828125,1214.949951171875,1201.050048828125,1205.550048828125,10920226,0.008142957065330192,0.031805445733108506,0.005053096341105956,0.10099822942661074,1185.997491455078,1197.0869946289063,1081.0109982299805,0.023020754740003646,0.01354375602772695,0.12237530498279026,0.009547298818203152,0.01557621153729133,13352010.7,0.8178712738748779,False,True
2024-08-27,1206.7860107421875,1226.3499755859375,1232.5,1208.9000244140625,1213.300048828125,16295325,0.010755729195277786,0.0397643192637922,0.01125589590473064,0.10114934843584056,1186.6799926757812,1199.4669946289061,1082.5659982299806,0.033429385474601725,0.022412439089537717,0.1328177474547021,0.00979046985339828,0.015577563731169851,12743863.9,1.2786800869711108,False,True
2024-08-28,1204.3258056640625,1223.8499755859375,1226.4000244140625,1217.300048828125,1222.6500244140625,12291305,-0.0020385697800544555,0.041707452881855955,0.011906259039582201,0.09169967644644683,1187.3999938964844,1201.8309936523438,1084.1149981689452,0.03069730661682213,0.018321196615739055,0.12889313186608664,0.00978018728791423,0.01557169881722983,12159815.3,1.010813461944607,False,True
2024-08-29,1202.4071044921875,1221.9000244140625,1235.0,1217.0,1218.949951171875,10806748,-0.0015932926508752665,0.025858491696277186,0.0057617909781308985,0.053362090012122776,1187.7499938964843,1203.8119946289062,1085.6247482299805,0.028751867558884925,0.01502562681370545,0.12552705380590057,0.009748242489510976,0.01495458262389012,11585271.25,0.9328006023164973,False,True
2024-08-30,1209.590576171875,1229.199951171875,1235.550048828125,1218.9000244140625,1230.0,21211148,0.005974242255468498,0.021354342477669208,0.0157837996622463,0.14723039543514327,1188.7049926757813,1205.5069946289063,1087.101748046875,0.03406644940973891,0.019653935355441243,0.1307128825616357,0.009771318127457462,0.01099237654354311,12209576.35,1.7372550358800942,False,True
2024-09-02,1210.3284912109375,1229.949951171875,1239.199951171875,1222.5,1239.0,12516759,0.0006101529692423835,0.013722823435003972,0.027913502135962664,0.10941227987788227,1190.3749877929688,1206.9699926757812,1088.5242477416991,0.033245795471795514,0.01903937847298809,0.12992425637148997,0.009354275280277274,0.010138891998134924,12298644.55,1.0177348364783825,False,True
2024-09-03,1227.79541015625,1247.699951171875,1250.949951171875,1220.4000244140625,1227.199951171875,19114907,0.01443148152742979,0.017409366013756866,0.06404569090018164,0.12364906676786425,1194.1299865722656,1208.7509912109374,1090.0222476196288,0.04486108313332071,0.032222484402613105,0.1446554911118374,0.00831322077333248,0.010269449761244763,12539051.35,1.5244300758047378,False,True
2024-09-04,1216.62646484375,1236.3499755859375,1243.699951171875,1232.800048828125,1239.8499755859375,13505843,-0.009096718786658076,0.010213670179643808,0.0595620700639774,0.1022109560531621,1197.6049865722657,1210.0759912109374,1091.5252474975587,0.032352060527541804,0.02171267306006741,0.13268106113019873,0.008575524745020484,0.010310597667501946,12535562.55,1.0774022263564071,False,True
2024-09-05,1216.23291015625,1235.949951171875,1244.8499755859375,1231.300048828125,1238.0,9142811,-0.0003235527334183308,0.01149842579350957,0.054160094370366174,0.09979524601435785,1200.7799865722657,1210.8359912109374,1093.0182473754883,0.02928926613775862,0.020741008809807004,0.13076790267645455,0.008593296022593637,0.010313783650100506,12205020.9,0.7491024452076113,False,True
2024-09-06,1188.8763427734375,1208.1500244140625,1233.9000244140625,1205.0,1225.949951171875,10170479,-0.022492760917587118,-0.017124900418149402,0.037394856380804864,0.08044185044715824,1202.9574890136719,1210.6389916992186,1094.3659976196288,0.004316474561913308,-0.0020559120449794577,0.10397255309642928,0.01009482180801589,0.010743107211776957,12173222.95,0.8354795637748507,False,True
2024-09-09,1215.298095703125,1235.0,1238.300048828125,1200.449951171875,1202.9000244140625,13863250,0.02222404092485064,0.0041058978239834065,0.0541140540587286,0.10312174189329082,1206.127490234375,1210.9409912109375,1095.8687475585937,0.02393819061367597,0.01986802739661453,0.12695977757497579,0.011049391116546686,0.011075944531673236,12432020.1,1.1151244840731878,False,True
2024-09-10,1217.5614013671875,1237.300048828125,1241.3499755859375,1227.0,1236.949951171875,15545130,0.0018623877150809598,-0.008335259077298263,0.05499658706908228,0.11735230605249836,1209.352490234375,1211.6949926757814,1097.3497479248047,0.023109522508473646,0.021131601852872217,0.12753481847330805,0.011044304106051731,0.010951825590678772,12666253.85,1.2272871035187725,False,True
2024-09-11,1216.62646484375,1236.3499755859375,1239.300048828125,1226.4000244140625,1231.5,11993242,-0.0007678600215746956,0.0,0.05820173870924039,0.1182109603272874,1212.752490234375,1212.1849926757814,1098.8514978027345,0.0194577917106582,0.019935061938701537,0.12512926274218605,0.010970571781824524,0.01094818201336672,12610019.6,0.9510882917263666,True,True
2024-09-12,1232.1744384765625,1252.1500244140625,1257.0,1226.3499755859375,1238.0,15376442,0.012779592461784173,0.013107386125811304,0.07790642456676933,0.11515345027340129,1217.277490234375,1213.4159936523438,1100.502998046875,0.028647974237142382,0.03192147702382808,0.13779792207410968,0.010985666113359722,0.010895314071970013,12707251.65,1.2100525293366642,True,True
2024-09-13,1230.403076171875,1250.3499755859375,1255.949951171875,1242.050048828125,1252.0,9877288,-0.001437566420179781,0.03492939644837678,0.053148010600915896,0.09253355667115426,1220.4324890136718,1214.3909936523437,1102.1474978637696,0.024513839840861973,0.029610711971311154,0.13446700918835308,0.01015925746088287,0.010661385646658273,12653047.55,0.7806252178353664,True,True
2024-09-16,1242.7037353515625,1262.8499755859375,1265.5999755859375,1244.699951171875,1251.0,8973335,0.009997200978983711,0.02255058751897776,0.07394331947156907,0.09167524401926186,1224.7799865722657,1214.9879931640626,1103.8312478637695,0.03108312466814267,0.03939296741298093,0.14406072307693307,0.009859822014533634,0.010650183306567359,12767394.6,0.7028321189352134,True,True
2024-09-17,1247.8699951171875,1268.0999755859375,1272.25,1258.4000244140625,1259.949951171875,11513121,0.004157263413307799,0.024892851808244743,0.07516217566161387,0.0944633399781134,1229.2124877929687,1215.6819921875,1105.5579977416992,0.03163609886748775,0.04311817048808653,0.14702256975776895,0.009859458657028764,0.010655630022655854,12821697.6,0.8979404568081532,True,True
2024-09-18,1267.796875,1288.3499755859375,1295.3499755859375,1262.0,1262.0,12466597,0.015968772486288696,0.04205928824915128,0.0966080796345028,0.10105974059249534,1234.8874877929688,1216.7479907226561,1107.3847476196288,0.043293407959391184,0.058847013029177164,0.16341676039452535,0.010054934621726384,0.010764604723745786,12583320.35,0.9907239626145257,True,True
2024-09-19,1271.388671875,1292.0,1300.0,1285.3499755859375,1288.3499755859375,13172268,0.00283310007624471,0.03182524043361745,0.08471163334918774,0.07850916370598138,1239.9324890136718,1217.6229907226561,1109.1977474975586,0.041992214453342,0.06108377539192267,0.16480582737826355,0.009825636501360153,0.010366707394838918,12813726.65,1.0279810362584876,True,True
2024-09-20,1317.09765625,1338.449951171875,1362.3499755859375,1291.550048828125,1295.0,73257767,0.03595197459123445,0.07046025297409408,0.11213124318394274,0.09889158552699095,1246.6799865722655,1219.5279907226563,1111.262497253418,0.073611484573463,0.09751474451910602,0.20444085396562084,0.012086120732582528,0.01112063682238809,16100699.55,4.5499741655635075,True,True
2024-09-23,1300.811767578125,1321.9000244140625,1331.800048828125,1308.5,1331.0,11380409,-0.012364994853429012,0.04675935381851426,0.08950792979101063,0.08361340926195338,1252.1099853515625,1221.1969921875,1113.1739974975585,0.05573794624990924,0.08246256162666743,0.18750530230289697,0.012695478734254702,0.011266544140851648,16123708.7,0.7058183208184604,True,True
2024-09-24,1297.5643310546875,1318.5999755859375,1331.4000244140625,1315.449951171875,1321.0,13886037,-0.002496443579073082,0.03982335854605301,0.07522322488400901,0.0991997352633116,1256.7224853515625,1222.9109912109375,1115.092247314453,0.04923719512909419,0.07824689209821223,0.1825030429200858,0.01269056531615567,0.011028088313531314,16003244.3,0.8677013697778768,True,True
2024-09-25,1302.7305908203125,1323.8499755859375,1327.75,1310.0999755859375,1310.75,8728019,0.003981495599275409,0.027554624653797655,0.08170936143715113,0.09242068098887168,1261.7224853515625,1224.7889916992187,1116.9779971313476,0.049240218000128566,0.0808800410177477,0.18520685186806185,0.012618255535160772,0.010975188310212165,15825080.0,0.5515307979485727,True,True
2024-09-26,1307.8477783203125,1329.050048828125,1333.3499755859375,1316.9000244140625,1320.0,11100869,0.003927992852729378,0.028676508380901744,0.08769131866205182,0.1162859701673109,1267.0799865722656,1226.5719921875,1118.667247314453,0.04890777449930539,0.08354834228512176,0.18806557715775707,0.012549425462027567,0.01068919932211077,15839786.05,0.7008219028311938,True,True
2024-09-27,1285.7557373046875,1306.5999755859375,1333.0,1303.8499755859375,1333.0,17117379,-0.01689181928248873,-0.02379616477855695,0.06296780628755494,0.08738349045721194,1270.9499877929688,1227.6979907226562,1120.1329971313476,0.028049874609838543,0.0642682365366074,0.16646860589959456,0.013400275099615222,0.010914694088383794,15635097.6,1.0948047423765364,True,True
2024-09-30,1252.6917724609375,1273.0,1296.800048828125,1270.9000244140625,1292.0999755859375,12622212,-0.025715579529893784,-0.03699222597089946,0.03500146391087511,0.03244120032441211,1273.102490234375,1228.184990234375,1121.4817471313477,-8.050430751738169e-05,0.03648881082407063,0.1351054114400192,0.014874056694455108,0.01098014222315673,15640370.25,0.807027698081508,True,True
2024-10-01,1254.0694580078125,1274.4000244140625,1280.25,1267.5999755859375,1269.800048828125,10972413,0.0010997835145816204,-0.033520364015048765,0.021399434388940985,0.03324144575031718,1274.4374938964843,1228.849990234375,1122.858747253418,-2.940080043256632e-05,0.03706720473749603,0.13496023211407837,0.014575153478880188,0.010980278955863492,15233245.55,0.7202938444066503,True,True
2024-10-03,1236.307373046875,1256.3499755859375,1265.75,1248.1500244140625,1253.5999755859375,17648551,-0.014163565977977743,-0.05098765059849353,0.01617664932659668,0.017246205348538712,1275.4374938964843,1229.4419897460937,1124.086247253418,-0.014965467458725956,0.02188634035949999,0.11766332757445586,0.014805036049803275,0.011143876314665431,15440380.95,1.1430126664070424,True,True
2024-10-04,1219.97216796875,1239.75,1264.4000244140625,1236.199951171875,1247.0999755859375,13488887,-0.01321285940105632,-0.06719088487816116,0.0030745976603032688,-0.006809533346685326,1275.6274963378905,1229.7769897460937,1125.1994973754884,-0.02812537080055799,0.008109608764077958,0.10180461588518219,0.015138185650142678,0.011194990332619715,15657684.75,0.8614866894672918,True,True
2024-10-07,1214.215576171875,1233.9000244140625,1262.949951171875,1225.0,1241.550048828125,20667247,-0.004718673592206124,-0.05564055757713693,0.02131357818122659,-0.007480636360262194,1276.9149963378907,1230.4969897460937,1126.2904974365235,-0.03368663697050489,0.0027655774019170742,0.09554331428921925,0.014226292212042304,0.011199395283861019,16182523.15,1.2771337824410898,True,True
2024-10-08,1216.8724365234375,1236.5999755859375,1247.800048828125,1229.75,1241.0,12219259,0.0021881441919551214,-0.028593891919923453,0.001295526790232815,-0.0014937830827858045,1276.9949951171875,1231.084990234375,1127.4039971923828,-0.03163287223967781,0.004479776291084869,0.09685612137750943,0.013342215612482132,0.011192092287265186,16100323.6,0.7589449320136646,True,True
2024-10-09,1224.3021240234375,1244.1500244140625,1265.0999755859375,1232.6500244140625,1243.050048828125,14765997,0.006105490034922223,-0.023736659934472493,0.005536228332347681,0.009124827461453489,1277.3374938964844,1231.7139916992187,1128.4564971923828,-0.025981754736709717,0.010096526302902253,0.10252369276930651,0.013404485136850643,0.01120310588850142,16061366.95,0.9193487108517872,True,True
2024-10-10,1223.662353515625,1243.5,1254.699951171875,1238.0,1246.75,9118195,-0.0005224646556339918,-0.010228022315155072,0.005783171881144744,0.011016748132893328,1277.6949951171875,1232.3949926757812,1129.4869970703126,-0.02676303440795058,0.009010915648162143,0.10094228904397906,0.013403509658766057,0.011198333524897297,15917614.6,0.5728367741734368,True,True
2024-10-11,1203.4893798828125,1223.0,1240.800048828125,1222.0,1237.0,8472512,-0.016485725774024962,-0.013510788465416423,-0.023279977515236694,-0.013630150884180292,1276.2374938964845,1232.5569921875,1130.4947470092773,-0.04171440985795283,-0.007753793332135217,0.08182722939265785,0.013574196756134726,0.011354852092820068,15572418.1,0.5440717007206479,True,True
2024-10-14,1212.099853515625,1231.75,1237.9000244140625,1217.4000244140625,1221.0,11833929,0.007154538021259205,-0.001742462413098278,-0.014875815530944636,-0.014836477728295328,1275.3074951171875,1232.9899926757812,1131.5762469482422,-0.03415450413642007,-0.0010056794322313989,0.08852585349146125,0.013698014869097655,0.011340213652393898,15670250.15,0.755184434627548,True,True
2024-10-15,1235.4710693359375,1255.5,1258.300048828125,1235.4000244140625,1238.949951171875,11657338,0.01928151004668166,0.015283862839401419,-0.005820149446118639,0.005485905139153591,1274.9399963378905,1234.1689916992189,1132.8204968261718,-0.01524777353736606,0.017283701376593852,0.10829562452086616,0.014225367447192347,0.011613879949091254,15804450.3,0.7375984471918013,True,True
2024-10-16,1223.3179931640625,1243.1500244140625,1254.949951171875,1241.5999755859375,1248.5,7869727,-0.00983669899317996,-0.0008037615885359006,-0.01967506636087324,0.0016114087424234924,1273.6924987792968,1235.5799926757813,1134.014246826172,-0.02397947259209432,0.006126703073175754,0.09623845369962036,0.014343636478987573,0.011658774331788054,15622280.6,0.5037502014910679,True,True
2024-10-17,1211.6077880859375,1231.25,1256.949951171875,1224.4000244140625,1249.449951171875,8459497,-0.00957247651559301,-0.009851226377161293,-0.044320236479197805,0.003668229060525885,1270.8375,1236.8679931640625,1135.198996887207,-0.03115071753863108,-0.004542112169699686,0.08461159970733889,0.013893033694885171,0.011627165623585714,15421925.6,0.5485370127839289,True,True
2024-10-18,1244.327392578125,1264.5,1268.9000244140625,1225.25,1227.949951171875,11018126,0.02700507614213188,0.033932951757972285,-0.021284829721362253,0.033932951757972285,1269.4625,1238.708994140625,1136.5459970092772,-0.003909134771606149,0.020820875590128463,0.11258145585609625,0.015328661830187815,0.012124689313571111,15314218.5,0.7194703405857765,True,True
2024-10-21,1238.9644775390625,1259.050048828125,1272.3499755859375,1250.550048828125,1264.5,7742775,-0.004309965339561073,0.02216362803176386,-0.05932227968197967,0.05104768609047583,1265.4925048828125,1240.5979956054687,1137.829997253418,-0.005090868598454534,0.014873515262815662,0.10653617136770643,0.012631879851082084,0.011822192359175702,12038468.9,0.6431694150075845,True,True
2024-10-22,1247.279541015625,1267.5,1284.9000244140625,1259.75,1266.5999755859375,20090801,0.006711370353974289,0.009557945041815952,-0.04115290370629621,0.04995034067851756,1262.7725036621093,1242.51599609375,1139.1379971313477,0.0037437434883802467,0.020107591358819787,0.11268345291957771,0.012605913140229158,0.011812613491457609,12473988.5,1.6106156423023799,True,True
2024-10-23,1231.6331787109375,1251.5999755859375,1267.949951171875,1243.050048828125,1261.0,14055447,-0.012544397959812659,0.0067972095128725485,-0.050811467647895014,0.03207720456859264,1259.4225036621094,1244.0919946289061,1140.4129971313478,-0.006211202399056592,0.0060349081815858074,0.09749711616254375,0.012824090300570894,0.011928173145240828,12482459.0,1.1260158755578529,True,True
2024-10-24,1232.764892578125,1252.75,1260.449951171875,1241.050048828125,1250.25,12223031,0.000918843429606353,0.017461928934010107,-0.053706973522032686,0.03580143914691969,1255.8675048828125,1245.7799951171876,1141.6797470092774,-0.0024823517374974458,0.005594892284457309,0.09728669820208347,0.012760422702835108,0.011920466184084155,12657209.6,0.965697131222351,True,True
2024-10-25,1235.4217529296875,1255.449951171875,1268.9000244140625,1234.199951171875,1247.25,13546055,0.002155219454699653,-0.007157017657670961,-0.05537797295229485,0.03337717173671928,1252.1875,1247.6559936523438,1143.0457467651368,0.002605401484901515,0.006246880197092963,0.09833745038188235,0.012718199327107948,0.011911456399764419,12779468.9,1.059985755746078,True,True
2024-10-28,1272.2252197265625,1292.8499755859375,1307.800048828125,1280.5999755859375,1285.5,24096412,0.029790135703261056,0.02684557837019441,-0.010523496293373125,0.0683827796624259,1251.5,1249.7679931640625,1144.5897467041016,0.03304033207026569,0.03447198412627239,0.12953132710541748,0.014188323846826608,0.012475279785826441,13128420.55,1.8354387649472426,True,True
2024-10-29,1310.60302734375,1331.8499755859375,1335.3499755859375,1299.25,1301.3499755859375,20656117,0.030165913088504137,0.05076921150764302,0.046229360240327866,0.1130750250608592,1254.4424987792968,1252.8869921875,1146.313246459961,0.061706675979143144,0.06302482497688855,0.16185517326869436,0.0144475065201135,0.012914881574134592,13530115.8,1.5266770296230576,True,True
2024-10-30,1291.21728515625,1312.1500244140625,1330.9000244140625,1305.5999755859375,1324.0,15055031,-0.014791419103497905,0.04837811601888098,0.029621782232275518,0.11900908385947484,1256.3299987792968,1255.5409936523438,1147.9054965209962,0.0444310218565207,0.04508736158191384,0.1430819247671946,0.014948771428405326,0.012781755939538057,13734246.7,1.0961672182574091,True,True
2024-10-31,1271.634765625,1292.25,1318.949951171875,1288.550048828125,1307.25,23497314,-0.015165967338947262,0.03153063260826183,0.028574859801560715,0.1074688494989191,1258.125,1257.888994140625,1149.4567465209961,0.027123695976154938,0.027316405517046505,0.12422673050655364,0.015005856086244586,0.012942748476119597,14026684.85,1.6751865641295849,True,True
2024-11-01,1271.1920166015625,1291.800048828125,1296.199951171875,1286.25,1289.949951171875,1007022,-0.0003481920463339616,0.028953840511379836,0.04198431040784434,0.10179547326259719,1260.7275024414062,1259.9029956054687,1151.0169967651368,0.0246465206212656,0.025317070706167843,0.12231187937159094,0.014611828699944268,0.012939487189706127,13402591.6,0.07513636392531725,True,True
2024-11-04,1256.8248291015625,1277.199951171875,1291.800048828125,1270.050048828125,1290.0999755859375,14309121,-0.011302134312113354,-0.012105058366860932,0.03509192471114031,0.09668553833627369,1262.8924987792968,1261.3769946289062,1152.4377465820312,0.011329113449012995,0.012544193060714415,0.10825938751127429,0.014847183034179786,0.013003649212183187,13084685.3,1.0935777721761486,True,True
2024-11-05,1276.013671875,1296.699951171875,1301.300048828125,1263.0999755859375,1273.0,16431920,0.015267773837689402,-0.026391879760029657,0.04860098396610457,0.10677703840286679,1265.8974975585938,1263.0449926757813,1153.9654962158204,0.024332502175481663,0.02664589044036747,0.12369040099042938,0.015148795135974346,0.0131110741806206,13295318.35,1.2359177544627955,True,True
2024-11-06,1281.5736083984375,1302.3499755859375,1315.0,1292.699951171875,1300.25,12037405,0.004357233459410859,-0.007468695382222945,0.04677888520661688,0.11046207483301207,1268.8074951171875,1264.5649926757812,1155.45974609375,0.02643622503636922,0.02987982676177392,0.12712708511809057,0.015131831656558509,0.013114893710089528,13158888.75,0.9147736734228413,True,True
2024-11-07,1258.3009033203125,1278.699951171875,1302.800048828125,1275.25,1297.1500244140625,9909035,-0.018159500024885533,-0.010485624939543414,0.028307158159931678,0.09444941831799669,1270.5674926757813,1265.6619921875,1156.8039959716798,0.006400650530549168,0.010301296131869364,0.10537304126254021,0.015809634908669514,0.013348387831623128,13198430.75,0.7507737236110437,True,True
2024-11-08,1238.7674560546875,1258.8499755859375,1275.0,1252.699951171875,1270.0,11195808,-0.015523560134451997,-0.025507100167768693,0.02931314438752053,0.08367404048470006,1272.3599914550782,1266.4009912109375,1158.0529959106445,-0.010618076613435945,-0.005962578738808233,0.08704004050870773,0.01575334138447759,0.013498439961669365,13334595.55,0.8396061176373661,True,True
2024-11-11,1249.0509033203125,1269.300048828125,1275.9000244140625,1246.6500244140625,1262.0,8387780,0.008301285653458113,-0.006185329349959301,0.03048512184138419,0.06910932729258801,1274.2374938964845,1267.2029931640625,1159.4907461547853,-0.003874823250775039,0.0016548695634204247,0.09470476848349141,0.015776834689302303,0.01325732544514033,13162288.1,0.6372585021900562,True,True
2024-11-12,1250.3302001953125,1270.5999755859375,1295.0,1264.5,1276.1500244140625,13486168,0.0010241288173058472,-0.020127999204711977,0.012027061398596217,0.08053401582252961,1274.9924926757812,1268.0159936523437,1160.9119961547851,-0.0034451317282859772,0.0020378149380837485,0.09448431904783905,0.015219484327180956,0.013181923892565492,13253729.6,1.0175375842887273,True,True
2024-11-13,1233.69970703125,1253.699951171875,1276.25,1250.0,1270.5999755859375,12260404,-0.013300822240508103,-0.037355569029879576,0.008486446969894201,0.06295307395301242,1275.5199890136719,1268.1359936523438,1162.1844958496094,-0.017106778435255876,-0.011383670641578192,0.07874434364688687,0.015364812453301818,0.013315163827218012,13473263.45,0.9099802765305536,True,True
2024-11-14,1236.8978271484375,1256.949951171875,1267.699951171875,1243.050048828125,1253.75,9506892,0.002592326813893653,-0.017009463385110002,0.02087305678934004,0.06988124210922453,1276.8049865722655,1268.5479931640625,1163.3239953613281,-0.015550562230880471,-0.00914276957173632,0.08048141032410028,0.015183388191598821,0.01330017367292717,13525633.2,0.702879625628174,True,True
2024-11-18,1233.45361328125,1253.449951171875,1262.5999755859375,1249.4000244140625,1260.0,6195554,-0.0027845181876469116,-0.004289648900814402,-0.008738670484875422,0.05234655097299101,1276.2524841308593,1268.8979931640624,1164.5952450561524,-0.017866788306009074,-0.01217437656565834,0.07629664168123784,0.013921448952678722,0.013205631954494616,13284504.6,0.4663744856545121,True,True
2024-11-19,1229.173095703125,1249.0999755859375,1261.0,1240.8499755859375,1257.050048828125,11537317,-0.003470402293981212,-0.01591434055394314,-0.007902841711057151,0.03788946870455967,1275.75498046875,1269.7169921875,1165.7909948730469,-0.02089351426479935,-0.016237489714966302,0.07146133490417195,0.013910132442137494,0.013158341067161645,13474231.7,0.8562504532262125,True,True
2024-11-21,1230.60009765625,1250.550048828125,1256.9000244140625,1232.550048828125,1248.550048828125,9593870,0.0011608944604353244,-0.015779889141400716,-0.01337274254191323,0.03070139165986041,1274.9074829101562,1270.0279931640625,1166.9617449951172,-0.019105256191948916,-0.015336625996259734,0.07162900085757107,0.013817835921832833,0.01312226921716485,12949385.15,0.740874558048032,True,True
2024-11-22,1257.6612548828125,1278.050048828125,1281.4000244140625,1256.0,1258.0,11604338,0.021990323398707545,0.019422588023146226,0.021133008755297222,0.042157682775249894,1276.2299865722657,1270.8429931640626,1168.2674951171875,0.001426124033292453,0.005671082661532267,0.09397039134425733,0.014390342026691634,0.013348019394049953,12826829.7,0.904692606934666,True,True
2024-11-25,1280.1959228515625,1300.949951171875,1311.199951171875,1290.0,1296.0,22717581,0.017917844739137934,0.035005371501847016,0.03847531524396319,0.06299789771946895,1278.6399841308594,1272.1349926757812,1169.6314947509766,0.017448200680334924,0.022650865405003273,0.11227335875463673,0.014870358970734111,0.013524181892527265,13351557.2,1.7014929913942922,True,True
2024-11-26,1284.132080078125,1304.949951171875,1314.25,1302.449951171875,1310.5999755859375,7646955,0.003074676313563618,0.04108660258181951,0.03942809504576039,0.06796785751570589,1281.1149841308593,1273.1909912109375,1171.0304943847657,0.018604861652746996,0.024944380049949588,0.11436034964868069,0.01487230534272311,0.013521803991465698,13056602.2,0.5856772598923172,True,True
2024-11-27,1279.9498291015625,1300.699951171875,1310.8499755859375,1297.8499755859375,1298.5,21938082,-0.0032568298854552813,0.041309724277060145,0.006071837981340256,0.05816791640109842,1281.5074829101563,1274.1979907226562,1172.413994140625,0.014976477716801773,0.020798934421634385,0.10942035635226555,0.01338870691801196,0.013518915532088277,12948685.7,1.6942323343287267,True,True
2024-11-28,1265.828857421875,1286.3499755859375,1310.5,1282.300048828125,1301.050048828125,22803745,-0.011032502594475191,0.02862734425652147,-0.034163006970798326,0.04585554425228899,1279.2324829101562,1274.6679907226562,1173.7282440185547,0.005563877380278415,0.009164727559102248,0.09595213554868032,0.011618237009681263,0.013608336617334382,13056067.1,1.746601394228435,True,True
2024-11-29,1279.3594970703125,1300.0999755859375,1303.25,1283.0999755859375,1283.0999755859375,11397228,0.010689159451911179,0.017252788165870836,-0.009183438329398275,0.041997296196771394,1278.62998046875,1275.3079907226563,1175.096743774414,0.016791405993246356,0.019439998058220276,0.10637697063989182,0.011500400807160112,0.013553442785101849,12873176.95,0.8853469539234448,True,True
2024-12-02,1283.8370361328125,1304.6500244140625,1310.550048828125,1289.1500244140625,1299.9000244140625,9626400,0.0034997684128670326,0.0028441318890510825,0.009595685365883178,0.05524329694410013,1279.249981689453,1275.6339916992188,1176.509243774414,0.019855417696441613,0.02274636212554415,0.10891608486521887,0.01098472816174238,0.013495361891148725,12179631.25,0.7903687560327411,True,True
2024-12-03,1287.527099609375,1308.4000244140625,1312.800048828125,1296.0999755859375,1303.949951171875,11509276,0.0028743340588095467,0.002643835680509632,0.012850267037066931,0.058618937743792454,1280.07998046875,1275.9619921875,1178.1047439575195,0.022123651941609257,0.025422412599415134,0.11059736506862006,0.010994723630669312,0.01349641830430972,12704743.95,0.9059038139843818,True,True
2024-12-04,1295.0550537109375,1316.050048828125,1320.0,1301.699951171875,1302.5999755859375,11570281,0.005846854380401334,0.011801413264004745,0.030418179722449645,0.08931012062545185,1282.0224853515624,1275.513994140625,1179.631494140625,0.026542095685031075,0.031780172443196975,0.11564505980478468,0.010673793736816456,0.013150389144748033,12567801.95,0.9206288455237792,True,True
2024-12-05,1315.1787109375,1336.5,1342.9000244140625,1308.5999755859375,1316.25,19210697,0.015538885614635012,0.0389862987257561,0.03069333718425482,0.08218623481781373,1284.0124877929688,1275.8059936523437,1181.3334942626952,0.040877727207505155,0.04757306882835932,0.13134860434491347,0.010692283622765602,0.012999375700520765,12706740.8,1.5118508595060032,True,True
2024-12-06,1307.552490234375,1328.75,1347.0999755859375,1326.699951171875,1342.5,8942672,-0.005798728020950272,0.0220367855950081,0.020271067615434957,0.07391089272039486,1285.3324890136719,1276.008994140625,1182.8782443237305,0.03377920604780282,0.0413327853499148,0.12331933263314565,0.010793479012886268,0.013032339551399751,12552004.15,0.7124497325791594,True,True
2024-12-09,1301.2054443359375,1322.300048828125,1329.050048828125,1320.25,1322.0999755859375,8000764,-0.004854149517873996,0.013528551016575685,0.034097207571089916,0.06951920972170811,1287.5124938964843,1275.9779956054688,1184.376244506836,0.027019197946857032,0.03630317558938456,0.11645269394838231,0.009921382428049042,0.013053840764042259,12456590.6,0.6422916395759206,True,True
2024-12-10,1309.225341796875,1330.449951171875,1332.0,1315.25,1319.0,8218214,0.0061634289063006165,0.016852588158340343,0.05687729036385836,0.06253238448360254,1291.0924926757812,1276.0059936523437,1185.945244140625,0.03048384118052283,0.0426674778883247,0.12184770565521585,0.009087114151796406,0.012982149628186652,12307710.9,0.6677288788120624,True,True
2024-12-11,1306.3223876953125,1327.5,1331.25,1316.0,1324.699951171875,8138066,-0.002217258281137613,0.008700239920260255,0.04585200420153446,0.06170274396807063,1294.002490234375,1276.423994140625,1187.466494140625,0.025886742891474412,0.04001492144760488,0.11792627964692004,0.00905683533532238,0.012985116356370974,12295225.2,0.6618883239324482,True,True
2024-12-12,1308.04443359375,1329.25,1338.75,1321.550048828125,1321.550048828125,9076896,0.0013182674199623268,-0.005424616535727678,0.04615931492287029,0.05257950326463301,1296.934991455078,1277.548994140625,1188.893994140625,0.02491644435367313,0.04046890263817482,0.11805594657817187,0.00905492236592688,0.012932341039862913,12074761.6,0.7517246551683472,True,True
2024-12-13,1323.44482421875,1344.9000244140625,1347.1500244140625,1313.5,1325.3499755859375,13536684,0.011773574883628068,0.012154298712370615,0.07274473701378059,0.06056308674924371,1301.4949951171875,1278.958994140625,1190.3747442626952,0.03335013154850186,0.051558361585896995,0.1298122972586071,0.008500430134645402,0.013001686880503134,12138575.6,1.1151789506505194,True,True
2024-12-16,1324.6256103515625,1346.0999755859375,1350.449951171875,1340.050048828125,1344.9000244140625,9071006,0.000892223325222874,0.017998885184119073,0.07092567554574991,0.0448247767255443,1305.9524963378906,1280.753994140625,1191.8454943847655,0.0307419139368601,0.05102149338925854,0.1294248977136072,0.008519004976844964,0.012853576194708467,12116781.3,0.7486316518727626,True,True
2024-12-17,1312.4727783203125,1333.75,1348.0999755859375,1326.050048828125,1342.0,9879257,-0.009174634729906872,0.0024804005781791094,0.06406322705828882,0.03231424148606821,1309.9674987792969,1282.633994140625,1193.2007446289062,0.018155031512510744,0.039852371052759406,0.11779179321146471,0.008878045646245837,0.01291490568214952,12300966.45,0.8031285216618081,True,True
2024-12-18,1293.1854248046875,1314.1500244140625,1334.949951171875,1307.449951171875,1325.25,8510595,-0.014695389380271817,-0.010056478784133738,0.052077535905491246,-0.018155274865927384,1313.2200012207031,1284.238994140625,1194.4649945068359,0.0007082006004286434,0.023290859730865865,0.10019969648138716,0.009640458144113233,0.012201358368140508,12149630.35,0.7004818051933572,True,True
2024-12-19,1266.3701171875,1286.9000244140625,1303.0,1284.449951171875,1286.0,11517304,-0.020735836467491553,-0.03186005310207829,0.02906718976981426,-0.026477040134342933,1315.0375,1285.2449951171875,1195.628494873047,-0.021396709664885938,0.001287715029556713,0.07633770015719366,0.010963369033163809,0.012388854370716568,12245802.05,0.9405103849445288,True,True
2024-12-20,1267.8460693359375,1288.4000244140625,1297.75,1272.4000244140625,1283.949951171875,58491181,0.0011655917099566704,-0.04201055764320882,0.008098255303403468,-0.022903042416981156,1315.554998779297,1286.1299951171875,1196.7694952392578,-0.02064145884469415,0.001765007662905882,0.07656489369031405,0.009845922049394981,0.012387230804865444,14590144.2,4.008951535927932,True,True
2024-12-23,1276.1121826171875,1296.800048828125,1307.0,1287.050048828125,1294.6500244140625,6827512,0.006519733200007316,-0.03662426836933341,-0.0031899016099826705,-0.02043277354432871,1315.3475036621094,1287.19599609375,1198.022495727539,-0.014100802094006104,0.007461220174332706,0.08245049942956206,0.009081819417237234,0.012406457500905823,13795640.75,0.49490358032119675,True,True
2024-12-24,1276.554931640625,1297.25,1304.5,1290.25,1296.800048828125,7138516,0.0003469703538965252,-0.02736644798500465,-0.005900572021907968,-0.023926900914050808,1314.9625061035156,1288.68099609375,1199.2477459716797,-0.013469970452618552,0.006649437628260424,0.08171977338086633,0.009051743395030024,0.012394534847617322,13770218.8,0.5184025107865389,True,True
2024-12-26,1276.6534423828125,1297.3499755859375,1312.75,1289.199951171875,1307.0,7338444,7.706732390633242e-05,-0.012783965693426547,-0.002575517576455133,-0.007079442960996496,1314.7950073242187,1289.9929956054686,1200.299995727539,-0.013268252192244145,0.005703116222748106,0.08085476981075335,0.009024244639419535,0.012202290992944044,13040236.9,0.5627538867794648,True,True
2024-12-27,1286.690673828125,1307.550048828125,1315.949951171875,1298.550048828125,1298.550048828125,4756066,0.007862237202094002,0.016046331511621936,0.01648079732930441,0.027140651082580458,1315.8550109863281,1291.0339965820312,1201.37599609375,-0.0063114568769837565,0.012792887166271028,0.08837703856211365,0.008804774353595692,0.011767264255450523,12137852.95,0.3918375036830546,True,True
2024-12-30,1273.9964599609375,1294.6500244140625,1326.5,1289.449951171875,1304.949951171875,14207425,-0.009865797814488264,0.004850977865234363,-0.004191947753417025,0.015889830204068423,1315.5825134277343,1292.0639965820312,1202.4089959716796,-0.015911194318881883,0.002001470390686766,0.07671352156496636,0.00879605245923445,0.011842926324672997,12278362.8,1.1571107020880667,True,True
2024-12-31,1261.203857421875,1281.6500244140625,1289.949951171875,1280.0999755859375,1286.9000244140625,8449607,-0.010041323720581197,-0.011682621717783781,-0.017629248894031613,0.020137739737946525,1314.4325134277344,1293.0719970703126,1203.3317462158202,-0.024940412443224536,-0.008833207031107793,0.06508452755820149,0.009016834826906173,0.011769138868426015,12219523.15,0.6914841844708154,True,True
2025-01-01,1263.1719970703125,1283.6500244140625,1293.0,1267.0999755859375,1281.6500244140625,4705399,0.0015604884031539257,-0.010483696732270231,-0.018916233214749223,0.03541038468567259,1313.1950134277345,1293.4549975585937,1204.3102465820311,-0.0224985540697058,-0.007580451707278724,0.06587984952980896,0.008993026120710424,0.011633266284070026,11879329.3,0.39609971919879344,True,True
2025-01-02,1270.0111083984375,1290.5999755859375,1293.4000244140625,1278.4000244140625,1285.0999755859375,7433222,0.005414210290727306,-0.0052029137295442895,-0.019338225977689416,0.045951819474839395,1311.922509765625,1294.08599609375,1205.3697467041015,-0.016252891478702236,-0.002693809003679215,0.07070878385232815,0.008976407547289482,0.011627610055817326,11672476.35,0.6368161971045673,True,True
2025-01-03,1244.8687744140625,1265.050048828125,1288.0,1262.25,1286.199951171875,11194997,-0.019796937270367354,-0.03250353593584432,-0.053460494703984285,0.023006690768133886,1308.3500122070313,1294.0369970703125,1206.3107470703126,-0.03309509150832235,-0.022400401462874475,0.04869334199373476,0.009040017689289056,0.01192618482912131,11271691.35,0.9931958436743391,True,True
2025-01-06,1243.933837890625,1264.0999755859375,1277.75,1257.0,1268.050048828125,7504047,-0.0007510163278263704,-0.023597148458674333,-0.04865476907925681,0.016035004445119405,1305.1175109863282,1294.2869970703125,1207.211497192383,-0.03142823159992092,-0.023323282666599443,0.04712387061079215,0.009019518226233612,0.011903893023850455,11199760.1,0.670018547986577,True,True
2025-01-07,1258.842041015625,1279.25,1288.949951171875,1266.5,1266.5,7539758,0.011984830873080332,-0.0018726051327153659,-0.03255694414159449,0.028749497386409306,1302.9650085449218,1294.8169970703125,1208.1897473144531,-0.01820080231579313,-0.012022546124691558,0.0588154740126694,0.009553600123651348,0.011997771503009735,11176709.8,0.674595487842048,True,True
2025-01-08,1243.5894775390625,1263.75,1285.0,1252.3499755859375,1280.550048828125,7566309,-0.012116474496775442,-0.01550268689719081,-0.05013337864616774,0.03331970564186437,1299.6300109863282,1294.982998046875,1209.1067474365234,-0.027607865841061785,-0.02411846185933053,0.04519307553227048,0.00964476155322175,0.011905568618561667,11144114.55,0.6789511150529227,True,True
2025-01-09,1242.260986328125,1262.4000244140625,1264.75,1248.0999755859375,1258.0,8684920,-0.0010682299394164652,-0.021850264764705307,-0.049039529631591305,0.024883315944032924,1296.3750122070312,1294.3739990234376,1210.0127478027343,-0.026207684869771986,-0.024702268921886872,0.04329481379965494,0.009650105494750079,0.011876315796362828,11171457.25,0.7774205106500318,True,True
2025-01-10,1229.9111328125,1249.8499755859375,1264.949951171875,1243.0999755859375,1259.0,7854524,-0.009941419982109068,-0.012015392795145186,-0.0597329504713654,-0.004500218569543968,1292.405010986328,1292.7339990234375,1210.8422479248047,-0.032927012073338924,-0.03317312259899996,0.032215367218963564,0.009745651176414108,0.011689899208068004,11110338.65,0.7069563086630127,False,True
2025-01-13,1210.1317138671875,1229.75,1243.949951171875,1224.9000244140625,1234.9000244140625,9669336,-0.016081910612123274,-0.027173464321930352,-0.08561976527900672,-0.010779088726944552,1286.647509765625,1291.0859985351562,1211.5684979248047,-0.04422152091678122,-0.04750729122982278,0.015006582051561246,0.009506270075169567,0.011806120782441885,10916971.25,0.8857159901378324,False,True
2025-01-14,1220.5135498046875,1240.300048828125,1244.8499755859375,1227.449951171875,1233.3499755859375,10342698,0.00857901917310433,-0.03044748967901112,-0.07859737662632327,0.007350293464466917,1281.3575134277344,1290.0469995117187,1212.3609979248047,-0.032042161667884095,-0.03856212269973336,0.023045158126287157,0.009880469174496823,0.011792154449282876,10980555.85,0.9419102403636516,False,True
2025-01-15,1218.4962158203125,1238.25,1244.4000244140625,1230.0,1234.0,5355382,-0.001652865232136369,-0.020178041543026715,-0.07160262417994379,-0.020759193357058114,1276.5825134277343,1288.9759985351564,1213.100747680664,-0.03002744673731128,-0.03935371844999702,0.020731379786401938,0.009817610026037128,0.011255815279739016,10754362.1,0.49797300390322546,False,True
2025-01-16,1229.173095703125,1249.0999755859375,1255.5,1239.6500244140625,1245.0999755859375,11895924,0.00876234652609531,-0.010535526434497733,-0.049499712833113385,-0.007902841711057151,1273.330010986328,1288.4139990234376,1213.9277478027343,-0.01902887326249525,-0.030513502233985634,0.02897390544607492,0.009831293722406206,0.011303051654430888,10923628.55,1.0890084687107013,False,True
2025-01-17,1205.900390625,1225.449951171875,1249.0,1218.0,1243.3499755859375,9790533,-0.018933652130581957,-0.019522362596057663,-0.047750463964880474,-0.033175580929487136,1270.2575073242188,1286.9889990234376,1214.6362475585938,-0.03527438798352811,-0.047816296719131346,0.008902832955147266,0.009662051146923624,0.011524983947862132,10837290.0,0.90341155399551,False,True
2025-01-20,1213.2806396484375,1232.949951171875,1241.75,1215.25,1223.9000244140625,7676418,0.006120200986444058,0.0026021152038016027,-0.04303793246775589,-0.014900946610622468,1267.4850036621094,1285.6009985351564,1215.3344970703124,-0.027246912105826304,-0.040954423202279044,0.014494325754783155,0.009820470183660989,0.011445916782938362,8296551.85,0.9252540258637689,False,True
2025-01-21,1177.0677490234375,1196.1500244140625,1238.949951171875,1192.699951171875,1236.949951171875,20520898,-0.029847056421743234,-0.035596245001987104,-0.07761414298604985,-0.04518058318574136,1262.4525024414063,1283.95,1215.8169970703125,-0.05251879013200422,-0.06838270616919473,-0.016175931660472265,0.011374358604496985,0.012067829478819672,8981221.15,2.2848672421344394,False,True
2025-01-22,1181.2991943359375,1200.449951171875,1207.5,1191.800048828125,1201.0,10377123,0.0035948055595440565,-0.03052699279477089,-0.07461942480487571,-0.04380899449528941,1257.6125,1282.7819995117188,1216.4132470703125,-0.045453228898508,-0.06418241631951715,-0.01312325061970887,0.011462074297966484,0.012075028697668216,9143151.5,1.1349612876916673,False,True
2025-01-23,1182.5784912109375,1201.75,1207.9000244140625,1186.0,1197.25,8770650,0.001082967954520564,-0.037907274446728145,-0.07368865563261795,-0.07046446015103158,1252.832501220703,1281.4309985351563,1217.0359973144532,-0.040773607941149814,-0.06218126346735964,-0.012560020696334107,0.011482203991345462,0.011397160609856667,9214761.8,0.9518043103403931,False,True
2025-01-24,1189.90966796875,1209.199951171875,1218.0,1202.0,1203.0999755859375,9216792,0.006199252067297767,-0.01326043547062894,-0.07521708078738176,-0.09208997008848807,1247.9149963378907,1280.202998046875,1217.6877471923829,-0.031023783895239743,-0.05546233447611426,-0.006970420816073797,0.01139935802234724,0.010678206504306618,9437798.1,0.9765828747703345,False,True
2025-01-27,1208.3603515625,1227.949951171875,1234.6500244140625,1193.0999755859375,1195.0,16164687,0.015506120374739307,-0.004055314650240005,-0.05151977135471408,-0.06416954744164016,1244.5799926757813,1279.687998046875,1218.4104968261718,-0.013361970786749167,-0.04043020404502129,0.00782942560865374,0.012084643751781648,0.010757619271107133,9535661.2,1.6951826056907309,False,True
2025-01-28,1227.00830078125,1246.9000244140625,1264.0,1236.0,1247.3499755859375,18066499,0.015432284698657872,0.04242778829090432,-0.027113486004798237,-0.035093809700860956,1242.8424926757812,1279.4869995117188,1219.209246826172,0.0032647191918468987,-0.025468781714931166,0.0227120797024587,0.012587834329793251,0.010802159534385613,10016505.8,1.8036727937600754,False,True
2025-01-29,1231.682373046875,1251.6500244140625,1255.800048828125,1243.050048828125,1252.0,7666777,0.0038094473550371877,0.042650735411506435,-0.02492891317055579,-0.03108068036573086,1241.2424926757812,1279.4510009765625,1219.9322467041015,0.008384769132295355,-0.021728832554963384,0.025999622352514296,0.012624701131639302,0.010816721040796435,10164574.7,0.7542644160015864,False,True
2025-01-30,1235.5694580078125,1255.5999755859375,1259.8499755859375,1239.5,1250.0,11921041,0.003155795226164937,0.044809632274547484,-0.027119169891592354,-0.016911976520292527,1239.4924926757812,1279.5810009765626,1220.6632464599609,0.012995224259393368,-0.01874131092312481,0.028621103508519985,0.012572558837551274,0.010731994100674288,10388965.65,1.1474714039505944,False,True
2025-01-31,1232.814208984375,1252.800048828125,1256.0,1239.0999755859375,1254.5,10195417,-0.002229951268122532,0.03605697933910412,-0.009683411349098558,-0.0338550967817004,1238.8799926757813,1279.6260009765624,1221.4052465820312,0.011236000447693684,-0.020963900489646914,0.0257038377180292,0.011802202646664253,0.01053981381101568,10338986.65,0.9861137599979394,False,True
2025-02-01,1235.520263671875,1255.550048828125,1261.3499755859375,1233.800048828125,1251.1500244140625,3011914,0.002195082928494685,0.022476565620537015,-0.00676364759349779,-0.03593498493886549,1238.4524963378906,1279.1760009765626,1222.2912469482421,0.013805577961845117,-0.018469664948686293,0.027210210302104132,0.011816227794920904,0.010526547034654974,10114380.0,0.2977853313796792,False,True
2025-02-03,1233.0108642578125,1253.0,1260.0,1237.800048828125,1246.8499755859375,6176831,-0.0020310212488184876,0.0048921128129770786,-0.020519835841313228,-0.020098500158948207,1237.1399963378906,1278.217001953125,1223.2209967041015,0.0128198940370996,-0.019728263600463092,0.024344745042912397,0.011461308848929128,0.010272235445602693,10046233.65,0.6148404680992064,False,True
2025-02-04,1247.9683837890625,1268.199951171875,1280.5,1260.0,1262.800048828125,14839077,0.012130846904928161,0.013222487464545019,0.0035212274357072637,0.007427394659626163,1237.3624938964845,1277.482001953125,1224.2847467041015,0.02492192662013104,-0.007265895540648604,0.03587009034131783,0.011502906521899421,0.01019710311613001,10409872.05,1.4254812094448364,False,True
2025-02-05,1247.476318359375,1267.699951171875,1277.75,1265.1500244140625,1270.199951171875,6840709,-0.00039425959568750724,0.009636807758212074,0.004198294245338241,-0.001260614192623133,1237.627490234375,1276.822001953125,1225.2869964599608,0.024298475247834794,-0.007144340219150558,0.03461471054083787,0.011499861846640853,0.010141285745071893,10317661.5,0.6630096364374815,False,True
2025-02-06,1252.1014404296875,1272.4000244140625,1279.0,1263.199951171875,1275.0,8396554,0.0037075596933191513,0.015644935202765442,0.018042204479424395,0.0014166920059124344,1238.7549926757813,1276.5430029296874,1226.2157464599609,0.027160360149674156,-0.003245467255013512,0.037664071830290746,0.011264387604402343,0.010151657272615881,10344763.0,0.8116719542052341,False,True
2025-02-07,1236.8487548828125,1256.9000244140625,1275.0,1249.550048828125,1272.0,7382039,-0.012181703632973218,0.0010752065098460495,0.022077677913447946,0.0025525032837372397,1240.1124938964845,1275.67900390625,1227.0489965820314,0.013537102964611636,-0.014720771788737208,0.024327494594903465,0.010984190210918487,0.010127665683151117,10230398.15,0.7215788566352132,False,True
2025-02-10,1242.4576416015625,1262.5999755859375,1265.0,1249.3499755859375,1257.199951171875,5740361,0.004534928046112663,0.007661592646398541,0.017979461323800017,0.004495027354744607,1241.227490234375,1274.8380029296875,1227.878246459961,0.01721883016587622,-0.00959967251966598,0.028277827403556666,0.010876938536324097,0.01013888968191153,10000281.3,0.5740199528187272,False,True
2025-02-11,1232.764892578125,1252.75,1261.8499755859375,1248.4000244140625,1255.8499755859375,6586627,-0.007801343082844858,-0.01218258300483177,0.011710074702200757,-0.0005584197208836628,1241.952490234375,1273.7250024414063,1228.573246459961,0.008693979721871026,-0.016467449725178218,0.01967872376327784,0.011039987261631797,0.01018388125369176,10061843.55,0.6546143325792418,False,True
2025-02-12,1231.830078125,1251.800048828125,1269.75,1244.6500244140625,1257.199951171875,8809352,-0.0007582926935741918,-0.012542323070259598,0.002161614998768213,0.002161614998768213,1242.0874938964844,1272.4400024414062,1229.2927465820312,0.007819541682343,-0.016220767638301048,0.0183091475229753,0.010875389119030804,0.010174041824819246,9907514.95,0.889158587643615,False,True
2025-02-13,1228.976318359375,1248.9000244140625,1266.0,1245.9000244140625,1252.550048828125,7263785,-0.0023166834166346018,-0.018469034540314233,0.019135888185203065,-0.0013194389265817064,1243.2599975585938,1270.6880029296874,1229.7364965820314,0.004536482205286241,-0.017146599688822706,0.015583442375903145,0.00993350262158611,0.010177725579376089,9781177.55,0.742628887254991,False,True
2025-02-14,1239.9976806640625,1260.0999755859375,1263.5,1244.449951171875,1252.0999755859375,10368438,0.00896785247252252,0.002545907478493925,0.02202037835214421,-0.014044890697861412,1244.617498779297,1269.3150024414062,1230.2849963378906,0.012439546143152791,-0.007259842385652471,0.02423420535631604,0.010030757148472706,0.00983452864760607,9915778.55,1.045650419451935,False,True
2025-02-17,1231.1904296875,1251.1500244140625,1258.1500244140625,1233.25,1251.1500244140625,8386151,-0.007102572292101983,-0.009068550129316622,0.045980854305413654,-0.03827966380486314,1247.367498779297,1267.892001953125,1230.8434967041017,0.0030324067594089676,-0.013204576977591365,0.01649805825382078,0.00723180505715709,0.00958098231446955,9309041.2,0.9008608749094376,False,True
2025-02-18,1223.2196044921875,1243.050048828125,1257.5999755859375,1237.050048828125,1252.9000244140625,8135042,-0.006474024240003429,-0.007742926499201719,0.03548677528343758,-0.047434694555268164,1249.4975036621095,1266.14400390625,1231.3484967041015,-0.005160038187421612,-0.018239595975557688,0.009503038461771363,0.007481263187747672,0.009598114972230296,9196937.15,0.8845381747552771,False,True
2025-02-19,1241.5228271484375,1261.6500244140625,1264.449951171875,1230.25,1234.8499755859375,10683412,0.01496317513801837,0.00786864930637976,0.04984399784819016,-0.030022240504145592,1252.4925048828125,1264.8270043945313,1231.9252465820311,0.007311436591875609,-0.0025117901257885045,0.024128718779408587,0.008037172566581966,0.009803929821351285,9292575.25,1.1496718307446583,False,True
2025-02-20,1230.009521484375,1249.949951171875,1264.0,1246.75,1255.3499755859375,8398849,-0.009273628197820738,0.0008406811892769372,0.03369996828110011,-0.02829713927384514,1254.5300048828126,1263.2410034179688,1232.5154962158203,-0.0036508124103140638,-0.010521390779852813,0.014145424548075436,0.008395569939766222,0.009774367667761512,9251678.1,0.9078189825908448,False,True
2025-02-21,1213.2806396484375,1232.949951171875,1244.699951171875,1224.550048828125,1241.0999755859375,7786428,-0.013600544553053373,-0.02154592884698525,0.004071827190699651,-0.05164989283520205,1254.7800048828126,1261.002001953125,1233.0652459716796,-0.017397514804179837,-0.02224584159089449,-9.350259459606214e-05,0.008397672834717788,0.00980893555364579,8832765.15,0.8815391180190044,False,True
2025-02-24,1198.9136962890625,1218.3499755859375,1231.9000244140625,1210.25,1226.699951171875,11522480,-0.011841498977359755,-0.026215919904158502,-0.022896822735680944,-0.06614804523296092,1253.3525024414062,1258.447001953125,1233.57849609375,-0.027927120891598545,-0.03186230830933401,-0.01234499511464815,0.008005519594562081,0.009893585572168921,8505564.2,1.354699080397277,False,True
2025-02-25,1204.6212158203125,1224.1500244140625,1231.6500244140625,1221.0,1226.5999755859375,11059417,0.004760576964213836,-0.015204556270184244,-0.021970997853712038,-0.06439162215525751,1251.9775024414062,1256.2550024414063,1234.1139959716797,-0.022226819549935217,-0.0255560996493156,-0.008073785395952937,0.0080391425069825,0.009909385425488705,8675196.2,1.2748319167697904,False,True
2025-02-27,1202.9482421875,1222.449951171875,1234.8499755859375,1218.449951171875,1225.1500244140625,12008162,-0.0013887785061322822,-0.03107048110302446,-0.026401740250586392,-0.07112198942555115,1250.320001220703,1254.4210009765625,1234.586245727539,-0.02229033369186939,-0.025486698468694446,-0.009830252521979332,0.007977118053714136,0.009867844838451299,8679552.25,1.3835001684562702,False,True
2025-02-28,1184.8909912109375,1204.0999755859375,1225.0,1200.0999755859375,1216.0,20215075,-0.01501081951727079,-0.03668144915958549,-0.03887298159649799,-0.09906473955410589,1247.8849975585938,1252.765,1235.0039953613282,-0.035087385502926005,-0.03884609197579958,-0.025023416840322832,0.0085465796430213,0.009778266248687233,9180535.15,2.20194952360702,False,True
2025-03-03,1186.9573974609375,1206.199951171875,1217.0,1204.1500244140625,1210.5,8158881,0.0017440209521768502,-0.02169593337878406,-0.039305559903654363,-0.0922295757878645,1245.4174926757812,1251.1209985351563,1235.4132452392578,-0.03148947379857914,-0.03590463865275706,-0.023646576706181532,0.008535665672931361,0.009773031744913379,9437883.5,0.864482063165963,False,True
2025-03-04,1191.0904541015625,1210.4000244140625,1216.6500244140625,1206.25,1207.1500244140625,9574490,0.00348207047936544,-0.006525178586761715,-0.033998384346318855,-0.08462528948193926,1243.2874938964844,1249.392998046875,1235.8099951171876,-0.02645202307903216,-0.031209534304873277,-0.02056138953684017,0.008622117190731719,0.009784716801556105,9607766.45,0.9965365051104048,False,True
2025-03-05,1196.3057861328125,1215.699951171875,1225.949951171875,1211.300048828125,1217.0,9052846,0.004378657180198031,-0.006902808539526961,-0.041397257547193256,-0.0862490166570542,1240.6624938964844,1247.7619970703124,1236.2359948730468,-0.020120333166686488,-0.02569564225687082,-0.016611750334353248,0.008128066976013138,0.009763946406103995,9318454.9,0.9714964655782151,False,True
2025-03-06,1198.618408203125,1218.050048828125,1227.949951171875,1209.0,1227.949951171875,11949475,0.0019331230983308245,-0.003599249474002697,-0.03916534215991185,-0.0824481741407721,1238.179998779297,1246.1759985351562,1236.7214953613282,-0.01625769271916666,-0.022569805340571847,-0.015097535381438432,0.008170028083020014,0.009773152378982124,9573893.2,1.2481312200140273,False,True
2025-03-07,1195.17431640625,1214.550048828125,1217.8499755859375,1206.300048828125,1211.0999755859375,6620284,-0.002873445145679665,0.008678742175957765,-0.04546524243629857,-0.0862892241277976,1235.2875,1244.3159985351563,1237.238745727539,-0.016787550405775953,-0.023921535801253557,-0.01833817197995391,0.008061390124522333,0.009768475410190016,9485079.7,0.6979681994659466,False,True
2025-03-10,1195.469482421875,1214.8499755859375,1225.800048828125,1208.0,1208.0,7363437,0.00024694474970532454,0.007171302241936406,-0.03345536479540423,-0.0966986738547978,1233.1849975585938,1242.7199975585938,1237.6404956054687,-0.014868022242368495,-0.022426630316892626,-0.018414491203587957,0.007731256345292016,0.009616047418682805,9484149.6,0.7763940163913062,False,True
2025-03-11,1225.5321044921875,1245.4000244140625,1248.0,1217.199951171875,1217.199951171875,10927950,0.02514717820477408,0.028916060223101114,-0.013622644942546391,-0.07480867171700367,1232.325,1241.9949975585937,1238.2077459716797,0.010610045575690119,0.00274157855882029,0.005808620133238351,0.00972017234498036,0.010215765456021484,9743529.05,1.1215597494421181,False,True
2025-03-12,1224.105224609375,1243.949951171875,1251.949951171875,1235.300048828125,1246.949951171875,11548372,-0.0011643433545537318,0.023237641798676156,-0.007024584975553805,-0.06732899630974698,1231.8849975585938,1241.20099609375,1238.7784954833985,0.00979389605132952,0.002214754166953048,0.004174641154436998,0.009575057614965883,0.010162564612544285,9991616.3,1.155806193238225,False,True
2025-03-13,1230.1080322265625,1250.050048828125,1255.5999755859375,1245.300048828125,1251.050048828125,8132940,0.00490381277036378,0.02627149847478516,-0.0013979868443353416,-0.04877675637872292,1231.7974975585937,1240.3899975585937,1239.3939959716797,0.014817818111911851,0.007787914517647598,0.008597792865771448,0.009644529410752178,0.010032650083726124,9957795.7,0.81674099821108,False,True
2025-03-17,1248.755615234375,1269.0,1273.949951171875,1254.75,1257.050048828125,11164812,0.015159353971178957,0.04483137703910334,0.01609414300025147,-0.013909413376701596,1232.8024963378907,1240.4689965820312,1240.2289959716798,0.02936196492920473,0.02300017452800729,0.023198138506493438,0.01020164403037035,0.009891950104881257,10152847.05,1.099673022258323,False,True
2025-03-18,1248.755615234375,1269.0,1269.0,1269.0,1269.0,0,0.0,0.044573425116089194,0.007062951024916941,-0.015057454242819679,1233.2474975585938,1240.5669970703125,1241.0054962158204,0.028990533134819918,0.022919361063799215,0.022557920871054016,0.01002145243127915,0.009890396806517779,9634425.15,0.0,False,False
2025-03-19,1292.152099609375,1313.0999755859375,1318.300048828125,1302.1500244140625,1305.5999755859375,11278014,0.034751753810825514,0.05436000469305169,0.04951440671624274,0.012569344651507608,1236.3449951171874,1241.2439965820313,1241.9657458496094,0.062082170245267854,0.05789029328784134,0.057275516634853973,0.012448569549837417,0.010841558056146694,9779018.3,1.1532869306523335,False,False
2025-03-20,1300.6148681640625,1321.699951171875,1324.25,1311.050048828125,1320.0,10886735,0.006549368475998962,0.06250251461222756,0.06327171011166977,0.018847524510984703,1240.277490234375,1242.4029956054687,1242.7742456054686,0.06564858394883366,0.06382547035614805,0.06350767715495631,0.012294539512427635,0.010871871214314818,9916602.95,1.0978290705891376,False,False
2025-03-21,1321.6734619140625,1343.0999755859375,1349.0,1311.5999755859375,1316.0,60494318,0.01619128789033275,0.07443696102011543,0.06455827653925028,0.035264193055799975,1244.3499877929687,1244.0169946289063,1244.132495727539,0.07935869229855164,0.0796476104304249,0.07954737955825575,0.01235957617489628,0.011061905659461755,12407148.25,4.87576329234238,True,False
2025-03-24,1336.4835205078125,1358.1500244140625,1373.0,1345.050048828125,1355.949951171875,9352280,0.011205456854810336,0.07025218629949759,0.08656352451611826,0.03869830881906755,1249.759991455078,1246.1829956054687,1245.3799957275392,0.08672867886640168,0.08984798316413678,0.09055069864089482,0.01211731014493036,0.011107239812595647,12454819.8,0.7508964521509978,True,True
2025-03-25,1322.263916015625,1343.699951171875,1363.800048828125,1330.050048828125,1359.0,16419207,-0.010639526548933076,0.05886520974931053,0.08982521950281597,0.03788663023430727,1255.2974914550782,1248.4619946289063,1246.5464953613282,0.07042351340503772,0.0762842256734273,0.07793809229906468,0.011904220091821632,0.011120148667332644,12886458.75,1.2741442252317767,True,True
2025-03-26,1314.58837890625,1335.9000244140625,1358.0,1331.5,1344.050048828125,10859639,-0.005804812860944142,0.017363528483770763,0.09648299026032481,0.042328247935548236,1261.1749938964845,1250.373994140625,1247.617495727539,0.0592503267819402,0.06840035915191844,0.0707608934540005,0.01154239118392364,0.011064223684145788,12853316.7,0.8448900197098544,True,True
2025-03-27,1315.326416015625,1336.6500244140625,1351.5,1333.1500244140625,1333.1500244140625,15109614,0.0005614192576490762,0.011311245966932226,0.09190050055657828,0.041288512438732994,1266.7999938964845,1252.3419946289061,1248.6817456054687,0.055138957099873265,0.06732029281677043,0.07044891872423364,0.01157895516322829,0.011063737018220226,13055826.55,1.1573081139010688,True,True
2025-03-28,1326.8397216796875,1348.3499755859375,1357.949951171875,1327.199951171875,1336.0,8266544,0.0087531896593529,0.003908867616284173,0.10298992142244456,0.04474663032112747,1273.0949951171874,1254.3269946289063,1249.832495727539,0.05911183435437417,0.07495890733408639,0.07882454664538918,0.011530912613792582,0.01109602403912901,12868745.65,0.6423737188402663,True,True
2025-04-01,1297.4166259765625,1318.449951171875,1352.3499755859375,1315.4000244140625,1340.0,14288024,-0.02217526974112871,-0.029230992547612744,0.0949671770654199,0.0422116914609163,1278.8124938964843,1256.1869946289062,1250.8269952392577,0.030995519252879022,0.0495650383336137,0.054062597137729984,0.01227197318421057,0.011174783957554868,12572393.1,1.1364601700212509,True,True
2025-04-02,1310.0125732421875,1331.25,1337.949951171875,1322.1500244140625,1322.1500244140625,8042214,0.009708407070551317,-0.009265425038541553,0.10367273577372771,0.05312081774460675,1285.0649963378905,1258.1529956054687,1251.946495361328,0.03593981922605094,0.05809866101328498,0.06334416441317958,0.012303003228965737,0.011232394792215028,12566559.75,0.6399694236125364,True,True
2025-04-03,1308.3397216796875,1329.550048828125,1333.0,1321.25,1321.949951171875,4591008,-0.0012769586267605826,-0.004753331439396158,0.09843855090117115,0.03931995218145401,1291.0224975585938,1260.82099609375,1253.0659954833984,0.0298426645100216,0.05451134851601447,0.061037530042638455,0.012380007851375425,0.011141183294869074,12317385.65,0.37272584706317125,True,True
2025-04-04,1313.998046875,1335.300048828125,1338.550048828125,1322.0999755859375,1329.550048828125,8648542,0.004324771380413983,-0.0010099693721468128,0.09837961870522527,0.056617249319980134,1297.0025024414062,1263.517998046875,1254.1282458496094,0.02952773515442697,0.05681126101267231,0.06472368615183033,0.012380105148317798,0.011022068500028225,12297170.45,0.7032952852987413,True,True
2025-04-07,1267.009765625,1287.550048828125,1325.0,1265.0,1295.25,19185012,-0.03575975305468304,-0.045092096161006956,0.057058410749923905,0.019922389042835942,1300.4775024414062,1265.2339990234375,1254.8437463378907,-0.009940543830256443,0.017637883444415747,0.026064043898440525,0.015348635822059302,0.01199794399965993,12658947.3,1.5155298102868315,True,True
2025-04-08,1279.1627197265625,1299.9000244140625,1310.050048828125,1287.3499755859375,1299.8499755859375,13085762,0.009591841184874994,-0.014069496336455378,0.07027291766880128,0.040044845226053116,1304.7450012207032,1267.0480004882813,1255.5592462158204,-0.0037133514994177608,0.025928002659031835,0.03531556024288185,0.015355350524260684,0.011977580252364922,12982221.2,1.0079755843322098,True,True
2025-04-09,1280.04833984375,1300.800048828125,1305.0999755859375,1284.5,1304.949951171875,13005622,0.0006923797193312264,-0.022873202758215916,0.0707495369547444,0.057776010431490166,1309.0425048828124,1268.5050024414063,1256.2699963378907,-0.006296553415143125,0.0254591399518036,0.03544624373744676,0.015350685287268687,0.011772642232246095,13264330.45,0.9804959284620356,True,True
2025-04-11,1290.7252197265625,1311.6500244140625,1325.0,1305.0999755859375,1305.0999755859375,13064247,0.008341001828614747,-0.013463219703417462,0.0531957593554484,0.05752638295334367,1312.3550048828124,1269.8000024414061,1256.9777465820312,-0.0005371873206007072,0.032957963373911214,0.043495024459021536,0.01454421413602086,0.011770086596667012,13371145.3,0.9770477178196545,True,True
2025-04-15,1328.66015625,1350.199951171875,1354.300048828125,1336.199951171875,1351.0,15202603,0.029390406007908654,0.01115846760945316,0.08541340421285137,0.09040981318140529,1317.6675048828124,1271.7710009765624,1257.7389965820312,0.02468941987907325,0.06166908203999699,0.0735136263096805,0.015677974469607402,0.012320864883953009,13553856.85,1.1216440580896352,True,True
2025-04-16,1334.7613525390625,1356.4000244140625,1359.699951171875,1342.9000244140625,1357.0,14039073,0.004591966720785434,0.053473630519141224,0.08507657408248304,0.08590189010114413,1322.9850036621094,1273.787001953125,1258.4309967041015,0.025257293665051472,0.06485622975761673,0.07785013875734714,0.01567741722726909,0.012291033365358231,13849163.5,1.0137127054641242,True,True
2025-04-17,1384.2589111328125,1406.699951171875,1408.9000244140625,1360.0999755859375,1362.0,17490424,0.03708340154265399,0.0821601082790604,0.10851059982023248,0.14790485717239932,1329.8700012207032,1276.865,1259.3649963378907,0.057772526548195424,0.10168259852989547,0.1169914641604457,0.0171781403875307,0.012832149761079855,14165444.1,1.2347247199966007,True,True
2025-04-21,1387.3094482421875,1409.800048828125,1436.0,1404.699951171875,1436.0,16882426,0.002203808746611191,0.08379458480048241,0.11095354517582745,0.1434365583843531,1336.9100036621094,1279.95,1260.4159967041016,0.054521280390118054,0.10144931351078168,0.1185196415426748,0.017149370856354575,0.012822771984959848,15009565.4,1.1247778033599827,True,True
2025-04-22,1393.9024658203125,1416.5,1418.800048828125,1398.9000244140625,1412.800048828125,16135274,0.004752412356237468,0.07993746322139228,0.07874497474415287,0.18421600224760826,1342.0800048828125,1283.22,1261.439246826172,0.05545123602648827,0.10386371783482184,0.12292367909430979,0.015698920156376524,0.012109966820660803,15252428.4,1.0578822976149818,True,True
2025-04-23,1401.676513671875,1424.4000244140625,1429.9000244140625,1411.300048828125,1429.0,13990764,0.005577143956274178,0.05495487774072805,0.07770301659701917,0.18655511045968076,1347.2150085449218,1286.3440014648438,1262.6082470703125,0.05729227731251707,0.1073243415385039,0.1281409160118847,0.015691834741772135,0.012114614944521157,15407629.85,0.9080412844938639,True,True
2025-04-24,1380.32275390625,1402.699951171875,1421.199951171875,1398.800048828125,1416.300048828125,15678099,-0.015234535853868691,0.034134418994730575,0.044374936095086026,0.16721443825410853,1350.1950073242188,1289.0440014648439,1263.6137469482421,0.03888693378574204,0.08817072929851477,0.1100701892168714,0.01596370086897066,0.01233780783503466,13166818.9,1.1907279289760717,True,True
2025-04-25,1382.3892822265625,1404.800048828125,1414.800048828125,1388.4000244140625,1410.0,11705093,0.0014971823835137066,-0.0013506095185169542,0.034348211593331346,0.16175992851032417,1352.5275085449218,1291.692001953125,1264.4727471923827,0.038648042241624436,0.08756580260926983,0.11097692848447949,0.015825479191747965,0.012329843956865863,13284459.55,0.8811117197462504,True,True
2025-04-28,1406.00634765625,1428.800048828125,1435.0,1403.800048828125,1405.5999755859375,10948561,0.01708428186632016,0.013477088482011013,0.06333266409813598,0.1635653777782815,1356.7825134277343,1295.1300024414063,1265.4497473144531,0.05307964591793546,0.10320975202083327,0.12908477943145114,0.01589175922501133,0.012359541082691794,13010927.25,0.8414896793770021,True,True
2025-04-29,1406.990478515625,1429.800048828125,1438.300048828125,1422.5999755859375,1428.800048828125,10786910,0.0006998879939990044,0.00938937439331089,0.07028970933303769,0.14668379247166197,1361.4775146484376,1298.47400390625,1266.423497314453,0.05018263867349271,0.1011387555906409,0.12900625411651334,0.015763923042991672,0.012246165976446679,13007290.8,0.8292972122988131,True,True
2025-04-30,1404.2349853515625,1427.0,1433.699951171875,1400.0,1433.0,14192027,-0.0019583499318103215,0.0018253127923155699,0.06759433953217742,0.1400950522635307,1365.9950134277344,1301.95900390625,1267.3172473144532,0.04465974324399902,0.09604065544198481,0.12600061509770133,0.015798846627518355,0.012257206760082618,12961411.45,1.0949445633098855,True,True
2025-05-02,1407.2855224609375,1430.0999755859375,1446.5999755859375,1424.5999755859375,1426.9000244140625,8842434,0.0021723725199280786,0.019533774412105354,0.06062965956926347,0.13897738403393012,1370.0825134277343,1305.5250024414063,1268.2517474365234,0.04380572817329731,0.09542136145349112,0.1276152218804767,0.015749817694547866,0.012256647694040133,12990205.95,0.6807000623419678,True,True
2025-05-05,1406.5968017578125,1429.4000244140625,1446.800048828125,1426.0,1440.0,4565705,-0.000489442125602646,0.017511371533947884,0.08415190363773162,0.14096421512046553,1375.6300170898437,1309.1350024414062,1269.2064978027345,0.03908755018153043,0.09186601973698205,0.12621549518431951,0.014627144201477232,0.012247934180525992,12504090.0,0.365136927197421,True,True
2025-05-06,1408.7615966796875,1431.5999755859375,1433.699951171875,1420.4000244140625,1429.0,6301690,0.0015390731315936268,0.001959635121869585,0.07538026335093906,0.1402173708026453,1380.6475158691405,1312.5650024414062,1270.1999975585939,0.03690475601567389,0.09068882144741242,0.12706658663010928,0.014577725258128317,0.01224829842871288,12417063.8,0.5075024258150305,True,True
2025-05-07,1412.5010986328125,1435.4000244140625,1442.0,1421.0,1425.0,10480453,0.002654406882460103,0.003916614487827985,0.07961338174462429,0.14557064997131874,1385.9400146484375,1316.2500024414062,1271.2272479248047,0.0356869772449504,0.09052233371445739,0.12914510506068777,0.014532935838370434,0.0122353877572675,12711536.05,0.8244835996826677,True,True
2025-05-08,1412.599365234375,1435.5,1448.9000244140625,1426.0999755859375,1438.5999755859375,15306490,6.96499820518337e-05,0.0059565522074280786,0.07503927769628382,0.1319192992189695,1390.9500122070312,1320.0990014648437,1272.2052478027344,0.032028460693767746,0.08741844241007835,0.12835566625691652,0.014558096048896602,0.012170727716411332,13044433.45,1.1734116363635556,True,True
2025-05-09,1366.742919921875,1388.9000244140625,1419.9000244140625,1387.0,1415.199951171875,13491197,-0.03246253959312961,-0.02880914053228667,0.07871536774681664,0.09560627743982231,1396.017510986328,1322.6440014648438,1272.898247680664,-0.0050984221302760035,0.050093617689899395,0.09113201070451948,0.014098850369183477,0.01296229153296164,12759742.7,1.0573251606397989,True,True
2025-05-12,1425.39208984375,1448.5,1453.0,1404.0,1409.4000244140625,9925445,0.04291163837446188,0.013362232586897393,0.1143164649550028,0.13839985241043284,1403.447509765625,1326.6150024414062,1273.8974975585938,0.03210130049103066,0.09187669168092127,0.13706165745362497,0.01656161230583632,0.014015369954863474,12601726.85,0.7876257847947244,True,True
2025-05-13,1407.777587890625,1430.5999755859375,1447.9000244140625,1427.4000244140625,1440.0999755859375,12475424,-0.012357628176777657,-0.000698519151336785,0.0997846877963664,0.1381971101900885,1409.9375061035157,1330.5680029296875,1274.8447473144531,0.014654883207926295,0.07517990244466755,0.12217584031278572,0.017014198636054054,0.0140184602472689,12575216.95,0.9920643158367141,True,True
2025-05-14,1403.44775390625,1426.199951171875,1440.699951171875,1417.300048828125,1429.9000244140625,8026837,-0.003075649719804008,-0.006409414160309046,0.08733269136253319,0.12957387830616374,1415.6650024414062,1334.7250024414063,1275.8419970703126,0.00744169610204426,0.06853467835183102,0.11784998020666038,0.017084164960730393,0.014031914530685316,12323346.45,0.6513520521854679,True,True
2025-05-15,1427.6553955078125,1450.800048828125,1456.5,1415.5,1425.9000244140625,18209264,0.017248701793908028,0.010658341224747403,0.07450755539498899,0.1580922361429855,1420.6950073242188,1339.2580029296876,1276.9809973144531,0.021190362005006902,0.08328645089626807,0.1361171794092637,0.016346676950458407,0.014103920669579146,12473679.5,1.4598149647824445,True,True
2025-05-16,1430.8043212890625,1454.0,1458.699951171875,1447.0,1453.300048828125,6439208,0.0022056458948012114,0.04687160662510714,0.07195515617017101,0.16152735523629747,1425.5750061035155,1343.88900390625,1278.2614971923829,0.019939318362614644,0.08193459115573742,0.1374824346924437,0.016348727675613076,0.014097338218557598,12093686.25,0.5324437782566089,True,True
2025-05-19,1425.8841552734375,1449.0,1459.699951171875,1443.800048828125,1446.5,6005334,-0.00343878954607979,0.00034518467380051376,0.03007041323409898,0.16022097179461348,1427.690008544922,1348.7870043945313,1279.4704974365234,0.014926203396770088,0.07429860702910185,0.13249973555712047,0.014373098422922847,0.014104708279308978,11519431.75,0.5213220695543423,True,True
2025-05-20,1415.25634765625,1438.199951171875,1459.0,1435.5,1450.199951171875,11352383,-0.007453449846877125,0.00531243933708625,0.020144631408799407,0.14133797241216706,1429.1100036621094,1353.4270043945312,1280.5979974365234,0.0063605653074099155,0.06263577311675395,0.12306903028962735,0.01451257793805682,0.014137884374413436,11242929.6,1.0097353095584625,True,True
2025-05-21,1421.652587890625,1444.699951171875,1451.300048828125,1438.5,1442.9000244140625,5510460,0.004519538465220796,0.012971533188455897,0.019908190026032502,0.15469761657756087,1430.520001220703,1358.1130029296876,1281.7742474365234,0.009912444383211483,0.0637553340962087,0.12710951562741557,0.014509583974515468,0.014086349932408366,10711688.9,0.5144342830942373,True,True
2025-05-22,1419.0941162109375,1442.0999755859375,1445.300048828125,1427.800048828125,1441.0999755859375,7245933,-0.0017996647565665658,-0.005996741762736346,0.01242625025870514,0.1601302593933891,1431.4049987792969,1362.6410034179687,1282.9102471923827,0.007471663726032363,0.058312476997726126,0.12408485218816945,0.014483130521787624,0.014048768069629068,10374447.35,0.6984403848750556,True,True
2025-05-23,1426.67138671875,1449.800048828125,1451.800048828125,1434.4000244140625,1442.199951171875,5203706,0.005339486424343676,-0.0028885496367778707,0.03357817016882381,0.1491301238641385,1433.7600036621093,1367.2760034179687,1284.1087475585937,0.01118739895452947,0.060356537527068044,0.1290321412299007,0.014013578885339467,0.013959591135506351,9850727.7,0.5282559987928608,True,True
2025-05-26,1437.2989501953125,1460.5999755859375,1471.5999755859375,1455.0,1458.0,5608725,0.0074492525824800815,0.008005504200094826,0.03972090320210375,0.16852676718501414,1436.55,1372.197001953125,1285.428997192383,0.01674148173466805,0.06442440371680136,0.13627433236387287,0.014071115274960942,0.01388903129914718,9545909.3,0.5875527227144302,True,True
2025-05-27,1423.3255615234375,1446.4000244140625,1463.0,1435.699951171875,1452.5,14842959,-0.00972199877394797,0.0057016225285684285,0.012318011607273194,0.1731214418227689,1437.429998779297,1376.8280029296875,1286.7979974365235,0.006240321714715336,0.050530655489528176,0.12403036630107289,0.01383772758376865,0.013820768025395736,9740629.2,1.5238193237044688,True,True
2025-05-28,1430.6075439453125,1453.800048828125,1458.0,1442.5,1447.5999755859375,8618343,0.0051161672353126075,0.006298953390888151,0.0167855638413712,0.19325323425968244,1438.6299987792968,1380.9960034179687,1288.2327478027344,0.010544789182555858,0.05271850550614632,0.12852281647690567,0.013872873414489818,0.013689920539277704,9632200.85,0.8947428665796561,True,True
2025-05-29,1433.264404296875,1456.5,1462.9000244140625,1445.0,1456.5999755859375,15545514,0.0018571681670056517,0.009985455001628285,0.020672740014015423,0.18980514720583486,1440.104998779297,1385.2470043945314,1289.652998046875,0.011384587397863521,0.051437032803122396,0.12937356188510218,0.01385738467303667,0.013688869859528897,9699875.2,1.6026509289521582,True,True
2025-05-30,1422.7352294921875,1445.800048828125,1460.9000244140625,1444.300048828125,1459.9000244140625,11803975,-0.007346344779866065,-0.0027590011486295918,0.010978304671150685,0.18270694635975926,1440.8900024414063,1389.1620043945313,1291.0589984130859,0.0034076483134724,0.04077137458008684,0.11985590945513724,0.013982029484017854,0.013742688456322169,9847952.25,1.198622282109461,True,True
2025-06-02,1427.360107421875,1450.5,1460.0,1432.800048828125,1442.0,9458990,0.003250761525208423,-0.006914949852635521,0.014761421033686384,0.20463419102235236,1441.945001220703,1392.7920043945312,1292.4534985351563,0.005932957756401569,0.04143331913407655,0.12228409118314176,0.013991162265459904,0.013540176866272638,10092616.5,0.937218807432146,True,True
2025-06-03,1414.961181640625,1437.9000244140625,1455.0,1432.0,1454.9000244140625,11167345,-0.008686642941011735,-0.005876659192842193,0.004400704760801899,0.19209093236745778,1442.2600036621093,1396.1700048828125,1293.778998413086,-0.0030230188987950823,0.029888924260876637,0.11139539765118434,0.014149648581265892,0.013625843585045542,10335899.25,1.0804425168908258,True,True
2025-06-04,1408.171142578125,1431.0,1440.0999755859375,1426.4000244140625,1437.4000244140625,8025388,-0.004798681616876799,-0.015683070616556605,-0.0030653645946945307,0.1822537765502168,1442.0400024414062,1398.5280053710937,1295.0922485351562,-0.007655822600423856,0.023218694587592514,0.1049405952499256,0.014182871267248145,0.013663007446426814,10213146.0,0.7857900004562747,True,True
2025-06-05,1431.5916748046875,1454.800048828125,1459.0,1427.300048828125,1430.9000244140625,11385668,0.016631760187368894,-0.0011671480754377184,0.013444826769853702,0.1966768999421027,1443.0050048828125,1401.1900073242186,1296.5579986572266,0.00817394527766746,0.03826036527785592,0.12204779912258523,0.014666039710678761,0.01377680055215644,10017104.9,1.1366226183774915,True,True
2025-06-06,1436.413330078125,1459.699951171875,1461.4000244140625,1442.0999755859375,1448.5999755859375,11580994,0.003368093331930444,0.009613986633225213,0.05097553856526216,0.1983907825267437,1446.5450012207032,1403.5220068359374,1297.920248413086,0.00909404819073778,0.040026407895508376,0.12464533391523114,0.012407465412684766,0.013776004023852671,9921594.75,1.1672512627065321,True,True
2025-06-09,1411.91064453125,1434.800048828125,1466.800048828125,1433.4000244140625,1465.0,11022031,-0.017058233319635185,-0.010823820180541177,-0.009458026352692439,0.1813428769053289,1445.8600036621094,1405.0550073242186,1299.2147485351563,-0.0076493953812758475,0.02117001921551287,0.10435942206308768,0.008890787572443092,0.014000379926056416,9976424.05,1.1048077893200619,True,True
2025-06-10,1400.200439453125,1422.9000244140625,1441.699951171875,1416.5,1439.0,12905272,-0.008293855595963961,-0.010431879647621822,-0.005382323013616186,0.17125575421588968,1445.4750061035156,1406.6390087890625,1300.4319989013673,-0.015617690789623051,0.01156019101091088,0.09417487851433903,0.008647127089126563,0.014070818668100258,9997916.45,1.290796143830548,True,True
2025-06-11,1408.171142578125,1431.0,1434.5,1418.5999755859375,1421.800048828125,7136877,0.0056925823648594776,0.0,0.003365621225958515,0.14902840207768486,1445.7150085449218,1408.5410083007812,1301.7127490234375,-0.010178360505319839,0.0159448617873843,0.09932087634046427,0.00871747955901563,0.013766467000285288,9953418.45,0.7170277262883488,True,True
2025-06-12,1402.4637451171875,1425.199951171875,1436.5,1420.0,1430.5,7953247,-0.0040531438351677496,-0.020346505817135152,-0.017645503718398903,0.1457052189513346,1444.4350036621095,1410.3120068359376,1302.883248901367,-0.013316661837651012,0.010556489814859349,0.09388155260546127,0.007775842208085949,0.013784222551816301,9440617.6,0.8424498626022094,True,True
2025-06-13,1393.5089111328125,1416.0999755859375,1421.5,1403.5999755859375,1403.5999755859375,7573103,-0.0063850518507631016,-0.029869135469200114,-0.026066041550249275,0.13283462283248415,1442.5400024414062,1411.6670068359374,1303.9462487792969,-0.018328799763417725,0.0031402368466031394,0.08601100460362887,0.00783457669095187,0.013825928847858358,9497312.35,0.7973943280911467,True,True
2025-06-16,1404.1365966796875,1426.9000244140625,1429.0,1414.199951171875,1416.5999755859375,5451137,0.007626614655971808,-0.00550601069501977,-0.015251881011689061,0.12442870324197197,1441.4350036621095,1413.8360083007813,1305.0142486572265,-0.010083686889189925,0.009240121228049736,0.0933980421150562,0.008062290493369111,0.013739954599720553,9469602.5,0.5756458098425989,True,True
2025-06-17,1400.4957275390625,1423.199951171875,1429.800048828125,1417.800048828125,1426.9000244140625,6970098,-0.0025930851348235917,0.00021078554548203954,-0.010429704150509589,0.1215129638864263,1440.6850036621095,1415.6750073242188,1305.9984985351562,-0.012136624207088165,0.00531544585355026,0.08974087854478796,0.007921210601976095,0.013750582579223425,9250488.25,0.7534843363538135,True,True
2025-06-18,1390.0648193359375,1412.5999755859375,1432.0,1410.199951171875,1417.0,6751745,-0.007447987598094952,-0.012858158220868221,-0.02221912969533879,0.07577488527147413,1439.0800048828125,1417.336005859375,1306.9422485351563,-0.01840066515206107,-0.0033415014180536717,0.08084345514823177,0.007974369950777714,0.013111658052990837,9312552.5,0.7250155099796752,True,True
2025-06-19,1388.78564453125,1411.300048828125,1414.699951171875,1404.699951171875,1408.0,8849883,-0.0009202369958085654,-0.009752948933460681,-0.02135769175455271,0.06779155706013817,1437.5400085449219,1418.856005859375,1307.8892486572265,-0.018253376991821613,-0.005325386790517528,0.07906693955705157,0.007972690609638936,0.01309644656381224,9392750.0,0.9422036144898991,True,True
2025-06-20,1404.33349609375,1427.0999755859375,1433.300048828125,1410.199951171875,1411.300048828125,12408178,0.011195299519001667,0.007767813141475788,-0.01565738203729261,0.06254188186054765,1436.4050048828126,1421.6470043945312,1308.878748779297,-0.006477998381545724,0.003835671706513777,0.0903225198796278,0.008319614810291646,0.013015003018263594,9752973.6,1.2722456256828174,True,True
2025-06-23,1397.445068359375,1420.0999755859375,1423.199951171875,1411.9000244140625,1417.0,5514384,-0.004905052287682898,-0.004765609861782205,-0.02772833128643104,0.045613481617100105,1434.3800048828125,1424.0510034179688,1309.8294989013673,-0.009955541243090393,-0.002774498822407434,0.08418689362017018,0.008134927472404862,0.012968977492905001,9748256.55,0.565678998261489,True,True
2025-06-24,1401.38134765625,1424.0999755859375,1435.9000244140625,1416.5,1427.699951171875,11188438,0.0028167030975052576,0.0006323949163442588,-0.015417621993721098,0.05983480489371429,1433.2650024414063,1426.517001953125,1310.7114990234375,-0.006394509626522105,-0.0016943551067937213,0.08650910337399309,0.007938466027548783,0.012883409883928892,9565530.5,1.1696620485398066,True,True
2025-06-25,1403.0543212890625,1425.800048828125,1428.9000244140625,1415.300048828125,1422.0,7527388,0.001193787845890526,0.009344523198587806,-0.01925987003685281,0.06729547329224239,1431.8650024414062,1428.8000024414061,1311.6587493896484,-0.004235702110841566,-0.002099631584654982,0.08702057565779953,0.007833762857269024,0.012851936265048233,9510982.75,0.7914416625348206,True,True
2025-06-26,1416.14208984375,1439.0999755859375,1447.5,1421.699951171875,1424.800048828125,13617435,0.009328044818587067,0.019698098062772784,-0.011946463724038736,0.07664680305286731,1430.9950012207032,1430.5780029296875,1312.6744995117188,0.005663873289788235,0.005957013625819574,0.09631136745723778,0.00814619175313739,0.012894696551338767,9414578.8,1.4464199927882062,True,True
2025-06-27,1438.87353515625,1462.199951171875,1466.0,1437.0999755859375,1438.9000244140625,22532899,0.016051682286029045,0.024595316506488052,0.01134313306811885,0.08443651696323351,1431.8149963378905,1432.6940014648437,1313.9447491455078,0.021221285509440246,0.02059473249477084,0.11283214314968837,0.008777364965405876,0.013000066300711212,9951025.0,2.2643796995786865,False,True
2025-06-30,1422.7352294921875,1445.800048828125,1461.9000244140625,1442.300048828125,1461.800048828125,6325073,-0.011215909514021183,0.018097368976845107,-0.0032402283156670597,0.09659077126367799,1431.5799987792968,1433.4760034179687,1314.9987493896485,0.00993311590058088,0.008597315463091837,0.09946876337273114,0.00913623455966324,0.012737044647342707,9794329.15,0.6457893034971159,False,True
2025-07-01,1409.1552734375,1432.0,1447.5999755859375,1429.5999755859375,1445.699951171875,7761449,-0.009544922093003394,0.005547380485567466,-0.004103222973702025,0.07568075117370898,1431.2849975585937,1433.9200024414063,1315.9722491455077,0.0004995528092770485,-0.0013389885336261287,0.08816884317266704,0.009180486267283813,0.012772229642722899,9624034.35,0.8064652221445989,False,True
2025-07-02,1405.0223388671875,1427.800048828125,1451.0,1422.5999755859375,1432.199951171875,13372280,-0.0029329267960021,0.001402721231243964,-0.002236164340932878,0.07389718054359684,1431.125,1434.1460034179688,1316.9294995117189,-0.002323312898506402,-0.004424901352247046,0.08418867476012482,0.009140320615343804,0.012779671931761489,9891378.95,1.3519126167944462,False,True
2025-07-03,1403.1527099609375,1425.9000244140625,1446.0999755859375,1423.699951171875,1432.0999755859375,10177738,-0.001330735641606129,-0.009172365642283187,-0.019865289692107213,0.06784990060132867,1429.679998779297,1434.1760034179688,1317.7982495117187,-0.0026439303679578474,-0.005770546281755329,0.0820321129902839,0.008251920101018603,0.012777607358601095,9830982.45,1.035271708780235,False,True
2025-07-04,1419.782958984375,1442.800048828125,1444.4000244140625,1421.0999755859375,1427.0,5066503,0.011852180464760886,-0.013267612495953096,-0.01157765493530527,0.12057783706451031,1428.8350036621093,1434.9780053710938,1318.7604998779298,0.009773728338277943,0.005450984912488854,0.09405767685768329,0.008692970126185692,0.01189277291978487,9505257.9,0.5330210977231875,False,True
2025-07-07,1412.7962646484375,1435.699951171875,1440.9000244140625,1429.5999755859375,1437.0,5177477,-0.004921054488469689,-0.006985819141752336,0.0006271970400928417,0.10446951627608825,1428.8799987792968,1435.5960034179689,1319.6247497558593,0.004772935724766558,7.240738596281382e-05,0.08796076417746068,0.007863686401926888,0.011882672242778553,9213030.2,0.561973301683088,False,True
2025-07-08,1418.9957275390625,1442.0,1445.0,1430.0,1432.0,5315847,0.004388137523430702,0.006983240223463749,0.013423273074861797,0.10854854387427215,1429.8349975585938,1435.8600024414063,1320.4942498779296,0.00850797641838219,0.004276181207188534,0.09201535722953946,0.0076633149844135716,0.011886799936984738,8833558.95,0.6017786296654533,False,True
2025-07-09,1409.056884765625,1431.9000244140625,1438.699951171875,1426.5999755859375,1436.199951171875,8827347,-0.007004143956960807,0.0028715334400657433,0.0006289478784504698,0.09167841860386328,1429.8799987792968,1435.902001953125,1321.2120001220703,0.001412723890459544,-0.0027870826376862334,0.0837776407433215,0.007752879729092896,0.011908476724117469,8918082.45,0.9898256771555191,False,True
2025-07-10,1401.38134765625,1424.0999755859375,1439.0,1422.0999755859375,1436.800048828125,7795964,-0.005447341780245307,-0.0012623948364575144,-0.0007718043949083153,0.05473265226377966,1429.825,1435.8440014648438,1321.8725,-0.004004003576705273,-0.008179179539647086,0.07733535237773514,0.007797945609038564,0.011364008405590745,8910218.3,0.874946464555195,False,True
2025-07-11,1399.2164306640625,1421.9000244140625,1428.0,1414.5999755859375,1422.0,7158015,-0.0015448010740747309,-0.014485738637892376,0.004095790500755481,0.048289589222246354,1430.1150024414062,1435.6800024414063,1322.289750366211,-0.005744277917034357,-0.009598223840905029,0.07533165406467401,0.007663626146190516,0.011358302932629991,8889463.9,0.805224598527252,False,True
2025-07-14,1400.298828125,1423.0,1424.9000244140625,1416.0999755859375,1424.9000244140625,5846154,0.0007735955883332313,-0.008845825453646317,-0.002733214904571901,0.011587438255433291,1429.9200012207032,1435.552001953125,1322.7952502441406,-0.004839432426146706,-0.008743676255578037,0.07575227514414284,0.007466274591730604,0.010314355556616032,8909214.75,0.6561918377823366,False,True
2025-07-15,1407.9744873046875,1430.800048828125,1433.800048828125,1419.0,1421.0999755859375,6041457,0.0054814116852599515,-0.007766956429871685,0.005340147496486258,0.014895729374854172,1430.3000061035157,1435.5360034179687,1323.3562506103515,0.0003496068814063946,-0.003299084508202821,0.08119038102417164,0.00754287829149232,0.010333572041664482,8862782.7,0.6816659286930278,False,True
2025-07-16,1403.6446533203125,1426.4000244140625,1429.199951171875,1419.0999755859375,1426.0,5649093,-0.0030752196420920086,-0.0038410502871879526,0.009769254613218425,0.0069890747716643276,1430.990008544922,1435.3560034179689,1323.8690008544922,-0.003207558475916028,-0.006239552405521542,0.07744801297816584,0.00736802729868463,0.010325800056523973,8807650.1,0.6413848115969094,False,True
2025-07-17,1396.0673828125,1418.699951171875,1423.199951171875,1409.5,1421.0,12927394,-0.005398256527197276,-0.003791885757066127,0.0052433232393738205,-0.004001736271053713,1431.3600036621094,1435.0200024414062,1324.3172503662108,-0.008844771726081446,-0.011372699503676476,0.07126895068350492,0.007481011834602283,0.01032557201172956,9011525.65,1.4345399993396235,False,True
2025-07-18,1403.0543212890625,1425.800048828125,1429.0,1408.5,1415.800048828125,11297246,0.005004650666538213,0.0027428260405788496,-0.0009108869596040625,0.016468310016658272,1431.2950073242187,1435.7580029296876,1324.9132507324218,-0.0038391515850854097,-0.006935677238951943,0.07614596505841575,0.0071255911072290535,0.010149017851804214,8955979.05,1.261419431301595,False,True
2025-07-21,1442.4161376953125,1465.800048828125,1467.699951171875,1437.0,1448.0,13867136,0.028054424624880836,0.030077335789265636,0.03218088446437117,0.04342254974356363,1433.580010986328,1436.10400390625,1325.8772509765624,0.02247522816646219,0.02067819937908455,0.10553224119993287,0.009388681843282775,0.010761724853308735,9373616.65,1.4793794666224163,False,True
2025-07-22,1450.0916748046875,1473.5999755859375,1482.0,1469.699951171875,1474.0999755859375,8930165,0.005321276093590344,0.029913282986582912,0.03475879562432649,0.03135493086982777,1436.0550109863282,1436.96400390625,1326.8732507324219,0.02614451696653486,0.025495399731723323,0.1105808145371261,0.00942203717091554,0.010564739369992823,9260703.0,0.9643074613234006,False,True
2025-07-23,1464.8524169921875,1488.5999755859375,1490.0,1472.5999755859375,1482.9000244140625,11974174,0.010179153263107033,0.043606246569874774,0.04404539529187712,0.0411245801858835,1439.1950073242188,1438.2120043945313,1328.034500732422,0.034328195977815,0.03503514852987122,0.12090459605150494,0.009606453081262657,0.01063735471411657,9483042.3,1.2626933025491196,True,True
2025-07-24,1459.7353515625,1483.4000244140625,1488.699951171875,1478.0999755859375,1487.699951171875,6700578,-0.0034931823573544074,0.04560518465426311,0.030783162795960717,0.039523492932068915,1441.410009765625,1438.86400390625,1329.2527508544922,0.02913120788946455,0.03095220978974078,0.11596535983128775,0.00953333116642206,0.010645764492915658,9137199.45,0.7333295104989747,True,True
2025-07-25,1453.5357666015625,1477.0999755859375,1500.0,1473.5999755859375,1500.0,8696077,-0.004247032981284704,0.03597974821222394,0.010190141507063322,0.03286483518800365,1442.155010986328,1439.3260034179686,1330.4687506103517,0.02423107386751,0.026244208802083113,0.11021019840437352,0.008973383218661913,0.010662976542664262,8445358.35,1.029687153535646,True,True
2025-07-28,1464.655517578125,1488.4000244140625,1493.800048828125,1477.0999755859375,1477.0999755859375,7507479,0.007650158428607723,0.015418184495222143,0.029464638364389506,0.041276059180274105,1444.285009765625,1440.11400390625,1331.7277508544921,0.030544535427668995,0.03352930419177835,0.11764587278371486,0.008658064977581415,0.010700662172135014,8504478.65,0.8827676932318479,True,True
2025-07-29,1462.4906005859375,1486.199951171875,1489.800048828125,1475.4000244140625,1479.9000244140625,9776027,-0.0014781464701021374,0.008550472173377566,0.037849127913320624,0.03813912860929625,1446.9950073242187,1441.07400390625,1332.9380004882812,0.027094042238717808,0.03131410818827085,0.11498055470505819,0.008297413588212952,0.010703886057678687,8605207.55,1.1360594085845146,True,True
2025-07-30,1458.751220703125,1482.4000244140625,1488.5,1477.300048828125,1487.699951171875,7238625,-0.002556807214813994,-0.004164954503263818,0.03824063154413726,0.032743485579349585,1449.7250061035156,1441.8280053710937,1334.1325006103516,0.022538769885999788,0.02813929185161479,0.111134031841575,0.00828632215399213,0.010708735147542166,8298524.8,0.8722785283475926,True,True
2025-07-31,1457.7672119140625,1481.4000244140625,1494.5,1464.0,1469.9000244140625,12406146,-0.0006745817481993432,-0.001348253988865844,0.03892278494265855,0.031974938637452155,1452.5000061035157,1442.6140063476562,1335.4245007324218,0.01989674229886873,0.026885929219974125,0.10931020331106667,0.008274104142897054,0.010709782761063248,8409945.2,1.4751756051870588,True,True
2025-08-01,1448.12353515625,1471.5999755859375,1485.0999755859375,1469.800048828125,1480.4000244140625,4416771,-0.006615396696784348,-0.0037235123491341504,0.019961135142187114,0.05954348744918758,1453.9400024414062,1443.0500048828126,1336.6237506103516,0.012146287408612011,0.019784463883109504,0.10098296167036591,0.00813945904402429,0.00984288306716786,8377458.6,0.5272208686295389,True,True
2025-08-04,1439.8575439453125,1463.199951171875,1478.800048828125,1461.300048828125,1476.800048828125,6140054,-0.005708089530728544,-0.01693098147596983,0.01915442009840107,0.010148395700293467,1455.3150024414062,1443.1020043945311,1337.6622503662109,0.00541803576355715,0.013926906563875407,0.09384857857153084,0.008171532477791055,0.00819900260334033,8425587.45,0.7287389794998805,True,True
2025-08-05,1421.3575439453125,1444.4000244140625,1461.5,1441.0,1453.0,14799343,-0.012848501493425868,-0.028125372178119834,0.0016643719931084267,0.009646336546645706,1455.4350036621095,1443.0620043945312,1338.668500366211,-0.007581911401251973,0.0009272089594603017,0.07898260399712642,0.008685980201433394,0.008211981231920976,8899762.25,1.6628919497259604,True,True
2025-08-06,1420.5703125,1443.5999755859375,1454.0,1441.5999755859375,1442.300048828125,7805252,-0.0005538969915550584,-0.026173804768696796,0.008170927419784535,0.012200269954970366,1456.020001220703,1442.8580029296875,1339.7302502441407,-0.008530120207382308,0.0005142381680964814,0.0775303277080357,0.008525863196339066,0.008201414917182577,8848657.5,0.8820831860652308,True,True
2025-08-07,1417.322998046875,1440.300048828125,1447.9000244140625,1429.0999755859375,1441.0999755859375,7432535,-0.0022859010900669885,-0.0277440089837947,0.01137565727119827,-0.007237386026062831,1456.8300048828125,1442.53400390625,1340.6092504882813,-0.011346523615853976,-0.0015486325258716738,0.07436230825912471,0.00843981518563213,0.007896641745493732,8830486.05,0.8416903619931543,True,True
2025-08-08,1412.9931640625,1435.9000244140625,1447.5999755859375,1432.0,1445.9000244140625,5415511,-0.0030549359611856675,-0.024259276817166664,0.009845980560953427,-0.012448401365844242,1457.5300048828126,1442.3360034179686,1341.493500366211,-0.014840161366344695,-0.004462191187528108,0.07037419415157786,0.008466718745464572,0.007899918692067198,8743360.85,0.6193855078050451,True,True
2025-08-11,1413.681884765625,1436.5999755859375,1438.4000244140625,1420.4000244140625,1427.9000244140625,8492484,0.0004874651159370025,-0.018179316890103547,0.009557256209372866,-0.008557642797834664,1458.2100036621093,1442.0580029296875,1342.3390002441406,-0.01481955824051473,-0.003784887523706759,0.07022143834355776,0.008466516067983685,0.007888705674412567,8875677.35,0.956826579551137,True,True
2025-08-12,1410.112060546875,1422.0,1433.800048828125,1420.0999755859375,1431.0,5913947,-0.010162867766987604,-0.015508186122573209,-0.006150439284184128,-0.011264046531690441,1457.770001220703,1441.7400024414062,1343.191000366211,-0.024537479294230335,-0.013691790758374567,0.05867296580479042,0.008702377600765445,0.007939032009693989,8869301.85,0.666788333514661,True,True
2025-08-13,1408.922119140625,1420.800048828125,1427.699951171875,1415.199951171875,1424.5999755859375,9009465,-0.0008438475188994321,-0.015793798242867307,-0.0039259502874994245,-0.016543159930450302,1457.4900024414062,1441.5360034179687,1344.0312506103517,-0.02517338270027425,-0.014384624831206061,0.05711831341935758,0.008678829841704953,0.007915633497710578,9037320.45,0.9969177312950102,True,True
2025-08-14,1415.3677978515625,1427.300048828125,1431.0999755859375,1412.0,1412.0,7577793,0.00457488723016386,-0.00902589707649959,0.006061956687279935,-0.010262760563323092,1457.9200073242187,1440.9860034179687,1344.8905010986327,-0.021002495570584645,-0.009497631869692769,0.06127602779718666,0.008648548882458959,0.007937194679409287,8769840.4,0.8640742196403026,True,True
2025-08-18,1422.606689453125,1434.5999755859375,1452.4000244140625,1431.0,1450.0,6908844,0.005114500461067095,-0.0009053895159975012,0.006171922048288092,-0.010484254883612265,1458.3600036621094,1440.48400390625,1345.5992510986327,-0.016292292723681268,-0.004084757834419861,0.06614207344024514,0.008651703225267976,0.007934614344368604,8550420.3,0.8080122096454135,True,True
2025-08-19,1424.29248046875,1436.300048828125,1438.5,1426.300048828125,1431.0999755859375,6709554,0.0011850503771917431,-0.0002087754161976818,-0.020125528051104014,-0.016636948626583603,1456.8850036621093,1440.51400390625,1346.1215014648437,-0.014129430107551966,-0.002925313510801053,0.06699138767574042,0.005707205427232515,0.007873978627402507,8192541.2,0.8189832478352382,True,True
2025-08-20,1418.64013671875,1430.5999755859375,1435.9000244140625,1423.0,1432.5999755859375,5817858,-0.003968581110080804,0.006047802803050173,-0.02918023935424008,-0.010923706140371192,1454.7350036621094,1440.6680029296874,1346.7137512207032,-0.01659066978894097,-0.006988443779743836,0.062289572887480604,0.005541235919397551,0.007791261129771377,8036925.85,0.7238909638565348,True,True
2025-08-21,1433.911376953125,1446.0,1447.800048828125,1436.4000244140625,1440.0999755859375,6238645,0.010764731355286772,0.01773645151030223,-0.028617477015052017,-0.005365283096814055,1452.6050048828124,1440.9680029296876,1347.4825012207032,-0.0045470068329726,0.0034920949390142564,0.07311226579198493,0.005607154855703452,0.007889518844660236,7750149.4,0.8049709338506429,True,True
2025-08-22,1424.3917236328125,1436.4000244140625,1446.0,1429.4000244140625,1444.300048828125,6657207,-0.006638987265516927,0.006375657026992387,-0.03168396873834811,-0.013800189211079616,1450.2550048828125,1441.1920043945313,1348.2055010986328,-0.009553478817243999,-0.0033250114945523324,0.06541623160828314,0.0057110667231659,0.007930678695199145,7747980.85,0.8592183084706515,True,True
2025-08-25,1421.2183837890625,1433.199951171875,1435.9000244140625,1424.0,1435.9000244140625,6738427,-0.0022278426537154505,-0.0009758988135286639,-0.029720415096918695,-0.008714965576645861,1448.0600036621095,1441.53400390625,1348.9855010986328,-0.010262041940702571,-0.005781377832081325,0.06242798755409651,0.005679440365942666,0.007879879497723884,7650098.35,0.8808288065995911,True,True
2025-08-26,1404.7572021484375,1416.5999755859375,1427.9000244140625,1413.0999755859375,1427.9000244140625,8720155,-0.011582456148121034,-0.013715848062708647,-0.048239752519750545,-0.023371268124138256,1444.4700012207031,1441.3280029296875,1349.5850012207031,-0.01929429175490871,-0.0171564191450434,0.049655986325143786,0.005678237897885212,0.0080041836272187,7710732.15,1.1309114141644772,True,True
2025-08-28,1387.4034423828125,1399.0999755859375,1411.800048828125,1396.300048828125,1408.0,12990789,-0.012353522731610722,-0.022018733774337163,-0.05860582589661556,-0.026983829313123375,1440.1150024414062,1440.8460034179689,1350.0687512207032,-0.028480383015201283,-0.028973275237604623,0.03631757591670892,0.006085989945788202,0.008082433412725014,7871470.25,1.6503637296984004,False,True
2025-08-29,1386.1143798828125,1397.800048828125,1405.0,1392.0999755859375,1392.0999755859375,8519507,-0.0009291164180516009,-0.03333329956561204,-0.05706959942838419,-0.023200524927935007,1435.8850036621093,1440.5500048828126,1350.6642517089845,-0.026523680334324617,-0.029676134746995597,0.034898234005601214,0.00610305213673787,0.008062346455147097,7935514.35,1.0735922870582422,False,True
2025-09-01,1399.2039794921875,1411.0,1412.4000244140625,1398.0999755859375,1398.0999755859375,4927348,0.009443375812542953,-0.01768311332661232,-0.04752262944096264,-0.03010726378749229,1432.3650024414062,1440.54400390625,1351.4250018310547,-0.01491589253087755,-0.020508921508914035,0.044083096056552584,0.006689784579229173,0.007856357841575224,7561574.45,0.6516298996434532,False,True
2025-09-02,1382.54443359375,1394.199951171875,1413.9000244140625,1390.0,1413.9000244140625,7163073,-0.011906483932051737,-0.027211834586033268,-0.05259583154263414,-0.044872235521701165,1428.4950012207032,1439.8860034179688,1352.0495013427735,-0.024007819432004918,-0.031728936969763755,0.031175226785143728,0.006963843165740541,0.007976144384872035,7698889.55,0.9304033982407243,False,True
2025-09-03,1385.321044921875,1397.0,1400.0,1384.199951171875,1389.0,9813382,0.0020083552762797385,-0.013835928225136795,-0.04524327049003485,-0.026345168345232706,1425.1850036621095,1439.42400390625,1352.6815014648437,-0.01977638242732427,-0.029472902904996268,0.032763439499367,0.007000602556900751,0.00768939806127258,7882555.95,1.2449492350257279,False,True
2025-09-04,1393.75,1405.5,1415.0999755859375,1401.9000244140625,1409.9000244140625,10564859,0.006084466714388004,0.004574386767022931,-0.026931614342669885,-0.012228564281055232,1423.2400024414062,1439.0520043945312,1353.4405017089844,-0.012464519273611807,-0.02331535225417225,0.03846456362527961,0.006773969522380789,0.007663728757676029,7670831.75,1.377276851366216,False,True
2025-09-05,1391.0726318359375,1402.800048828125,1411.5,1387.699951171875,1411.0,6621077,-0.0019209898056741226,0.003577049524495113,-0.028262626383913858,-0.0197064648301013,1421.2000061035155,1438.5920043945312,1354.1697521972656,-0.012946775398515076,-0.024879851588963997,0.03591152183982271,0.006772492769148998,0.0076278545620069,7611623.0,0.8698640224299076,False,True
2025-09-08,1390.973388671875,1402.699951171875,1410.5999755859375,1397.5999755859375,1402.199951171875,5880943,-7.135561217985753e-05,-0.005882387546509604,-0.02610573934704974,-0.015787258469591836,1419.320001220703,1437.86400390625,1354.9160021972657,-0.011709868130184709,-0.024455757038805315,0.03526709323464927,0.006775532124509561,0.007611981028452071,7534043.4,0.780582575353893,False,True
2025-09-09,1391.9649658203125,1403.699951171875,1407.5,1395.199951171875,1399.0,6470679,0.0007129108396735084,0.006813943718772197,-0.022425010582005633,-0.008756461145288719,1417.7099975585938,1436.69400390625,1355.6890020751953,-0.009882166600253428,-0.022965260970441048,0.035414426924750275,0.006776547626127496,0.007569849457099009,7586801.8,0.8528862583440627,False,True
2025-09-10,1392.163330078125,1403.9000244140625,1413.699951171875,1402.0999755859375,1410.0,7452347,0.00014253276992737263,0.004939172808920977,-0.022762043524703457,-0.01611885878931474,1416.075,1435.8560034179689,1356.455751953125,-0.008597691214051184,-0.022255698989200212,0.03497664586008331,0.006772701808956739,0.007501414676918186,7534794.95,0.9890577048815375,False,True
2025-09-11,1389.882568359375,1401.5999755859375,1408.0,1396.0,1398.0,10192026,-0.00163832807758868,-0.002774830604099998,-0.014346008730001802,-0.015177049133645593,1415.054998779297,1435.2480029296876,1357.073501586914,-0.009508480733940727,-0.023444050975905406,0.0328106576003111,0.006434003042667747,0.007497357099717719,7748698.9,1.3153209502049434,False,True
2025-09-12,1405.847900390625,1417.699951171875,1419.699951171875,1400.0999755859375,1405.0999755859375,7770038,0.011486854927496015,0.010621543930082744,-0.0021819380276675293,0.003610346647374252,1414.8999938964844,1435.0460009765625,1357.657251586914,0.0019789082532115643,-0.012087452104589946,0.04422522659145334,0.006986793763885735,0.007586250663134624,7686727.55,1.0108382207458362,False,True
2025-09-15,1407.5338134765625,1419.4000244140625,1426.800048828125,1416.300048828125,1422.0,5845637,0.001199177047852995,0.011905663237697706,-0.0055349429999310695,0.0057393717180576065,1414.5049926757813,1434.9160009765626,1358.229501953125,0.003460597002928445,-0.010813160179369619,0.045036956105705794,0.006908608264412172,0.007586409630194966,7600119.75,0.7691506439750505,False,True
2025-09-16,1409.71533203125,1421.5999755859375,1424.9000244140625,1413.699951171875,1414.0,8213151,0.0015499162561893876,0.012752030374524548,-0.009061759529648938,-0.003853969654607936,1413.8549926757812,1434.4919995117189,1358.8340020751953,0.005477918846188423,-0.008987170322434457,0.046191053075568256,0.006808048252626281,0.007448766900879758,7665335.1,1.07146666034209,False,True
2025-09-17,1407.33544921875,1419.199951171875,1426.0999755859375,1416.4000244140625,1420.0999755859375,7484283,-0.0016882558070341336,0.010898159763333748,-0.01190565834081947,-0.0006337753887299957,1412.9999877929688,1434.1619995117187,1359.498251953125,0.004387801438406447,-0.0104326068777012,0.04391450973399902,0.006802420625193618,0.0074246738050705976,7704071.55,0.9714711177623994,False,True
2025-09-18,1409.814453125,1421.699951171875,1432.800048828125,1415.300048828125,1431.0999755859375,8130537,0.0017615558666950193,0.014340736255745723,-0.006221183116137841,-0.001685292082864498,1412.5549865722655,1433.7559985351563,1360.1062518310546,0.006474059195246573,-0.008408716249905024,0.045285946783862885,0.00677264711675704,0.007419176295294659,7819705.5,1.0397497706275511,False,True
2025-09-19,1390.4775390625,1402.199951171875,1418.0,1400.199951171875,1416.0999755859375,13457344,-0.013715974305215761,-0.010933202041227164,-0.03029049019925656,-0.016552179020927316,1410.3649841308593,1433.1619970703125,1360.5940014648438,-0.00578930493230867,-0.021604009847965955,0.030579254106836595,0.0068808743684532665,0.007625302867287157,8180640.45,1.6450232817651826,False,True
2025-09-22,1389.783447265625,1401.5,1409.9000244140625,1397.199951171875,1403.9000244140625,8847948,-0.0004991807133426507,-0.01261097936182698,-0.02429686982795687,-0.026127424240020902,1408.6199829101563,1432.7099975585938,1361.0595013427735,-0.005054580366982031,-0.02178389039776174,0.029712513389259954,0.006776368653794773,0.007520919464651063,8290177.5,1.0672808875322632,False,True
2025-09-23,1382.6436767578125,1394.300048828125,1403.300048828125,1391.0,1391.0,12827524,-0.005137317996343205,-0.01920366293377318,-0.027141992512589086,-0.04643681070385197,1406.6749877929688,1432.157998046875,1361.4507513427734,-0.008797297934656334,-0.026434198789783925,0.024128157006746642,0.006830446657460097,0.0072263886837261575,8594632.35,1.4925040976301913,False,True
2025-09-24,1371.1405029296875,1382.699951171875,1390.9000244140625,1376.5,1386.4000244140625,9735678,-0.00831965663775136,-0.025718715653746282,-0.023930555554358746,-0.043643723561494596,1404.9799865722657,1431.3519970703126,1361.6817510986327,-0.01585790232837936,-0.033990273530213666,0.015435471655755428,0.006608619796502148,0.007164817186436691,8645408.5,1.1261096569352391,False,True
2025-09-25,1364.29833984375,1375.800048828125,1391.5,1371.800048828125,1377.0,21613389,-0.004990166042822319,-0.032285224674809765,-0.016653510945888295,-0.03924577595801326,1403.814990234375,1430.2519970703124,1361.9170013427733,-0.019956291677418858,-0.03807157644507764,0.010193754444407288,0.006142615282389368,0.007093486886271764,9076538.5,2.3812369660526422,False,True
2025-09-26,1348.233642578125,1359.5999755859375,1372.699951171875,1357.0,1368.0,18342280,-0.011775020109925372,-0.030380813770771398,-0.02732871076532961,-0.047765843192233426,1401.9049865722657,1428.91599609375,1362.1035009765626,-0.0301768032723575,-0.048509513993336695,-0.0018379846970734137,0.006613350071628612,0.007232367408504153,9567677.15,1.9171090027844429,False,True
2025-09-29,1336.829833984375,1348.0999755859375,1366.5,1346.199951171875,1359.5999755859375,20563163,-0.00845837026074081,-0.038102050955449496,-0.044578330555678614,-0.054562064307485336,1398.7599853515626,1427.5039965820313,1362.1917510986327,-0.03621780026320398,-0.055624377365118494,-0.010344927945225013,0.006276565280349477,0.007299627328127019,10349467.9,1.9868811806257207,False,True
2025-09-30,1336.730712890625,1348.0,1356.5999755859375,1342.5999755859375,1353.699951171875,20166871,-7.416036477114751e-05,-0.03320666083820267,-0.033137249167913274,-0.06570560411688631,1396.4499877929688,1425.9479956054688,1362.294251098633,-0.034695111329795636,-0.05466398202858125,-0.01049277796416248,0.005863374367285524,0.007106069968534255,10999657.8,1.8334089447764454,False,True
2025-10-01,1360.530029296875,1372.0,1379.4000244140625,1347.0999755859375,1348.0,20952632,0.017804154302670572,-0.00773844763848186,-0.017895490336435227,-0.044368568181590184,1395.1999877929688,1424.0719946289062,1362.5080010986328,-0.016628431763154095,-0.036565563275805735,0.006966563788038949,0.0072777636054794925,0.007494372050575583,11556620.3,1.8130414823787193,False,True
2025-10-03,1353.786865234375,1365.199951171875,1371.9000244140625,1361.300048828125,1371.9000244140625,12163695,-0.00495630381058676,-0.007704678935924525,-0.028673104822572015,-0.0532593958586165,1393.1849853515625,1421.903994140625,1362.6095007324218,-0.020087091430019743,-0.03987895329249769,0.0019010952426654626,0.0071393160214524125,0.007483324182419477,11636562.1,1.045299710985945,False,True
2025-10-06,1352.001953125,1363.4000244140625,1372.5999755859375,1359.0999755859375,1371.0,14314283,-0.001318434531342838,0.002794975651928322,-0.02808670020148385,-0.04783853539497662,1391.2149841308594,1419.3999951171875,1362.6960009765626,-0.01999328646835552,-0.03945326961798501,0.0005166401288294598,0.007138403660670121,0.007440391324615636,12021222.4,1.1907510337717402,False,True
2025-10-07,1364.3974609375,1375.9000244140625,1383.0999755859375,1363.5999755859375,1363.5999755859375,16126464,0.0091682556668371,0.02062165220056622,-0.01910595828810191,-0.03384590407849941,1389.8749877929688,1417.2499951171876,1362.9067510986329,-0.010054834788485234,-0.02917620098471474,0.00953350132351738,0.007517768676051487,0.007524096206848806,12533498.45,1.286669006609244,False,True
2025-10-08,1358.8443603515625,1370.300048828125,1381.5999755859375,1364.300048828125,1372.300048828125,8100832,-0.0040700454150528476,0.016543062928876084,-0.023794189289432,-0.03628945404034356,1388.2049926757813,1415.1139965820312,1363.187501220703,-0.012897910569493298,-0.03166808318068137,0.005217585696063676,0.00753855782091608,0.007536829894412374,12615006.1,0.6421583894438228,False,True
2025-10-09,1364.69482421875,1376.199951171875,1378.699951171875,1365.0999755859375,1369.800048828125,7909575,0.0043055550853958735,0.0030611889007834403,-0.019730801880816662,-0.0328882985440091,1386.8199890136718,1412.8699951171875,1363.6340008544921,-0.007657834416815668,-0.025954294501293385,0.0092150461997198,0.007633765904932678,0.007561398428684584,12637867.5,0.6258631054645889,False,True
2025-10-10,1368.7607421875,1380.300048828125,1385.0,1370.300048828125,1370.300048828125,7673816,0.002979289203402846,0.011060722382306043,-0.015196865816802019,-0.0352949386892748,1385.7549926757813,1410.7519970703124,1364.0935009765626,-0.00393644177829966,-0.021585614130213204,0.011880818902780588,0.007682110255497758,0.007534539330935132,12511957.0,0.6133186039561996,False,True
2025-10-13,1367.8681640625,1379.4000244140625,1386.4000244140625,1373.0999755859375,1373.0999755859375,8923018,-0.0006520498313584699,0.011735367253551399,-0.02701553789724942,-0.032950083563905386,1383.8399963378906,1408.6919970703125,1364.5065008544923,-0.003208443126067939,-0.020793738245953763,0.010914952439027292,0.007124784806787156,0.007527379223440363,12569606.0,0.709888440417305,False,True
2025-10-14,1372.52880859375,1384.0999755859375,1389.0,1375.0999755859375,1389.0,10610855,0.0034072430685010424,0.005959699852005507,-0.024869697210761377,-0.024388508336352088,1382.0749938964843,1406.74599609375,1364.940750732422,0.0014651749712539797,-0.016098158850777478,0.014036671440305959,0.0071831416251741925,0.00751669748316124,12807866.9,0.8284638716849876,False,True
2025-10-15,1386.7093505859375,1398.4000244140625,1400.4000244140625,1385.5,1386.5,8988550,0.010331658897740681,0.020506439892466144,-0.01631960577539593,-0.019217297991105275,1380.9149963378907,1405.2819970703124,1365.4460009765626,0.012661914833672627,-0.0048972182598205904,0.024134256070127424,0.00761753643925339,0.007612273818256553,12846636.85,0.6996811776461168,False,True
2025-10-16,1405.451416015625,1417.300048828125,1418.9000244140625,1399.4000244140625,1401.0,12185032,0.013515463446864384,0.029864917246401612,-0.0013387136479121597,-0.03308773255859465,1380.820001220703,1404.3639990234376,1365.9947509765625,0.026419118766509708,0.009211322572839187,0.037558927525075614,0.00825558805925477,0.006891867735348689,13081674.3,0.9314581391160304,False,True
2025-10-17,1424.5899658203125,1436.5999755859375,1439.5999755859375,1410.9000244140625,1412.0,17037215,0.013617389467932561,0.04078817993639228,0.010480428308224043,-0.025108578048997243,1381.5650024414062,1404.207998046875,1366.7045007324218,0.03983523978044978,0.02306779165488071,0.05114161460363853,0.008799115788657908,0.007091720865415166,13527008.2,1.2594961685615007,False,True
2025-10-20,1378.6771240234375,1390.300048828125,1445.0,1389.199951171875,1442.0,23330227,-0.03222882329434007,0.007902003930072787,-0.008486594464508945,-0.0660351527408295,1380.9700073242188,1403.1419995117187,1367.247750854492,0.006756150716107356,-0.009152281585229849,0.016860366352203338,0.011062411003104245,0.008065958793565559,14020652.35,1.6639901209732229,False,True
2025-10-21,1370.4464111328125,1382.0,1387.5999755859375,1375.9000244140625,1384.5,3415560,-0.005969969457399582,-0.001517213801733197,-0.013913663931501952,-0.06835649369367858,1379.9950073242187,1401.9759985351564,1367.739500732422,0.0014528984997337346,-0.014248459714023665,0.010426326986931134,0.01113324885234786,0.008084699878876112,13749032.95,0.24842183536988324,False,True
2025-10-23,1352.2994384765625,1363.699951171875,1389.800048828125,1360.0999755859375,1385.0,21124942,-0.013241714057977583,-0.024814125169031698,-0.021946565720892486,-0.07677207114506845,1378.4650024414063,1400.5319970703124,1368.1050006103515,-0.010711226794572815,-0.026298610796100408,-0.00321981824239459,0.01144853786820878,0.00822532418681428,14163903.85,1.4914632451419811,False,True
2025-10-24,1366.182373046875,1377.699951171875,1381.5999755859375,1368.0999755859375,1368.0999755859375,10570263,0.01026618794550016,-0.027940518092123723,-0.003616113529014253,-0.07437521595430419,1378.2150024414063,1399.3539965820312,1368.6682501220703,-0.00037370894136179444,-0.01547431562209911,0.006598897175410512,0.011580632207046923,0.00828030461928635,14205633.1,0.7440895400853342,False,True
2025-10-27,1366.083251953125,1377.5999755859375,1386.800048828125,1374.0,1382.0999755859375,11499836,-7.256702437452578e-05,-0.0410691918437045,0.0013082764165808225,-0.07307225081006496,1378.304998779297,1398.46599609375,1369.2357501220704,-0.0005115146458758435,-0.014920649172805223,0.006108681768732138,0.01152378506710691,0.008281646248264806,13699955.45,0.8394068171951611,False,True
2025-10-28,1351.7044677734375,1363.0999755859375,1375.800048828125,1356.199951171875,1373.0,26477914,-0.010525551870623873,-0.01956417484492956,0.002574286601094933,-0.08047763549874454,1378.479998779297,1397.3119946289062,1369.655,-0.011157233479614614,-0.02448416615220894,-0.004785894560354609,0.01145905945424106,0.008366744963932546,14106737.15,1.8769694025240982,False,True
2025-10-29,1358.9434814453125,1370.4000244140625,1371.699951171875,1358.4000244140625,1364.5999755859375,16129382,0.005355475723625602,-0.008393614751040168,0.016541836089294826,-0.07492911986679884,1379.5950012207031,1396.173994140625,1370.1882501220703,-0.006664982693112553,-0.018460428166352516,0.00015455853746626502,0.011325797191927642,0.008411250000455542,13885048.1,1.1616367393066502,False,True
2025-10-30,1351.0103759765625,1362.4000244140625,1370.199951171875,1361.300048828125,1362.4000244140625,9324401,-0.005837711513045685,-0.0009532351722205679,0.010682510692924696,-0.07420491504724003,1380.3150024414062,1394.7299951171874,1370.6882501220703,-0.012978905536531138,-0.023180092789506945,-0.006046762060789246,0.011424304469656981,0.008403456854715021,13342924.6,0.6988273770204773,False,True
2025-10-31,1334.0533447265625,1345.300048828125,1362.0,1343.300048828125,1357.0,15926798,-0.012551361772979885,-0.023517386580576227,-0.01946060581040454,-0.08057675388064645,1378.9800048828124,1392.9099951171875,1371.1655004882812,-0.024423817557492122,-0.034180202924781966,-0.018863843679661763,0.01102702563824127,0.008510752773584594,13091632.9,1.216563137819118,False,True
2025-11-03,1335.14404296875,1346.4000244140625,1351.5999755859375,1337.9000244140625,1340.5,11071450,0.0008176433107958125,-0.022648048580724334,-0.01377082290522702,-0.06784824033754422,1378.0400085449219,1391.22599609375,1371.7487506103516,-0.022960134636633822,-0.03222048165111113,-0.018479131972972684,0.010991423382686136,0.008380039267438074,13037020.65,0.8492316072230812,False,True
2025-11-04,1325.7235107421875,1336.9000244140625,1349.800048828125,1333.199951171875,1342.5999755859375,15211183,-0.007055852516145267,-0.01922085807434104,-0.019436702013694518,-0.07391240854556469,1376.7150085449218,1389.0439965820312,1372.2317504882812,-0.02892028043838979,-0.037539467645573144,-0.025747637789059086,0.011084670315849142,0.008414358684646584,13081865.65,1.1627686300233484,False,True
2025-11-06,1309.3614501953125,1320.4000244140625,1342.199951171875,1317.4000244140625,1330.0,24221853,-0.012341984964232222,-0.03648569695653525,-0.040337233094850156,-0.08324655998700903,1373.940008544922,1386.7239965820313,1372.6425006103516,-0.038968210982924356,-0.04782781024302074,-0.03805978335441251,0.01109763721802866,0.008534753402332257,13486635.1,1.7959893494856993,False,True
2025-11-07,1331.7724609375,1343.0,1344.300048828125,1318.5999755859375,1320.4000244140625,7719245,0.01711600664046209,-0.014239594881397588,-0.019922679599604365,-0.06469811465597797,1372.5750061035155,1384.9199975585936,1373.1120007324218,-0.02154709649527531,-0.030268894688857295,-0.02192974842282347,0.01187342320156542,0.008859993165168565,13467555.75,0.5731734208711183,False,True
2025-11-10,1336.730712890625,1348.0,1349.5999755859375,1341.0,1342.9000244140625,8542340,0.0037230081906181045,0.0020069509208944236,-0.020491172919939404,-0.061673379570955866,1371.1650085449219,1383.547998046875,1373.7247509765625,-0.016894398851021286,-0.025693360907649954,-0.018726277559078075,0.011860589806964804,0.00887949173024607,13499194.0,0.6328037066509304,False,True
2025-11-11,1346.944580078125,1358.300048828125,1360.4000244140625,1346.199951171875,1349.0,8305184,0.0076409857775407986,0.008838401810963514,-0.015938563516445625,-0.04479602754702883,1370.065008544922,1382.7319995117186,1374.3515014648438,-0.008587154363785987,-0.01766933194011655,-0.01167929210220997,0.01198736111348946,0.00886630228867321,13530762.4,0.6138001506847832,False,True
2025-11-12,1347.53955078125,1358.9000244140625,1370.0,1355.4000244140625,1370.0,9736761,0.0004417106415148808,0.01645597995230963,-0.014861533737255073,-0.04356702019057335,1369.0400085449219,1381.9539990234375,1375.1652514648438,-0.007406638277603461,-0.016682157745964155,-0.011827834533671755,0.011990250821470424,0.008867562844370918,13571449.55,0.7174444383503602,False,True
2025-11-13,1374.3138427734375,1385.9000244140625,1390.4000244140625,1358.5,1358.9000244140625,18296626,0.019869011343672582,0.04960617902825781,0.0013005193698980566,-0.02900583128828005,1369.1300109863282,1381.4519995117187,1376.0925018310547,0.012248663964098627,0.003219818642932193,0.007127080897510574,0.012821755952181503,0.009234101978218575,13955738.1,1.3110468159330104,False,True
2025-11-14,1361.521728515625,1373.0,1381.199951171875,1363.199951171875,1374.0,9694498,-0.009308048334522812,0.022338049143708183,-0.01816363270209842,-0.04293878198400081,1367.860009765625,1381.0280004882814,1376.9487518310548,0.0037576873347264783,-0.0058130613466511605,-0.0028677551185574135,0.012752288572968458,0.009274467953857363,13991035.5,0.692907826586531,False,True
2025-11-17,1367.4715576171875,1379.0,1382.5,1373.5999755859375,1375.0999755859375,7660717,0.004369992716678706,0.022997032640949655,-0.027023246672285728,-0.03989420516616704,1365.9450073242188,1380.6680004882812,1377.7977520751954,0.009557480429871035,-0.0012081112097125368,0.0008725866499592616,0.01236869120169925,0.009294467664855099,13764819.75,0.5565432122712686,False,True
2025-11-18,1361.9183349609375,1373.4000244140625,1382.800048828125,1369.0999755859375,1380.199951171875,9529560,-0.004060896001405023,0.0111168188493882,-0.04399272744390659,-0.0399831903732889,1362.785009765625,1380.0260009765625,1378.5250024414063,0.0077892070813598835,-0.004801341828205574,-0.0037177258433959137,0.011868405780923836,0.009295036352079759,13389437.0,0.7117222329811179,False,True
2025-11-19,1371.5372314453125,1383.0999755859375,1384.0,1371.5999755859375,1373.5,10393918,0.0070627282652142576,0.017808485346307634,-0.005178790900753016,-0.04349932532092837,1362.4250061035157,1379.6319995117187,1379.2060021972657,0.015175124788373795,0.0025136964606837786,0.0028233442882847903,0.009683423790160274,0.009230127848750514,12742621.55,0.8156812912645907,False,True
2025-11-20,1371.4381103515625,1383.0,1388.300048828125,1375.4000244140625,1380.0999755859375,10131863,-7.228370161393993e-05,-0.0020925206457721446,0.0007235890014472002,-0.0371762903832068,1362.4750061035156,1379.2380004882812,1379.8627520751952,0.015064492049056355,0.0027275927072680783,0.0022735941818030625,0.009588283705021017,0.009197374764407984,13078436.7,0.7746998538441525,False,False
2025-11-21,1358.0509033203125,1369.5,1376.0,1364.5999755859375,1373.0,11483595,-0.009761388286334105,-0.0025491624180626893,0.004253170811614915,-0.0444459624212169,1362.7650085449218,1378.5540014648439,1380.4322521972656,0.0049421517377155055,-0.006567752482110278,-0.007919441305333508,0.009362718750127076,0.009271245587756455,12596369.35,0.9116591202527735,False,False
2025-11-24,1356.960205078125,1368.4000244140625,1377.0,1361.5,1373.300048828125,15896003,-0.000803195024415837,-0.007686711809961944,-0.006750328146489348,-0.03402509671224474,1362.3000122070312,1377.8440014648438,1381.0102520751952,0.004477730420884951,-0.0068541700226883995,-0.009131161511787278,0.009062041475714927,0.00916087380015827,12862656.35,1.2358258331297174,False,False
2025-11-25,1346.4488525390625,1357.800048828125,1376.9000244140625,1354.300048828125,1365.0,12235000,-0.007746255040061323,-0.011358653930848006,-0.01437276938785581,-0.029518924650482004,1361.3100158691407,1376.9680029296876,1381.5215020751953,-0.0025783745069816177,-0.013920406328091994,-0.017170527719936324,0.009213109718441465,0.009079077943738313,12899414.55,0.9484926585292198,False,False
2025-11-26,1363.5050048828125,1375.0,1377.0,1359.9000244140625,1360.0,9659004,0.012667514032511429,-0.005856391966535868,0.008730118573252232,-0.016311380763822325,1361.9050170898438,1376.11400390625,1382.1315020751954,0.009615195440088709,-0.0008095287912831539,-0.005159785493990876,0.009367439075590742,0.00923547226656958,12058469.05,0.8010141221036678,False,False
2025-11-27,1380.5611572265625,1392.199951171875,1394.0,1375.699951171875,1379.0,15158741,0.012509055397727176,0.006652170044739725,0.01590771042720429,-0.013323918375708677,1362.9950134277344,1375.5700024414064,1382.7515020751953,0.02142703198208662,0.01208949650032598,0.00683307816516554,0.009694415613514534,0.0092981755248549,12009937.0,1.2621832237754453,False,False
2025-11-28,1377.189697265625,1388.800048828125,1398.5,1385.5999755859375,1392.0,7683986,-0.002442107788387826,0.014092770228641749,0.019377586568538607,-0.003873119016545079,1364.3150146484375,1374.91400390625,1383.3570025634765,0.017946760034739384,0.01009957341508172,0.003934664916259489,0.009600705230847604,0.009175353275853419,11927916.25,0.6442018739023255,False,False
2025-12-01,1378.478759765625,1390.0999755859375,1400.0,1385.4000244140625,1394.0,8867593,0.0009360071371753431,0.015857900310376483,0.03330106677453637,-0.004939172808920866,1366.5550109863282,1374.3320043945312,1383.945502319336,0.01722943050980108,0.011473189259208816,0.004447048858706726,0.009056740213993776,0.009172372925783193,11574956.0,0.7661016594793103,False,False
2025-12-02,1361.521728515625,1373.0,1381.800048828125,1370.5999755859375,1381.800048828125,12126396,-0.012301255942925748,0.011194543103009602,0.0197563689123621,-0.02312344361437213,1367.885009765625,1373.3580053710937,1384.5260021972656,0.0037393422677036714,-0.0002606788395258519,-0.008324872323794308,0.009582172583421287,0.009270848710393338,11627703.3,1.042888323440451,False,False
2025-12-03,1379.8670654296875,1391.5,1394.199951171875,1367.0,1367.0,7955933,0.013474144209759675,0.01200000000000001,0.04084073198358085,-0.008055352462786769,1370.615008544922,1373.1440063476562,1385.170502319336,0.015237678943301525,0.013367857680978368,0.004569471895384591,0.009769089549375653,0.009438095325300185,11264940.8,0.7062560861393963,False,False
2025-12-04,1375.1070556640625,1386.699951171875,1391.5999755859375,1379.9000244140625,1387.0,7373909,-0.0034495500022457826,-0.0039505819515152085,0.050212000554327174,-0.011406573434776912,1373.9300048828125,1372.8480053710937,1385.8402520751954,0.009294466416541969,0.010089934025170555,0.0006203450184047998,0.009269228615565868,0.009448047852872265,10422543.6,0.7074961048855675,True,False
2025-12-05,1380.858642578125,1392.5,1395.300048828125,1381.0,1381.0,4942638,0.004182627123642257,0.0026641352547454034,0.03685778108711846,-0.007978878365369146,1376.4050048828126,1372.8120043945312,1386.5437518310546,0.011693502319513716,0.01434136323287194,0.004295752053319335,0.008624075815356059,0.009464006649406186,10283713.25,0.4806277537931155,True,False
2025-12-08,1377.98291015625,1389.5999755859375,1394.9000244140625,1383.300048828125,1387.0,7826227,-0.002082602810816847,-0.0003596863598168687,0.03086051601330686,-0.010185945280607345,1378.4850036621094,1372.9500048828124,1387.247251586914,0.00806317942835788,0.012127150037445356,0.0016959658751041218,0.00865524285107775,0.009467441562901252,10247907.6,0.7636902385809958,True,False
2025-12-09,1363.7032470703125,1375.199951171875,1384.300048828125,1373.4000244140625,1379.9000244140625,10492030,-0.010362712051711576,0.001602295099690565,0.012441950773932842,-0.018835634185157546,1379.3299987792968,1372.9380029296874,1387.8227514648438,-0.002994241850084345,0.0016475239503610517,-0.009095398010765754,0.008921247513268858,0.009557622758543063,10357249.9,1.0130131165416796,True,False
2025-12-10,1352.2001953125,1363.5999755859375,1379.4000244140625,1357.9000244140625,1377.9000244140625,8725381,-0.008435119253787482,-0.02005032297093967,0.003458643820321905,-0.03816038474235561,1379.5649963378905,1373.0180029296876,1388.385001220703,-0.011572503502432108,-0.006859361875557579,-0.017851695036300463,0.009150350370422451,0.009487991804017255,10306680.9,0.8465752539209785,True,False
2025-12-11,1348.63037109375,1360.0,1366.5999755859375,1352.800048828125,1363.699951171875,6734750,-0.002640052545021976,-0.01925431031371372,-0.018688234329898856,-0.04184868493191918,1378.2699951171876,1373.2560034179687,1388.9697509765624,-0.013255744652290846,-0.009652973214735794,-0.020857006393547595,0.007904912831618585,0.00948857160246752,9728587.1,0.6922639362503112,True,False
2025-12-12,1354.5802001953125,1366.0,1370.699951171875,1363.300048828125,1368.0,3890885,0.004411764705882337,-0.019030520646319604,-0.0050983248361252675,-0.03911084449971303,1377.9199951171875,1373.6160034179688,1389.4915008544922,-0.008650716412728854,-0.005544492346491237,-0.016906545193004496,0.0077314619426121604,0.009507084060593158,9438406.45,0.41223961063893366,True,False
2025-12-15,1353.786865234375,1365.199951171875,1370.0,1356.0999755859375,1356.0999755859375,5342530,-0.0005856872826683901,-0.01755902766461548,-0.010007287039974666,-0.03804960672061086,1377.2299926757812,1373.4800024414062,1390.0677508544923,-0.008734954632038883,-0.006028519712564573,-0.017889631399139128,0.007655411472340232,0.009506050135701414,9322497.1,0.5730792879517227,True,False
2025-12-16,1354.5802001953125,1366.0,1368.699951171875,1355.5,1364.0,12359741,0.0005860305132872057,-0.0066899007406415745,-0.005388105637481377,-0.03917841533719035,1376.8599914550782,1373.4960034179687,1390.7330010986327,-0.00788750600821897,-0.005457608467235975,-0.017784147697001873,0.007611239158767364,0.009502307288247858,9464006.15,1.305973475091201,True,False
2025-12-17,1341.0938720703125,1352.4000244140625,1365.0,1343.0999755859375,1365.0,9440391,-0.009956058262033274,-0.008213516700205536,-0.022196480163242938,-0.03551556731705252,1375.3249938964843,1373.2760034179687,1391.4032513427735,-0.016668765262145224,-0.01520159017702749,-0.028031576677049586,0.007702320869944489,0.009426584473503032,9416329.8,1.0025552630919956,True,False
2025-12-18,1345.4571533203125,1356.800048828125,1369.5,1345.5,1346.300048828125,7314573,0.003253493296828891,-0.0023529052734374556,-0.018944288627530725,-0.03189436401846235,1374.0149963378906,1372.89400390625,1392.0665014648437,-0.012528937133617801,-0.011722649405076724,-0.02533388498294331,0.007761205791281604,0.009439426943550848,9275465.3,0.7885936460783266,True,False
2025-12-19,1342.7796630859375,1354.0999755859375,1360.4000244140625,1350.800048828125,1354.0,14318512,-0.0019900303250427465,-0.00871158449052889,-0.011244997746668539,-0.028831723326678937,1373.2449951171875,1372.5700024414064,1392.724751586914,-0.01394144497108929,-0.013456528135261547,-0.02773324445980163,0.007485277002334792,0.009421927660875627,9417211.15,1.520462031904212,True,False
2025-12-22,1357.059326171875,1368.5,1371.300048828125,1354.800048828125,1358.0,9375294,0.010634387913515342,0.002417264097682059,7.306020473096808e-05,-0.010269727108791815,1373.2499938964843,1372.4160034179688,1393.5467517089844,-0.0034589433224802013,-0.0028533647292191544,-0.017973384587397723,0.007889983901745216,0.00947100652253875,9091175.7,1.031252096469767,True,False
2025-12-23,1351.605224609375,1363.0,1365.0,1357.0,1361.0999755859375,9105467,-0.004018998903909443,-0.002196193265007307,0.0038296884555004684,-0.009303713020673121,1373.509991455078,1372.0700024414064,1394.330751953125,-0.0076519220977373514,-0.0066104516717570005,-0.02247010037556585,0.007739138393622629,0.009463382683277533,8934699.05,1.0191128933436207,True,False
2025-12-24,1348.43212890625,1359.800048828125,1368.199951171875,1357.5999755859375,1363.800048828125,8955140,-0.0023477264650586527,0.0054717718725778575,-0.0110545099431818,0.0001471559618859697,1372.7499938964843,1371.6780029296874,1395.0777520751953,-0.00943357867487693,-0.008659433246135717,-0.025287266745236514,0.007175825642880362,0.009343960090529565,8899505.85,1.0062513751816906,True,False
2025-12-26,1339.110595703125,1350.4000244140625,1362.0,1348.5,1356.5,2812144,-0.006912798997296243,-0.004716998956176499,-0.03002437022255866,0.0017061411392171877,1370.6599975585937,1371.00400390625,1395.7512524414062,-0.014781180730901955,-0.015028387541891175,-0.03249234270649348,0.006610089429102646,0.009322224429006078,8282176.0,0.33954168566328463,False,False
2025-12-29,1332.070068359375,1343.300048828125,1355.699951171875,1341.5,1352.0999755859375,6057201,-0.005257683247612666,-0.00797572332363361,-0.03276209562232746,-0.0034866106616283643,1368.3849975585938,1369.9020043945313,1396.3775024414062,-0.018331791692560273,-0.01941887484000282,-0.03801081979656751,0.00666094503001835,0.009347578802539525,8200836.75,0.7386076792712646,False,False
2025-12-30,1331.276611328125,1342.5,1347.0999755859375,1338.0999755859375,1343.300048828125,18621277,-0.0005955846043651514,-0.018998903909389853,-0.03424212389175374,-0.02150145772594747,1366.0049987792968,1368.4060034179688,1397.0172521972656,-0.017207110369509282,-0.01893151838947027,-0.039024036468783385,0.006638499429238145,0.009050164054221006,8688520.95,2.1432044771670835,False,False
2025-12-31,1331.67333984375,1342.9000244140625,1350.0,1339.5,1342.800048828125,6150634,0.00029796976838913913,-0.01474686396620506,-0.021922779013792804,-0.016334549923379682,1364.5,1366.5320043945312,1397.6575024414062,-0.015829956457264593,-0.0172933966452834,-0.03917803748893722,0.00616222669854915,0.00902995802289507,8389732.85,0.733114404232788,False,False
