Date,Stock_Close,Stock_Return_20D,Stock,NIFTY_Close,NIFTY_Return_20D,Relative_Return_20D,Relative_Strength_Positive
2019-10-29,621.25,0.0,HDFCBANK,11786.849609375,0.030300991953317036,-0.030300991953317036,False
2019-10-29,477.3999938964844,0.0563114968515474,ICICIBANK,11786.849609375,0.030300991953317036,0.026010504898230362,True
2019-10-29,650.6500244140625,-0.1685514860857702,INFY,11786.849609375,0.030300991953317036,-0.19885247803908723,False
2019-10-29,670.6859130859375,0.1312847146116735,RELIANCE,11786.849609375,0.030300991953317036,0.10098372265835645,True
2019-10-29,2194.85009765625,0.0513747820381929,TCS,11786.849609375,0.030300991953317036,0.021073790084875865,True
2019-10-30,624.1749877929688,0.003335496364675,HDFCBANK,11844.099609375,0.023584365446641442,-0.020248869081966443,False
2019-10-30,471.1499938964844,0.0488646061731106,ICICIBANK,11844.099609375,0.023584365446641442,0.025280240726469158,True
2019-10-30,660.5999755859375,-0.1554590062942992,INFY,11844.099609375,0.023584365446641442,-0.17904337174094065,False
2019-10-30,676.1947631835938,0.1299033846183972,RELIANCE,11844.099609375,0.023584365446641442,0.10631901917175576,True
2019-10-30,2252.800048828125,0.0956399853241336,TCS,11844.099609375,0.023584365446641442,0.07205561987749216,True
2019-10-31,615.1749877929688,0.0023626416794377,HDFCBANK,11877.4501953125,0.031709269335765455,-0.029346627656327756,False
2019-10-31,463.0499877929688,0.0676734488352446,ICICIBANK,11877.4501953125,0.031709269335765455,0.03596417949947915,True
2019-10-31,685.5999755859375,-0.1490101721469389,INFY,11877.4501953125,0.031709269335765455,-0.18071944148270436,False
2019-10-31,669.4515380859375,0.0991555428753871,RELIANCE,11877.4501953125,0.031709269335765455,0.06744627353962164,True
2019-10-31,2269.64990234375,0.0811460246527018,TCS,11877.4501953125,0.031709269335765455,0.04943675531693635,True
2019-11-01,620.0250244140625,-0.0070067261834358,HDFCBANK,11890.599609375,0.036267481838258675,-0.043274208021694474,False
2019-11-01,462.25,0.0886716753539222,ICICIBANK,11890.599609375,0.036267481838258675,0.05240419351566353,True
2019-11-01,687.9000244140625,-0.1331358641599141,INFY,11890.599609375,0.036267481838258675,-0.16940334599817278,False
2019-11-01,666.045654296875,0.1164839707058946,RELIANCE,11890.599609375,0.036267481838258675,0.08021648886763592,True
2019-11-01,2200.89990234375,0.068423968791907,TCS,11890.599609375,0.036267481838258675,0.032156486953648325,True
2019-11-04,618.4249877929688,0.0108699491046979,HDFCBANK,11941.2998046875,0.0511799746538546,-0.0403100255491567,False
2019-11-04,470.5,0.1010999612477452,ICICIBANK,11941.2998046875,0.0511799746538546,0.0499199865938906,True
2019-11-04,709.0,-0.0975050636028923,INFY,11941.2998046875,0.0511799746538546,-0.1486850382567469,False
2019-11-04,666.3885498046875,0.1118187340282046,RELIANCE,11941.2998046875,0.0511799746538546,0.060638759374349996,True
2019-11-04,2193.949951171875,0.0648950133099746,TCS,11941.2998046875,0.0511799746538546,0.013715038656120004,True
2019-11-05,619.75,0.0418593350189442,HDFCBANK,11917.2001953125,0.053314494901228526,-0.011455159882284328,False
2019-11-05,468.3500061035156,0.1315535467745117,ICICIBANK,11917.2001953125,0.053314494901228526,0.07823905187328317,True
2019-11-05,696.0999755859375,-0.1226920853530627,INFY,11917.2001953125,0.053314494901228526,-0.17600658025429122,False
2019-11-05,661.6568603515625,0.1064139144237139,RELIANCE,11917.2001953125,0.053314494901228526,0.05309941952248537,True
2019-11-05,2201.85009765625,0.0589126382027136,TCS,11917.2001953125,0.053314494901228526,0.005598143301485073,True
2019-11-06,628.3250122070312,0.0587665334613447,HDFCBANK,11966.0498046875,0.07081141007069514,-0.012044876609350434,False
2019-11-06,480.7000122070313,0.1552511539436141,ICICIBANK,11966.0498046875,0.07081141007069514,0.08443974387291897,True
2019-11-06,712.2999877929688,-0.0978405435936198,INFY,11966.0498046875,0.07081141007069514,-0.16865195366431493,False
2019-11-06,655.9879760742188,0.0952598352642721,RELIANCE,11966.0498046875,0.07081141007069514,0.02444842519357697,True
2019-11-06,2188.5,0.0687600977611719,TCS,11966.0498046875,0.07081141007069514,-0.00205131230952324,False
2019-11-07,631.8499755859375,0.0289459154428408,HDFCBANK,12012.0498046875,0.07959891635831662,-0.05065300091547582,False
2019-11-07,478.5499877929688,0.0958323206231035,ICICIBANK,12012.0498046875,0.07959891635831662,0.01623340426478688,True
2019-11-07,720.0999755859375,-0.0810949363214038,INFY,12012.0498046875,0.07959891635831662,-0.16069385267972042,False
2019-11-07,666.8228759765625,0.1010380281093981,RELIANCE,12012.0498046875,0.07959891635831662,0.021439111751081485,True
2019-11-07,2185.35009765625,0.0818029424619846,TCS,12012.0498046875,0.07959891635831662,0.0022040261036679887,True
2019-11-08,627.7999877929688,0.0458539207187136,HDFCBANK,11908.150390625,0.05257975977009233,-0.006725839051378725,False
2019-11-08,489.4500122070313,0.1551805478067174,ICICIBANK,11908.150390625,0.05257975977009233,0.10260078803662506,True
2019-11-08,708.1500244140625,-0.0956515733944549,INFY,11908.150390625,0.05257975977009233,-0.14823133316454723,False
2019-11-08,660.833984375,0.0607227834932468,RELIANCE,11908.150390625,0.05257975977009233,0.008143023723154473,True
2019-11-08,2129.949951171875,0.0626106927372409,TCS,11908.150390625,0.05257975977009233,0.010030932967148576,True
2019-11-11,632.375,0.0550133037084406,HDFCBANK,11913.4501953125,0.06042969254911634,-0.0054163888406757454,False
2019-11-11,496.7999877929688,0.159257967434528,ICICIBANK,11913.4501953125,0.06042969254911634,0.09882827488541165,True
2019-11-11,704.4000244140625,-0.1354933296917987,INFY,11913.4501953125,0.06042969254911634,-0.19592302224091504,False
2019-11-11,652.7421264648438,0.0555966220598556,RELIANCE,11913.4501953125,0.06042969254911634,-0.004833070489260745,False
2019-11-11,2100.949951171875,0.0574275747982877,TCS,11913.4501953125,0.06042969254911634,-0.003002117750828641,False
2019-11-13,628.7750244140625,0.0441298765664837,HDFCBANK,11840.4501953125,0.047359401318427086,-0.003229524751943387,False
2019-11-13,485.75,0.1326804082701818,ICICIBANK,11840.4501953125,0.047359401318427086,0.08532100695175471,True
2019-11-13,691.3499755859375,-0.1205317427078863,INFY,11840.4501953125,0.047359401318427086,-0.1678911440263134,False
2019-11-13,673.0859985351562,0.0841678537826973,RELIANCE,11840.4501953125,0.047359401318427086,0.03680845246427021,True
2019-11-13,2178.60009765625,0.0779812457477733,TCS,11840.4501953125,0.047359401318427086,0.03062184442934622,True
2019-11-14,636.9500122070312,0.0415763652801124,HDFCBANK,11872.099609375,0.04681616947685496,-0.00523980419674256,False
2019-11-14,498.6499938964844,0.1546833086693453,ICICIBANK,11872.099609375,0.04681616947685496,0.10786713919249033,True
2019-11-14,705.2999877929688,-0.0819992203578902,INFY,11872.099609375,0.04681616947685496,-0.12881538983474516,False
2019-11-14,668.7200927734375,0.0722794346127213,RELIANCE,11872.099609375,0.04681616947685496,0.02546326513586633,True
2019-11-14,2196.800048828125,0.0782898916100973,TCS,11872.099609375,0.04681616947685496,0.03147372213324234,True
2019-11-15,638.9500122070312,0.0465154778181613,HDFCBANK,11895.4501953125,0.04087663069824177,0.005638847119919535,True
2019-11-15,499.8500061035156,0.1482885828640252,ICICIBANK,11895.4501953125,0.04087663069824177,0.10741195216578342,True
2019-11-15,703.9000244140625,-0.0875623653173792,INFY,11895.4501953125,0.04087663069824177,-0.12843899601562098,False
2019-11-15,672.4231567382812,0.0717746866364534,RELIANCE,11895.4501953125,0.04087663069824177,0.030898055938211627,True
2019-11-15,2174.449951171875,0.0625732629154343,TCS,11895.4501953125,0.04087663069824177,0.021696632217192535,True
2019-11-18,631.0250244140625,0.0344672531378074,HDFCBANK,11884.5,0.03668004187020246,-0.0022127887323950615,False
2019-11-18,498.3500061035156,0.1310712646391385,ICICIBANK,11884.5,0.03668004187020246,0.09439122276893605,True
2019-11-18,705.2000122070312,-0.0835607378726039,INFY,11884.5,0.03668004187020246,-0.12024077974280636,False
2019-11-18,667.09716796875,0.0448980184956466,RELIANCE,11884.5,0.03668004187020246,0.008217976625444136,True
2019-11-18,2152.60009765625,0.059898150820596,TCS,11884.5,0.03668004187020246,0.023218108950393536,True
2019-11-19,635.9500122070312,0.0349064478552176,HDFCBANK,11940.099609375,0.030531617975152914,0.0043748298800646845,True
2019-11-19,493.5,0.1272270757425675,ICICIBANK,11940.099609375,0.030531617975152914,0.09669545776741459,True
2019-11-19,712.8499755859375,-0.0716285755665098,INFY,11940.099609375,0.030531617975152914,-0.10216019354166271,False
2019-11-19,690.2069091796875,0.065944157113873,RELIANCE,11940.099609375,0.030531617975152914,0.035412539138720084,True
2019-11-19,2108.800048828125,0.0250078735896661,TCS,11940.099609375,0.030531617975152914,-0.005523744385486813,False
2019-11-20,636.6749877929688,0.0274751274237501,HDFCBANK,11999.099609375,0.02891908327551085,-0.001443955851760749,False
2019-11-20,495.0,0.0971960693710591,ICICIBANK,11999.099609375,0.02891908327551085,0.06827698609554825,True
2019-11-20,713.0,0.1079170437796255,INFY,11999.099609375,0.02891908327551085,0.07899796050411464,True
2019-11-20,707.5335083007812,0.0944029456908546,RELIANCE,11999.099609375,0.02891908327551085,0.06548386241534375,True
2019-11-20,2108.550048828125,0.0278590958394218,TCS,11999.099609375,0.02891908327551085,-0.0010599874360890486,False
2019-11-21,641.6749877929688,0.0336259671560457,HDFCBANK,11968.400390625,0.03279593678659287,0.0008300303694528249,True
2019-11-21,498.25,0.094814311838681,ICICIBANK,11968.400390625,0.03279593678659287,0.062018375052088126,True
2019-11-21,713.25,0.0962957681602112,INFY,11968.400390625,0.03279593678659287,0.06349983137361832,True
2019-11-21,702.93896484375,0.1042803819558471,RELIANCE,11968.400390625,0.03279593678659287,0.07148444516925423,True
2019-11-21,2118.10009765625,0.0231872845445229,TCS,11968.400390625,0.03279593678659287,-0.00960865224206997,False
2019-11-22,632.375,0.0231777566377524,HDFCBANK,11914.400390625,0.02674061682470441,-0.0035628601869520105,False
2019-11-22,496.7999877929688,0.0924683623814597,ICICIBANK,11914.400390625,0.02674061682470441,0.06572774555675528,True
2019-11-22,693.2000122070312,0.0910522371040352,INFY,11914.400390625,0.02674061682470441,0.0643116202793308,True
2019-11-22,707.0077514648438,0.0766124838593378,RELIANCE,11914.400390625,0.02674061682470441,0.049871867034633394,True
2019-11-22,2071.699951171875,-0.0049471896388688,TCS,11914.400390625,0.02674061682470441,-0.03168780646357321,False
2019-11-25,635.5499877929688,0.0342554724051566,HDFCBANK,12073.75,0.04240415858176272,-0.00814868617660612,False
2019-11-25,497.7999877929688,0.0611809450352469,ICICIBANK,12073.75,0.04240415858176272,0.018776786453484184,True
2019-11-25,698.0999755859375,0.0951446579613655,INFY,12073.75,0.04240415858176272,0.052740499379602776,True
2019-11-25,713.8881225585938,0.0910773830656994,RELIANCE,12073.75,0.04240415858176272,0.04867322448393668,True
2019-11-25,2081.5,-0.0204475174334873,TCS,12073.75,0.04240415858176272,-0.06285167601525002,False
2019-11-26,637.5250244140625,0.0301770211923222,HDFCBANK,12037.7001953125,0.03917504375769365,-0.008998022565371449,False
2019-11-26,510.7000122070313,0.0876371536233668,ICICIBANK,12037.7001953125,0.03917504375769365,0.04846210986567315,True
2019-11-26,690.5999755859375,0.0643446121151474,INFY,12037.7001953125,0.03917504375769365,0.02516956835745375,True
2019-11-26,713.2938232421875,0.0878507999607924,RELIANCE,12037.7001953125,0.03917504375769365,0.04867575620309875,True
2019-11-26,2046.6500244140625,-0.0326369184437358,TCS,12037.7001953125,0.03917504375769365,-0.07181196220142945,False
2019-11-27,639.2000122070312,0.0288933798101107,HDFCBANK,12100.7001953125,0.026627181676083245,0.0022661981340274563,True
2019-11-27,505.5,0.0588605078818007,ICICIBANK,12100.7001953125,0.026627181676083245,0.03223332620571746,True
2019-11-27,695.75,0.0693152599610702,INFY,12100.7001953125,0.026627181676083245,0.042688078284986955,True
2019-11-27,717.6826171875,0.0700725975968734,RELIANCE,12100.7001953125,0.026627181676083245,0.043445415920790154,True
2019-11-27,2054.300048828125,-0.0640362861127554,TCS,12100.7001953125,0.026627181676083245,-0.09066346778883864,False
2019-11-28,632.6500244140625,0.0135779817949142,HDFCBANK,12151.150390625,0.025924366678490296,-0.012346384883576096,False
2019-11-28,519.1500244140625,0.1018784487729913,ICICIBANK,12151.150390625,0.025924366678490296,0.07595408209450101,True
2019-11-28,701.8499755859375,0.0624432357318998,INFY,12151.150390625,0.025924366678490296,0.0365188690534095,True
2019-11-28,722.4600219726562,0.0684200193613464,RELIANCE,12151.150390625,0.025924366678490296,0.0424956526828561,True
2019-11-28,2077.35009765625,-0.077880836012562,TCS,12151.150390625,0.025924366678490296,-0.1038052026910523,False
2019-11-29,637.4749755859375,0.0362498284804673,HDFCBANK,12056.0498046875,0.015036864515372672,0.02121296396509463,True
2019-11-29,512.5999755859375,0.107007858976821,ICICIBANK,12056.0498046875,0.015036864515372672,0.09197099446144832,True
2019-11-29,696.3499755859375,0.0156796971744532,INFY,12056.0498046875,0.015036864515372672,0.0006428326590805292,True
2019-11-29,709.1336059570312,0.0592754898801946,RELIANCE,12056.0498046875,0.015036864515372672,0.044238625364821926,True
2019-11-29,2053.25,-0.0953450583370963,TCS,12056.0498046875,0.015036864515372672,-0.11038192285246898,False
2019-12-02,632.875,0.0207249305753118,HDFCBANK,12048.2001953125,0.01325421687004269,0.007470713705269111,True
2019-12-02,510.8999938964844,0.105246065757673,ICICIBANK,12048.2001953125,0.01325421687004269,0.0919918488876303,True
2019-12-02,692.7000122070312,0.0069777404021134,INFY,12048.2001953125,0.01325421687004269,-0.0062764764679292895,False
2019-12-02,725.29443359375,0.0889560331407344,RELIANCE,12048.2001953125,0.01325421687004269,0.07570181627069171,True
2019-12-02,2021.050048828125,-0.0817165075631571,TCS,12048.2001953125,0.01325421687004269,-0.09497072443319979,False
2019-12-03,627.7000122070312,0.0149978163837836,HDFCBANK,11994.2001953125,0.0044300362180198505,0.010567780165763749,True
2019-12-03,509.3500061035156,0.0825717451721905,ICICIBANK,11994.2001953125,0.0044300362180198505,0.07814170895417065,True
2019-12-03,698.3499755859375,-0.015021190993036,INFY,11994.2001953125,0.0044300362180198505,-0.019451227211055848,False
2019-12-03,721.8199462890625,0.0831817961167271,RELIANCE,11994.2001953125,0.0044300362180198505,0.07875175989870725,True
2019-12-03,2051.0,-0.0651564321672515,TCS,11994.2001953125,0.0044300362180198505,-0.06958646838527136,False
2019-12-04,625.8250122070312,0.0098023593497882,HDFCBANK,12043.2001953125,0.010572953205028934,-0.0007705938552407341,False
2019-12-04,529.25,0.1300309450258108,ICICIBANK,12043.2001953125,0.010572953205028934,0.11945799182078187,True
2019-12-04,708.8499755859375,0.0183163345024797,INFY,12043.2001953125,0.010572953205028934,0.007743381297450766,True
2019-12-04,709.8422241210938,0.0728253066762258,RELIANCE,12043.2001953125,0.010572953205028934,0.06225235347119687,True
2019-12-04,2078.5,-0.0560211150557203,TCS,12043.2001953125,0.010572953205028934,-0.06659406826074923,False
2019-12-05,622.7999877929688,-0.0087932587541843,HDFCBANK,12018.400390625,0.0043749262949743795,-0.01316818504915868,False
2019-12-05,528.0999755859375,0.098606120605821,ICICIBANK,12018.400390625,0.0043749262949743795,0.09423119431084662,True
2019-12-05,714.8499755859375,0.0035799351911682,INFY,12018.400390625,0.0043749262949743795,-0.0007949911038061795,False
2019-12-05,708.9964599609375,0.0808070968067886,RELIANCE,12018.400390625,0.0043749262949743795,0.07643217051181422,True
2019-12-05,2121.300048828125,-0.030705940677119,TCS,12018.400390625,0.0043749262949743795,-0.03508086697209338,False
2019-12-06,623.0250244140625,-0.0139668457907137,HDFCBANK,11921.5,-0.0075382475230967305,-0.006428598267616969,False
2019-12-06,524.7999877929688,0.0966461209482021,ICICIBANK,11921.5,-0.0075382475230967305,0.10418436847129883,True
2019-12-06,715.0999755859375,-0.0069434803076219,INFY,11921.5,-0.0075382475230967305,0.0005947672154748302,True
2019-12-06,710.8479614257812,0.0660221582601585,RELIANCE,11921.5,-0.0075382475230967305,0.07356040578325523,True
2019-12-06,2123.60009765625,-0.0282563421148061,TCS,11921.5,-0.0075382475230967305,-0.02071809459170937,False
2019-12-09,621.4749755859375,-0.0100748842466003,HDFCBANK,11937.5,0.002464665662780474,-0.012539549909380774,False
2019-12-09,526.5,0.0756971843271647,ICICIBANK,11937.5,0.002464665662780474,0.07323251866438422,True
2019-12-09,717.25,0.0128503498866177,INFY,11937.5,0.002464665662780474,0.010385684223837226,True
2019-12-09,718.9398193359375,0.0879280368970316,RELIANCE,11937.5,0.002464665662780474,0.08546337123425113,True
2019-12-09,2060.449951171875,-0.0326298746887276,TCS,11937.5,0.002464665662780474,-0.03509454035150807,False
2019-12-10,624.75,-0.0120577189167819,HDFCBANK,11856.7998046875,-0.004755162416953729,-0.007302556499828172,False
2019-12-10,528.7000122070312,0.064211000800902,ICICIBANK,11856.7998046875,-0.004755162416953729,0.06896616321785573,True
2019-12-10,714.5499877929688,0.0144093739737576,INFY,11856.7998046875,-0.004755162416953729,0.019164536390711327,True
2019-12-10,714.0709838867188,0.0939557214638853,RELIANCE,11856.7998046875,-0.004755162416953729,0.09871088388083903,True
2019-12-10,2012.8499755859373,-0.0419334004300279,TCS,11856.7998046875,-0.004755162416953729,-0.03717823801307417,False
2019-12-11,624.375,-0.006997772244791,HDFCBANK,11910.150390625,0.005886616991986893,-0.012884389236777892,False
2019-12-11,533.5499877929688,0.0984045039484688,ICICIBANK,11910.150390625,0.005886616991986893,0.0925178869564819,True
2019-12-11,721.0499877929688,0.0429594463814939,INFY,11910.150390625,0.005886616991986893,0.037072829389507005,True
2019-12-11,714.2767333984375,0.061196838075558,RELIANCE,11910.150390625,0.005886616991986893,0.05531022108357111,True
2019-12-11,2041.9000244140625,-0.0627467488821148,TCS,11910.150390625,0.005886616991986893,-0.0686333658741017,False
2019-12-12,631.7999877929688,-0.0080854451925005,HDFCBANK,11971.7998046875,0.008397857042386159,-0.016483302234886657,False
2019-12-12,535.3499755859375,0.0735986807152588,ICICIBANK,11971.7998046875,0.008397857042386159,0.06520082367287264,True
2019-12-12,702.0999755859375,-0.00453709380748,INFY,11971.7998046875,0.008397857042386159,-0.012934950849866159,False
2019-12-12,716.9282836914062,0.0720902384105597,RELIANCE,11971.7998046875,0.008397857042386159,0.06369238136817354,True
2019-12-12,2020.9000244140625,-0.080071021715379,TCS,11971.7998046875,0.008397857042386159,-0.08846887875776516,False
2019-12-13,631.9249877929688,-0.010994638516082,HDFCBANK,12086.7001953125,0.016077575615873974,-0.02707221413195597,False
2019-12-13,537.0499877929688,0.0744222891571781,ICICIBANK,12086.7001953125,0.016077575615873974,0.05834471354130413,True
2019-12-13,711.2999877929688,0.010512804549291,INFY,12086.7001953125,0.016077575615873974,-0.005564771066582973,False
2019-12-13,723.6486206054688,0.0761803982415871,RELIANCE,12086.7001953125,0.016077575615873974,0.06010282262571312,True
2019-12-13,2071.25,-0.0474602559218516,TCS,12086.7001953125,0.016077575615873974,-0.06353783153772558,False
2019-12-16,628.6749877929688,-0.0037241575693069,HDFCBANK,12053.9501953125,0.014258083664647314,-0.017982241233954213,False
2019-12-16,539.25,0.0820708204987736,ICICIBANK,12053.9501953125,0.014258083664647314,0.06781273683412628,True
2019-12-16,714.0,0.012478711912423,INFY,12053.9501953125,0.014258083664647314,-0.0017793717522243142,False
2019-12-16,716.1968383789062,0.0736019769948361,RELIANCE,12053.9501953125,0.014258083664647314,0.05934389333018879,True
2019-12-16,2126.75,-0.0120087784463057,TCS,12053.9501953125,0.014258083664647314,-0.026266862110953013,False
2019-12-17,635.5499877929688,-0.000629018643579,HDFCBANK,12165.0,0.018835721474920852,-0.019464740118499853,False
2019-12-17,541.1500244140625,0.0965552673030647,ICICIBANK,12165.0,0.018835721474920852,0.07771954582814385,True
2019-12-17,729.7000122070312,0.0236375635802521,INFY,12165.0,0.018835721474920852,0.004801842105331248,True
2019-12-17,714.4138793945312,0.0350720485305107,RELIANCE,12165.0,0.018835721474920852,0.016236327055589847,True
2019-12-17,2164.949951171875,0.0266264705252414,TCS,12165.0,0.018835721474920852,0.007790749050320546,True
2019-12-18,646.1749877929688,0.0149212709500834,HDFCBANK,12221.650390625,0.018547290088009483,-0.003626019137926083,False
2019-12-18,541.4000244140625,0.093737423058712,ICICIBANK,12221.650390625,0.018547290088009483,0.07519013297070251,True
2019-12-18,732.4500122070312,0.0272791195049526,INFY,12221.650390625,0.018547290088009483,0.008731829416943119,True
2019-12-18,720.4255981445312,0.0182211721317788,RELIANCE,12221.650390625,0.018547290088009483,-0.0003261179562306822,False
2019-12-18,2167.75,0.0280761422783284,TCS,12221.650390625,0.018547290088009483,0.009528852190318918,True
2019-12-19,644.4000244140625,0.0042467552467122,HDFCBANK,12259.7001953125,0.02433907583135997,-0.020092320584647768,False
2019-12-19,540.2000122070312,0.0841947058846588,ICICIBANK,12259.7001953125,0.02433907583135997,0.05985563005329883,True
2019-12-19,730.8499755859375,0.0246757456515072,INFY,12259.7001953125,0.02433907583135997,0.0003366698201472326,True
2019-12-19,736.0149536132812,0.0470538559160444,RELIANCE,12259.7001953125,0.02433907583135997,0.02271478008468443,True
2019-12-19,2229.050048828125,0.0523818261916162,TCS,12259.7001953125,0.02433907583135997,0.028042750360256233,True
2019-12-20,648.3499755859375,0.0252618708613361,HDFCBANK,12271.7998046875,0.02999726401202074,-0.004735393150684643,False
2019-12-20,546.0999755859375,0.099235082536905,ICICIBANK,12271.7998046875,0.02999726401202074,0.06923781852488425,True
2019-12-20,731.5499877929688,0.0553231028716194,INFY,12271.7998046875,0.02999726401202074,0.02532583885959866,True
2019-12-20,731.0547485351562,0.0340123527931479,RELIANCE,12271.7998046875,0.02999726401202074,0.004015088781127156,True
2019-12-20,2222.89990234375,0.0729835182388971,TCS,12271.7998046875,0.02999726401202074,0.04298625422687635,True
2019-12-23,651.2000122070312,0.0246243800088947,HDFCBANK,12262.75,0.015653794388652997,0.008970585620241701,True
2019-12-23,541.2999877929688,0.0873844939065993,ICICIBANK,12262.75,0.015653794388652997,0.0717306995179463,True
2019-12-23,736.0,0.0542902531721933,INFY,12262.75,0.015653794388652997,0.0386364587835403,True
2019-12-23,718.3912353515625,0.0063078690493258,RELIANCE,12262.75,0.015653794388652997,-0.009345925339327196,False
2019-12-23,2231.699951171875,0.0721594769021738,TCS,12262.75,0.015653794388652997,0.0565056825135208,True
2019-12-24,644.5750122070312,0.0110583702960496,HDFCBANK,12214.5498046875,0.014691312003588974,-0.003632941707539375,False
2019-12-24,541.0999755859375,0.0595260674608764,ICICIBANK,12214.5498046875,0.014691312003588974,0.04483475545728743,True
2019-12-24,733.4000244140625,0.0619751670159145,INFY,12214.5498046875,0.014691312003588974,0.04728385501232552,True
2019-12-24,706.9849243164062,-0.0088447407228411,RELIANCE,12214.5498046875,0.014691312003588974,-0.023536052726430074,False
2019-12-24,2215.60009765625,0.0825495669639739,TCS,12214.5498046875,0.014691312003588974,0.06785825496038493,True
2019-12-26,635.2249755859375,-0.0062187680619227,HDFCBANK,12126.5498046875,0.0021362077365583154,-0.008354975798481015,False
2019-12-26,538.75,0.065776458951533,ICICIBANK,12126.5498046875,0.0021362077365583154,0.06364025121497469,True
2019-12-26,728.9500122070312,0.047718307160663,INFY,12126.5498046875,0.0021362077365583154,0.04558209942410468,True
2019-12-26,692.7899169921875,-0.0346848308697562,RELIANCE,12126.5498046875,0.0021362077365583154,-0.03682103860631451,False
2019-12-26,2201.949951171875,0.0718735816746813,TCS,12126.5498046875,0.0021362077365583154,0.06973737393812299,True
2019-12-27,637.5,0.0076661272406166,HDFCBANK,12245.7998046875,0.007789337718634881,-0.00012321047801828154,False
2019-12-27,549.4000244140625,0.0582683204804652,ICICIBANK,12245.7998046875,0.007789337718634881,0.05047898276183032,True
2019-12-27,736.9500122070312,0.0500107399616143,INFY,12245.7998046875,0.007789337718634881,0.04222140224297942,True
2019-12-27,705.1105346679688,-0.0240144600075105,RELIANCE,12245.7998046875,0.007789337718634881,-0.03180379772614538,False
2019-12-27,2198.5,0.0583194438339671,TCS,12245.7998046875,0.007789337718634881,0.05053010611533222,True
2019-12-30,641.0750122070312,0.0056473379488892,HDFCBANK,12255.849609375,0.016572576252116722,-0.010925238303227522,False
2019-12-30,543.9500122070312,0.0611588726379834,ICICIBANK,12255.849609375,0.016572576252116722,0.044586296385866676,True
2019-12-30,732.9000244140625,0.0524880449624058,INFY,12255.849609375,0.016572576252116722,0.03591546871028908,True
2019-12-30,705.956298828125,-0.0044805479562884,RELIANCE,12255.849609375,0.016572576252116722,-0.021053124208405122,False
2019-12-30,2183.199951171875,0.0632898824652989,TCS,12255.849609375,0.016572576252116722,0.04671730621318218,True
2019-12-31,636.0499877929688,0.0050167691771183,HDFCBANK,12168.4501953125,0.009980743849756557,-0.004963974672638257,False
2019-12-31,538.9000244140625,0.0548053060326545,ICICIBANK,12168.4501953125,0.009980743849756557,0.044824562182897945,True
2019-12-31,731.1500244140625,0.0555074513201241,INFY,12168.4501953125,0.009980743849756557,0.04552670747036754,True
2019-12-31,692.1727294921875,-0.0456665632155044,RELIANCE,12168.4501953125,0.009980743849756557,-0.055647307065260956,False
2019-12-31,2161.699951171875,0.0695924885310503,TCS,12168.4501953125,0.009980743849756557,0.05961174468129374,True
2020-01-01,639.2999877929688,0.0184801264303808,HDFCBANK,12182.5,0.015699238100185253,0.0027808883301955467,True
2020-01-01,536.75,0.0537940386142172,ICICIBANK,12182.5,0.015699238100185253,0.03809480051403195,True
2020-01-01,736.8499755859375,0.0551299510932141,INFY,12182.5,0.015699238100185253,0.039430712993028846,True
2020-01-01,690.1383056640625,-0.0438913343803784,RELIANCE,12182.5,0.015699238100185253,-0.05959057248056365,False
2020-01-01,2167.60009765625,0.0568503645325451,TCS,12182.5,0.015699238100185253,0.041151126432359846,True
2020-01-02,643.375,0.0280429632095993,HDFCBANK,12282.2001953125,0.019845223538924817,0.008197739670674484,True
2020-01-02,540.5999755859375,0.0214453955331836,ICICIBANK,12282.2001953125,0.019845223538924817,0.0016001719942587839,True
2020-01-02,734.7000122070312,0.0364675707292307,INFY,12282.2001953125,0.019845223538924817,0.016622347190305885,True
2020-01-02,701.8875122070312,-0.0112063098583798,RELIANCE,12282.2001953125,0.019845223538924817,-0.03105153339730462,False
2020-01-02,2157.64990234375,0.0380802994196536,TCS,12282.2001953125,0.019845223538924817,0.018235075880728785,True
2020-01-03,634.2000122070312,0.0183044711584869,HDFCBANK,12226.650390625,0.017327597120366134,0.000976874038120766,True
2020-01-03,538.8499755859375,0.0203559941241668,ICICIBANK,12226.650390625,0.017327597120366134,0.0030283970038006668,True
2020-01-03,746.0,0.0435756109364484,INFY,12226.650390625,0.017327597120366134,0.026248013816082265,True
2020-01-03,702.7332763671875,-0.008833871461213,RELIANCE,12226.650390625,0.017327597120366134,-0.026161468581579132,False
2020-01-03,2200.64990234375,0.0374062375379005,TCS,12226.650390625,0.017327597120366134,0.020078640417534363,True
2020-01-06,620.4749755859375,-0.0040930118826659,HDFCBANK,11993.0498046875,0.0060017451400831145,-0.010094757022749014,False
2020-01-06,525.7000122070312,0.0017149855849798,ICICIBANK,11993.0498046875,0.0060017451400831145,-0.004286759555103314,False
2020-01-06,738.8499755859375,0.0332121392963826,INFY,11993.0498046875,0.0060017451400831145,0.027210394156299486,True
2020-01-06,686.435302734375,-0.0343430100614492,RELIANCE,11993.0498046875,0.0060017451400831145,-0.040344755201532315,False
2020-01-06,2200.449951171875,0.0361884771056668,TCS,11993.0498046875,0.0060017451400831145,0.030186731965583684,True
2020-01-07,630.2999877929688,0.0142001086990042,HDFCBANK,12052.9501953125,0.009671220549738235,0.004528888149265964,True
2020-01-07,522.9000244140625,-0.0068375604671178,ICICIBANK,12052.9501953125,0.009671220549738235,-0.016508781016856034,False
2020-01-07,727.9000244140625,0.0148484132646391,INFY,12052.9501953125,0.009671220549738235,0.005177192714900865,True
2020-01-07,696.995849609375,-0.030522679557284,RELIANCE,12052.9501953125,0.009671220549738235,-0.040193900107022236,False
2020-01-07,2205.85009765625,0.0705671818923237,TCS,12052.9501953125,0.009671220549738235,0.06089596134258546,True
2020-01-08,628.6500244140625,0.0062425360769307,HDFCBANK,12025.349609375,0.014215455052287052,-0.007972918975356352,False
2020-01-08,525.9500122070312,-0.0052014373680837,ICICIBANK,12025.349609375,0.014215455052287052,-0.01941689242037075,False
2020-01-08,718.2000122070312,0.0051081442536109,INFY,12025.349609375,0.014215455052287052,-0.009107310798676152,False
2020-01-08,691.7612915039062,-0.0312429616750142,RELIANCE,12025.349609375,0.014215455052287052,-0.04545841672730125,False
2020-01-08,2255.25,0.120426274861096,TCS,12025.349609375,0.014215455052287052,0.10621081980880895,True
2020-01-09,635.7000122070312,0.018138157688939,HDFCBANK,12215.900390625,0.025671380290938073,-0.007533222601999071,False
2020-01-09,546.2999877929688,0.0238965425765267,ICICIBANK,12215.900390625,0.025671380290938073,-0.0017748377144113717,False
2020-01-09,727.5499877929688,0.009014631592874,INFY,12215.900390625,0.025671380290938073,-0.01665674869806407,False
2020-01-09,707.6935424804688,-0.0092165831674885,RELIANCE,12215.900390625,0.025671380290938073,-0.03488796345842657,False
2020-01-09,2214.35009765625,0.0844556889075278,TCS,12215.900390625,0.025671380290938073,0.05878430861658973,True
2020-01-10,641.3499755859375,0.0151155238643312,HDFCBANK,12256.7998046875,0.02380594435670469,-0.008690420492373488,False
2020-01-10,540.25,0.0091529366536338,ICICIBANK,12256.7998046875,0.02380594435670469,-0.014653007703070889,False
2020-01-10,738.1500244140625,0.0513460334449369,INFY,12256.7998046875,0.02380594435670469,0.02754008908823221,True
2020-01-10,707.5335083007812,-0.0131042052661837,RELIANCE,12256.7998046875,0.02380594435670469,-0.03691014962288839,False
2020-01-10,2213.550048828125,0.0953288248239392,TCS,12256.7998046875,0.02380594435670469,0.07152288046723451,True
2020-01-13,643.0,0.0175258336368551,HDFCBANK,12329.5498046875,0.020092300251575823,-0.002566466614720722,False
2020-01-13,538.5999755859375,0.0028861145669856,ICICIBANK,12329.5498046875,0.020092300251575823,-0.017206185684590224,False
2020-01-13,773.5499877929688,0.0875158176132551,INFY,12329.5498046875,0.020092300251575823,0.06742351736167927,True
2020-01-13,705.7277221679688,-0.0247646411907837,RELIANCE,12329.5498046875,0.020092300251575823,-0.04485694144235952,False
2020-01-13,2190.35009765625,0.0575015558992153,TCS,12329.5498046875,0.020092300251575823,0.03740925564763948,True
2020-01-14,644.75,0.0255696703688885,HDFCBANK,12362.2998046875,0.025580793381319022,-1.112301243052366e-05,False
2020-01-14,537.5999755859375,-0.0030598505592257,ICICIBANK,12362.2998046875,0.025580793381319022,-0.028640643940544722,False
2020-01-14,775.6500244140625,0.086344572008491,INFY,12362.2998046875,0.025580793381319022,0.06076377862717197,True
2020-01-14,699.1902465820312,-0.0237456951574499,RELIANCE,12362.2998046875,0.025580793381319022,-0.04932648853876892,False
2020-01-14,2206.89990234375,0.0376865651081461,TCS,12362.2998046875,0.025580793381319022,0.012105771726827079,True
2020-01-15,642.125,0.0103453895575764,HDFCBANK,12343.2998046875,0.014656786246403541,-0.0043113966888271415,False
2020-01-15,535.5999755859375,-0.0102560261992676,ICICIBANK,12343.2998046875,0.014656786246403541,-0.024912812445671142,False
2020-01-15,767.5499877929688,0.0518705974410738,INFY,12343.2998046875,0.014656786246403541,0.03721381119467026,True
2020-01-15,696.6529541015625,-0.0248608346019554,RELIANCE,12343.2998046875,0.014656786246403541,-0.03951762084835894,False
2020-01-15,2226.89990234375,0.0286149576521812,TCS,12343.2998046875,0.014656786246403541,0.01395817140577766,True
2020-01-16,643.8250122070312,-0.0036367479867395,HDFCBANK,12355.5,0.010951844071539929,-0.014588592058279429,False
2020-01-16,537.1500244140625,-0.0078500181166405,ICICIBANK,12355.5,0.010951844071539929,-0.01880186218818043,False
2020-01-16,767.0,0.0471704378690118,INFY,12355.5,0.010951844071539929,0.036218593797471874,True
2020-01-16,703.0761108398438,-0.0240822749071818,RELIANCE,12355.5,0.010951844071539929,-0.03503411897872173,False
2020-01-16,2238.800048828125,0.0327759422572366,TCS,12355.5,0.010951844071539929,0.021824098185696673,True
2020-01-17,639.0750122070312,-0.0082635195612743,HDFCBANK,12352.349609375,0.0075572332590909674,-0.01582075282036527,False
2020-01-17,532.0499877929688,-0.0150870496665945,ICICIBANK,12352.349609375,0.0075572332590909674,-0.022644282925685467,False
2020-01-17,767.8499755859375,0.0506259851350974,INFY,12352.349609375,0.0075572332590909674,0.04306875187600643,True
2020-01-17,722.780029296875,-0.017981868780563,RELIANCE,12352.349609375,0.0075572332590909674,-0.02553910203965397,False
2020-01-17,2219.10009765625,-0.004463763017392,TCS,12352.349609375,0.0075572332590909674,-0.012020996276482968,False
2020-01-20,627.4500122070312,-0.0322356199057741,HDFCBANK,12224.5498046875,-0.0038502909721482848,-0.028385328933625817,False
2020-01-20,534.8499755859375,-0.0206006235175698,ICICIBANK,12224.5498046875,-0.0038502909721482848,-0.016750332545421517,False
2020-01-20,768.4500122070312,0.0504408789963719,INFY,12224.5498046875,-0.0038502909721482848,0.05429116996852019,True
2020-01-20,700.5388793945312,-0.0417422487190882,RELIANCE,12224.5498046875,-0.0038502909721482848,-0.03789195774693992,False
2020-01-20,2170.35009765625,-0.0236402028863708,TCS,12224.5498046875,-0.0038502909721482848,-0.019789911914222514,False
2020-01-21,622.1749877929688,-0.0445715968519281,HDFCBANK,12169.849609375,-0.0075758203196673035,-0.0369957765322608,False
2020-01-21,531.0499877929688,-0.0189358954944597,ICICIBANK,12169.849609375,-0.0075758203196673035,-0.011360075174792397,False
2020-01-21,762.5,0.0360054347826086,INFY,12169.849609375,-0.0075758203196673035,0.0435812551022759,True
2020-01-21,701.2474975585938,-0.0238640686986931,RELIANCE,12169.849609375,-0.0075758203196673035,-0.016288248379025795,False
2020-01-21,2171.050048828125,-0.0271765486717434,TCS,12169.849609375,-0.0075758203196673035,-0.019600728352076095,False
2020-01-22,620.4249877929688,-0.037466584891916,HDFCBANK,12106.900390625,-0.008813211766608764,-0.028653373125307233,False
2020-01-22,522.8499755859375,-0.0337275934641057,ICICIBANK,12106.900390625,-0.008813211766608764,-0.024914381697496935,False
2020-01-22,770.2000122070312,0.0501772382982526,INFY,12106.900390625,-0.008813211766608764,0.058990450064861366,True
2020-01-22,700.9960327148438,-0.0084710315532586,RELIANCE,12106.900390625,-0.008813211766608764,0.00034218021335016315,True
2020-01-22,2206.89990234375,-0.0039267895509227,TCS,12106.900390625,-0.008813211766608764,0.004886422215686064,True
2020-01-23,622.4249877929688,-0.0201503219881459,HDFCBANK,12180.349609375,0.004436530221209711,-0.024586852209355612,False
2020-01-23,527.7000122070312,-0.0205104181772042,ICICIBANK,12180.349609375,0.004436530221209711,-0.024946948398413913,False
2020-01-23,784.3499755859375,0.0759996741219231,INFY,12180.349609375,0.004436530221209711,0.07156314390071339,True
2020-01-23,698.0244750976562,0.0075557654305868,RELIANCE,12180.349609375,0.004436530221209711,0.0031192352093770883,True
2020-01-23,2190.949951171875,-0.0049955722173185,TCS,12180.349609375,0.004436530221209711,-0.009432102438528212,False
2020-01-24,622.2750244140625,-0.0238823146446078,HDFCBANK,12248.25,0.00020008454748388083,-0.02408239919209168,False
2020-01-24,533.8499755859375,-0.0283036915491753,ICICIBANK,12248.25,0.00020008454748388083,-0.028503776096659182,False
2020-01-24,782.75,0.0621480250143509,INFY,12248.25,0.00020008454748388083,0.06194794046686702,True
2020-01-24,695.6015014648438,-0.0134858759522047,RELIANCE,12248.25,0.00020008454748388083,-0.013685960499688581,False
2020-01-24,2183.39990234375,-0.00686836372811,TCS,12248.25,0.00020008454748388083,-0.007068448275593881,False
2020-01-27,606.5999755859375,-0.0537769152823573,HDFCBANK,12119.0,-0.011166064674155152,-0.04261085060820215,False
2020-01-27,537.25,-0.0123173307411953,ICICIBANK,12119.0,-0.011166064674155152,-0.0011512660670401475,False
2020-01-27,778.0999755859375,0.0616727379808881,INFY,12119.0,-0.011166064674155152,0.07283880265504325,True
2020-01-27,688.7439575195312,-0.0243815960522852,RELIANCE,12119.0,-0.011166064674155152,-0.013215531378130047,False
2020-01-27,2169.25,-0.006389680965496,TCS,12119.0,-0.011166064674155152,0.004776383708659152,True
2020-01-28,611.5999755859375,-0.0384403941141016,HDFCBANK,12055.7998046875,-0.009257579134308691,-0.029182814979792908,False
2020-01-28,528.2000122070312,-0.0198552824685157,ICICIBANK,12055.7998046875,-0.009257579134308691,-0.01059770333420701,False
2020-01-28,778.0,0.0640771032230802,INFY,12055.7998046875,-0.009257579134308691,0.0733346823573889,True
2020-01-28,672.8345947265625,-0.0279383077975527,RELIANCE,12055.7998046875,-0.009257579134308691,-0.01868072866324401,False
2020-01-28,2183.75,0.0102003281335003,TCS,12055.7998046875,-0.009257579134308691,0.01945790726780899,True
2020-01-29,617.9249877929688,-0.0334350076773692,HDFCBANK,12129.5,-0.004350502770367304,-0.029084504907001894,False
2020-01-29,526.5999755859375,-0.0189101526112016,ICICIBANK,12129.5,-0.004350502770367304,-0.014559649840834295,False
2020-01-29,789.7000122070312,0.0717242836020559,INFY,12129.5,-0.004350502770367304,0.07607478637242321,True
2020-01-29,676.5376586914062,-0.0197071324124944,RELIANCE,12129.5,-0.004350502770367304,-0.015356629642127095,False
2020-01-29,2154.60009765625,-0.0059974162273088,TCS,12129.5,-0.004350502770367304,-0.0016469134569414958,False
2020-01-30,613.0250244140625,-0.0471730726029726,HDFCBANK,12035.7998046875,-0.02006158397573088,-0.02711148862724172,False
2020-01-30,532.2000122070312,-0.0155382237481639,ICICIBANK,12035.7998046875,-0.02006158397573088,0.00452336022756698,True
2020-01-30,780.7000122070312,0.0626105883159255,INFY,12035.7998046875,-0.02006158397573088,0.08267217229165638,True
2020-01-30,660.033935546875,-0.0596300346312629,RELIANCE,12035.7998046875,-0.02006158397573088,-0.03956845065553202,False
2020-01-30,2137.85009765625,-0.0091765604169575,TCS,12035.7998046875,-0.02006158397573088,0.010885023558773379,True
2020-01-31,613.1500244140625,-0.0331914023774838,HDFCBANK,11962.099609375,-0.021637224652538478,-0.011554177724945325,False
2020-01-31,525.6500244140625,-0.024496523652101,ICICIBANK,11962.099609375,-0.021637224652538478,-0.0028592989995625227,False
2020-01-31,775.9500122070312,0.0401474694464225,INFY,11962.099609375,-0.021637224652538478,0.06178469409896098,True
2020-01-31,645.35888671875,-0.0816446176350679,RELIANCE,11962.099609375,-0.021637224652538478,-0.060007392982529426,False
2020-01-31,2079.050048828125,-0.0552563374056536,TCS,11962.099609375,-0.021637224652538478,-0.03361911275311512,False
2020-02-03,596.4000244140625,-0.0388008414829947,HDFCBANK,11707.900390625,-0.023776221954072807,-0.015024619528921895,False
2020-02-03,515.5499877929688,-0.019307635872881,ICICIBANK,11707.900390625,-0.023776221954072807,0.004468586081191807,True
2020-02-03,767.4000244140625,0.0386411988516122,INFY,11707.900390625,-0.023776221954072807,0.062417420805685006,True
2020-02-03,633.4039916992188,-0.0772560951103609,RELIANCE,11707.900390625,-0.023776221954072807,-0.05347987315628809,False
2020-02-03,2102.5,-0.0445136010113343,TCS,11707.900390625,-0.023776221954072807,-0.020737379057261494,False
2020-02-04,614.9000244140625,-0.0244327521452604,HDFCBANK,11979.650390625,-0.006081482417143569,-0.01835126972811683,False
2020-02-04,530.7999877929688,0.0151079805126392,ICICIBANK,11979.650390625,-0.006081482417143569,0.02118946292978277,True
2020-02-04,787.8499755859375,0.0823601444719457,INFY,11979.650390625,-0.006081482417143569,0.08844162688908927,True
2020-02-04,652.1021118164062,-0.0644103373328967,RELIANCE,11979.650390625,-0.006081482417143569,-0.058328854915753126,False
2020-02-04,2107.75,-0.044472694568177,TCS,11979.650390625,-0.006081482417143569,-0.03839121215103343,False
2020-02-05,622.3250122070312,-0.0100612613718205,HDFCBANK,12089.150390625,0.005305524024038499,-0.015366785395859,False
2020-02-05,539.0999755859375,0.0250023064430122,ICICIBANK,12089.150390625,0.005305524024038499,0.0196967824189737,True
2020-02-05,784.5499877929688,0.0923837015569573,INFY,12089.150390625,0.005305524024038499,0.0870781775329188,True
2020-02-05,662.2054443359375,-0.0427255001558609,RELIANCE,12089.150390625,0.005305524024038499,-0.0480310241798994,False
2020-02-05,2146.550048828125,-0.0481986259491741,TCS,12089.150390625,0.005305524024038499,-0.0535041499732126,False
2020-02-06,619.9000244140625,-0.0248544714323886,HDFCBANK,12137.9501953125,-0.006381043788824758,-0.01847342764356384,False
2020-02-06,541.5999755859375,-0.0086033540400012,ICICIBANK,12137.9501953125,-0.006381043788824758,-0.0022223102511764424,False
2020-02-06,771.3499755859375,0.0602020322010266,INFY,12137.9501953125,-0.006381043788824758,0.06658307598985136,True
2020-02-06,666.4570922851562,-0.0582687953471761,RELIANCE,12137.9501953125,-0.006381043788824758,-0.05188775155835134,False
2020-02-06,2128.35009765625,-0.0388375804219149,TCS,12137.9501953125,-0.006381043788824758,-0.032456536633090144,False
2020-02-07,621.0999755859375,-0.0315740247460049,HDFCBANK,12098.349609375,-0.012927533927077905,-0.018646490818926997,False
2020-02-07,536.4500122070312,-0.0070337580619505,ICICIBANK,12098.349609375,-0.012927533927077905,0.005893775865127406,True
2020-02-07,777.2999877929688,0.0530379490402146,INFY,12098.349609375,-0.012927533927077905,0.06596548296729252,True
2020-02-07,655.4165649414062,-0.0736600355289737,RELIANCE,12098.349609375,-0.012927533927077905,-0.06073250160189579,False
2020-02-07,2136.550048828125,-0.0347857506274884,TCS,12098.349609375,-0.012927533927077905,-0.021858216700410493,False
2020-02-10,620.1500244140625,-0.0355365094649106,HDFCBANK,12031.5,-0.02417361618298397,-0.011362893281926627,False
2020-02-10,533.9500122070312,-0.0086334266425608,ICICIBANK,12031.5,-0.02417361618298397,0.015540189540423171,True
2020-02-10,773.2000122070312,-0.0004524278863167,INFY,12031.5,-0.02417361618298397,0.02372118829666727,True
2020-02-10,656.3080444335938,-0.0700265501581256,RELIANCE,12031.5,-0.02417361618298397,-0.04585293397514163,False
2020-02-10,2161.949951171875,-0.0129660306426648,TCS,12031.5,-0.02417361618298397,0.01120758554031917,True
2020-02-11,620.2999877929688,-0.037921694000824,HDFCBANK,12107.900390625,-0.020578647831048236,-0.017343046169775764,False
2020-02-11,539.75,0.003999301547064,ICICIBANK,12107.900390625,-0.020578647831048236,0.024577949378112238,True
2020-02-11,773.5499877929688,-0.0027074538193693,INFY,12107.900390625,-0.020578647831048236,0.017871194011678936,True
2020-02-11,664.1484375,-0.0501177029475625,RELIANCE,12107.900390625,-0.020578647831048236,-0.029539055116514265,False
2020-02-11,2153.39990234375,-0.0242421506943665,TCS,12107.900390625,-0.020578647831048236,-0.003663502863318263,False
2020-02-12,624.5,-0.0274479268055285,HDFCBANK,12201.2001953125,-0.011512286959200035,-0.015935639846328464,False
2020-02-12,549.2999877929688,0.0255788140991672,ICICIBANK,12201.2001953125,-0.011512286959200035,0.037091101058367236,True
2020-02-12,781.0499877929688,0.01758843100085,INFY,12201.2001953125,-0.011512286959200035,0.029100717960050034,True
2020-02-12,672.1716918945312,-0.035141259450487,RELIANCE,12201.2001953125,-0.011512286959200035,-0.023628972491286968,False
2020-02-12,2170.75,-0.0252143808909658,TCS,12201.2001953125,-0.011512286959200035,-0.013702093931765764,False
2020-02-13,620.7000122070312,-0.0359181447777673,HDFCBANK,12174.650390625,-0.014637174487070581,-0.02128097029069672,False
2020-02-13,541.0,0.007167412102675,ICICIBANK,12174.650390625,-0.014637174487070581,0.02180458658974558,True
2020-02-13,792.25,0.0329204693611473,INFY,12174.650390625,-0.014637174487070581,0.04755764384821788,True
2020-02-13,673.9317626953125,-0.0414526218359453,RELIANCE,12174.650390625,-0.014637174487070581,-0.02681544734887472,False
2020-02-13,2191.949951171875,-0.0209264323005411,TCS,12174.650390625,-0.014637174487070581,-0.00628925781347052,False
2020-02-14,609.6749877929688,-0.0460040274654616,HDFCBANK,12113.4501953125,-0.01934040256447922,-0.026663624900982383,False
2020-02-14,545.7999877929688,0.0258434363602511,ICICIBANK,12113.4501953125,-0.01934040256447922,0.045183838924730324,True
2020-02-14,786.4500122070312,0.0242235296118884,INFY,12113.4501953125,-0.01934040256447922,0.04356393217636762,True
2020-02-14,680.0806884765625,-0.0590765365526918,RELIANCE,12113.4501953125,-0.01934040256447922,-0.03973613398821258,False
2020-02-14,2184.199951171875,-0.0157271618892881,TCS,12113.4501953125,-0.01934040256447922,0.0036132406751911185,True
2020-02-17,608.5750122070312,-0.0300820776680008,HDFCBANK,12045.7998046875,-0.014622215366283497,-0.015459862301717302,False
2020-02-17,541.5999755859375,0.0126203614249122,ICICIBANK,12045.7998046875,-0.014622215366283497,0.027242576791195697,True
2020-02-17,789.4500122070312,0.0273277372196101,INFY,12045.7998046875,-0.014622215366283497,0.041949952585893596,True
2020-02-17,675.80615234375,-0.0353052882263401,RELIANCE,12045.7998046875,-0.014622215366283497,-0.0206830728600566,False
2020-02-17,2203.25,0.0151587996698221,TCS,12045.7998046875,-0.014622215366283497,0.0297810150361056,True
2020-02-18,606.625,-0.0249929490867657,HDFCBANK,11992.5,-0.014572867789457211,-0.010420081297308488,False
2020-02-18,541.2000122070312,0.0191131242771434,ICICIBANK,11992.5,-0.014572867789457211,0.03368599206660061,True
2020-02-18,797.6500244140625,0.0460983926741802,INFY,11992.5,-0.014572867789457211,0.06067126046363741,True
2020-02-18,670.8458862304688,-0.0433536111486583,RELIANCE,11992.5,-0.014572867789457211,-0.02878074335920109,False
2020-02-18,2215.75,0.0205890929119771,TCS,11992.5,-0.014572867789457211,0.03516196070143431,True
2020-02-19,613.5999755859375,-0.0110005437261799,HDFCBANK,12125.900390625,0.0015693529629361436,-0.012569896689116044,False
2020-02-19,544.7999877929688,0.0419814731413781,ICICIBANK,12125.900390625,0.0015693529629361436,0.04041212017844196,True
2020-02-19,800.4500122070312,0.0392755122313199,INFY,12125.900390625,0.0015693529629361436,0.037706159268383756,True
2020-02-19,687.4867553710938,-0.0192715460762749,RELIANCE,12125.900390625,0.0015693529629361436,-0.020840899039211044,False
2020-02-19,2196.35009765625,-0.0047803729912244,TCS,12125.900390625,0.0015693529629361436,-0.006349725954160544,False
2020-02-20,608.5499877929688,-0.0222918428278382,HDFCBANK,12080.849609375,-0.00816889524446951,-0.01412294758336869,False
2020-02-20,547.0,0.0365737868988276,ICICIBANK,12080.849609375,-0.00816889524446951,0.04474268214329711,True
2020-02-20,797.0,0.0161280357083104,INFY,12080.849609375,-0.00816889524446951,0.02429693095277991,True
2020-02-20,679.3263549804688,-0.0267871984210461,RELIANCE,12080.849609375,-0.00816889524446951,-0.01861830317657659,False
2020-02-20,2156.800048828125,-0.0155868016635817,TCS,12080.849609375,-0.00816889524446951,-0.007417906419112191,False
2020-02-24,604.9749755859375,-0.0278012906663172,HDFCBANK,11829.400390625,-0.03419669008838,0.006395399422062801,True
2020-02-24,529.8499755859375,-0.0074927417494207,ICICIBANK,11829.400390625,-0.03419669008838,0.0267039483389593,True
2020-02-24,795.8499755859375,0.0167358359449856,INFY,11829.400390625,-0.03419669008838,0.0509325260333656,True
2020-02-24,660.58251953125,-0.0503434536294824,RELIANCE,11829.400390625,-0.03419669008838,-0.0161467635411024,False
2020-02-24,2115.35009765625,-0.031166899208181,TCS,11829.400390625,-0.03419669008838,0.003029790880198998,True
2020-02-25,600.1500244140625,-0.010632956530611,HDFCBANK,11797.900390625,-0.02649555321189867,0.015862596681287672,True
2020-02-25,530.9500122070312,-0.0117263616434969,ICICIBANK,11797.900390625,-0.02649555321189867,0.014769191568401771,True
2020-02-25,798.4000244140625,0.0260892551922242,INFY,11797.900390625,-0.02649555321189867,0.05258480840412287,True
2020-02-25,647.5304565429688,-0.0598386389116071,RELIANCE,11797.900390625,-0.02649555321189867,-0.03334308569970843,False
2020-02-25,2156.14990234375,-0.0060389985738158,TCS,11797.900390625,-0.02649555321189867,0.02045655463808287,True
2020-02-26,599.625,-0.0195797515761262,HDFCBANK,11678.5,-0.03129612392375658,0.011716372347630379,True
2020-02-26,523.7000122070312,-0.0085194999924312,ICICIBANK,11678.5,-0.03129612392375658,0.02277662393132538,True
2020-02-26,782.75,0.0061053984575836,INFY,11678.5,-0.03129612392375658,0.03740152238134018,True
2020-02-26,636.3755493164062,-0.0541872336766112,RELIANCE,11678.5,-0.03129612392375658,-0.02289110975285462,False
2020-02-26,2123.60009765625,-0.0275443170435031,TCS,11678.5,-0.03129612392375658,0.003751806880253481,True
2020-02-27,599.7249755859375,-0.0294534329677067,HDFCBANK,11633.2998046875,-0.04090854489570883,0.01145511192800213,True
2020-02-27,515.3499755859375,-0.0213634647200322,ICICIBANK,11633.2998046875,-0.04090854489570883,0.019545080175676632,True
2020-02-27,777.8499755859375,-0.0150057445079373,INFY,11633.2998046875,-0.04090854489570883,0.025902800387771534,True
2020-02-27,633.7468872070312,-0.0632496520107145,RELIANCE,11633.2998046875,-0.04090854489570883,-0.02234110711500567,False
2020-02-27,2105.5,-0.0227884969046741,TCS,11633.2998046875,-0.04090854489570883,0.01812004799103473,True
2020-02-28,588.8250122070312,-0.0394763855360749,HDFCBANK,11201.75,-0.06929741423271829,0.029821028696643388,True
2020-02-28,497.25,-0.0656708218815961,ICICIBANK,11201.75,-0.06929741423271829,0.003626592351122185,True
2020-02-28,731.7000122070312,-0.0627641850055534,INFY,11201.75,-0.06929741423271829,0.006533229227164886,True
2020-02-28,607.4140625,-0.0797229812180437,RELIANCE,11201.75,-0.06929741423271829,-0.010425566985325416,False
2020-02-28,2000.1500244140625,-0.0644105371995678,TCS,11201.75,-0.06929741423271829,0.004886877033150494,True
2020-03-02,589.7999877929688,-0.0380820936008401,HDFCBANK,11132.75,-0.06933144150756088,0.03124934790672078,True
2020-03-02,506.1000061035156,-0.0371920810473453,ICICIBANK,11132.75,-0.06933144150756088,0.03213936046021557,True
2020-03-02,741.0499877929688,-0.044977155570623,INFY,11132.75,-0.06933144150756088,0.024354285936937878,True
2020-03-02,601.6995239257812,-0.06765129246914,RELIANCE,11132.75,-0.06933144150756088,0.0016801490384208695,True
2020-03-02,2001.300048828125,-0.0373968871234362,TCS,11132.75,-0.06933144150756088,0.03193455438412467,True
2020-03-03,590.9000244140625,-0.0092219982811092,HDFCBANK,11303.2998046875,-0.0345579115330944,0.025335913251985198,True
2020-03-03,514.75,-0.0015517172183311,ICICIBANK,11303.2998046875,-0.0345579115330944,0.0330061943147633,True
2020-03-03,747.0,-0.0265832991465417,INFY,11303.2998046875,-0.0345579115330944,0.007974612386552699,True
2020-03-03,613.9058227539062,-0.0307831481974169,RELIANCE,11303.2998046875,-0.0345579115330944,0.0037747633356775,True
2020-03-03,2036.199951171875,-0.0315339114521403,TCS,11303.2998046875,-0.0345579115330944,0.0030240000809540965,True
2020-03-04,574.4249877929688,-0.0658237681152514,HDFCBANK,11251.0,-0.06082401129128323,-0.0049997568239681656,False
2020-03-04,508.3500061035156,-0.0422946160620664,ICICIBANK,11251.0,-0.06082401129128323,0.01852939522921683,True
2020-03-04,758.75,-0.0369359351243177,INFY,11251.0,-0.06082401129128323,0.023888076166965533,True
2020-03-04,612.4657592773438,-0.0607824324148512,RELIANCE,11251.0,-0.06082401129128323,4.1578876432031564e-05,True
2020-03-04,2083.199951171875,-0.0116475145667773,TCS,11251.0,-0.06082401129128323,0.04917649672450593,True
2020-03-05,575.6749877929688,-0.074960870122545,HDFCBANK,11269.0,-0.06784185522756148,-0.007119014894983525,False
2020-03-05,504.5,-0.0641810000980457,ICICIBANK,11269.0,-0.06784185522756148,0.0036608551295157776,True
2020-03-05,754.5999755859375,-0.0381747660098551,INFY,11269.0,-0.06784185522756148,0.029667089217706374,True
2020-03-05,599.4136962890625,-0.0948221561510157,RELIANCE,11269.0,-0.06784185522756148,-0.02698030092345423,False
2020-03-05,2125.050048828125,-0.0100160720742279,TCS,11269.0,-0.06784185522756148,0.057825783153333574,True
2020-03-06,567.4500122070312,-0.0846104373953003,HDFCBANK,10989.4501953125,-0.09462058926914485,0.010010151873844547,True
2020-03-06,486.3500061035156,-0.1020125036428388,ICICIBANK,10989.4501953125,-0.09462058926914485,-0.00739191437369395,False
2020-03-06,738.9500122070312,-0.0420042320663773,INFY,10989.4501953125,-0.09462058926914485,0.05261635720276755,True
2020-03-06,581.0584106445312,-0.1281383042197195,RELIANCE,10989.4501953125,-0.09462058926914485,-0.03351771495057465,False
2020-03-06,2116.449951171875,-0.005591254229029,TCS,10989.4501953125,-0.09462058926914485,0.08902933504011586,True
2020-03-09,553.6500244140625,-0.1085975749849991,HDFCBANK,10451.4501953125,-0.13612595661695204,0.02752838163195294,True
2020-03-09,457.75,-0.1467052109538562,ICICIBANK,10451.4501953125,-0.13612595661695204,-0.010579254336904154,False
2020-03-09,704.4500122070312,-0.0937218277756372,INFY,10451.4501953125,-0.13612595661695204,0.042404128841314837,True
2020-03-09,509.3518981933594,-0.2228577588073395,RELIANCE,10451.4501953125,-0.13612595661695204,-0.08673180219038745,False
2020-03-09,1972.3499755859373,-0.0768529028057404,TCS,10451.4501953125,-0.13612595661695204,0.05927305381121163,True
2020-03-11,556.9000244140625,-0.1019914496653622,HDFCBANK,10458.400390625,-0.1307484195133608,0.02875696984799861,True
2020-03-11,465.6499938964844,-0.1279146301134731,ICICIBANK,10458.400390625,-0.1307484195133608,0.0028337893998877095,True
2020-03-11,686.0,-0.1127780791908247,INFY,10458.400390625,-0.1307484195133608,0.017970340322536096,True
2020-03-11,527.3642578125,-0.1964683927230767,RELIANCE,10458.400390625,-0.1307484195133608,-0.0657199732097159,False
2020-03-11,1953.699951171875,-0.0963250790736941,TCS,10458.400390625,-0.1307484195133608,0.0344233404396667,True
2020-03-12,510.6499938964844,-0.1767692988139815,HDFCBANK,9590.150390625,-0.20794274141447866,0.031173442600497148,True
2020-03-12,425.6499938964844,-0.2113941752728404,ICICIBANK,9590.150390625,-0.20794274141447866,-0.0034514338583617465,False
2020-03-12,631.2000122070312,-0.1840216893960261,INFY,9590.150390625,-0.20794274141447866,0.02392105201845257,True
2020-03-12,485.96783447265625,-0.2682843065897354,RELIANCE,9590.150390625,-0.20794274141447866,-0.06034156517525674,False
2020-03-12,1769.8499755859375,-0.1781136547560713,TCS,9590.150390625,-0.20794274141447866,0.02982908665840736,True
2020-03-13,534.9000244140625,-0.143474740730084,HDFCBANK,9955.2001953125,-0.1840802514545148,0.04060551072443078,True
2020-03-13,447.2000122070313,-0.185872888867456,ICICIBANK,9955.2001953125,-0.1840802514545148,-0.0017926374129412226,False
2020-03-13,642.3499755859375,-0.1775814792584007,INFY,9955.2001953125,-0.1840802514545148,0.006498772196114083,True
2020-03-13,505.3059692382813,-0.2482486612697644,RELIANCE,9955.2001953125,-0.1840802514545148,-0.0641684098152496,False
2020-03-13,1806.300048828125,-0.167891259321375,TCS,9955.2001953125,-0.1840802514545148,0.01618899213313979,True
2020-03-16,499.75,-0.1948606570458533,HDFCBANK,9197.400390625,-0.24454500987499483,0.04968435282914152,True
2020-03-16,402.8999938964844,-0.2552680334630602,ICICIBANK,9197.400390625,-0.24454500987499483,-0.010723023588065372,False
2020-03-16,583.1500244140625,-0.2639318088809561,INFY,9197.400390625,-0.24454500987499483,-0.01938679900596124,False
2020-03-16,464.3438720703125,-0.3109927476734103,RELIANCE,9197.400390625,-0.24454500987499483,-0.06644773779841545,False
2020-03-16,1696.4000244140625,-0.2260772087852089,TCS,9197.400390625,-0.24454500987499483,0.018467801089785935,True
2020-03-17,487.5499877929688,-0.2003116454589911,HDFCBANK,8967.0498046875,-0.25974436183693983,0.059432716377948724,True
2020-03-17,367.25,-0.3271344664461513,ICICIBANK,8967.0498046875,-0.25974436183693983,-0.06739010460921147,False
2020-03-17,554.9500122070312,-0.2943607303792096,INFY,8967.0498046875,-0.25974436183693983,-0.03461636854226979,False
2020-03-17,460.8236999511719,-0.3223984921797215,RELIANCE,8967.0498046875,-0.25974436183693983,-0.06265413034278167,False
2020-03-17,1658.0,-0.2409119874256733,TCS,8967.0498046875,-0.25974436183693983,0.018832374411266534,True
2020-03-18,438.4500122070313,-0.279546475927482,HDFCBANK,8468.7998046875,-0.2969499790796828,0.017403503152200794,True
2020-03-18,355.04998779296875,-0.3444423858977228,ICICIBANK,8468.7998046875,-0.2969499790796828,-0.04749240681804001,False
2020-03-18,534.2999877929688,-0.3231997219187452,INFY,8468.7998046875,-0.2969499790796828,-0.026249742839062395,False
2020-03-18,442.765625,-0.344833391255091,RELIANCE,8468.7998046875,-0.2969499790796828,-0.0478834121754082,False
2020-03-18,1654.4000244140625,-0.2491092593150743,TCS,8468.7998046875,-0.2969499790796828,0.04784071976460849,True
2020-03-19,447.7749938964844,-0.2618586541990779,HDFCBANK,8263.4501953125,-0.3109484931988743,0.04908983899979641,True
2020-03-19,338.54998779296875,-0.3744457129401182,ICICIBANK,8263.4501953125,-0.3109484931988743,-0.0634972197412439,False
2020-03-19,545.5499877929688,-0.3160534431203475,INFY,8263.4501953125,-0.3109484931988743,-0.005104949921473201,False
2020-03-19,419.5415649414063,-0.3746081275107156,RELIANCE,8263.4501953125,-0.3109484931988743,-0.0636596343118413,False
2020-03-19,1636.3499755859375,-0.2614916052867256,TCS,8263.4501953125,-0.3109484931988743,0.049456887912148695,True
2020-03-20,441.4249877929688,-0.2805981007879861,HDFCBANK,8745.4501953125,-0.27877931422940405,-0.0018187865585820306,False
2020-03-20,345.70001220703125,-0.3654551762978345,ICICIBANK,8745.4501953125,-0.27877931422940405,-0.08667586206843048,False
2020-03-20,585.2000122070312,-0.2689112333279932,INFY,8745.4501953125,-0.27877931422940405,0.009868080901410836,True
2020-03-20,465.37249755859375,-0.3230815082286298,RELIANCE,8745.4501953125,-0.27877931422940405,-0.04430219399922575,False
2020-03-20,1797.449951171875,-0.1816195637071002,TCS,8745.4501953125,-0.27877931422940405,0.09715975052230386,True
2020-03-23,385.7749938964844,-0.3660750938545304,HDFCBANK,7610.25,-0.3700567223273534,0.003981628472823018,True
2020-03-23,284.0,-0.4808043875685558,ICICIBANK,7610.25,-0.3700567223273534,-0.11074766524120239,False
2020-03-23,526.4500122070312,-0.3394604614717299,INFY,7610.25,-0.3700567223273534,0.030596260855623503,True
2020-03-23,404.1579284667969,-0.4050607259622413,RELIANCE,7610.25,-0.3700567223273534,-0.03500400363488787,False
2020-03-23,1669.699951171875,-0.2258438828953619,TCS,7610.25,-0.3700567223273534,0.14421283943199154,True
2020-03-24,383.8500061035156,-0.3655109358337596,HDFCBANK,7801.0498046875,-0.34053717457480226,-0.02497376125895734,False
2020-03-24,296.5,-0.4404076367614929,ICICIBANK,7801.0498046875,-0.34053717457480226,-0.09987046218669066,False
2020-03-24,589.7999877929688,-0.2589055652621793,INFY,7801.0498046875,-0.34053717457480226,0.08163160931262298,True
2020-03-24,431.2907409667969,-0.3471054285952931,RELIANCE,7801.0498046875,-0.34053717457480226,-0.006568254020490827,False
2020-03-24,1703.1500244140625,-0.1948613960870562,TCS,7801.0498046875,-0.34053717457480226,0.14567577848774607,True
2020-03-25,428.375,-0.2862201406752747,HDFCBANK,8317.849609375,-0.29497204299295177,0.008751902317677085,True
2020-03-25,316.8999938964844,-0.4031453308020326,ICICIBANK,8317.849609375,-0.29497204299295177,-0.10817328780908081,False
2020-03-25,606.2000122070312,-0.2407314708539555,INFY,8317.849609375,-0.29497204299295177,0.054240572138996274,True
2020-03-25,494.7682800292969,-0.2359150445667646,RELIANCE,8317.849609375,-0.29497204299295177,0.05905699842618717,True
2020-03-25,1750.300048828125,-0.1882289599041622,TCS,8317.849609375,-0.29497204299295177,0.10674308308878958,True
2020-03-26,450.5499877929688,-0.2486137372641754,HDFCBANK,8641.4501953125,-0.2600547848343109,0.011441047570135476,True
2020-03-26,330.25,-0.3693908873360036,ICICIBANK,8641.4501953125,-0.2600547848343109,-0.10933610250169273,False
2020-03-26,643.0,-0.1785372085595656,INFY,8641.4501953125,-0.2600547848343109,0.08151757627474529,True
2020-03-26,487.4307556152344,-0.2340517228563671,RELIANCE,8641.4501953125,-0.2600547848343109,0.026003061977943775,True
2020-03-26,1790.949951171875,-0.1566444392480064,TCS,8641.4501953125,-0.2600547848343109,0.10341034558630449,True
2020-03-27,452.2250061035156,-0.2459460177364013,HDFCBANK,8660.25,-0.2555637570252891,0.009617739288887817,True
2020-03-27,339.8500061035156,-0.3405452174182868,ICICIBANK,8660.25,-0.2555637570252891,-0.0849814603929977,False
2020-03-27,652.7000122070312,-0.160892160836842,INFY,8660.25,-0.2555637570252891,0.09467159618844712,True
2020-03-27,487.1564636230469,-0.231307524412497,RELIANCE,8660.25,-0.2555637570252891,0.02425623261279211,True
2020-03-27,1824.5,-0.1334599857516029,TCS,8660.25,-0.2555637570252891,0.12210377127368621,True
2020-03-30,415.8250122070313,-0.2938054539353927,HDFCBANK,8281.099609375,-0.26073161699064873,-0.03307383694474397,False
2020-03-30,313.3999938964844,-0.369733546713958,ICICIBANK,8281.099609375,-0.26073161699064873,-0.10900192972330924,False
2020-03-30,626.7000122070312,-0.1435014326203,INFY,8281.099609375,-0.26073161699064873,0.11723018437034874,True
2020-03-30,471.0870666503906,-0.2244383267791225,RELIANCE,8281.099609375,-0.26073161699064873,0.03629329021152622,True
2020-03-30,1778.5,-0.1108166996018181,TCS,8281.099609375,-0.26073161699064873,0.14991491738883062,True
2020-03-31,430.9500122070313,-0.2693285501418099,HDFCBANK,8597.75,-0.22770654151040848,-0.04162200863140142,False
2020-03-31,323.75,-0.3603042954048463,ICICIBANK,8597.75,-0.22770654151040848,-0.13259775389443784,False
2020-03-31,641.5,-0.1343364002871835,INFY,8597.75,-0.22770654151040848,0.09337014122322498,True
2020-03-31,509.1690368652344,-0.1537818851124109,RELIANCE,8597.75,-0.22770654151040848,0.07392465639799758,True
2020-03-31,1826.0999755859373,-0.0875431314483689,TCS,8597.75,-0.22770654151040848,0.14016341006203958,True
2020-04-01,414.8250122070313,-0.2979776695416919,HDFCBANK,8253.7998046875,-0.2697884735159698,-0.02818919602572212,False
2020-04-01,311.1499938964844,-0.3955318234162518,ICICIBANK,8253.7998046875,-0.2697884735159698,-0.12574334990028202,False
2020-04-01,602.7999877929688,-0.1930388382958918,INFY,8253.7998046875,-0.2697884735159698,0.076749635220078,True
2020-04-01,493.9454040527344,-0.1954052466273151,RELIANCE,8253.7998046875,-0.2697884735159698,0.0743832268886547,True
2020-04-01,1708.75,-0.1608142417366334,TCS,8253.7998046875,-0.2697884735159698,0.1089742317793364,True
2020-04-03,406.9249877929688,-0.2915959499665245,HDFCBANK,8083.7998046875,-0.2815038836825615,-0.010092066283962975,False
2020-04-03,286.6499938964844,-0.4361168674047115,ICICIBANK,8083.7998046875,-0.2815038836825615,-0.15461298372215,False
2020-04-03,585.7000122070312,-0.2280724715558072,INFY,8083.7998046875,-0.2815038836825615,0.05343141212675431,True
2020-04-03,492.5738830566406,-0.1957527819386427,RELIANCE,8083.7998046875,-0.2815038836825615,0.08575110174391881,True
2020-04-03,1654.199951171875,-0.2059331845503702,TCS,8083.7998046875,-0.2815038836825615,0.0755706991321913,True
2020-04-07,448.0499877929688,-0.2216962742975694,HDFCBANK,8792.2001953125,-0.2197887838040199,-0.0019074904935495185,False
2020-04-07,326.1000061035156,-0.3536174309147361,ICICIBANK,8792.2001953125,-0.2197887838040199,-0.13382864711071618,False
2020-04-07,639.0,-0.1531937176332076,INFY,8792.2001953125,-0.2197887838040199,0.06659506617081229,True
2020-04-07,551.3883666992188,-0.0801205075679216,RELIANCE,8792.2001953125,-0.2197887838040199,0.1396682762360983,True
2020-04-07,1775.199951171875,-0.1646314626091641,TCS,8792.2001953125,-0.2197887838040199,0.05515732119485581,True
2020-04-08,444.4500122070313,-0.2167591811684093,HDFCBANK,8748.75,-0.20389556852154989,-0.012863612646859424,False
2020-04-08,318.95001220703125,-0.3441965493896892,ICICIBANK,8748.75,-0.20389556852154989,-0.1403009808681393,False
2020-04-08,631.5999755859375,-0.1452737463261825,INFY,8748.75,-0.20389556852154989,0.05862182219536738,True
2020-04-08,545.0108642578125,-0.0620377327414183,RELIANCE,8748.75,-0.20389556852154989,0.14185783578013159,True
2020-04-08,1705.449951171875,-0.1941931108611522,TCS,8748.75,-0.20389556852154989,0.009702457660397679,True
2020-04-09,462.5249938964844,-0.1645895899923735,HDFCBANK,9111.900390625,-0.12816879759789612,-0.036420792394477375,False
2020-04-09,342.70001220703125,-0.2513380399627936,ICICIBANK,9111.900390625,-0.12816879759789612,-0.12316924236489746,False
2020-04-09,636.25,-0.096813132266634,INFY,9111.900390625,-0.12816879759789612,0.03135566533126212,True
2020-04-09,557.7200927734375,0.0949602715757753,RELIANCE,9111.900390625,-0.12816879759789612,0.22312906917367142,True
2020-04-09,1766.1500244140625,-0.1045453158538042,TCS,9111.900390625,-0.12816879759789612,0.02362348174409193,True
2020-04-13,447.6749877929688,-0.196130421678494,HDFCBANK,8993.849609375,-0.14003583019854893,-0.05609459147994508,False
2020-04-13,330.6499938964844,-0.2899173236755393,ICICIBANK,8993.849609375,-0.14003583019854893,-0.14988149347699037,False
2020-04-13,637.4000244140625,-0.0708454454605502,INFY,8993.849609375,-0.14003583019854893,0.06919038473799873,True
2020-04-13,543.639404296875,0.0308612998383395,RELIANCE,8993.849609375,-0.14003583019854893,0.17089713003688842,True
2020-04-13,1759.25,-0.0995290761282147,TCS,8993.849609375,-0.14003583019854893,0.04050675407033423,True
2020-04-15,431.6499938964844,-0.1547047898643749,HDFCBANK,8925.2998046875,-0.0693263983208684,-0.08537839154350649,False
2020-04-15,327.3500061035156,-0.2309408885293552,ICICIBANK,8925.2998046875,-0.0693263983208684,-0.1616144902084868,False
2020-04-15,639.0499877929688,0.0124365897245304,INFY,8925.2998046875,-0.0693263983208684,0.0817629880453988,True
2020-04-15,525.6727294921875,0.0817027222853477,RELIANCE,8925.2998046875,-0.0693263983208684,0.1510291206062161,True
2020-04-15,1735.1500244140625,-0.0196061539964069,TCS,8925.2998046875,-0.0693263983208684,0.049720244324461496,True
2020-04-16,439.875,-0.1776500655765613,HDFCBANK,8992.7998046875,-0.09667313280933876,-0.08097693276722254,False
2020-04-16,342.0,-0.2352415235586553,ICICIBANK,8992.7998046875,-0.09667313280933876,-0.13856839074931654,False
2020-04-16,623.8499755859375,-0.0288004992654117,INFY,8992.7998046875,-0.09667313280933876,0.06787263354392706,True
2020-04-16,533.9931640625,0.056771929426171,RELIANCE,8992.7998046875,-0.09667313280933876,0.15344506223550974,True
2020-04-16,1716.050048828125,-0.0499640134863261,TCS,8992.7998046875,-0.09667313280933876,0.04670911932301266,True
2020-04-17,455.1499938964844,-0.0892446345242934,HDFCBANK,9266.75,0.007540131605631606,-0.09678476612992501,False
2020-04-17,375.5499877929688,-0.0678828655195822,ICICIBANK,9266.75,0.007540131605631606,-0.0754229971252138,False
2020-04-17,628.75,0.0781959593189685,INFY,9266.75,0.007540131605631606,0.0706558277133369,True
2020-04-17,559.5715942382812,0.2050801741894186,RELIANCE,9266.75,0.007540131605631606,0.197540042583787,True
2020-04-17,1806.199951171875,0.0647252565300673,TCS,9266.75,0.007540131605631606,0.0571851249244357,True
2020-04-20,472.4249877929688,-0.0310224600116749,HDFCBANK,9261.849609375,0.032875896878970634,-0.06389835689064553,False
2020-04-20,361.2999877929688,-0.0162015308564498,ICICIBANK,9261.849609375,0.032875896878970634,-0.04907742773542043,False
2020-04-20,653.2999877929688,0.1772231253672749,INFY,9261.849609375,0.032875896878970634,0.14434722848830425,True
2020-04-20,568.62353515625,0.2339285831360245,RELIANCE,9261.849609375,0.032875896878970634,0.20105268625705386,True
2020-04-20,1818.6500244140625,0.0968938627346576,TCS,9261.849609375,0.032875896878970634,0.06401796585568696,True
2020-04-21,460.8250122070313,0.0510320432821307,HDFCBANK,8981.4501953125,0.06053400746836024,-0.00950196418622954,False
2020-04-21,331.8500061035156,-0.0653428601241951,ICICIBANK,8981.4501953125,0.06053400746836024,-0.12587686759255534,False
2020-04-21,633.2000122070312,0.1851020525427831,INFY,8981.4501953125,0.06053400746836024,0.12456804507442287,True
2020-04-21,565.6748046875,0.2775942231005399,RELIANCE,8981.4501953125,0.06053400746836024,0.21706021563217964,True
2020-04-21,1737.6500244140625,0.0503203570910757,TCS,8981.4501953125,0.06053400746836024,-0.010213650377284542,False
2020-04-22,464.2999877929688,0.0369046823108318,HDFCBANK,9187.2998046875,0.11179950112110082,-0.07489481881026902,False
2020-04-22,335.95001220703125,-0.0076797391217968,ICICIBANK,9187.2998046875,0.11179950112110082,-0.11947924024289762,False
2020-04-22,641.8499755859375,0.176519090729984,INFY,9187.2998046875,0.11179950112110082,0.06471958960888319,True
2020-04-22,623.3920288085938,0.4858886005625151,RELIANCE,9187.2998046875,0.11179950112110082,0.3740890994414143,True
2020-04-22,1769.5,0.0813701386626566,TCS,9187.2998046875,0.11179950112110082,-0.030429362458444215,False
2020-04-23,477.4750061035156,0.0816673711445046,HDFCBANK,9313.900390625,0.0649995349144159,0.016667836230088703,True
2020-04-23,352.95001220703125,0.0209719402487558,ICICIBANK,9313.900390625,0.0649995349144159,-0.0440275946656601,False
2020-04-23,679.2999877929688,0.1607996815158079,INFY,9313.900390625,0.0649995349144159,0.095800146601392,True
2020-04-23,626.7293701171875,0.346726274984219,RELIANCE,9313.900390625,0.0649995349144159,0.2817267400698031,True
2020-04-23,1878.25,0.044952600085163,TCS,9313.900390625,0.0649995349144159,-0.020046934829252905,False
2020-04-24,469.0249938964844,0.2157993683290384,HDFCBANK,9154.400390625,0.20290402951611308,0.012895338812925317,True
2020-04-24,334.8500061035156,0.1790493172659,ICICIBANK,9154.400390625,0.20290402951611308,-0.023854712250213073,False
2020-04-24,658.0,0.2498812512919754,INFY,9154.400390625,0.20290402951611308,0.046977221775862305,True
2020-04-24,647.8047485351562,0.6028505267548547,RELIANCE,9154.400390625,0.20290402951611308,0.39994649723874165,True
2020-04-24,1818.550048828125,0.0891478121873214,TCS,9154.400390625,0.20290402951611308,-0.11375621732879168,False
2020-04-27,464.8500061035156,0.2110199263046412,HDFCBANK,9282.2998046875,0.18987829036932258,0.02114163593531862,True
2020-04-27,347.8999938964844,0.1733557972899979,ICICIBANK,9282.2998046875,0.18987829036932258,-0.016522493079324685,False
2020-04-27,664.5999755859375,0.1268226336742905,INFY,9282.2998046875,0.18987829036932258,-0.06305565669503208,False
2020-04-27,653.6336059570312,0.5155289549963966,RELIANCE,9282.2998046875,0.18987829036932258,0.32565066462707404,True
2020-04-27,1836.5999755859373,0.078354783347865,TCS,9282.2998046875,0.18987829036932258,-0.11152350702145758,False
2020-04-28,465.7000122070313,0.0871316304803766,HDFCBANK,9380.900390625,0.1278035587529549,-0.0406719282725783,False
2020-04-28,359.8500061035156,0.1355317546047694,ICICIBANK,9380.900390625,0.1278035587529549,0.007728195851814501,True
2020-04-28,660.7000122070312,0.089904320195538,INFY,9380.900390625,0.1278035587529549,-0.037899238557416906,False
2020-04-28,652.9021606445312,0.3196120022202529,RELIANCE,9380.900390625,0.1278035587529549,0.19180844346729797,True
2020-04-28,1859.050048828125,0.0621322041742564,TCS,9380.900390625,0.1278035587529549,-0.06567135457869851,False
2020-04-29,488.5499877929688,0.0843413628444293,HDFCBANK,9553.349609375,0.105526201442109,-0.02118483859767971,False
2020-04-29,370.4500122070313,0.1217260021408972,ICICIBANK,9553.349609375,0.105526201442109,0.016199800698788194,True
2020-04-29,676.5499877929688,0.0521772749501847,INFY,9553.349609375,0.105526201442109,-0.053348926491924305,False
2020-04-29,652.353515625,0.3383511567742587,RELIANCE,9553.349609375,0.105526201442109,0.2328249553321497,True
2020-04-29,1905.6500244140625,0.0640442649819084,TCS,9553.349609375,0.105526201442109,-0.0414819364602006,False
2020-04-30,500.8999938964844,0.1076344455437452,HDFCBANK,9859.900390625,0.13852375977887466,-0.03088931423512946,False
2020-04-30,380.1499938964844,0.1185816891840623,ICICIBANK,9859.900390625,0.13852375977887466,-0.01994207059481236,False
2020-04-30,715.5,0.0962156988179265,INFY,9859.900390625,0.13852375977887466,-0.04230806096094815,False
2020-04-30,670.2058715820312,0.3757507528435972,RELIANCE,9859.900390625,0.13852375977887466,0.23722699306472256,True
2020-04-30,2014.449951171875,0.1041106885019869,TCS,9859.900390625,0.13852375977887466,-0.03441307127688775,False
2020-05-04,461.5,0.1098418480180984,HDFCBANK,9293.5,0.12225434282650882,-0.012412494808410418,False
2020-05-04,338.04998779296875,0.078653460040035,ICICIBANK,9293.5,0.12225434282650882,-0.043600882786473824,False
2020-05-04,673.7000122070312,0.0749960093896942,INFY,9293.5,0.12225434282650882,-0.047258333436814626,False
2020-05-04,656.1251831054688,0.3927896339221748,RELIANCE,9293.5,0.12225434282650882,0.270535291095666,True
2020-05-04,1930.449951171875,0.0854371386965842,TCS,9293.5,0.12225434282650882,-0.03681720412992462,False
2020-05-05,455.7250061035156,0.0574892521051426,HDFCBANK,9205.599609375,0.07069868388531875,-0.013209431780176147,False
2020-05-05,330.8500061035156,0.0219305207830597,ICICIBANK,9205.599609375,0.07069868388531875,-0.04876816310225905,False
2020-05-05,673.7000122070312,0.0501948748355904,INFY,9205.599609375,0.07069868388531875,-0.020503809049728344,False
2020-05-05,667.760009765625,0.3114701826269261,RELIANCE,9205.599609375,0.07069868388531875,0.24077149874160736,True
2020-05-05,1932.75,0.0584031684135157,TCS,9205.599609375,0.07069868388531875,-0.012295515471803048,False
2020-05-06,473.2000122070313,0.1407219870600911,HDFCBANK,9270.900390625,0.12322816278629234,0.017493824273798753,True
2020-05-06,341.3999938964844,0.0972199922654146,ICICIBANK,9270.900390625,0.12322816278629234,-0.02600817052087774,False
2020-05-06,665.9000244140625,0.1046782314182219,INFY,9270.900390625,0.12322816278629234,-0.01854993136807044,False
2020-05-06,667.8057861328125,0.351982993775394,RELIANCE,9270.900390625,0.12322816278629234,0.22875483098910165,True
2020-05-06,1903.5999755859373,0.1140307099259325,TCS,9270.900390625,0.12322816278629234,-0.009197452860359834,False
2020-05-07,462.5,0.136573112672319,HDFCBANK,9199.0498046875,0.13796111073326034,-0.0013879980609413367,False
2020-05-07,336.75,0.1747776283630686,ICICIBANK,9199.0498046875,0.13796111073326034,0.036816517629808254,True
2020-05-07,664.9500122070312,0.1353081754281866,INFY,9199.0498046875,0.13796111073326034,-0.002652935305073739,False
2020-05-07,688.9268188476562,0.3986263635671425,RELIANCE,9199.0498046875,0.13796111073326034,0.26066525283388214,True
2020-05-07,1891.6500244140625,0.1435437554413976,TCS,9199.0498046875,0.13796111073326034,0.005582644708137269,True
2020-05-08,464.5249938964844,0.0367704643507951,HDFCBANK,9251.5,0.0522394616233115,-0.015468997272516403,False
2020-05-08,337.70001220703125,0.0355719285078253,ICICIBANK,9251.5,0.0522394616233115,-0.016667533115486202,False
2020-05-08,674.2000122070312,0.0550860910908157,INFY,9251.5,0.0522394616233115,0.0028466294675041984,True
2020-05-08,714.00244140625,0.2949174928743769,RELIANCE,9251.5,0.0522394616233115,0.2426780312510654,True
2020-05-08,1893.4000244140625,0.0665840899579561,TCS,9251.5,0.0522394616233115,0.014344628334644602,True
2020-05-11,457.8999938964844,0.0302620796941004,HDFCBANK,9239.2001953125,0.056059459387055366,-0.025797379692954966,False
2020-05-11,320.1499938964844,0.0037622876423475,ICICIBANK,9239.2001953125,0.056059459387055366,-0.05229717174470787,False
2020-05-11,682.9000244140625,0.0812223730384626,INFY,9239.2001953125,0.056059459387055366,0.02516291365140723,True
2020-05-11,720.8599243164062,0.3226523939078944,RELIANCE,9239.2001953125,0.056059459387055366,0.26659293452083904,True
2020-05-11,1935.300048828125,0.1347738744829842,TCS,9239.2001953125,0.056059459387055366,0.07871441509592883,True
2020-05-12,450.7749938964844,-0.0254040325497084,HDFCBANK,9196.5498046875,0.00928998457331609,-0.03469401712302449,False
2020-05-12,321.20001220703125,-0.0627370855972174,ICICIBANK,9196.5498046875,0.00928998457331609,-0.07202707017053349,False
2020-05-12,687.6500244140625,0.0807858929887033,INFY,9196.5498046875,0.00928998457331609,0.07149590841538721,True
2020-05-12,676.2633056640625,0.2125496542560119,RELIANCE,9196.5498046875,0.00928998457331609,0.20325966968269582,True
2020-05-12,1949.5,0.103813364126168,TCS,9196.5498046875,0.00928998457331609,0.09452337955285191,True
2020-05-13,463.8250122070313,0.0360753333432406,HDFCBANK,9383.5498046875,0.04332963216399399,-0.007254298820753395,False
2020-05-13,338.04998779296875,0.0223801422443123,ICICIBANK,9383.5498046875,0.04332963216399399,-0.02094948991968169,False
2020-05-13,694.1500244140625,0.089033570483729,INFY,9383.5498046875,0.04332963216399399,0.045703938319735,True
2020-05-13,690.6114501953125,0.2703484050949658,RELIANCE,9383.5498046875,0.04332963216399399,0.22701877293097183,True
2020-05-13,1949.6500244140625,0.1082279519193192,TCS,9383.5498046875,0.04332963216399399,0.06489831975532522,True
2020-05-14,446.8500061035156,0.0352137435930937,HDFCBANK,9142.75,0.0243633491390729,0.0108503944540208,True
2020-05-14,327.3999938964844,0.0001527044204574,ICICIBANK,9142.75,0.0243633491390729,-0.024210644718615497,False
2020-05-14,658.1500244140625,0.0298881730473978,INFY,9142.75,0.0243633491390729,0.005524823908324903,True
2020-05-14,662.690673828125,0.2606525631799468,RELIANCE,9142.75,0.0243633491390729,0.23628921404087389,True
2020-05-14,1902.3499755859373,0.0963605157014224,TCS,9142.75,0.0243633491390729,0.0719971665623495,True
2020-05-15,444.0750122070313,0.0095481948440609,HDFCBANK,9136.849609375,0.01601834888089182,-0.006470154036830919,False
2020-05-15,322.70001220703125,-0.0564327128449378,ICICIBANK,9136.849609375,0.01601834888089182,-0.07245106172582963,False
2020-05-15,652.2999877929688,0.0456039325485428,INFY,9136.849609375,0.01601834888089182,0.029585583667650982,True
2020-05-15,673.5128784179688,0.2612762180212835,RELIANCE,9136.849609375,0.01601834888089182,0.24525786914039166,True
2020-05-15,1892.9000244140625,0.1030564205902424,TCS,9136.849609375,0.01601834888089182,0.08703807170935059,True
2020-05-18,418.3250122070313,-0.0809073540223495,HDFCBANK,8823.25,-0.04785928184099064,-0.033048072181358856,False
2020-05-18,298.5,-0.2051657310542758,ICICIBANK,8823.25,-0.04785928184099064,-0.15730644921328515,False
2020-05-18,663.9000244140625,0.0559046113941352,INFY,8823.25,-0.04785928184099064,0.10376389323512583,True
2020-05-18,664.9058837890625,0.1882409518913623,RELIANCE,8823.25,-0.04785928184099064,0.23610023373235295,True
2020-05-18,1945.5999755859373,0.0771786226234911,TCS,8823.25,-0.04785928184099064,0.12503790446448174,True
2020-05-19,415.3250122070313,-0.1208656973304732,HDFCBANK,8879.099609375,-0.041325438885616794,-0.0795402584448564,False
2020-05-19,300.29998779296875,-0.1688347690588745,ICICIBANK,8879.099609375,-0.041325438885616794,-0.12750933017325772,False
2020-05-19,668.5999755859375,0.023419543974976,INFY,8879.099609375,-0.041325438885616794,0.0647449828605928,True
2020-05-19,650.2070922851562,0.1434755195394581,RELIANCE,8879.099609375,-0.041325438885616794,0.1848009584250749,True
2020-05-19,1948.6500244140625,0.0714815925300875,TCS,8879.099609375,-0.041325438885616794,0.11280703141570429,True
2020-05-20,428.5499877929688,-0.0700374839887435,HDFCBANK,9066.5498046875,0.009475041059562317,-0.07951252504830582,False
2020-05-20,305.6499938964844,-0.0789513687664618,ICICIBANK,9066.5498046875,0.009475041059562317,-0.08842640982602412,False
2020-05-20,669.5499877929688,0.0574067828256019,INFY,9066.5498046875,0.009475041059562317,0.047931741766039586,True
2020-05-20,661.65234375,0.1696691071746099,RELIANCE,9066.5498046875,0.009475041059562317,0.16019406611504758,True
2020-05-20,1953.5999755859373,0.1242770109848174,TCS,9066.5498046875,0.009475041059562317,0.11480196992525508,True
2020-05-21,429.7749938964844,-0.0743592392939693,HDFCBANK,9106.25,-0.008821939678745117,-0.06553729961522418,False
2020-05-21,304.3999938964844,-0.0939128357319539,ICICIBANK,9106.25,-0.008821939678745117,-0.08509089605320878,False
2020-05-21,672.2000122070312,0.047285250098183,INFY,9106.25,-0.008821939678745117,0.056107189776928114,True
2020-05-21,665.1366577148438,0.0669636873381762,RELIANCE,9106.25,-0.008821939678745117,0.07578562701692132,True
2020-05-21,1991.199951171875,0.1252896022446312,TCS,9106.25,-0.008821939678745117,0.13411154192337632,True
2020-05-22,419.4249877929688,-0.1215770827132294,HDFCBANK,9039.25,-0.02948822502991899,-0.0920888576833104,False
2020-05-22,291.04998779296875,-0.1753790119654495,ICICIBANK,9039.25,-0.02948822502991899,-0.1458907869355305,False
2020-05-22,692.3499755859375,0.0192109348262583,INFY,9039.25,-0.02948822502991899,0.04869915985617729,True
2020-05-22,660.6600952148438,0.0541393569784542,RELIANCE,9039.25,-0.02948822502991899,0.0836275820083732,True
2020-05-22,2020.3499755859373,0.0756555174156461,TCS,9039.25,-0.02948822502991899,0.1051437424455651,True
2020-05-26,426.2000122070313,-0.0913063957075701,HDFCBANK,9029.0498046875,-0.013692932424702708,-0.07761346328286739,False
2020-05-26,292.70001220703125,-0.1258772379518909,ICICIBANK,9029.0498046875,-0.013692932424702708,-0.1121843055271882,False
2020-05-26,680.5499877929688,0.0342704981656059,INFY,9029.0498046875,-0.013692932424702708,0.04796343059030861,True
2020-05-26,657.1988525390625,0.0145014435679093,RELIANCE,9029.0498046875,-0.013692932424702708,0.028194375992612007,True
2020-05-26,1943.0,0.0684336134999807,TCS,9029.0498046875,-0.013692932424702708,0.08212654592468341,True
2020-05-27,451.8250122070313,-0.0280197778325592,HDFCBANK,9314.9501953125,0.0035174893412204256,-0.03153726717377962,False
2020-05-27,318.8500061035156,-0.0835009724133896,ICICIBANK,9314.9501953125,0.0035174893412204256,-0.08701846175461002,False
2020-05-27,705.4500122070312,0.0614656005442653,INFY,9314.9501953125,0.0035174893412204256,0.057948111203044876,True
2020-05-27,667.12109375,0.0206346302730575,RELIANCE,9314.9501953125,0.0035174893412204256,0.017117140931837076,True
2020-05-27,2005.300048828125,0.0918545548757108,TCS,9314.9501953125,0.0035174893412204256,0.08833706553449037,True
2020-05-28,472.625,0.0148700614375121,HDFCBANK,9490.099609375,0.011640590370102455,0.003229471067409645,True
2020-05-28,326.8500061035156,-0.0917048754766648,ICICIBANK,9490.099609375,0.011640590370102455,-0.10334546584676725,False
2020-05-28,707.4000244140625,0.0706826265236963,INFY,9490.099609375,0.011640590370102455,0.05904203615359384,True
2020-05-28,679.443115234375,0.0406507378741756,RELIANCE,9490.099609375,0.011640590370102455,0.029010147504073144,True
2020-05-28,2004.300048828125,0.0781313015706921,TCS,9490.099609375,0.011640590370102455,0.06649071120058965,True
2020-05-29,475.8250122070313,-0.0260464147045069,HDFCBANK,9580.2998046875,0.002821020523110951,-0.028867435227617852,False
2020-05-29,331.95001220703125,-0.1039276521294424,ICICIBANK,9580.2998046875,0.002821020523110951,-0.10674867265255335,False
2020-05-29,691.0,0.0213583807076398,INFY,9580.2998046875,0.002821020523110951,0.01853736018452885,True
2020-05-29,675.8203735351562,0.0359726089429799,RELIANCE,9580.2998046875,0.002821020523110951,0.03315158841986895,True
2020-05-29,1972.3499755859373,0.0350011546282655,TCS,9580.2998046875,0.002821020523110951,0.03218013410515455,True
2020-06-01,493.8250122070313,-0.01412453938044,HDFCBANK,9826.150390625,-0.0034229554724599653,-0.010701583907980034,False
2020-06-01,339.25,-0.107589095233871,ICICIBANK,9826.150390625,-0.0034229554724599653,-0.10416613976141104,False
2020-06-01,699.5499877929688,-0.0222921204850191,INFY,9826.150390625,-0.0034229554724599653,-0.018869165012559135,False
2020-06-01,701.6412963867188,0.0469041322041594,RELIANCE,9826.150390625,-0.0034229554724599653,0.050327087676619364,True
2020-06-01,2045.25,0.0152895577327238,TCS,9826.150390625,-0.0034229554724599653,0.018712513205183766,True
2020-06-02,500.5,0.0845070422535212,HDFCBANK,9979.099609375,0.07377194914456342,0.010735093108957774,True
2020-06-02,348.3999938964844,0.0306167918274093,ICICIBANK,9979.099609375,0.07377194914456342,-0.04315515731715412,False
2020-06-02,708.0999755859375,0.0510612479673444,INFY,9979.099609375,0.07377194914456342,-0.022710701177219017,False
2020-06-02,708.7252807617188,0.0801677774465101,RELIANCE,9979.099609375,0.07377194914456342,0.006395828301946682,True
2020-06-02,2047.1500244140625,0.0604522656344159,TCS,9979.099609375,0.07377194914456342,-0.01331968351014752,False
2020-06-03,511.125,0.1215645249975607,HDFCBANK,10061.5498046875,0.09298147123852729,0.028583053759033403,True
2020-06-03,356.8500061035156,0.0785854602398441,ICICIBANK,10061.5498046875,0.09298147123852729,-0.014396010998683192,False
2020-06-03,701.5499877929688,0.0413388378823111,INFY,10061.5498046875,0.09298147123852729,-0.05164263335621619,False
2020-06-03,711.4712524414062,0.0654595094592791,RELIANCE,10061.5498046875,0.09298147123852729,-0.02752196177924819,False
2020-06-03,2046.1500244140625,0.0586728880683287,TCS,10061.5498046875,0.09298147123852729,-0.03430858317019859,False
2020-06-04,500.8500061035156,0.0584319382569817,HDFCBANK,10029.099609375,0.08178269497067547,-0.02335075671369377,False
2020-06-04,347.8500061035156,0.0188928304696658,ICICIBANK,10029.099609375,0.08178269497067547,-0.06288986450100967,False
2020-06-04,707.75,0.0628472353980795,INFY,10029.099609375,0.08178269497067547,-0.018935459572595972,False
2020-06-04,729.0774536132812,0.0917507286591301,RELIANCE,10029.099609375,0.08178269497067547,0.009968033688454628,True
2020-06-04,2091.550048828125,0.098734017468316,TCS,10029.099609375,0.08178269497067547,0.01695132249764053,True
2020-06-05,516.6749877929688,0.1171351087415539,HDFCBANK,10142.150390625,0.10252152189206876,0.014613586849485147,True
2020-06-05,357.20001220703125,0.0607275789369896,ICICIBANK,10142.150390625,0.10252152189206876,-0.041793942955079155,False
2020-06-05,703.5499877929688,0.0580494396230184,INFY,10142.150390625,0.10252152189206876,-0.044472082269050354,False
2020-06-05,729.9542846679688,0.0595527198214429,RELIANCE,10142.150390625,0.10252152189206876,-0.04296880207062586,False
2020-06-05,2048.25,0.0827848563766144,TCS,10142.150390625,0.10252152189206876,-0.01973666551545436,False
2020-06-08,507.9500122070313,0.0934826303882883,HDFCBANK,10167.4501953125,0.09900558777630653,-0.005522957388018224,False
2020-06-08,359.79998779296875,0.0654426259611409,ICICIBANK,10167.4501953125,0.09900558777630653,-0.03356296181516563,False
2020-06-08,720.8499755859375,0.0691930621985528,INFY,10167.4501953125,0.09900558777630653,-0.029812525577753726,False
2020-06-08,724.323974609375,0.0144558794264013,RELIANCE,10167.4501953125,0.09900558777630653,-0.08454970834990523,False
2020-06-08,2071.75,0.0941956128056618,TCS,10167.4501953125,0.09900558777630653,-0.004809974970644726,False
2020-06-09,493.6499938964844,0.0780738162841772,HDFCBANK,10046.650390625,0.08739394950248602,-0.009320133218308824,False
2020-06-09,348.54998779296875,0.0887084005557317,ICICIBANK,10046.650390625,0.08739394950248602,0.00131445105324568,True
2020-06-09,717.5999755859375,0.0508126371816255,INFY,10046.650390625,0.08739394950248602,-0.03658131232086052,False
2020-06-09,709.3944702148438,-0.0159052455474414,RELIANCE,10046.650390625,0.08739394950248602,-0.10329919504992742,False
2020-06-09,2072.050048828125,0.070660877667422,TCS,10046.650390625,0.08739394950248602,-0.01673307183506402,False
2020-06-10,495.9249877929688,0.1001608219351506,HDFCBANK,10116.150390625,0.09999408533282539,0.00016673660232521814,True
2020-06-10,353.0,0.0990036942229999,ICICIBANK,10116.150390625,0.09999408533282539,-0.0009903911098254892,False
2020-06-10,715.8499755859375,0.0410091618856609,INFY,10116.150390625,0.09999408533282539,-0.05898492344716449,False
2020-06-10,725.5469970703125,0.0728764831589605,RELIANCE,10116.150390625,0.09999408533282539,-0.027117602173864885,False
2020-06-10,2108.75,0.0816876122082586,TCS,10116.150390625,0.09999408533282539,-0.01830647312456679,False
2020-06-11,484.2999877929688,0.0441437504383621,HDFCBANK,9902.0,0.05525096643633853,-0.011107215997976434,False
2020-06-11,341.25,0.0094660917692179,ICICIBANK,9902.0,0.05525096643633853,-0.04578487466712063,False
2020-06-11,703.9500122070312,0.0141179679439484,INFY,9902.0,0.05525096643633853,-0.04113299849239013,False
2020-06-11,709.6483154296875,0.0275652325616542,RELIANCE,9902.0,0.05525096643633853,-0.027685733874684332,False
2020-06-11,2067.64990234375,0.0605236203688148,TCS,9902.0,0.05525096643633853,0.005272653932476265,True
2020-06-12,491.375,0.0996419229905301,HDFCBANK,9972.900390625,0.09079876302261347,0.008843159967916625,True
2020-06-12,344.20001220703125,0.0513134350144752,ICICIBANK,9972.900390625,0.09079876302261347,-0.03948532800813827,False
2020-06-12,692.0499877929688,0.0515079573370627,INFY,9972.900390625,0.09079876302261347,-0.039290805685550774,False
2020-06-12,733.23095703125,0.1064452632110231,RELIANCE,9972.900390625,0.09079876302261347,0.01564650018840963,True
2020-06-12,2039.5,0.0720950541037117,TCS,9972.900390625,0.09079876302261347,-0.018703708918901774,False
2020-06-15,474.9249877929688,0.0694701902559538,HDFCBANK,9813.7001953125,0.07407920835678494,-0.0046090181008311415,False
2020-06-15,331.1000061035156,0.0260303488649864,ICICIBANK,9813.7001953125,0.07407920835678494,-0.048048859491798546,False
2020-06-15,687.5499877929688,0.0540395533644986,INFY,9813.7001953125,0.07407920835678494,-0.02003965499228634,False
2020-06-15,745.1145629882812,0.1063107876103268,RELIANCE,9813.7001953125,0.07407920835678494,0.032231579253541864,True
2020-06-15,2029.9000244140625,0.072375718861543,TCS,9813.7001953125,0.07407920835678494,-0.0017034894952419471,False
2020-06-16,495.2000122070313,0.1837685956056438,HDFCBANK,9914.0,0.1236222480378546,0.06014634756778919,True
2020-06-16,342.95001220703125,0.1489112636751466,ICICIBANK,9914.0,0.1236222480378546,0.025289015637291995,True
2020-06-16,701.2000122070312,0.0561831396615606,INFY,9914.0,0.1236222480378546,-0.067439108376294,False
2020-06-16,746.5682983398438,0.1228180055881233,RELIANCE,9914.0,0.1236222480378546,-0.0008042424497313044,False
2020-06-16,2045.800048828125,0.0515008606597107,TCS,9914.0,0.1236222480378546,-0.0721213873781439,False
2020-06-17,489.625,0.1788960106162149,HDFCBANK,9881.150390625,0.11285499941818244,0.06604101119803246,True
2020-06-17,341.95001220703125,0.138694725631413,ICICIBANK,9881.150390625,0.11285499941818244,0.02583972621323055,True
2020-06-17,703.6500244140625,0.0524230483218435,INFY,9881.150390625,0.11285499941818244,-0.06043195109633894,False
2020-06-17,745.4837646484375,0.1465328100750653,RELIANCE,9881.150390625,0.11285499941818244,0.033677810656882856,True
2020-06-17,2047.800048828125,0.0508813913077468,TCS,9881.150390625,0.11285499941818244,-0.061973608110435646,False
2020-06-18,509.9750061035156,0.1900012148638374,HDFCBANK,10091.650390625,0.11306402192899356,0.07693719293484383,True
2020-06-18,352.0,0.151644060294708,ICICIBANK,10091.650390625,0.11306402192899356,0.03858003836571444,True
2020-06-18,713.9000244140625,0.0662385743106117,INFY,10091.650390625,0.11306402192899356,-0.046825447618381866,False
2020-06-18,764.1975708007812,0.1549835469025817,RELIANCE,10091.650390625,0.11306402192899356,0.04191952497358814,True
2020-06-18,2038.0999755859373,0.0432534812940177,TCS,10091.650390625,0.11306402192899356,-0.06981054063497585,False
2020-06-19,516.6749877929688,0.2021988136364563,HDFCBANK,10244.400390625,0.12498562971859983,0.07721318391785648,True
2020-06-19,363.7999877929688,0.1951379602086465,ICICIBANK,10244.400390625,0.12498562971859983,0.07015233049004665,True
2020-06-19,705.5499877929688,0.0496131731334541,INFY,10244.400390625,0.12498562971859983,-0.07537245658514574,False
2020-06-19,811.9628295898438,0.2207458725541287,RELIANCE,10244.400390625,0.12498562971859983,0.09576024283552886,True
2020-06-19,2044.5999755859373,0.026818012115074,TCS,10244.400390625,0.12498562971859983,-0.09816761760352583,False
2020-06-22,514.375,0.2263813911199281,HDFCBANK,10311.2001953125,0.14071412952540308,0.08566726159452503,True
2020-06-22,367.5499877929688,0.2628414472032772,ICICIBANK,10311.2001953125,0.14071412952540308,0.1221273176778741,True
2020-06-22,703.7000122070312,0.0163934960949312,INFY,10311.2001953125,0.14071412952540308,-0.12432063343047188,False
2020-06-22,805.8479614257812,0.2197618219452517,RELIANCE,10311.2001953125,0.14071412952540308,0.07904769241984863,True
2020-06-22,2027.949951171875,0.0037617124150648,TCS,10311.2001953125,0.14071412952540308,-0.1369524171103383,False
2020-06-23,521.1500244140625,0.2227827533728652,HDFCBANK,10471.0,0.1597012118112251,0.06308154156164011,True
2020-06-23,376.1499938964844,0.2851041278072366,ICICIBANK,10471.0,0.1597012118112251,0.1254029159960115,True
2020-06-23,720.6500244140625,0.0589229848510299,INFY,10471.0,0.1597012118112251,-0.1007782269601952,False
2020-06-23,794.195068359375,0.2084547398265119,RELIANCE,10471.0,0.1597012118112251,0.04875352801528679,True
2020-06-23,2035.300048828125,0.0475038851405686,TCS,10471.0,0.1597012118112251,-0.11219732667065649,False
2020-06-24,516.25,0.1425883606537665,HDFCBANK,10305.2998046875,0.10631829356139422,0.03627006709237229,True
2020-06-24,348.1000061035156,0.0917359242279702,ICICIBANK,10305.2998046875,0.10631829356139422,-0.014582369333424022,False
2020-06-24,714.1500244140625,0.012332570779626,INFY,10305.2998046875,0.10631829356139422,-0.09398572278176821,False
2020-06-24,797.4024658203125,0.1952889412295135,RELIANCE,10305.2998046875,0.10631829356139422,0.0889706476681193,True
2020-06-24,2042.199951171875,0.018401187575552,TCS,10305.2998046875,0.10631829356139422,-0.08791710598584221,False
2020-06-25,514.375,0.0883364189367892,HDFCBANK,10288.900390625,0.08417201232122862,0.004164406615560584,True
2020-06-25,351.0,0.0738870841227272,ICICIBANK,10288.900390625,0.08417201232122862,-0.010284928198501422,False
2020-06-25,700.5,-0.0097540630137492,INFY,10288.900390625,0.08417201232122862,-0.09392607533497782,False
2020-06-25,792.810546875,0.166853455570771,RELIANCE,10288.900390625,0.08417201232122862,0.08268144324954238,True
2020-06-25,2016.0999755859373,0.0058873055282873,TCS,10288.900390625,0.08417201232122862,-0.07828470679294132,False
2020-06-26,528.2249755859375,0.1101244407809882,HDFCBANK,10383.0,0.08378654235014138,0.026337898430846815,True
2020-06-26,349.1000061035156,0.0516643870035113,ICICIBANK,10383.0,0.08378654235014138,-0.03212215534663008,False
2020-06-26,748.2000122070312,0.0827785994313041,INFY,10383.0,0.08378654235014138,-0.0010079429188372818,False
2020-06-26,803.7711791992188,0.1893266475450616,RELIANCE,10383.0,0.08378654235014138,0.10554010519492021,True
2020-06-26,2118.85009765625,0.0742769406462922,TCS,10383.0,0.08378654235014138,-0.00950960170384918,False
2020-06-29,538.0250244140625,0.0895054140929192,HDFCBANK,10312.400390625,0.049485300007612754,0.04002011408530645,True
2020-06-29,343.1000061035156,0.0113485809978353,ICICIBANK,10312.400390625,0.049485300007612754,-0.038136719009777456,False
2020-06-29,731.75,0.046029608704047,INFY,10312.400390625,0.049485300007612754,-0.0034556913035657527,False
2020-06-29,795.2334594726562,0.1333903286022562,RELIANCE,10312.400390625,0.049485300007612754,0.08390502859464344,True
2020-06-29,2101.64990234375,0.0275760431945972,TCS,10312.400390625,0.049485300007612754,-0.021909256813015553,False
2020-06-30,532.9249877929688,0.0647851903955418,HDFCBANK,10302.099609375,0.032367649652134345,0.032417540743407455,True
2020-06-30,351.45001220703125,0.008754358105566,ICICIBANK,10302.099609375,0.032367649652134345,-0.023613291546568344,False
2020-06-30,735.9500122070312,0.039330656095629,INFY,10302.099609375,0.032367649652134345,0.006963006443494658,True
2020-06-30,786.44189453125,0.109656895103281,RELIANCE,10302.099609375,0.032367649652134345,0.07728924545114665,True
2020-06-30,2082.14990234375,0.0170968798145143,TCS,10302.099609375,0.032367649652134345,-0.015270769837620046,False
2020-07-01,542.2999877929688,0.0609928839187454,HDFCBANK,10430.0498046875,0.03662457644729078,0.024368307471454617,True
2020-07-01,364.0499877929688,0.0201764931100059,ICICIBANK,10430.0498046875,0.03662457644729078,-0.01644808333728488,False
2020-07-01,731.9000244140625,0.0432614028211633,INFY,10430.0498046875,0.03662457644729078,0.006636826373872522,True
2020-07-01,801.902099609375,0.1271040071649505,RELIANCE,10430.0498046875,0.03662457644729078,0.09047943071765971,True
2020-07-01,2092.050048828125,0.0224323846572327,TCS,10430.0498046875,0.03662457644729078,-0.014192191790058081,False
2020-07-02,544.7000122070312,0.0875511741422494,HDFCBANK,10551.7001953125,0.052108425112159074,0.03544274903009033,True
2020-07-02,362.8500061035156,0.0431220346034324,ICICIBANK,10551.7001953125,0.052108425112159074,-0.008986390508726676,False
2020-07-02,756.5999755859375,0.0690215126611621,INFY,10551.7001953125,0.052108425112159074,0.01691308754900303,True
2020-07-02,812.4012451171875,0.114286611238568,RELIANCE,10551.7001953125,0.052108425112159074,0.06217818612640892,True
2020-07-02,2157.14990234375,0.0313642284354513,TCS,10551.7001953125,0.052108425112159074,-0.020744196676707773,False
2020-07-03,536.9749755859375,0.0392896661781176,HDFCBANK,10607.349609375,0.04586790777427363,-0.006578241596156033,False
2020-07-03,361.0,0.0106382633345665,ICICIBANK,10607.349609375,0.04586790777427363,-0.03522964443970713,False
2020-07-03,762.7000122070312,0.0840736627678946,INFY,10607.349609375,0.04586790777427363,0.03820575499362097,True
2020-07-03,825.1155395507812,0.1303660474108978,RELIANCE,10607.349609375,0.04586790777427363,0.08449813963662417,True
2020-07-03,2199.64990234375,0.0739167105303306,TCS,10607.349609375,0.04586790777427363,0.028048802756056965,True
2020-07-06,551.5,0.0857367590242688,HDFCBANK,10763.650390625,0.058638123016069965,0.02709863600819884,True
2020-07-06,361.8500061035156,0.0056976608674219,ICICIBANK,10763.650390625,0.058638123016069965,-0.05294046214864807,False
2020-07-06,764.0,0.0598599235284544,INFY,10763.650390625,0.058638123016069965,0.0012218005123844355,True
2020-07-06,854.6054077148438,0.1798662444878054,RELIANCE,10763.650390625,0.058638123016069965,0.12122812147173542,True
2020-07-06,2263.199951171875,0.0924097749110051,TCS,10763.650390625,0.058638123016069965,0.03377165189493514,True
2020-07-07,552.5750122070312,0.1193659861016895,HDFCBANK,10799.650390625,0.07495035367237013,0.04441563242931937,True
2020-07-07,376.0499877929688,0.0788982956910457,ICICIBANK,10799.650390625,0.07495035367237013,0.003947942018675571,True
2020-07-07,794.1500244140625,0.1066750995436141,INFY,10799.650390625,0.07495035367237013,0.031724745871243965,True
2020-07-07,841.5218505859375,0.1862537500906629,RELIANCE,10799.650390625,0.07495035367237013,0.11130339641829276,True
2020-07-07,2269.89990234375,0.0954850746136761,TCS,10799.650390625,0.07495035367237013,0.02053472094130597,True
2020-07-08,555.1749877929688,0.1194737136833579,HDFCBANK,10705.75,0.05828300159726796,0.061190712086089935,True
2020-07-08,368.9500122070313,0.0451841705581623,ICICIBANK,10705.75,0.05828300159726796,-0.013098831039105661,False
2020-07-08,774.7000122070312,0.0822100141484587,INFY,10705.75,0.05828300159726796,0.023927012551190743,True
2020-07-08,829.7767333984375,0.143656767582244,RELIANCE,10705.75,0.05828300159726796,0.08537376598497604,True
2020-07-08,2218.89990234375,0.0522346899081209,TCS,10705.75,0.05828300159726796,-0.0060483116891470595,False
2020-07-09,562.4749755859375,0.1614185210890142,HDFCBANK,10813.4501953125,0.09204708092430813,0.06937144016470606,True
2020-07-09,370.3500061035156,0.0852747431604854,ICICIBANK,10813.4501953125,0.09204708092430813,-0.0067723377638227306,False
2020-07-09,781.7000122070312,0.1104481833251731,INFY,10813.4501953125,0.09204708092430813,0.01840110240086497,True
2020-07-09,841.8910522460938,0.1863496804559228,RELIANCE,10813.4501953125,0.09204708092430813,0.09430259953161466,True
2020-07-09,2204.35009765625,0.0661138015471312,TCS,10813.4501953125,0.09204708092430813,-0.025933279377176932,False
2020-07-10,552.5499877929688,0.1244975584695369,HDFCBANK,10768.0498046875,0.07973100932703381,0.044766549142503095,True
2020-07-10,360.3500061035156,0.0469203757226202,ICICIBANK,10768.0498046875,0.07973100932703381,-0.03281063360441361,False
2020-07-10,781.8499755859375,0.1297593950970965,INFY,10768.0498046875,0.07973100932703381,0.05002838577006269,True
2020-07-10,866.7197875976562,0.1820556392038927,RELIANCE,10768.0498046875,0.07973100932703381,0.10232462987685889,True
2020-07-10,2222.35009765625,0.089654374923388,TCS,10768.0498046875,0.07973100932703381,0.009923365596354192,True
2020-07-13,540.125,0.1372848636792585,HDFCBANK,10802.7001953125,0.10077748253124685,0.036507381148011636,True
2020-07-13,353.6000061035156,0.0679552992607483,ICICIBANK,10802.7001953125,0.10077748253124685,-0.03282218327049856,False
2020-07-13,797.0499877929688,0.1592611474716105,INFY,10802.7001953125,0.10077748253124685,0.05848366494036364,True
2020-07-13,893.002197265625,0.1984763707801395,RELIANCE,10802.7001953125,0.10077748253124685,0.09769888824889264,True
2020-07-13,2220.0,0.0936499203406879,TCS,10802.7001953125,0.10077748253124685,-0.007127562190558948,False
2020-07-14,529.4249877929688,0.0691134384940781,HDFCBANK,10607.349609375,0.06993641409874929,-0.0008229756046711917,False
2020-07-14,345.54998779296875,0.0075812086117319,ICICIBANK,10607.349609375,0.06993641409874929,-0.06235520548701739,False
2020-07-14,783.25,0.1170136713699077,INFY,10607.349609375,0.06993641409874929,0.04707725727115841,True
2020-07-14,884.6951904296875,0.1850157479188425,RELIANCE,10607.349609375,0.06993641409874929,0.11507933382009322,True
2020-07-14,2171.949951171875,0.0616628699447001,TCS,10607.349609375,0.06993641409874929,-0.00827354415404919,False
2020-07-15,526.5750122070312,0.075465942725619,HDFCBANK,10618.2001953125,0.074591497502841,0.0008744452227780058,True
2020-07-15,345.79998779296875,0.0112588841892087,ICICIBANK,10618.2001953125,0.074591497502841,-0.0633326133136323,False
2020-07-15,830.9500122070312,0.1809137829547762,INFY,10618.2001953125,0.074591497502841,0.1063222854519352,True
2020-07-15,851.0056762695312,0.1415482356894208,RELIANCE,10618.2001953125,0.074591497502841,0.0669567381865798,True
2020-07-15,2233.89990234375,0.0908779417317244,TCS,10618.2001953125,0.074591497502841,0.016286444228883395,True
2020-07-16,531.2750244140625,0.0417667886771364,HDFCBANK,10739.9501953125,0.06424120729447402,-0.02247441861733762,False
2020-07-16,344.6499938964844,-0.0208806991577148,ICICIBANK,10739.9501953125,0.06424120729447402,-0.08512190645218883,False
2020-07-16,911.0,0.2760890444676878,INFY,10739.9501953125,0.06424120729447402,0.21184783717321376,True
2020-07-16,850.7288208007812,0.1132315166997015,RELIANCE,10739.9501953125,0.06424120729447402,0.04899030940522747,True
2020-07-16,2234.75,0.0964869372306074,TCS,10739.9501953125,0.06424120729447402,0.03224572993613338,True
2020-07-17,549.2249755859375,0.0629989617496473,HDFCBANK,10901.7001953125,0.06416186205383156,-0.0011629003041842695,False
2020-07-17,353.79998779296875,-0.0274876314885718,ICICIBANK,10901.7001953125,0.06416186205383156,-0.09164949354240337,False
2020-07-17,903.1500244140624,0.2800652541136119,INFY,10901.7001953125,0.06416186205383156,0.21590339205978032,True
2020-07-17,882.249267578125,0.0865636152627649,RELIANCE,10901.7001953125,0.06416186205383156,0.02240175320893334,True
2020-07-17,2200.75,0.0763719193380669,TCS,10901.7001953125,0.06416186205383156,0.01221005728423534,True
2020-07-20,566.5250244140625,0.1013852236482382,HDFCBANK,11022.2001953125,0.06895414564089464,0.03243107800734356,True
2020-07-20,363.0,-0.0123792353260304,ICICIBANK,11022.2001953125,0.06895414564089464,-0.08133338096692504,False
2020-07-20,934.2999877929688,0.3276964211819484,INFY,11022.2001953125,0.06895414564089464,0.2587422755410538,True
2020-07-20,886.0335083007812,0.0995045600576172,RELIANCE,11022.2001953125,0.06895414564089464,0.030550414416722557,True
2020-07-20,2207.89990234375,0.088734907421107,TCS,11022.2001953125,0.06895414564089464,0.01978076178021236,True
2020-07-21,569.2750244140625,0.092343850610211,HDFCBANK,11162.25,0.06601566230541489,0.026328188304796107,True
2020-07-21,378.7999877929688,0.0070450456984818,ICICIBANK,11162.25,0.06601566230541489,-0.05897061660693309,False
2020-07-21,936.75,0.2998681305279098,INFY,11162.25,0.06601566230541489,0.2338524682224949,True
2020-07-21,909.8699951171876,0.1456505226062037,RELIANCE,11162.25,0.06601566230541489,0.07963486030078881,True
2020-07-21,2225.050048828125,0.0932294971000728,TCS,11162.25,0.06601566230541489,0.027213834794657915,True
2020-07-22,563.1749877929688,0.0908958601316585,HDFCBANK,11132.599609375,0.08027906226572767,0.010616797865930824,True
2020-07-22,381.1000061035156,0.094800343066316,ICICIBANK,11132.599609375,0.08027906226572767,0.01452128080058833,True
2020-07-22,917.9000244140624,0.2853041980460202,INFY,11132.599609375,0.08027906226572767,0.20502513578029252,True
2020-07-22,924.845703125,0.1598229786931781,RELIANCE,11132.599609375,0.08027906226572767,0.07954391642745043,True
2020-07-22,2190.949951171875,0.0728381174990444,TCS,11132.599609375,0.08027906226572767,-0.007440944766683277,False
2020-07-23,565.2000122070312,0.098809258239672,HDFCBANK,11215.4501953125,0.09005333607192378,0.008755922167748217,True
2020-07-23,392.25,0.1175213675213675,ICICIBANK,11215.4501953125,0.09005333607192378,0.027468031449443722,True
2020-07-23,907.9500122070312,0.2961456277045413,INFY,11215.4501953125,0.09005333607192378,0.2060922916326175,True
2020-07-23,949.6743774414062,0.1978579008373591,RELIANCE,11215.4501953125,0.09005333607192378,0.10780456476543532,True
2020-07-23,2171.199951171875,0.0769306966242391,TCS,11215.4501953125,0.09005333607192378,-0.013122639447684686,False
2020-07-24,559.5499877929688,0.0593024064647524,HDFCBANK,11194.150390625,0.07812293081238564,-0.01882052434763324,False
2020-07-24,381.7999877929688,0.093669381603382,ICICIBANK,11194.150390625,0.07812293081238564,0.015546450790996355,True
2020-07-24,922.8499755859376,0.2334268384515605,INFY,11194.150390625,0.07812293081238564,0.15530390763917487,True
2020-07-24,990.4478759765624,0.232251045581562,RELIANCE,11194.150390625,0.07812293081238564,0.15412811476917637,True
2020-07-24,2157.39990234375,0.0181937385424959,TCS,11194.150390625,0.07812293081238564,-0.05992919226988974,False
2020-07-27,539.75,0.0032061251942994,HDFCBANK,11131.7998046875,0.07945768036774603,-0.07625155517344663,False
2020-07-27,358.5,0.0448848546270153,ICICIBANK,11131.7998046875,0.07945768036774603,-0.03457282574073073,False
2020-07-27,948.4500122070312,0.2961394085507771,INFY,11131.7998046875,0.07945768036774603,0.21668172818303105,True
2020-07-27,995.0859375,0.2513129643210336,RELIANCE,11131.7998046875,0.07945768036774603,0.17185528395328759,True
2020-07-27,2206.800048828125,0.0500321896463877,TCS,11131.7998046875,0.07945768036774603,-0.029425490721358333,False
2020-07-28,543.3250122070312,0.0195149873852467,HDFCBANK,11300.5498046875,0.09691715603331019,-0.07740216864806349,False
2020-07-28,352.1000061035156,0.0018494632918137,ICICIBANK,11300.5498046875,0.09691715603331019,-0.0950676927414965,False
2020-07-28,962.8499755859376,0.3083089335082132,INFY,11300.5498046875,0.09691715603331019,0.211391777474903,True
2020-07-28,1005.0081787109376,0.2779179055688043,RELIANCE,11300.5498046875,0.09691715603331019,0.1810007495354941,True
2020-07-28,2309.75,0.1093101401585228,TCS,11300.5498046875,0.09691715603331019,0.012392984125212614,True
2020-07-29,532.2999877929688,-0.0184399782871056,HDFCBANK,11202.849609375,0.0740935871984223,-0.0925335654855279,False
2020-07-29,351.04998779296875,-0.035709381776969,ICICIBANK,11202.849609375,0.0740935871984223,-0.1098029689753913,False
2020-07-29,954.1500244140624,0.3036616922890891,INFY,11202.849609375,0.0740935871984223,0.22956810509066683,True
2020-07-29,967.6036376953124,0.2066356206906734,RELIANCE,11202.849609375,0.0740935871984223,0.1325420334922511,True
2020-07-29,2276.050048828125,0.0879520067424146,TCS,11202.849609375,0.0740935871984223,0.013858419543992306,True
2020-07-30,525.3250122070312,-0.0355700377561877,HDFCBANK,11102.150390625,0.05216696694595546,-0.08773700470214316,False
2020-07-30,344.95001220703125,-0.0493316621066219,ICICIBANK,11102.150390625,0.05216696694595546,-0.10149862905257737,False
2020-07-30,961.4500122070312,0.2707507840750995,INFY,11102.150390625,0.05216696694595546,0.21858381712914404,True
2020-07-30,973.2339477539062,0.1979720041092734,RELIANCE,11102.150390625,0.05216696694595546,0.14580503716331794,True
2020-07-30,2279.5,0.0567184030758902,TCS,11102.150390625,0.05216696694595546,0.0045514361299347356,True
2020-07-31,516.4000244140625,-0.0383164059915901,HDFCBANK,11073.4501953125,0.04394128628753324,-0.08225769227912334,False
2020-07-31,346.79998779296875,-0.0393352138698926,ICICIBANK,11073.4501953125,0.04394128628753324,-0.08327650015742585,False
2020-07-31,966.0,0.2665530149982271,INFY,11073.4501953125,0.04394128628753324,0.22261172871069385,True
2020-07-31,953.96630859375,0.1561608803454595,RELIANCE,11073.4501953125,0.04394128628753324,0.11221959405792625,True
2020-07-31,2281.39990234375,0.0371650051732752,TCS,11073.4501953125,0.04394128628753324,-0.006776281114258043,False
2020-08-03,501.0,-0.0915684496826836,HDFCBANK,10891.599609375,0.011887158548129939,-0.10345560823081354,False
2020-08-03,343.25,-0.0514025308547173,ICICIBANK,10891.599609375,0.011887158548129939,-0.06328968940284724,False
2020-08-03,956.9000244140624,0.2524869429503433,INFY,10891.599609375,0.011887158548129939,0.24059978440221336,True
2020-08-03,927.1531982421876,0.0848903948798214,RELIANCE,10891.599609375,0.011887158548129939,0.07300323633169147,True
2020-08-03,2254.14990234375,-0.0039987844748047,TCS,10891.599609375,0.011887158548129939,-0.01588594302293464,False
2020-08-04,520.8250122070312,-0.0574582623148083,HDFCBANK,11095.25,0.027371220241685368,-0.08482948255649367,False
2020-08-04,351.0,-0.0666134519508609,ICICIBANK,11095.25,0.027371220241685368,-0.09398467219254626,False
2020-08-04,949.8499755859376,0.1960586115787796,INFY,11095.25,0.027371220241685368,0.16868739133709423,True
2020-08-04,992.5015258789062,0.1794126619384204,RELIANCE,11095.25,0.027371220241685368,0.15204144169673503,True
2020-08-04,2249.699951171875,-0.0088990493153543,TCS,11095.25,0.027371220241685368,-0.03627026955703967,False
2020-08-05,513.7750244140625,-0.0745710168671085,HDFCBANK,11101.650390625,0.036980163988977965,-0.11155118085608647,False
2020-08-05,352.20001220703125,-0.0453991040677917,ICICIBANK,11101.650390625,0.036980163988977965,-0.08237926805676966,False
2020-08-05,944.7000122070312,0.2194397796841252,INFY,11101.650390625,0.036980163988977965,0.18245961569514724,True
2020-08-05,981.3563232421876,0.1826751507275217,RELIANCE,11101.650390625,0.036980163988977965,0.14569498673854372,True
2020-08-05,2259.5,0.0182973993614428,TCS,11101.650390625,0.036980163988977965,-0.018682764627535164,False
2020-08-06,520.3499755859375,-0.0748922206825607,HDFCBANK,11200.150390625,0.03576103725711244,-0.11065325793967314,False
2020-08-06,358.75,-0.031321738658952,ICICIBANK,11200.150390625,0.03576103725711244,-0.06708277591606443,False
2020-08-06,970.8499755859376,0.2419725731420487,INFY,11200.150390625,0.03576103725711244,0.20621153588493626,True
2020-08-06,984.8867797851562,0.1698506322849757,RELIANCE,11200.150390625,0.03576103725711244,0.13408959502786327,True
2020-08-06,2308.10009765625,0.047066026449388,TCS,11200.150390625,0.03576103725711244,0.011304989192275565,True
2020-08-07,521.9249877929688,-0.0554248496544618,HDFCBANK,11214.0498046875,0.04141882774407768,-0.09684367739853948,False
2020-08-07,357.95001220703125,-0.0066601744299539,ICICIBANK,11214.0498046875,0.04141882774407768,-0.048079002174031576,False
2020-08-07,950.9000244140624,0.2162180138221974,INFY,11214.0498046875,0.04141882774407768,0.17479918607811973,True
2020-08-07,990.5863037109376,0.1429141435164533,RELIANCE,11214.0498046875,0.04141882774407768,0.10149531577237561,True
2020-08-07,2295.35009765625,0.0328481097901667,TCS,11214.0498046875,0.04141882774407768,-0.008570717953910977,False
2020-08-10,525.3250122070312,-0.027401041968005,HDFCBANK,11270.150390625,0.0432716068076513,-0.0706726487756563,False
2020-08-10,363.5499877929688,0.0281390880025615,ICICIBANK,11270.150390625,0.0432716068076513,-0.015132518805089798,False
2020-08-10,951.3499755859376,0.1935888465668578,INFY,11270.150390625,0.0432716068076513,0.1503172397592065,True
2020-08-10,978.3104248046876,0.0955296949999413,RELIANCE,11270.150390625,0.0432716068076513,0.05225808819229,True
2020-08-10,2282.800048828125,0.0282883102829392,TCS,11270.150390625,0.0432716068076513,-0.014983296524712097,False
2020-08-11,533.3250122070312,0.0073665287887536,HDFCBANK,11322.5,0.06742027150617669,-0.060053742717423086,False
2020-08-11,367.3500061035156,0.0630878862123069,ICICIBANK,11322.5,0.06742027150617669,-0.004332385293869784,False
2020-08-11,948.4500122070312,0.2109160704845596,INFY,11322.5,0.06742027150617669,0.1434957989783829,True
2020-08-11,984.7483520507812,0.113093371257618,RELIANCE,11322.5,0.06742027150617669,0.04567309975144131,True
2020-08-11,2279.89990234375,0.0497018594344822,TCS,11322.5,0.06742027150617669,-0.017718412071694487,False
2020-08-12,531.8499755859375,0.0100174965705215,HDFCBANK,11308.400390625,0.065001618223133,-0.054984121652611496,False
2020-08-12,366.8500061035156,0.0608733922892721,ICICIBANK,11308.400390625,0.065001618223133,-0.004128225933860898,False
2020-08-12,954.9500122070312,0.1492267864232312,INFY,11308.400390625,0.065001618223133,0.0842251682000982,True
2020-08-12,981.8870239257812,0.1537960924420405,RELIANCE,11308.400390625,0.065001618223133,0.08879447421890752,True
2020-08-12,2257.35009765625,0.010497424386785,TCS,11308.400390625,0.065001618223133,-0.054504193836348,False
2020-08-13,529.5250244140625,-0.0032939624856825,HDFCBANK,11300.4501953125,0.05218832395001538,-0.05548228643569788,False
2020-08-13,368.0499877929688,0.0678949494004999,ICICIBANK,11300.4501953125,0.05218832395001538,0.015706625450484513,True
2020-08-13,951.2000122070312,0.0441273460011319,INFY,11300.4501953125,0.05218832395001538,-0.008060977948883483,False
2020-08-13,979.3257446289062,0.1511608877986268,RELIANCE,11300.4501953125,0.05218832395001538,0.09897256384861142,True
2020-08-13,2254.449951171875,0.0088152818757691,TCS,11300.4501953125,0.05218832395001538,-0.043373042074246276,False
2020-08-14,517.2249755859375,-0.0582639199280058,HDFCBANK,11178.400390625,0.02538138000084378,-0.08364529992884959,False
2020-08-14,361.3999938964844,0.0214810807397847,ICICIBANK,11178.400390625,0.02538138000084378,-0.00390029926105908,False
2020-08-14,953.5999755859376,0.0558599898224059,INFY,11178.400390625,0.02538138000084378,0.03047860982156212,True
2020-08-14,975.5183715820312,0.1057174059888319,RELIANCE,11178.400390625,0.02538138000084378,0.08033602598798813,True
2020-08-14,2242.14990234375,0.0188117243411336,TCS,11178.400390625,0.02538138000084378,-0.0065696556597101795,False
2020-08-17,516.375,-0.0885221698122354,HDFCBANK,11247.099609375,0.02040422148729837,-0.10892639129953377,False
2020-08-17,360.20001220703125,-0.0077134649944042,ICICIBANK,11247.099609375,0.02040422148729837,-0.02811768648170257,False
2020-08-17,957.5,0.0248314379858176,INFY,11247.099609375,0.02040422148729837,0.0044272164985192305,True
2020-08-17,965.15771484375,0.0893015961605241,RELIANCE,11247.099609375,0.02040422148729837,0.06889737467322574,True
2020-08-17,2253.39990234375,0.0206078182945252,TCS,11247.099609375,0.02040422148729837,0.00020359680722683085,True
2020-08-18,528.25,-0.0720653860693929,HDFCBANK,11385.349609375,0.01998697479226852,-0.09205236086166142,False
2020-08-18,369.5499877929688,-0.0244192193719275,ICICIBANK,11385.349609375,0.01998697479226852,-0.04440619416419602,False
2020-08-18,967.5499877929688,0.0328796240117092,INFY,11385.349609375,0.01998697479226852,0.01289264921944068,True
2020-08-18,977.7105102539062,0.0745606685579087,RELIANCE,11385.349609375,0.01998697479226852,0.05457369376564018,True
2020-08-18,2269.75,0.0200894138068568,TCS,11385.349609375,0.01998697479226852,0.00010243901458828128,True
2020-08-19,533.2999877929688,-0.0530474553159354,HDFCBANK,11408.400390625,0.024774157961968024,-0.07782161327790343,False
2020-08-19,374.4500122070313,-0.0174494720282896,ICICIBANK,11408.400390625,0.024774157961968024,-0.042223629990257625,False
2020-08-19,959.2999877929688,0.0451029112950878,INFY,11408.400390625,0.024774157961968024,0.020328753333119773,True
2020-08-19,983.7099609375,0.0636476523744458,RELIANCE,11408.400390625,0.024774157961968024,0.03887349441247778,True
2020-08-19,2256.60009765625,0.0299642383201226,TCS,11408.400390625,0.024774157961968024,0.005190080358154575,True
2020-08-20,529.5,-0.0631635021868231,HDFCBANK,11312.2001953125,0.008626492768024407,-0.0717899949548475,False
2020-08-20,367.75,-0.0624601657106437,ICICIBANK,11312.2001953125,0.008626492768024407,-0.0710866584786681,False
2020-08-20,955.1500244140624,0.0519852542237408,INFY,11312.2001953125,0.008626492768024407,0.04335876145571639,True
2020-08-20,967.7882080078124,0.0190737277920545,RELIANCE,11312.2001953125,0.008626492768024407,0.010447235024030093,True
2020-08-20,2252.85009765625,0.0376060005161227,TCS,11312.2001953125,0.008626492768024407,0.028979507748098293,True
2020-08-21,542.8250122070312,-0.0298900472715686,HDFCBANK,11371.599609375,0.01585195951080065,-0.045742006782369254,False
2020-08-21,371.1499938964844,-0.0278941703430839,ICICIBANK,11371.599609375,0.01585195951080065,-0.043746129853884555,False
2020-08-21,948.7999877929688,0.0281194266603896,INFY,11371.599609375,0.01585195951080065,0.01226746714958895,True
2020-08-21,960.7734375,-0.0299606260928207,RELIANCE,11371.599609375,0.01585195951080065,-0.04581258560362135,False
2020-08-21,2248.60009765625,0.042273198962057,TCS,11371.599609375,0.01585195951080065,0.02642123945125635,True
2020-08-24,558.5250244140625,0.0347846677425891,HDFCBANK,11466.4501953125,0.0300625591994641,0.004722108543124999,True
2020-08-24,380.3500061035156,0.0609484131199877,ICICIBANK,11466.4501953125,0.0300625591994641,0.0308858539205236,True
2020-08-24,947.4000244140624,-0.0011070565443144,INFY,11466.4501953125,0.0300625591994641,-0.031169615743778502,False
2020-08-24,967.1882934570312,-0.0280354118088105,RELIANCE,11466.4501953125,0.0300625591994641,-0.0580979710082746,False
2020-08-24,2248.10009765625,0.0187149029881781,TCS,11466.4501953125,0.0300625591994641,-0.011347656211286,False
2020-08-25,559.8499755859375,0.0304145088255378,HDFCBANK,11472.25,0.015193968282966042,0.01522054054257176,True
2020-08-25,386.3500061035156,0.0972735001598683,ICICIBANK,11472.25,0.015193968282966042,0.08207953187690226,True
2020-08-25,938.0999755859376,-0.0257049391157105,INFY,11472.25,0.015193968282966042,-0.04089890739867654,False
2020-08-25,960.8887939453124,-0.0438995280836564,RELIANCE,11472.25,0.015193968282966042,-0.05909349636662244,False
2020-08-25,2242.64990234375,-0.0290508053496049,TCS,11472.25,0.015193968282966042,-0.04424477363257094,False
2020-08-26,559.2249755859375,0.0505823565854388,HDFCBANK,11549.599609375,0.030951946343172,0.019630410242266798,True
2020-08-26,389.3500061035156,0.1091013235788354,ICICIBANK,11549.599609375,0.030951946343172,0.0781493772356634,True
2020-08-26,950.7999877929688,-0.0035110166487192,INFY,11549.599609375,0.030951946343172,-0.0344629629918912,False
2020-08-26,986.3635864257812,0.0193880510568895,RELIANCE,11549.599609375,0.030951946343172,-0.011563895286282499,False
2020-08-26,2253.5,-0.0099075364532231,TCS,11549.599609375,0.030951946343172,-0.0408594827963951,False
2020-08-27,556.0499877929688,0.058487555079195,HDFCBANK,11559.25,0.041172168750388094,0.017315386328806907,True
2020-08-27,392.2000122070313,0.1369763685401515,ICICIBANK,11559.25,0.041172168750388094,0.0958041997897634,True
2020-08-27,947.0499877929688,-0.0149774031215693,INFY,11559.25,0.041172168750388094,-0.05614957187195739,False
2020-08-27,974.0415649414062,0.0008298284182994,RELIANCE,11559.25,0.041172168750388094,-0.040342340332088694,False
2020-08-27,2248.39990234375,-0.0136433856794253,TCS,11559.25,0.041172168750388094,-0.054815554429813396,False
2020-08-28,557.25,0.0791052936767156,HDFCBANK,11647.599609375,0.05184918918094228,0.027256104495773315,True
2020-08-28,409.7000122070313,0.1813726258018566,ICICIBANK,11647.599609375,0.05184918918094228,0.1295234366209143,True
2020-08-28,935.25,-0.031832298136646,INFY,11647.599609375,0.05184918918094228,-0.08368148731758829,False
2020-08-28,976.6029052734376,0.0237289267721168,RELIANCE,11647.599609375,0.05184918918094228,-0.02812026240882548,False
2020-08-28,2238.550048828125,-0.0187822632374113,TCS,11647.599609375,0.05184918918094228,-0.07063145241835359,False
2020-08-31,557.9249877929688,0.113622730125686,HDFCBANK,11387.5,0.04553053806698437,0.06809219205870162,True
2020-08-31,394.6000061035156,0.1495994351158502,ICICIBANK,11387.5,0.04553053806698437,0.10406889704886582,True
2020-08-31,928.5999755859376,-0.0295747184722392,INFY,11387.5,0.04553053806698437,-0.07510525653922356,False
2020-08-31,960.2427368164062,0.0356893970025169,RELIANCE,11387.5,0.04553053806698437,-0.00984114106446747,False
2020-08-31,2257.25,0.001375284604199,TCS,11387.5,0.04553053806698437,-0.04415525346278537,False
2020-09-01,563.6500244140625,0.0822253371157375,HDFCBANK,11470.25,0.03379824699758904,0.048427090118148455,True
2020-09-01,390.9500122070313,0.1138176985955308,ICICIBANK,11470.25,0.03379824699758904,0.08001945159794176,True
2020-09-01,914.1500244140624,-0.0375848313833485,INFY,11470.25,0.03379824699758904,-0.07138307838093755,False
2020-09-01,963.2655639648438,-0.0294568432911704,RELIANCE,11470.25,0.03379824699758904,-0.06325509028875945,False
2020-09-01,2246.35009765625,-0.0014890223533498,TCS,11470.25,0.03379824699758904,-0.035287269350938844,False
2020-09-02,567.0750122070312,0.1037418816801283,HDFCBANK,11535.0,0.03903470151978028,0.06470718016034802,True
2020-09-02,392.3999938964844,0.1141396374109795,ICICIBANK,11535.0,0.03903470151978028,0.07510493589119922,True
2020-09-02,924.0,-0.021911730644177,INFY,11535.0,0.03903470151978028,-0.06094643216395728,False
2020-09-02,982.1639404296876,0.000822960191291,RELIANCE,11535.0,0.03903470151978028,-0.03821174132848928,False
2020-09-02,2265.14990234375,0.0025005099994468,TCS,11535.0,0.03903470151978028,-0.03653419152033348,False
2020-09-03,565.4500122070312,0.0866725064612699,HDFCBANK,11527.4501953125,0.029222804451042306,0.05744970201022759,True
2020-09-03,382.75,0.0668989547038327,ICICIBANK,11527.4501953125,0.029222804451042306,0.03767615025279039,True
2020-09-03,935.5499877929688,-0.0363598791581204,INFY,11527.4501953125,0.029222804451042306,-0.06558268360916271,False
2020-09-03,974.7338256835938,-0.0103087525489754,RELIANCE,11527.4501953125,0.029222804451042306,-0.0395315570000177,False
2020-09-03,2299.5,-0.0037260505577652,TCS,11527.4501953125,0.029222804451042306,-0.03294885500880751,False
2020-09-04,559.6500244140625,0.0722805719278152,HDFCBANK,11333.849609375,0.01068300986477011,0.06159756206304509,True
2020-09-04,372.5499877929688,0.0407877499316671,ICICIBANK,11333.849609375,0.01068300986477011,0.030104740066896993,True
2020-09-04,919.1500244140624,-0.0333894196916906,INFY,11333.849609375,0.01068300986477011,-0.04407242955646071,False
2020-09-04,958.6505126953124,-0.0322392818232871,RELIANCE,11333.849609375,0.01068300986477011,-0.04292229168805721,False
2020-09-04,2288.800048828125,-0.0028536164634811,TCS,11333.849609375,0.01068300986477011,-0.01353662632825121,False
2020-09-07,555.25,0.0569647115549398,HDFCBANK,11355.0498046875,0.007533121663853226,0.04943158989108657,True
2020-09-07,373.3999938964844,0.0270939525079143,ICICIBANK,11355.0498046875,0.007533121663853226,0.019560830844061072,True
2020-09-07,925.0499877929688,-0.0276449135101629,INFY,11355.0498046875,0.007533121663853226,-0.03517803517401613,False
2020-09-07,961.1426391601562,-0.0175484030520872,RELIANCE,11355.0498046875,0.007533121663853226,-0.025081524715940426,False
2020-09-07,2327.050048828125,0.0193840892997683,TCS,11355.0498046875,0.007533121663853226,0.011850967635915075,True
2020-09-08,556.2249755859375,0.0429381012605063,HDFCBANK,11317.349609375,-0.0004548810443806284,0.04339298230488693,True
2020-09-08,375.7000122070313,0.0227303823731603,ICICIBANK,11317.349609375,-0.0004548810443806284,0.02318526341754093,True
2020-09-08,939.2999877929688,-0.0096473449272993,INFY,11317.349609375,-0.0004548810443806284,-0.009192463882918672,False
2020-09-08,972.4263305664062,-0.0125128632698027,RELIANCE,11317.349609375,-0.0004548810443806284,-0.012057982225422072,False
2020-09-08,2348.199951171875,0.0299574769742794,TCS,11317.349609375,-0.0004548810443806284,0.03041235801866003,True
2020-09-09,548.25,0.0308358092824854,HDFCBANK,11278.0,-0.0026883015789043174,0.03352411086138972,True
2020-09-09,367.6000061035156,0.0020444322952752,ICICIBANK,11278.0,-0.0026883015789043174,0.004732733874179517,True
2020-09-09,927.75,-0.0284831790767434,INFY,11278.0,-0.0026883015789043174,-0.025794877497839083,False
2020-09-09,997.462646484375,0.0158629477516867,RELIANCE,11278.0,-0.0026883015789043174,0.01855124933059102,True
2020-09-09,2327.64990234375,0.0311426237164056,TCS,11278.0,-0.0026883015789043174,0.03383092529530991,True
2020-09-10,545.2750244140625,0.029743636794933,HDFCBANK,11449.25,0.013167599707595956,0.016576037087337042,True
2020-09-10,370.7000122070313,0.0072001752532406,ICICIBANK,11449.25,0.013167599707595956,-0.005967424454355356,False
2020-09-10,940.0499877929688,-0.011722060839961,INFY,11449.25,0.013167599707595956,-0.024889660547556956,False
2020-09-10,1067.91064453125,0.0904549894539032,RELIANCE,11449.25,0.013167599707595956,0.07728738974630725,True
2020-09-10,2331.14990234375,0.0340215807993458,TCS,11449.25,0.013167599707595956,0.020853981091749844,True
2020-09-11,539.3250122070312,0.0427280925405,HDFCBANK,11464.4501953125,0.025589511440957224,0.017138581099542777,True
2020-09-11,370.5,0.0251798734288914,ICICIBANK,11464.4501953125,0.025589511440957224,-0.0004096380120658244,False
2020-09-11,945.7000122070312,-0.008284357782258,INFY,11464.4501953125,0.025589511440957224,-0.033873869223215225,False
2020-09-11,1070.564208984375,0.0974311096245217,RELIANCE,11464.4501953125,0.025589511440957224,0.07184159818356448,True
2020-09-11,2374.10009765625,0.0588498544074018,TCS,11464.4501953125,0.025589511440957224,0.033260342966444575,True
2020-09-14,528.9749755859375,0.0244008241799806,HDFCBANK,11440.0498046875,0.017155551387814327,0.007245272792166274,True
2020-09-14,363.7000122070313,0.009716823657375,ICICIBANK,11440.0498046875,0.017155551387814327,-0.007438727730439328,False
2020-09-14,978.4000244140624,0.0218277017379242,INFY,11440.0498046875,0.017155551387814327,0.0046721503501098716,True
2020-09-14,1062.62646484375,0.1009873811305328,RELIANCE,11440.0498046875,0.017155551387814327,0.08383182974271847,True
2020-09-14,2491.39990234375,0.1056181815542183,TCS,11440.0498046875,0.017155551387814327,0.08846263016640397,True
2020-09-15,535.25,0.0132513014671082,HDFCBANK,11521.7998046875,0.011984717201845463,0.0012665842652627365,True
2020-09-15,371.5499877929688,0.0054119877311982,ICICIBANK,11521.7998046875,0.011984717201845463,-0.006572729470647263,False
2020-09-15,982.4500122070312,0.0153997463718129,INFY,11521.7998046875,0.011984717201845463,0.0034150291699674377,True
2020-09-15,1070.14892578125,0.0945457930112032,RELIANCE,11521.7998046875,0.011984717201845463,0.08256107580935773,True
2020-09-15,2491.39990234375,0.0976538836187905,TCS,11521.7998046875,0.011984717201845463,0.08566916641694504,True
2020-09-16,546.8250122070312,0.0253610064197358,HDFCBANK,11604.5498046875,0.01719341952827036,0.00816758689146544,True
2020-09-16,374.7000122070313,0.0006676458588597,ICICIBANK,11604.5498046875,0.01719341952827036,-0.01652577366941066,False
2020-09-16,1001.75,0.0442510296541278,INFY,11604.5498046875,0.01719341952827036,0.02705761012585744,True
2020-09-16,1072.7794189453125,0.0905444303145279,RELIANCE,11604.5498046875,0.01719341952827036,0.07335101078625754,True
2020-09-16,2503.0,0.1091907700436891,TCS,11604.5498046875,0.01719341952827036,0.09199735051541874,True
2020-09-17,541.7999877929688,0.0232294387024905,HDFCBANK,11516.099609375,0.018024735289514426,0.005204703412976075,True
2020-09-17,369.0,0.0033990482664854,ICICIBANK,11516.099609375,0.018024735289514426,-0.014625687023029027,False
2020-09-17,1011.0,0.0584724641767127,INFY,11516.099609375,0.018024735289514426,0.040447728887198275,True
2020-09-17,1060.872802734375,0.0961828155750903,RELIANCE,11516.099609375,0.018024735289514426,0.07815808028557587,True
2020-09-17,2460.949951171875,0.0923718154759261,TCS,11516.099609375,0.018024735289514426,0.07434708018641167,True
2020-09-18,528.6500244140625,-0.0261133652175232,HDFCBANK,11504.9501953125,0.011726633940537523,-0.03783999915806072,False
2020-09-18,369.5499877929688,-0.0043109420175871,ICICIBANK,11504.9501953125,0.011726633940537523,-0.016037575958124623,False
2020-09-18,1002.1500244140624,0.0562289600626921,INFY,11504.9501953125,0.011726633940537523,0.04450232612215458,True
2020-09-18,1064.0802001953125,0.107524582449036,RELIANCE,11504.9501953125,0.011726633940537523,0.09579794850849847,True
2020-09-18,2449.89990234375,0.0895222787268033,TCS,11504.9501953125,0.011726633940537523,0.07779564478626577,True
2020-09-21,524.6500244140625,-0.0606508187086829,HDFCBANK,11250.5498046875,-0.01882887789572929,-0.04182194081295361,False
2020-09-21,350.70001220703125,-0.0779544982797104,ICICIBANK,11250.5498046875,-0.01882887789572929,-0.059125620383981115,False
2020-09-21,1009.9000244140624,0.0659700215214309,INFY,11250.5498046875,-0.01882887789572929,0.08479889941716019,True
2020-09-21,1041.074462890625,0.0763927457904827,RELIANCE,11250.5498046875,-0.01882887789572929,0.095221623686212,True
2020-09-21,2465.300048828125,0.0966148933485284,TCS,11250.5498046875,-0.01882887789572929,0.11544377124425768,True
2020-09-22,517.7000122070312,-0.0752879614485866,HDFCBANK,11153.650390625,-0.02777132727886855,-0.04751663416971805,False
2020-09-22,354.3999938964844,-0.0826970666553342,ICICIBANK,11153.650390625,-0.02777132727886855,-0.05492573937646565,False
2020-09-22,1007.5,0.0739793478522532,INFY,11153.650390625,-0.02777132727886855,0.10175067513112175,True
2020-09-22,1020.4453735351562,0.0619807203134408,RELIANCE,11153.650390625,-0.02777132727886855,0.08975204759230934,True
2020-09-22,2522.949951171875,0.12498609280708,TCS,11153.650390625,-0.02777132727886855,0.15275742008594856,True
2020-09-23,523.625,-0.0636594879344167,HDFCBANK,11131.849609375,-0.036170085035753585,-0.027489402898663112,False
2020-09-23,351.8500061035156,-0.0963143685941794,ICICIBANK,11131.849609375,-0.036170085035753585,-0.06014428355842581,False
2020-09-23,1019.75,0.0725178934499994,INFY,11131.849609375,-0.036170085035753585,0.10868797848575298,True
2020-09-23,1029.5137939453125,0.0437467563820879,RELIANCE,11131.849609375,-0.036170085035753585,0.07991684141784149,True
2020-09-23,2467.449951171875,0.0949411809060905,TCS,11131.849609375,-0.036170085035753585,0.13111126594184408,True
2020-09-24,515.2000122070312,-0.0734645741978632,HDFCBANK,10805.5498046875,-0.06520320914527322,-0.00826136505258998,False
2020-09-24,335.70001220703125,-0.144059149009346,ICICIBANK,10805.5498046875,-0.06520320914527322,-0.07885593986407277,False
2020-09-24,975.4000244140624,0.0299351005612293,INFY,10805.5498046875,-0.06520320914527322,0.09513830970650253,True
2020-09-24,1006.6234741210938,0.033450224664332,RELIANCE,10805.5498046875,-0.06520320914527322,0.09865343380960523,True
2020-09-24,2332.25,0.0372932313192346,TCS,10805.5498046875,-0.06520320914527322,0.10249644046450782,True
2020-09-25,522.0,-0.0632570659488559,HDFCBANK,11050.25,-0.05128521149492482,-0.011971854453931077,False
2020-09-25,348.6499938964844,-0.1490115120614077,ICICIBANK,11050.25,-0.05128521149492482,-0.09772630056648288,False
2020-09-25,1011.4500122070312,0.0814755543512764,INFY,11050.25,-0.05128521149492482,0.13276076584620122,True
2020-09-25,1016.0841674804688,0.0404271398270894,RELIANCE,11050.25,-0.05128521149492482,0.09171235132201422,True
2020-09-25,2422.300048828125,0.082084383190893,TCS,11050.25,-0.05128521149492482,0.13336959468581783,True
2020-09-28,527.0999755859375,-0.0552493845614773,HDFCBANK,11227.5498046875,-0.014046120334796908,-0.04120326422668039,False
2020-09-28,363.0,-0.0800811090084625,ICICIBANK,11227.5498046875,-0.014046120334796908,-0.0660349886736656,False
2020-09-28,1010.4000244140624,0.088089652141666,INFY,11227.5498046875,-0.014046120334796908,0.10213577247646291,True
2020-09-28,1022.7990112304688,0.0651463135471994,RELIANCE,11227.5498046875,-0.014046120334796908,0.0791924338819963,True
2020-09-28,2426.300048828125,0.0748920362512459,TCS,11227.5498046875,-0.014046120334796908,0.0889381565860428,True
2020-09-29,531.2750244140625,-0.0574381240090517,HDFCBANK,11222.400390625,-0.021608039003073176,-0.03583008500597852,False
2020-09-29,357.04998779296875,-0.0867119154765763,ICICIBANK,11222.400390625,-0.021608039003073176,-0.06510387647350313,False
2020-09-29,1009.0,0.1037575595392377,INFY,11222.400390625,-0.021608039003073176,0.12536559854231089,True
2020-09-29,1036.0902099609375,0.0756018368354665,RELIANCE,11222.400390625,-0.021608039003073176,0.09720987583853967,True
2020-09-29,2488.39990234375,0.1077524847707598,TCS,11222.400390625,-0.021608039003073176,0.12936052377383297,True
2020-09-30,539.2999877929688,-0.0489794538926399,HDFCBANK,11247.5498046875,-0.02491982620827915,-0.02405962768436075,False
2020-09-30,354.75,-0.0959479981705007,ICICIBANK,11247.5498046875,-0.02491982620827915,-0.07102817196222155,False
2020-09-30,1008.25,0.0911796536796536,INFY,11247.5498046875,-0.02491982620827915,0.11609947988793275,True
2020-09-30,1031.1522216796875,0.0498779065626946,RELIANCE,11247.5498046875,-0.02491982620827915,0.07479773277097375,True
2020-09-30,2492.300048828125,0.1002804036277436,TCS,11247.5498046875,-0.02491982620827915,0.12520022983602275,True
2020-10-01,553.4749755859375,-0.0211778872801744,HDFCBANK,11416.9501953125,-0.009585814566774986,-0.011592072713399414,False
2020-10-01,369.2000122070313,-0.0354016663434845,ICICIBANK,11416.9501953125,-0.009585814566774986,-0.025815851776709517,False
2020-10-01,1017.6500244140624,0.0877559058225991,INFY,11416.9501953125,-0.009585814566774986,0.09734172038937408,True
2020-10-01,1026.9525146484375,0.0535722548955579,RELIANCE,11416.9501953125,-0.009585814566774986,0.06315806946233288,True
2020-10-01,2523.449951171875,0.0973907158825289,TCS,11416.9501953125,-0.009585814566774986,0.10697653044930389,True
2020-10-05,557.1749877929688,-0.0044224721042137,HDFCBANK,11503.349609375,0.014955201087174741,-0.01937767319138844,False
2020-10-05,373.1000061035156,0.0014763611020502,ICICIBANK,11503.349609375,0.014955201087174741,-0.01347883998512454,False
2020-10-05,1048.699951171875,0.1409453552921329,INFY,11503.349609375,0.014955201087174741,0.12599015420495815,True
2020-10-05,1020.929931640625,0.0649657180803144,RELIANCE,11503.349609375,0.014955201087174741,0.05001051699313966,True
2020-10-05,2705.800048828125,0.1821915375323002,TCS,11503.349609375,0.014955201087174741,0.16723633644512545,True
2020-10-06,572.0499877929688,0.0302566191678861,HDFCBANK,11662.400390625,0.027067304082684096,0.0031893150852020033,True
2020-10-06,380.6000061035156,0.0192823040297833,ICICIBANK,11662.400390625,0.027067304082684096,-0.007785000052900795,False
2020-10-06,1055.75,0.1412896750789241,INFY,11662.400390625,0.027067304082684096,0.11422237099624,True
2020-10-06,1020.076171875,0.0613161151255756,RELIANCE,11662.400390625,0.027067304082684096,0.03424881104289151,True
2020-10-06,2714.300048828125,0.1664124070709243,TCS,11662.400390625,0.027067304082684096,0.1393451029882402,True
2020-10-07,581.125,0.0447661027587484,HDFCBANK,11738.849609375,0.03724370232857699,0.007522400430171411,True
2020-10-07,382.6499938964844,0.0184987528976263,ICICIBANK,11738.849609375,0.03724370232857699,-0.01874494943095069,False
2020-10-07,1066.550048828125,0.1354732914818299,INFY,11738.849609375,0.03724370232857699,0.09822958915325292,True
2020-10-07,1041.8359375,0.0713777535138984,RELIANCE,11738.849609375,0.03724370232857699,0.03413405118532141,True
2020-10-07,2735.949951171875,0.1651264832905274,TCS,11738.849609375,0.03724370232857699,0.1278827809619504,True
2020-10-08,595.9000244140625,0.0869129492276561,HDFCBANK,11834.599609375,0.049352687477832946,0.03756026174982316,True
2020-10-08,387.5,0.0541349117684197,ICICIBANK,11834.599609375,0.049352687477832946,0.004782224290586751,True
2020-10-08,1093.699951171875,0.1788735663399352,INFY,11834.599609375,0.049352687477832946,0.12952087886210226,True
2020-10-08,1033.4134521484375,0.0360422576131282,RELIANCE,11834.599609375,0.049352687477832946,-0.013310429864704744,False
2020-10-08,2825.699951171875,0.213971202596503,TCS,11834.599609375,0.049352687477832946,0.16461851511867007,True
2020-10-09,616.7750244140625,0.1311264899338309,HDFCBANK,11914.2001953125,0.04060966397908161,0.09051682595474927,True
2020-10-09,401.5,0.08308601774679,ICICIBANK,11914.2001953125,0.04060966397908161,0.04247635376770839,True
2020-10-09,1106.800048828125,0.1773842489234522,INFY,11914.2001953125,0.04060966397908161,0.1367745849443706,True
2020-10-09,1030.73681640625,-0.0348098675814932,RELIANCE,11914.2001953125,0.04060966397908161,-0.07541953156057482,False
2020-10-09,2812.949951171875,0.2066791364826949,TCS,11914.2001953125,0.04060966397908161,0.16606947250361329,True
2020-10-12,606.8250122070312,0.1251564427241671,HDFCBANK,11930.9501953125,0.04069100498083533,0.08446543774333176,True
2020-10-12,404.0499877929688,0.0905532733953273,ICICIBANK,11930.9501953125,0.04069100498083533,0.04986226841449197,True
2020-10-12,1132.0999755859375,0.1971026339990147,INFY,11930.9501953125,0.04069100498083533,0.15641162901817937,True
2020-10-12,1032.398193359375,-0.035650375105672,RELIANCE,11930.9501953125,0.04069100498083533,-0.07634138008650733,False
2020-10-12,2830.0,0.1920306152187187,TCS,11930.9501953125,0.04069100498083533,0.15133961023788337,True
2020-10-13,599.2249755859375,0.1328040138802126,HDFCBANK,11934.5,0.04322098275393005,0.08958303112628255,True
2020-10-13,396.25,0.0894968014860555,ICICIBANK,11934.5,0.04322098275393005,0.046275818732125454,True
2020-10-13,1157.800048828125,0.1833606090939137,INFY,11934.5,0.04322098275393005,0.14013962633998364,True
2020-10-13,1052.542724609375,-0.0094894495554067,RELIANCE,11934.5,0.04322098275393005,-0.05271043230933675,False
2020-10-13,2826.550048828125,0.1345228223574575,TCS,11934.5,0.04322098275393005,0.09130183960352745,True
2020-10-14,605.75,0.1317141522652964,HDFCBANK,11971.0498046875,0.038991304103134006,0.09272284816216239,True
2020-10-14,406.7999877929688,0.0948728331533188,ICICIBANK,11971.0498046875,0.038991304103134006,0.0558815290501848,True
2020-10-14,1137.0,0.1573107902414077,INFY,11971.0498046875,0.038991304103134006,0.1183194861382737,True
2020-10-14,1055.680908203125,-0.0135196300529506,RELIANCE,11971.0498046875,0.038991304103134006,-0.052510934156084606,False
2020-10-14,2809.60009765625,0.127719437980694,TCS,11971.0498046875,0.038991304103134006,0.08872813387755998,True
2020-10-15,584.625,0.0691262962540883,HDFCBANK,11680.349609375,0.0065319039483016095,0.06259439230578669,True
2020-10-15,391.0,0.0435014338455974,ICICIBANK,11680.349609375,0.0065319039483016095,0.03696952989729579,True
2020-10-15,1108.25,0.1063139505864736,INFY,11680.349609375,0.0065319039483016095,0.09978204663817199,True
2020-10-15,1018.2993774414062,-0.0507840107125353,RELIANCE,11680.349609375,0.0065319039483016095,-0.05731591466083691,False
2020-10-15,2740.60009765625,0.0949261277092488,TCS,11680.349609375,0.0065319039483016095,0.08839422376094719,True
2020-10-16,599.6749877929688,0.1068198621335425,HDFCBANK,11762.4501953125,0.021391842229026237,0.08542801990451626,True
2020-10-16,396.1000061035156,0.0734417509580369,ICICIBANK,11762.4501953125,0.021391842229026237,0.05204990872901066,True
2020-10-16,1127.5,0.1152324431256182,INFY,11762.4501953125,0.021391842229026237,0.09384060089659196,True
2020-10-16,1004.13134765625,-0.0534856345943408,RELIANCE,11762.4501953125,0.021391842229026237,-0.07487747682336704,False
2020-10-16,2763.300048828125,0.1228591006136774,TCS,11762.4501953125,0.021391842229026237,0.10146725838465116,True
2020-10-19,601.7750244140625,0.1383240265259597,HDFCBANK,11873.0498046875,0.03199488942811546,0.10632913709784425,True
2020-10-19,417.1000061035156,0.1286700578574651,ICICIBANK,11873.0498046875,0.03199488942811546,0.09667516842934964,True
2020-10-19,1125.9000244140625,0.1234845052988491,INFY,11873.0498046875,0.03199488942811546,0.09148961587073365,True
2020-10-19,1004.31591796875,-0.0561652046674608,RELIANCE,11873.0498046875,0.03199488942811546,-0.08816009409557626,False
2020-10-19,2711.550048828125,0.1068003416115335,TCS,11873.0498046875,0.03199488942811546,0.07480545218341804,True
2020-10-20,611.9749755859375,0.1664441953841533,HDFCBANK,11896.7998046875,0.05744163718387729,0.10900255820027602,True
2020-10-20,414.6000061035156,0.1822069907963444,ICICIBANK,11896.7998046875,0.05744163718387729,0.1247653536124671,True
2020-10-20,1137.5,0.1263491162503638,INFY,11896.7998046875,0.05744163718387729,0.0689074790664865,True
2020-10-20,994.947509765625,-0.0443070642583287,RELIANCE,11896.7998046875,0.05744163718387729,-0.10174870144220599,False
2020-10-20,2739.0,0.1110209490735123,TCS,11896.7998046875,0.05744163718387729,0.05357931188963501,True
2020-10-21,623.3499755859375,0.2040756439786526,HDFCBANK,11937.650390625,0.07029088886083223,0.13378475511782037,True
2020-10-21,420.2999877929688,0.1859480672444169,ICICIBANK,11937.650390625,0.07029088886083223,0.11565717838358466,True
2020-10-21,1148.3499755859375,0.1398014646014267,INFY,11937.650390625,0.07029088886083223,0.06951057574059447,True
2020-10-21,980.5025634765624,-0.0391425264835283,RELIANCE,11937.650390625,0.07029088886083223,-0.10943341534436053,False
2020-10-21,2675.39990234375,0.060425277600558,TCS,11937.650390625,0.07029088886083223,-0.009865611260274236,False
2020-10-22,616.6500244140625,0.1776558117241584,HDFCBANK,11896.4501953125,0.06868585300447916,0.10896995871967924,True
2020-10-22,412.8999938964844,0.1735114018301526,ICICIBANK,11896.4501953125,0.06868585300447916,0.10482554882567344,True
2020-10-22,1129.050048828125,0.1071831810033097,INFY,11896.4501953125,0.06868585300447916,0.038497327998830544,True
2020-10-22,972.3570556640624,-0.0555181859800183,RELIANCE,11896.4501953125,0.06868585300447916,-0.12420403898449746,False
2020-10-22,2671.14990234375,0.082554846178392,TCS,11896.4501953125,0.06868585300447916,0.013868993173912839,True
2020-10-23,617.9000244140625,0.1993400810824546,HDFCBANK,11930.349609375,0.10409463886784875,0.09524544221460585,True
2020-10-23,416.9500122070313,0.2420315670107631,ICICIBANK,11930.349609375,0.10409463886784875,0.13793692814291433,True
2020-10-23,1122.5,0.1508098953291525,INFY,11930.349609375,0.10409463886784875,0.046715256461303756,True
2020-10-23,975.1722412109376,-0.0312442871825703,RELIANCE,11930.349609375,0.10409463886784875,-0.13533892605041906,False
2020-10-23,2686.800048828125,0.1520206019200878,TCS,11930.349609375,0.10409463886784875,0.047925963052239035,True
2020-10-26,605.4500122070312,0.1598659237682591,HDFCBANK,11767.75,0.064930657677428,0.09493526609083108,True
2020-10-26,404.4500122070313,0.1600459466152011,ICICIBANK,11767.75,0.064930657677428,0.0951152889377731,True
2020-10-26,1112.449951171875,0.099856579905968,INFY,11767.75,0.064930657677428,0.03492592222853999,True
2020-10-26,936.4293212890624,-0.078393944852937,RELIANCE,11767.75,0.064930657677428,-0.143324602530365,False
2020-10-26,2688.199951171875,0.1097716620500373,TCS,11767.75,0.064930657677428,0.044841004372609294,True
2020-10-27,616.5499877929688,0.1697021748247975,HDFCBANK,11889.400390625,0.05894879982284085,0.11075337500195664,True
2020-10-27,409.9500122070313,0.129338876603392,ICICIBANK,11889.400390625,0.05894879982284085,0.07039007678055115,True
2020-10-27,1090.8499755859375,0.0796218816587306,INFY,11889.400390625,0.05894879982284085,0.020673081835889756,True
2020-10-27,938.9214477539062,-0.0820078652360588,RELIANCE,11889.400390625,0.05894879982284085,-0.14095666505889964,False
2020-10-27,2630.14990234375,0.0840167536632916,TCS,11889.400390625,0.05894879982284085,0.025067953840450755,True
2020-10-28,604.7999877929688,0.1383934120750285,HDFCBANK,11729.599609375,0.045195252450064505,0.093198159624964,True
2020-10-28,396.0499877929688,0.1092284031182035,ICICIBANK,11729.599609375,0.045195252450064505,0.064033150668139,True
2020-10-28,1076.550048828125,0.066947521137884,INFY,11729.599609375,0.045195252450064505,0.0217522686878195,True
2020-10-28,928.2838745117188,-0.1040511090759975,RELIANCE,11729.599609375,0.045195252450064505,-0.14924636152606202,False
2020-10-28,2622.199951171875,0.0537695121680814,TCS,11729.599609375,0.045195252450064505,0.008574259718016897,True
2020-10-29,593.5999755859375,0.1006860541851411,HDFCBANK,11670.7998046875,0.03763041794432476,0.06305563624081634,True
2020-10-29,399.8999938964844,0.1272727100676092,ICICIBANK,11670.7998046875,0.03763041794432476,0.08964229212328445,True
2020-10-29,1074.8499755859375,0.066055021657265,INFY,11670.7998046875,0.03763041794432476,0.02842460371294024,True
2020-10-29,935.4140014648438,-0.0928458652388797,RELIANCE,11670.7998046875,0.03763041794432476,-0.13047628318320445,False
2020-10-29,2632.64990234375,0.0563133855338233,TCS,11670.7998046875,0.03763041794432476,0.018682967589498542,True
2020-10-30,591.7750244140625,0.0691992420932465,HDFCBANK,11642.400390625,0.019746971954477388,0.049452270138769114,True
2020-10-30,392.6000061035156,0.063380263062837,ICICIBANK,11642.400390625,0.019746971954477388,0.04363329110835962,True
2020-10-30,1060.5999755859375,0.0422050313383568,INFY,11642.400390625,0.019746971954477388,0.02245805938387941,True
2020-10-30,948.1514282226562,-0.0767329407170862,RELIANCE,11642.400390625,0.019746971954477388,-0.09647991267156358,False
2020-10-30,2664.85009765625,0.0560344564863311,TCS,11642.400390625,0.019746971954477388,0.03628748453185371,True
2020-11-02,607.625,0.090546082132777,HDFCBANK,11669.150390625,0.014413261083091378,0.07613282104968562,True
2020-11-02,417.4500122070313,0.1188689503564652,ICICIBANK,11669.150390625,0.014413261083091378,0.10445568927337383,True
2020-11-02,1072.300048828125,0.0225041468056501,INFY,11669.150390625,0.014413261083091378,0.008090885722558724,True
2020-11-02,866.44287109375,-0.1513199444535979,RELIANCE,11669.150390625,0.014413261083091378,-0.16573320553668927,False
2020-11-02,2604.60009765625,-0.0374011195748571,TCS,11669.150390625,0.014413261083091378,-0.05181438065794848,False
2020-11-03,623.9749755859375,0.0907700181819792,HDFCBANK,11813.5,0.012956132898375161,0.07781388528360404,True
2020-11-03,443.8500061035156,0.1661849684332303,ICICIBANK,11813.5,0.012956132898375161,0.15322883553485514,True
2020-11-03,1062.550048828125,0.0064409650278238,INFY,11813.5,0.012956132898375161,-0.0065151678705513616,False
2020-11-03,853.9592895507812,-0.1628475273752151,RELIANCE,11813.5,0.012956132898375161,-0.17580366027359026,False
2020-11-03,2633.60009765625,-0.0297314039421383,TCS,11813.5,0.012956132898375161,-0.04268753684051346,False
2020-11-04,628.7000122070312,0.0818670891925683,HDFCBANK,11908.5,0.014452045666341284,0.06741504352622701,True
2020-11-04,437.0499877929688,0.1421664569820975,ICICIBANK,11908.5,0.014452045666341284,0.12771441131575623,True
2020-11-04,1093.949951171875,0.0256902171387602,INFY,11908.5,0.014452045666341284,0.011238171472418915,True
2020-11-04,882.9414672851562,-0.1525139078962168,RELIANCE,11908.5,0.014452045666341284,-0.16696595356255808,False
2020-11-04,2653.14990234375,-0.0302637293466058,TCS,11908.5,0.014452045666341284,-0.04471577501294709,False
2020-11-05,634.5999755859375,0.0649436979129645,HDFCBANK,12120.2998046875,0.024141095156795744,0.04080260275616876,True
2020-11-05,438.5,0.1316129032258064,ICICIBANK,12120.2998046875,0.024141095156795744,0.10747180806901066,True
2020-11-05,1104.0,0.0094176184401295,INFY,12120.2998046875,0.024141095156795744,-0.014723476716666245,False
2020-11-05,902.232177734375,-0.1269397782091381,RELIANCE,12120.2998046875,0.024141095156795744,-0.15108087336593384,False
2020-11-05,2685.699951171875,-0.0495452462820544,TCS,12120.2998046875,0.024141095156795744,-0.07368634143885014,False
2020-11-06,653.8250122070312,0.0600705059809552,HDFCBANK,12263.5498046875,0.02932212012959523,0.03074838585135997,True
2020-11-06,442.7999877929688,0.102864228625078,ICICIBANK,12263.5498046875,0.02932212012959523,0.07354210849548277,True
2020-11-06,1112.75,0.005375813976675,INFY,12263.5498046875,0.02932212012959523,-0.023946306152920233,False
2020-11-06,936.452392578125,-0.0914728399407091,RELIANCE,12263.5498046875,0.02932212012959523,-0.12079496007030432,False
2020-11-06,2707.449951171875,-0.0375051109444903,TCS,12263.5498046875,0.02932212012959523,-0.06682723107408553,False
2020-11-09,670.2750244140625,0.1045606409272132,HDFCBANK,12461.0498046875,0.04443062796316655,0.06013001296404666,True
2020-11-09,462.7000122070313,0.145155367370322,ICICIBANK,12461.0498046875,0.04443062796316655,0.10072473940715546,True
2020-11-09,1136.550048828125,0.0039308129477559,INFY,12461.0498046875,0.04443062796316655,-0.040499815015410646,False
2020-11-09,946.397705078125,-0.0833016648367123,RELIANCE,12461.0498046875,0.04443062796316655,-0.12773229279987885,False
2020-11-09,2726.60009765625,-0.0365370679659894,TCS,12461.0498046875,0.04443062796316655,-0.08096769592915595,False
2020-11-10,696.8250122070312,0.1628771172724534,HDFCBANK,12631.099609375,0.058368562518329226,0.10450855475412418,True
2020-11-10,483.8500061035156,0.2210725706082412,ICICIBANK,12631.099609375,0.058368562518329226,0.16270400808991198,True
2020-11-10,1091.050048828125,-0.0576524418595089,INFY,12631.099609375,0.058368562518329226,-0.11602100437783813,False
2020-11-10,962.0194702148438,-0.0860043514415309,RELIANCE,12631.099609375,0.058368562518329226,-0.14437291395986013,False
2020-11-10,2649.60009765625,-0.0626028013355849,TCS,12631.099609375,0.058368562518329226,-0.12097136385391413,False
2020-11-11,694.9749755859375,0.1472966992751754,HDFCBANK,12749.150390625,0.06499852549546814,0.08229817377970727,True
2020-11-11,486.5499877929688,0.1960422871020017,ICICIBANK,12749.150390625,0.06499852549546814,0.13104376160653355,True
2020-11-11,1122.5,-0.0127528583992964,INFY,12749.150390625,0.06499852549546814,-0.07775138389476455,False
2020-11-11,921.7074584960938,-0.1269071446362211,RELIANCE,12749.150390625,0.06499852549546814,-0.19190567013168924,False
2020-11-11,2687.800048828125,-0.0433513826148176,TCS,12749.150390625,0.06499852549546814,-0.10834990811028575,False
2020-11-12,685.8499755859375,0.1731451367730383,HDFCBANK,12690.7998046875,0.08650855745803043,0.08663657931500787,True
2020-11-12,476.7000122070313,0.2191816168977782,ICICIBANK,12690.7998046875,0.08650855745803043,0.13267305943974778,True
2020-11-12,1117.75,0.0085720730882021,INFY,12690.7998046875,0.08650855745803043,-0.07793648436982833,False
2020-11-12,913.7696533203124,-0.1026512697903604,RELIANCE,12690.7998046875,0.08650855745803043,-0.18915982724839084,False
2020-11-12,2671.050048828125,-0.0253776714405008,TCS,12690.7998046875,0.08650855745803043,-0.11188622889853123,False
2020-11-13,679.4000244140625,0.1329470767398721,HDFCBANK,12719.9501953125,0.08140310769448167,0.051543969045390436,True
2020-11-13,485.5499877929688,0.225826761704408,ICICIBANK,12719.9501953125,0.08140310769448167,0.14442365400992632,True
2020-11-13,1124.199951171875,-0.0029268725748337,INFY,12719.9501953125,0.08140310769448167,-0.08432998026931537,False
2020-11-13,921.3382568359376,-0.0824524510797918,RELIANCE,12719.9501953125,0.08140310769448167,-0.16385555877427346,False
2020-11-13,2656.85009765625,-0.0385227623822533,TCS,12719.9501953125,0.08140310769448167,-0.11992587007673497,False
2020-11-17,704.2249755859375,0.1507414578703565,HDFCBANK,12874.2001953125,0.0843212491393528,0.06642020873100371,True
2020-11-17,486.3999938964844,0.1731789356873334,ICICIBANK,12874.2001953125,0.0843212491393528,0.0888576865479806,True
2020-11-17,1123.699951171875,-0.0121319110576922,INFY,12874.2001953125,0.0843212491393528,-0.096453160197045,False
2020-11-17,919.884521484375,-0.0754441692094211,RELIANCE,12874.2001953125,0.0843212491393528,-0.1597654183487739,False
2020-11-17,2666.050048828125,-0.0266337901321194,TCS,12874.2001953125,0.0843212491393528,-0.1109550392714722,False
2020-11-18,704.3499755859375,0.1299430547404152,HDFCBANK,12938.25,0.08754036483846317,0.042402689901952034,True
2020-11-18,497.6499938964844,0.1840352328099914,ICICIBANK,12938.25,0.08754036483846317,0.09649486797152823,True
2020-11-18,1110.550048828125,-0.0329167305799135,INFY,12938.25,0.08754036483846317,-0.12045709541837667,False
2020-11-18,917.0924682617188,-0.0646710142092956,RELIANCE,12938.25,0.08754036483846317,-0.15221137904775878,False
2020-11-18,2626.64990234375,-0.0182215750091391,TCS,12938.25,0.08754036483846317,-0.10576193984760227,False
2020-11-19,687.1749877929688,0.1143678919755475,HDFCBANK,12771.7001953125,0.0698671662677024,0.04450072570784511,True
2020-11-19,478.75,0.1594817318404331,ICICIBANK,12771.7001953125,0.0698671662677024,0.0896145655727307,True
2020-11-19,1096.75,-0.028608163882239,INFY,12771.7001953125,0.0698671662677024,-0.09847533014994139,False
2020-11-19,910.6083984375,-0.0635040974576892,RELIANCE,12771.7001953125,0.0698671662677024,-0.1333712637253916,False
2020-11-19,2636.89990234375,-0.012822193157317,TCS,12771.7001953125,0.0698671662677024,-0.0826893594250194,False
2020-11-20,701.8250122070312,0.1358229235749788,HDFCBANK,12859.0498046875,0.08091486061567243,0.054908062959306364,True
2020-11-20,480.2000122070313,0.1516968417033983,ICICIBANK,12859.0498046875,0.08091486061567243,0.07078198108772588,True
2020-11-20,1103.3499755859375,-0.0170601553800111,INFY,12859.0498046875,0.08091486061567243,-0.09797501599568353,False
2020-11-20,876.6189575195312,-0.101062437512604,RELIANCE,12859.0498046875,0.08091486061567243,-0.18197729812827645,False
2020-11-20,2660.25,-0.0098816615846442,TCS,12859.0498046875,0.08091486061567243,-0.09079652220031663,False
2020-11-23,697.2999877929688,0.151705299750708,HDFCBANK,12926.4501953125,0.08349299212109873,0.06821230762960928,True
2020-11-23,468.25,0.1577450509763134,ICICIBANK,12926.4501953125,0.08349299212109873,0.07425205885521466,True
2020-11-23,1139.8499755859375,0.0246303434911374,INFY,12926.4501953125,0.08349299212109873,-0.05886264862996133,False
2020-11-23,900.2477416992188,-0.0386378114901796,RELIANCE,12926.4501953125,0.08349299212109873,-0.12213080361127833,False
2020-11-23,2724.25,0.0134104789386704,TCS,12926.4501953125,0.08349299212109873,-0.07008251318242834,False
2020-11-24,719.0999755859375,0.1663287483956677,HDFCBANK,13055.150390625,0.10940072576533333,0.05692802263033436,True
2020-11-24,478.2000122070313,0.1664837125691622,ICICIBANK,13055.150390625,0.10940072576533333,0.05708298680382887,True
2020-11-24,1140.050048828125,0.0451025112007361,INFY,13055.150390625,0.10940072576533333,-0.06429821456459722,False
2020-11-24,906.4087524414062,-0.0346277054276233,RELIANCE,13055.150390625,0.10940072576533333,-0.14402843119295664,False
2020-11-24,2722.050048828125,0.0349410299399597,TCS,13055.150390625,0.10940072576533333,-0.07445969582537362,False
2020-11-25,701.4000244140625,0.1597222859967406,HDFCBANK,12858.400390625,0.08150116643090533,0.07822111956583527,True
2020-11-25,472.7000122070313,0.1935362372845988,ICICIBANK,12858.400390625,0.08150116643090533,0.11203507085369346,True
2020-11-25,1115.6500244140625,0.036319700722228,INFY,12858.400390625,0.08150116643090533,-0.04518146570867732,False
2020-11-25,898.9093627929688,-0.0316438888203256,RELIANCE,12858.400390625,0.08150116643090533,-0.11314505525123092,False
2020-11-25,2701.300048828125,0.0301655476810225,TCS,12858.400390625,0.08150116643090533,-0.05133561874988282,False
2020-11-26,713.3250122070312,0.2016931292878072,HDFCBANK,12987.0,0.10719891833477502,0.09449421095303218,True
2020-11-26,475.2999877929688,0.1885471243993117,ICICIBANK,12987.0,0.10719891833477502,0.08134820606453669,True
2020-11-26,1113.199951171875,0.0356793752216737,INFY,12987.0,0.10719891833477502,-0.07151954311310132,False
2020-11-26,901.1245727539062,-0.0366569547358076,RELIANCE,12987.0,0.10719891833477502,-0.14385587307058262,False
2020-11-26,2720.60009765625,0.0334074786146845,TCS,12987.0,0.10719891833477502,-0.07379143972009052,False
2020-11-27,720.4249877929688,0.2173967438154171,HDFCBANK,12968.9501953125,0.11123062792179894,0.10616611589361816,True
2020-11-27,473.3500061035156,0.2056800783103118,ICICIBANK,12968.9501953125,0.11123062792179894,0.09444945038851285,True
2020-11-27,1100.0,0.0371488075815724,INFY,12968.9501953125,0.11123062792179894,-0.07408182034022653,False
2020-11-27,890.6023559570312,-0.0606960771798896,RELIANCE,12968.9501953125,0.11123062792179894,-0.17192670510168853,False
2020-11-27,2679.64990234375,0.0055537100193803,TCS,12968.9501953125,0.11123062792179894,-0.10567691790241864,False
2020-12-01,716.6500244140625,0.1794281413932319,HDFCBANK,13109.0498046875,0.12597483034886126,0.05345331104437065,True
2020-12-01,485.1000061035156,0.1620553166086238,ICICIBANK,13109.0498046875,0.12597483034886126,0.03608048625976254,True
2020-12-01,1137.8499755859375,0.0611302096175874,INFY,13109.0498046875,0.12597483034886126,-0.06484462073127385,False
2020-12-01,902.18603515625,0.0412527649022951,RELIANCE,13109.0498046875,0.12597483034886126,-0.08472206544656616,False
2020-12-01,2726.800048828125,0.0469169725063884,TCS,13109.0498046875,0.12597483034886126,-0.07905785784247285,False
2020-12-02,703.4749755859375,0.1274089556642015,HDFCBANK,13113.75,0.12379646855315118,0.0036124871110503054,True
2020-12-02,480.4500122070313,0.0824603032560953,ICICIBANK,13113.75,0.12379646855315118,-0.04133616529705589,False
2020-12-02,1140.9000244140625,0.0737376800954918,INFY,13113.75,0.12379646855315118,-0.05005878845765939,False
2020-12-02,903.6859130859376,0.0582306722856948,RELIANCE,13113.75,0.12379646855315118,-0.06556579626745639,False
2020-12-02,2749.550048828125,0.0440271669472762,TCS,13113.75,0.12379646855315118,-0.07976930160587498,False
2020-12-03,688.5999755859375,0.0952759061808021,HDFCBANK,13133.900390625,0.11177046519871325,-0.01649455901791115,False
2020-12-03,481.8500061035156,0.1025054789196531,ICICIBANK,13133.900390625,0.11177046519871325,-0.009264986279060153,False
2020-12-03,1126.449951171875,0.0297088545643107,INFY,13133.900390625,0.11177046519871325,-0.08206161063440255,False
2020-12-03,906.4087524414062,0.0265785287312494,RELIANCE,13133.900390625,0.11177046519871325,-0.08519193646746386,False
2020-12-03,2709.449951171875,0.0212200783598357,TCS,13133.900390625,0.11177046519871325,-0.09055038683887756,False
2020-12-04,692.7999877929688,0.091711336977746,HDFCBANK,13258.5498046875,0.11336858585779064,-0.02165724888004464,False
2020-12-04,502.0499877929688,0.1449258558562571,ICICIBANK,13258.5498046875,0.11336858585779064,0.031557269998466475,True
2020-12-04,1134.6500244140625,0.0277627032736074,INFY,13258.5498046875,0.11336858585779064,-0.08560588258418324,False
2020-12-04,898.4248046875,-0.0042199481916459,RELIANCE,13258.5498046875,0.11336858585779064,-0.11758853404943653,False
2020-12-04,2727.550048828125,0.0155825663391733,TCS,13258.5498046875,0.11336858585779064,-0.09778601951861735,False
2020-12-07,686.125,0.0494015786944856,HDFCBANK,13355.75,0.10193231316231066,-0.05253073446782506,False
2020-12-07,510.4500122070313,0.1527778371251724,ICICIBANK,13355.75,0.10193231316231066,0.05084552396286174,True
2020-12-07,1143.5,0.0276342394967423,INFY,13355.75,0.10193231316231066,-0.07429807366556836,False
2020-12-07,903.708984375,-0.0349653740677408,RELIANCE,13355.75,0.10193231316231066,-0.13689768723005147,False
2020-12-07,2737.699951171875,0.0111728750468338,TCS,13355.75,0.10193231316231066,-0.09075943811547686,False
2020-12-08,688.1500244140625,0.0266681576202632,HDFCBANK,13392.9501953125,0.09209408438927769,-0.06542592676901449,False
2020-12-08,508.3999938964844,0.0987680581019847,ICICIBANK,13392.9501953125,0.09209408438927769,0.006673973712707018,True
2020-12-08,1153.3499755859375,0.0147815107439699,INFY,13392.9501953125,0.09209408438927769,-0.07731257364530779,False
2020-12-08,920.1152954101562,-0.0277709989436197,RELIANCE,13392.9501953125,0.09209408438927769,-0.11986508333289739,False
2020-12-08,2797.300048828125,0.0259297104964706,TCS,13392.9501953125,0.09209408438927769,-0.06616437389280709,False
2020-12-09,703.5999755859375,0.0097226179603515,HDFCBANK,13529.099609375,0.0857110613815002,-0.0759884434211487,False
2020-12-09,511.5,0.0571457963164081,ICICIBANK,13529.099609375,0.0857110613815002,-0.028565265065092098,False
2020-12-09,1175.199951171875,0.0771274447346697,INFY,13529.099609375,0.0857110613815002,-0.008583616646830494,False
2020-12-09,935.4370727539062,-0.0276318705431201,RELIANCE,13529.099609375,0.0857110613815002,-0.1133429319246203,False
2020-12-09,2810.800048828125,0.0608393513098324,TCS,13529.099609375,0.0857110613815002,-0.024871710071667795,False
2020-12-10,692.9249877929688,-0.0029497289326718,HDFCBANK,13478.2998046875,0.0670725607043503,-0.0700222896370221,False
2020-12-10,506.9500122070313,0.041927910648192,ICICIBANK,13478.2998046875,0.0670725607043503,-0.025144650056158305,False
2020-12-10,1167.75,0.0403118040089087,INFY,13478.2998046875,0.0670725607043503,-0.026760756695441604,False
2020-12-10,926.2301635742188,0.0049068769449955,RELIANCE,13478.2998046875,0.0670725607043503,-0.0621656837593548,False
2020-12-10,2784.300048828125,0.0359029683186715,TCS,13478.2998046875,0.0670725607043503,-0.031169592385678804,False
2020-12-11,691.4000244140625,0.0080922199106057,HDFCBANK,13513.849609375,0.05998040616983524,-0.05188818625922954,False
2020-12-11,515.4500122070312,0.081288019735084,ICICIBANK,13513.849609375,0.05998040616983524,0.021307613565248754,True
2020-12-11,1163.199951171875,0.040662000601096,INFY,13513.849609375,0.05998040616983524,-0.01931840556873924,False
2020-12-11,925.6763916015624,0.0130303498676993,RELIANCE,13513.849609375,0.05998040616983524,-0.046950056302135945,False
2020-12-11,2783.60009765625,0.0421370048372939,TCS,13513.849609375,0.05998040616983524,-0.017843401332541343,False
2020-12-14,686.0750122070312,0.0098248271314465,HDFCBANK,13558.150390625,0.06834483242081668,-0.05852000528937018,False
2020-12-14,525.7999877929688,0.0828956873893733,ICICIBANK,13558.150390625,0.06834483242081668,0.014550854968556612,True
2020-12-14,1164.550048828125,0.0358922784280399,INFY,13558.150390625,0.06834483242081668,-0.03245255399277678,False
2020-12-14,918.984619140625,-0.0025545858731574,RELIANCE,13558.150390625,0.06834483242081668,-0.07089941829397409,False
2020-12-14,2797.699951171875,0.053013850363585,TCS,13558.150390625,0.06834483242081668,-0.015330982057231685,False
2020-12-15,695.6500244140625,0.0157699484750435,HDFCBANK,13567.849609375,0.06665901996809431,-0.050889071493050816,False
2020-12-15,518.0499877929688,0.0639761640726306,ICICIBANK,13567.849609375,0.06665901996809431,-0.002682855895463715,False
2020-12-15,1154.5999755859375,0.0186598661830594,INFY,13567.849609375,0.06665901996809431,-0.047999153785034915,False
2020-12-15,911.1622314453124,-0.0139588873498274,RELIANCE,13567.849609375,0.06665901996809431,-0.0806179073179217,False
2020-12-15,2761.550048828125,0.0341528068742449,TCS,13567.849609375,0.06665901996809431,-0.03250621309384941,False
2020-12-16,705.3499755859375,0.0015975008541324,HDFCBANK,13682.7001953125,0.06280001768920562,-0.061202516835073224,False
2020-12-16,512.4500122070312,0.0535567817381403,ICICIBANK,13682.7001953125,0.06280001768920562,-0.009243235951065326,False
2020-12-16,1165.699951171875,0.0373765256073914,INFY,13682.7001953125,0.06280001768920562,-0.02542349208181422,False
2020-12-16,912.177490234375,-0.0083782595206227,RELIANCE,13682.7001953125,0.06280001768920562,-0.07117827720982832,False
2020-12-16,2814.199951171875,0.0555690627071574,TCS,13682.7001953125,0.06280001768920562,-0.007230954982048225,False
2020-12-17,720.9000244140625,0.0234969111972458,HDFCBANK,13740.7001953125,0.06202154041794672,-0.03852462922070092,False
2020-12-17,510.3999938964844,0.0256204162692146,ICICIBANK,13740.7001953125,0.06202154041794672,-0.03640112414873212,False
2020-12-17,1159.199951171875,0.0438070327357928,INFY,13740.7001953125,0.06202154041794672,-0.01821450768215392,False
2020-12-17,916.3540649414062,-0.0008051568907899,RELIANCE,13740.7001953125,0.06202154041794672,-0.06282669730873662,False
2020-12-17,2838.199951171875,0.0805398727250858,TCS,13740.7001953125,0.06202154041794672,0.018518332307139077,True
2020-12-18,705.6749877929688,0.0269218180647368,HDFCBANK,13760.5498046875,0.07742505651189102,-0.05050323844715422,False
2020-12-18,517.1500244140625,0.080208928280026,ICICIBANK,13760.5498046875,0.07742505651189102,0.0027838717681349795,True
2020-12-18,1189.800048828125,0.0848416219084795,INFY,13760.5498046875,0.07742505651189102,0.007416565396588484,True
2020-12-18,919.0999755859376,0.009325168934317,RELIANCE,13760.5498046875,0.07742505651189102,-0.06809988757757401,False
2020-12-18,2861.0,0.0849861981704589,TCS,13760.5498046875,0.07742505651189102,0.007561141658567874,True
2020-12-21,686.3250122070312,-0.0220852772847993,HDFCBANK,13328.400390625,0.036499632015299266,-0.05858490930009856,False
2020-12-21,494.5,0.0297792324644994,ICICIBANK,13328.400390625,0.036499632015299266,-0.006720399550799866,False
2020-12-21,1177.300048828125,0.0670232246145798,INFY,13328.400390625,0.036499632015299266,0.03052359259928053,True
2020-12-21,895.1712036132812,0.021163409637233,RELIANCE,13328.400390625,0.036499632015299266,-0.015336222378066266,False
2020-12-21,2820.14990234375,0.0601070960788459,TCS,13328.400390625,0.036499632015299266,0.023607464063546635,True
2020-12-22,686.5499877929688,-0.0154166071822615,HDFCBANK,13466.2998046875,0.04176317559872422,-0.05717978278098572,False
2020-12-22,500.2999877929688,0.0684463166961426,ICICIBANK,13466.2998046875,0.04176317559872422,0.026683141097418372,True
2020-12-22,1220.5,0.0707549468276336,INFY,13466.2998046875,0.04176317559872422,0.028991771228909377,True
2020-12-22,893.7867431640625,-0.0071769116831785,RELIANCE,13466.2998046875,0.04176317559872422,-0.048940087281902724,False
2020-12-22,2872.5,0.0544186473341286,TCS,13466.2998046875,0.04176317559872422,0.012655471735404378,True
2020-12-23,687.8250122070312,-0.0434918153813351,HDFCBANK,13601.099609375,0.04181868476536654,-0.08531050014670163,False
2020-12-23,503.6000061035156,0.0531158369889117,ICICIBANK,13601.099609375,0.04181868476536654,0.01129715222354516,True
2020-12-23,1253.050048828125,0.0991184554714543,INFY,13601.099609375,0.04181868476536654,0.05729977070608776,True
2020-12-23,897.0864868164062,-0.0102848362837302,RELIANCE,13601.099609375,0.04181868476536654,-0.05210352104909674,False
2020-12-23,2908.75,0.0685879935426798,TCS,13601.099609375,0.04181868476536654,0.02676930877731326,True
2020-12-24,698.5499877929688,-0.0040633540374832,HDFCBANK,13749.25,0.06928152665276421,-0.07334488069024742,False
2020-12-24,513.5499877929688,0.0864183933383233,ICICIBANK,13749.25,0.06928152665276421,0.017136866685559082,True
2020-12-24,1236.050048828125,0.1079191697927819,INFY,13749.25,0.06928152665276421,0.03863764314001769,True
2020-12-24,920.2999267578124,0.0237961298994391,RELIANCE,13749.25,0.06928152665276421,-0.045485396753325115,False
2020-12-24,2909.35009765625,0.0770184892708905,TCS,13749.25,0.06928152665276421,0.007736962618126286,True
2020-12-28,706.4249877929688,-0.0096730442589049,HDFCBANK,13873.2001953125,0.06823748327654577,-0.07791052753545068,False
2020-12-28,520.0999755859375,0.0942562359426835,ICICIBANK,13873.2001953125,0.06823748327654577,0.02601875266613772,True
2020-12-28,1240.300048828125,0.1141754430751194,INFY,13873.2001953125,0.06823748327654577,0.045937959798573624,True
2020-12-28,924.5226440429688,0.0259654125484074,RELIANCE,13873.2001953125,0.06823748327654577,-0.04227207072813838,False
2020-12-28,2929.39990234375,0.0767477016807349,TCS,13873.2001953125,0.06823748327654577,0.008510218404189127,True
2020-12-29,713.5999755859375,-0.0094735917308195,HDFCBANK,13932.599609375,0.07430434997050117,-0.08377794170132068,False
2020-12-29,528.7999877929688,0.1171437223501945,ICICIBANK,13932.599609375,0.07430434997050117,0.04283937237969333,True
2020-12-29,1250.300048828125,0.1366364080255682,INFY,13932.599609375,0.07430434997050117,0.06233205805506703,True
2020-12-29,918.4077758789062,0.0312209144023605,RELIANCE,13932.599609375,0.07430434997050117,-0.04308343556814067,False
2020-12-29,2930.5,0.0936130116985971,TCS,13932.599609375,0.07430434997050117,0.019308661728095936,True
2020-12-30,716.25,-0.000558186563085,HDFCBANK,13981.9501953125,0.06658761722858597,-0.06714580379167097,False
2020-12-30,528.75,0.089981433410186,ICICIBANK,13981.9501953125,0.06658761722858597,0.023393816181600025,True
2020-12-30,1246.800048828125,0.0957508244319147,INFY,13981.9501953125,0.06658761722858597,0.029163207203328725,True
2020-12-30,920.9229125976562,0.0207683079888962,RELIANCE,13981.9501953125,0.06658761722858597,-0.04581930923968977,False
2020-12-30,2909.300048828125,0.0669282663679105,TCS,13981.9501953125,0.06658761722858597,0.00034064913932452257,True
2020-12-31,718.1500244140625,0.0208607972385967,HDFCBANK,13981.75,0.0661900676770566,-0.0453292704384599,False
2020-12-31,535.0499877929688,0.1136434055545609,ICICIBANK,13981.75,0.0661900676770566,0.047453337877504304,True
2020-12-31,1255.800048828125,0.100709985060323,INFY,13981.75,0.0661900676770566,0.0345199173832664,True
2020-12-31,916.2156372070312,0.013865131612273,RELIANCE,13981.75,0.0661900676770566,-0.0523249360647836,False
2020-12-31,2862.75,0.0411703548441031,TCS,13981.75,0.0661900676770566,-0.025019712832953497,False
2021-01-01,712.5250244140625,0.0347444810868122,HDFCBANK,14018.5,0.06735239213527366,-0.03260791104846147,False
2021-01-01,527.5,0.0947390128011691,ICICIBANK,14018.5,0.06735239213527366,0.027386620665895436,True
2021-01-01,1260.449951171875,0.1189577928966985,INFY,14018.5,0.06735239213527366,0.051605400761424836,True
2021-01-01,917.23095703125,0.0119396514659575,RELIANCE,14018.5,0.06735239213527366,-0.05541274066931616,False
2021-01-01,2928.25,0.0807544161254909,TCS,14018.5,0.06735239213527366,0.01340202399021724,True
2021-01-04,708.0,0.0219399718170514,HDFCBANK,14132.900390625,0.06594617049508522,-0.04400619867803382,False
2021-01-04,531.7000122070312,0.0590579128273762,ICICIBANK,14132.900390625,0.06594617049508522,-0.006888257667709022,False
2021-01-04,1288.25,0.1353721167593127,INFY,14132.900390625,0.06594617049508522,0.06942594626422749,True
2021-01-04,918.7769775390624,0.0226531733600581,RELIANCE,14132.900390625,0.06594617049508522,-0.04329299713502712,False
2021-01-04,3039.449951171875,0.114351669725641,TCS,14132.900390625,0.06594617049508522,0.048405499230555774,True
2021-01-05,713.3499755859375,0.0396793231349061,HDFCBANK,14199.5,0.06317503696909577,-0.023495713834189663,False
2021-01-05,537.25,0.0525026685318188,ICICIBANK,14199.5,0.06317503696909577,-0.010672368437276966,False
2021-01-05,1293.800048828125,0.131438608507324,INFY,14199.5,0.06317503696909577,0.06826357153822823,True
2021-01-05,907.3548583984376,0.0040343452222719,RELIANCE,14199.5,0.06317503696909577,-0.05914069174682387,False
2021-01-05,3093.0,0.1297804928096808,TCS,14199.5,0.06317503696909577,0.06660545584058503,True
2021-01-06,710.2750244140625,0.0321514193345247,HDFCBANK,14146.25,0.056245994624183115,-0.024094575289658415,False
2021-01-06,546.7000122070312,0.0753344192965217,ICICIBANK,14146.25,0.056245994624183115,0.01908842467233858,True
2021-01-06,1282.0999755859375,0.1116313371703077,INFY,14146.25,0.056245994624183115,0.05538534254612458,True
2021-01-06,883.4260864257812,-0.0398745778571371,RELIANCE,14146.25,0.056245994624183115,-0.09612057248132022,False
2021-01-06,3051.5,0.0908733231096776,TCS,14146.25,0.056245994624183115,0.03462732848549449,True
2021-01-07,708.125,0.0064312458372304,HDFCBANK,14137.349609375,0.0449586459972926,-0.0385274001600622,False
2021-01-07,541.0999755859375,0.0578689649773949,ICICIBANK,14137.349609375,0.0449586459972926,0.012910318980102302,True
2021-01-07,1262.1500244140625,0.0739874717961683,INFY,14137.349609375,0.0449586459972926,0.029028825798875696,True
2021-01-07,881.9954223632812,-0.0571301394259412,RELIANCE,14137.349609375,0.0449586459972926,-0.1020887854232338,False
2021-01-07,3032.800048828125,0.0789810716320984,TCS,14137.349609375,0.0449586459972926,0.0340224256348058,True
2021-01-08,715.8250122070312,0.0330483455171695,HDFCBANK,14347.25,0.0644703121242558,-0.0314219666070863,False
2021-01-08,542.0499877929688,0.0692375475702782,ICICIBANK,14347.25,0.0644703121242558,0.004767235446022394,True
2021-01-08,1312.0999755859375,0.1236137662906764,INFY,14347.25,0.0644703121242558,0.0591434541664206,True
2021-01-08,892.4022216796875,-0.0365221769111826,RELIANCE,14347.25,0.0644703121242558,-0.1009924890354384,False
2021-01-08,3120.89990234375,0.1208920905120465,TCS,14347.25,0.0644703121242558,0.056421778387790694,True
2021-01-11,725.7249755859375,0.0496455741391739,HDFCBANK,14484.75,0.07184484204644792,-0.02219926790727402,False
2021-01-11,544.7000122070312,0.056746530812481,ICICIBANK,14484.75,0.07184484204644792,-0.015098311233966918,False
2021-01-11,1376.199951171875,0.1831155510154651,INFY,14484.75,0.07184484204644792,0.11127070896901717,True
2021-01-11,875.58056640625,-0.0541180758738363,RELIANCE,14484.75,0.07184484204644792,-0.12596291792028422,False
2021-01-11,3176.449951171875,0.1411301335441102,TCS,14484.75,0.07184484204644792,0.06928529149766227,True
2021-01-12,740.5,0.0793280425968134,HDFCBANK,14563.4501953125,0.07414726756406465,0.005180775032748761,True
2021-01-12,548.0,0.0422214011457382,ICICIBANK,14563.4501953125,0.07414726756406465,-0.03192586641832645,False
2021-01-12,1371.75,0.1779227534105367,INFY,14563.4501953125,0.07414726756406465,0.10377548584647206,True
2021-01-12,903.1782836914062,-0.0171997823685012,RELIANCE,14563.4501953125,0.07414726756406465,-0.09134704993256584,False
2021-01-12,3174.85009765625,0.1348072177384132,TCS,14563.4501953125,0.07414726756406465,0.060659950174348554,True
2021-01-13,735.3250122070312,0.057032971178843,HDFCBANK,14564.849609375,0.07348253619432077,-0.01644956501547777,False
2021-01-13,556.5,0.0742206603861503,ICICIBANK,14564.849609375,0.07348253619432077,0.0007381241918295312,True
2021-01-13,1387.1500244140625,0.2014117908759787,INFY,14564.849609375,0.07348253619432077,0.12792925468165794,True
2021-01-13,894.755859375,-0.0180059834616806,RELIANCE,14564.849609375,0.07348253619432077,-0.09148851965600137,False
2021-01-13,3158.949951171875,0.1439046532987473,TCS,14564.849609375,0.07348253619432077,0.07042211710442653,True
2021-01-14,734.375,0.0411498198322772,HDFCBANK,14595.599609375,0.06671924408423768,-0.02556942425196048,False
2021-01-14,553.2999877929688,0.0797150446147985,ICICIBANK,14595.599609375,0.06671924408423768,0.01299580053056082,True
2021-01-14,1370.5,0.1756884768007753,INFY,14595.599609375,0.06671924408423768,0.1089692327165376,True
2021-01-14,904.8165893554688,-0.0080695927686342,RELIANCE,14595.599609375,0.06671924408423768,-0.07478883685287188,False
2021-01-14,3250.699951171875,0.1551062495819584,TCS,14595.599609375,0.06671924408423768,0.08838700549772072,True
2021-01-15,733.3250122070312,0.0172353826774629,HDFCBANK,14433.7001953125,0.05043411108237472,-0.03319872840491182,False
2021-01-15,543.0,0.0638714860763249,ICICIBANK,14433.7001953125,0.05043411108237472,0.013437374993950174,True
2021-01-15,1344.949951171875,0.1602398273155714,INFY,14433.7001953125,0.05043411108237472,0.10980571623319668,True
2021-01-15,894.1328735351562,-0.0242495693055837,RELIANCE,14433.7001953125,0.05043411108237472,-0.07468368038795842,False
2021-01-15,3233.35009765625,0.1392256195062013,TCS,14433.7001953125,0.05043411108237472,0.08879150842382658,True
2021-01-18,741.5499877929688,0.0508378511646001,HDFCBANK,14281.2998046875,0.037843691377986044,0.012994159786614057,True
2021-01-18,533.1500244140625,0.030938797727271,ICICIBANK,14281.2998046875,0.037843691377986044,-0.006904893650715043,False
2021-01-18,1312.050048828125,0.1027483568524041,INFY,14281.2998046875,0.037843691377986044,0.06490466547441806,True
2021-01-18,915.5925903320312,-0.0038161085268991,RELIANCE,14281.2998046875,0.037843691377986044,-0.04165979990488514,False
2021-01-18,3221.75,0.1260922754281719,TCS,14281.2998046875,0.037843691377986044,0.08824858405018585,True
2021-01-19,751.9249877929688,0.0955815020859958,HDFCBANK,14521.150390625,0.08948935844086447,0.0060921436451313316,True
2021-01-19,546.4500122070312,0.1050556364146233,ICICIBANK,14521.150390625,0.08948935844086447,0.015566277973758827,True
2021-01-19,1316.6500244140625,0.1183640276959516,INFY,14521.150390625,0.08948935844086447,0.028874669255087124,True
2021-01-19,930.5682983398438,0.0395422625121151,RELIANCE,14521.150390625,0.08948935844086447,-0.04994709592874937,False
2021-01-19,3260.699951171875,0.1562151176651978,TCS,14521.150390625,0.08948935844086447,0.06672575922433333,True
2021-01-20,746.0,0.0865924015207448,HDFCBANK,14644.7001953125,0.08750736339724208,-0.0009149618764972833,False
2021-01-20,551.0,0.1013392233541519,ICICIBANK,14644.7001953125,0.08750736339724208,0.013831859956909817,True
2021-01-20,1339.449951171875,0.0974600173468864,INFY,14644.7001953125,0.08750736339724208,0.009952653949644327,True
2021-01-20,948.2437133789062,0.0609283709244361,RELIANCE,14644.7001953125,0.08750736339724208,-0.026578992472805978,False
2021-01-20,3308.800048828125,0.1518886157800261,TCS,14644.7001953125,0.08750736339724208,0.06438125238278403,True
2021-01-21,737.4000244140625,0.0720750355500441,HDFCBANK,14590.349609375,0.07273308985386207,-0.000658054303817962,False
2021-01-21,552.7000122070312,0.0974980252351764,ICICIBANK,14590.349609375,0.07273308985386207,0.02476493538131433,True
2021-01-21,1339.699951171875,0.0691511902695241,INFY,14590.349609375,0.07273308985386207,-0.0035818995843379664,False
2021-01-21,968.8727416992188,0.0800215541508919,RELIANCE,14590.349609375,0.07273308985386207,0.00728846429702984,True
2021-01-21,3273.85009765625,0.1255178676944564,TCS,14590.349609375,0.07273308985386207,0.05278477784059432,True
2021-01-22,721.7750244140625,0.0332474941334863,HDFCBANK,14371.900390625,0.045286134925541344,-0.012038640792055043,False
2021-01-22,533.7999877929688,0.0394314097582328,ICICIBANK,14371.900390625,0.045286134925541344,-0.005854725167308547,False
2021-01-22,1340.8499755859375,0.0847861515455392,INFY,14371.900390625,0.045286134925541344,0.03950001661999786,True
2021-01-22,945.8900756835938,0.0278063142044731,RELIANCE,14371.900390625,0.045286134925541344,-0.017479820721068243,False
2021-01-22,3303.10009765625,0.1353395042821426,TCS,14371.900390625,0.045286134925541344,0.09005336935660124,True
2021-01-25,731.4249877929688,0.0353894616300389,HDFCBANK,14238.900390625,0.02636019016261759,0.009029271467421308,True
2021-01-25,538.0499877929688,0.0345126188225812,ICICIBANK,14238.900390625,0.02636019016261759,0.008152428659963608,True
2021-01-25,1325.0999755859375,0.0683704937671607,INFY,14238.900390625,0.02636019016261759,0.04201030360454311,True
2021-01-25,895.7711791992188,-0.0310987135134072,RELIANCE,14238.900390625,0.02636019016261759,-0.05745890367602479,False
2021-01-25,3291.300048828125,0.1235407109131212,TCS,14238.900390625,0.02636019016261759,0.09718052075050361,True
2021-01-27,704.7999877929688,-0.0123318218806595,HDFCBANK,13967.5,0.0025049446337004344,-0.014836766514359934,False
2021-01-27,522.3499755859375,-0.0121974515051549,ICICIBANK,13967.5,0.0025049446337004344,-0.014702396138855335,False
2021-01-27,1301.0,0.040550227298955,INFY,13967.5,0.0025049446337004344,0.038045282665254566,True
2021-01-27,874.5421752929688,-0.0477626624447496,RELIANCE,13967.5,0.0025049446337004344,-0.05026760707845004,False
2021-01-27,3261.050048828125,0.1127964677796025,TCS,13967.5,0.0025049446337004344,0.11029152314590207,True
2021-01-28,685.7249755859375,-0.0426178351330716,HDFCBANK,13817.5498046875,-0.011758044359227893,-0.03085979077384371,False
2021-01-28,528.25,-0.0009456264775413,ICICIBANK,13817.5498046875,-0.011758044359227893,0.010812417881686593,True
2021-01-28,1276.199951171875,0.0235802864873024,INFY,13817.5498046875,-0.011758044359227893,0.03533833084653029,True
2021-01-28,866.0275268554688,-0.0596090997316415,RELIANCE,13817.5498046875,-0.011758044359227893,-0.04785105537241361,False
2021-01-28,3196.550048828125,0.0987350892582239,TCS,13817.5498046875,-0.011758044359227893,0.11049313361745179,True
2021-01-29,695.25,-0.0318875215979371,HDFCBANK,13634.599609375,-0.024828822616982826,-0.007058698980954271,False
2021-01-29,537.0,0.0036445421017106,ICICIBANK,13634.599609375,-0.024828822616982826,0.028473364718693425,True
2021-01-29,1239.050048828125,-0.0133381106455845,INFY,13634.599609375,-0.024828822616982826,0.011490711971398327,True
2021-01-29,850.0596313476562,-0.0722057157429044,RELIANCE,13634.599609375,-0.024828822616982826,-0.04737689312592157,False
2021-01-29,3111.35009765625,0.086839611442232,TCS,13634.599609375,-0.024828822616982826,0.11166843405921482,True
2021-02-01,738.375,0.0362793932847411,HDFCBANK,14281.2001953125,0.018739536705959958,0.01753985657878114,True
2021-02-01,603.7999877929688,0.1446445266217417,ICICIBANK,14281.2001953125,0.018739536705959958,0.12590498991578175,True
2021-02-01,1260.9000244140625,0.0003570734734601,INFY,14281.2001953125,0.018739536705959958,-0.018382463232499858,False
2021-02-01,874.6806640625,-0.0463899442583906,RELIANCE,14281.2001953125,0.018739536705959958,-0.06512948096435056,False
2021-02-01,3139.35009765625,0.0720908725881499,TCS,14281.2001953125,0.018739536705959958,0.053351335882189946,True
2021-02-02,780.2750244140625,0.1020833678164725,HDFCBANK,14647.849609375,0.0364362023729814,0.0656471654434911,True
2021-02-02,617.3499755859375,0.1610870066061918,ICICIBANK,14647.849609375,0.0364362023729814,0.1246508042332104,True
2021-02-02,1271.25,-0.0131961963904521,INFY,14647.849609375,0.0364362023729814,-0.0496323987634335,False
2021-02-02,888.7564086914062,-0.0326744896547865,RELIANCE,14647.849609375,0.0364362023729814,-0.0691106920277679,False
2021-02-02,3203.449951171875,0.0539571312686919,TCS,14647.849609375,0.0364362023729814,0.017520928895710504,True
2021-02-03,787.4000244140625,0.1038060578432082,HDFCBANK,14789.9501953125,0.04158246384115638,0.062223594002051824,True
2021-02-03,622.3499755859375,0.1583992100250115,ICICIBANK,14789.9501953125,0.04158246384115638,0.11681674618385512,True
2021-02-03,1284.6500244140625,-0.0070722090498839,INFY,14789.9501953125,0.04158246384115638,-0.04865467289104028,False
2021-02-03,890.9946899414062,-0.0180306175754748,RELIANCE,14789.9501953125,0.04158246384115638,-0.05961308141663118,False
2021-02-03,3200.050048828125,0.0346104263912463,TCS,14789.9501953125,0.04158246384115638,-0.006972037449910082,False
2021-02-04,789.5499877929688,0.1116116442983528,HDFCBANK,14895.650390625,0.052975197711407684,0.05863644658694511,True
2021-02-04,628.2999877929688,0.1492591435228214,ICICIBANK,14895.650390625,0.052975197711407684,0.09628394581141372,True
2021-02-04,1279.3499755859375,-0.0021449185339412,INFY,14895.650390625,0.052975197711407684,-0.055120116245348884,False
2021-02-04,888.0641479492188,0.0052500844096674,RELIANCE,14895.650390625,0.052975197711407684,-0.047725113301740285,False
2021-02-04,3188.449951171875,0.0448795514245043,TCS,14895.650390625,0.052975197711407684,-0.008095646286903381,False
2021-02-05,798.7999877929688,0.1280494090633275,HDFCBANK,14924.25,0.05566109719060619,0.07238831187272132,True
2021-02-05,614.1500244140625,0.135002868460716,ICICIBANK,14924.25,0.05566109719060619,0.0793417712701098,True
2021-02-05,1272.0999755859375,0.0078833347695683,INFY,14924.25,0.05566109719060619,-0.047777762421037887,False
2021-02-05,887.810302734375,0.0065928691052761,RELIANCE,14924.25,0.05566109719060619,-0.04906822808533009,False
2021-02-05,3157.949951171875,0.041265464365878,TCS,14924.25,0.05566109719060619,-0.014395632824728187,False
2021-02-08,802.625,0.1212586684074465,HDFCBANK,15115.7998046875,0.05356774327397229,0.0676909251334742,True
2021-02-08,629.5999755859375,0.161516446387981,ICICIBANK,15115.7998046875,0.05356774327397229,0.1079487031140087,True
2021-02-08,1303.550048828125,-0.0065162159263012,INFY,15115.7998046875,0.05356774327397229,-0.06008395920027349,False
2021-02-08,900.5938720703125,0.0091793254113672,RELIANCE,15115.7998046875,0.05356774327397229,-0.04438841786260509,False
2021-02-08,3214.10009765625,0.0298632440093666,TCS,15115.7998046875,0.05356774327397229,-0.023704499264605692,False
2021-02-09,805.9249877929688,0.1105102000138265,HDFCBANK,15109.2998046875,0.04311774829993609,0.06739245171389041,True
2021-02-09,633.3499755859375,0.1627500668114763,ICICIBANK,15109.2998046875,0.04311774829993609,0.11963231851154021,True
2021-02-09,1305.550048828125,-0.051336945829412,INFY,15109.2998046875,0.04311774829993609,-0.0944546941293481,False
2021-02-09,902.7628784179688,0.0310449010115498,RELIANCE,15109.2998046875,0.04311774829993609,-0.012072847288386288,False
2021-02-09,3176.89990234375,0.0001416522151431,TCS,15109.2998046875,0.04311774829993609,-0.04297609608479299,False
2021-02-10,790.875,0.0680283592167454,HDFCBANK,15106.5,0.037288540655173286,0.03073981856157211,True
2021-02-10,632.1500244140625,0.1535584387117929,ICICIBANK,15106.5,0.037288540655173286,0.11626989805661961,True
2021-02-10,1296.5,-0.0548569345726261,INFY,15106.5,0.037288540655173286,-0.0921454752277994,False
2021-02-10,911.1390991210938,0.0088142236958472,RELIANCE,15106.5,0.037288540655173286,-0.028474316959326083,False
2021-02-10,3213.300048828125,0.0121107926324646,TCS,15106.5,0.037288540655173286,-0.025177748022708685,False
2021-02-11,786.1749877929688,0.0691530612202548,HDFCBANK,15173.2998046875,0.041775247368215584,0.027377813852039218,True
2021-02-11,630.6500244140625,0.133243529944407,ICICIBANK,15173.2998046875,0.041775247368215584,0.09146828257619141,True
2021-02-11,1292.6500244140625,-0.068125291667653,INFY,15173.2998046875,0.041775247368215584,-0.10990053903586859,False
2021-02-11,948.7052001953124,0.0602950405465876,RELIANCE,15173.2998046875,0.041775247368215584,0.018519793178372018,True
2021-02-11,3206.0,0.0148942052122955,TCS,15173.2998046875,0.041775247368215584,-0.026881042155920083,False
2021-02-12,790.9749755859375,0.077072307180851,HDFCBANK,15163.2998046875,0.03889529793266289,0.03817700924818811,True
2021-02-12,647.5999755859375,0.1704319354300321,ICICIBANK,15163.2998046875,0.03889529793266289,0.1315366374973692,True
2021-02-12,1309.800048828125,-0.0442903693337285,INFY,15163.2998046875,0.03889529793266289,-0.08318566726639139,False
2021-02-12,942.1980590820312,0.0413138642309713,RELIANCE,15163.2998046875,0.03889529793266289,0.0024185662983084166,True
2021-02-12,3190.800048828125,-0.0184267706166347,TCS,15163.2998046875,0.03889529793266289,-0.05732206854929758,False
2021-02-15,808.2999877929688,0.1022397631853455,HDFCBANK,15314.7001953125,0.061037709532453466,0.041202053652892034,True
2021-02-15,673.9500122070312,0.2411602434751956,ICICIBANK,15314.7001953125,0.061037709532453466,0.18012253394274214,True
2021-02-15,1309.6500244140625,-0.0262462753554919,INFY,15314.7001953125,0.061037709532453466,-0.08728398488794537,False
2021-02-15,938.0445556640624,0.0491109134096494,RELIANCE,15314.7001953125,0.061037709532453466,-0.011926796122804069,False
2021-02-15,3139.85009765625,-0.028917375841167,TCS,15314.7001953125,0.061037709532453466,-0.08995508537362046,False
2021-02-16,813.3250122070312,0.0967905408881231,HDFCBANK,15313.4501953125,0.07227286064579497,0.02451768024232813,True
2021-02-16,658.3499755859375,0.2348306207234465,ICICIBANK,15313.4501953125,0.07227286064579497,0.16255776007765152,True
2021-02-16,1290.4000244140625,-0.0165009135386257,INFY,15313.4501953125,0.07227286064579497,-0.08877377418442067,False
2021-02-16,950.4589233398438,0.0380806194545202,RELIANCE,15313.4501953125,0.07227286064579497,-0.034192241191274765,False
2021-02-16,3108.800048828125,-0.0350585710163342,TCS,15313.4501953125,0.07227286064579497,-0.10733143166212916,False
2021-02-17,793.25,0.0549589558505394,HDFCBANK,15208.900390625,0.047361950086545423,0.007597005763993976,True
2021-02-17,657.3499755859375,0.2029462181380463,ICICIBANK,15208.900390625,0.047361950086545423,0.15558426805150088,True
2021-02-17,1281.300048828125,-0.0268484220791086,INFY,15208.900390625,0.047361950086545423,-0.07421037216565401,False
2021-02-17,961.4195556640624,0.0331531359699852,RELIANCE,15208.900390625,0.047361950086545423,-0.014208814116560227,False
2021-02-17,3073.10009765625,-0.0575336143542439,TCS,15208.900390625,0.047361950086545423,-0.10489556444078932,False
2021-02-18,777.1500244140625,0.0417560648982071,HDFCBANK,15118.9501953125,0.03238372883535012,0.009372336062856979,True
2021-02-18,644.6500244140625,0.1699637466679899,ICICIBANK,15118.9501953125,0.03238372883535012,0.1375800178326398,True
2021-02-18,1292.449951171875,-0.0350890303582303,INFY,15118.9501953125,0.03238372883535012,-0.06747275919358042,False
2021-02-18,954.2432250976562,0.0063269723111285,RELIANCE,15118.9501953125,0.03238372883535012,-0.026056756524221625,False
2021-02-18,3057.35009765625,-0.0759943023033171,TCS,15118.9501953125,0.03238372883535012,-0.10837803113866722,False
2021-02-19,769.5499877929688,0.0435990809797608,HDFCBANK,14981.75,0.026825977519654876,0.016773103460105923,True
2021-02-19,624.0499877929688,0.12909349377617,ICICIBANK,14981.75,0.026825977519654876,0.10226751625651512,True
2021-02-19,1291.300048828125,-0.0361274196519998,INFY,14981.75,0.026825977519654876,-0.06295339717165468,False
2021-02-19,960.05810546875,-0.009097826629955,RELIANCE,14981.75,0.026825977519654876,-0.03592380414960988,False
2021-02-19,3071.85009765625,-0.0617010534919151,TCS,14981.75,0.026825977519654876,-0.08852703101156997,False
2021-02-22,774.0,0.0723563074634423,HDFCBANK,14675.7001953125,0.02113845743640641,0.05121785002703588,True
2021-02-22,609.8499755859375,0.1424690699364801,ICICIBANK,14675.7001953125,0.02113845743640641,0.12133061250007368,True
2021-02-22,1265.199951171875,-0.0564194546679275,INFY,14675.7001953125,0.02113845743640641,-0.07755791210433391,False
2021-02-22,926.73779296875,-0.0202478947683243,RELIANCE,14675.7001953125,0.02113845743640641,-0.041386352204730706,False
2021-02-22,2958.449951171875,-0.1043414175455733,TCS,14675.7001953125,0.02113845743640641,-0.1254798749819797,False
2021-02-23,764.5750122070312,0.0453225210613745,HDFCBANK,14707.7998046875,0.032930872553278645,0.012391648508095855,True
2021-02-23,616.2999877929688,0.1454325839146921,ICICIBANK,14707.7998046875,0.032930872553278645,0.11250171136141346,True
2021-02-23,1266.3499755859375,-0.044336277324299,INFY,14707.7998046875,0.032930872553278645,-0.07726714987757764,False
2021-02-23,933.8218383789062,0.0424781016215582,RELIANCE,14707.7998046875,0.032930872553278645,0.009547229068279553,True
2021-02-23,2980.199951171875,-0.0945219496979674,TCS,14707.7998046875,0.032930872553278645,-0.12745282225124605,False
2021-02-24,803.2249755859375,0.1396495310693457,HDFCBANK,14982.0,0.07263289779846072,0.06701663327088497,True
2021-02-24,641.0999755859375,0.227338002393499,ICICIBANK,14982.0,0.07263289779846072,0.15470510459503828,True
2021-02-24,1274.300048828125,-0.020522637334262,INFY,14982.0,0.07263289779846072,-0.09315553513272272,False
2021-02-24,951.1511840820312,0.0875989871653688,RELIANCE,14982.0,0.07263289779846072,0.014966089366908089,True
2021-02-24,2948.10009765625,-0.0959660068033408,TCS,14982.0,0.07263289779846072,-0.16859890460180152,False
2021-02-25,803.2000122070312,0.1713150910402727,HDFCBANK,15097.349609375,0.09262132742617935,0.07869376361409336,True
2021-02-25,628.0,0.1888310459062943,ICICIBANK,15097.349609375,0.09262132742617935,0.09620971848011495,True
2021-02-25,1274.550048828125,-0.0012928243275945,INFY,15097.349609375,0.09262132742617935,-0.09391415175377385,False
2021-02-25,989.6171875,0.1427086978323692,RELIANCE,15097.349609375,0.09262132742617935,0.05008737040618985,True
2021-02-25,2995.300048828125,-0.062958501173407,TCS,15097.349609375,0.09262132742617935,-0.15557982859958636,False
2021-02-26,767.2000122070312,0.1034879715311489,HDFCBANK,14529.150390625,0.06560887791929848,0.03787909361185042,True
2021-02-26,597.75,0.1131284916201116,ICICIBANK,14529.150390625,0.06560887791929848,0.04751961370081312,True
2021-02-26,1253.300048828125,0.0115007460864695,INFY,14529.150390625,0.06560887791929848,-0.05410813183282898,False
2021-02-26,962.5963745117188,0.1323868808893447,RELIANCE,14529.150390625,0.06560887791929848,0.06677800297004621,True
2021-02-26,2894.300048828125,-0.0697607283062188,TCS,14529.150390625,0.06560887791929848,-0.13536960622551727,False
2021-03-01,779.4500122070312,0.055628931379084,HDFCBANK,14761.5498046875,0.033635100888275815,0.021993830490808185,True
2021-03-01,608.3499755859375,0.007535587752494,ICICIBANK,14761.5498046875,0.033635100888275815,-0.026099513135781814,False
2021-03-01,1267.0,0.0048377948035747,INFY,14761.5498046875,0.033635100888275815,-0.028797306084701116,False
2021-03-01,969.9342041015624,0.1089009325948195,RELIANCE,14761.5498046875,0.033635100888275815,0.07526583170654369,True
2021-03-01,2924.199951171875,-0.0685333396377168,TCS,14761.5498046875,0.033635100888275815,-0.10216844052599261,False
2021-03-02,784.0999755859375,0.0049020551115901,HDFCBANK,14919.099609375,0.018518076525471328,-0.013616021413881227,False
2021-03-02,610.5,-0.0110957736402858,ICICIBANK,14919.099609375,0.018518076525471328,-0.029613850165757127,False
2021-03-02,1304.5,0.0261553588987217,INFY,14919.099609375,0.018518076525471328,0.007637282373250374,True
2021-03-02,971.9186401367188,0.0935714562866101,RELIANCE,14919.099609375,0.018518076525471328,0.07505337976113877,True
2021-03-02,3006.35009765625,-0.0615273709656436,TCS,14919.099609375,0.018518076525471328,-0.08004544749111492,False
2021-03-03,793.4249877929688,0.0076517185573998,HDFCBANK,15245.599609375,0.030808042491374588,-0.023156323933974786,False
2021-03-03,632.0999755859375,0.0156664262593091,ICICIBANK,15245.599609375,0.030808042491374588,-0.015141616232065488,False
2021-03-03,1343.550048828125,0.0458490820804888,INFY,15245.599609375,0.030808042491374588,0.015041039589114215,True
2021-03-03,1016.268798828125,0.1406002867367897,RELIANCE,15245.599609375,0.030808042491374588,0.10979224424541512,True
2021-03-03,3059.10009765625,-0.0440461708477002,TCS,15245.599609375,0.030808042491374588,-0.07485421333907478,False
2021-03-04,776.0250244140625,-0.0171299646482329,HDFCBANK,15080.75,0.012426420097204849,-0.029556384745437748,False
2021-03-04,620.75,-0.0120165334070586,ICICIBANK,15080.75,0.012426420097204849,-0.024442953504263447,False
2021-03-04,1330.3499755859375,0.0398639941948975,INFY,15080.75,0.012426420097204849,0.027437574097692652,True
2021-03-04,1004.1544189453124,0.1307228439118701,RELIANCE,15080.75,0.012426420097204849,0.11829642381466526,True
2021-03-04,3049.699951171875,-0.0435164428248291,TCS,15080.75,0.012426420097204849,-0.05594286292203395,False
2021-03-05,765.0,-0.0423134555702183,HDFCBANK,14938.099609375,0.0009279936596477967,-0.0432414492298661,False
2021-03-05,609.4500122070312,-0.0076528731094903,ICICIBANK,14938.099609375,0.0009279936596477967,-0.008580866769138096,False
2021-03-05,1316.699951171875,0.0350601182626346,INFY,14938.099609375,0.0009279936596477967,0.034132124602986806,True
2021-03-05,1005.4696655273438,0.1325275933728056,RELIANCE,14938.099609375,0.0009279936596477967,0.1315995997131578,True
2021-03-05,3008.050048828125,-0.0474674724620395,TCS,14938.099609375,0.0009279936596477967,-0.0483954661216873,False
2021-03-08,759.75,-0.053418470643202,HDFCBANK,14956.2001953125,-0.010558462763280763,-0.04286000787992124,False
2021-03-08,608.0499877929688,-0.0342280632601886,ICICIBANK,14956.2001953125,-0.010558462763280763,-0.02366960049690784,False
2021-03-08,1335.75,0.0247017375365237,INFY,14956.2001953125,-0.010558462763280763,0.035260200299804464,True
2021-03-08,1011.1923217773438,0.1228061317503572,RELIANCE,14956.2001953125,-0.010558462763280763,0.13336459451363797,True
2021-03-08,3006.949951171875,-0.064450434084312,TCS,14956.2001953125,-0.010558462763280763,-0.05389197132103124,False
2021-03-09,781.25,-0.0306169782134952,HDFCBANK,15098.400390625,-0.0007213712219223956,-0.029895606991572805,False
2021-03-09,625.0999755859375,-0.0130259735028293,ICICIBANK,15098.400390625,-0.0007213712219223956,-0.012304602280906905,False
2021-03-09,1345.550048828125,0.0306384271027406,INFY,15098.400390625,-0.0007213712219223956,0.031359798324663,True
2021-03-09,1011.169189453125,0.1200828186745239,RELIANCE,15098.400390625,-0.0007213712219223956,0.1208041898964463,True
2021-03-09,3050.949951171875,-0.0396455522816302,TCS,15098.400390625,-0.0007213712219223956,-0.0389241810597078,False
2021-03-10,777.875,-0.0164374901217005,HDFCBANK,15174.7998046875,0.004521219652964037,-0.020958709774664536,False
2021-03-10,625.5999755859375,-0.0103615416833942,ICICIBANK,15174.7998046875,0.004521219652964037,-0.014882761336358238,False
2021-03-10,1368.1500244140625,0.0552641916035963,INFY,15174.7998046875,0.004521219652964037,0.050742971950632265,True
2021-03-10,1006.9695434570312,0.1051765251083811,RELIANCE,15174.7998046875,0.004521219652964037,0.10065530545541707,True
2021-03-10,3070.949951171875,-0.0443002817953973,TCS,15174.7998046875,0.004521219652964037,-0.04882150144836134,False
2021-03-12,775.9749755859375,-0.0129742263050949,HDFCBANK,15030.9501953125,-0.009381585496058276,-0.0035926408090366235,False
2021-03-12,612.8499755859375,-0.0282249237121064,ICICIBANK,15030.9501953125,-0.009381585496058276,-0.018843338216048125,False
2021-03-12,1374.8499755859375,0.0635902600235009,INFY,15030.9501953125,-0.009381585496058276,0.07297184551955918,True
2021-03-12,986.5020751953124,0.0398404846860949,RELIANCE,15030.9501953125,-0.009381585496058276,0.049222070182153174,True
2021-03-12,3057.949951171875,-0.0461790545315424,TCS,15030.9501953125,-0.009381585496058276,-0.03679746903548412,False
2021-03-15,764.3250122070312,-0.0336925493239081,HDFCBANK,14929.5,-0.01541879456971662,-0.018273754754191476,False
2021-03-15,603.5,-0.0680975559735569,ICICIBANK,14929.5,-0.01541879456971662,-0.052678761403840285,False
2021-03-15,1373.5999755859375,0.0487096689413732,INFY,14929.5,-0.01541879456971662,0.06412846351108982,True
2021-03-15,973.2570190429688,0.032964364192384,RELIANCE,14929.5,-0.01541879456971662,0.04838315876210062,True
2021-03-15,3066.14990234375,-0.0390654834451801,TCS,14929.5,-0.01541879456971662,-0.02364668887546348,False
2021-03-16,756.0750122070312,-0.0646108825617277,HDFCBANK,14910.4501953125,-0.026396207228642443,-0.03821467533308526,False
2021-03-16,594.9500122070312,-0.1172193761690028,ICICIBANK,14910.4501953125,-0.026396207228642443,-0.09082316894036035,False
2021-03-16,1384.0,0.0567708732867024,INFY,14910.4501953125,-0.026396207228642443,0.08316708051534484,True
2021-03-16,969.4265747070312,0.0334547211574112,RELIANCE,14910.4501953125,-0.026396207228642443,0.059850928386053645,True
2021-03-16,3110.050048828125,-0.0094909145026921,TCS,14910.4501953125,-0.026396207228642443,0.016905292725950344,True
2021-03-17,747.6749877929688,-0.0807180689499702,HDFCBANK,14721.2998046875,-0.03866864639075651,-0.04204942255921369,False
2021-03-17,589.5,-0.1045795976899071,ICICIBANK,14721.2998046875,-0.03866864639075651,-0.06591095129915059,False
2021-03-17,1387.0,0.0748604880333918,INFY,14721.2998046875,-0.03866864639075651,0.11352913442414832,True
2021-03-17,948.543701171875,-0.0020150499100358,RELIANCE,14721.2998046875,-0.03866864639075651,0.03665359648072071,True
2021-03-17,3112.949951171875,0.0013348887926434,TCS,14721.2998046875,-0.03866864639075651,0.04000353518339991,True
2021-03-18,745.5,-0.0601953986763315,HDFCBANK,14557.849609375,-0.042807222384816046,-0.017388176291515456,False
2021-03-18,578.5999755859375,-0.1197991981817678,ICICIBANK,14557.849609375,-0.042807222384816046,-0.07699197579695176,False
2021-03-18,1337.0999755859375,0.043549461196733,INFY,14557.849609375,-0.042807222384816046,0.08635668358154905,True
2021-03-18,927.1993408203124,-0.0355934249955148,RELIANCE,14557.849609375,-0.042807222384816046,0.007213797389301245,True
2021-03-18,3036.5,-0.0119098293232178,TCS,14557.849609375,-0.042807222384816046,0.030897393061598246,True
2021-03-19,748.75,-0.0365438120335579,HDFCBANK,14744.0,-0.02480001524370057,-0.011743796789857333,False
2021-03-19,586.6500244140625,-0.0899712988496627,ICICIBANK,14744.0,-0.02480001524370057,-0.06517128360596214,False
2021-03-19,1344.449951171875,0.0402336662652593,INFY,14744.0,-0.02480001524370057,0.06503368150895987,True
2021-03-19,960.8426513671876,0.0069158743766359,RELIANCE,14744.0,-0.02480001524370057,0.03171588962033647,True
2021-03-19,3050.199951171875,-0.002338674425888,TCS,14744.0,-0.02480001524370057,0.022461340817812567,True
2021-03-22,734.5750122070312,-0.0454486078107077,HDFCBANK,14736.400390625,-0.016376565446292957,-0.02907204236441474,False
2021-03-22,573.4500122070312,-0.0810832089988347,ICICIBANK,14736.400390625,-0.016376565446292957,-0.06470664355254174,False
2021-03-22,1370.800048828125,0.061565861530128,INFY,14736.400390625,-0.016376565446292957,0.07794242697642095,True
2021-03-22,951.7972412109376,-0.008604546131902,RELIANCE,14736.400390625,-0.016376565446292957,0.007772019314390956,True
2021-03-22,3129.64990234375,0.018815958738221,TCS,14736.400390625,-0.016376565446292957,0.035192524184513956,True
2021-03-23,750.0750122070312,-0.03091083694182,HDFCBANK,14814.75,0.009474832739627237,-0.04038566968144724,False
2021-03-23,586.4000244140625,-0.0384519998534795,ICICIBANK,14814.75,0.009474832739627237,-0.04792683259310674,False
2021-03-23,1371.550048828125,0.0840579368958596,INFY,14814.75,0.009474832739627237,0.07458310415623236,True
2021-03-23,963.3809204101562,0.0395399083963352,RELIANCE,14814.75,0.009474832739627237,0.030065075656707962,True
2021-03-23,3142.60009765625,0.062245483115721,TCS,14814.75,0.009474832739627237,0.05277065037609376,True
2021-03-24,739.4000244140625,-0.032926772901325,HDFCBANK,14549.400390625,-0.010769755923113467,-0.022157016978211534,False
2021-03-24,567.5,-0.079182198214422,ICICIBANK,14549.400390625,-0.010769755923113467,-0.06841244229130854,False
2021-03-24,1353.75,0.0690172749232476,INFY,14549.400390625,-0.010769755923113467,0.07978703084636107,True
2021-03-24,944.82861328125,0.0117868039169561,RELIANCE,14549.400390625,-0.010769755923113467,0.022556559840069566,True
2021-03-24,3121.10009765625,0.0472787560542606,TCS,14549.400390625,-0.010769755923113467,0.05804851197737407,True
2021-03-25,731.6749877929688,-0.0890783901991771,HDFCBANK,14324.900390625,-0.04385927175110127,-0.04521911844807583,False
2021-03-25,571.5499877929688,-0.1084854007823087,ICICIBANK,14324.900390625,-0.04385927175110127,-0.06462612903120743,False
2021-03-25,1333.800048828125,0.0466922998666738,INFY,14324.900390625,-0.04385927175110127,0.09055157161777508,True
2021-03-25,919.0538330078124,-0.0337457931098477,RELIANCE,14324.900390625,-0.04385927175110127,0.010113478641253573,True
2021-03-25,3064.85009765625,0.039601776104148,TCS,14324.900390625,-0.04385927175110127,0.08346104785524927,True
2021-03-26,745.6500244140625,-0.0716508801273957,HDFCBANK,14507.2998046875,-0.03908300595497216,-0.032567874172423544,False
2021-03-26,578.5499877929688,-0.0787420576545083,ICICIBANK,14507.2998046875,-0.03908300595497216,-0.03965905169953614,False
2021-03-26,1336.199951171875,0.0483699344725092,INFY,14507.2998046875,-0.03908300595497216,0.08745294042748136,True
2021-03-26,920.5306396484376,-0.0698113863867814,RELIANCE,14507.2998046875,-0.03908300595497216,-0.03072838043180924,False
2021-03-26,3066.800048828125,0.0238707304224741,TCS,14507.2998046875,-0.03908300595497216,0.06295373637744626,True
2021-03-30,776.8499755859375,0.0125781585314967,HDFCBANK,14845.099609375,0.021745883981892478,-0.009167725450395778,False
2021-03-30,591.4500122070312,-0.0105395027904119,ICICIBANK,14845.099609375,0.021745883981892478,-0.03228538677230438,False
2021-03-30,1385.300048828125,0.1053219459485572,INFY,14845.099609375,0.021745883981892478,0.08357606196666473,True
2021-03-30,936.5216064453124,-0.027087955821185,RELIANCE,14845.099609375,0.021745883981892478,-0.048833839803077476,False
2021-03-30,3158.550048828125,0.0913001401174671,TCS,14845.099609375,0.021745883981892478,0.06955425613557462,True
2021-03-31,746.8250122070312,-0.041856436575864,HDFCBANK,14690.7001953125,-0.004799605076189373,-0.037056831499674626,False
2021-03-31,582.0999755859375,-0.043149504485008,ICICIBANK,14690.7001953125,-0.004799605076189373,-0.038349899408818625,False
2021-03-31,1368.050048828125,0.0797553660837608,INFY,14690.7001953125,-0.004799605076189373,0.08455497115995017,True
2021-03-31,924.4302978515624,-0.0469144258008198,RELIANCE,14690.7001953125,-0.004799605076189373,-0.04211482072463043,False
2021-03-31,3177.85009765625,0.0867417244784252,TCS,14690.7001953125,-0.004799605076189373,0.09154132955461457,True
2021-04-01,743.375,-0.0519384987297121,HDFCBANK,14867.349609375,-0.003468707988750208,-0.048469790740961895,False
2021-04-01,594.4000244140625,-0.026371786381552,ICICIBANK,14867.349609375,-0.003468707988750208,-0.02290307839280179,False
2021-04-01,1385.199951171875,0.0618627452448257,INFY,14867.349609375,-0.003468707988750208,0.0653314532335759,True
2021-04-01,933.0834350585938,-0.0399572592543981,RELIANCE,14867.349609375,-0.003468707988750208,-0.036488551265647894,False
2021-04-01,3165.0,0.0527715991784967,TCS,14867.349609375,-0.003468707988750208,0.05624030716724691,True
2021-04-05,724.7999877929688,-0.0864921083351443,HDFCBANK,14637.7998046875,-0.03986722859452141,-0.04662487974062289,False
2021-04-05,571.25,-0.0962663786365937,ICICIBANK,14637.7998046875,-0.03986722859452141,-0.056399150042072285,False
2021-04-05,1409.9000244140625,0.0493840744107816,INFY,14637.7998046875,-0.03986722859452141,0.08925130300530301,True
2021-04-05,919.5845947265624,-0.0951364483619399,RELIANCE,14637.7998046875,-0.03986722859452141,-0.055269219767418484,False
2021-04-05,3238.89990234375,0.0587753911110182,TCS,14637.7998046875,-0.03986722859452141,0.09864261970553961,True
2021-04-06,720.125,-0.0720337909931059,HDFCBANK,14683.5,-0.026341528107023837,-0.045692262886082066,False
2021-04-06,565.9000244140625,-0.0883608144759363,ICICIBANK,14683.5,-0.026341528107023837,-0.06201928636891246,False
2021-04-06,1411.050048828125,0.0606607845477984,INFY,14683.5,-0.026341528107023837,0.08700231265482224,True
2021-04-06,915.754150390625,-0.0880345362096163,RELIANCE,14683.5,-0.026341528107023837,-0.061693008102592456,False
2021-04-06,3264.699951171875,0.0704987387094866,TCS,14683.5,-0.026341528107023837,0.09684026681651044,True
2021-04-07,723.5999755859375,-0.0541176789726307,HDFCBANK,14819.0498046875,-0.007969541494607935,-0.046148137478022766,False
2021-04-07,577.6500244140625,-0.0521781723784201,ICICIBANK,14819.0498046875,-0.007969541494607935,-0.04420863088381217,False
2021-04-07,1430.199951171875,0.0862003525548731,INFY,14819.0498046875,-0.007969541494607935,0.09416989404948103,True
2021-04-07,924.31494140625,-0.0807132496419273,RELIANCE,14819.0498046875,-0.007969541494607935,-0.07274370814731937,False
2021-04-07,3271.39990234375,0.0875483616431915,TCS,14819.0498046875,-0.007969541494607935,0.09551790313779944,True
2021-04-08,716.4000244140625,-0.0570582107087035,HDFCBANK,14873.7998046875,-0.005509446888175895,-0.0515487638205276,False
2021-04-08,576.7000122070312,-0.0515582208951735,ICICIBANK,14873.7998046875,-0.005509446888175895,-0.046048774006997605,False
2021-04-08,1439.8499755859375,0.0779337268096107,INFY,14873.7998046875,-0.005509446888175895,0.0834431736977866,True
2021-04-08,925.4686889648438,-0.0847748059061861,RELIANCE,14873.7998046875,-0.005509446888175895,-0.0792653590180102,False
2021-04-08,3317.35009765625,0.1032275732967904,TCS,14873.7998046875,-0.005509446888175895,0.1087370201849663,True
2021-04-09,710.875,-0.09008,HDFCBANK,14834.849609375,-0.017455543264943807,-0.07262445673505619,False
2021-04-09,566.2000122070312,-0.0942248691078516,ICICIBANK,14834.849609375,-0.017455543264943807,-0.0767693258429078,False
2021-04-09,1441.050048828125,0.0709746917873277,INFY,14834.849609375,-0.017455543264943807,0.0884302350522715,True
2021-04-09,914.7157592773438,-0.0953880232722939,RELIANCE,14834.849609375,-0.017455543264943807,-0.07793248000735009,False
2021-04-09,3322.25,0.0889231397335503,TCS,14834.849609375,-0.017455543264943807,0.10637868299849411,True
2021-04-12,683.5250244140625,-0.1212919499738871,HDFCBANK,14310.7998046875,-0.05693650071964118,-0.06435544925424592,False
2021-04-12,538.5499877929688,-0.1391464053550156,ICICIBANK,14310.7998046875,-0.05693650071964118,-0.08220990463537442,False
2021-04-12,1425.75,0.0421006282630487,INFY,14310.7998046875,-0.05693650071964118,0.09903712898268988,True
2021-04-12,881.9954223632812,-0.1241091370695293,RELIANCE,14310.7998046875,-0.05693650071964118,-0.06717263634988811,False
2021-04-12,3246.550048828125,0.0571810353305304,TCS,14310.7998046875,-0.05693650071964118,0.11411753605017158,True
2021-04-13,700.1749877929688,-0.0976835467351666,HDFCBANK,14504.7998046875,-0.03500446637026866,-0.06267908036489794,False
2021-04-13,560.5999755859375,-0.0852574073288401,ICICIBANK,14504.7998046875,-0.03500446637026866,-0.05025294095857144,False
2021-04-13,1397.1500244140625,0.0162199870706774,INFY,14504.7998046875,-0.03500446637026866,0.05122445344094606,True
2021-04-13,891.525390625,-0.096276213662813,RELIANCE,14504.7998046875,-0.03500446637026866,-0.06127174729254434,False
2021-04-13,3104.050048828125,0.0150754912252841,TCS,14504.7998046875,-0.03500446637026866,0.05007995759555276,True
2021-04-15,715.0499877929688,-0.0644686797201338,HDFCBANK,14581.4501953125,-0.023312890899728766,-0.041155788820405034,False
2021-04-15,575.2000122070312,-0.0468931032195008,ICICIBANK,14581.4501953125,-0.023312890899728766,-0.02358021231977203,False
2021-04-15,1360.75,-0.0093549620081029,INFY,14581.4501953125,-0.023312890899728766,0.013957928891625867,True
2021-04-15,897.2941284179688,-0.0780501852426366,RELIANCE,14581.4501953125,-0.023312890899728766,-0.05473729434290783,False
2021-04-15,3218.949951171875,0.0498345004956624,TCS,14581.4501953125,-0.023312890899728766,0.07314739139539117,True
2021-04-16,714.3250122070312,-0.0552193887192873,HDFCBANK,14617.849609375,-0.01962385991735427,-0.03559552880193303,False
2021-04-16,566.9500122070312,-0.0470627774191162,ICICIBANK,14617.849609375,-0.01962385991735427,-0.02743891750176193,False
2021-04-16,1353.75,-0.021856936416185,INFY,14617.849609375,-0.01962385991735427,-0.0022330764988307307,False
2021-04-16,891.663818359375,-0.0802152100804094,RELIANCE,14617.849609375,-0.01962385991735427,-0.06059135016305513,False
2021-04-16,3195.14990234375,0.0273628566034462,TCS,14617.849609375,-0.01962385991735427,0.04698671652080047,True
2021-04-19,706.2000122070312,-0.0554719313379277,HDFCBANK,14359.4501953125,-0.024580004087667695,-0.030891927250260007,False
2021-04-19,559.75,-0.0504664970313825,ICICIBANK,14359.4501953125,-0.024580004087667695,-0.025886492943714805,False
2021-04-19,1362.550048828125,-0.0176279388405732,INFY,14359.4501953125,-0.024580004087667695,0.0069520652470944945,True
2021-04-19,877.6342163085938,-0.074756160180787,RELIANCE,14359.4501953125,-0.024580004087667695,-0.050176156093119303,False
2021-04-19,3161.800048828125,0.0156925419369047,TCS,14359.4501953125,-0.024580004087667695,0.04027254602457239,True
2021-04-20,695.7000122070312,-0.0668007884546864,HDFCBANK,14296.400390625,-0.0179593295552134,-0.048841458899473,False
2021-04-20,559.0999755859375,-0.0337020408275211,ICICIBANK,14296.400390625,-0.0179593295552134,-0.015742711272307704,False
2021-04-20,1351.3499755859375,0.0106573930597488,INFY,14296.400390625,-0.0179593295552134,0.0286167226149622,True
2021-04-20,877.3804321289062,-0.053730526433863,RELIANCE,14296.400390625,-0.0179593295552134,-0.0357711968786496,False
2021-04-20,3144.550048828125,0.0355837473499505,TCS,14296.400390625,-0.0179593295552134,0.0535430769051639,True
2021-04-22,711.25,-0.0500834724540901,HDFCBANK,14406.150390625,-0.022914379366182902,-0.0271690930879072,False
2021-04-22,579.2000122070312,-0.0126992446893225,ICICIBANK,14406.150390625,-0.022914379366182902,0.010215134676860402,True
2021-04-22,1351.0999755859375,0.0049462788914278,INFY,14406.150390625,-0.022914379366182902,0.0278606582576107,True
2021-04-22,879.8032836914062,-0.0843419758276446,RELIANCE,14406.150390625,-0.022914379366182902,-0.0614275964614617,False
2021-04-22,3118.800048828125,0.0224903608794218,TCS,14406.150390625,-0.022914379366182902,0.0454047402456047,True
2021-04-23,707.0750122070312,-0.0374366123854066,HDFCBANK,14341.349609375,-0.026807820823145034,-0.010628791562261562,False
2021-04-23,569.9500122070312,-0.0061034090600671,ICICIBANK,14341.349609375,-0.026807820823145034,0.020704411763077933,True
2021-04-23,1333.800048828125,-0.0269915368267098,INFY,14341.349609375,-0.026807820823145034,-0.00018371600356476697,False
2021-04-23,878.8572387695312,-0.0766339712737634,RELIANCE,14341.349609375,-0.026807820823145034,-0.04982615045061836,False
2021-04-23,3109.5,-0.0064383886289197,TCS,14341.349609375,-0.026807820823145034,0.020369432194225334,True
2021-04-26,702.4000244140625,-0.0635602933267823,HDFCBANK,14485.0,-0.02225822237972286,-0.04130207094705944,False
2021-04-26,591.0999755859375,0.0080149232199833,ICICIBANK,14485.0,-0.02225822237972286,0.03027314559970616,True
2021-04-26,1343.550048828125,-0.020414858374234,INFY,14485.0,-0.02225822237972286,0.0018433640054888595,True
2021-04-26,894.3174438476562,-0.0716886489023432,RELIANCE,14485.0,-0.02225822237972286,-0.049430426522620335,False
2021-04-26,3100.800048828125,-0.0133011033950197,TCS,14485.0,-0.02225822237972286,0.008957118984703158,True
2021-04-27,719.3499755859375,-0.0271166461537699,HDFCBANK,14653.0498046875,0.007123964650068038,-0.03424061080383794,False
2021-04-27,598.75,0.0550660792951542,ICICIBANK,14653.0498046875,0.007123964650068038,0.04794211464508616,True
2021-04-27,1348.5,-0.0038781163434903,INFY,14653.0498046875,0.007123964650068038,-0.011002080993558337,False
2021-04-27,917.7616577148438,-0.0286474765750444,RELIANCE,14653.0498046875,0.007123964650068038,-0.03577144122511244,False
2021-04-27,3132.0,0.0034923270650419,TCS,14653.0498046875,0.007123964650068038,-0.0036316375850261374,False
2021-04-28,738.4000244140625,0.0091912894841181,HDFCBANK,14864.5498046875,0.03767212332001102,-0.02848083383589292,False
2021-04-28,621.3499755859375,0.0871314650626984,ICICIBANK,14864.5498046875,0.03767212332001102,0.049459341742687374,True
2021-04-28,1356.0,0.0166441373213173,INFY,14864.5498046875,0.03767212332001102,-0.02102798599869372,False
2021-04-28,921.7536010742188,0.0029375516095404,RELIANCE,14864.5498046875,0.03767212332001102,-0.03473457171047062,False
2021-04-28,3124.10009765625,0.0193321037284366,TCS,14864.5498046875,0.03767212332001102,-0.01834001959157442,False
2021-04-29,736.25,-0.0126064830768953,HDFCBANK,14894.900390625,0.02671762431022895,-0.039324107387124246,False
2021-04-29,621.4500122070312,0.074150938240818,ICICIBANK,14894.900390625,0.02671762431022895,0.047433313930589055,True
2021-04-29,1356.3499755859375,0.0150800966549882,INFY,14894.900390625,0.02671762431022895,-0.011637527655240749,False
2021-04-29,934.0987548828124,0.0147394498889863,RELIANCE,14894.900390625,0.02671762431022895,-0.01197817442124265,False
2021-04-29,3115.25,0.0157982099910258,TCS,14894.900390625,0.02671762431022895,-0.010919414319203149,False
2021-04-30,706.1500244140625,-0.0910085002172391,HDFCBANK,14631.099609375,-0.014415531429971318,-0.07659296878726778,False
2021-04-30,600.5,0.01530135701443,ICICIBANK,14631.099609375,-0.014415531429971318,0.029716888444401318,True
2021-04-30,1354.3499755859375,-0.0223417831164947,INFY,14631.099609375,-0.014415531429971318,-0.007926251686523382,False
2021-04-30,920.46142578125,-0.017148756156327,RELIANCE,14631.099609375,-0.014415531429971318,-0.0027332247263556833,False
2021-04-30,3035.64990234375,-0.0389103052300764,TCS,14631.099609375,-0.014415531429971318,-0.024494773800105084,False
2021-05-03,707.2249755859375,-0.0530245184264343,HDFCBANK,14634.150390625,-0.003849360747661512,-0.049175157678772785,False
2021-05-03,596.75,0.025167539990559,ICICIBANK,14634.150390625,-0.003849360747661512,0.02901690073822051,True
2021-05-03,1352.050048828125,-0.0116954785489796,INFY,14634.150390625,-0.003849360747661512,-0.007846117801318088,False
2021-05-03,904.1012573242188,-0.02199088516959,RELIANCE,14634.150390625,-0.003849360747661512,-0.018141524421928488,False
2021-05-03,3037.0,-0.0443224486139641,TCS,14634.150390625,-0.003849360747661512,-0.04047308786630259,False
2021-05-04,694.1749877929688,-0.066184647327434,HDFCBANK,14496.5,-0.02494389512042894,-0.04124075220700506,False
2021-05-04,591.5499877929688,-0.0047948124226664,ICICIBANK,14496.5,-0.02494389512042894,0.020149082697762537,True
2021-05-04,1329.4000244140625,-0.040282940170916,INFY,14496.5,-0.02494389512042894,-0.015339045050487062,False
2021-05-04,884.5105590820312,-0.0520563050972096,RELIANCE,14496.5,-0.02494389512042894,-0.02711240997678066,False
2021-05-04,3049.75,-0.0364139020537125,TCS,14496.5,-0.02494389512042894,-0.01147000693328356,False
2021-05-05,701.2999877929688,-0.0324227378529047,HDFCBANK,14617.849609375,-0.0013629230880799481,-0.03105981476482475,False
2021-05-05,602.7999877929688,0.0552297379307986,ICICIBANK,14617.849609375,-0.0013629230880799481,0.05659266101887855,True
2021-05-05,1341.5,-0.0485140954887838,INFY,14617.849609375,-0.0013629230880799481,-0.04715117240070385,False
2021-05-05,886.1258544921875,-0.0363846245644468,RELIANCE,14617.849609375,-0.0013629230880799481,-0.03502170147636685,False
2021-05-05,3095.699951171875,-0.0442125275524112,TCS,14617.849609375,-0.0013629230880799481,-0.042849604464331253,False
2021-05-06,700.4500122070312,-0.0273216285963808,HDFCBANK,14724.7998046875,0.002812667598835361,-0.03013429619521616,False
2021-05-06,608.2000122070312,0.0747481639301332,ICICIBANK,14724.7998046875,0.002812667598835361,0.07193549633129784,True
2021-05-06,1361.5999755859375,-0.0350448754693397,INFY,14724.7998046875,0.002812667598835361,-0.03785754306817506,False
2021-05-06,891.1561889648438,-0.0268608789982428,RELIANCE,14724.7998046875,0.002812667598835361,-0.02967354659707816,False
2021-05-06,3111.449951171875,-0.0469415267228433,TCS,14724.7998046875,0.002812667598835361,-0.049754194321678664,False
2021-05-07,707.375,-0.0224225761931504,HDFCBANK,14823.150390625,0.0002767104498293538,-0.022699286642979755,False
2021-05-07,607.0999755859375,0.0509823421227195,ICICIBANK,14823.150390625,0.0002767104498293538,0.05070563167289015,True
2021-05-07,1352.550048828125,-0.0542930394313923,INFY,14823.150390625,0.0002767104498293538,-0.05456974988122165,False
2021-05-07,891.5023193359375,-0.0354993959314251,RELIANCE,14823.150390625,0.0002767104498293538,-0.035776106381254454,False
2021-05-07,3132.89990234375,-0.0423366155573867,TCS,14823.150390625,0.0002767104498293538,-0.042613326007216054,False
2021-05-10,709.9249877929688,-0.0090382975997098,HDFCBANK,14942.349609375,0.0046087620909014415,-0.013647059690611241,False
2021-05-10,613.25,0.0633778169226872,ICICIBANK,14942.349609375,0.0046087620909014415,0.05876905483178575,True
2021-05-10,1339.550048828125,-0.0696599843445467,INFY,14942.349609375,0.0046087620909014415,-0.07426874643544815,False
2021-05-10,888.9409790039062,-0.0394694173843899,RELIANCE,14942.349609375,0.0046087620909014415,-0.04407817947529134,False
2021-05-10,3145.5,-0.0518034252030451,TCS,14942.349609375,0.0046087620909014415,-0.05641218729394654,False
2021-05-11,701.7750244140625,-0.0128010910299806,HDFCBANK,14850.75,0.0010718268835669953,-0.013872917913547595,False
2021-05-11,609.8499755859375,0.07709283369451,ICICIBANK,14850.75,0.0010718268835669953,0.07602100681094301,True
2021-05-11,1330.6500244140625,-0.0766108189676276,INFY,14850.75,0.0010718268835669953,-0.0776826458511946,False
2021-05-11,892.1484375,-0.0246714037103423,RELIANCE,14850.75,0.0010718268835669953,-0.025743230593909296,False
2021-05-11,3122.60009765625,-0.0600947858661299,TCS,14850.75,0.0010718268835669953,-0.0611666127496969,False
2021-05-12,699.75,0.0237372078657194,HDFCBANK,14696.5,0.026951686878196934,-0.0032144790124775356,False
2021-05-12,594.75,0.1043543096850572,ICICIBANK,14696.5,0.026951686878196934,0.07740262280686026,True
2021-05-12,1327.0,-0.0692617920392776,INFY,14696.5,0.026951686878196934,-0.09621347891747453,False
2021-05-12,882.9183959960938,0.0010464607971993,RELIANCE,14696.5,0.026951686878196934,-0.025905226080997636,False
2021-05-12,3087.60009765625,-0.0489596490986639,TCS,14696.5,0.026951686878196934,-0.07591133597686084,False
2021-05-14,693.4249877929688,-0.0096404471991734,HDFCBANK,14677.7998046875,0.011927086366548156,-0.021567533565721556,False
2021-05-14,597.2999877929688,0.0654655972267435,ICICIBANK,14677.7998046875,0.011927086366548156,0.05353851086019534,True
2021-05-14,1316.4000244140625,-0.0577962270257018,INFY,14677.7998046875,0.011927086366548156,-0.06972331339224996,False
2021-05-14,894.0636596679688,0.0028471079676029,RELIANCE,14677.7998046875,0.011927086366548156,-0.009079978398945256,False
2021-05-14,3051.5,-0.0169295108008855,TCS,14677.7998046875,0.011927086366548156,-0.028856597167433655,False
2021-05-17,720.125,0.0070974229685611,HDFCBANK,14923.150390625,0.023433896542220944,-0.016336473573659846,False
2021-05-17,623.5999755859375,0.0841445798883009,ICICIBANK,14923.150390625,0.023433896542220944,0.06071068334607996,True
2021-05-17,1329.4000244140625,-0.023038747445113,INFY,14923.150390625,0.023433896542220944,-0.046472643987333945,False
2021-05-17,904.7012329101562,0.0082549347617453,RELIANCE,14923.150390625,0.023433896542220944,-0.015178961780475644,False
2021-05-17,3069.75,-0.0463505035601929,TCS,14923.150390625,0.023433896542220944,-0.06978440010241385,False
2021-05-18,738.3499755859375,0.0336330983352759,HDFCBANK,15108.099609375,0.03353776465764047,9.533367763542994e-05,True
2021-05-18,633.2000122070312,0.1168533355208885,ICICIBANK,15108.099609375,0.03353776465764047,0.08331557086324803,True
2021-05-18,1340.0,-0.0101569713758079,INFY,15108.099609375,0.03353776465764047,-0.04369473603344837,False
2021-05-18,917.4385986328124,0.0289063879712669,RELIANCE,15108.099609375,0.03353776465764047,-0.004631376686373569,False
2021-05-18,3088.800048828125,-0.0332847774802721,TCS,15108.099609375,0.03353776465764047,-0.06682254213791257,False
2021-05-19,729.0999755859375,0.032427022066084,HDFCBANK,15030.150390625,0.046707930052324986,-0.014280907986240987,False
2021-05-19,625.4500122070312,0.1173738494096137,ICICIBANK,15030.150390625,0.046707930052324986,0.07066591935728872,True
2021-05-19,1337.0,-0.0187516406095318,INFY,15030.150390625,0.046707930052324986,-0.06545957066185679,False
2021-05-19,921.6382446289062,0.0501393718506069,RELIANCE,15030.150390625,0.046707930052324986,0.003431441798281913,True
2021-05-19,3082.0,-0.0252388030855087,TCS,15030.150390625,0.046707930052324986,-0.07194673313783369,False
2021-05-20,716.4000244140625,0.0297542214227692,HDFCBANK,14906.0498046875,0.04264356043513473,-0.012889339012365532,False
2021-05-20,618.5999755859375,0.1064210384513859,ICICIBANK,14906.0498046875,0.04264356043513473,0.06377747801625117,True
2021-05-20,1339.300048828125,-0.0089169548788334,INFY,14906.0498046875,0.04264356043513473,-0.05156051531396813,False
2021-05-20,916.2617797851562,0.0443152664824162,RELIANCE,14906.0498046875,0.04264356043513473,0.0016717060472814724,True
2021-05-20,3060.0,-0.0268878050961962,TCS,14906.0498046875,0.04264356043513473,-0.06953136553133094,False
2021-05-21,748.6500244140625,0.0525835141146748,HDFCBANK,15175.2998046875,0.05339035017731275,-0.0008068360626379487,False
2021-05-21,642.4500122070312,0.109202345764785,ICICIBANK,15175.2998046875,0.05339035017731275,0.055811995587472255,True
2021-05-21,1354.5,0.0025164861782993,INFY,15175.2998046875,0.05339035017731275,-0.050873863999013454,False
2021-05-21,924.176513671875,0.0504353993705175,RELIANCE,15175.2998046875,0.05339035017731275,-0.0029549508067952535,False
2021-05-21,3080.5,-0.0122803797064566,TCS,15175.2998046875,0.05339035017731275,-0.06567072988376935,False
2021-05-24,754.9749755859375,0.0677438214502779,HDFCBANK,15197.7001953125,0.05971199428662555,0.008031827163652347,True
2021-05-24,647.3499755859375,0.1358013189247746,ICICIBANK,15197.7001953125,0.05971199428662555,0.07608932463814905,True
2021-05-24,1348.050048828125,0.0106837602926466,INFY,15197.7001953125,0.05971199428662555,-0.049028233993978945,False
2021-05-24,916.3771362304688,0.0426916862100017,RELIANCE,15197.7001953125,0.05971199428662555,-0.017020308076623844,False
2021-05-24,3081.5,-0.0090046631291204,TCS,15197.7001953125,0.05971199428662555,-0.06871665741574595,False
2021-05-25,739.4749755859375,0.0527832430000307,HDFCBANK,15208.4501953125,0.04994478393596835,0.002838459064062347,True
2021-05-25,650.2999877929688,0.1001522832890464,ICICIBANK,15208.4501953125,0.04994478393596835,0.050207499353078056,True
2021-05-25,1361.5999755859375,0.0134345026994386,INFY,15208.4501953125,0.04994478393596835,-0.03651028123652975,False
2021-05-25,905.993408203125,0.0130557269522046,RELIANCE,15208.4501953125,0.04994478393596835,-0.036889056983763754,False
2021-05-25,3114.0,0.0042569501302942,TCS,15208.4501953125,0.04994478393596835,-0.04568783380567415,False
2021-05-26,738.5250244140625,0.0266560776797222,HDFCBANK,15301.4501953125,0.04425020042022765,-0.01759412274050545,False
2021-05-26,652.5,0.0897703549060542,ICICIBANK,15301.4501953125,0.04425020042022765,0.04552015448582655,True
2021-05-26,1397.25,0.0361512791991101,INFY,15301.4501953125,0.04425020042022765,-0.00809892122111755,False
2021-05-26,909.177734375,-0.0093531073865267,RELIANCE,15301.4501953125,0.04425020042022765,-0.05360330780675435,False
2021-05-26,3158.5,0.0084610472541506,TCS,15301.4501953125,0.04425020042022765,-0.035789153166077045,False
2021-05-27,741.3250122070312,0.0039612509429287,HDFCBANK,15337.849609375,0.03184084354429939,-0.02787959260137069,False
2021-05-27,652.25,0.0497304669319791,ICICIBANK,15337.849609375,0.03184084354429939,0.017889623387679708,True
2021-05-27,1402.25,0.0341076696165192,INFY,15337.849609375,0.03184084354429939,0.002266826072219806,True
2021-05-27,911.9698486328124,-0.0106142817668456,RELIANCE,15337.849609375,0.03184084354429939,-0.042455125311144995,False
2021-05-27,3180.0,0.0178931214098059,TCS,15337.849609375,0.03184084354429939,-0.013947722134493492,False
2021-05-28,751.7249755859375,0.021018642561545,HDFCBANK,15435.650390625,0.03630437168551692,-0.015285729123971924,False
2021-05-28,643.0499877929688,0.0347573821894811,ICICIBANK,15435.650390625,0.03630437168551692,-0.0015469894960358221,False
2021-05-28,1405.050048828125,0.0359052413601064,INFY,15435.650390625,0.03630437168551692,-0.00039913032541052246,False
2021-05-28,966.7498779296876,0.0349546799802462,RELIANCE,15435.650390625,0.03630437168551692,-0.0013496917052707239,False
2021-05-28,3143.60009765625,0.009100424574673,TCS,15435.650390625,0.03630437168551692,-0.027203947110843923,False
2021-05-31,757.9249877929688,0.073320061727488,HDFCBANK,15582.7998046875,0.06504638890590897,0.008273672821579037,True
2021-05-31,662.75,0.1036636136552873,ICICIBANK,15582.7998046875,0.06504638890590897,0.03861722474937833,True
2021-05-31,1393.75,0.0290914646319662,INFY,15582.7998046875,0.06504638890590897,-0.03595492427394277,False
2021-05-31,996.9780883789062,0.0831285923065292,RELIANCE,15582.7998046875,0.06504638890590897,0.018082203400620236,True
2021-05-31,3159.14990234375,0.0406832157768419,TCS,15582.7998046875,0.06504638890590897,-0.02436317312906707,False
2021-06-01,755.8499755859375,0.0687546419860443,HDFCBANK,15574.849609375,0.0642810954951396,0.004473546490904687,True
2021-06-01,650.0999755859375,0.0894008807472768,ICICIBANK,15574.849609375,0.0642810954951396,0.02511978525213719,True
2021-06-01,1387.199951171875,0.0259974860947016,INFY,15574.849609375,0.0642810954951396,-0.038283609400438005,False
2021-06-01,1000.947021484375,0.1071182717373731,RELIANCE,15574.849609375,0.0642810954951396,0.04283717624223349,True
2021-06-01,3153.0,0.0381955877510702,TCS,15574.849609375,0.0642810954951396,-0.026085507744069404,False
2021-06-02,752.0,0.0833003395741436,HDFCBANK,15576.2001953125,0.07448006038095412,0.008820279193189479,True
2021-06-02,648.3499755859375,0.0960189146565373,ICICIBANK,15576.2001953125,0.07448006038095412,0.021538854275583177,True
2021-06-02,1378.6500244140625,0.0370467873443187,INFY,15576.2001953125,0.07448006038095412,-0.03743327303663541,False
2021-06-02,1015.8765258789062,0.1485182572983754,RELIANCE,15576.2001953125,0.07448006038095412,0.07403819691742128,True
2021-06-02,3129.449951171875,0.026133273603369,TCS,15576.2001953125,0.07448006038095412,-0.04834678677758512,False
2021-06-03,760.2750244140625,0.0840938794348074,HDFCBANK,15690.349609375,0.07336920468193653,0.010724674752870866,True
2021-06-03,650.25,0.0787160138817519,ICICIBANK,15690.349609375,0.07336920468193653,0.005346809199815367,True
2021-06-03,1389.6500244140625,0.0358926756720554,INFY,15690.349609375,0.07336920468193653,-0.037476529009881125,False
2021-06-03,1019.7531127929688,0.1507994125477345,RELIANCE,15690.349609375,0.07336920468193653,0.07743020786579796,True
2021-06-03,3141.25,0.0147139740758408,TCS,15690.349609375,0.07336920468193653,-0.05865523060609573,False
2021-06-04,750.4749755859375,0.0714183203756164,HDFCBANK,15670.25,0.06420801694101974,0.0072103034345966655,True
2021-06-04,642.7000122070312,0.0567247604530731,ICICIBANK,15670.25,0.06420801694101974,-0.007483256487946642,False
2021-06-04,1385.6500244140625,0.0176630796558112,INFY,15670.25,0.06420801694101974,-0.046544937285208546,False
2021-06-04,1010.9154052734376,0.1343863374249858,RELIANCE,15670.25,0.06420801694101974,0.07017832048396605,True
2021-06-04,3143.75,0.0103810279242833,TCS,15670.25,0.06420801694101974,-0.05382698901673644,False
2021-06-07,749.9249877929688,0.0601519530559728,HDFCBANK,15751.650390625,0.06263850635875867,-0.0024865533027858752,False
2021-06-07,648.2000122070312,0.067698959436502,ICICIBANK,15751.650390625,0.06263850635875867,0.005060453077743332,True
2021-06-07,1389.6500244140625,0.0274296508421862,INFY,15751.650390625,0.06263850635875867,-0.035208855516572476,False
2021-06-07,1027.9447021484375,0.1530477036942912,RELIANCE,15751.650390625,0.06263850635875867,0.09040919733553252,True
2021-06-07,3183.199951171875,0.0160554280047362,TCS,15751.650390625,0.06263850635875867,-0.04658307835402247,False
2021-06-08,741.5250244140625,0.0445117965481574,HDFCBANK,15740.099609375,0.05338852461994881,-0.008876728071791407,False
2021-06-08,642.4000244140625,0.0475336720979413,ICICIBANK,15740.099609375,0.05338852461994881,-0.005854852522007507,False
2021-06-08,1412.949951171875,0.0547944456483444,INFY,15740.099609375,0.05338852461994881,0.0014059210283955959,True
2021-06-08,1022.0375366210938,0.1497248532364066,RELIANCE,15740.099609375,0.05338852461994881,0.0963363286164578,True
2021-06-08,3200.14990234375,0.0173739953405658,TCS,15740.099609375,0.05338852461994881,-0.036014529279383006,False
2021-06-09,740.1500244140625,0.0546827667913099,HDFCBANK,15635.349609375,0.05283232223120038,0.001850444560109521,True
2021-06-09,636.0999755859375,0.0430433730439674,ICICIBANK,15635.349609375,0.05283232223120038,-0.009788949187232977,False
2021-06-09,1415.300048828125,0.0636155434268579,INFY,15635.349609375,0.05283232223120038,0.010783221195657527,True
2021-06-09,1003.7621459960938,0.1251066569245589,RELIANCE,15635.349609375,0.05283232223120038,0.07227433469335853,True
2021-06-09,3200.25,0.0248670658794996,TCS,15635.349609375,0.05283232223120038,-0.02796525635170078,False
2021-06-10,740.5250244140625,0.0582708458936227,HDFCBANK,15737.75,0.07085020242914974,-0.012579356535527046,False
2021-06-10,640.4000244140625,0.0767549800993063,ICICIBANK,15737.75,0.07085020242914974,0.005904777670156555,True
2021-06-10,1424.300048828125,0.0733233224025056,INFY,15737.75,0.07085020242914974,0.00247311997335585,True
2021-06-10,1007.4541625976562,0.1410501436670863,RELIANCE,15737.75,0.07085020242914974,0.07019994123793655,True
2021-06-10,3216.800048828125,0.0418447814112807,TCS,15737.75,0.07085020242914974,-0.029005421017869043,False
2021-06-11,743.1749877929688,0.0717453233958933,HDFCBANK,15799.349609375,0.07641130275733299,-0.004665979361439684,False
2021-06-11,635.7000122070312,0.0642893440462823,ICICIBANK,15799.349609375,0.07641130275733299,-0.012121958711050693,False
2021-06-11,1446.9000244140625,0.0991339999846068,INFY,15799.349609375,0.07641130275733299,0.02272269722727381,True
2021-06-11,1021.3683471679688,0.142388840127198,RELIANCE,15799.349609375,0.07641130275733299,0.065977537369865,True
2021-06-11,3273.800048828125,0.0728494343202112,TCS,15799.349609375,0.07641130275733299,-0.003561868437121793,False
2021-06-14,739.7249755859375,0.0272174630597985,HDFCBANK,15811.849609375,0.05955171632581657,-0.032334253266018076,False
2021-06-14,635.1500244140625,0.0185215671589347,ICICIBANK,15811.849609375,0.05955171632581657,-0.04103014916688187,False
2021-06-14,1461.800048828125,0.0995938182507694,INFY,15811.849609375,0.05955171632581657,0.04004210192495283,True
2021-06-14,1036.02099609375,0.1451526298479519,RELIANCE,15811.849609375,0.05955171632581657,0.08560091352213534,True
2021-06-14,3276.35009765625,0.0673019293611043,TCS,15811.849609375,0.05955171632581657,0.007750213035287723,True
2021-06-15,745.125,0.0091758984737366,HDFCBANK,15869.25,0.050380286753781034,-0.041204388280044434,False
2021-06-15,645.2999877929688,0.0191092472404774,ICICIBANK,15869.25,0.050380286753781034,-0.031271039513303636,False
2021-06-15,1473.9000244140625,0.099925391353778,INFY,15869.25,0.050380286753781034,0.04954510459999696,True
2021-06-15,1038.3746337890625,0.1318192142084187,RELIANCE,15869.25,0.050380286753781034,0.08143892745463766,True
2021-06-15,3262.75,0.0563163521179919,TCS,15869.25,0.050380286753781034,0.005936065364210867,True
2021-06-16,742.2999877929688,0.0181045297613995,HDFCBANK,15767.5498046875,0.04906134635368975,-0.03095681659229025,False
2021-06-16,640.0999755859375,0.0234230763338076,ICICIBANK,15767.5498046875,0.04906134635368975,-0.02563827001988215,False
2021-06-16,1480.5999755859375,0.1074046189872381,INFY,15767.5498046875,0.04906134635368975,0.058343272633548354,True
2021-06-16,1020.6530151367188,0.1074334437452522,RELIANCE,15767.5498046875,0.04906134635368975,0.05837209739156245,True
2021-06-16,3274.35009765625,0.0624108039118267,TCS,15767.5498046875,0.04906134635368975,0.013349457558136948,True
2021-06-17,733.0499877929688,0.0232411541198984,HDFCBANK,15691.400390625,0.052686700784438045,-0.029445546664539645,False
2021-06-17,633.0,0.023278410899423,ICICIBANK,15691.400390625,0.052686700784438045,-0.029408289885015045,False
2021-06-17,1495.300048828125,0.1164787533133433,INFY,15691.400390625,0.052686700784438045,0.06379205252890525,True
2021-06-17,1022.5220947265624,0.1159715676084642,RELIANCE,15691.400390625,0.052686700784438045,0.06328486682402615,True
2021-06-17,3317.75,0.0842320261437907,TCS,15691.400390625,0.052686700784438045,0.03154532535935266,True
2021-06-18,739.9000244140625,-0.0116877041536841,HDFCBANK,15683.349609375,0.03347873262645984,-0.04516643678014394,False
2021-06-18,630.4000244140625,-0.0187563040921627,ICICIBANK,15683.349609375,0.03347873262645984,-0.052235036718622535,False
2021-06-18,1503.300048828125,0.1098560714862495,INFY,15683.349609375,0.03347873262645984,0.07637733885978966,True
2021-06-18,1027.1370849609375,0.1114079072189213,RELIANCE,15683.349609375,0.03347873262645984,0.07792917459246146,True
2021-06-18,3297.300048828125,0.0703782012102336,TCS,15683.349609375,0.03347873262645984,0.036899468583773756,True
2021-06-21,744.3499755859375,-0.0140733141409805,HDFCBANK,15746.5,0.036110713965575414,-0.050184028106555915,False
2021-06-21,631.25,-0.0248705896240513,ICICIBANK,15746.5,0.036110713965575414,-0.06098130358962671,False
2021-06-21,1500.300048828125,0.1129409105636343,INFY,15746.5,0.036110713965575414,0.07683019659805888,True
2021-06-21,1032.490478515625,0.1267091219263612,RELIANCE,15746.5,0.036110713965575414,0.09059840796078578,True
2021-06-21,3273.10009765625,0.0621775426435988,TCS,15746.5,0.036110713965575414,0.026066828678023388,True
2021-06-22,741.9000244140625,0.0032794197345265,HDFCBANK,15772.75,0.03710435957908631,-0.03382493984455981,False
2021-06-22,630.8499755859375,-0.0299092919762185,ICICIBANK,15772.75,0.03710435957908631,-0.06701365155530481,False
2021-06-22,1511.8499755859375,0.1103481218375779,INFY,15772.75,0.03710435957908631,0.0732437622584916,True
2021-06-22,1027.1832275390625,0.1337645707337933,RELIANCE,15772.75,0.03710435957908631,0.096660211154707,True
2021-06-22,3301.199951171875,0.0601155912562219,TCS,15772.75,0.03710435957908631,0.02301123167713559,True
2021-06-23,742.75,0.0057208292830559,HDFCBANK,15686.9501953125,0.025193690472429475,-0.019472861189373573,False
2021-06-23,624.7000122070312,-0.0426053452765804,ICICIBANK,15686.9501953125,0.025193690472429475,-0.06779903574900988,False
2021-06-23,1503.1500244140625,0.0757917512356862,INFY,15686.9501953125,0.025193690472429475,0.05059806076325672,True
2021-06-23,1017.7686767578124,0.1194386292988813,RELIANCE,15686.9501953125,0.025193690472429475,0.09424493882645182,True
2021-06-23,3261.39990234375,0.0325787248199302,TCS,15686.9501953125,0.025193690472429475,0.007385034347500721,True
2021-06-24,753.125,0.0159174283865568,HDFCBANK,15790.4501953125,0.029508738021583936,-0.013591309635027134,False
2021-06-24,634.0499877929688,-0.0279034299839497,ICICIBANK,15790.4501953125,0.029508738021583936,-0.057412168005533636,False
2021-06-24,1559.199951171875,0.1119272249398288,INFY,15790.4501953125,0.029508738021583936,0.08241848691824487,True
2021-06-24,993.8399047851562,0.0897727663640197,RELIANCE,15790.4501953125,0.029508738021583936,0.06026402834243576,True
2021-06-24,3373.60009765625,0.0608805338541666,TCS,15790.4501953125,0.029508738021583936,0.03137179583258266,True
2021-06-25,757.5499877929688,0.0077488608150753,HDFCBANK,15860.349609375,0.027514177116109373,-0.01976531630103407,False
2021-06-25,649.0,0.0092527988803055,ICICIBANK,15860.349609375,0.027514177116109373,-0.01826137823580387,False
2021-06-25,1574.199951171875,0.1203871011462036,INFY,15860.349609375,0.027514177116109373,0.09287292403009423,True
2021-06-25,971.2033081054688,0.0046066001945801,RELIANCE,15860.349609375,0.027514177116109373,-0.022907576921529272,False
2021-06-25,3380.800048828125,0.0754548746033958,TCS,15860.349609375,0.027514177116109373,0.047940697487286424,True
2021-06-28,754.1749877929688,-0.0049477191811814,HDFCBANK,15814.7001953125,0.014881818000077374,-0.019829537181258773,False
2021-06-28,650.2999877929688,-0.0187853824323368,ICICIBANK,15814.7001953125,0.014881818000077374,-0.033667200432414175,False
2021-06-28,1571.800048828125,0.127748913957399,INFY,15814.7001953125,0.014881818000077374,0.11286709595732164,True
2021-06-28,962.6886596679688,-0.0343933624125003,RELIANCE,15814.7001953125,0.014881818000077374,-0.049275180412577675,False
2021-06-28,3336.75,0.0562176861327441,TCS,15814.7001953125,0.014881818000077374,0.04133586813266673,True
2021-06-29,751.0250244140625,-0.0063834773139136,HDFCBANK,15748.4501953125,0.0111462126628179,-0.017529689976731502,False
2021-06-29,640.0999755859375,-0.0153822494624568,ICICIBANK,15748.4501953125,0.0111462126628179,-0.0265284621252747,False
2021-06-29,1563.050048828125,0.1267662224956798,INFY,15748.4501953125,0.0111462126628179,0.11562000983286189,True
2021-06-29,963.5193481445312,-0.0373922620643194,RELIANCE,15748.4501953125,0.0111462126628179,-0.0485384747271373,False
2021-06-29,3340.85009765625,0.0595782104840627,TCS,15748.4501953125,0.0111462126628179,0.0484319978212448,True
2021-06-30,748.9500122070312,-0.0040558348310754,HDFCBANK,15721.5,0.009328321597408928,-0.013384156428484329,False
2021-06-30,630.9000244140625,-0.0269144009084058,ICICIBANK,15721.5,0.009328321597408928,-0.03624272250581473,False
2021-06-30,1580.800048828125,0.1466289637212154,INFY,15721.5,0.009328321597408928,0.13730064212380647,True
2021-06-30,974.0646362304688,-0.0411584366636123,RELIANCE,15721.5,0.009328321597408928,-0.050486758261021225,False
2021-06-30,3345.75,0.0691175932521712,TCS,15721.5,0.009328321597408928,0.05978927165476228,True
2021-07-01,743.375,-0.0222288301882429,HDFCBANK,15680.0,-0.0006596162375385184,-0.02156921395070438,False
2021-07-01,630.8499755859375,-0.0298347165152825,ICICIBANK,15680.0,-0.0006596162375385184,-0.029175100277743983,False
2021-07-01,1560.4000244140625,0.1228726636204649,INFY,15680.0,-0.0006596162375385184,0.12353227985800341,True
2021-07-01,968.20361328125,-0.0505509606835438,RELIANCE,15680.0,-0.0006596162375385184,-0.04989134444600528,False
2021-07-01,3341.5,0.0637485077596498,TCS,15680.0,-0.0006596162375385184,0.06440812399718832,True
2021-07-02,740.2000122070312,-0.0136912804732549,HDFCBANK,15722.2001953125,0.003315211647070049,-0.01700649212032495,False
2021-07-02,640.25,-0.0038120618647849,ICICIBANK,15722.2001953125,0.003315211647070049,-0.007127273511854949,False
2021-07-02,1567.800048828125,0.1314545673183866,INFY,15722.2001953125,0.003315211647070049,0.12813935567131654,True
2021-07-02,982.5562133789062,-0.0280529822244232,RELIANCE,15722.2001953125,0.003315211647070049,-0.03136819387149325,False
2021-07-02,3325.449951171875,0.0577972011679921,TCS,15722.2001953125,0.003315211647070049,0.05448198952092205,True
2021-07-05,747.7249755859375,-0.0029336430214252,HDFCBANK,15834.349609375,0.005250193897092803,-0.008183836918518003,False
2021-07-05,647.8499755859375,-0.0005400132898824,ICICIBANK,15834.349609375,0.005250193897092803,-0.005790207186975203,False
2021-07-05,1578.949951171875,0.1362212956011206,INFY,15834.349609375,0.005250193897092803,0.1309711017040278,True
2021-07-05,992.3169555664062,-0.0346592054101433,RELIANCE,15834.349609375,0.005250193897092803,-0.0399093993072361,False
2021-07-05,3321.0,0.0432897873026778,TCS,15834.349609375,0.005250193897092803,0.038039593405585,True
2021-07-06,767.3499755859375,0.0348268100490356,HDFCBANK,15818.25,0.00496505057556651,0.029861759473469092,True
2021-07-06,650.2999877929688,0.0122975763989297,ICICIBANK,15818.25,0.00496505057556651,0.00733252582336319,True
2021-07-06,1562.199951171875,0.105630068408449,INFY,15818.25,0.00496505057556651,0.1006650178328825,True
2021-07-06,980.5948486328124,-0.0405490860201601,RELIANCE,15818.25,0.00496505057556651,-0.04551413659572661,False
2021-07-06,3262.300048828125,0.0194210110091583,TCS,15818.25,0.00496505057556651,0.014455960433591791,True
2021-07-07,769.75,0.0399918592306609,HDFCBANK,15879.650390625,0.015624900456560065,0.024366958774100833,True
2021-07-07,654.0,0.0281402689845633,ICICIBANK,15879.650390625,0.015624900456560065,0.012515368528003234,True
2021-07-07,1564.5999755859375,0.1054899467299768,INFY,15879.650390625,0.015624900456560065,0.08986504627341674,True
2021-07-07,973.7877197265624,-0.0298620807619577,RELIANCE,15879.650390625,0.015624900456560065,-0.04548698121851777,False
2021-07-07,3274.949951171875,0.0233419111544019,TCS,15879.650390625,0.015624900456560065,0.007717010697841836,True
2021-07-08,760.2249755859375,0.0266026812361439,HDFCBANK,15727.900390625,-0.0006258588028784651,0.027228540039022364,True
2021-07-08,641.9000244140625,0.0023422859819102,ICICIBANK,15727.900390625,-0.0006258588028784651,0.002968144784788665,True
2021-07-08,1560.75,0.0958014087580367,INFY,15727.900390625,-0.0006258588028784651,0.09642726756091516,True
2021-07-08,965.7345581054688,-0.0414109207555569,RELIANCE,15727.900390625,-0.0006258588028784651,-0.040785061952678434,False
2021-07-08,3258.5,0.0129631778596452,TCS,15727.900390625,-0.0006258588028784651,0.013589036662523665,True
2021-07-09,751.0,0.0105291651839218,HDFCBANK,15689.7998046875,-0.0069338173656525726,0.017462982549574374,True
2021-07-09,638.5499877929688,0.00448320832344,ICICIBANK,15689.7998046875,-0.0069338173656525726,0.011417025689092572,True
2021-07-09,1562.9000244140625,0.080171399573357,INFY,15689.7998046875,-0.0069338173656525726,0.08710521693900958,True
2021-07-09,955.8584594726562,-0.0641393360945217,RELIANCE,15689.7998046875,-0.0069338173656525726,-0.05720551872886913,False
2021-07-09,3208.14990234375,-0.0200531936908837,TCS,15689.7998046875,-0.0069338173656525726,-0.013119376325231129,False
2021-07-12,743.5,0.0051032810012563,HDFCBANK,15692.599609375,-0.007541812181751095,0.012645093183007395,True
2021-07-12,646.25,0.0174761476175293,ICICIBANK,15692.599609375,-0.007541812181751095,0.025017959799280395,True
2021-07-12,1547.8499755859375,0.058865729842324,INFY,15692.599609375,-0.007541812181751095,0.06640754202407509,True
2021-07-12,961.8118286132812,-0.0716290188714993,RELIANCE,15692.599609375,-0.007541812181751095,-0.06408720668974821,False
2021-07-12,3193.10009765625,-0.0254093724780978,TCS,15692.599609375,-0.007541812181751095,-0.017867560296346705,False
2021-07-13,750.9249877929688,0.0077839124884666,HDFCBANK,15812.349609375,-0.0035855752871118973,0.011369487775578498,True
2021-07-13,664.9500122070312,0.0304509914547941,ICICIBANK,15812.349609375,-0.0035855752871118973,0.034036566741906,True
2021-07-13,1544.949951171875,0.0482053908548225,INFY,15812.349609375,-0.0035855752871118973,0.051790966141934396,True
2021-07-13,969.01123046875,-0.0667999786042569,RELIANCE,15812.349609375,-0.0035855752871118973,-0.06321440331714501,False
2021-07-13,3187.550048828125,-0.0230480273302812,TCS,15812.349609375,-0.0035855752871118973,-0.019462452043169303,False
2021-07-14,749.5750122070312,0.0098006527464629,HDFCBANK,15853.9501953125,0.005479633278171914,0.0043210194682909864,True
2021-07-14,664.3499755859375,0.0378847069597243,ICICIBANK,15853.9501953125,0.005479633278171914,0.032405073681552383,True
2021-07-14,1576.9000244140625,0.0650412335648018,INFY,15853.9501953125,0.005479633278171914,0.05956160028662989,True
2021-07-14,962.6886596679688,-0.0567914409785832,RELIANCE,15853.9501953125,0.005479633278171914,-0.06227107425675511,False
2021-07-14,3214.550048828125,-0.0182631811030009,TCS,15853.9501953125,0.005479633278171914,-0.023742814381172813,False
2021-07-15,760.3499755859375,0.0372416455188304,HDFCBANK,15924.2001953125,0.014836139470801424,0.022405506048028975,True
2021-07-15,667.4500122070312,0.0544234000111079,ICICIBANK,15924.2001953125,0.014836139470801424,0.03958726054030648,True
2021-07-15,1580.800048828125,0.0571791595051487,INFY,15924.2001953125,0.014836139470801424,0.04234302003434728,True
2021-07-15,961.0042114257812,-0.0601628890153537,RELIANCE,15924.2001953125,0.014836139470801424,-0.07499902848615513,False
2021-07-15,3202.949951171875,-0.0346017779604024,TCS,15924.2001953125,0.014836139470801424,-0.04943791743120382,False
2021-07-16,761.1749877929688,0.0287538352167973,HDFCBANK,15923.400390625,0.015306091315244741,0.01344774390155256,True
2021-07-16,660.2999877929688,0.0474301431169792,ICICIBANK,15923.400390625,0.015306091315244741,0.03212405180173446,True
2021-07-16,1555.449951171875,0.0346902818132699,INFY,15923.400390625,0.015306091315244741,0.01938419049802516,True
2021-07-16,974.8722534179688,-0.0508839884259036,RELIANCE,15923.400390625,0.015306091315244741,-0.06619007974114835,False
2021-07-16,3194.800048828125,-0.0310860396330715,TCS,15923.400390625,0.015306091315244741,-0.04639213094831624,False
2021-07-19,735.5,-0.011889535670329,HDFCBANK,15752.400390625,0.00037471124535604083,-0.012264246915685041,False
2021-07-19,655.9000244140625,0.0390495436262376,ICICIBANK,15752.400390625,0.00037471124535604083,0.03867483238088156,True
2021-07-19,1541.699951171875,0.0275944151145546,INFY,15752.400390625,0.00037471124535604083,0.027219703869198558,True
2021-07-19,968.6651000976562,-0.0618169171978498,RELIANCE,15752.400390625,0.00037471124535604083,-0.06219162844320584,False
2021-07-19,3184.60009765625,-0.0270385864652815,TCS,15752.400390625,0.00037471124535604083,-0.02741329771063754,False
2021-07-20,721.5750122070312,-0.0273958910071252,HDFCBANK,15632.099609375,-0.00891730298299287,-0.01847858802413233,False
2021-07-20,641.9000244140625,0.0175161278525242,ICICIBANK,15632.099609375,-0.00891730298299287,0.02643343083551707,True
2021-07-20,1550.050048828125,0.0252671057704536,INFY,15632.099609375,-0.00891730298299287,0.03418440875344647,True
2021-07-20,966.288330078125,-0.0592833837511446,RELIANCE,15632.099609375,-0.00891730298299287,-0.05036608076815173,False
2021-07-20,3205.800048828125,-0.02889855317909,TCS,15632.099609375,-0.00891730298299287,-0.01998125019609713,False
2021-07-22,724.3499755859375,-0.0247728366395995,HDFCBANK,15824.0498046875,0.008739723634487495,-0.033512560274087,False
2021-07-22,655.9500122070312,0.0500240105480316,ICICIBANK,15824.0498046875,0.008739723634487495,0.041284286913544105,True
2021-07-22,1590.199951171875,0.0579116690576146,INFY,15824.0498046875,0.008739723634487495,0.049171945423127104,True
2021-07-22,978.7026977539062,-0.0383839470559794,RELIANCE,15824.0498046875,0.008739723634487495,-0.0471236706904669,False
2021-07-22,3216.35009765625,-0.0138130269321237,TCS,15824.0498046875,0.008739723634487495,-0.022552750566611195,False
2021-07-23,721.375,-0.0421576763485477,HDFCBANK,15856.0498046875,0.004154384996222227,-0.04631206134476993,False
2021-07-23,676.6500244140625,0.0671871894034379,ICICIBANK,15856.0498046875,0.004154384996222227,0.06303280440721568,True
2021-07-23,1590.449951171875,0.0200423300273404,INFY,15856.0498046875,0.004154384996222227,0.015887945031118175,True
2021-07-23,971.7802124023438,-0.0221964244709828,RELIANCE,15856.0498046875,0.004154384996222227,-0.026350809467205027,False
2021-07-23,3212.85009765625,-0.0476493939254027,TCS,15856.0498046875,0.004154384996222227,-0.051803778921624924,False
2021-07-26,717.2750244140625,-0.053164760118659,HDFCBANK,15824.4501953125,-0.002263469276949648,-0.05090129084170935,False
2021-07-26,676.75,0.0427580893682588,ICICIBANK,15824.4501953125,-0.002263469276949648,0.045021558645208445,True
2021-07-26,1603.9000244140625,0.0188667730678546,INFY,15824.4501953125,-0.002263469276949648,0.021130242344804248,True
2021-07-26,958.4659423828124,-0.0131150353549589,RELIANCE,15824.4501953125,-0.002263469276949648,-0.010851566078009252,False
2021-07-26,3197.550048828125,-0.0542031464012546,TCS,15824.4501953125,-0.002263469276949648,-0.05193967712430495,False
2021-07-27,719.875,-0.045480144990415,HDFCBANK,15746.4501953125,-0.004315605048284765,-0.041164539942130235,False
2021-07-27,677.4500122070312,0.0417499998826789,ICICIBANK,15746.4501953125,-0.004315605048284765,0.04606560493096366,True
2021-07-27,1602.550048828125,0.0195635570967986,INFY,15746.4501953125,-0.004315605048284765,0.023879162145083364,True
2021-07-27,948.3821411132812,-0.0148610024757348,RELIANCE,15746.4501953125,-0.004315605048284765,-0.010545397427450035,False
2021-07-27,3182.949951171875,-0.0460927695596389,TCS,15746.4501953125,-0.004315605048284765,-0.04177716451135414,False
2021-07-28,708.6500244140625,-0.0564228868845751,HDFCBANK,15709.400390625,-0.0024795966716218976,-0.0539432902129532,False
2021-07-28,685.0499877929688,0.0702234243422439,ICICIBANK,15709.400390625,-0.0024795966716218976,0.0727030210138658,True
2021-07-28,1605.5999755859375,0.0272223700000608,INFY,15709.400390625,-0.0024795966716218976,0.0297019666716827,True
2021-07-28,940.2366943359376,-0.0241641788028745,RELIANCE,15709.400390625,-0.0024795966716218976,-0.021684582131252603,False
2021-07-28,3197.800048828125,-0.0428184577717152,TCS,15709.400390625,-0.0024795966716218976,-0.040338861100093305,False
2021-07-29,709.125,-0.0531744596540876,HDFCBANK,15778.4501953125,0.0036224403086537738,-0.05679689996274137,False
2021-07-29,687.5,0.0897130660892013,ICICIBANK,15778.4501953125,0.0036224403086537738,0.08609062578054752,True
2021-07-29,1617.0,0.0228997659752798,INFY,15778.4501953125,0.0036224403086537738,0.019277325666626027,True
2021-07-29,947.5745239257812,-0.0271954358256979,RELIANCE,15778.4501953125,0.0036224403086537738,-0.030817876134351673,False
2021-07-29,3195.800048828125,-0.0448180381594186,TCS,15778.4501953125,0.0036224403086537738,-0.048440478468072375,False
2021-07-30,713.2249755859375,-0.0405582975134521,HDFCBANK,15763.0498046875,0.0052965436662946175,-0.04585484117974672,False
2021-07-30,682.5,0.0818737043876234,ICICIBANK,15763.0498046875,0.0052965436662946175,0.07657716072132878,True
2021-07-30,1610.5,0.0321071358639271,INFY,15763.0498046875,0.0052965436662946175,0.02681059219763248,True
2021-07-30,939.2906494140624,-0.0298624829225758,RELIANCE,15763.0498046875,0.0052965436662946175,-0.03515902658887042,False
2021-07-30,3167.449951171875,-0.0520874005171704,TCS,15763.0498046875,0.0052965436662946175,-0.05738394418346502,False
2021-08-02,711.3250122070312,-0.0390097264574534,HDFCBANK,15885.150390625,0.010364337897254439,-0.04937406435470784,False
2021-08-02,681.4000244140625,0.064271806972374,ICICIBANK,15885.150390625,0.010364337897254439,0.05390746907511956,True
2021-08-02,1631.550048828125,0.0406620729777695,INFY,15885.150390625,0.010364337897254439,0.03029773508051506,True
2021-08-02,956.4584350585938,-0.0265611045606897,RELIANCE,15885.150390625,0.010364337897254439,-0.036925442457944144,False
2021-08-02,3219.39990234375,-0.0318904359967148,TCS,15885.150390625,0.010364337897254439,-0.04225477389396924,False
2021-08-03,717.3499755859375,-0.0406232251051896,HDFCBANK,16130.75,0.01871882318737672,-0.05934204829256632,False
2021-08-03,690.4000244140625,0.0656788615136418,ICICIBANK,16130.75,0.01871882318737672,0.04696003832626508,True
2021-08-03,1655.199951171875,0.0482915876740794,INFY,16130.75,0.01871882318737672,0.02957276448670268,True
2021-08-03,963.4962768554688,-0.0290438236989378,RELIANCE,16130.75,0.01871882318737672,-0.04776264688631452,False
2021-08-03,3284.89990234375,-0.0108702492189852,TCS,16130.75,0.01871882318737672,-0.02958907240636192,False
2021-08-04,732.6500244140625,-0.0452205020862593,HDFCBANK,16258.7998046875,0.02785072967537494,-0.07307123176163424,False
2021-08-04,714.6500244140625,0.0989543869430003,ICICIBANK,16258.7998046875,0.02785072967537494,0.07110365726762535,True
2021-08-04,1649.25,0.0557227317558324,INFY,16258.7998046875,0.02785072967537494,0.02787200208045746,True
2021-08-04,970.8803100585938,-0.0099067811622334,RELIANCE,16258.7998046875,0.02785072967537494,-0.03775751083760834,False
2021-08-04,3273.949951171875,0.0035710701558353,TCS,16258.7998046875,0.02785072967537494,-0.024279659519539643,False
2021-08-05,742.4249877929688,-0.0354985543449577,HDFCBANK,16294.599609375,0.02613087873741704,-0.06162943308237474,False
2021-08-05,702.4500122070312,0.0740825874725248,ICICIBANK,16294.599609375,0.02613087873741704,0.04795170873510776,True
2021-08-05,1653.550048828125,0.0568516391602753,INFY,16294.599609375,0.02613087873741704,0.030720760422858262,True
2021-08-05,984.9560546875,0.011468962623675,RELIANCE,16294.599609375,0.02613087873741704,-0.01466191611374204,False
2021-08-05,3283.949951171875,0.0027481336002646,TCS,16294.599609375,0.02613087873741704,-0.02338274513715244,False
2021-08-06,746.3250122070312,-0.0182840130557312,HDFCBANK,16238.2001953125,0.03244551351505742,-0.05072952657078862,False
2021-08-06,697.6500244140625,0.0868515312036162,ICICIBANK,16238.2001953125,0.03244551351505742,0.05440601768855878,True
2021-08-06,1650.199951171875,0.0573121583673714,INFY,16238.2001953125,0.03244551351505742,0.024866644852313977,True
2021-08-06,964.0962524414062,-0.0016964347504312,RELIANCE,16238.2001953125,0.03244551351505742,-0.03414194826548862,False
2021-08-06,3309.800048828125,0.0157434552180835,TCS,16238.2001953125,0.03244551351505742,-0.016702058296973923,False
2021-08-09,751.9500122070312,0.0012649962810002,HDFCBANK,16258.25,0.03623055758446769,-0.03496556130346749,False
2021-08-09,702.8499755859375,0.1006968742027698,ICICIBANK,16258.25,0.03623055758446769,0.06446631661830211,True
2021-08-09,1663.300048828125,0.064239569291518,INFY,16258.25,0.03623055758446769,0.028009011707050308,True
2021-08-09,958.6043701171876,0.0028727167891009,RELIANCE,16258.25,0.03623055758446769,-0.03335784079536679,False
2021-08-09,3322.699951171875,0.035705952750038,TCS,16258.25,0.03623055758446769,-0.00052460483442969,False
2021-08-10,753.8250122070312,0.0138870372656776,HDFCBANK,16280.099609375,0.03743802904708149,-0.02355099178140389,False
2021-08-10,700.9000244140625,0.0845648346832688,ICICIBANK,16280.099609375,0.03743802904708149,0.047126805636187305,True
2021-08-10,1677.25,0.0835998491165646,INFY,16280.099609375,0.03743802904708149,0.046161820069483106,True
2021-08-10,963.6347045898438,0.0018952521920951,RELIANCE,16280.099609375,0.03743802904708149,-0.03554277685498639,False
2021-08-10,3333.89990234375,0.0440950175006564,TCS,16280.099609375,0.03743802904708149,0.006656988453574909,True
2021-08-11,747.4749755859375,-0.0045943499858369,HDFCBANK,16282.25,0.02971730338838441,-0.03431165337422131,False
2021-08-11,693.5499877929688,0.0430107151829526,ICICIBANK,16282.25,0.02971730338838441,0.013293411794568194,True
2021-08-11,1677.550048828125,0.0858280862468523,INFY,16282.25,0.02971730338838441,0.05611078285846789,True
2021-08-11,977.1336059570312,0.008382127299342,RELIANCE,16282.25,0.02971730338838441,-0.02133517608904241,False
2021-08-11,3344.199951171875,0.0491442957582237,TCS,16282.25,0.02971730338838441,0.019426992369839288,True
2021-08-12,750.7000122070312,0.001500850457498,HDFCBANK,16364.400390625,0.03219703537755669,-0.030696184920058694,False
2021-08-12,701.3499755859375,0.0556935370809144,ICICIBANK,16364.400390625,0.03219703537755669,0.02349650170335771,True
2021-08-12,1689.5999755859375,0.0714693065045461,INFY,16364.400390625,0.03219703537755669,0.0392722711269894,True
2021-08-12,973.9954223632812,0.0117449837824121,RELIANCE,16364.400390625,0.03219703537755669,-0.020452051595144592,False
2021-08-12,3351.75,0.0426809192850774,TCS,16364.400390625,0.03219703537755669,0.010483883907520704,True
2021-08-13,763.0999755859375,0.0036167555577033,HDFCBANK,16529.099609375,0.037986172406985874,-0.034369416849282575,False
2021-08-13,704.7999877929688,0.0559592102821808,ICICIBANK,16529.099609375,0.037986172406985874,0.017973037875194928,True
2021-08-13,1712.199951171875,0.083122405291649,INFY,16529.099609375,0.037986172406985874,0.04513623288466313,True
2021-08-13,990.2171020507812,0.0303982961548718,RELIANCE,16529.099609375,0.037986172406985874,-0.007587876252114073,False
2021-08-13,3463.39990234375,0.0813156481188797,TCS,16529.099609375,0.037986172406985874,0.04332947571189383,True
2021-08-16,765.2999877929688,0.0054192532152961,HDFCBANK,16563.05078125,0.040170464532286676,-0.03475121131699058,False
2021-08-16,702.6500244140625,0.064137569898566,ICICIBANK,16563.05078125,0.040170464532286676,0.02396710536627933,True
2021-08-16,1704.4000244140625,0.0957601195268087,INFY,16563.05078125,0.040170464532286676,0.05558965499452202,True
2021-08-16,1003.0698852539062,0.0289244377784625,RELIANCE,16563.05078125,0.040170464532286676,-0.011246026753824176,False
2021-08-16,3472.949951171875,0.0870633210506484,TCS,16563.05078125,0.040170464532286676,0.046892856518361725,True
2021-08-17,757.3250122070312,0.0296737079633326,HDFCBANK,16614.599609375,0.054734465692170664,-0.025060757728838066,False
2021-08-17,701.2000122070312,0.0690653851300535,ICICIBANK,16614.599609375,0.054734465692170664,0.014330919437882839,True
2021-08-17,1741.6500244140625,0.1296945447070954,INFY,16614.599609375,0.054734465692170664,0.07496007901492474,True
2021-08-17,998.801025390625,0.0311107784206643,RELIANCE,16614.599609375,0.054734465692170664,-0.023623687271506363,False
2021-08-17,3553.050048828125,0.1156973999476544,TCS,16614.599609375,0.054734465692170664,0.06096293425548374,True
2021-08-18,756.5,0.0484010493741269,HDFCBANK,16568.849609375,0.05992477168186716,-0.011523722307740264,False
2021-08-18,688.2999877929688,0.0722853429103089,ICICIBANK,16568.849609375,0.05992477168186716,0.012360571228441739,True
2021-08-18,1733.449951171875,0.1183186971816843,INFY,16568.849609375,0.05992477168186716,0.05839392549981713,True
2021-08-18,1002.6776123046876,0.0376588240733699,RELIANCE,16568.849609375,0.05992477168186716,-0.02226594760849726,False
2021-08-18,3560.550048828125,0.1106588042288159,TCS,16568.849609375,0.05992477168186716,0.050734032546948735,True
2021-08-20,757.375,0.0455926355037812,HDFCBANK,16450.5,0.039588487336972955,0.006004148166808242,True
2021-08-20,680.7000122070312,0.0377315337135604,ICICIBANK,16450.5,0.039588487336972955,-0.0018569536234125522,False
2021-08-20,1732.949951171875,0.0897685853246332,INFY,16450.5,0.039588487336972955,0.05018009798766024,True
2021-08-20,991.4170532226562,0.0129910293472461,RELIANCE,16450.5,0.039588487336972955,-0.026597457989726854,False
2021-08-20,3559.5,0.1066892259626222,TCS,16450.5,0.039588487336972955,0.06710073862564925,True
2021-08-23,762.2999877929688,0.0567319186178738,HDFCBANK,16496.44921875,0.04038833265225872,0.01634358596561508,True
2021-08-23,682.7000122070312,0.0089410885608223,ICICIBANK,16496.44921875,0.04038833265225872,-0.03144724409143642,False
2021-08-23,1738.75,0.0932440839894739,INFY,16496.44921875,0.04038833265225872,0.05285575133721518,True
2021-08-23,997.9241943359376,0.0269031840738587,RELIANCE,16496.44921875,0.04038833265225872,-0.013485148578400018,False
2021-08-23,3637.39990234375,0.1321411805042525,TCS,16496.44921875,0.04038833265225872,0.09175284785199378,True
2021-08-24,779.4249877929688,0.086647326706623,HDFCBANK,16624.599609375,0.05056412097650753,0.036083205730115475,True
2021-08-24,694.4500122070312,0.0261544325187015,ICICIBANK,16624.599609375,0.05056412097650753,-0.02440968845780603,False
2021-08-24,1720.8499755859375,0.0729159856547787,INFY,16624.599609375,0.05056412097650753,0.022351864678271174,True
2021-08-24,1007.7772216796876,0.0514481288446035,RELIANCE,16624.599609375,0.05056412097650753,0.0008840078680959693,True
2021-08-24,3613.199951171875,0.1299901161816317,TCS,16624.599609375,0.05056412097650753,0.07942599520512417,True
2021-08-25,778.7000122070312,0.0817155925779216,HDFCBANK,16634.650390625,0.05640637631311374,0.025309216264807866,True
2021-08-25,691.0499877929688,0.0200752459087436,ICICIBANK,16634.650390625,0.05640637631311374,-0.03633113040437014,False
2021-08-25,1735.550048828125,0.0829927278073199,INFY,16634.650390625,0.05640637631311374,0.026586351494206156,True
2021-08-25,1016.49951171875,0.0718248137037962,RELIANCE,16634.650390625,0.05640637631311374,0.015418437390682466,True
2021-08-25,3659.0,0.1495625303982102,TCS,16634.650390625,0.05640637631311374,0.09315615408509645,True
2021-08-26,777.4000244140625,0.0970154485732854,HDFCBANK,16636.900390625,0.05904108221428417,0.03797436635900123,True
2021-08-26,698.7999877929688,0.0200715279833789,ICICIBANK,16636.900390625,0.05904108221428417,-0.03896955423090527,False
2021-08-26,1727.699951171875,0.0760463237683963,INFY,16636.900390625,0.05904108221428417,0.017005241554112135,True
2021-08-26,1029.352294921875,0.0947799645799585,RELIANCE,16636.900390625,0.05904108221428417,0.03573888236567434,True
2021-08-26,3671.85009765625,0.14824255475318,TCS,16636.900390625,0.05904108221428417,0.08920147253889582,True
2021-08-27,774.2249755859375,0.0918032442600915,HDFCBANK,16705.19921875,0.058735110987821804,0.03306813327226969,True
2021-08-27,699.75,0.0178181818181817,ICICIBANK,16705.19921875,0.058735110987821804,-0.040916929169640105,False
2021-08-27,1708.800048828125,0.0567718298256803,INFY,16705.19921875,0.058735110987821804,-0.001963281162141506,False
2021-08-27,1027.9447021484375,0.0848167359857716,RELIANCE,16705.19921875,0.058735110987821804,0.02608162499794979,True
2021-08-27,3720.14990234375,0.1640746747306358,TCS,16705.19921875,0.058735110987821804,0.105339563742814,True
2021-08-30,784.125,0.0994076579494651,HDFCBANK,16931.05078125,0.07409739809457228,0.025310259854892825,True
2021-08-30,713.6500244140625,0.0456410614125457,ICICIBANK,16931.05078125,0.07409739809457228,-0.028456336682026573,False
2021-08-30,1698.050048828125,0.054362029697687,INFY,16931.05078125,0.07409739809457228,-0.019735368396885278,False
2021-08-30,1047.719970703125,0.1154374541646952,RELIANCE,16931.05078125,0.07409739809457228,0.04134005607012292,True
2021-08-30,3701.300048828125,0.1685425518590244,TCS,16931.05078125,0.07409739809457228,0.09444515376445212,True
2021-08-31,790.7000122070312,0.111587528398197,HDFCBANK,17132.19921875,0.07850406180988845,0.03308346658830855,True
2021-08-31,719.0499877929688,0.0552538333283469,ICICIBANK,17132.19921875,0.07850406180988845,-0.023250228481541547,False
2021-08-31,1706.449951171875,0.0459072048678785,INFY,17132.19921875,0.07850406180988845,-0.03259685694200995,False
2021-08-31,1042.1358642578125,0.0895777861940965,RELIANCE,17132.19921875,0.07850406180988845,0.011073724384208047,True
2021-08-31,3786.449951171875,0.176135325224837,TCS,17132.19921875,0.07850406180988845,0.09763126341494854,True
2021-09-01,789.5499877929688,0.1006482395821617,HDFCBANK,17076.25,0.058614757528323125,0.04203348205383857,True
2021-09-01,719.9000244140625,0.0427288513279477,ICICIBANK,17076.25,0.058614757528323125,-0.015885906200375423,False
2021-09-01,1677.75,0.013623761172878,INFY,17076.25,0.058614757528323125,-0.04499099635544512,False
2021-09-01,1046.2662353515625,0.0859058415526288,RELIANCE,17076.25,0.058614757528323125,0.027291084024305676,True
2021-09-01,3714.949951171875,0.1309172460692904,TCS,17076.25,0.058614757528323125,0.07230248854096727,True
2021-09-02,794.5,0.0844195366476676,HDFCBANK,17234.150390625,0.05998908884137322,0.024430447806294386,True
2021-09-02,725.1500244140625,0.0146925063195917,ICICIBANK,17234.150390625,0.05998908884137322,-0.045296582521781516,False
2021-09-02,1689.0999755859375,0.024162483302069,INFY,17234.150390625,0.05998908884137322,-0.03582660553930422,False
2021-09-02,1058.865234375,0.0906238631115057,RELIANCE,17234.150390625,0.05998908884137322,0.03063477427013249,True
2021-09-02,3836.75,0.1719024594822156,TCS,17234.150390625,0.05998908884137322,0.11191337064084239,True
2021-09-03,788.0250244140625,0.0614203958256449,HDFCBANK,17323.599609375,0.06314975664747058,-0.0017293608218256762,False
2021-09-03,724.2999877929688,0.0311053814595105,ICICIBANK,17323.599609375,0.06314975664747058,-0.03204437518796008,False
2021-09-03,1700.6500244140625,0.0284841548154635,INFY,17323.599609375,0.06314975664747058,-0.03466560183200708,False
2021-09-03,1102.2923583984375,0.1191284658361384,RELIANCE,17323.599609375,0.06314975664747058,0.05597870918866782,True
2021-09-03,3842.050048828125,0.1699478085703141,TCS,17323.599609375,0.06314975664747058,0.10679805192284353,True
2021-09-06,782.8499755859375,0.0489397551756904,HDFCBANK,17377.80078125,0.07018022762562492,-0.021240472449934523,False
2021-09-06,721.1500244140625,0.0336845111124837,ICICIBANK,17377.80078125,0.07018022762562492,-0.03649571651314122,False
2021-09-06,1730.4000244140625,0.0486002154982698,INFY,17377.80078125,0.07018022762562492,-0.021580012127355122,False
2021-09-06,1119.4140625,0.1611019746890192,RELIANCE,17377.80078125,0.07018022762562492,0.09092174706339429,True
2021-09-06,3852.0,0.1638165276370238,TCS,17377.80078125,0.07018022762562492,0.09363630001139889,True
2021-09-07,784.625,0.0434536701410046,HDFCBANK,17362.099609375,0.06789473709501337,-0.024441066954008772,False
2021-09-07,716.9000244140625,0.0199901107151807,ICICIBANK,17362.099609375,0.06789473709501337,-0.04790462637983267,False
2021-09-07,1706.6500244140625,0.0260626311028366,INFY,17362.099609375,0.06789473709501337,-0.041832105992176766,False
2021-09-07,1126.4749755859375,0.1751197998901548,RELIANCE,17362.099609375,0.06789473709501337,0.10722506279514143,True
2021-09-07,3815.89990234375,0.1484334903601301,TCS,17362.099609375,0.06789473709501337,0.08053875326511672,True
2021-09-08,788.2000122070312,0.0456007686709116,HDFCBANK,17353.5,0.06593328151425282,-0.02033251284334122,False
2021-09-08,720.9500122070312,0.0286060594872001,ICICIBANK,17353.5,0.06593328151425282,-0.037327222027052714,False
2021-09-08,1693.25,0.0095394246534505,INFY,17353.5,0.06593328151425282,-0.05639385686080232,False
2021-09-08,1122.067626953125,0.1644118062671018,RELIANCE,17353.5,0.06593328151425282,0.09847852475284899,True
2021-09-08,3774.14990234375,0.1320525549343882,TCS,17353.5,0.06593328151425282,0.06611927342013538,True
2021-09-09,784.2999877929688,0.0492658796746534,HDFCBANK,17369.25,0.0667598151361144,-0.017493935461460997,False
2021-09-09,720.25,0.0384976031677206,ICICIBANK,17369.25,0.0667598151361144,-0.028262211968393798,False
2021-09-09,1691.5999755859375,0.0083752653267348,INFY,17369.25,0.0667598151361144,-0.0583845498093796,False
2021-09-09,1119.4140625,0.1456100329326155,RELIANCE,17369.25,0.0667598151361144,0.07885021779650112,True
2021-09-09,3791.39990234375,0.1337240469174598,TCS,17369.25,0.0667598151361144,0.06696423178134539,True
2021-09-13,777.7750244140625,0.0360663537588492,HDFCBANK,17355.30078125,0.060552196656876944,-0.024485842898027743,False
2021-09-13,707.4000244140625,0.0086262907802492,ICICIBANK,17355.30078125,0.060552196656876944,-0.051925905876627744,False
2021-09-13,1691.9000244140625,0.0013612978582859,INFY,17355.30078125,0.060552196656876944,-0.059190898798591046,False
2021-09-13,1094.469970703125,0.1236910827029627,RELIANCE,17355.30078125,0.060552196656876944,0.06313888604608575,True
2021-09-13,3845.35009765625,0.1472663825333779,TCS,17355.30078125,0.060552196656876944,0.08671418587650095,True
2021-09-14,774.2750244140625,0.0146442788437313,HDFCBANK,17380.0,0.05147893174667462,-0.03683465290294331,False
2021-09-14,707.4500122070312,0.003759966600398,ICICIBANK,17380.0,0.05147893174667462,-0.04771896514627662,False
2021-09-14,1686.1500244140625,-0.0152143017759013,INFY,17380.0,0.05147893174667462,-0.06669323352257592,False
2021-09-14,1093.039306640625,0.1038380415536095,RELIANCE,17380.0,0.05147893174667462,0.05235910980693488,True
2021-09-14,3885.89990234375,0.121989955509927,TCS,17380.0,0.05147893174667462,0.07051102376325238,True
2021-09-15,773.4000244140625,0.0105841326934463,HDFCBANK,17519.44921875,0.0577428910972535,-0.047158758403807205,False
2021-09-15,714.3499755859375,0.0166511787737166,ICICIBANK,17519.44921875,0.0577428910972535,-0.0410917123235369,False
2021-09-15,1711.449951171875,0.0041363099371205,INFY,17519.44921875,0.0577428910972535,-0.053606581160133004,False
2021-09-15,1097.5850830078125,0.0942259349456808,RELIANCE,17519.44921875,0.0577428910972535,0.03648304384842729,True
2021-09-15,3954.550048828125,0.138671764473238,TCS,17519.44921875,0.0577428910972535,0.0809288733759845,True
2021-09-16,779.9749755859375,0.0299078506768166,HDFCBANK,17629.5,0.06108485395292518,-0.03117700327610858,False
2021-09-16,727.2000122070312,0.0370792919956814,ICICIBANK,17629.5,0.06108485395292518,-0.02400556195724378,False
2021-09-16,1702.25,-0.0226222397506742,INFY,17629.5,0.06108485395292518,-0.08370709370359938,False
2021-09-16,1120.6138916015625,0.1219590920657067,RELIANCE,17629.5,0.06108485395292518,0.06087423811278152,True
2021-09-16,3903.300048828125,0.0985772773213595,TCS,17629.5,0.06108485395292518,0.03749242336843432,True
2021-09-17,791.0750122070312,0.0457039156735377,HDFCBANK,17585.150390625,0.061338041276864264,-0.01563412560332656,False
2021-09-17,720.1500244140625,0.0462734813104106,ICICIBANK,17585.150390625,0.061338041276864264,-0.015064559966453665,False
2021-09-17,1691.300048828125,-0.0243156154091758,INFY,17585.150390625,0.061338041276864264,-0.08565365668604007,False
2021-09-17,1103.2384033203125,0.1002922472602958,RELIANCE,17585.150390625,0.061338041276864264,0.038954205983431536,True
2021-09-17,3827.85009765625,0.0750726840410798,TCS,17585.150390625,0.061338041276864264,0.013734642764215543,True
2021-09-20,779.9249877929688,0.029773873963319,HDFCBANK,17396.900390625,0.05753019000182369,-0.02775631603850469,False
2021-09-20,710.0,0.0430439066659769,ICICIBANK,17396.900390625,0.05753019000182369,-0.01448628333584679,False
2021-09-20,1687.8499755859375,-0.0260249729401818,INFY,17396.900390625,0.05753019000182369,-0.08355516294200549,False
2021-09-20,1104.9921875,0.1145583827796399,RELIANCE,17396.900390625,0.05753019000182369,0.057028192777816206,True
2021-09-20,3823.5,0.0741677201854194,TCS,17396.900390625,0.05753019000182369,0.016637530183595706,True
2021-09-21,775.9749755859375,0.0179391158493402,HDFCBANK,17562.0,0.06459273551055378,-0.04665361966121358,False
2021-09-21,711.8499755859375,0.0426980560388015,ICICIBANK,17562.0,0.06459273551055378,-0.021894679471752276,False
2021-09-21,1718.449951171875,-0.0116750820003594,INFY,17562.0,0.06459273551055378,-0.07626781751091317,False
2021-09-21,1109.7686767578125,0.1120771327688883,RELIANCE,17562.0,0.06459273551055378,0.04748439725833452,True
2021-09-21,3862.949951171875,0.0620085926441005,TCS,17562.0,0.06459273551055378,-0.002584142866453275,False
2021-09-22,766.8499755859375,-0.0161337042101239,HDFCBANK,17546.650390625,0.05546303687999998,-0.07159674109012389,False
2021-09-22,703.3499755859375,0.0128158445135904,ICICIBANK,17546.650390625,0.05546303687999998,-0.042647192366409584,False
2021-09-22,1716.9000244140625,-0.0022953489426236,INFY,17546.650390625,0.05546303687999998,-0.05775838582262358,False
2021-09-22,1121.6754150390625,0.1130192178481053,RELIANCE,17546.650390625,0.05546303687999998,0.05755618096810532,True
2021-09-22,3862.14990234375,0.068900131334036,TCS,17546.650390625,0.05546303687999998,0.013437094454036014,True
2021-09-23,785.0,0.0080903912857444,HDFCBANK,17822.94921875,0.07143515494588959,-0.06334476366014519,False
2021-09-23,717.0,0.0375515703139055,ICICIBANK,17822.94921875,0.07143515494588959,-0.03388358463198409,False
2021-09-23,1742.550048828125,0.0040333034502384,INFY,17822.94921875,0.07143515494588959,-0.06740185149565119,False
2021-09-23,1149.0885009765625,0.1304368450050941,RELIANCE,17822.94921875,0.07143515494588959,0.0590016900592045,True
2021-09-23,3869.25,0.0574610549330418,TCS,17822.94921875,0.07143515494588959,-0.013974100012847789,False
2021-09-24,800.7750244140625,0.030068175026902,HDFCBANK,17853.19921875,0.07310849975458122,-0.04304032472767923,False
2021-09-24,722.9500122070312,0.0345592799598293,ICICIBANK,17853.19921875,0.07310849975458122,-0.03854921979475193,False
2021-09-24,1763.8499755859375,0.0209237862104136,INFY,17853.19921875,0.07310849975458122,-0.05218471354416762,False
2021-09-24,1145.765625,0.113093768433246,RELIANCE,17853.19921875,0.07310849975458122,0.03998526867866478,True
2021-09-24,3871.300048828125,0.0543186529589496,TCS,17853.19921875,0.07310849975458122,-0.018789846795631622,False
2021-09-27,812.5499877929688,0.0495011313449642,HDFCBANK,17855.099609375,0.06883488042060248,-0.019333749075638285,False
2021-09-27,730.0,0.0432297249017505,ICICIBANK,17855.099609375,0.06883488042060248,-0.025605155518851987,False
2021-09-27,1721.1500244140625,0.0072272795137189,INFY,17855.099609375,0.06883488042060248,-0.06160760090688358,False
2021-09-27,1165.033203125,0.1333617466873879,RELIANCE,17855.099609375,0.06883488042060248,0.06452686626678542,True
2021-09-27,3836.949951171875,0.0313965974205876,TCS,17855.099609375,0.06883488042060248,-0.03743828300001489,False
2021-09-28,807.5250244140625,0.0298422119101706,HDFCBANK,17748.599609375,0.04828695151221085,-0.018444739602040253,False
2021-09-28,717.1500244140625,0.0049043647169684,ICICIBANK,17748.599609375,0.04828695151221085,-0.04338258679524245,False
2021-09-28,1687.0999755859375,-0.0064486163112473,INFY,17748.599609375,0.04828695151221085,-0.054735567823458155,False
2021-09-28,1175.9246826171875,0.1223654368523912,RELIANCE,17748.599609375,0.04828695151221085,0.07407848534018034,True
2021-09-28,3779.14990234375,0.0210331106607455,TCS,17748.599609375,0.04828695151221085,-0.02725384085146535,False
2021-09-29,796.9249877929688,0.0078727399643792,HDFCBANK,17711.30078125,0.03380193955871191,-0.025929199594332715,False
2021-09-29,709.5,-0.013281396224317,ICICIBANK,17711.30078125,0.03380193955871191,-0.04708333578302891,False
2021-09-29,1692.25,-0.0083213405480326,INFY,17711.30078125,0.03380193955871191,-0.042123280106744515,False
2021-09-29,1166.6024169921875,0.1194340939633793,RELIANCE,17711.30078125,0.03380193955871191,0.08563215440466738,True
2021-09-29,3791.89990234375,0.0014393300432211,TCS,17711.30078125,0.03380193955871191,-0.03236260951549081,False
2021-09-30,797.4749755859375,0.0100373477493445,HDFCBANK,17618.150390625,0.0317341565405167,-0.021696808791172202,False
2021-09-30,700.8499755859375,-0.026462075541156,ICICIBANK,17618.150390625,0.0317341565405167,-0.0581962320816727,False
2021-09-30,1675.199951171875,-0.0015199218167932,INFY,17618.150390625,0.0317341565405167,-0.0332540783573099,False
2021-09-30,1162.6334228515625,0.1112213923838407,RELIANCE,17618.150390625,0.0317341565405167,0.079487235843324,True
2021-09-30,3775.550048828125,0.0163124936951395,TCS,17618.150390625,0.0317341565405167,-0.015421662845377201,False
2021-10-01,791.3499755859375,-0.00396478843809,HDFCBANK,17532.05078125,0.01728547006222314,-0.02125025850031314,False
2021-10-01,692.3499755859375,-0.0452320867735309,ICICIBANK,17532.05078125,0.01728547006222314,-0.06251755683575404,False
2021-10-01,1665.1500244140625,-0.0141791199562162,INFY,17532.05078125,0.01728547006222314,-0.03146459001843934,False
2021-10-01,1164.6871337890625,0.0999389686039926,RELIANCE,17532.05078125,0.01728547006222314,0.08265349854176945,True
2021-10-01,3730.199951171875,-0.0277709125765621,TCS,17532.05078125,0.01728547006222314,-0.04505638263878524,False
2021-10-04,792.875,0.0061545959020066,HDFCBANK,17691.25,0.02122251719706325,-0.01506792129505665,False
2021-10-04,700.2000122070312,-0.0332734723072039,ICICIBANK,17691.25,0.02122251719706325,-0.05449598950426715,False
2021-10-04,1678.75,-0.0128774433890993,INFY,17691.25,0.02122251719706325,-0.03409996058616255,False
2021-10-04,1179.662841796875,0.0701905286822925,RELIANCE,17691.25,0.02122251719706325,0.04896801148522925,True
2021-10-04,3773.300048828125,-0.0178940927698142,TCS,17691.25,0.02122251719706325,-0.03911660996687745,False
2021-10-05,797.7249755859375,0.0190010863689005,HDFCBANK,17822.30078125,0.025578610642124522,-0.006577524273224021,False
2021-10-05,697.0999755859375,-0.0333495777770592,ICICIBANK,17822.30078125,0.025578610642124522,-0.05892818841918372,False
2021-10-05,1692.800048828125,-0.0217290655660209,INFY,17822.30078125,0.025578610642124522,-0.047307676208145424,False
2021-10-05,1204.1453857421875,0.0756925663886658,RELIANCE,17822.30078125,0.025578610642124522,0.050113955746541275,True
2021-10-05,3833.300048828125,-0.0048546083000713,TCS,17822.30078125,0.025578610642124522,-0.030433218942195823,False
2021-10-06,807.4500122070312,0.0290903453331607,HDFCBANK,17646.0,0.016351731473289277,0.012738613859871423,True
2021-10-06,689.5,-0.0382201471348213,ICICIBANK,17646.0,0.016351731473289277,-0.05457187860811058,False
2021-10-06,1673.550048828125,-0.0193947060688681,INFY,17646.0,0.016351731473289277,-0.03574643754215738,False
2021-10-06,1181.370361328125,0.0487320064199683,RELIANCE,17646.0,0.016351731473289277,0.03238027494667902,True
2021-10-06,3810.89990234375,-0.0013103069074031,TCS,17646.0,0.016351731473289277,-0.01766203838069238,False
2021-10-07,805.25,0.0216315497702508,HDFCBANK,17790.349609375,0.02517357359466388,-0.0035420238244130778,False
2021-10-07,702.2000122070312,-0.0260073509709791,ICICIBANK,17790.349609375,0.02517357359466388,-0.05118092456564298,False
2021-10-07,1691.0,-0.0013288055514543,INFY,17790.349609375,0.02517357359466388,-0.02650237914611818,False
2021-10-07,1187.1622314453125,0.058013084887714,RELIANCE,17790.349609375,0.02517357359466388,0.03283951129305012,True
2021-10-07,3892.89990234375,0.0314640390744034,TCS,17790.349609375,0.02517357359466388,0.006290465479739521,True
2021-10-08,801.3250122070312,0.0217072863432921,HDFCBANK,17895.19921875,0.03028047951120505,-0.00857319316791295,False
2021-10-08,703.4000244140625,-0.0233946207371572,ICICIBANK,17895.19921875,0.03028047951120505,-0.05367510024836225,False
2021-10-08,1723.8499755859375,0.0190647910058223,INFY,17895.19921875,0.03028047951120505,-0.011215688505382751,False
2021-10-08,1232.781494140625,0.1012739034092891,RELIANCE,17895.19921875,0.03028047951120505,0.07099342389808405,True
2021-10-08,3935.64990234375,0.03804663283101,TCS,17895.19921875,0.03028047951120505,0.007766153319804951,True
2021-10-11,816.9000244140625,0.0503037495058096,HDFCBANK,17945.94921875,0.03403273990722844,0.01627100959858116,True
2021-10-11,713.2999877929688,0.0083403494137468,ICICIBANK,17945.94921875,0.03403273990722844,-0.02569239049348164,False
2021-10-11,1690.949951171875,-0.0005615421883551,INFY,17945.94921875,0.03403273990722844,-0.03459428209558354,False
2021-10-11,1224.197509765625,0.1185300122754018,RELIANCE,17945.94921875,0.03403273990722844,0.08449727236817337,True
2021-10-11,3685.60009765625,-0.041543681574629,TCS,17945.94921875,0.03403273990722844,-0.07557642148185745,False
2021-10-12,814.7999877929688,0.052339236190104,HDFCBANK,17991.94921875,0.03520996655638675,0.017129269633717248,True
2021-10-12,708.5999755859375,0.001625504783467,ICICIBANK,17991.94921875,0.03520996655638675,-0.03358446177291975,False
2021-10-12,1685.1500244140625,-0.0005930670376425,INFY,17991.94921875,0.03520996655638675,-0.035803033594029254,False
2021-10-12,1231.189208984375,0.1263906078257546,RELIANCE,17991.94921875,0.03520996655638675,0.09118064126936784,True
2021-10-12,3652.85009765625,-0.0599731878185894,TCS,17991.94921875,0.03520996655638675,-0.09518315437497615,False
2021-10-13,819.7000122070312,0.0598655111603418,HDFCBANK,18161.75,0.036662156054688255,0.023203355105653543,True
2021-10-13,709.9500122070312,-0.0061593945954813,ICICIBANK,18161.75,0.036662156054688255,-0.04282155065016956,False
2021-10-13,1709.199951171875,-0.0013146747285595,INFY,18161.75,0.036662156054688255,-0.037976830783247754,False
2021-10-13,1243.718994140625,0.1331413057585917,RELIANCE,18161.75,0.036662156054688255,0.09647914970390345,True
2021-10-13,3655.199951171875,-0.0756976379006654,TCS,18161.75,0.036662156054688255,-0.11235979395535366,False
2021-10-14,843.7000122070312,0.0817013860902675,HDFCBANK,18338.55078125,0.04021956273575533,0.04148182335451217,True
2021-10-14,727.2999877929688,0.000137480176374,ICICIBANK,18338.55078125,0.04021956273575533,-0.04008208255938133,False
2021-10-14,1715.75,0.0079306799823761,INFY,18338.55078125,0.04021956273575533,-0.03228888275337923,False
2021-10-14,1246.234130859375,0.112099484219563,RELIANCE,18338.55078125,0.04021956273575533,0.07187992148380767,True
2021-10-14,3611.449951171875,-0.0747700904376723,TCS,18338.55078125,0.04021956273575533,-0.11498965317342763,False
2021-10-18,835.1500244140625,0.055715338655516,HDFCBANK,18477.05078125,0.05071895154792028,0.004996387107595722,True
2021-10-18,745.4500122070312,0.0351315516701586,ICICIBANK,18477.05078125,0.05071895154792028,-0.015587399877761678,False
2021-10-18,1792.1500244140625,0.0596286718349088,INFY,18477.05078125,0.05071895154792028,0.008909720286988526,True
2021-10-18,1249.5570068359375,0.1326264595895716,RELIANCE,18477.05078125,0.05071895154792028,0.08190750804165131,True
2021-10-18,3647.14990234375,-0.047206706297914,TCS,18477.05078125,0.05071895154792028,-0.09792565784583428,False
2021-10-19,844.3499755859375,0.0826040821890814,HDFCBANK,18418.75,0.058737452444440175,0.023866629744641224,True
2021-10-19,747.4500122070312,0.0527464960662411,ICICIBANK,18418.75,0.058737452444440175,-0.005990956378199075,False
2021-10-19,1822.1500244140625,0.0795687121312442,INFY,18418.75,0.058737452444440175,0.02083125968680402,True
2021-10-19,1260.748291015625,0.1409567463712271,RELIANCE,18418.75,0.058737452444440175,0.08221929392678692,True
2021-10-19,3634.14990234375,-0.0495227141771282,TCS,18418.75,0.058737452444440175,-0.10826016662156837,False
2021-10-20,836.9249877929688,0.0785463631233829,HDFCBANK,18266.599609375,0.040120692937877234,0.03842567018550566,True
2021-10-20,745.8499755859375,0.0477628730295507,ICICIBANK,18266.599609375,0.040120692937877234,0.007642180091673466,True
2021-10-20,1802.3499755859373,0.048823082893306,INFY,18266.599609375,0.040120692937877234,0.008702389955428769,True
2021-10-20,1246.234130859375,0.1229674768801785,RELIANCE,18266.599609375,0.040120692937877234,0.08284678394230127,True
2021-10-20,3608.85009765625,-0.0657787071350848,TCS,18266.599609375,0.040120692937877234,-0.10589940007296203,False
2021-10-21,838.1500244140625,0.0929778328200974,HDFCBANK,18178.099609375,0.03598688095406377,0.05699095186603363,True
2021-10-21,755.5,0.0741451997216862,ICICIBANK,18178.099609375,0.03598688095406377,0.038158318767622434,True
2021-10-21,1753.6500244140625,0.021404857287798,INFY,18178.099609375,0.03598688095406377,-0.014582023666265771,False
2021-10-21,1210.2833251953125,0.0789960348316667,RELIANCE,18178.099609375,0.03598688095406377,0.04300915387760293,True
2021-10-21,3532.5,-0.0853539895340939,TCS,18178.099609375,0.03598688095406377,-0.12134087048815767,False
2021-10-22,840.375,0.0705414012738854,HDFCBANK,18114.900390625,0.016380631975759785,0.05416076929812562,True
2021-10-22,759.2999877929688,0.0589957988744334,ICICIBANK,18114.900390625,0.016380631975759785,0.04261516689867362,True
2021-10-22,1719.800048828125,-0.0130555791010419,INFY,18114.900390625,0.016380631975759785,-0.029436211076801687,False
2021-10-22,1212.544677734375,0.0552230543634226,RELIANCE,18114.900390625,0.016380631975759785,0.03884242238766281,True
2021-10-22,3498.85009765625,-0.0957291212363506,TCS,18114.900390625,0.016380631975759785,-0.11210975321211039,False
2021-10-25,828.5,0.034622677706793,HDFCBANK,18125.400390625,0.015246632748550981,0.019376044958242016,True
2021-10-25,841.7000122070312,0.1642575530740755,ICICIBANK,18125.400390625,0.015246632748550981,0.14901092032552452,True
2021-10-25,1707.550048828125,-0.0319187728758564,INFY,18125.400390625,0.015246632748550981,-0.04716540562440738,False
2021-10-25,1200.730224609375,0.0479719398191711,RELIANCE,18125.400390625,0.015246632748550981,0.032725307070620116,True
2021-10-25,3492.949951171875,-0.0977320519939496,TCS,18125.400390625,0.015246632748550981,-0.11297868474250058,False
2021-10-26,826.375,0.0170143528579485,HDFCBANK,18268.400390625,0.023147492329473884,-0.006133139471525384,False
2021-10-26,829.4000244140625,0.1361644170055651,ICICIBANK,18268.400390625,0.023147492329473884,0.11301692467609123,True
2021-10-26,1703.699951171875,-0.0101386125524578,INFY,18268.400390625,0.023147492329473884,-0.033286104881931684,False
2021-10-26,1228.0740966796875,0.0541108127953702,RELIANCE,18268.400390625,0.023147492329473884,0.030963320465896317,True
2021-10-26,3482.60009765625,-0.0923519613299621,TCS,18268.400390625,0.023147492329473884,-0.11549945365943598,False
2021-10-27,821.4000244140625,0.0171821300647216,HDFCBANK,18210.94921875,0.02604992053180255,-0.00886779046708095,False
2021-10-27,835.0,0.1643309929219136,ICICIBANK,18210.94921875,0.02604992053180255,0.13828107239011106,True
2021-10-27,1728.949951171875,0.024805865800219,INFY,18210.94921875,0.02604992053180255,-0.001244054731583552,False
2021-10-27,1212.544677734375,0.0311414460964323,RELIANCE,18210.94921875,0.02604992053180255,0.005091525564629749,True
2021-10-27,3489.75,-0.0765780426344745,TCS,18210.94921875,0.02604992053180255,-0.10262796316627705,False
2021-10-28,796.7999877929688,-0.0001568529057498,HDFCBANK,17857.25,0.008240457352771458,-0.008397310258521258,False
2021-10-28,798.7000122070312,0.125722356880946,ICICIBANK,17857.25,0.008240457352771458,0.11748189952817453,True
2021-10-28,1703.9000244140625,0.0068843400289924,INFY,17857.25,0.008240457352771458,-0.0013561173237790578,False
2021-10-28,1199.25341796875,0.0279881136032149,RELIANCE,17857.25,0.008240457352771458,0.019747656250443443,True
2021-10-28,3421.64990234375,-0.0976423454034614,TCS,17857.25,0.008240457352771458,-0.10588280275623285,False
2021-10-29,791.4249877929688,-0.0075864296412857,HDFCBANK,17671.650390625,0.003036641123716821,-0.010623070765002521,False
2021-10-29,802.0499877929688,0.1443961129090776,ICICIBANK,17671.650390625,0.003036641123716821,0.1413594717853608,True
2021-10-29,1667.75,-0.0044472011634572,INFY,17671.650390625,0.003036641123716821,-0.007483842287174021,False
2021-10-29,1170.47900390625,0.0067481124320722,RELIANCE,17671.650390625,0.003036641123716821,0.0037114713083553786,True
2021-10-29,3397.75,-0.1000649028465107,TCS,17671.650390625,0.003036641123716821,-0.10310154397022753,False
2021-11-01,802.6500244140625,0.0142794581117642,HDFCBANK,17929.650390625,0.022678442718191416,-0.008398984606427216,False
2021-11-01,803.9000244140625,0.1611180078885969,ICICIBANK,17929.650390625,0.022678442718191416,0.13843956517040548,True
2021-11-01,1700.050048828125,0.0209590871106903,INFY,17929.650390625,0.022678442718191416,-0.0017193556075011177,False
2021-11-01,1171.1943359375,0.0055870816802687,RELIANCE,17929.650390625,0.022678442718191416,-0.017091361037922716,False
2021-11-01,3476.39990234375,-0.0680392612059285,TCS,17929.650390625,0.022678442718191416,-0.09071770392411992,False
2021-11-02,803.375,0.0132429449787165,HDFCBANK,17888.94921875,0.011174971737440753,0.0020679732412757466,True
2021-11-02,800.9500122070312,0.1438874582170255,ICICIBANK,17888.94921875,0.011174971737440753,0.13271248647958475,True
2021-11-02,1697.9000244140625,0.0114073116390542,INFY,17888.94921875,0.011174971737440753,0.0002323399016134469,True
2021-11-02,1154.1187744140625,-0.0216537017847434,RELIANCE,17888.94921875,0.011174971737440753,-0.03282867352218415,False
2021-11-02,3484.199951171875,-0.0766173094943869,TCS,17888.94921875,0.011174971737440753,-0.08779228123182765,False
2021-11-03,790.7249755859375,-0.0087749540433511,HDFCBANK,17829.19921875,0.0003870677296198277,-0.009162021772970928,False
2021-11-03,785.9500122070312,0.1274566629362052,ICICIBANK,17829.19921875,0.0003870677296198277,0.12706959520658537,True
2021-11-03,1702.5,0.0057301222188586,INFY,17829.19921875,0.0003870677296198277,0.005343054489238773,True
2021-11-03,1146.1810302734375,-0.0481373396892793,RELIANCE,17829.19921875,0.0003870677296198277,-0.04852440741889913,False
2021-11-03,3492.25,-0.0889703504771005,TCS,17829.19921875,0.0003870677296198277,-0.08935741820672033,False
2021-11-04,796.9749755859375,-0.0129729846587802,HDFCBANK,17916.80078125,0.015346298382069579,-0.02831928304084978,False
2021-11-04,782.0999755859375,0.1343001821405909,ICICIBANK,17916.80078125,0.015346298382069579,0.11895388375852131,True
2021-11-04,1708.699951171875,0.0210031975848963,INFY,17916.80078125,0.015346298382069579,0.005656899202826721,True
2021-11-04,1153.2188720703125,-0.0238295205122328,RELIANCE,17916.80078125,0.015346298382069579,-0.03917581889430238,False
2021-11-04,3508.64990234375,-0.0793119755819649,TCS,17916.80078125,0.015346298382069579,-0.09465827396403448,False
2021-11-08,800.125,-0.0063644830797888,HDFCBANK,18068.55078125,0.015637757434985744,-0.022002240514774545,False
2021-11-08,780.1500244140625,0.1110082752092704,ICICIBANK,18068.55078125,0.015637757434985744,0.09537051777428465,True
2021-11-08,1737.5,0.0274985215848611,INFY,18068.55078125,0.015637757434985744,0.011860764149875355,True
2021-11-08,1154.6495361328125,-0.02738690168143,RELIANCE,18068.55078125,0.015637757434985744,-0.043024659116415745,False
2021-11-08,3502.75,-0.1002208924274824,TCS,18068.55078125,0.015637757434985744,-0.11585864986246815,False
2021-11-09,786.125,-0.0189685982285352,HDFCBANK,18044.25,0.008329093151074218,-0.02729769137960942,False
2021-11-09,786.5499877929688,0.1182114877635536,ICICIBANK,18044.25,0.008329093151074218,0.10988239461247938,True
2021-11-09,1742.5,0.0108188210564688,INFY,18044.25,0.008329093151074218,0.002489727905394581,True
2021-11-09,1163.76416015625,-0.0559850503210929,RELIANCE,18044.25,0.008329093151074218,-0.06431414347216712,False
2021-11-09,3505.699951171875,-0.1092449688972162,TCS,18044.25,0.008329093151074218,-0.11757406204829042,False
2021-11-10,777.625,-0.0480781285840128,HDFCBANK,18017.19921875,0.0039702553000404706,-0.05204838388405327,False
2021-11-10,780.9000244140625,0.0947708366437183,ICICIBANK,18017.19921875,0.0039702553000404706,0.09080058134367783,True
2021-11-10,1740.1500244140625,0.0290961144107728,INFY,18017.19921875,0.0039702553000404706,0.02512585911073233,True
2021-11-10,1176.7784423828125,-0.0387348177108209,RELIANCE,18017.19921875,0.0039702553000404706,-0.04270507301086137,False
2021-11-10,3484.300048828125,-0.0546179844514699,TCS,18017.19921875,0.0039702553000404706,-0.05858823975151037,False
2021-11-11,774.1500244140625,-0.0498894992487836,HDFCBANK,17873.599609375,-0.006577920376279356,-0.043311578872504246,False
2021-11-11,771.4500122070312,0.0886960750586018,ICICIBANK,17873.599609375,-0.006577920376279356,0.09527399543488116,True
2021-11-11,1733.300048828125,0.0285731381280456,INFY,17873.599609375,-0.006577920376279356,0.035151058504324956,True
2021-11-11,1178.9244384765625,-0.0424506405079089,RELIANCE,17873.599609375,-0.006577920376279356,-0.035872720131629544,False
2021-11-11,3488.199951171875,-0.0450744328627167,TCS,17873.599609375,-0.006577920376279356,-0.038496512486437345,False
2021-11-12,776.5,-0.0527022222321502,HDFCBANK,18102.75,-0.003248585626385081,-0.04945363660576512,False
2021-11-12,776.5999755859375,0.0938797974968836,ICICIBANK,18102.75,-0.003248585626385081,0.09712838312326869,True
2021-11-12,1780.199951171875,0.0415399028951062,INFY,18102.75,-0.003248585626385081,0.04478848852149128,True
2021-11-12,1196.7152099609375,-0.0377929294327178,RELIANCE,18102.75,-0.003248585626385081,-0.03454434380633272,False
2021-11-12,3526.050048828125,-0.0353331976551225,TCS,18102.75,-0.003248585626385081,-0.03208461202873742,False
2021-11-15,778.625,-0.0771305099745131,HDFCBANK,18109.44921875,-0.012492893535199223,-0.06463761643931387,False
2021-11-15,773.2999877929688,0.0632476292754926,ICICIBANK,18109.44921875,-0.012492893535199223,0.07574052281069182,True
2021-11-15,1787.1500244140625,0.0416144685496502,INFY,18109.44921875,-0.012492893535199223,0.054107362084849425,True
2021-11-15,1189.654296875,-0.0454006454993805,RELIANCE,18109.44921875,-0.012492893535199223,-0.032907751964181275,False
2021-11-15,3553.300048828125,-0.0161015390300178,TCS,18109.44921875,-0.012492893535199223,-0.0036086454948185756,False
2021-11-16,774.0,-0.0732204066652156,HDFCBANK,17999.19921875,-0.02586189582727727,-0.047358510837938336,False
2021-11-16,764.0499877929688,0.0249513384953461,ICICIBANK,17999.19921875,-0.02586189582727727,0.05081323432262337,True
2021-11-16,1792.300048828125,8.371197278056464e-05,INFY,17999.19921875,-0.02586189582727727,0.025945607800057835,True
2021-11-16,1162.010498046875,-0.0700620366338813,RELIANCE,17999.19921875,-0.02586189582727727,-0.04420014080660403,False
2021-11-16,3556.39990234375,-0.024882443121321,TCS,17999.19921875,-0.02586189582727727,0.0009794527059562713,True
2021-11-17,765.4000244140625,-0.0935038235976587,HDFCBANK,17898.650390625,-0.028237508483203277,-0.06526631511445542,False
2021-11-17,761.2999877929688,0.0185296345705341,ICICIBANK,17898.650390625,-0.028237508483203277,0.04676714305373737,True
2021-11-17,1787.449951171875,-0.0190434776375484,INFY,17898.650390625,-0.028237508483203277,0.009194030845654878,True
2021-11-17,1137.1356201171875,-0.0980470659998741,RELIANCE,17898.650390625,-0.028237508483203277,-0.06980955751667083,False
2021-11-17,3521.89990234375,-0.0308875536277706,TCS,17898.650390625,-0.028237508483203277,-0.0026500451445673236,False
2021-11-18,769.7000122070312,-0.080323776403444,HDFCBANK,17764.80078125,-0.027470839611958286,-0.05285293679148571,False
2021-11-18,762.9000244140625,0.0228598905761585,ICICIBANK,17764.80078125,-0.027470839611958286,0.05033073018811679,True
2021-11-18,1779.4000244140625,-0.0127333489515063,INFY,17764.80078125,-0.027470839611958286,0.014737490660451987,True
2021-11-18,1141.427490234375,-0.0840986761875376,RELIANCE,17764.80078125,-0.027470839611958286,-0.05662783657557931,False
2021-11-18,3475.699951171875,-0.0368954494870398,TCS,17764.80078125,-0.027470839611958286,-0.009424609875081515,False
2021-11-22,757.6749877929688,-0.0960150740046241,HDFCBANK,17416.55078125,-0.041893753719571714,-0.054121320285052385,False
2021-11-22,752.0,-0.0046326935804102,ICICIBANK,17416.55078125,-0.041893753719571714,0.037261060139161514,True
2021-11-22,1759.4000244140625,0.0032788754426194,INFY,17416.55078125,-0.041893753719571714,0.045172629162191114,True
2021-11-22,1090.8702392578125,-0.0986653979705367,RELIANCE,17416.55078125,-0.041893753719571714,-0.05677164425096498,False
2021-11-22,3458.39990234375,-0.0209766730803255,TCS,17416.55078125,-0.041893753719571714,0.020917080639246213,True
2021-11-23,757.7750244140625,-0.0982894250613565,HDFCBANK,17503.349609375,-0.03375954424604488,-0.06452988081531162,False
2021-11-23,751.8499755859375,-0.0098116848766005,ICICIBANK,17503.349609375,-0.03375954424604488,0.02394785936944438,True
2021-11-23,1736.9000244140625,0.0099430021516684,INFY,17503.349609375,-0.03375954424604488,0.04370254639771328,True
2021-11-23,1101.0693359375,-0.091935038637228,RELIANCE,17503.349609375,-0.03375954424604488,-0.05817549439118312,False
2021-11-23,3464.25,-0.0098889911515293,TCS,17503.349609375,-0.03375954424604488,0.023870553094515582,True
2021-11-24,759.0250244140625,-0.0838563374603953,HDFCBANK,17415.05078125,-0.03919083684034996,-0.04466550062004533,False
2021-11-24,760.2000122070312,-0.0968278469977658,ICICIBANK,17415.05078125,-0.03919083684034996,-0.05763701015741583,False
2021-11-24,1696.0,-0.006764105588619,INFY,17415.05078125,-0.03919083684034996,0.03242673125173096,True
2021-11-24,1085.1707763671875,-0.0962409755944817,RELIANCE,17415.05078125,-0.03919083684034996,-0.05705013875413174,False
2021-11-24,3443.300048828125,-0.0142143182804816,TCS,17415.05078125,-0.03919083684034996,0.024976518559868363,True
2021-11-25,762.9749755859375,-0.0767206466967932,HDFCBANK,17536.25,-0.04007742194005803,-0.03664322475673516,False
2021-11-25,751.0499877929688,-0.0944659203216745,ICICIBANK,17536.25,-0.04007742194005803,-0.05438849838161647,False
2021-11-25,1722.4000244140625,0.0109761541222823,INFY,17536.25,-0.04007742194005803,0.05105357606234033,True
2021-11-25,1150.4959716796875,-0.0631705572243124,RELIANCE,17536.25,-0.04007742194005803,-0.02309313528425437,False
2021-11-25,3445.89990234375,-0.0105381595024932,TCS,17536.25,-0.04007742194005803,0.029539262437564835,True
2021-11-26,744.9500122070312,-0.0930728146271557,HDFCBANK,17026.44921875,-0.06504328718793184,-0.028029527439223864,False
2021-11-26,722.2000122070312,-0.1350898057400823,ICICIBANK,17026.44921875,-0.06504328718793184,-0.07004651855215047,False
2021-11-26,1691.6500244140625,-0.021573745805962,INFY,17026.44921875,-0.06504328718793184,0.043469541381969845,True
2021-11-26,1113.41455078125,-0.0817537933021556,RELIANCE,17026.44921875,-0.06504328718793184,-0.016710506114223755,False
2021-11-26,3446.85009765625,-0.0122931162242997,TCS,17026.44921875,-0.06504328718793184,0.052750170963632145,True
2021-11-29,750.625,-0.0579505377765722,HDFCBANK,17053.94921875,-0.04498457384255694,-0.012965963934015258,False
2021-11-29,718.4000244140625,-0.1005383580389306,ICICIBANK,17053.94921875,-0.04498457384255694,-0.05555378419637366,False
2021-11-29,1696.3499755859375,-0.0044310398027732,INFY,17053.94921875,-0.04498457384255694,0.04055353403978374,True
2021-11-29,1126.7518310546875,-0.0604556016499523,RELIANCE,17053.94921875,-0.04498457384255694,-0.015471027807395357,False
2021-11-29,3502.0,0.0234828518257266,TCS,17053.94921875,-0.04498457384255694,0.06846742566828354,True
2021-11-30,746.7750244140625,-0.0564171766972139,HDFCBANK,16983.19921875,-0.038957944315163195,-0.0174592323820507,False
2021-11-30,714.3499755859375,-0.1093448208238974,ICICIBANK,16983.19921875,-0.038957944315163195,-0.07038687650873421,False
2021-11-30,1712.6500244140625,0.0269225150136787,INFY,16983.19921875,-0.038957944315163195,0.0658804593288419,True
2021-11-30,1110.0916748046875,-0.0515919797792453,RELIANCE,16983.19921875,-0.038957944315163195,-0.012634035464082108,False
2021-11-30,3529.14990234375,0.0386726222776101,TCS,16983.19921875,-0.038957944315163195,0.07763056659277329,True
2021-12-01,752.3250122070312,-0.0626985743179522,HDFCBANK,17166.900390625,-0.04254126451895701,-0.020157309798995188,False
2021-12-01,727.7000122070312,-0.0947879212499975,ICICIBANK,17166.900390625,-0.04254126451895701,-0.052246656731040494,False
2021-12-01,1714.9000244140625,0.0087350225931135,INFY,17166.900390625,-0.04254126451895701,0.05127628711207051,True
2021-12-01,1138.5201416015625,-0.0278981833615025,RELIANCE,17166.900390625,-0.04254126451895701,0.01464308115745451,True
2021-12-01,3577.800048828125,0.02916814789231,TCS,17166.900390625,-0.04254126451895701,0.071709412411267,True
2021-12-02,762.875,-0.0504123230122919,HDFCBANK,17401.650390625,-0.027240215295275427,-0.02317210771701647,False
2021-12-02,722.4000244140625,-0.09807102390388,ICICIBANK,17401.650390625,-0.027240215295275427,-0.07083080860860458,False
2021-12-02,1748.25,0.0296542640096333,INFY,17401.650390625,-0.027240215295275427,0.05689447930490873,True
2021-12-02,1145.8348388671875,-0.0071777149202695,RELIANCE,17401.650390625,-0.027240215295275427,0.020062500375005926,True
2021-12-02,3642.89990234375,0.0455484626014353,TCS,17401.650390625,-0.027240215295275427,0.07278867789671073,True
2021-12-03,756.7750244140625,-0.0429352204876514,HDFCBANK,17196.69921875,-0.035475513635791045,-0.0074597068518603565,False
2021-12-03,716.2999877929688,-0.0886188985715233,ICICIBANK,17196.69921875,-0.035475513635791045,-0.05314338493573226,False
2021-12-03,1735.550048828125,0.0194126571677679,INFY,17196.69921875,-0.035475513635791045,0.05488817080355894,True
2021-12-03,1111.406982421875,-0.0303390537210921,RELIANCE,17196.69921875,-0.035475513635791045,0.0051364599146989445,True
2021-12-03,3640.449951171875,0.0424368104150261,TCS,17196.69921875,-0.035475513635791045,0.07791232405081715,True
2021-12-06,751.9000244140625,-0.0565575489227071,HDFCBANK,16912.25,-0.05606753088984873,-0.0004900180328583706,False
2021-12-06,709.5499877929688,-0.0927630610634087,ICICIBANK,16912.25,-0.05606753088984873,-0.036695530173559976,False
2021-12-06,1695.300048828125,-0.007842162302726,INFY,16912.25,-0.05606753088984873,0.04822536858712273,True
2021-12-06,1090.3394775390625,-0.0545251175246256,RELIANCE,16912.25,-0.05606753088984873,0.001542413365223129,True
2021-12-06,3536.39990234375,0.007909025058745,TCS,16912.25,-0.05606753088984873,0.06397655594859372,True
2021-12-07,762.8499755859375,-0.046586501376738,HDFCBANK,17176.69921875,-0.04935933010330229,0.002772828726564293,True
2021-12-07,734.6500244140625,-0.0583221157163624,ICICIBANK,17176.69921875,-0.04935933010330229,-0.00896278561306011,False
2021-12-07,1711.6500244140625,-0.0148776837904676,INFY,17176.69921875,-0.04935933010330229,0.03448164631283469,True
2021-12-07,1099.223388671875,-0.0480025719722474,RELIANCE,17176.69921875,-0.04935933010330229,0.0013567581310548887,True
2021-12-07,3584.5,0.0233388052244665,TCS,17176.69921875,-0.04935933010330229,0.0726981353277688,True
2021-12-08,776.9000244140625,-0.0117347439477659,HDFCBANK,17469.75,-0.03183839727336968,0.02010365332560378,True
2021-12-08,753.4000244140625,-0.0421460350815386,ICICIBANK,17469.75,-0.03183839727336968,-0.010307637808168922,False
2021-12-08,1753.3499755859375,0.00622667178533,INFY,17469.75,-0.03183839727336968,0.03806506905869968,True
2021-12-08,1115.9527587890625,-0.0410834110587906,RELIANCE,17469.75,-0.03183839727336968,-0.009245013785420919,False
2021-12-08,3626.89990234375,0.0345722545739719,TCS,17469.75,-0.03183839727336968,0.06641065184734157,True
2021-12-09,763.4249877929688,-0.0182607454840459,HDFCBANK,17516.849609375,-0.02777066531263639,0.00950991982859049,True
2021-12-09,755.0,-0.0331668889797976,ICICIBANK,17516.849609375,-0.02777066531263639,-0.005396223667161214,False
2021-12-09,1763.449951171875,0.0133896080400641,INFY,17516.849609375,-0.02777066531263639,0.04116027335270049,True
2021-12-09,1133.6512451171875,-0.0366485276347333,RELIANCE,17516.849609375,-0.02777066531263639,-0.008877862322096912,False
2021-12-09,3601.75,0.0337083343931234,TCS,17516.849609375,-0.02777066531263639,0.06147899970575979,True
2021-12-10,761.2750244140625,-0.0166311433106842,HDFCBANK,17511.30078125,-0.02027005393669934,0.0036389106260151377,True
2021-12-10,758.0,-0.01743471643555,ICICIBANK,17511.30078125,-0.02027005393669934,0.0028353375011493376,True
2021-12-10,1759.25,0.0149714131661276,INFY,17511.30078125,-0.02027005393669934,0.03524146710282694,True
2021-12-10,1134.8050537109375,-0.0374234203021842,RELIANCE,17511.30078125,-0.02027005393669934,-0.01715336636548486,False
2021-12-10,3636.800048828125,0.042600796897072,TCS,17511.30078125,-0.02027005393669934,0.06287085083377134,True
2021-12-13,755.5750122070312,-0.0269478271641581,HDFCBANK,17368.25,-0.040573945947438905,0.013626118783280804,True
2021-12-13,754.0,-0.0291011798820699,ICICIBANK,17368.25,-0.040573945947438905,0.011472766065369004,True
2021-12-13,1744.6500244140625,-0.0199696257346881,INFY,17368.25,-0.040573945947438905,0.020604320212750805,True
2021-12-13,1112.0531005859375,-0.0707454109969601,RELIANCE,17368.25,-0.040573945947438905,-0.0301714650495212,False
2021-12-13,3609.64990234375,0.0237092078552343,TCS,17368.25,-0.040573945947438905,0.0642831538026732,True
2021-12-14,751.2249755859375,-0.0351902705590785,HDFCBANK,17324.900390625,-0.043322622275706824,0.008132351716628322,True
2021-12-14,758.6500244140625,-0.0189447350448276,ICICIBANK,17324.900390625,-0.043322622275706824,0.024377887230879223,True
2021-12-14,1752.1500244140625,-0.0195842539920368,INFY,17324.900390625,-0.043322622275706824,0.023738368283670024,True
2021-12-14,1098.4388427734375,-0.0766739163983759,RELIANCE,17324.900390625,-0.043322622275706824,-0.03335129412266907,False
2021-12-14,3623.800048828125,0.0198407111786833,TCS,17324.900390625,-0.043322622275706824,0.06316333345439012,True
2021-12-15,750.0,-0.0310077519379845,HDFCBANK,17221.400390625,-0.04321296845888323,0.012205216520898728,True
2021-12-15,752.25,-0.0154439997140163,ICICIBANK,17221.400390625,-0.04321296845888323,0.027768968744866927,True
2021-12-15,1734.199951171875,-0.0324165017426842,INFY,17221.400390625,-0.04321296845888323,0.010796466716199028,True
2021-12-15,1095.2314453125,-0.0574685451178094,RELIANCE,17221.400390625,-0.04321296845888323,-0.01425557665892617,False
2021-12-15,3570.35009765625,0.0039225609311557,TCS,17221.400390625,-0.04321296845888323,0.04713552939003893,True
2021-12-16,750.0499877929688,-0.0200549204748781,HDFCBANK,17248.400390625,-0.03632955478814148,0.016274634313263384,True
2021-12-16,741.1500244140625,-0.0264678362038617,ICICIBANK,17248.400390625,-0.03632955478814148,0.009861718584279783,True
2021-12-16,1771.5999755859375,-0.0088673674893924,INFY,17248.400390625,-0.03632955478814148,0.02746218729874908,True
2021-12-16,1109.3994140625,-0.0243912912092483,RELIANCE,17248.400390625,-0.03632955478814148,0.011938263578893181,True
2021-12-16,3581.60009765625,0.016951133469969,TCS,17248.400390625,-0.03632955478814148,0.053280688258110484,True
2021-12-17,736.5250244140625,-0.0431011917199313,HDFCBANK,16985.19921875,-0.043884621735968854,0.0007834300160375549,True
2021-12-17,728.2999877929688,-0.0453533038587433,ICICIBANK,16985.19921875,-0.043884621735968854,-0.0014686821227744493,False
2021-12-17,1820.8499755859373,0.0232943411280011,INFY,16985.19921875,-0.043884621735968854,0.06717896286396996,True
2021-12-17,1080.1173095703125,-0.053713600897656,RELIANCE,16985.19921875,-0.043884621735968854,-0.009828979161687144,False
2021-12-17,3584.35009765625,0.0312599326785218,TCS,16985.19921875,-0.043884621735968854,0.07514455441449065,True
2021-12-20,712.8250122070312,-0.0591942142851791,HDFCBANK,16614.19921875,-0.04606833882193151,-0.013125875463247588,False
2021-12-20,709.9500122070312,-0.055917536958735,ICICIBANK,16614.19921875,-0.04606833882193151,-0.009849198136803489,False
2021-12-20,1798.9000244140625,0.0224508352005705,INFY,16614.19921875,-0.04606833882193151,0.06851917402250202,True
2021-12-20,1050.9967041015625,-0.0365520423248308,RELIANCE,16614.19921875,-0.04606833882193151,0.009516296497100708,True
2021-12-20,3556.89990234375,0.0284813794764586,TCS,16614.19921875,-0.04606833882193151,0.0745497182983901,True
2021-12-21,720.9000244140625,-0.0486622002731127,HDFCBANK,16770.849609375,-0.041849132671592404,-0.006813067601520298,False
2021-12-21,720.3499755859375,-0.0418966562783368,ICICIBANK,16770.849609375,-0.041849132671592404,-4.752360674439848e-05,False
2021-12-21,1811.5999755859373,0.0430076286037675,INFY,16770.849609375,-0.041849132671592404,0.0848567612753599,True
2021-12-21,1066.6414794921875,-0.0312676552889369,RELIANCE,16770.849609375,-0.041849132671592404,0.010581477382655503,True
2021-12-21,3608.300048828125,0.0415818860729233,TCS,16770.849609375,-0.041849132671592404,0.0834310187445157,True
2021-12-22,722.5999755859375,-0.047989259453262,HDFCBANK,16955.44921875,-0.0263910549715326,-0.021598204481729395,False
2021-12-22,732.7999877929688,-0.0360431780769301,ICICIBANK,16955.44921875,-0.0263910549715326,-0.009652123105397502,False
2021-12-22,1824.699951171875,0.0758844051720961,INFY,16955.44921875,-0.0263910549715326,0.1022754601436287,True
2021-12-22,1091.9547119140625,0.0062514911888666,RELIANCE,16955.44921875,-0.0263910549715326,0.0326425461603992,True
2021-12-22,3630.75,0.0544390406045707,TCS,16955.44921875,-0.0263910549715326,0.0808300955761033,True
2021-12-23,722.0499877929688,-0.0536387025820077,HDFCBANK,17072.599609375,-0.026439540416280605,-0.027199162165727098,False
2021-12-23,731.2999877929688,-0.0262965186352471,ICICIBANK,17072.599609375,-0.026439540416280605,0.00014302178103350535,True
2021-12-23,1857.5999755859373,0.0784950936225561,INFY,17072.599609375,-0.026439540416280605,0.10493463403883671,True
2021-12-23,1091.5625,-0.0512244050656227,RELIANCE,17072.599609375,-0.026439540416280605,-0.024784864649342098,False
2021-12-23,3662.699951171875,0.0629153646281679,TCS,17072.599609375,-0.026439540416280605,0.0893549050444485,True
2021-12-24,719.4500122070312,-0.0342304847065539,HDFCBANK,17003.75,-0.0013331739611922577,-0.03289731074536164,False
2021-12-24,727.0999755859375,0.0067847733260653,ICICIBANK,17003.75,-0.0013331739611922577,0.008117947287257558,True
2021-12-24,1863.5,0.1015871918575246,INFY,17003.75,-0.0013331739611922577,0.10292036581871686,True
2021-12-24,1095.046875,-0.0164967089466918,RELIANCE,17003.75,-0.0013331739611922577,-0.015163534985499542,False
2021-12-24,3670.89990234375,0.065001319564157,TCS,17003.75,-0.0013331739611922577,0.06633449352534926,True
2021-12-27,725.4000244140625,-0.0336052963676103,HDFCBANK,17086.25,0.0018940352662999427,-0.035499331633910246,False
2021-12-27,736.0,0.0244988515977464,ICICIBANK,17086.25,0.0018940352662999427,0.022604816331446457,True
2021-12-27,1866.1500244140625,0.100097297887763,INFY,17086.25,0.0018940352662999427,0.09820326262146306,True
2021-12-27,1093.8699951171875,-0.0291828555598806,RELIANCE,17086.25,0.0018940352662999427,-0.031076890826180543,False
2021-12-27,3696.10009765625,0.0554254990451885,TCS,17086.25,0.0018940352662999427,0.05353146377888856,True
2021-12-28,730.4000244140625,-0.0219276213915271,HDFCBANK,17233.25,0.014723420365577278,-0.036651041757104375,False
2021-12-28,735.7999877929688,0.0300273156577588,ICICIBANK,17233.25,0.014723420365577278,0.015303895292181523,True
2021-12-28,1888.0,0.1023851768232269,INFY,17233.25,0.014723420365577278,0.08766175645764962,True
2021-12-28,1106.8612060546875,-0.00291009186297,RELIANCE,17233.25,0.014723420365577278,-0.01763351222854728,False
2021-12-28,3706.550048828125,0.050267104371668,TCS,17233.25,0.014723420365577278,0.035543684006090724,True
2021-12-29,726.9249877929688,-0.0337620363565324,HDFCBANK,17213.599609375,0.0027203058028753,-0.0364823421594077,False
2021-12-29,735.7000122070312,0.010993541110075,ICICIBANK,17213.599609375,0.0027203058028753,0.0082732353071997,True
2021-12-29,1885.550048828125,0.0995101883402032,INFY,17213.599609375,0.0027203058028753,0.0967898825373279,True
2021-12-29,1108.75341796875,-0.0261451005960592,RELIANCE,17213.599609375,0.0027203058028753,-0.0288654063989345,False
2021-12-29,3694.699951171875,0.0326736823602089,TCS,17213.599609375,0.0027203058028753,0.0299533765573336,True
2021-12-30,730.75,-0.0421104374897591,HDFCBANK,17203.94921875,-0.011361058717827666,-0.030749378771931436,False
2021-12-30,735.7000122070312,0.0184108351930862,ICICIBANK,17203.94921875,-0.011361058717827666,0.029771893910913866,True
2021-12-30,1892.8499755859373,0.0827112687464248,INFY,17203.94921875,-0.011361058717827666,0.09407232746425247,True
2021-12-30,1088.7242431640625,-0.0498419089435144,RELIANCE,17203.94921875,-0.011361058717827666,-0.03848085022568674,False
2021-12-30,3733.75,0.0249389497630168,TCS,17203.94921875,-0.011361058717827666,0.03630000848084447,True
2021-12-31,739.7000122070312,-0.0225628643337584,HDFCBANK,17354.05078125,0.009150102615531841,-0.03171296694929024,False
2021-12-31,740.1500244140625,0.0332961566767289,ICICIBANK,17354.05078125,0.009150102615531841,0.02414605406119706,True
2021-12-31,1887.75,0.0876955125982354,INFY,17354.05078125,0.009150102615531841,0.07854540998270355,True
2021-12-31,1092.90087890625,-0.0166510592504091,RELIANCE,17354.05078125,0.009150102615531841,-0.02580116186594094,False
2021-12-31,3738.35009765625,0.0268923203992574,TCS,17354.05078125,0.009150102615531841,0.017742217783725558,True
2022-01-03,759.8250122070312,0.01053994884379,HDFCBANK,17625.69921875,0.04218535196381312,-0.03164540312002312,False
2022-01-03,764.7000122070312,0.0777253546090597,ICICIBANK,17625.69921875,0.04218535196381312,0.03554000264524658,True
2022-01-03,1898.449951171875,0.1198312372397896,INFY,17625.69921875,0.04218535196381312,0.07764588527597648,True
2022-01-03,1109.3763427734375,0.0174595762388993,RELIANCE,17625.69921875,0.04218535196381312,-0.024725775724913822,False
2022-01-03,3817.75,0.0795583376952886,TCS,17625.69921875,0.04218535196381312,0.037372985731475475,True
2022-01-04,764.2750244140625,0.0018680590859696,HDFCBANK,17805.25,0.03659322278659194,-0.03472516370062234,False
2022-01-04,772.8499755859375,0.0519974816612063,ICICIBANK,17805.25,0.03659322278659194,0.015404258874614364,True
2022-01-04,1899.1500244140625,0.1095434214504134,INFY,17805.25,0.03659322278659194,0.07295019866382146,True
2022-01-04,1134.4127197265625,0.0320129023975779,RELIANCE,17805.25,0.03659322278659194,-0.004580320389014042,False
2022-01-04,3884.75,0.0837634258613475,TCS,17805.25,0.03659322278659194,0.04717020307475556,True
2022-01-05,782.4249877929688,0.0071115500132377,HDFCBANK,17925.25,0.026073641580446116,-0.018962091567208416,False
2022-01-05,788.0499877929688,0.0459914550784019,ICICIBANK,17925.25,0.026073641580446116,0.01991781349795578,True
2022-01-05,1844.6500244140625,0.0520717769409464,INFY,17925.25,0.026073641580446116,0.02599813536050028,True
2022-01-05,1139.719970703125,0.0212976864180636,RELIANCE,17925.25,0.026073641580446116,-0.0047759551623825156,False
2022-01-05,3860.949951171875,0.0645317089332624,TCS,17925.25,0.026073641580446116,0.03845806735281629,True
2022-01-06,769.875,0.0084487831943751,HDFCBANK,17745.900390625,0.013076026018252307,-0.004627242823877206,False
2022-01-06,785.0499877929688,0.0398013083350579,ICICIBANK,17745.900390625,0.013076026018252307,0.02672528231680559,True
2022-01-06,1817.800048828125,0.0308203233214146,INFY,17745.900390625,0.013076026018252307,0.017744297303162293,True
2022-01-06,1115.21435546875,-0.0162632817878055,RELIANCE,17745.900390625,0.013076026018252307,-0.029339307806057806,False
2022-01-06,3807.449951171875,0.0571111129789339,TCS,17745.900390625,0.013076026018252307,0.04403508696068159,True
2022-01-07,775.2750244140625,0.0183902000604518,HDFCBANK,17812.69921875,0.017211653278362826,0.0011785467820889725,True
2022-01-07,793.25,0.0465039577836412,ICICIBANK,17812.69921875,0.017211653278362826,0.029292304505278373,True
2022-01-07,1814.300048828125,0.0312917713958362,INFY,17812.69921875,0.017211653278362826,0.014080118117473374,True
2022-01-07,1124.213623046875,-0.0093332600427071,RELIANCE,17812.69921875,0.017211653278362826,-0.026544913321069924,False
2022-01-07,3853.5,0.0595853355319058,TCS,17812.69921875,0.017211653278362826,0.042373682253542974,True
2022-01-10,779.5750122070312,0.0317638879161661,HDFCBANK,18003.30078125,0.03656388992846149,-0.0048000020122953915,False
2022-01-10,810.75,0.0752652519893899,ICICIBANK,18003.30078125,0.03656388992846149,0.038701362060928404,True
2022-01-10,1850.75,0.060814475167632,INFY,18003.30078125,0.03656388992846149,0.024250585239170508,True
2022-01-10,1125.1365966796875,0.0117651720829305,RELIANCE,18003.30078125,0.03656388992846149,-0.02479871784553099,False
2022-01-10,3879.85009765625,0.0748549589634879,TCS,18003.30078125,0.03656388992846149,0.03829106903502641,True
2022-01-11,782.9500122070312,0.0422310727839538,HDFCBANK,18055.75,0.042184924178293226,4.6148605660573105e-05,True
2022-01-11,810.6500244140625,0.0685428040948945,ICICIBANK,18055.75,0.042184924178293226,0.026357879916601268,True
2022-01-11,1855.5999755859373,0.0590417200185067,INFY,18055.75,0.042184924178293226,0.016856795840213476,True
2022-01-11,1133.2359619140625,0.0316787041623238,RELIANCE,18055.75,0.042184924178293226,-0.010506220015969424,False
2022-01-11,3915.89990234375,0.0806059521992901,TCS,18055.75,0.042184924178293226,0.03842102802099688,True
2022-01-12,778.3250122070312,0.0377666829427083,HDFCBANK,18212.349609375,0.05754173274372354,-0.019775049801015236,False
2022-01-12,823.75,0.0950481887670322,ICICIBANK,18212.349609375,0.05754173274372354,0.037506456023308654,True
2022-01-12,1877.449951171875,0.082602931630346,INFY,18212.349609375,0.05754173274372354,0.025061198886622463,True
2022-01-12,1163.4871826171875,0.0623208341915459,RELIANCE,18212.349609375,0.05754173274372354,0.004779101447822363,True
2022-01-12,3859.89990234375,0.0810984348222809,TCS,18212.349609375,0.05754173274372354,0.023556702078557354,True
2022-01-13,764.0,0.0185987766603121,HDFCBANK,18257.80078125,0.058521391419788626,-0.039922614759476525,False
2022-01-13,824.7000122070312,0.1127301963715396,ICICIBANK,18257.80078125,0.058521391419788626,0.05420880495175097,True
2022-01-13,1896.800048828125,0.0706706225827187,INFY,18257.80078125,0.058521391419788626,0.012149231162930069,True
2022-01-13,1170.04052734375,0.054661209040294,RELIANCE,18257.80078125,0.058521391419788626,-0.003860182379494627,False
2022-01-13,3897.89990234375,0.0883124290996313,TCS,18257.80078125,0.058521391419788626,0.029791037679842675,True
2022-01-14,772.5750122070312,0.0489460460921176,HDFCBANK,18255.75,0.07480340765432025,-0.025857361562202655,False
2022-01-14,820.0,0.1259096714870444,ICICIBANK,18255.75,0.07480340765432025,0.05110626383272415,True
2022-01-14,1929.3499755859373,0.0595875560616054,INFY,18255.75,0.07480340765432025,-0.015215851592714852,False
2022-01-14,1171.748046875,0.0848340606087867,RELIANCE,18255.75,0.07480340765432025,0.010030652954466451,True
2022-01-14,3968.14990234375,0.107076539464842,TCS,18255.75,0.07480340765432025,0.032273131810521744,True
2022-01-17,760.75,0.0672324721667447,HDFCBANK,18308.099609375,0.10195498250155466,-0.034722510334809956,False
2022-01-17,819.2999877929688,0.1540248942964304,ICICIBANK,18308.099609375,0.10195498250155466,0.052069911794875745,True
2022-01-17,1939.5,0.0781588602355674,INFY,18308.099609375,0.10195498250155466,-0.023796122265987263,False
2022-01-17,1177.8629150390625,0.1207103794354433,RELIANCE,18308.099609375,0.10195498250155466,0.01875539693388864,True
2022-01-17,4019.14990234375,0.1299586754452688,TCS,18308.099609375,0.10195498250155466,0.02800369294371413,True
2022-01-18,764.625,0.0606533140590146,HDFCBANK,18113.05078125,0.08003179344740552,-0.01937847938839092,False
2022-01-18,823.0999755859375,0.1426389997673318,ICICIBANK,18113.05078125,0.08003179344740552,0.06260720631992628,True
2022-01-18,1920.75,0.0602506214865452,INFY,18113.05078125,0.08003179344740552,-0.019781171960860322,False
2022-01-18,1163.810302734375,0.0910979228826243,RELIANCE,18113.05078125,0.08003179344740552,0.011066129435218786,True
2022-01-18,3990.60009765625,0.1059501825388067,TCS,18113.05078125,0.08003179344740552,0.02591838909140118,True
2022-01-19,759.2249755859375,0.0506850280064039,HDFCBANK,17938.400390625,0.05797258209991951,-0.0072875540935156136,False
2022-01-19,808.5999755859375,0.1034388496938456,ICICIBANK,17938.400390625,0.05797258209991951,0.045466267593926094,True
2022-01-19,1867.050048828125,0.0232093488187203,INFY,17938.400390625,0.05797258209991951,-0.03476323328119921,False
2022-01-19,1163.718017578125,0.0657200384604506,RELIANCE,17938.400390625,0.05797258209991951,0.007747456360531091,True
2022-01-19,3914.64990234375,0.0781931838721339,TCS,17938.400390625,0.05797258209991951,0.020220601772214394,True
2022-01-20,754.5,0.0449415037125318,HDFCBANK,17757.0,0.04008764958379141,0.004853854128740391,True
2022-01-20,810.25,0.1079584486871099,ICICIBANK,17757.0,0.04008764958379141,0.06787079910331849,True
2022-01-20,1823.699951171875,-0.0182493673878141,INFY,17757.0,0.04008764958379141,-0.05833701697160551,False
2022-01-20,1143.3427734375,0.0474368379616376,RELIANCE,17757.0,0.04008764958379141,0.007349188377846191,True
2022-01-20,3826.550048828125,0.0447347857702147,TCS,17757.0,0.04008764958379141,0.00464713618642329,True
2022-01-21,760.7999877929688,0.0574744247471616,HDFCBANK,17617.150390625,0.036074418326839774,0.021400006420321825,True
2022-01-21,804.5,0.1064503190935872,ICICIBANK,17617.150390625,0.036074418326839774,0.07037590076674742,True
2022-01-21,1785.699951171875,-0.0417494224996646,INFY,17617.150390625,0.036074418326839774,-0.07782384082650437,False
2022-01-21,1143.52734375,0.0442725054578143,RELIANCE,17617.150390625,0.036074418326839774,0.008198087130974523,True
2022-01-21,3833.5,0.0442943425268651,TCS,17617.150390625,0.036074418326839774,0.008219924200025326,True
2022-01-24,743.3250122070312,0.024710486889558,HDFCBANK,17149.099609375,0.003678373509400812,0.02103211338015719,True
2022-01-24,798.4500122070312,0.0848505600639011,ICICIBANK,17149.099609375,0.003678373509400812,0.08117218655450029,True
2022-01-24,1736.800048828125,-0.0693138139451307,INFY,17149.099609375,0.003678373509400812,-0.07299218745453151,False
2022-01-24,1097.4005126953125,0.0032275476920333,RELIANCE,17149.099609375,0.003678373509400812,-0.00045082581736751197,False
2022-01-24,3771.35009765625,0.0203592971001291,TCS,17149.099609375,0.003678373509400812,0.01668092359072829,True
2022-01-25,744.0250244140625,0.0186541614794306,HDFCBANK,17277.94921875,0.0025937776536637536,0.016060383825766845,True
2022-01-25,801.6500244140625,0.0894944790888225,ICICIBANK,17277.94921875,0.0025937776536637536,0.08690070143515875,True
2022-01-25,1722.1500244140625,-0.0878442667298398,INFY,17277.94921875,0.0025937776536637536,-0.09043804438350356,False
2022-01-25,1095.2545166015625,-0.0104861290554179,RELIANCE,17277.94921875,0.0025937776536637536,-0.013079906709081653,False
2022-01-25,3769.89990234375,0.017091325540216,TCS,17277.94921875,0.0025937776536637536,0.014497547886552248,True
2022-01-27,737.4749755859375,0.0145131725695657,HDFCBANK,17110.150390625,-0.006009737713061458,0.020522910282627156,True
2022-01-27,794.6500244140625,0.0801277847341428,ICICIBANK,17110.150390625,-0.006009737713061458,0.08613752244720425,True
2022-01-27,1678.5999755859375,-0.1097558101790019,INFY,17110.150390625,-0.006009737713061458,-0.10374607246594045,False
2022-01-27,1079.03271484375,-0.0268055120672806,RELIANCE,17110.150390625,-0.006009737713061458,-0.020795774354219143,False
2022-01-27,3649.25,-0.0123013916617124,TCS,17110.150390625,-0.006009737713061458,-0.006291653948650942,False
2022-01-28,731.625,0.001197399931577,HDFCBANK,17101.94921875,-0.005928871255259982,0.007126271186836982,True
2022-01-28,781.1500244140625,0.0617779141673322,ICICIBANK,17101.94921875,-0.005928871255259982,0.06770678542259218,True
2022-01-28,1686.199951171875,-0.1091740111891821,INFY,17101.94921875,-0.005928871255259982,-0.10324513993392212,False
2022-01-28,1077.994384765625,-0.0098554417850146,RELIANCE,17101.94921875,-0.005928871255259982,-0.003926570529754618,False
2022-01-28,3690.050048828125,-0.0117040378096752,TCS,17101.94921875,-0.005928871255259982,-0.005775166554415219,False
2022-01-31,742.8499755859375,0.0042584335905413,HDFCBANK,17339.849609375,-0.0008183202904040732,0.005076753880945373,True
2022-01-31,788.7999877929688,0.0657298679648357,ICICIBANK,17339.849609375,-0.0008183202904040732,0.06654818825523977,True
2022-01-31,1736.199951171875,-0.0802807833813402,INFY,17339.849609375,-0.0008183202904040732,-0.07946246309093613,False
2022-01-31,1101.41552734375,0.0077908697868569,RELIANCE,17339.849609375,-0.0008183202904040732,0.008609190077260973,True
2022-01-31,3736.25,-0.0005617712630945,TCS,17339.849609375,-0.0008183202904040732,0.00025654902730957313,True
2022-02-01,748.5,-0.0149047636298994,HDFCBANK,17576.849609375,-0.002771499091680507,-0.012133264538218893,False
2022-02-01,810.2999877929688,0.0596311950542927,ICICIBANK,17576.849609375,-0.002771499091680507,0.06240269414597321,True
2022-02-01,1772.050048828125,-0.0665805818403196,INFY,17576.849609375,-0.002771499091680507,-0.0638090827486391,False
2022-02-01,1097.7696533203125,-0.0104623552942442,RELIANCE,17576.849609375,-0.002771499091680507,-0.007690856202563693,False
2022-02-01,3800.64990234375,-0.004479103570493,TCS,17576.849609375,-0.002771499091680507,-0.0017076044788124928,False
2022-02-02,765.5999755859375,0.001733605220046,HDFCBANK,17780.0,-0.0014181210597997707,0.0031517262798457703,True
2022-02-02,813.75,0.0529210399250568,ICICIBANK,17780.0,-0.0014181210597997707,0.05433916098485657,True
2022-02-02,1787.0999755859375,-0.0590001039347565,INFY,17780.0,-0.0014181210597997707,-0.05758198287495673,False
2022-02-02,1100.0079345703125,-0.0303282787278186,RELIANCE,17780.0,-0.0014181210597997707,-0.02891015766801883,False
2022-02-02,3856.199951171875,-0.0073492628426861,TCS,17780.0,-0.0014181210597997707,-0.00593114178288633,False
2022-02-03,757.6749877929688,-0.0316324253265655,HDFCBANK,17560.19921875,-0.020365170987852288,-0.011267254338713215,False
2022-02-03,808.9500122070312,0.026521191216049,ICICIBANK,17560.19921875,-0.020365170987852288,0.046886362203901286,True
2022-02-03,1738.550048828125,-0.0575176722856354,INFY,17560.19921875,-0.020365170987852288,-0.037152501297783115,False
2022-02-03,1085.793701171875,-0.0473153677372006,RELIANCE,17560.19921875,-0.020365170987852288,-0.026950196749348315,False
2022-02-03,3824.60009765625,-0.0094147435152822,TCS,17560.19921875,-0.020365170987852288,0.010950427472570088,True
2022-02-04,762.0,-0.0102289332683876,HDFCBANK,17516.30078125,-0.01293817751260995,0.0027092442442223502,True
2022-02-04,805.0499877929688,0.0254760847219761,ICICIBANK,17516.30078125,-0.01293817751260995,0.03841426223458605,True
2022-02-04,1741.0999755859375,-0.0421938998690386,INFY,17516.30078125,-0.01293817751260995,-0.02925572235642865,False
2022-02-04,1075.89453125,-0.0352576381625063,RELIANCE,17516.30078125,-0.01293817751260995,-0.02231946064989635,False
2022-02-04,3814.89990234375,0.0019566773739421,TCS,17516.30078125,-0.01293817751260995,0.01489485488655205,True
2022-02-07,734.0750122070312,-0.0531424474020292,HDFCBANK,17213.599609375,-0.03363328611894911,-0.019509161283080084,False
2022-02-07,786.4000244140625,-0.0086353300799716,ICICIBANK,17213.599609375,-0.03363328611894911,0.02499795603897751,True
2022-02-07,1715.0,-0.0547318779450312,INFY,17213.599609375,-0.03363328611894911,-0.021098591826082085,False
2022-02-07,1069.34130859375,-0.0488095085562195,RELIANCE,17213.599609375,-0.03363328611894911,-0.01517622243727039,False
2022-02-07,3779.0,-0.0193330738289866,TCS,17213.599609375,-0.03363328611894911,0.014300212289962512,True
2022-02-08,730.9249877929688,-0.0624058283709362,HDFCBANK,17266.75,-0.04091198554084596,-0.02149384283009024,False
2022-02-08,792.5,-0.0225100215849521,ICICIBANK,17266.75,-0.04091198554084596,0.018401963955893864,True
2022-02-08,1717.300048828125,-0.072105876629407,INFY,17266.75,-0.04091198554084596,-0.031193891088561035,False
2022-02-08,1087.316650390625,-0.0336136486900082,RELIANCE,17266.75,-0.04091198554084596,0.007298336850837764,True
2022-02-08,3743.449951171875,-0.0351560351691865,TCS,17266.75,-0.04091198554084596,0.005755950371659463,True
2022-02-09,748.7999877929688,-0.0436171197159804,HDFCBANK,17463.80078125,-0.03278452674355814,-0.010832592972422263,False
2022-02-09,802.7999877929688,-0.0096836321281402,ICICIBANK,17463.80078125,-0.03278452674355814,0.023100894615417943,True
2022-02-09,1737.300048828125,-0.0637529253687648,INFY,17463.80078125,-0.03278452674355814,-0.03096839862520666,False
2022-02-09,1099.98486328125,-0.0293417255984804,RELIANCE,17463.80078125,-0.03278452674355814,0.0034428011450777403,True
2022-02-09,3760.550048828125,-0.0396715588727497,TCS,17463.80078125,-0.03278452674355814,-0.0068870321291915615,False
2022-02-10,762.5499877929688,-0.0202679140033423,HDFCBANK,17605.849609375,-0.03330157903886255,0.01303366503552025,True
2022-02-10,805.5,-0.0221547799696509,ICICIBANK,17605.849609375,-0.03330157903886255,0.01114679906921165,True
2022-02-10,1769.5999755859375,-0.0574449271037127,INFY,17605.849609375,-0.03330157903886255,-0.024143348064850148,False
2022-02-10,1098.854248046875,-0.055551049926416,RELIANCE,17605.849609375,-0.03330157903886255,-0.022249470887553448,False
2022-02-10,3770.35009765625,-0.0232000328902635,TCS,17605.849609375,-0.03330157903886255,0.01010154614859905,True
2022-02-11,759.4249877929688,-0.0059882358730775,HDFCBANK,17374.75,-0.04836567075246301,0.04237743487938551,True
2022-02-11,790.7999877929688,-0.0411058856702821,ICICIBANK,17374.75,-0.04836567075246301,0.007259785082180906,True
2022-02-11,1721.3499755859375,-0.0924979274175913,INFY,17374.75,-0.04836567075246301,-0.044132256665128294,False
2022-02-11,1096.708251953125,-0.0626749874699685,RELIANCE,17374.75,-0.04836567075246301,-0.014309316717505488,False
2022-02-11,3694.949951171875,-0.0520664861223973,TCS,17374.75,-0.04836567075246301,-0.0037008153699342947,False
2022-02-14,736.8499755859375,-0.0462415119006208,HDFCBANK,16842.80078125,-0.07739748948961289,0.031155977588992093,True
2022-02-14,753.7000122070312,-0.0808536436499618,ICICIBANK,16842.80078125,-0.07739748948961289,-0.0034561541603489038,False
2022-02-14,1682.199951171875,-0.1281001516269766,INFY,16842.80078125,-0.07739748948961289,-0.05070266213736371,False
2022-02-14,1079.240478515625,-0.0789483444039771,RELIANCE,16842.80078125,-0.07739748948961289,-0.0015508549143642136,False
2022-02-14,3733.75,-0.0590703244868102,TCS,16842.80078125,-0.07739748948961289,0.018327165002802695,True
2022-02-15,758.9000244140625,-0.0024317786210154,HDFCBANK,17352.44921875,-0.05219822980074029,0.04976645117972489,True
2022-02-15,776.0499877929688,-0.0527889669771715,ICICIBANK,17352.44921875,-0.05219822980074029,-0.0005907371764312108,False
2022-02-15,1738.25,-0.1037638566640887,INFY,17352.44921875,-0.05219822980074029,-0.05156562686334841,False
2022-02-15,1115.883544921875,-0.0526201897740638,RELIANCE,17352.44921875,-0.05219822980074029,-0.00042195997332350466,False
2022-02-15,3817.800048828125,-0.05009762223554,TCS,17352.44921875,-0.05219822980074029,0.0021006075652002937,True
2022-02-16,757.875,-0.0088278567925453,HDFCBANK,17322.19921875,-0.04366197456469689,0.03483411777215159,True
2022-02-16,764.0499877929688,-0.0717409665222417,ICICIBANK,17322.19921875,-0.04366197456469689,-0.028078991957544805,False
2022-02-16,1733.300048828125,-0.0975920610031888,INFY,17322.19921875,-0.04366197456469689,-0.05393008643849191,False
2022-02-16,1113.5760498046875,-0.0431636090621143,RELIANCE,17322.19921875,-0.04366197456469689,0.0004983655025825942,True
2022-02-16,3813.10009765625,-0.0444795257997033,TCS,17322.19921875,-0.04366197456469689,-0.0008175512350064099,False
2022-02-17,753.25,-0.0078698353953994,HDFCBANK,17304.599609375,-0.035332067935178735,0.027462232539779335,True
2022-02-17,750.3499755859375,-0.0720380927018828,ICICIBANK,17304.599609375,-0.035332067935178735,-0.036706024766704065,False
2022-02-17,1724.800048828125,-0.076189709048927,INFY,17304.599609375,-0.035332067935178735,-0.04085764111374826,False
2022-02-17,1127.6748046875,-0.0309724626981684,RELIANCE,17304.599609375,-0.035332067935178735,0.004359605237010334,True
2022-02-17,3784.199951171875,-0.0333235294154332,TCS,17304.599609375,-0.035332067935178735,0.0020085385197455355,True
2022-02-18,756.1749877929688,0.0022199970748426,HDFCBANK,17276.30078125,-0.027070970251168558,0.029290967326011157,True
2022-02-18,748.9000244140625,-0.0757173410502159,ICICIBANK,17276.30078125,-0.027070970251168558,-0.048646370799047337,False
2022-02-18,1706.949951171875,-0.0640182064626249,INFY,17276.30078125,-0.027070970251168558,-0.03694723621145635,False
2022-02-18,1118.8602294921875,-0.0214131269415425,RELIANCE,17276.30078125,-0.027070970251168558,0.005657843309626057,True
2022-02-18,3793.89990234375,-0.0085325282742281,TCS,17276.30078125,-0.027070970251168558,0.01853844197694046,True
2022-02-21,761.0499877929688,0.000328601477407,HDFCBANK,17206.650390625,-0.02330115772971142,0.02362975920711842,True
2022-02-21,754.4500122070312,-0.062212539208165,ICICIBANK,17206.650390625,-0.02330115772971142,-0.038911381478453584,False
2022-02-21,1730.699951171875,-0.0308002472441721,INFY,17206.650390625,-0.02330115772971142,-0.007499089514460679,False
2022-02-21,1107.553466796875,-0.0314586941446934,RELIANCE,17206.650390625,-0.02330115772971142,-0.00815753641498198,False
2022-02-21,3719.39990234375,-0.0297639487821181,TCS,17206.650390625,-0.02330115772971142,-0.006462791052406682,False
2022-02-22,755.3499755859375,0.0161772618725724,HDFCBANK,17092.19921875,-0.003317981230565259,0.01949524310313766,True
2022-02-22,751.2999877929688,-0.0590519427556059,ICICIBANK,17092.19921875,-0.003317981230565259,-0.05573396152504064,False
2022-02-22,1734.3499755859375,-0.0014106823890526,INFY,17092.19921875,-0.003317981230565259,0.001907298841512659,True
2022-02-22,1102.5230712890625,0.004667902497301,RELIANCE,17092.19921875,-0.003317981230565259,0.00798588372786626,True
2022-02-22,3586.39990234375,-0.0490408449290983,TCS,17092.19921875,-0.003317981230565259,-0.04572286369853304,False
2022-02-23,750.4500122070312,0.0086354458279525,HDFCBANK,17063.25,-0.012426198041895486,0.021061643869847987,True
2022-02-23,744.5999755859375,-0.0711657794432473,ICICIBANK,17063.25,-0.012426198041895486,-0.05873958140135181,False
2022-02-23,1742.8499755859375,0.0120198303739058,INFY,17063.25,-0.012426198041895486,0.024446028415801287,True
2022-02-23,1095.6236572265625,0.0003370363868897,RELIANCE,17063.25,-0.012426198041895486,0.012763234428785186,True
2022-02-23,3563.800048828125,-0.0546698477027182,TCS,17063.25,-0.012426198041895486,-0.04224364966082271,False
2022-02-24,709.7000122070312,-0.0376622452264749,HDFCBANK,16247.9501953125,-0.050391152364441916,0.012728907137967017,True
2022-02-24,707.4000244140625,-0.1097967624984772,ICICIBANK,16247.9501953125,-0.050391152364441916,-0.05940561013403528,False
2022-02-24,1678.1500244140625,-0.0002680514586078,INFY,16247.9501953125,-0.050391152364441916,0.05012310090583411,True
2022-02-24,1041.0281982421875,-0.0352209122844489,RELIANCE,16247.9501953125,-0.050391152364441916,0.015170240079993014,True
2022-02-24,3401.64990234375,-0.0678495848890182,TCS,16247.9501953125,-0.050391152364441916,-0.01745843252457628,False
2022-02-25,728.0499877929688,-0.0048863997362463,HDFCBANK,16658.400390625,-0.025935571580268046,0.021049171844021747,True
2022-02-25,730.0499877929688,-0.0654164181322578,ICICIBANK,16658.400390625,-0.025935571580268046,-0.03948084655198976,False
2022-02-25,1694.5999755859375,0.004981630089732,INFY,16658.400390625,-0.025935571580268046,0.030917201670000047,True
2022-02-25,1054.0426025390625,-0.0222188376535653,RELIANCE,16658.400390625,-0.025935571580268046,0.0037167339267027456,True
2022-02-25,3520.75,-0.0458801497507848,TCS,16658.400390625,-0.025935571580268046,-0.01994457817051675,False
2022-02-28,713.125,-0.0400147762843922,HDFCBANK,16793.900390625,-0.03148523378512036,-0.00852954249927184,False
2022-02-28,742.7000122070312,-0.0584431748216976,ICICIBANK,16793.900390625,-0.03148523378512036,-0.02695794103657724,False
2022-02-28,1715.5999755859375,-0.0118649787842888,INFY,16793.900390625,-0.03148523378512036,0.01962025500083156,True
2022-02-28,1088.931884765625,-0.0113341806686086,RELIANCE,16793.900390625,-0.03148523378512036,0.02015105311651176,True
2022-02-28,3554.199951171875,-0.0487253392648042,TCS,16793.900390625,-0.03148523378512036,-0.01724010547968384,False
2022-03-02,687.125,-0.0819973279893119,HDFCBANK,16605.94921875,-0.05523745222847831,-0.026759875760833593,False
2022-03-02,714.8499755859375,-0.1177958949092551,ICICIBANK,16605.94921875,-0.05523745222847831,-0.06255844268077679,False
2022-03-02,1702.800048828125,-0.0390790316818623,INFY,16605.94921875,-0.05523745222847831,0.01615842054661601,True
2022-03-02,1106.930419921875,0.0083448896349564,RELIANCE,16605.94921875,-0.05523745222847831,0.06358234186343471,True
2022-03-02,3546.14990234375,-0.0669622318654126,TCS,16605.94921875,-0.05523745222847831,-0.011724779636934288,False
2022-03-03,685.5,-0.1046237958989412,HDFCBANK,16498.05078125,-0.07210063097581554,-0.032523164923125666,False
2022-03-03,698.2999877929688,-0.1418740549395161,ICICIBANK,16498.05078125,-0.07210063097581554,-0.06977342396370056,False
2022-03-03,1720.8499755859375,-0.0370712332298469,INFY,16498.05078125,-0.07210063097581554,0.03502939774596864,True
2022-03-03,1097.5850830078125,-0.0022025764418203,RELIANCE,16498.05078125,-0.07210063097581554,0.06989805453399524,True
2022-03-03,3544.39990234375,-0.0808568157191566,TCS,16498.05078125,-0.07210063097581554,-0.008756184743341056,False
2022-03-04,683.25,-0.0982281175860922,HDFCBANK,16245.349609375,-0.07487669091880589,-0.023351426667286318,False
2022-03-04,688.0499877929688,-0.1494530225473573,ICICIBANK,16245.349609375,-0.07487669091880589,-0.0745763316285514,False
2022-03-04,1723.300048828125,-0.0087716773010241,INFY,16245.349609375,-0.07487669091880589,0.06610501361778179,True
2022-03-04,1073.240966796875,-0.011560883399353,RELIANCE,16245.349609375,-0.07487669091880589,0.06331580751945289,True
2022-03-04,3524.35009765625,-0.0785049396887261,TCS,16245.349609375,-0.07487669091880589,-0.0036282487699202115,False
2022-03-07,662.4000244140625,-0.1307086293778707,HDFCBANK,15863.150390625,-0.09437782619002433,-0.03633080318784637,False
2022-03-07,653.75,-0.187938625038372,ICICIBANK,15863.150390625,-0.09437782619002433,-0.09356079884834767,False
2022-03-07,1739.8499755859375,-0.0007179369464865,INFY,15863.150390625,-0.09437782619002433,0.09365988924353782,True
2022-03-07,1033.552001953125,-0.0393556506395477,RELIANCE,15863.150390625,-0.09437782619002433,0.05502217555047663,True
2022-03-07,3484.89990234375,-0.0865029249646258,TCS,15863.150390625,-0.09437782619002433,0.007874901225398523,True
2022-03-08,663.9000244140625,-0.095596480776514,HDFCBANK,16013.4501953125,-0.06972100207378273,-0.02587547870273127,False
2022-03-08,665.0,-0.1543743904439934,ICICIBANK,16013.4501953125,-0.06972100207378273,-0.08465338837021066,False
2022-03-08,1778.199951171875,0.0368512834821428,INFY,16013.4501953125,-0.06972100207378273,0.10657228555592554,True
2022-03-08,1031.682861328125,-0.0352164897801883,RELIANCE,16013.4501953125,-0.06972100207378273,0.034504512293594435,True
2022-03-08,3599.949951171875,-0.0473802722487761,TCS,16013.4501953125,-0.06972100207378273,0.022340729825006636,True
2022-03-09,685.5750122070312,-0.0620446370603253,HDFCBANK,16345.349609375,-0.05336269944401817,-0.008681937616307131,False
2022-03-09,667.4500122070312,-0.1577917827040614,ICICIBANK,16345.349609375,-0.05336269944401817,-0.10442908326004324,False
2022-03-09,1813.3499755859373,0.0559307773987174,INFY,16345.349609375,-0.05336269944401817,0.10929347684273558,True
2022-03-09,1086.416748046875,-0.0008276359452664,RELIANCE,16345.349609375,-0.05336269944401817,0.05253506349875177,True
2022-03-09,3632.60009765625,-0.0296116830628184,TCS,16345.349609375,-0.05336269944401817,0.02375101638119977,True
2022-03-10,696.3499755859375,-0.0700454234269203,HDFCBANK,16594.900390625,-0.0497543691381257,-0.020291054288794602,False
2022-03-10,676.5999755859375,-0.1571998182934408,ICICIBANK,16594.900390625,-0.0497543691381257,-0.10744544915531509,False
2022-03-10,1825.9000244140625,0.0509986606203698,INFY,16594.900390625,-0.0497543691381257,0.1007530297584955,True
2022-03-10,1104.02294921875,0.003671037731787,RELIANCE,16594.900390625,-0.0497543691381257,0.0534254068699127,True
2022-03-10,3620.949951171875,-0.0371222549477177,TCS,16594.900390625,-0.0497543691381257,0.012632114190407995,True
2022-03-11,698.4000244140625,-0.0841255844283389,HDFCBANK,16630.44921875,-0.055402063079398656,-0.02872352134894024,False
2022-03-11,677.9000244140625,-0.1584108945821695,ICICIBANK,16630.44921875,-0.055402063079398656,-0.10300883150277085,False
2022-03-11,1822.0,0.0296112257781377,INFY,16630.44921875,-0.055402063079398656,0.08501328885753635,True
2022-03-11,1107.207275390625,0.0076015789706385,RELIANCE,16630.44921875,-0.055402063079398656,0.06300364205003715,True
2022-03-11,3599.14990234375,-0.0454069757126592,TCS,16630.44921875,-0.055402063079398656,0.009995087366739458,True
2022-03-14,721.2750244140625,-0.0502353280338815,HDFCBANK,16871.30078125,-0.028975911523906772,-0.021259416509974725,False
2022-03-14,696.1500244140625,-0.1196888781486495,ICICIBANK,16871.30078125,-0.028975911523906772,-0.09071296662474272,False
2022-03-14,1890.699951171875,0.0983820710418239,INFY,16871.30078125,-0.028975911523906772,0.12735798256573067,True
2022-03-14,1116.298828125,0.0178630699066832,RELIANCE,16871.30078125,-0.028975911523906772,0.04683898143058997,True
2022-03-14,3643.0,-0.0140597171432318,TCS,16871.30078125,-0.028975911523906772,0.014916194380674971,True
2022-03-15,712.0,-0.0337246066489681,HDFCBANK,16663.0,-0.01067523053827013,-0.023049376110697968,False
2022-03-15,697.3499755859375,-0.0747645425347494,ICICIBANK,16663.0,-0.01067523053827013,-0.06408931199647927,False
2022-03-15,1839.300048828125,0.0933896696090195,INFY,16663.0,-0.01067523053827013,0.10406490014728963,True
2022-03-15,1090.7318115234375,0.0106476112011824,RELIANCE,16663.0,-0.01067523053827013,0.02132284173945253,True
2022-03-15,3593.89990234375,-0.037455667266488,TCS,16663.0,-0.01067523053827013,-0.026780436728217873,False
2022-03-16,724.0750122070312,-0.0458888010102769,HDFCBANK,16975.349609375,-0.021731780028350633,-0.024157020981926264,False
2022-03-16,708.0,-0.0876876346412917,ICICIBANK,16975.349609375,-0.021731780028350633,-0.06595585461294107,False
2022-03-16,1889.4000244140625,0.0869552851511936,INFY,16975.349609375,-0.021731780028350633,0.10868706517954424,True
2022-03-16,1109.1456298828125,-0.0060381883662727,RELIANCE,16975.349609375,-0.021731780028350633,0.015693591662077934,True
2022-03-16,3655.89990234375,-0.0424066594409705,TCS,16975.349609375,-0.021731780028350633,-0.02067487941261987,False
2022-03-17,740.0250244140625,-0.0235526644709714,HDFCBANK,17287.05078125,-0.0020290978677784954,-0.021523566603192906,False
2022-03-17,720.0999755859375,-0.0575224303503819,ICICIBANK,17287.05078125,-0.0020290978677784954,-0.05549333248260341,False
2022-03-17,1854.5999755859373,0.0699820708133149,INFY,17287.05078125,-0.0020290978677784954,0.07201116868109339,True
2022-03-17,1145.30419921875,0.0284921262626178,RELIANCE,17287.05078125,-0.0020290978677784954,0.030521224130396294,True
2022-03-17,3672.75,-0.0368073467944146,TCS,17287.05078125,-0.0020290978677784954,-0.034778248926636106,False
2022-03-21,743.25,-0.0132758048456688,HDFCBANK,17117.599609375,-0.010806375427414694,-0.0024694294182541054,False
2022-03-21,710.75,-0.0527753406735496,ICICIBANK,17117.599609375,-0.010806375427414694,-0.04196896524613491,False
2022-03-21,1853.050048828125,0.0743564450193148,INFY,17117.599609375,-0.010806375427414694,0.0851628204467295,True
2022-03-21,1138.7047119140625,0.0097811063798831,RELIANCE,17117.599609375,-0.010806375427414694,0.020587481807297796,True
2022-03-21,3626.699951171875,-0.0416204222906418,TCS,17117.599609375,-0.010806375427414694,-0.030814046863227106,False
2022-03-22,747.0750122070312,-0.0120342192387206,HDFCBANK,17315.5,0.0022689590350581934,-0.014303178273778793,False
2022-03-22,718.2000122070312,-0.0409934720339352,ICICIBANK,17315.5,0.0022689590350581934,-0.04326243106899339,False
2022-03-22,1887.4000244140625,0.1057149174867739,INFY,17315.5,0.0022689590350581934,0.10344595845171571,True
2022-03-22,1168.1253662109375,0.0440315380064137,RELIANCE,17315.5,0.0022689590350581934,0.041762578971355505,True
2022-03-22,3700.949951171875,-0.0244998427909111,TCS,17315.5,0.0022689590350581934,-0.026768801825969295,False
2022-03-23,739.625,-0.0281518798194857,HDFCBANK,17245.650390625,0.0022665654915177136,-0.030418445311003413,False
2022-03-23,718.2999877929688,-0.0479157317637399,ICICIBANK,17245.650390625,0.0022665654915177136,-0.050182297255257614,False
2022-03-23,1872.4000244140625,0.0818744307158736,INFY,17245.650390625,0.0022665654915177136,0.07960786522435588,True
2022-03-23,1171.84033203125,0.0580440287188095,RELIANCE,17245.650390625,0.0022665654915177136,0.05577746322729179,True
2022-03-23,3712.39990234375,-0.001882024031777,TCS,17245.650390625,0.0022665654915177136,-0.004148589523294713,False
2022-03-24,721.3250122070312,-0.0450452961920234,HDFCBANK,17222.75,0.00763803297511223,-0.05268332916713563,False
2022-03-24,704.2000122070312,-0.0626913035421432,ICICIBANK,17222.75,0.00763803297511223,-0.07032933651725543,False
2022-03-24,1886.699951171875,0.0878426948023953,INFY,17222.75,0.00763803297511223,0.08020466182728307,True
2022-03-24,1190.0465087890625,0.0793846766378032,RELIANCE,17222.75,0.00763803297511223,0.07174664366269097,True
2022-03-24,3749.85009765625,0.0455750055105912,TCS,17222.75,0.00763803297511223,0.03793697253547897,True
2022-03-25,715.4500122070312,-0.0466386826979547,HDFCBANK,17153.0,0.005259842058224606,-0.05189852475617931,False
2022-03-25,699.25,-0.0609051532002145,ICICIBANK,17153.0,0.005259842058224606,-0.06616499525843911,False
2022-03-25,1876.550048828125,0.0767134722523883,INFY,17153.0,0.005259842058224606,0.07145363019416369,True
2022-03-25,1197.984375,0.0934268962688804,RELIANCE,17153.0,0.005259842058224606,0.0881670542106558,True
2022-03-25,3707.449951171875,0.0403080701429885,TCS,17153.0,0.005259842058224606,0.03504822808476389,True
2022-03-28,716.4000244140625,0.0094406257457928,HDFCBANK,17222.0,0.05994908852985725,-0.050508462784064456,False
2022-03-28,710.3499755859375,0.0041701315663911,ICICIBANK,17222.0,0.05994908852985725,-0.05577895696346615,False
2022-03-28,1873.9000244140625,0.1166463052481541,INFY,17222.0,0.05994908852985725,0.05669721671829685,True
2022-03-28,1210.029541015625,0.1623407925537485,RELIANCE,17222.0,0.05994908852985725,0.10239170402389125,True
2022-03-28,3707.699951171875,0.0899710604013821,TCS,17222.0,0.05994908852985725,0.030021971871524847,True
2022-03-29,725.9000244140625,-0.0029530436301822,HDFCBANK,17325.30078125,0.04003387930334035,-0.04298692293352255,False
2022-03-29,715.2999877929688,-0.0202040959477186,ICICIBANK,17325.30078125,0.04003387930334035,-0.06023797525105895,False
2022-03-29,1886.0,0.1129470241777164,INFY,17325.30078125,0.04003387930334035,0.07291314487437606,True
2022-03-29,1210.306396484375,0.1482518766972906,RELIANCE,17325.30078125,0.04003387930334035,0.10821799739395024,True
2022-03-29,3705.35009765625,0.052432037962437,TCS,17325.30078125,0.04003387930334035,0.012398158659096652,True
2022-03-30,738.4749755859375,0.0355477308829974,HDFCBANK,17498.25,0.041940799516007266,-0.0063930686330098685,False
2022-03-30,730.9000244140625,-0.0158879596055256,ICICIBANK,17498.25,0.041940799516007266,-0.05782875912153286,False
2022-03-30,1903.949951171875,0.1097866508896454,INFY,17498.25,0.041940799516007266,0.06784585137363813,True
2022-03-30,1233.5660400390625,0.1328220408428646,RELIANCE,17498.25,0.041940799516007266,0.09088124132685735,True
2022-03-30,3731.550048828125,0.049898739545527,TCS,17498.25,0.041940799516007266,0.007957940029519738,True
2022-03-31,735.1749877929688,0.0699290344449246,HDFCBANK,17464.75,0.05171645233506528,0.01821258210985932,True
2022-03-31,730.2999877929688,0.0216129436031209,ICICIBANK,17464.75,0.05171645233506528,-0.030103508731944378,False
2022-03-31,1906.8499755859373,0.119831994894668,INFY,17464.75,0.05171645233506528,0.06811554255960273,True
2022-03-31,1215.9366455078125,0.0984761314930986,RELIANCE,17464.75,0.05171645233506528,0.04675967915803332,True
2022-03-31,3739.949951171875,0.054650833767641,TCS,17464.75,0.05171645233506528,0.002934381432575725,True
2022-04-01,753.0,0.0984682713347921,HDFCBANK,17670.44921875,0.0710628457291711,0.02740542560562101,True
2022-04-01,736.25,0.0543462879427725,ICICIBANK,17670.44921875,0.0710628457291711,-0.0167165577863986,False
2022-04-01,1903.550048828125,0.1061685073273046,INFY,17670.44921875,0.0710628457291711,0.0351056615981335,True
2022-04-01,1225.67431640625,0.116700960482647,RELIANCE,17670.44921875,0.0710628457291711,0.0456381147534759,True
2022-04-01,3758.75,0.0604757091643384,TCS,17670.44921875,0.0710628457291711,-0.010587136564832698,False
2022-04-04,828.4000244140625,0.2124405772617088,HDFCBANK,18053.400390625,0.11129651406249796,0.10114406319921085,True
2022-04-04,746.5999755859375,0.0850955436839369,ICICIBANK,18053.400390625,0.11129651406249796,-0.02620097037856106,False
2022-04-04,1882.949951171875,0.0926419647305847,INFY,18053.400390625,0.11129651406249796,-0.018654549331913267,False
2022-04-04,1229.297119140625,0.1454064438198861,RELIANCE,18053.400390625,0.11129651406249796,0.034109929757388135,True
2022-04-04,3770.35009765625,0.0698001030498058,TCS,18053.400390625,0.11129651406249796,-0.041496411012692164,False
2022-04-05,804.125,0.2139567789287189,HDFCBANK,17957.400390625,0.13201980366003996,0.08193697526867894,True
2022-04-05,741.7999877929688,0.1346844937559752,ICICIBANK,17957.400390625,0.13201980366003996,0.0026646900959352293,True
2022-04-05,1861.0999755859373,0.0696899167752471,INFY,17957.400390625,0.13201980366003996,-0.062329886884792865,False
2022-04-05,1211.921630859375,0.1725792495870368,RELIANCE,17957.400390625,0.13201980366003996,0.04055944592699684,True
2022-04-05,3814.800048828125,0.0946656018046607,TCS,17957.400390625,0.13201980366003996,-0.03735420185537926,False
2022-04-06,775.4249877929688,0.1679845749024255,HDFCBANK,17807.650390625,0.11204332441972453,0.05594125048270096,True
2022-04-06,741.5999755859375,0.1151879332119361,ICICIBANK,17807.650390625,0.11204332441972453,0.0031446087922115673,True
2022-04-06,1828.8499755859373,0.0284838745950266,INFY,17807.650390625,0.11204332441972453,-0.08355944982469793,False
2022-04-06,1208.691162109375,0.1715723963402671,RELIANCE,17807.650390625,0.11204332441972453,0.059529071920542576,True
2022-04-06,3755.35009765625,0.0431673074882021,TCS,17807.650390625,0.11204332441972453,-0.06887601693152243,False
2022-04-07,758.375,0.1061882164558594,HDFCBANK,17639.55078125,0.0791785555405129,0.027009660915346498,True
2022-04-07,748.5499877929688,0.1215071902055515,ICICIBANK,17639.55078125,0.0791785555405129,0.0423286346650386,True
2022-04-07,1811.0,-0.0012959305250371,INFY,17639.55078125,0.0791785555405129,-0.08047448606555,False
2022-04-07,1187.369873046875,0.0929230198093782,RELIANCE,17639.55078125,0.0791785555405129,0.013744464268865303,True
2022-04-07,3684.14990234375,0.0141908834723536,TCS,17639.55078125,0.0791785555405129,-0.0649876720681593,False
2022-04-08,757.3250122070312,0.0875637807982787,HDFCBANK,17784.349609375,0.0716755865206613,0.015888194277617396,True
2022-04-08,754.2999877929688,0.1148389225697841,ICICIBANK,17784.349609375,0.0716755865206613,0.0431633360491228,True
2022-04-08,1814.5999755859373,-0.0061887555052481,INFY,17784.349609375,0.0716755865206613,-0.0778643420259094,False
2022-04-08,1207.1220703125,0.0933849438244984,RELIANCE,17784.349609375,0.0716755865206613,0.021709357303837093,True
2022-04-08,3685.64990234375,0.0178682257541107,TCS,17784.349609375,0.0716755865206613,-0.053807360766550606,False
2022-04-11,748.0750122070312,0.0711268414325223,HDFCBANK,17674.94921875,0.06280648142819723,0.00832036000432508,True
2022-04-11,759.5999755859375,0.1205191742580209,ICICIBANK,17674.94921875,0.06280648142819723,0.05771269282982368,True
2022-04-11,1766.550048828125,-0.030433562662939,INFY,17674.94921875,0.06280648142819723,-0.09324004409113623,False
2022-04-11,1204.60693359375,0.0879687664342363,RELIANCE,17674.94921875,0.06280648142819723,0.02516228500603908,True
2022-04-11,3696.39990234375,0.027020269407693,TCS,17674.94921875,0.06280648142819723,-0.03578621202050422,False
2022-04-12,746.75,0.0353193646302012,HDFCBANK,17530.30078125,0.039060414401027366,-0.003741049770826163,False
2022-04-12,763.8499755859375,0.0972490825219132,ICICIBANK,17530.30078125,0.039060414401027366,0.05818866812088583,True
2022-04-12,1742.449951171875,-0.0784101146816622,INFY,17530.30078125,0.039060414401027366,-0.11747052908268957,False
2022-04-12,1181.9241943359375,0.0587883499986878,RELIANCE,17530.30078125,0.039060414401027366,0.019727935597660437,True
2022-04-12,3691.10009765625,0.0132034305946335,TCS,17530.30078125,0.039060414401027366,-0.025856983806393865,False
2022-04-13,732.4749755859375,0.0287569881824965,HDFCBANK,17475.650390625,0.04876975278311235,-0.02001276460061585,False
2022-04-13,762.25,0.0930666475746719,ICICIBANK,17475.650390625,0.04876975278311235,0.04429689479155954,True
2022-04-13,1748.550048828125,-0.0493394212966066,INFY,17475.650390625,0.04876975278311235,-0.09810917407971895,False
2022-04-13,1177.5860595703125,0.0796293342958107,RELIANCE,17475.650390625,0.04876975278311235,0.030859581512698353,True
2022-04-13,3661.949951171875,0.018934875950147,TCS,17475.650390625,0.04876975278311235,-0.029834876832965353,False
2022-04-18,697.7249755859375,-0.0363913077745591,HDFCBANK,17173.650390625,0.01168169055796553,-0.04807299833252463,False
2022-04-18,757.7999877929688,0.0703389658092779,ICICIBANK,17173.650390625,0.01168169055796553,0.05865727525131237,True
2022-04-18,1621.4000244140625,-0.1418439697983552,INFY,17173.650390625,0.01168169055796553,-0.15352566035632073,False
2022-04-18,1173.986328125,0.0584600403186355,RELIANCE,17173.650390625,0.01168169055796553,0.04677834976066997,True
2022-04-18,3528.050048828125,-0.0349708298724651,TCS,17173.650390625,0.01168169055796553,-0.04665252043043063,False
2022-04-19,671.0999755859375,-0.0931388082216524,HDFCBANK,16958.650390625,-0.018996900904646563,-0.07414190731700583,False
2022-04-19,766.2999877929688,0.0641577749942829,ICICIBANK,16958.650390625,-0.018996900904646563,0.08315467589892947,True
2022-04-19,1562.0,-0.1577698584264749,INFY,16958.650390625,-0.018996900904646563,-0.13877295752182833,False
2022-04-19,1218.728759765625,0.0641092214600804,RELIANCE,16958.650390625,-0.018996900904646563,0.08310612236472696,True
2022-04-19,3471.89990234375,-0.0546865693707031,TCS,16958.650390625,-0.018996900904646563,-0.035689668466056534,False
2022-04-20,677.1500244140625,-0.0889337041183148,HDFCBANK,17136.55078125,0.0011071162024738346,-0.09004082032078864,False
2022-04-20,755.5499877929688,0.0630319912669274,ICICIBANK,17136.55078125,0.0011071162024738346,0.06192487506445357,True
2022-04-20,1587.699951171875,-0.1431964008873145,INFY,17136.55078125,0.0011071162024738346,-0.14430351708978834,False
2022-04-20,1254.564208984375,0.1017467442244643,RELIANCE,17136.55078125,0.0011071162024738346,0.10063962802199046,True
2022-04-20,3556.800048828125,-0.0192736932431268,TCS,17136.55078125,0.0011071162024738346,-0.020380809445600636,False
2022-04-21,687.1749877929688,-0.0801793975642473,HDFCBANK,17392.599609375,0.004452635463890742,-0.08463203302813804,False
2022-04-21,762.3499755859375,0.0614730752276559,ICICIBANK,17392.599609375,0.004452635463890742,0.05702043976376516,True
2022-04-21,1618.800048828125,-0.1423121607033588,INFY,17392.599609375,0.004452635463890742,-0.14676479616724955,False
2022-04-21,1283.938720703125,0.0991446276591465,RELIANCE,17392.599609375,0.004452635463890742,0.09469199219525576,True
2022-04-21,3628.64990234375,-0.0195355381137298,TCS,17392.599609375,0.004452635463890742,-0.023988173577620543,False
2022-04-22,677.7999877929688,-0.0835896734250887,HDFCBANK,17171.94921875,-0.004273609298902747,-0.07931606412618596,False
2022-04-22,747.6500244140625,0.0408604164275068,ICICIBANK,17171.94921875,-0.004273609298902747,0.045134025726409545,True
2022-04-22,1585.449951171875,-0.1532525472658995,INFY,17171.94921875,-0.004273609298902747,-0.14897893796699677,False
2022-04-22,1273.185791015625,0.086484016818831,RELIANCE,17171.94921875,-0.004273609298902747,0.09075762611773375,True
2022-04-22,3612.550048828125,-0.0268963086257455,TCS,17171.94921875,-0.004273609298902747,-0.022622699326842754,False
2022-04-25,682.875,-0.0533046983763756,HDFCBANK,16953.94921875,-0.015607309009885162,-0.03769738936649044,False
2022-04-25,752.2000122070312,0.068162452666769,ICICIBANK,16953.94921875,-0.015607309009885162,0.08376976167665416,True
2022-04-25,1561.0999755859375,-0.1725764477725774,INFY,16953.94921875,-0.015607309009885162,-0.15696913876269225,False
2022-04-25,1243.7420654296875,0.045120553057429,RELIANCE,16953.94921875,-0.015607309009885162,0.06072786206731416,True
2022-04-25,3548.199951171875,-0.0537755220163097,TCS,16953.94921875,-0.015607309009885162,-0.03816821300642454,False
2022-04-26,686.0250244140625,-0.0411279436591217,HDFCBANK,17200.80078125,0.002786730090946099,-0.0439146737500678,False
2022-04-26,753.75,0.0779406506971756,ICICIBANK,17200.80078125,0.002786730090946099,0.0751539206062295,True
2022-04-26,1581.0,-0.1574964915072162,INFY,17200.80078125,0.002786730090946099,-0.1602832215981623,False
2022-04-26,1280.9620361328125,0.0692643934799337,RELIANCE,17200.80078125,0.002786730090946099,0.0664776633889876,True
2022-04-26,3546.300048828125,-0.043466507833184,TCS,17200.80078125,0.002786730090946099,-0.0462532379241301,False
2022-04-27,686.2750244140625,-0.0420505289968952,HDFCBANK,17038.400390625,-0.010660760038032735,-0.03138976895886247,False
2022-04-27,736.7000122070312,0.0370944429178852,ICICIBANK,17038.400390625,-0.010660760038032735,0.04775520295591793,True
2022-04-27,1552.800048828125,-0.1713538456707903,INFY,17038.400390625,-0.010660760038032735,-0.16069308563275755,False
2022-04-27,1282.2081298828125,0.0596502700310979,RELIANCE,17038.400390625,-0.010660760038032735,0.07031103006913064,True
2022-04-27,3561.199951171875,-0.0395123666772702,TCS,17038.400390625,-0.010660760038032735,-0.028851606639237463,False
2022-04-28,685.6749877929688,-0.0554140174517322,HDFCBANK,17245.05078125,-0.0046319542161628036,-0.0507820632355694,False
2022-04-28,747.1500244140625,0.0445268239404921,ICICIBANK,17245.05078125,-0.0046319542161628036,0.049158778156654905,True
2022-04-28,1582.5999755859375,-0.1608695781622813,INFY,17245.05078125,-0.0046319542161628036,-0.1562376239461185,False
2022-04-28,1301.3603515625,0.0752321522406334,RELIANCE,17245.05078125,-0.0046319542161628036,0.0798641064567962,True
2022-04-28,3584.300048828125,-0.0326689909557245,TCS,17245.05078125,-0.0046319542161628036,-0.028037036739561698,False
2022-04-29,692.2999877929688,-0.0625274915461171,HDFCBANK,17102.55078125,-0.022613645293100726,-0.039913846253016375,False
2022-04-29,743.2999877929688,0.0169653344708078,ICICIBANK,17102.55078125,-0.022613645293100726,0.03957897976390853,True
2022-04-29,1567.550048828125,-0.1766852653541113,INFY,17102.55078125,-0.022613645293100726,-0.15407162006101058,False
2022-04-29,1287.699951171875,0.0438840802808564,RELIANCE,17102.55078125,-0.022613645293100726,0.06649772557395713,True
2022-04-29,3546.699951171875,-0.049537081169339,TCS,17102.55078125,-0.022613645293100726,-0.026923435876238272,False
2022-05-02,701.8499755859375,-0.0453293607105358,HDFCBANK,17069.099609375,-0.022654225833464547,-0.022675134877071255,False
2022-05-02,741.0,0.0146515300368108,ICICIBANK,17069.099609375,-0.022654225833464547,0.03730575587027535,True
2022-05-02,1541.0,-0.1918609121168637,INFY,17069.099609375,-0.022654225833464547,-0.16920668628339916,False
2022-05-02,1283.17724609375,0.0552994276752434,RELIANCE,17069.099609375,-0.022654225833464547,0.07795365350870795,True
2022-05-02,3542.39990234375,-0.0528215755310373,TCS,17069.099609375,-0.022654225833464547,-0.030167349697572753,False
2022-05-04,678.0,-0.099601593625498,HDFCBANK,16677.599609375,-0.05618700447759384,-0.043414589147904165,False
2022-05-04,724.25,-0.0162988115449914,ICICIBANK,16677.599609375,-0.05618700447759384,0.03988819293260244,True
2022-05-04,1535.550048828125,-0.1933229968009249,INFY,16677.599609375,-0.05618700447759384,-0.13713599232333107,False
2022-05-04,1243.1190185546875,0.0142327385953442,RELIANCE,16677.599609375,-0.05618700447759384,0.07041974307293804,True
2022-05-04,3479.75,-0.0742268041237113,TCS,16677.599609375,-0.05618700447759384,-0.01803979964611746,False
2022-05-05,676.4749755859375,-0.1833957560969212,HDFCBANK,16682.650390625,-0.07592752447410522,-0.10746823162281596,False
2022-05-05,728.7999877929688,-0.0238413988414601,ICICIBANK,16682.650390625,-0.07592752447410522,0.05208612563264513,True
2022-05-05,1585.1500244140625,-0.1581560500705148,INFY,16682.650390625,-0.07592752447410522,-0.08222852559640959,False
2022-05-05,1218.77490234375,-0.0085595391325986,RELIANCE,16682.650390625,-0.07592752447410522,0.06736798534150662,True
2022-05-05,3513.39990234375,-0.0681502217717731,TCS,16682.650390625,-0.07592752447410522,0.007777302702332123,True
2022-05-06,658.7999877929688,-0.1807244050452743,HDFCBANK,16411.25,-0.08610101445597862,-0.09462339058929567,False
2022-05-06,719.25,-0.03039901343226,ICICIBANK,16411.25,-0.08610101445597862,0.05570200102371862,True
2022-05-06,1542.8499755859375,-0.1710010231448226,INFY,16411.25,-0.08610101445597862,-0.08490000868884398,False
2022-05-06,1209.4295654296875,-0.0020562925573994,RELIANCE,16411.25,-0.08610101445597862,0.08404472189857921,True
2022-05-06,3432.60009765625,-0.1001887245150067,TCS,16411.25,-0.08610101445597862,-0.014087710059028077,False
2022-05-09,659.9249877929688,-0.1489505778356957,HDFCBANK,16301.849609375,-0.08455920619616064,-0.06439137163953507,False
2022-05-09,710.3499755859375,-0.0421386205889628,ICICIBANK,16301.849609375,-0.08455920619616064,0.042420585607197844,True
2022-05-09,1570.3499755859375,-0.1413456562598471,INFY,16301.849609375,-0.08455920619616064,-0.05678645006368646,False
2022-05-09,1162.195068359375,-0.0384681341335004,RELIANCE,16301.849609375,-0.08455920619616064,0.04609107206266024,True
2022-05-09,3445.10009765625,-0.0826154664497539,TCS,16301.849609375,-0.08455920619616064,0.0019437397464067419,True
2022-05-10,670.5250244140625,-0.1158397568299818,HDFCBANK,16240.0498046875,-0.0793388104900099,-0.03650094633997189,False
2022-05-10,711.2999877929688,-0.0497628757029683,ICICIBANK,16240.0498046875,-0.0793388104900099,0.029575934787041604,True
2022-05-10,1553.0,-0.1424627277747101,INFY,16240.0498046875,-0.0793388104900099,-0.06312391728470021,False
2022-05-10,1142.050537109375,-0.0381678337696133,RELIANCE,16240.0498046875,-0.0793388104900099,0.0411709767203966,True
2022-05-10,3438.75,-0.0666096409887213,TCS,16240.0498046875,-0.0793388104900099,0.012729169501288606,True
2022-05-11,674.2999877929688,-0.1096293177642544,HDFCBANK,16167.099609375,-0.09093669633819323,-0.018692621426061165,False
2022-05-11,714.2000122070312,-0.0531618404280601,ICICIBANK,16167.099609375,-0.09093669633819323,0.03777485591013313,True
2022-05-11,1526.75,-0.1586299897821778,INFY,16167.099609375,-0.09093669633819323,-0.06769329344398456,False
2022-05-11,1130.3515625,-0.0635979655252476,RELIANCE,16167.099609375,-0.09093669633819323,0.027338730812945633,True
2022-05-11,3412.0,-0.0742473945150712,TCS,16167.099609375,-0.09093669633819323,0.016689301823122032,True
2022-05-12,651.5250244140625,-0.1290645807137965,HDFCBANK,15808.0,-0.10562685050147114,-0.02343773021232537,False
2022-05-12,695.7999877929688,-0.0839915611421063,ICICIBANK,15808.0,-0.10562685050147114,0.02163528935936483,True
2022-05-12,1508.800048828125,-0.1459058576749543,INFY,15808.0,-0.10562685050147114,-0.04027900717348315,False
2022-05-12,1107.32275390625,-0.0807601027143919,RELIANCE,15808.0,-0.10562685050147114,0.024866747787079244,True
2022-05-12,3408.64990234375,-0.0778460143929633,TCS,15808.0,-0.10562685050147114,0.02778083610850783,True
2022-05-13,645.6749877929688,-0.1353532135346919,HDFCBANK,15782.150390625,-0.09972164268252492,-0.03563157085216698,False
2022-05-13,677.3499755859375,-0.1132421323096164,ICICIBANK,15782.150390625,-0.09972164268252492,-0.013520489627091473,False
2022-05-13,1504.4000244140625,-0.1366179422242305,INFY,15782.150390625,-0.09972164268252492,-0.03689629954170556,False
2022-05-13,1119.87548828125,-0.0524980420504459,RELIANCE,15782.150390625,-0.09972164268252492,0.047223600632079026,True
2022-05-13,3414.89990234375,-0.0748286928029613,TCS,15782.150390625,-0.09972164268252492,0.024892949879563628,True
2022-05-16,652.5499877929688,-0.1091163390654177,HDFCBANK,15842.2998046875,-0.09346436609957176,-0.015651972965845945,False
2022-05-16,683.0,-0.1039685142669727,ICICIBANK,15842.2998046875,-0.09346436609957176,-0.010504148167400945,False
2022-05-16,1489.0999755859375,-0.1483801241011491,INFY,15842.2998046875,-0.09346436609957176,-0.05491575800157733,False
2022-05-16,1120.1524658203125,-0.0487723111896865,RELIANCE,15842.2998046875,-0.09346436609957176,0.04469205490988526,True
2022-05-16,3376.800048828125,-0.0778683232010033,TCS,15842.2998046875,-0.09346436609957176,0.01559604289856846,True
2022-05-17,657.0,-0.0583682353519556,HDFCBANK,16259.2998046875,-0.05324148128907058,-0.005126754062885021,False
2022-05-17,710.0,-0.0630773140181518,ICICIBANK,16259.2998046875,-0.05324148128907058,-0.009835832729081215,False
2022-05-17,1518.449951171875,-0.0634945551326183,INFY,16259.2998046875,-0.05324148128907058,-0.01025307384354772,False
2022-05-17,1167.2022705078125,-0.0057786512965806,RELIANCE,16259.2998046875,-0.05324148128907058,0.04746282999248998,True
2022-05-17,3451.60009765625,-0.0216691798908206,TCS,16259.2998046875,-0.05324148128907058,0.03157230139824998,True
2022-05-18,656.9500122070312,-0.0210847323702432,HDFCBANK,16240.2998046875,-0.04235894775769511,0.02127421538745191,True
2022-05-18,707.3499755859375,-0.0769281132012202,ICICIBANK,16240.2998046875,-0.04235894775769511,-0.03456916544352509,False
2022-05-18,1509.199951171875,-0.0338028481614116,INFY,16240.2998046875,-0.04235894775769511,0.008556099596283506,True
2022-05-18,1171.4481201171875,-0.0387950471091944,RELIANCE,16240.2998046875,-0.04235894775769511,0.0035639006485007063,True
2022-05-18,3448.800048828125,-0.0066533754328663,TCS,16240.2998046875,-0.04235894775769511,0.03570557232482881,True
2022-05-19,643.5250244140625,-0.0496566474011364,HDFCBANK,15809.400390625,-0.07744559611594093,0.02778894871480453,True
2022-05-19,690.2999877929688,-0.0863609305197677,ICICIBANK,15809.400390625,-0.07744559611594093,-0.008915334403826775,False
2022-05-19,1427.1500244140625,-0.1011210755781099,INFY,15809.400390625,-0.07744559611594093,-0.02367547946216897,False
2022-05-19,1144.4503173828125,-0.0877706304810851,RELIANCE,15809.400390625,-0.07744559611594093,-0.010325034365144176,False
2022-05-19,3261.949951171875,-0.0828975746762586,TCS,15809.400390625,-0.07744559611594093,-0.005451978560317677,False
2022-05-20,660.4749755859375,-0.0388547497818348,HDFCBANK,16266.150390625,-0.06476600646534858,0.02591125668351378,True
2022-05-20,709.5499877929688,-0.0692595126698693,ICICIBANK,16266.150390625,-0.06476600646534858,-0.004493506204520714,False
2022-05-20,1455.1500244140625,-0.101093414552669,INFY,16266.150390625,-0.06476600646534858,-0.03632740808732042,False
2022-05-20,1211.1832275390625,-0.0566658610655649,RELIANCE,16266.150390625,-0.06476600646534858,0.008100145399783681,True
2022-05-20,3293.0,-0.0924999411287799,TCS,16266.150390625,-0.06476600646534858,-0.027733934663431326,False
2022-05-23,652.0,-0.0380643084355576,HDFCBANK,16214.7001953125,-0.05574492512429996,0.017680616688742358,True
2022-05-23,711.0499877929688,-0.0489534346632001,ICICIBANK,16214.7001953125,-0.05574492512429996,0.006791490461099857,True
2022-05-23,1468.4000244140625,-0.0738275759958841,INFY,16214.7001953125,-0.05574492512429996,-0.018082650871584144,False
2022-05-23,1203.083984375,-0.0550601547199992,RELIANCE,16214.7001953125,-0.05574492512429996,0.0006847704043007607,True
2022-05-23,3321.75,-0.0804971681769385,TCS,16214.7001953125,-0.05574492512429996,-0.02475224305263854,False
2022-05-24,659.4749755859375,-0.0342669220780706,HDFCBANK,16125.150390625,-0.04888529612961212,0.014618374051541524,True
2022-05-24,708.1500244140625,-0.0585615355997158,ICICIBANK,16125.150390625,-0.04888529612961212,-0.009676239470103681,False
2022-05-24,1441.0,-0.0769329174711309,INFY,16125.150390625,-0.04888529612961212,-0.02804762134151878,False
2022-05-24,1207.21435546875,-0.02936920039632,RELIANCE,16125.150390625,-0.04888529612961212,0.019516095733292122,True
2022-05-24,3288.0,-0.0733329448037273,TCS,16125.150390625,-0.04888529612961212,-0.024447648674115183,False
2022-05-25,664.4000244140625,-0.0315221737260532,HDFCBANK,16025.7998046875,-0.06831082991457749,0.03678865618852429,True
2022-05-25,713.3499755859375,-0.0535987056902984,ICICIBANK,16025.7998046875,-0.06831082991457749,0.014712124224279088,True
2022-05-25,1410.449951171875,-0.1078747936926787,INFY,16025.7998046875,-0.06831082991457749,-0.039563963778101216,False
2022-05-25,1205.4376220703125,-0.0589591353468257,RELIANCE,16025.7998046875,-0.06831082991457749,0.009351694567751784,True
2022-05-25,3167.64990234375,-0.1067732964697952,TCS,16025.7998046875,-0.06831082991457749,-0.03846246655521772,False
2022-05-26,683.3499755859375,-0.0042622108106329,HDFCBANK,16170.150390625,-0.05095842215785318,0.04669621134722028,True
2022-05-26,728.5,-0.0111307344525016,ICICIBANK,16170.150390625,-0.05095842215785318,0.039827687705351576,True
2022-05-26,1423.949951171875,-0.082979194747895,INFY,16170.150390625,-0.05095842215785318,-0.032020772590041824,False
2022-05-26,1193.9462890625,-0.0688358143762348,RELIANCE,16170.150390625,-0.05095842215785318,-0.017877392218381624,False
2022-05-26,3226.949951171875,-0.0938588129234386,TCS,16170.150390625,-0.05095842215785318,-0.042900390765585425,False
2022-05-27,696.0250244140625,0.0150946684731905,HDFCBANK,16352.4501953125,-0.05175981197503898,0.06685448044822948,True
2022-05-27,739.7999877929688,-0.009837430744726,ICICIBANK,16352.4501953125,-0.05175981197503898,0.041922381230312986,True
2022-05-27,1461.3499755859375,-0.0766144331293249,INFY,16352.4501953125,-0.05175981197503898,-0.02485462115428591,False
2022-05-27,1188.408203125,-0.08679544316982,RELIANCE,16352.4501953125,-0.05175981197503898,-0.03503563119478102,False
2022-05-27,3261.300048828125,-0.090115223502453,TCS,16352.4501953125,-0.05175981197503898,-0.03835541152741402,False
2022-05-30,700.7750244140625,0.012241855800275,HDFCBANK,16661.400390625,-0.02579442074270266,0.038036276542977664,True
2022-05-30,748.5,0.0069958459470331,ICICIBANK,16661.400390625,-0.02579442074270266,0.03279026668973576,True
2022-05-30,1526.800048828125,-0.0259959801796848,INFY,16661.400390625,-0.02579442074270266,-0.00020155943698213843,False
2022-05-30,1229.8048095703125,-0.0449601178821781,RELIANCE,16661.400390625,-0.02579442074270266,-0.01916569713947544,False
2022-05-30,3375.25,-0.0483406979818593,TCS,16661.400390625,-0.02579442074270266,-0.022546277239156635,False
2022-05-31,694.4749755859375,-0.0105079436582483,HDFCBANK,16584.55078125,-0.02838748611314379,0.017879542454895488,True
2022-05-31,752.8499755859375,0.0159918698865553,ICICIBANK,16584.55078125,-0.02838748611314379,0.04437935599969909,True
2022-05-31,1503.5999755859375,-0.0242699704179509,INFY,16584.55078125,-0.02838748611314379,0.004117515695192888,True
2022-05-31,1214.967529296875,-0.0531568939556239,RELIANCE,16584.55078125,-0.02838748611314379,-0.024769407842480114,False
2022-05-31,3364.35009765625,-0.0502624801253233,TCS,16584.55078125,-0.02838748611314379,-0.02187499401217951,False
2022-06-01,697.4249877929688,0.0286504244734051,HDFCBANK,16522.75,-0.009284885894967454,0.037935310368372555,True
2022-06-01,752.6500244140625,0.0392130126531757,ICICIBANK,16522.75,-0.009284885894967454,0.048497898548143153,True
2022-06-01,1478.550048828125,-0.0371202488928968,INFY,16522.75,-0.009284885894967454,-0.027835362997929346,False
2022-06-01,1215.35986328125,-0.0223302474333565,RELIANCE,16522.75,-0.009284885894967454,-0.013045361538389047,False
2022-06-01,3355.199951171875,-0.0357928152390617,TCS,16522.75,-0.009284885894967454,-0.026507929344094246,False
2022-06-02,692.5499877929688,0.023762907405566,HDFCBANK,16628.0,-0.003275881790084867,0.027038789195650868,True
2022-06-02,749.75,0.0287459008753201,ICICIBANK,16628.0,-0.003275881790084867,0.032021782665404966,True
2022-06-02,1508.0,-0.0486704874780419,INFY,16628.0,-0.003275881790084867,-0.045394605687957036,False
2022-06-02,1257.2640380859375,0.031580184058739,RELIANCE,16628.0,-0.003275881790084867,0.034856065848823864,True
2022-06-02,3423.0,-0.0257300349679651,TCS,16628.0,-0.003275881790084867,-0.022454153177880232,False
2022-06-03,690.1500244140625,0.0475865774164914,HDFCBANK,16584.30078125,0.010544643537207632,0.03704193387928377,True
2022-06-03,744.2999877929688,0.0348279288049617,ICICIBANK,16584.30078125,0.010544643537207632,0.02428328526775407,True
2022-06-03,1521.699951171875,-0.0137084128390579,INFY,16584.30078125,0.010544643537207632,-0.02425305637626553,False
2022-06-03,1282.73876953125,0.0606146948917336,RELIANCE,16584.30078125,0.010544643537207632,0.05007005135452597,True
2022-06-03,3440.14990234375,0.0021994419602373,TCS,16584.30078125,0.010544643537207632,-0.008345201576970333,False
2022-06-06,689.2249755859375,0.0443989670567841,HDFCBANK,16569.55078125,0.016421521378840787,0.027977445677943316,True
2022-06-06,746.75,0.0512423814529416,ICICIBANK,16569.55078125,0.016421521378840787,0.03482086007410081,True
2022-06-06,1530.050048828125,-0.0256630225009399,INFY,16569.55078125,0.016421521378840787,-0.04208454387978069,False
2022-06-06,1277.223876953125,0.0989754747076423,RELIANCE,16569.55078125,0.016421521378840787,0.08255395332880151,True
2022-06-06,3430.949951171875,-0.004107325210667,TCS,16569.55078125,0.016421521378840787,-0.020528846589507786,False
2022-06-07,681.2999877929688,0.0160694425809415,HDFCBANK,16416.349609375,0.010855866010744286,0.005213576570197213,True
2022-06-07,735.25,0.0336707614481248,ICICIBANK,16416.349609375,0.010855866010744286,0.022814895437380515,True
2022-06-07,1506.699951171875,-0.0298132960902285,INFY,16416.349609375,0.010855866010744286,-0.04066916210097279,False
2022-06-07,1279.6236572265625,0.120461499423131,RELIANCE,16416.349609375,0.010855866010744286,0.10960563341238672,True
2022-06-07,3362.699951171875,-0.0221156085287168,TCS,16416.349609375,0.010855866010744286,-0.03297147453946109,False
2022-06-08,683.7000122070312,0.0139404190779084,HDFCBANK,16356.25,0.011699710844567113,0.0022407082333412865,True
2022-06-08,729.5,0.0214225532504381,ICICIBANK,16356.25,0.011699710844567113,0.009722842405870988,True
2022-06-08,1500.0,-0.0175208776813492,INFY,16356.25,0.011699710844567113,-0.029220588525916313,False
2022-06-08,1257.148681640625,0.1121749403877387,RELIANCE,16356.25,0.011699710844567113,0.10047522954317159,True
2022-06-08,3404.14990234375,-0.0023007320211753,TCS,16356.25,0.011699710844567113,-0.014000442865742414,False
2022-06-09,688.8499755859375,0.0572885918011245,HDFCBANK,16478.099609375,0.04238990443920798,0.014898687361916518,True
2022-06-09,732.75,0.0531043588032162,ICICIBANK,16478.099609375,0.04238990443920798,0.010714454364008218,True
2022-06-09,1515.0,0.0041091933796597,INFY,16478.099609375,0.04238990443920798,-0.03828071105954828,False
2022-06-09,1291.6226806640625,0.16643740599357,RELIANCE,16478.099609375,0.04238990443920798,0.124047501554362,True
2022-06-09,3427.10009765625,0.0054127574966891,TCS,16478.099609375,0.04238990443920798,-0.036977146942518885,False
2022-06-10,675.5499877929688,0.046269408858655,HDFCBANK,16201.7998046875,0.02659012895427626,0.01967927990437874,True
2022-06-10,720.0,0.062966008638545,ICICIBANK,16201.7998046875,0.02659012895427626,0.03637587968426874,True
2022-06-10,1476.800048828125,-0.0183461679992242,INFY,16201.7998046875,0.02659012895427626,-0.04493629695350046,False
2022-06-10,1252.6259765625,0.1185403999555265,RELIANCE,16201.7998046875,0.02659012895427626,0.09195027100125024,True
2022-06-10,3359.89990234375,-0.0161058893592318,TCS,16201.7998046875,0.02659012895427626,-0.042696018313508055,False
2022-06-13,663.2999877929688,0.0164738337308967,HDFCBANK,15774.400390625,-0.004285956893860132,0.020759790624756833,True
2022-06-13,688.0,0.007320644216691,ICICIBANK,15774.400390625,-0.004285956893860132,0.011606601110551132,True
2022-06-13,1424.5,-0.0433818928514309,INFY,15774.400390625,-0.004285956893860132,-0.03909593595757077,False
2022-06-13,1228.9278564453125,0.0971076652010414,RELIANCE,15774.400390625,-0.004285956893860132,0.10139362209490153,True
2022-06-13,3219.60009765625,-0.0465529344049936,TCS,15774.400390625,-0.004285956893860132,-0.042266977511133466,False
2022-06-14,656.0,-0.0015220700152207,HDFCBANK,15732.099609375,-0.032424532522643434,0.030902462507422734,True
2022-06-14,685.5,-0.034507042253521,ICICIBANK,15732.099609375,-0.032424532522643434,-0.002082509730877563,False
2022-06-14,1440.550048828125,-0.051302252197137,INFY,15732.099609375,-0.032424532522643434,-0.018877719674493566,False
2022-06-14,1212.86767578125,0.0391238146354615,RELIANCE,15732.099609375,-0.032424532522643434,0.07154834715810493,True
2022-06-14,3210.550048828125,-0.0698371891320219,TCS,15732.099609375,-0.032424532522643434,-0.03741265660937847,False
2022-06-15,653.7249755859375,-0.0049091050478242,HDFCBANK,15692.150390625,-0.03375241963847775,0.02884331459065355,True
2022-06-15,687.25,-0.0284158850352508,ICICIBANK,15692.150390625,-0.03375241963847775,0.005336534603226948,True
2022-06-15,1422.199951171875,-0.0576464370625281,INFY,15692.150390625,-0.03375241963847775,-0.023894017424050354,False
2022-06-15,1198.1920166015625,0.0228297745543351,RELIANCE,15692.150390625,-0.03375241963847775,0.05658219419281285,True
2022-06-15,3206.300048828125,-0.0703143112290315,TCS,15692.150390625,-0.03375241963847775,-0.03656189159055376,False
2022-06-16,640.6500244140625,-0.0044675807325716,HDFCBANK,15360.599609375,-0.028388222839630273,0.023920642107058673,True
2022-06-16,678.5,-0.0170939997126404,ICICIBANK,15360.599609375,-0.028388222839630273,0.011294223126989873,True
2022-06-16,1397.199951171875,-0.0209859319131385,INFY,15360.599609375,-0.028388222839630273,0.007402290926491771,True
2022-06-16,1181.4395751953125,0.0323205448508143,RELIANCE,15360.599609375,-0.028388222839630273,0.06070876769044457,True
2022-06-16,3142.0,-0.0367724682988414,TCS,15360.599609375,-0.028388222839630273,-0.008384245459211126,False
2022-06-17,644.875,-0.0236193287597278,HDFCBANK,15293.5,-0.05979597921248703,0.036176650452759224,True
2022-06-17,686.8499755859375,-0.0319921254281729,ICICIBANK,15293.5,-0.05979597921248703,0.027803853784314124,True
2022-06-17,1387.300048828125,-0.0466274778872084,INFY,15293.5,-0.05979597921248703,0.01316850132527863,True
2022-06-17,1195.2845458984375,-0.0131265701828853,RELIANCE,15293.5,-0.05979597921248703,0.046669409029601726,True
2022-06-17,3088.89990234375,-0.0619799871412845,TCS,15293.5,-0.05979597921248703,-0.002184007928797471,False
2022-06-20,661.0750122070312,0.0139187303788823,HDFCBANK,15350.150390625,-0.05331888929635786,0.06723761967524017,True
2022-06-20,685.9500122070312,-0.0352998748566826,ICICIBANK,15350.150390625,-0.05331888929635786,0.01801901443967526,True
2022-06-20,1414.1500244140625,-0.0369449735072344,INFY,15350.150390625,-0.05331888929635786,0.016373915789123464,True
2022-06-20,1173.6171875,-0.0244927180959091,RELIANCE,15350.150390625,-0.05331888929635786,0.028826171200448763,True
2022-06-20,3112.39990234375,-0.0630240378283284,TCS,15350.150390625,-0.05331888929635786,-0.009705148531970534,False
2022-06-21,668.2750244140625,0.0133440223722003,HDFCBANK,15638.7998046875,-0.03016099534924399,0.04350501772144429,True
2022-06-21,696.0999755859375,-0.0170162372557926,ICICIBANK,15638.7998046875,-0.03016099534924399,0.013144758093451392,True
2022-06-21,1449.9000244140625,0.0061762834240544,INFY,15638.7998046875,-0.03016099534924399,0.03633727877329839,True
2022-06-21,1192.561767578125,-0.0121375195914859,RELIANCE,15638.7998046875,-0.03016099534924399,0.01802347575775809,True
2022-06-21,3211.949951171875,-0.0231295768941985,TCS,15638.7998046875,-0.03016099534924399,0.007031418455045492,True
2022-06-22,665.125,0.0010911733282623,HDFCBANK,15413.2998046875,-0.03821962132715806,0.03931079465542036,True
2022-06-22,686.5999755859375,-0.037499125135636,ICICIBANK,15413.2998046875,-0.03821962132715806,0.0007204961915220631,True
2022-06-22,1437.25,0.0190010633173181,INFY,15413.2998046875,-0.03821962132715806,0.05722068464447616,True
2022-06-22,1156.333984375,-0.0407351129550594,RELIANCE,15413.2998046875,-0.03821962132715806,-0.0025154916279013367,False
2022-06-22,3222.949951171875,0.0174577527608743,TCS,15413.2998046875,-0.03821962132715806,0.05567737408803236,True
2022-06-23,667.5750122070312,-0.0230847500438995,HDFCBANK,15556.650390625,-0.03794027793060539,0.014855527886705893,True
2022-06-23,699.1500244140625,-0.0402882300424674,ICICIBANK,15556.650390625,-0.03794027793060539,-0.002347952111862006,False
2022-06-23,1452.449951171875,0.0200147483951562,INFY,15556.650390625,-0.03794027793060539,0.05795502632576159,True
2022-06-23,1137.573974609375,-0.0472151176058256,RELIANCE,15556.650390625,-0.03794027793060539,-0.009274839675220206,False
2022-06-23,3308.800048828125,0.0253645389283232,TCS,15556.650390625,-0.03794027793060539,0.0633048168589286,True
2022-06-24,676.9000244140625,-0.0274774603342746,HDFCBANK,15699.25,-0.03994509614832786,0.012467635814053264,True
2022-06-24,713.4500122070312,-0.0356177021096565,ICICIBANK,15699.25,-0.03994509614832786,0.004327394038671363,True
2022-06-24,1441.0999755859375,-0.0138570502195277,INFY,15699.25,-0.03994509614832786,0.026088045928800162,True
2022-06-24,1153.772705078125,-0.0291444454487932,RELIANCE,15699.25,-0.03994509614832786,0.010800650699534665,True
2022-06-24,3293.10009765625,0.0097507277318906,TCS,15699.25,-0.03994509614832786,0.04969582388021846,True
2022-06-27,678.125,-0.0323213922085776,HDFCBANK,15832.0498046875,-0.04977676344685633,0.017455371238278734,True
2022-06-27,717.3499755859375,-0.0416165990835838,ICICIBANK,15832.0498046875,-0.04977676344685633,0.008160164363272535,True
2022-06-27,1474.5999755859375,-0.0341892006633435,INFY,15832.0498046875,-0.04977676344685633,0.01558756278351283,True
2022-06-27,1150.3575439453125,-0.064601524572634,RELIANCE,15832.0498046875,-0.04977676344685633,-0.014824761125777672,False
2022-06-27,3314.699951171875,-0.0179394263619361,TCS,15832.0498046875,-0.04977676344685633,0.03183733708492023,True
2022-06-28,672.9500122070312,-0.0309945845935561,HDFCBANK,15850.2001953125,-0.0442791966827184,0.013284612089162304,True
2022-06-28,710.2999877929688,-0.0565185484131183,ICICIBANK,15850.2001953125,-0.0442791966827184,-0.012239351730399896,False
2022-06-28,1480.1500244140625,-0.0155958709448215,INFY,15850.2001953125,-0.0442791966827184,0.028683325737896902,True
2022-06-28,1166.5330810546875,-0.0398648087905834,RELIANCE,15850.2001953125,-0.0442791966827184,0.0044143878921350035,True
2022-06-28,3318.14990234375,-0.0137322793322505,TCS,15850.2001953125,-0.0442791966827184,0.030546917350467905,True
2022-06-29,671.9749755859375,-0.0364913971430373,HDFCBANK,15799.099609375,-0.04379721236628287,0.007305815223245568,True
2022-06-29,702.75,-0.0662991068829229,ICICIBANK,15799.099609375,-0.04379721236628287,-0.02250189451664003,False
2022-06-29,1463.25,-0.0103480087402192,INFY,15799.099609375,-0.04379721236628287,0.03344920362606367,True
2022-06-29,1190.73876953125,-0.0202582745192255,RELIANCE,15799.099609375,-0.04379721236628287,0.023538937847057368,True
2022-06-29,3290.5,-0.0192834859660978,TCS,15799.099609375,-0.04379721236628287,0.02451372640018507,True
2022-06-30,674.0,-0.0267850525159695,HDFCBANK,15780.25,-0.0509832812124128,0.0241982286964433,True
2022-06-30,707.2000122070312,-0.0567522344687813,ICICIBANK,15780.25,-0.0509832812124128,-0.005768953256368496,False
2022-06-30,1461.9000244140625,-0.0305702755874917,INFY,15780.25,-0.0509832812124128,0.020413005624921102,True
2022-06-30,1197.89208984375,-0.0472231340781651,RELIANCE,15780.25,-0.0509832812124128,0.0037601471342477016,True
2022-06-30,3267.10009765625,-0.0455448151749197,TCS,15780.25,-0.0509832812124128,0.005438466037493102,True
2022-07-01,676.875,-0.0192349836187182,HDFCBANK,15752.0498046875,-0.050183060928527756,0.030948077309809557,True
2022-07-01,703.9000244140625,-0.0542791401874155,ICICIBANK,15752.0498046875,-0.050183060928527756,-0.004096079258887747,False
2022-07-01,1479.4000244140625,-0.0277978104193517,INFY,15752.0498046875,-0.050183060928527756,0.022385250509176058,True
2022-07-01,1111.6146240234375,-0.1334052962087879,RELIANCE,15752.0498046875,-0.050183060928527756,-0.08322223528026015,False
2022-07-01,3315.10009765625,-0.0363501034075011,TCS,15752.0498046875,-0.050183060928527756,0.01383295752102666,True
2022-07-04,677.8250122070312,-0.016540264474912,HDFCBANK,15835.349609375,-0.04431026414462713,0.02776999966971513,True
2022-07-04,720.0999755859375,-0.0356880139458486,ICICIBANK,15835.349609375,-0.04431026414462713,0.008622250198778533,True
2022-07-04,1488.0,-0.0274827930369542,INFY,15835.349609375,-0.04431026414462713,0.016827471107672933,True
2022-07-04,1113.922119140625,-0.127856800016974,RELIANCE,15835.349609375,-0.04431026414462713,-0.08354653587234687,False
2022-07-04,3235.050048828125,-0.0570978606892351,TCS,15835.349609375,-0.04431026414462713,-0.012787596544607968,False
2022-07-05,676.2999877929688,-0.0073389110371148,HDFCBANK,15810.849609375,-0.03688396107586622,0.029545050038751422,True
2022-07-05,719.4500122070312,-0.0214892727548028,ICICIBANK,15810.849609375,-0.03688396107586622,0.015394688321063422,True
2022-07-05,1475.949951171875,-0.020408841173774,INFY,15810.849609375,-0.03688396107586622,0.016475119902092224,True
2022-07-05,1122.9444580078125,-0.1224416244056741,RELIANCE,15810.849609375,-0.03688396107586622,-0.08555766332980788,False
2022-07-05,3216.300048828125,-0.0435364155201331,TCS,15810.849609375,-0.03688396107586622,-0.006652454444266875,False
2022-07-06,685.625,0.0028155444765238,HDFCBANK,15989.7998046875,-0.02240429165074509,0.02521983612726889,True
2022-07-06,725.9500122070312,-0.0048663300794636,ICICIBANK,15989.7998046875,-0.02240429165074509,0.01753796157128149,True
2022-07-06,1491.6500244140625,-0.0055666503906249,INFY,15989.7998046875,-0.02240429165074509,0.01683764126012019,True
2022-07-06,1113.068359375,-0.1146088162599788,RELIANCE,15989.7998046875,-0.02240429165074509,-0.09220452460923372,False
2022-07-06,3260.75,-0.0421250257648817,TCS,15989.7998046875,-0.02240429165074509,-0.019720734114136614,False
2022-07-07,697.9000244140625,0.0131379097755313,HDFCBANK,16132.900390625,-0.020948970265576183,0.034086880041107485,True
2022-07-07,742.0,0.0126236779256225,ICICIBANK,16132.900390625,-0.020948970265576183,0.033572648191198685,True
2022-07-07,1498.699951171875,-0.0107591081373762,INFY,16132.900390625,-0.020948970265576183,0.010189862128199983,True
2022-07-07,1102.1077880859375,-0.1467262037243645,RELIANCE,16132.900390625,-0.020948970265576183,-0.12577723345878833,False
2022-07-07,3287.85009765625,-0.0406320200846281,TCS,16132.900390625,-0.020948970265576183,-0.019683049819051918,False
2022-07-08,698.5499877929688,0.0340463332330762,HDFCBANK,16220.599609375,0.0011603528567276644,0.03288598037634854,True
2022-07-08,755.7000122070312,0.0495833502875433,ICICIBANK,16220.599609375,0.0011603528567276644,0.048422997430815636,True
2022-07-08,1514.449951171875,0.0254942450561441,INFY,16220.599609375,0.0011603528567276644,0.024333892199416434,True
2022-07-08,1103.6307373046875,-0.11894631122587,RELIANCE,16220.599609375,0.0011603528567276644,-0.12010666408259767,False
2022-07-08,3265.449951171875,-0.0281109419676431,TCS,16220.599609375,0.0011603528567276644,-0.029271294824370766,False
2022-07-11,703.0750122070312,0.0599653628012386,HDFCBANK,16216.0,0.02799470017493988,0.03197066262629872,True
2022-07-11,769.5,0.1184593023255813,ICICIBANK,16216.0,0.02799470017493988,0.09046460215064142,True
2022-07-11,1473.1500244140625,0.0341523512910231,INFY,16216.0,0.02799470017493988,0.0061576511160832195,True
2022-07-11,1118.6295166015625,-0.0897516801049568,RELIANCE,16216.0,0.02799470017493988,-0.11774638027989667,False
2022-07-11,3113.800048828125,-0.0328612391660515,TCS,16216.0,0.02799470017493988,-0.06085593934099138,False
2022-07-12,695.9000244140625,0.060823207948266,HDFCBANK,16058.2998046875,0.02073468916495491,0.040088518783311086,True
2022-07-12,759.9000244140625,0.1085339524639861,ICICIBANK,16058.2998046875,0.02073468916495491,0.08779926329903119,True
2022-07-12,1438.5999755859375,-0.0013537004450305,INFY,16058.2998046875,0.02073468916495491,-0.022088389609985413,False
2022-07-12,1117.0372314453125,-0.0790114587514336,RELIANCE,16058.2998046875,0.02073468916495491,-0.09974614791638851,False
2022-07-12,3084.699951171875,-0.0391989209768545,TCS,16058.2998046875,0.02073468916495491,-0.05993361014180941,False
2022-07-13,678.9249877929688,0.0385483393600563,HDFCBANK,15966.650390625,0.017492822409094222,0.021055516950962076,True
2022-07-13,753.2000122070312,0.095962185823254,ICICIBANK,15966.650390625,0.017492822409094222,0.07846936341415978,True
2022-07-13,1444.449951171875,0.0156447762367495,INFY,15966.650390625,0.017492822409094222,-0.0018480461723447208,False
2022-07-13,1097.2388916015625,-0.0842545465177891,RELIANCE,15966.650390625,0.017492822409094222,-0.10174736892688332,False
2022-07-13,3038.75,-0.0522565094584217,TCS,15966.650390625,0.017492822409094222,-0.06974933186751592,False
2022-07-14,675.5250244140625,0.0544368979489178,HDFCBANK,15938.650390625,0.03763204535955733,0.016804852589360472,True
2022-07-14,752.4000244140625,0.1089167640590456,ICICIBANK,15938.650390625,0.03763204535955733,0.07128471869948827,True
2022-07-14,1428.8499755859375,0.0226524660178499,INFY,15938.650390625,0.03763204535955733,-0.01497957934170743,False
2022-07-14,1106.2843017578125,-0.0636133028005901,RELIANCE,15938.650390625,0.03763204535955733,-0.10124534816014744,False
2022-07-14,2998.75,-0.0455919796308084,TCS,15938.650390625,0.03763204535955733,-0.08322402499036574,False
2022-07-15,681.0250244140625,0.056057413318957,HDFCBANK,16049.2001953125,0.04941316214813485,0.006644251170822152,True
2022-07-15,751.2000122070312,0.0936886349398178,ICICIBANK,16049.2001953125,0.04941316214813485,0.04427547279168295,True
2022-07-15,1430.3499755859375,0.0310314461490701,INFY,16049.2001953125,0.04941316214813485,-0.018381715999064747,False
2022-07-15,1108.4302978515625,-0.0726640768049007,RELIANCE,16049.2001953125,0.04941316214813485,-0.12207723895303554,False
2022-07-15,2994.60009765625,-0.0305286048977982,TCS,16049.2001953125,0.04941316214813485,-0.07994176704593305,False
2022-07-18,673.7750244140625,0.0192111514919186,HDFCBANK,16278.5,0.06047820938236437,-0.04126705789044577,False
2022-07-18,772.0,0.1254464410841025,ICICIBANK,16278.5,0.06047820938236437,0.06496823170173813,True
2022-07-18,1489.9000244140625,0.0535657452832036,INFY,16278.5,0.06047820938236437,-0.00691246409916077,False
2022-07-18,1117.8680419921875,-0.0475019845496361,RELIANCE,16278.5,0.06047820938236437,-0.10798019393200047,False
2022-07-18,3063.5,-0.0157113172722203,TCS,16278.5,0.06047820938236437,-0.07618952665458467,False
2022-07-19,674.0250244140625,0.008604241951196,HDFCBANK,16340.5498046875,0.044872369284352676,-0.03626812733315667,False
2022-07-19,780.6500244140625,0.1214625079636808,ICICIBANK,16340.5498046875,0.044872369284352676,0.07659013867932812,True
2022-07-19,1484.1500244140625,0.0236223183828423,INFY,16340.5498046875,0.044872369284352676,-0.021250050901510376,False
2022-07-19,1124.7213134765625,-0.0568863231623918,RELIANCE,16340.5498046875,0.044872369284352676,-0.10175869244674447,False
2022-07-19,3074.25,-0.042871138487583,TCS,16340.5498046875,0.044872369284352676,-0.08774350777193568,False
2022-07-20,682.5250244140625,0.0261605328533169,HDFCBANK,16520.849609375,0.07185676128551477,-0.045696228432197866,False
2022-07-20,783.0999755859375,0.1405476309806854,ICICIBANK,16520.849609375,0.07185676128551477,0.06869086969517063,True
2022-07-20,1515.300048828125,0.054305130511828,INFY,16520.849609375,0.07185676128551477,-0.017551630773686773,False
2022-07-20,1155.134033203125,-0.0010377202331587,RELIANCE,16520.849609375,0.07185676128551477,-0.07289448151867348,False
2022-07-20,3164.800048828125,-0.0180424465861179,TCS,16520.849609375,0.07185676128551477,-0.08989920787163266,False
2022-07-21,680.375,0.0191738569582637,HDFCBANK,16605.25,0.06740523075628957,-0.04823137379802587,False
2022-07-21,786.0,0.1242222306417337,ICICIBANK,16605.25,0.06740523075628957,0.05681699988544413,True
2022-07-21,1532.9000244140625,0.0553892223117762,INFY,16605.25,0.06740523075628957,-0.012016008444513372,False
2022-07-21,1147.427001953125,0.0086614387843511,RELIANCE,16605.25,0.06740523075628957,-0.05874379197193847,False
2022-07-21,3177.300048828125,-0.0397425042491078,TCS,16605.25,0.06740523075628957,-0.10714773500539737,False
2022-07-22,696.25,0.0285861647038456,HDFCBANK,16719.44921875,0.06498394628724302,-0.03639778158339742,False
2022-07-22,800.0499877929688,0.1213819806632894,ICICIBANK,16719.44921875,0.06498394628724302,0.056398034376046374,True
2022-07-22,1506.300048828125,0.0452432685773085,INFY,16719.44921875,0.06498394628724302,-0.01974067770993452,False
2022-07-22,1155.1802978515625,0.0012199913962622,RELIANCE,16719.44921875,0.06498394628724302,-0.06376395489098083,False
2022-07-22,3171.0,-0.0370775542909097,TCS,16719.44921875,0.06498394628724302,-0.10206150057815272,False
2022-07-25,698.2999877929688,0.0297511340725806,HDFCBANK,16631.0,0.05046410320639283,-0.02071296913381223,False
2022-07-25,800.9000244140625,0.1164704142631085,ICICIBANK,16631.0,0.05046410320639283,0.06600631105671567,True
2022-07-25,1503.5999755859375,0.0196663505222673,INFY,16631.0,0.05046410320639283,-0.030797752684125528,False
2022-07-25,1117.01416015625,-0.0289852350380619,RELIANCE,16631.0,0.05046410320639283,-0.07944933824445473,False
2022-07-25,3166.75,-0.0446344928202533,TCS,16631.0,0.05046410320639283,-0.09509859602664614,False
2022-07-26,696.875,0.0355523996715647,HDFCBANK,16483.849609375,0.039977376074397775,-0.0044249764028330765,False
2022-07-26,796.2999877929688,0.1210756039391436,ICICIBANK,16483.849609375,0.039977376074397775,0.08109822786474583,True
2022-07-26,1451.1500244140625,-0.0195926085340437,INFY,16483.849609375,0.039977376074397775,-0.05956998460844147,False
2022-07-26,1117.5218505859375,-0.0420144368511503,RELIANCE,16483.849609375,0.039977376074397775,-0.08199181292554808,False
2022-07-26,3115.89990234375,-0.0609526410657764,TCS,16483.849609375,0.039977376074397775,-0.10093001714017417,False
2022-07-27,702.2000122070312,0.0449794080422989,HDFCBANK,16641.80078125,0.05333855679819566,-0.008359148755896759,False
2022-07-27,800.5,0.1390964069726077,ICICIBANK,16641.80078125,0.05333855679819566,0.08575785017441204,True
2022-07-27,1471.050048828125,0.0053306330621047,INFY,16641.80078125,0.05333855679819566,-0.04800792373609096,False
2022-07-27,1116.46044921875,-0.0623800301234339,RELIANCE,16641.80078125,0.05333855679819566,-0.11571858692162956,False
2022-07-27,3188.85009765625,-0.0308919320297067,TCS,16641.80078125,0.05333855679819566,-0.08423048882790235,False
2022-07-28,708.4249877929688,0.0510756495444639,HDFCBANK,16929.599609375,0.07283468952488081,-0.021759039980416915,False
2022-07-28,814.5999755859375,0.1518664614325051,ICICIBANK,16929.599609375,0.07283468952488081,0.07903177190762428,True
2022-07-28,1517.4000244140625,0.0379642924092875,INFY,16929.599609375,0.07283468952488081,-0.03487039711559331,False
2022-07-28,1133.9512939453125,-0.0533777595165335,RELIANCE,16929.599609375,0.07283468952488081,-0.12621244904141432,False
2022-07-28,3260.5,-0.0020201700159063,TCS,16929.599609375,0.07283468952488081,-0.07485485954078712,False
2022-07-29,717.0999755859375,0.0594274800900276,HDFCBANK,17158.25,0.08927093379898032,-0.029843453708952722,False
2022-07-29,818.5999755859375,0.1629492075488321,ICICIBANK,17158.25,0.08927093379898032,0.07367827374985178,True
2022-07-29,1549.699951171875,0.0475192142744864,INFY,17158.25,0.08927093379898032,-0.04175171952449392,False
2022-07-29,1158.1107177734375,0.0418275297438148,RELIANCE,17158.25,0.08927093379898032,-0.047443404055165526,False
2022-07-29,3301.89990234375,-0.0039818391371748,TCS,17158.25,0.08927093379898032,-0.09325277293615512,False
2022-08-01,723.0750122070312,0.0667576427323974,HDFCBANK,17340.05078125,0.0950216578094476,-0.028264015077050203,False
2022-08-01,823.4000244140625,0.1434523709628943,ICICIBANK,17340.05078125,0.0950216578094476,0.048430713153446686,True
2022-08-01,1551.050048828125,0.042372344642557,INFY,17340.05078125,0.0950216578094476,-0.0526493131668906,False
2022-08-01,1188.2928466796875,0.0667647461713378,RELIANCE,17340.05078125,0.0950216578094476,-0.028256911638109797,False
2022-08-01,3298.800048828125,0.0197060320668278,TCS,17340.05078125,0.0950216578094476,-0.0753156257426198,False
2022-08-02,715.125,0.0574079741354609,HDFCBANK,17345.44921875,0.09705990805611497,-0.039651933920654074,False
2022-08-02,817.75,0.1366321302732589,ICICIBANK,17345.44921875,0.09705990805611497,0.03957222221714393,True
2022-08-02,1543.5999755859375,0.04583490406321,INFY,17345.44921875,0.09705990805611497,-0.05122500399290497,False
2022-08-02,1192.8155517578125,0.0622213264883613,RELIANCE,17345.44921875,0.09705990805611497,-0.03483858156775367,False
2022-08-02,3291.800048828125,0.0234741780473834,TCS,17345.44921875,0.09705990805611497,-0.07358573000873157,False
2022-08-03,716.7999877929688,0.0454694443653145,HDFCBANK,17388.150390625,0.08745266376177918,-0.04198321939646468,False
2022-08-03,824.7999877929688,0.1361663667246373,ICICIBANK,17388.150390625,0.08745266376177918,0.048713702962858124,True
2022-08-03,1566.0999755859375,0.0499111386406605,INFY,17388.150390625,0.08745266376177918,-0.037541525121118684,False
2022-08-03,1202.830078125,0.0806434914746854,RELIANCE,17388.150390625,0.08745266376177918,-0.0068091722870937815,False
2022-08-03,3339.5,0.0241508855324694,TCS,17388.150390625,0.08745266376177918,-0.06330177822930978,False
2022-08-04,715.9500122070312,0.0258632858024658,HDFCBANK,17382.0,0.07742560724548109,-0.051562321443015285,False
2022-08-04,820.25,0.1054582210242587,ICICIBANK,17382.0,0.07742560724548109,0.02803261377877761,True
2022-08-04,1599.9000244140625,0.0675252395671703,INFY,17382.0,0.07742560724548109,-0.00990036767831079,False
2022-08-04,1186.931396484375,0.0769648933755864,RELIANCE,17382.0,0.07742560724548109,-0.00046071386989468555,False
2022-08-04,3354.949951171875,0.0204084284631642,TCS,17382.0,0.07742560724548109,-0.05701717878231689,False
2022-08-05,713.5250244140625,0.0214373157007798,HDFCBANK,17397.5,0.07255591155488417,-0.051118595854104366,False
2022-08-05,838.2000122070312,0.1091703039133977,ICICIBANK,17397.5,0.07255591155488417,0.036614392358513534,True
2022-08-05,1616.6500244140625,0.0674832952803132,INFY,17397.5,0.07255591155488417,-0.005072616274570965,False
2022-08-05,1169.4405517578125,0.0596302841418201,RELIANCE,17397.5,0.07255591155488417,-0.012925627413064064,False
2022-08-05,3365.050048828125,0.0305011864048034,TCS,17397.5,0.07255591155488417,-0.04205472515008077,False
2022-08-08,731.0250244140625,0.0397539547299412,HDFCBANK,17525.099609375,0.0807288856299333,-0.0409749308999921,False
2022-08-08,836.9500122070312,0.0876543368512428,ICICIBANK,17525.099609375,0.0807288856299333,0.006925451221309498,True
2022-08-08,1619.4000244140625,0.0992770577173021,INFY,17525.099609375,0.0807288856299333,0.018548172087368794,True
2022-08-08,1184.7392578125,0.0590988707429975,RELIANCE,17525.099609375,0.0807288856299333,-0.0216300148869358,False
2022-08-08,3374.449951171875,0.0837079768310251,TCS,17525.099609375,0.0807288856299333,0.002979091201091799,True
2022-08-10,733.1500244140625,0.0535278038413118,HDFCBANK,17534.75,0.09194312058375664,-0.03841531674244485,False
2022-08-10,848.75,0.1169232434943625,ICICIBANK,17534.75,0.09194312058375664,0.024980122910605862,True
2022-08-10,1602.449951171875,0.113895438875704,INFY,17534.75,0.09194312058375664,0.021952318291947354,True
2022-08-10,1191.8233642578125,0.0669504388101152,RELIANCE,17534.75,0.09194312058375664,-0.024992681773641445,False
2022-08-10,3354.25,0.0873829069584946,TCS,17534.75,0.09194312058375664,-0.004560213625262044,False
2022-08-11,742.8499755859375,0.0941561865336175,HDFCBANK,17659.0,0.10599277669214091,-0.01183659015852341,False
2022-08-11,859.7000122070312,0.1413967050902362,ICICIBANK,17659.0,0.10599277669214091,0.03540392839809528,True
2022-08-11,1619.949951171875,0.1214995368012701,INFY,17659.0,0.10599277669214091,0.015506760109129186,True
2022-08-11,1195.792236328125,0.0898194053099148,RELIANCE,17659.0,0.10599277669214091,-0.016173371382226118,False
2022-08-11,3422.5,0.1262854792266556,TCS,17659.0,0.10599277669214091,0.02029270253451468,True
2022-08-12,742.5750122070312,0.09925611246027,HDFCBANK,17698.150390625,0.1103920317516296,-0.011135919291359597,False
2022-08-12,874.4000244140625,0.1621477884653293,ICICIBANK,17698.150390625,0.1103920317516296,0.0517557567136997,True
2022-08-12,1594.0999755859375,0.1156524497487812,INFY,17698.150390625,0.1103920317516296,0.005260417997151601,True
2022-08-12,1215.1290283203125,0.0983876625470983,RELIANCE,17698.150390625,0.1103920317516296,-0.012004369204531296,False
2022-08-12,3401.550048828125,0.1343226507138391,TCS,17698.150390625,0.1103920317516296,0.023930618962209493,True
2022-08-16,751.0750122070312,0.1028596384593034,HDFCBANK,17825.25,0.11066282326057797,-0.007803184801274565,False
2022-08-16,879.25,0.1704605773590937,ICICIBANK,17825.25,0.11066282326057797,0.05979775409851573,True
2022-08-16,1596.449951171875,0.1161254087608141,INFY,17825.25,0.11066282326057797,0.005462585500236136,True
2022-08-16,1223.574462890625,0.1038803840550397,RELIANCE,17825.25,0.11066282326057797,-0.006782439205538268,False
2022-08-16,3392.699951171875,0.1329392374718752,TCS,17825.25,0.11066282326057797,0.022276414211297224,True
2022-08-17,754.9500122070312,0.1204778818620671,HDFCBANK,17944.25,0.102328224344995,0.018149657517072093,True
2022-08-17,883.25,0.1441062176165803,ICICIBANK,17944.25,0.102328224344995,0.041777993271585295,True
2022-08-17,1606.25,0.0780924717627915,INFY,17944.25,0.102328224344995,-0.024235752582203507,False
2022-08-17,1229.96630859375,0.1002786217967093,RELIANCE,17944.25,0.102328224344995,-0.002049602548285706,False
2022-08-17,3401.10009765625,0.1102007826526032,TCS,17944.25,0.102328224344995,0.007872558307608205,True
2022-08-18,755.8499755859375,0.1213974974341736,HDFCBANK,17956.5,0.09889203329308693,0.022505464141086673,True
2022-08-18,885.0999755859375,0.1337986907132586,ICICIBANK,17956.5,0.09889203329308693,0.034906657420171655,True
2022-08-18,1582.949951171875,0.0665700401796094,INFY,17956.5,0.09889203329308693,-0.03232199311347754,False
2022-08-18,1228.1895751953125,0.0919945772156882,RELIANCE,17956.5,0.09889203329308693,-0.0068974560773987365,False
2022-08-18,3381.25,0.099861754899569,TCS,17956.5,0.09889203329308693,0.0009697216064820657,True
2022-08-19,746.5250244140625,0.093769455640023,HDFCBANK,17758.44921875,0.0749113779640429,0.018858077675980092,True
2022-08-19,870.4000244140625,0.1114800811515854,ICICIBANK,17758.44921875,0.0749113779640429,0.0365687031875425,True
2022-08-19,1597.0999755859375,0.053982659619838,INFY,17758.44921875,0.0749113779640429,-0.0209287183442049,False
2022-08-19,1206.2913818359375,0.0442869374136227,RELIANCE,17758.44921875,0.0749113779640429,-0.030624440550420205,False
2022-08-19,3385.75,0.0698148217147838,TCS,17758.44921875,0.0749113779640429,-0.0050965562492591016,False
2022-08-22,735.1749877929688,0.0805437998059435,HDFCBANK,17490.69921875,0.05332345003839145,0.027220349767552054,True
2022-08-22,852.25,0.0842875318066158,ICICIBANK,17490.69921875,0.05332345003839145,0.03096408176822435,True
2022-08-22,1575.6500244140625,0.0278883158191225,INFY,17490.69921875,0.05332345003839145,-0.025435134219268952,False
2022-08-22,1202.9454345703125,0.0483851543694591,RELIANCE,17490.69921875,0.05332345003839145,-0.004938295668932349,False
2022-08-22,3354.550048828125,0.0557863586303013,TCS,17490.69921875,0.05332345003839145,0.0024629085919098473,True
2022-08-23,732.9000244140625,0.0526391733056552,HDFCBANK,17577.5,0.0513205172026685,0.001318656102986697,True
2022-08-23,863.9000244140625,0.0798075590216951,ICICIBANK,17577.5,0.0513205172026685,0.0284870418190266,True
2022-08-23,1542.4000244140625,0.0239659924422246,INFY,17577.5,0.0513205172026685,-0.027354524760443904,False
2022-08-23,1221.497802734375,0.057408791516053,RELIANCE,17577.5,0.0513205172026685,0.006088274313384497,True
2022-08-23,3284.60009765625,0.0358246917868969,TCS,17577.5,0.0513205172026685,-0.015495825415771602,False
2022-08-24,736.4249877929688,0.0545968790870197,HDFCBANK,17604.94921875,0.05856227639648859,-0.0039653973094688905,False
2022-08-24,873.2999877929688,0.0903982534297884,ICICIBANK,17604.94921875,0.05856227639648859,0.03183597703329981,True
2022-08-24,1537.5,0.0225459064674777,INFY,17604.94921875,0.05856227639648859,-0.03601636992901089,False
2022-08-24,1218.244140625,0.0906255122626107,RELIANCE,17604.94921875,0.05856227639648859,0.032063235866122114,True
2022-08-24,3255.35009765625,0.0279782419377121,TCS,17604.94921875,0.05856227639648859,-0.03058403445877649,False
2022-08-25,732.4249877929688,0.051013435397982,HDFCBANK,17522.44921875,0.06300710295150402,-0.011993667553522026,False
2022-08-25,872.3499755859375,0.0955041930915376,ICICIBANK,17522.44921875,0.06300710295150402,0.032497090140033574,True
2022-08-25,1518.1500244140625,0.046170277967678,INFY,17522.44921875,0.06300710295150402,-0.01683682498382602,False
2022-08-25,1214.690673828125,0.0869502669600956,RELIANCE,17522.44921875,0.06300710295150402,0.023943164008591575,True
2022-08-25,3218.199951171875,0.0328316223352282,TCS,17522.44921875,0.06300710295150402,-0.030175480616275827,False
2022-08-26,732.5499877929688,0.0432212689523414,HDFCBANK,17558.900390625,0.05510819540685041,-0.011886926454509013,False
2022-08-26,870.8499755859375,0.0878825428931135,ICICIBANK,17558.900390625,0.05510819540685041,0.03277434748626308,True
2022-08-26,1521.550048828125,0.0343292194852442,INFY,17558.900390625,0.05510819540685041,-0.020778975921606213,False
2022-08-26,1208.20654296875,0.0821758565779915,RELIANCE,17558.900390625,0.05510819540685041,0.02706766117114108,True
2022-08-26,3222.199951171875,0.0104582694370414,TCS,17558.900390625,0.05510819540685041,-0.04464992596980901,False
2022-08-29,719.7000122070312,0.0159156221312699,HDFCBANK,17312.900390625,0.0226408651175507,-0.006725242986280803,False
2022-08-29,855.8499755859375,0.0506383516281461,ICICIBANK,17312.900390625,0.0226408651175507,0.0279974865105954,True
2022-08-29,1461.75,-0.0366745904301349,INFY,17312.900390625,0.0226408651175507,-0.0593154555476856,False
2022-08-29,1198.8150634765625,0.0572015481419594,RELIANCE,17312.900390625,0.0226408651175507,0.0345606830244087,True
2022-08-29,3132.550048828125,-0.0392424325017252,TCS,17312.900390625,0.0226408651175507,-0.0618832976192759,False
2022-08-30,743.0499877929688,0.0361874398138526,HDFCBANK,17759.30078125,0.035029841694228736,0.0011575981196238622,True
2022-08-30,887.2999877929688,0.0839237897092008,ICICIBANK,17759.30078125,0.035029841694228736,0.04889394801497206,True
2022-08-30,1492.949951171875,-0.0366199921198203,INFY,17759.30078125,0.035029841694228736,-0.07164983381404903,False
2022-08-30,1217.4134521484375,0.0512064463827899,RELIANCE,17759.30078125,0.035029841694228736,0.016176604688561164,True
2022-08-30,3211.14990234375,-0.0274841765904484,TCS,17759.30078125,0.035029841694228736,-0.06251401828467713,False
2022-09-01,736.0750122070312,0.0179787709166165,HDFCBANK,17542.80078125,0.01169258398131312,0.006286186935303379,True
2022-09-01,874.3499755859375,0.0618775196273906,ICICIBANK,17542.80078125,0.01169258398131312,0.050184935646077476,True
2022-09-01,1464.199951171875,-0.0559943876226743,INFY,17542.80078125,0.01169258398131312,-0.06768697160398743,False
2022-09-01,1181.6241455078125,-0.0056120014443481,RELIANCE,17542.80078125,0.01169258398131312,-0.01730458542566122,False
2022-09-01,3131.699951171875,-0.0506548124114436,TCS,17542.80078125,0.01169258398131312,-0.06234739639275672,False
2022-09-02,742.75,0.0386296102080054,HDFCBANK,17539.44921875,0.011184489807867903,0.027445120400137496,True
2022-09-02,872.4000244140625,0.0668297455384439,ICICIBANK,17539.44921875,0.011184489807867903,0.05564525573057599,True
2022-09-02,1453.0,-0.058693947278372,INFY,17539.44921875,0.011184489807867903,-0.0698784370862399,False
2022-09-02,1167.8253173828125,-0.0209506275619668,RELIANCE,17539.44921875,0.011184489807867903,-0.0321351173698347,False
2022-09-02,3130.39990234375,-0.0490309691020975,TCS,17539.44921875,0.011184489807867903,-0.0602154589099654,False
2022-09-05,747.5250244140625,0.0428641701232395,HDFCBANK,17665.80078125,0.015967793260788676,0.026896376862450826,True
2022-09-05,882.4500122070312,0.0698957629331744,ICICIBANK,17665.80078125,0.015967793260788676,0.05392796967238572,True
2022-09-05,1461.300048828125,-0.066917775615572,INFY,17665.80078125,0.015967793260788676,-0.08288556887636067,False
2022-09-05,1185.9622802734375,-0.0140234253851188,RELIANCE,17665.80078125,0.015967793260788676,-0.029991218645907477,False
2022-09-05,3133.39990234375,-0.0617158549651893,TCS,17665.80078125,0.015967793260788676,-0.07768364822597798,False
2022-09-06,744.6749877929688,0.0401214820813931,HDFCBANK,17655.599609375,0.015740398652341447,0.024381083429051653,True
2022-09-06,883.6500244140625,0.0772935378409782,ICICIBANK,17655.599609375,0.015740398652341447,0.06155313918863675,True
2022-09-06,1455.0999755859375,-0.0905056857419298,INFY,17655.599609375,0.015740398652341447,-0.10624608439427125,False
2022-09-06,1198.44580078125,0.0097009855253471,RELIANCE,17655.599609375,0.015740398652341447,-0.006039413126994348,False
2022-09-06,3127.050048828125,-0.0679294492199936,TCS,17655.599609375,0.015740398652341447,-0.08366984787233504,False
2022-09-07,741.1500244140625,0.0387162314631996,HDFCBANK,17624.400390625,0.013042126203477444,0.025674105259722156,True
2022-09-07,876.2000122070312,0.0453352415254011,ICICIBANK,17624.400390625,0.013042126203477444,0.03229311532192366,True
2022-09-07,1457.6500244140625,-0.0983515279119411,INFY,17624.400390625,0.013042126203477444,-0.11139365411541854,False
2022-09-07,1191.4771728515625,0.0188437292178951,RELIANCE,17624.400390625,0.013042126203477444,0.005801603014417657,True
2022-09-07,3149.60009765625,-0.0640257791253076,TCS,17624.400390625,0.013042126203477444,-0.07706790532878505,False
2022-09-08,748.7999877929688,0.0243151229920663,HDFCBANK,17798.75,0.015614769486309354,0.008700353505756944,True
2022-09-08,898.7999877929688,0.0738992468891177,ICICIBANK,17798.75,0.015614769486309354,0.05828447740280834,True
2022-09-08,1475.9000244140625,-0.0886130652319346,INFY,17798.75,0.015614769486309354,-0.10422783471824396,False
2022-09-08,1193.16162109375,0.0071090438049643,RELIANCE,17798.75,0.015614769486309354,-0.008505725681345055,False
2022-09-08,3169.64990234375,-0.0606913872754291,TCS,17798.75,0.015614769486309354,-0.07630615676173846,False
2022-09-09,749.2999877929688,0.0220281836474238,HDFCBANK,17833.349609375,0.017029020053037636,0.004999163594386163,True
2022-09-09,901.25,0.0618556701030927,ICICIBANK,17833.349609375,0.017029020053037636,0.04482665005005507,True
2022-09-09,1511.6500244140625,-0.0566631904424911,INFY,17833.349609375,0.017029020053037636,-0.07369221049552874,False
2022-09-09,1185.7315673828125,-0.0051113252665536,RELIANCE,17833.349609375,0.017029020053037636,-0.022140345319591234,False
2022-09-09,3217.64990234375,-0.0407244831650145,TCS,17833.349609375,0.017029020053037636,-0.05775350321805214,False
2022-09-12,746.7750244140625,0.0052837705554598,HDFCBANK,17936.349609375,0.01570585023925486,-0.01042207968379506,False
2022-09-12,907.2000122070312,0.0552518312499001,ICICIBANK,17936.349609375,0.01570585023925486,0.03954598101064524,True
2022-09-12,1536.199951171875,-0.0516991280745525,INFY,17936.349609375,0.01570585023925486,-0.06740497831380736,False
2022-09-12,1198.9996337890625,0.0026822363981775,RELIANCE,17936.349609375,0.01570585023925486,-0.01302361384107736,False
2022-09-12,3242.949951171875,-0.0524616651068298,TCS,17936.349609375,0.01570585023925486,-0.06816751534608466,False
2022-09-13,756.5499877929688,0.0188196146600758,HDFCBANK,18070.05078125,0.021013517368572154,-0.002193902708496353,False
2022-09-13,910.0,0.0407136031472472,ICICIBANK,18070.05078125,0.021013517368572154,0.019700085778675047,True
2022-09-13,1544.949951171875,-0.0308324604270798,INFY,18070.05078125,0.021013517368572154,-0.051845977795651955,False
2022-09-13,1209.01416015625,-0.0050322788951188,RELIANCE,18070.05078125,0.021013517368572154,-0.026045796263690954,False
2022-09-13,3229.35009765625,-0.0506239651629408,TCS,18070.05078125,0.021013517368572154,-0.07163748253151295,False
2022-09-14,764.3250122070312,0.01764138040096,HDFCBANK,18003.75,0.010013884798249606,0.0076274956027103935,True
2022-09-14,918.0999755859376,0.0441853575046204,ICICIBANK,18003.75,0.010013884798249606,0.0341714727063708,True
2022-09-14,1475.4000244140625,-0.0758244420183393,INFY,18003.75,0.010013884798249606,-0.0858383268165889,False
2022-09-14,1194.5230712890625,-0.0237430515940404,RELIANCE,18003.75,0.010013884798249606,-0.03375693639229001,False
2022-09-14,3120.39990234375,-0.0802605749836703,TCS,18003.75,0.010013884798249606,-0.0902744597819199,False
2022-09-15,760.3499755859375,0.0071527429519735,HDFCBANK,17877.400390625,-0.003725405596500253,0.010878148548473753,True
2022-09-15,917.5999755859376,0.0388904337231108,ICICIBANK,17877.400390625,-0.003725405596500253,0.042615839319611055,True
2022-09-15,1432.800048828125,-0.1079844053988327,INFY,17877.400390625,-0.003725405596500253,-0.10425899980233244,False
2022-09-15,1182.6856689453125,-0.0384405973709105,RELIANCE,17877.400390625,-0.003725405596500253,-0.034715191774410244,False
2022-09-15,3104.35009765625,-0.0872511809353964,TCS,17877.400390625,-0.003725405596500253,-0.08352577533889614,False
2022-09-16,746.375,-0.0125355241013171,HDFCBANK,17530.849609375,-0.02370452987079885,0.011169005769481752,True
2022-09-16,909.0999755859376,0.0271155809083738,ICICIBANK,17530.849609375,-0.02370452987079885,0.05082011077917265,True
2022-09-16,1377.050048828125,-0.1300735390852503,INFY,17530.849609375,-0.02370452987079885,-0.10636900921445144,False
2022-09-16,1153.38037109375,-0.0609101441767782,RELIANCE,17530.849609375,-0.02370452987079885,-0.03720561430597935,False
2022-09-16,3008.699951171875,-0.1101811604667283,TCS,17530.849609375,-0.02370452987079885,-0.08647663059592944,False
2022-09-19,751.2999877929688,0.0063962536053685,HDFCBANK,17622.25,-0.00766954462477476,0.01406579823014326,True
2022-09-19,899.2000122070312,0.0330882203413958,ICICIBANK,17622.25,-0.00766954462477476,0.04075776496617056,True
2022-09-19,1390.300048828125,-0.1294846471223208,INFY,17622.25,-0.00766954462477476,-0.12181510249754604,False
2022-09-19,1154.8802490234375,-0.0426191661373339,RELIANCE,17622.25,-0.00766954462477476,-0.03494962151255914,False
2022-09-19,3028.800048828125,-0.1054271435197149,TCS,17622.25,-0.00766954462477476,-0.09775759889494014,False
2022-09-20,760.3499755859375,0.0342435314190234,HDFCBANK,17816.25,0.018612793987161425,0.015630737431861975,True
2022-09-20,916.75,0.0756820181871515,ICICIBANK,17816.25,0.018612793987161425,0.05706922419999008,True
2022-09-20,1388.550048828125,-0.1187446277326175,INFY,17816.25,0.018612793987161425,-0.13735742171977894,False
2022-09-20,1155.0648193359375,-0.0398028155379115,RELIANCE,17816.25,0.018612793987161425,-0.05841560952507292,False
2022-09-20,3040.300048828125,-0.0936787334890948,TCS,17816.25,0.018612793987161425,-0.11229152747625623,False
2022-09-21,759.1749877929688,0.0358506788151802,HDFCBANK,17718.349609375,0.008013062686673234,0.027837616128506965,True
2022-09-21,915.25,0.0594397200309901,ICICIBANK,17718.349609375,0.008013062686673234,0.05142665734431687,True
2022-09-21,1377.25,-0.1070734062499777,INFY,17718.349609375,0.008013062686673234,-0.11508646893665093,False
2022-09-21,1158.249267578125,-0.0517794915510002,RELIANCE,17718.349609375,0.008013062686673234,-0.059792554237673434,False
2022-09-21,3001.199951171875,-0.0862814766055073,TCS,17718.349609375,0.008013062686673234,-0.09429453929218054,False
2022-09-22,743.0,0.008928285047383,HDFCBANK,17629.80078125,0.0014116236401029436,0.007516661407280056,True
2022-09-22,903.4000244140624,0.0344670068038857,ICICIBANK,17629.80078125,0.0014116236401029436,0.03305538316378276,True
2022-09-22,1367.949951171875,-0.1102764545223576,INFY,17629.80078125,0.0014116236401029436,-0.11168807816246054,False
2022-09-22,1147.334716796875,-0.0582062506713523,RELIANCE,17629.80078125,0.0014116236401029436,-0.059617874311455245,False
2022-09-22,3007.39990234375,-0.0761669829278934,TCS,17629.80078125,0.0014116236401029436,-0.07757860656799634,False
2022-09-23,723.0750122070312,-0.0127657790787722,HDFCBANK,17327.349609375,-0.011134265931627474,-0.0016315131471447263,False
2022-09-23,882.25,0.0113486842335415,ICICIBANK,17327.349609375,-0.011134265931627474,0.022482950165168974,True
2022-09-23,1365.449951171875,-0.1005829929760221,INFY,17327.349609375,-0.011134265931627474,-0.08944872704439463,False
2022-09-23,1125.828857421875,-0.0731559221791009,RELIANCE,17327.349609375,-0.011134265931627474,-0.062021656247473425,False
2022-09-23,2982.050048828125,-0.0733794996975741,TCS,17327.349609375,-0.011134265931627474,-0.06224523376594662,False
2022-09-26,713.3250122070312,-0.0262439095028295,HDFCBANK,17016.30078125,-0.030901685031751946,0.004657775528922447,True
2022-09-26,861.0499877929688,-0.0112533594392937,ICICIBANK,17016.30078125,-0.030901685031751946,0.019648325592458247,True
2022-09-26,1380.25,-0.0928658567208828,INFY,17016.30078125,-0.030901685031751946,-0.06196417168913085,False
2022-09-26,1097.1466064453125,-0.0919213169054241,RELIANCE,17016.30078125,-0.030901685031751946,-0.06101963187367215,False
2022-09-26,2994.39990234375,-0.0706970555149059,TCS,17016.30078125,-0.030901685031751946,-0.03979537048315396,False
2022-09-27,706.9249877929688,-0.0177504851985296,HDFCBANK,17007.400390625,-0.0176458012873123,-0.00010468391121729731,False
2022-09-27,852.5499877929688,-0.0038558017025233,ICICIBANK,17007.400390625,-0.0176458012873123,0.013789999584789003,True
2022-09-27,1393.550048828125,-0.0466563715901316,INFY,17007.400390625,-0.0176458012873123,-0.029010570302819297,False
2022-09-27,1105.8690185546875,-0.0775315957845337,RELIANCE,17007.400390625,-0.0176458012873123,-0.059885794497221395,False
2022-09-27,3017.449951171875,-0.0367432589622338,TCS,17007.400390625,-0.0176458012873123,-0.0190974576749215,False
2022-09-28,694.7750244140625,-0.0649686618289223,HDFCBANK,16858.599609375,-0.050717152829910184,-0.014251508999012119,False
2022-09-28,849.5,-0.0426011363834127,ICICIBANK,16858.599609375,-0.050717152829910184,0.008116016446497482,True
2022-09-28,1394.699951171875,-0.0658093058798653,INFY,16858.599609375,-0.050717152829910184,-0.01509215304995512,False
2022-09-28,1076.42529296875,-0.1158095952783155,RELIANCE,16858.599609375,-0.050717152829910184,-0.06509244244840531,False
2022-09-28,3035.64990234375,-0.0546533190094633,TCS,16858.599609375,-0.050717152829910184,-0.003936166179553113,False
2022-09-29,691.1749877929688,-0.060999250985895,HDFCBANK,16818.099609375,-0.041310460109059144,-0.01968879087683586,False
2022-09-29,843.9000244140625,-0.0348258157741346,ICICIBANK,16818.099609375,-0.041310460109059144,0.006484644334924544,True
2022-09-29,1398.6500244140625,-0.0447684257231053,INFY,16818.099609375,-0.041310460109059144,-0.0034579656140461545,False
2022-09-29,1073.1256103515625,-0.0918215285027218,RELIANCE,16818.099609375,-0.041310460109059144,-0.05051106839366265,False
2022-09-29,2997.300048828125,-0.0429159576074514,TCS,16818.099609375,-0.041310460109059144,-0.0016054974983922554,False
2022-09-30,710.6749877929688,-0.0431841295281471,HDFCBANK,17094.349609375,-0.025377057387821478,-0.01780707214032562,False
2022-09-30,862.0,-0.0119211647444044,ICICIBANK,17094.349609375,-0.025377057387821478,0.013455892643417077,True
2022-09-30,1413.449951171875,-0.0272195793724191,INFY,17094.349609375,-0.025377057387821478,-0.001842521984597622,False
2022-09-30,1097.331298828125,-0.0603634957261159,RELIANCE,17094.349609375,-0.025377057387821478,-0.03498643833829442,False
2022-09-30,3004.550048828125,-0.0402024844881321,TCS,17094.349609375,-0.025377057387821478,-0.014825427100310623,False
2022-10-03,706.5999755859375,-0.0547473963968009,HDFCBANK,16887.349609375,-0.04406543363158644,-0.010681962765214464,False
2022-10-03,848.3499755859375,-0.0386424569657023,ICICIBANK,16887.349609375,-0.04406543363158644,0.0054229766658841355,True
2022-10-03,1393.75,-0.0462259950530324,INFY,16887.349609375,-0.04406543363158644,-0.00216056142144596,False
2022-10-03,1093.52392578125,-0.0779437559100739,RELIANCE,16887.349609375,-0.04406543363158644,-0.03387832227848746,False
2022-10-03,2984.949951171875,-0.0473766374540434,TCS,16887.349609375,-0.04406543363158644,-0.0033112038224569623,False
2022-10-04,726.5,-0.0244066043453867,HDFCBANK,17274.30078125,-0.021596481374811738,-0.0028101229705749624,False
2022-10-04,867.6500244140625,-0.0181067159598726,ICICIBANK,17274.30078125,-0.021596481374811738,0.0034897654149391374,True
2022-10-04,1429.4000244140625,-0.0176619830960592,INFY,17274.30078125,-0.021596481374811738,0.0039344982787525365,True
2022-10-04,1113.69140625,-0.0707202565823167,RELIANCE,17274.30078125,-0.021596481374811738,-0.049123775207504966,False
2022-10-04,3091.14990234375,-0.0114805154774637,TCS,17274.30078125,-0.021596481374811738,0.010115965897348037,True
2022-10-06,718.5,-0.0305606471941617,HDFCBANK,17331.80078125,-0.016601961081787686,-0.013958686112374014,False
2022-10-06,885.4500122070312,0.0105569503208524,ICICIBANK,17331.80078125,-0.016601961081787686,0.027158911402640085,True
2022-10-06,1455.1500244140625,-0.0017150893274295,INFY,17331.80078125,-0.016601961081787686,0.014886871754358186,True
2022-10-06,1117.7987060546875,-0.0618379172305418,RELIANCE,17331.80078125,-0.016601961081787686,-0.045235956148754114,False
2022-10-06,3101.949951171875,-0.0151289512976054,TCS,17331.80078125,-0.016601961081787686,0.001473009784182286,True
2022-10-07,715.4000244140625,-0.0446046526754763,HDFCBANK,17314.650390625,-0.02719851727649414,-0.017406135398982163,False
2022-10-07,882.5499877929688,-0.0180796620167991,ICICIBANK,17314.650390625,-0.02719851727649414,0.009118855259695038,True
2022-10-07,1451.199951171875,-0.0167356005377081,INFY,17314.650390625,-0.02719851727649414,0.010462916738786038,True
2022-10-07,1122.5291748046875,-0.0591977189346024,RELIANCE,17314.650390625,-0.02719851727649414,-0.03199920165810826,False
2022-10-07,3064.89990234375,-0.0330478138681954,TCS,17314.650390625,-0.02719851727649414,-0.005849296591701261,False
2022-10-10,707.5,-0.0557853843239593,HDFCBANK,17241.0,-0.033215835630991175,-0.022569548692968122,False
2022-10-10,881.75,-0.0216366158113731,ICICIBANK,17241.0,-0.033215835630991175,0.011579219819618077,True
2022-10-10,1462.6500244140625,-0.0324149103354747,INFY,17241.0,-0.033215835630991175,0.0008009252955164733,True
2022-10-10,1110.2763671875,-0.0636359883391313,RELIANCE,17241.0,-0.033215835630991175,-0.030420152708140122,False
2022-10-10,3118.550048828125,-0.0307988303648076,TCS,17241.0,-0.033215835630991175,0.002417005266183575,True
2022-10-11,700.3250122070312,-0.0622008110722195,HDFCBANK,16983.55078125,-0.053121111534701004,-0.009079699537518499,False
2022-10-11,870.5999755859375,-0.040343955168225,ICICIBANK,16983.55078125,-0.053121111534701004,0.012777156366476007,True
2022-10-11,1423.800048828125,-0.0731674950633912,INFY,16983.55078125,-0.053121111534701004,-0.02004638352869019,False
2022-10-11,1088.17041015625,-0.0924347435224575,RELIANCE,16983.55078125,-0.053121111534701004,-0.03931363198775649,False
2022-10-11,3069.550048828125,-0.0534698052558875,TCS,16983.55078125,-0.053121111534701004,-0.00034869372118649655,False
2022-10-12,704.9000244140625,-0.0682703908694535,HDFCBANK,17123.599609375,-0.05237678539658919,-0.01589360547286431,False
2022-10-12,868.3499755859375,-0.0457692575978708,ICICIBANK,17123.599609375,-0.05237678539658919,0.006607527798718385,True
2022-10-12,1428.699951171875,-0.0752451559429624,INFY,17123.599609375,-0.05237678539658919,-0.02286837054637321,False
2022-10-12,1096.177490234375,-0.0933294858244606,RELIANCE,17123.599609375,-0.05237678539658919,-0.040952700427871414,False
2022-10-12,3100.75,-0.039822284288589,TCS,17123.599609375,-0.05237678539658919,0.012554501108000188,True
2022-10-13,696.7999877929688,-0.0883459566750016,HDFCBANK,17014.349609375,-0.05495523935985558,-0.03339071731514602,False
2022-10-13,853.5999755859375,-0.0702537868589265,ICICIBANK,17014.349609375,-0.05495523935985558,-0.01529854749907092,False
2022-10-13,1419.9000244140625,-0.0376169168236534,INFY,17014.349609375,-0.05495523935985558,0.017338322536202176,True
2022-10-13,1099.661865234375,-0.0794134565792175,RELIANCE,17014.349609375,-0.05495523935985558,-0.024458217219361922,False
2022-10-13,3103.300048828125,-0.0054800198855221,TCS,17014.349609375,-0.05495523935985558,0.049475219474333476,True
2022-10-14,719.5,-0.0537252277209029,HDFCBANK,17185.69921875,-0.03869137328477201,-0.015033854436130888,False
2022-10-14,870.25,-0.0516019799975496,ICICIBANK,17185.69921875,-0.03869137328477201,-0.012910606712777585,False
2022-10-14,1474.25,0.0289293340028684,INFY,17185.69921875,-0.03869137328477201,0.06762070728764041,True
2022-10-14,1094.07763671875,-0.0749210331647806,RELIANCE,17185.69921875,-0.03869137328477201,-0.03622965988000859,False
2022-10-14,3099.14990234375,-0.001675131718045,TCS,17185.69921875,-0.03869137328477201,0.03701624156672701,True
2022-10-17,723.2750244140625,-0.0309495569732876,HDFCBANK,17311.80078125,-0.012495049185058282,-0.018454507788229317,False
2022-10-17,885.2000122070312,-0.0262896975258438,ICICIBANK,17311.80078125,-0.012495049185058282,-0.013794648340785517,False
2022-10-17,1489.949951171875,0.0819867821360802,INFY,17311.80078125,-0.012495049185058282,0.09448183132113848,True
2022-10-17,1111.6376953125,-0.0361915954418969,RELIANCE,17311.80078125,-0.012495049185058282,-0.02369654625683862,False
2022-10-17,3111.75,0.0342506898329917,TCS,17311.80078125,-0.012495049185058282,0.04674573901804998,True
2022-10-18,721.9249877929688,-0.0390988958835104,HDFCBANK,17486.94921875,-0.007677838031465933,-0.031421057852044465,False
2022-10-18,896.9000244140625,-0.002557815571336,ICICIBANK,17486.94921875,-0.007677838031465933,0.005120022460129933,True
2022-10-18,1503.699951171875,0.0815650567223484,INFY,17486.94921875,-0.007677838031465933,0.08924289475381433,True
2022-10-18,1131.25146484375,-0.0204599430977089,RELIANCE,17486.94921875,-0.007677838031465933,-0.012782105066242968,False
2022-10-18,3144.699951171875,0.0382659470665924,TCS,17486.94921875,-0.007677838031465933,0.04594378509805833,True
2022-10-19,729.3250122070312,-0.0408035304466182,HDFCBANK,17512.25,-0.01706307444046873,-0.02374045600614947,False
2022-10-19,892.0999755859375,-0.0268884913161303,ICICIBANK,17512.25,-0.01706307444046873,-0.009825416875661571,False
2022-10-19,1485.449951171875,0.0697849547630848,INFY,17512.25,-0.01706307444046873,0.08684802920355353,True
2022-10-19,1150.9344482421875,-0.0035758781884852,RELIANCE,17512.25,-0.01706307444046873,0.013487196251983528,True
2022-10-19,3121.85009765625,0.026823026516596,TCS,17512.25,-0.01706307444046873,0.04388610095706473,True
2022-10-20,724.4000244140625,-0.0458062553931104,HDFCBANK,17563.94921875,-0.008714151940161785,-0.03709210345294862,False
2022-10-20,888.6500244140625,-0.029063070839593,ICICIBANK,17563.94921875,-0.008714151940161785,-0.020348918899431214,False
2022-10-20,1500.9000244140625,0.0897803771385459,INFY,17563.94921875,-0.008714151940161785,0.09849452907870769,True
2022-10-20,1154.0264892578125,-0.0036458286126459,RELIANCE,17563.94921875,-0.008714151940161785,0.0050683233275158855,True
2022-10-20,3157.300048828125,0.0520125617072924,TCS,17563.94921875,-0.008714151940161785,0.06072671364745418,True
2022-10-21,719.2999877929688,-0.0318977284078482,HDFCBANK,17576.30078125,-0.003034634404768699,-0.0288630940030795,False
2022-10-21,907.1500244140624,0.0041509850549674,ICICIBANK,17576.30078125,-0.003034634404768699,0.007185619459736099,True
2022-10-21,1500.5,0.0968968555571598,INFY,17576.30078125,-0.003034634404768699,0.0999314899619285,True
2022-10-21,1140.6429443359375,-0.0058324500801471,RELIANCE,17576.30078125,-0.003034634404768699,-0.002797815675378401,False
2022-10-21,3137.39990234375,0.0432267088586015,TCS,17576.30078125,-0.003034634404768699,0.0462613432633702,True
2022-10-24,730.5250244140625,0.0103032355997085,HDFCBANK,17730.75,0.02328113645301766,-0.012977900853309158,False
2022-10-24,926.2999877929688,0.0499291445655638,ICICIBANK,17730.75,0.02328113645301766,0.02664800811254614,True
2022-10-24,1517.8499755859375,0.1116115785007481,INFY,17730.75,0.02328113645301766,0.08833044204773044,True
2022-10-24,1144.4503173828125,0.016540222644124,RELIANCE,17730.75,0.02328113645301766,-0.006740913808893658,False
2022-10-24,3161.699951171875,0.0602437582878088,TCS,17730.75,0.02328113645301766,0.03696262183479114,True
2022-10-25,725.4500122070312,0.0169978618336754,HDFCBANK,17656.349609375,0.03761386427949476,-0.02061600244581936,False
2022-10-25,925.0499877929688,0.0743278565789704,ICICIBANK,17656.349609375,0.03761386427949476,0.03671399229947564,True
2022-10-25,1526.300048828125,0.105814199476997,INFY,17656.349609375,0.03761386427949476,0.06820033519750224,True
2022-10-25,1126.77490234375,0.0270048649144816,RELIANCE,17656.349609375,0.03761386427949476,-0.010608999365013156,False
2022-10-25,3162.10009765625,0.0560046088637791,TCS,17656.349609375,0.03761386427949476,0.018390744584284344,True
2022-10-27,727.2000122070312,0.0286805881305192,HDFCBANK,17736.94921875,0.04289596360224168,-0.014215375471722483,False
2022-10-27,924.4000244140624,0.0842766261801197,ICICIBANK,17736.94921875,0.04289596360224168,0.04138066257787802,True
2022-10-27,1523.949951171875,0.0935738924148485,INFY,17736.94921875,0.04289596360224168,0.05067792881260681,True
2022-10-27,1131.205322265625,0.0229107636490717,RELIANCE,17736.94921875,0.04289596360224168,-0.019985199953169983,False
2022-10-27,3157.39990234375,0.0463802062789884,TCS,17736.94921875,0.04289596360224168,0.0034842426767467197,True
2022-10-28,729.3499755859375,0.0497642401596598,HDFCBANK,17786.80078125,0.0550580234053859,-0.0052937832457261025,False
2022-10-28,907.8499755859376,0.0686874344743233,ICICIBANK,17786.80078125,0.0550580234053859,0.013629411068937392,True
2022-10-28,1513.25,0.0850003964856491,INFY,17786.80078125,0.0550580234053859,0.029942373080263193,True
2022-10-28,1165.81787109375,0.0830457800545152,RELIANCE,17786.80078125,0.0550580234053859,0.027987756649129295,True
2022-10-28,3163.25,0.0420338648266827,TCS,17786.80078125,0.0550580234053859,-0.013024158578703204,False
2022-10-31,748.3499755859375,0.0827214363985269,HDFCBANK,18012.19921875,0.07100086437289077,0.01172057202563613,True
2022-10-31,908.7000122070312,0.0767863324070416,ICICIBANK,18012.19921875,0.07100086437289077,0.005785468034150823,True
2022-10-31,1537.6500244140625,0.09938154475651,INFY,18012.19921875,0.07100086437289077,0.028380680383619225,True
2022-10-31,1176.6400146484375,0.0964606596826658,RELIANCE,18012.19921875,0.07100086437289077,0.025459795309775032,True
2022-10-31,3193.14990234375,0.0653420913238891,TCS,18012.19921875,0.07100086437289077,-0.00565877304900167,False
2022-11-01,756.625,0.0646568586151188,HDFCBANK,18145.400390625,0.061485274682435254,0.003171583932683547,True
2022-11-01,908.5999755859376,0.0540602965034078,ICICIBANK,18145.400390625,0.061485274682435254,-0.007424978179027451,False
2022-11-01,1573.0,0.1128798714774752,INFY,18145.400390625,0.061485274682435254,0.05139459679503995,True
2022-11-01,1167.525390625,0.0639680029830895,RELIANCE,18145.400390625,0.061485274682435254,0.002482728300654241,True
2022-11-01,3259.699951171875,0.0849211689594808,TCS,18145.400390625,0.061485274682435254,0.023435894277045552,True
2022-11-02,757.0999755859375,0.0714690089794067,HDFCBANK,18082.849609375,0.07079263636114441,0.0006763726182622831,True
2022-11-02,904.7000122070312,0.0664231016004615,ICICIBANK,18082.849609375,0.07079263636114441,-0.004369534760682914,False
2022-11-02,1553.300048828125,0.1144753713565023,INFY,18082.849609375,0.07079263636114441,0.043682734995357894,True
2022-11-02,1174.8170166015625,0.0743404775183442,RELIANCE,18082.849609375,0.07079263636114441,0.003547841157199791,True
2022-11-02,3241.699951171875,0.0860148425266564,TCS,18082.849609375,0.07079263636114441,0.015222206165511981,True
2022-11-03,753.7750244140625,0.0375430480578975,HDFCBANK,18052.69921875,0.045061067730445936,-0.007518019672548434,False
2022-11-03,908.6500244140624,0.0472540757751811,ICICIBANK,18052.69921875,0.045061067730445936,0.0021930080447351633,True
2022-11-03,1530.75,0.0709038574610929,INFY,18052.69921875,0.045061067730445936,0.025842789730646964,True
2022-11-03,1179.2012939453125,0.0588222979253256,RELIANCE,18052.69921875,0.045061067730445936,0.013761230194879667,True
2022-11-03,3206.75,0.037397118000845,TCS,18052.69921875,0.045061067730445936,-0.0076639497296009385,False
2022-11-04,748.5750122070312,0.0418580545678932,HDFCBANK,18117.150390625,0.04531263769340188,-0.003454583125508677,False
2022-11-04,905.2999877929688,0.0224179516768658,ICICIBANK,18117.150390625,0.04531263769340188,-0.02289468601653608,False
2022-11-04,1514.0,0.0404425486022543,INFY,18117.150390625,0.04531263769340188,-0.004870089091147584,False
2022-11-04,1196.5537109375,0.0704554446665814,RELIANCE,18117.150390625,0.04531263769340188,0.025142806973179513,True
2022-11-04,3217.39990234375,0.0372185086765373,TCS,18117.150390625,0.04531263769340188,-0.008094129016864578,False
2022-11-07,754.4000244140625,0.0545149548071965,HDFCBANK,18202.80078125,0.05129473426191078,0.003220220545285722,True
2022-11-07,917.5,0.039601170121176,ICICIBANK,18202.80078125,0.05129473426191078,-0.011693564140734782,False
2022-11-07,1507.449951171875,0.0387610266625055,INFY,18202.80078125,0.05129473426191078,-0.01253370759940528,False
2022-11-07,1202.9454345703125,0.0716384585546445,RELIANCE,18202.80078125,0.05129473426191078,0.02034372429273372,True
2022-11-07,3233.699951171875,0.0550752240551291,TCS,18202.80078125,0.05129473426191078,0.0037804897932183223,True
2022-11-09,754.1749877929688,0.0659717141950089,HDFCBANK,18157.0,0.05312916884171459,0.012842545353294307,True
2022-11-09,910.5,0.0326056138361212,ICICIBANK,18157.0,0.05312916884171459,-0.020523555005593393,False
2022-11-09,1511.199951171875,0.0331931261391538,INFY,18157.0,0.05312916884171459,-0.01993604270256079,False
2022-11-09,1201.74560546875,0.0823842071978488,RELIANCE,18157.0,0.05312916884171459,0.029255038356134203,True
2022-11-09,3216.050048828125,0.0312645295003806,TCS,18157.0,0.05312916884171459,-0.021864639341333994,False
2022-11-10,762.375,0.0886017016548101,HDFCBANK,18028.19921875,0.06150942467539244,0.027092276979417657,True
2022-11-10,910.7000122070312,0.046060231731692,ICICIBANK,18028.19921875,0.06150942467539244,-0.015449192943700445,False
2022-11-10,1501.949951171875,0.0548882565414099,INFY,18028.19921875,0.06150942467539244,-0.006621168133982544,False
2022-11-10,1187.2083740234375,0.0910132851829399,RELIANCE,18028.19921875,0.06150942467539244,0.029503860507547455,True
2022-11-10,3205.64990234375,0.0443386982947497,TCS,18028.19921875,0.06150942467539244,-0.017170726380642744,False
2022-11-11,805.5750122070312,0.1428216545696012,HDFCBANK,18349.69921875,0.07160291278381226,0.07121874178578894,True
2022-11-11,906.5499877929688,0.0439914933852045,ICICIBANK,18349.69921875,0.07160291278381226,-0.027611419398607756,False
2022-11-11,1570.0999755859375,0.0989711130724688,INFY,18349.69921875,0.07160291278381226,0.02736820028865654,True
2022-11-11,1214.5753173828125,0.1080097230632994,RELIANCE,18349.69921875,0.07160291278381226,0.03640681027948714,True
2022-11-11,3315.949951171875,0.0694025481486333,TCS,18349.69921875,0.07160291278381226,-0.0022003646351789613,False
2022-11-14,807.5250244140625,0.1589050495993866,HDFCBANK,18329.150390625,0.07727599417173936,0.08162905542764723,True
2022-11-14,894.9500122070312,0.0484419374458273,ICICIBANK,18329.150390625,0.07727599417173936,-0.028834056725912056,False
2022-11-14,1585.300048828125,0.1164870917459957,INFY,18329.150390625,0.07727599417173936,0.03921109757425634,True
2022-11-14,1208.691162109375,0.099148020243261,RELIANCE,18329.150390625,0.07727599417173936,0.02187202607152164,True
2022-11-14,3335.5,0.0748235579925824,TCS,18329.150390625,0.07727599417173936,-0.0024524361791569554,False
2022-11-15,809.5,0.1250868658790827,HDFCBANK,18403.400390625,0.07085549190494733,0.054231373974135355,True
2022-11-15,911.7000122070312,0.0476300054088265,ICICIBANK,18403.400390625,0.07085549190494733,-0.02322548649612083,False
2022-11-15,1594.0,0.0812277429201289,INFY,18403.400390625,0.07085549190494733,0.010372251015181563,True
2022-11-15,1203.2685546875,0.0998018004428138,RELIANCE,18403.400390625,0.07085549190494733,0.028946308537866464,True
2022-11-15,3332.60009765625,0.0753271712142584,TCS,18403.400390625,0.07085549190494733,0.004471679309311069,True
2022-11-16,816.4500122070312,0.1288237318417726,HDFCBANK,18409.650390625,0.06341625710966214,0.06540747473211045,True
2022-11-16,913.5999755859376,0.0320831032391175,ICICIBANK,18409.650390625,0.06341625710966214,-0.031333153870544646,False
2022-11-16,1602.800048828125,0.0757408646964894,INFY,18409.650390625,0.06341625710966214,0.012324607586827255,True
2022-11-16,1196.369140625,0.0762221771264068,RELIANCE,18409.650390625,0.06341625710966214,0.01280592001674466,True
2022-11-16,3355.35009765625,0.0782839552201333,TCS,18409.650390625,0.06341625710966214,0.014867698110471159,True
2022-11-17,809.0750122070312,0.1207189471034837,HDFCBANK,18343.900390625,0.04900518444670454,0.07171376265677916,True
2022-11-17,919.7999877929688,0.0255323478153171,ICICIBANK,18343.900390625,0.04900518444670454,-0.023472836631387443,False
2022-11-17,1587.4000244140625,0.0556627491920562,INFY,18343.900390625,0.04900518444670454,0.00665756474535166,True
2022-11-17,1199.461181640625,0.0602958041749772,RELIANCE,18343.900390625,0.04900518444670454,0.01129061972827266,True
2022-11-17,3349.0,0.0649664680256671,TCS,18343.900390625,0.04900518444670454,0.015961283578962565,True
2022-11-18,806.9500122070312,0.10643402968602,HDFCBANK,18307.650390625,0.04541965713286422,0.06101437255315578,True
2022-11-18,920.3499755859376,0.0316668543583866,ICICIBANK,18307.650390625,0.04541965713286422,-0.013752802774477622,False
2022-11-18,1593.4000244140625,0.0726716326975711,INFY,18307.650390625,0.04541965713286422,0.027251975564706876,True
2022-11-18,1198.8150634765625,0.0416015137156617,RELIANCE,18307.650390625,0.04541965713286422,-0.0038181434172025186,False
2022-11-18,3343.449951171875,0.0709835022770608,TCS,18307.650390625,0.04541965713286422,0.025563845144196573,True
2022-11-21,798.6749877929688,0.1025330768576164,HDFCBANK,18159.94921875,0.033933142972410346,0.06859993388520605,True
2022-11-21,921.4000244140624,0.0368536534071373,ICICIBANK,18159.94921875,0.033933142972410346,0.002920510434726957,True
2022-11-21,1568.199951171875,0.04483971328076,INFY,18159.94921875,0.033933142972410346,0.010906570308349656,True
2022-11-21,1177.239990234375,0.0201152236908286,RELIANCE,18159.94921875,0.033933142972410346,-0.013817919281581745,False
2022-11-21,3283.5,0.039970845095548,TCS,18159.94921875,0.033933142972410346,0.006037702123137652,True
2022-11-22,797.5,0.1087168268234963,HDFCBANK,18244.19921875,0.03799994354969738,0.07071688327379892,True
2022-11-22,923.7000122070312,0.0182439368875713,ICICIBANK,18244.19921875,0.03799994354969738,-0.01975600666212608,False
2022-11-22,1585.050048828125,0.0563479165798901,INFY,18244.19921875,0.03799994354969738,0.01834797303019272,True
2022-11-22,1183.7701416015625,0.0378095507273161,RELIANCE,18244.19921875,0.03799994354969738,-0.0001903928223812787,False
2022-11-22,3314.949951171875,0.0565914624704007,TCS,18244.19921875,0.03799994354969738,0.01859151892070332,True
2022-11-23,799.5750122070312,0.0945210437498047,HDFCBANK,18267.25,0.030258167308207407,0.0642628764415973,True
2022-11-23,927.4500122070312,0.001241524807533,ICICIBANK,18267.25,0.030258167308207407,-0.029016642500674407,False
2022-11-23,1583.1500244140625,0.0430214117853888,INFY,18267.25,0.030258167308207407,0.012763244477181392,True
2022-11-23,1180.078125,0.0311309342800156,RELIANCE,18267.25,0.030258167308207407,0.0008727669718081935,True
2022-11-23,3308.300048828125,0.0463674921467209,TCS,18267.25,0.030258167308207407,0.016109324838513496,True
2022-11-24,812.5750122070312,0.1200978682665401,HDFCBANK,18484.099609375,0.046881151444831515,0.07321671682170859,True
2022-11-24,938.8499755859376,0.0149180995352409,ICICIBANK,18484.099609375,0.046881151444831515,-0.03196305190959062,False
2022-11-24,1629.800048828125,0.067811044151814,INFY,18484.099609375,0.046881151444831515,0.020929892706982492,True
2022-11-24,1190.2542724609375,0.0563372240410637,RELIANCE,18484.099609375,0.046881151444831515,0.009456072596232185,True
2022-11-24,3380.14990234375,0.0689572745812565,TCS,18484.099609375,0.046881151444831515,0.022076123136424985,True
2022-11-25,808.8250122070312,0.1122455976757625,HDFCBANK,18512.75,0.04373924577908195,0.06850635189668056,True
2022-11-25,930.2999877929688,0.0063824786056729,ICICIBANK,18512.75,0.04373924577908195,-0.03735676717340905,False
2022-11-25,1635.6500244140625,0.0732964184002848,INFY,18512.75,0.04373924577908195,0.029557172621202846,True
2022-11-25,1208.02197265625,0.067906903263833,RELIANCE,18512.75,0.04373924577908195,0.024167657484751054,True
2022-11-25,3389.64990234375,0.0735573595943928,TCS,18512.75,0.04373924577908195,0.029818113815310854,True
2022-11-28,800.125,0.0970384956237284,HDFCBANK,18562.75,0.04362500194908403,0.053413493674644374,True
2022-11-28,937.4000244140624,0.032549484631591,ICICIBANK,18562.75,0.04362500194908403,-0.011075517317493032,False
2022-11-28,1623.4000244140625,0.0727903680251527,INFY,18562.75,0.04362500194908403,0.029165366076068663,True
2022-11-28,1249.533935546875,0.0718088704323807,RELIANCE,18562.75,0.04362500194908403,0.028183868483296667,True
2022-11-28,3395.25,0.0733422903659211,TCS,18562.75,0.04362500194908403,0.029717288416837073,True
2022-11-29,798.9249877929688,0.0675820322803277,HDFCBANK,18618.05078125,0.03363562412019805,0.03394640816012966,True
2022-11-29,946.75,0.0418729913963067,ICICIBANK,18618.05078125,0.03363562412019805,0.008237367276108652,True
2022-11-29,1629.050048828125,0.0594413702486633,INFY,18618.05078125,0.03363562412019805,0.02580574612846525,True
2022-11-29,1251.6798095703125,0.0637746413411715,RELIANCE,18618.05078125,0.03363562412019805,0.030139017220973452,True
2022-11-29,3397.35009765625,0.0639494547883952,TCS,18618.05078125,0.03363562412019805,0.03031383066819715,True
2022-11-30,804.2249755859375,0.0629109209792664,HDFCBANK,18758.349609375,0.0337798673798726,0.029131053599393802,True
2022-11-30,952.9000244140624,0.0487563834673852,ICICIBANK,18758.349609375,0.0337798673798726,0.014976516087512604,True
2022-11-30,1634.949951171875,0.0393833128873966,INFY,18758.349609375,0.0337798673798726,0.0056034455075240006,True
2022-11-30,1260.517578125,0.0796489637370707,RELIANCE,18758.349609375,0.0337798673798726,0.0458690963571981,True
2022-11-30,3390.800048828125,0.0402184555695437,TCS,18758.349609375,0.0337798673798726,0.0064385881896711,True
2022-12-01,809.75,0.0695417066594348,HDFCBANK,18812.5,0.04035040971898107,0.02919129694045372,True
2022-12-01,940.2000122070312,0.0392395263855442,ICICIBANK,18812.5,0.04035040971898107,-0.0011108833334368753,False
2022-12-01,1657.0999755859375,0.0668254191043922,INFY,18812.5,0.04035040971898107,0.026475009385411127,True
2022-12-01,1256.802490234375,0.0697857389485001,RELIANCE,18812.5,0.04035040971898107,0.029435329229519025,True
2022-12-01,3475.64990234375,0.0721689097374056,TCS,18812.5,0.04035040971898107,0.031818500018424525,True
2022-12-02,803.5499877929688,0.0660342433308907,HDFCBANK,18696.099609375,0.035640121337464414,0.030394121993426282,True
2022-12-02,930.5999755859376,0.0241566616212105,ICICIBANK,18696.099609375,0.035640121337464414,-0.011483459716253915,False
2022-12-02,1637.9000244140625,0.0699983827627388,INFY,18696.099609375,0.035640121337464414,0.034358261425274386,True
2022-12-02,1256.271728515625,0.0653581665539511,RELIANCE,18696.099609375,0.035640121337464414,0.029718045216486688,True
2022-12-02,3439.14990234375,0.0724720986493334,TCS,18696.099609375,0.035640121337464414,0.03683197731186899,True
2022-12-05,806.4749755859375,0.0773469090401497,HDFCBANK,18701.05078125,0.03222915182771513,0.045117757212434564,True
2022-12-05,933.5999755859376,0.0312603426207498,ICICIBANK,18701.05078125,0.03222915182771513,-0.0009688092069653279,False
2022-12-05,1639.75,0.0830581241743724,INFY,18701.05078125,0.03222915182771513,0.05082897234665727,True
2022-12-05,1237.9501953125,0.0345964280555077,RELIANCE,18701.05078125,0.03222915182771513,0.002367276227792571,True
2022-12-05,3425.89990234375,0.0648038808753974,TCS,18701.05078125,0.03222915182771513,0.03257472904768227,True
2022-12-06,805.5750122070312,0.0678353474772432,HDFCBANK,18642.75,0.02416931460367211,0.043666032873571084,True
2022-12-06,922.6500244140624,0.0056131056284058,ICICIBANK,18642.75,0.02416931460367211,-0.01855620897526631,False
2022-12-06,1612.9000244140625,0.0699526197604183,INFY,18642.75,0.02416931460367211,0.045783305156746196,True
2022-12-06,1241.52685546875,0.0320724613018035,RELIANCE,18642.75,0.02416931460367211,0.007903146698131393,True
2022-12-06,3385.35009765625,0.0468967896756833,TCS,18642.75,0.02416931460367211,0.022727475072011193,True
2022-12-07,805.2249755859375,0.0676898446902387,HDFCBANK,18560.5,0.022222834168640127,0.04546701052159857,True
2022-12-07,922.1500244140624,0.0127951943042969,ICICIBANK,18560.5,0.022222834168640127,-0.009427639864343227,False
2022-12-07,1605.5,0.0624007754599245,INFY,18560.5,0.022222834168640127,0.04017794129128437,True
2022-12-07,1223.205322265625,0.017857121090536,RELIANCE,18560.5,0.022222834168640127,-0.0043657130781041276,False
2022-12-07,3380.60009765625,0.0511652637023121,TCS,18560.5,0.022222834168640127,0.028942429533671973,True
2022-12-08,809.75,0.0621413346450236,HDFCBANK,18609.349609375,0.032235631721918345,0.029905702923105258,True
2022-12-08,931.9000244140624,0.0232788096221214,ICICIBANK,18609.349609375,0.032235631721918345,-0.008956822099796945,False
2022-12-08,1620.1500244140625,0.0786977443222816,INFY,18609.349609375,0.032235631721918345,0.04646211260036326,True
2022-12-08,1222.62841796875,0.0298347322343037,RELIANCE,18609.349609375,0.032235631721918345,-0.0024008994876146446,False
2022-12-08,3350.550048828125,0.0452014882780662,TCS,18609.349609375,0.032235631721918345,0.012965856556147855,True
2022-12-09,815.5250244140625,0.0123514409660885,HDFCBANK,18496.599609375,0.008005602101362808,0.004345838864725693,True
2022-12-09,929.9000244140624,0.0257570315321939,ICICIBANK,18496.599609375,0.008005602101362808,0.017751429430831092,True
2022-12-09,1569.300048828125,-0.0005094750463351,INFY,18496.599609375,0.008005602101362808,-0.008515077147697907,False
2022-12-09,1204.0992431640625,-0.0086252981341033,RELIANCE,18496.599609375,0.008005602101362808,-0.01663090023546611,False
2022-12-09,3292.75,-0.0069964720558209,TCS,18496.599609375,0.008005602101362808,-0.015002074157183708,False
2022-12-12,821.875,0.0177703168968041,HDFCBANK,18497.150390625,0.009165727620737307,0.008604589276066794,True
2022-12-12,930.2999877929688,0.0394993855564749,ICICIBANK,18497.150390625,0.009165727620737307,0.03033365793573759,True
2022-12-12,1547.199951171875,-0.02403336685974,INFY,18497.150390625,0.009165727620737307,-0.03319909448047731,False
2022-12-12,1205.9451904296875,-0.0022718555126152,RELIANCE,18497.150390625,0.009165727620737307,-0.011437583133352507,False
2022-12-12,3286.449951171875,-0.0147054561019712,TCS,18497.150390625,0.009165727620737307,-0.02387118372270851,False
2022-12-13,824.1500244140625,0.0180976212650556,HDFCBANK,18608.0,0.01111748943305213,0.00698013183200347,True
2022-12-13,932.9500122070312,0.0233081054244568,ICICIBANK,18608.0,0.01111748943305213,0.012190615991404669,True
2022-12-13,1572.1500244140625,-0.0137076383851553,INFY,18608.0,0.01111748943305213,-0.024825127818207428,False
2022-12-13,1211.4371337890625,0.0067886583337863,RELIANCE,18608.0,0.01111748943305213,-0.00432883109926583,False
2022-12-13,3332.10009765625,-0.000150033002865,TCS,18608.0,0.01111748943305213,-0.01126752243591713,False
2022-12-14,831.125,0.0179741411887535,HDFCBANK,18660.30078125,0.013615162988246832,0.00435897820050667,True
2022-12-14,921.75,0.0089207800261108,ICICIBANK,18660.30078125,0.013615162988246832,-0.004694382962136031,False
2022-12-14,1579.4000244140625,-0.0145994657481893,INFY,18660.30078125,0.013615162988246832,-0.028214628736436133,False
2022-12-14,1207.0528564453125,0.0089301165146495,RELIANCE,18660.30078125,0.013615162988246832,-0.0046850464735973315,False
2022-12-14,3365.35009765625,0.0029803149325564,TCS,18660.30078125,0.013615162988246832,-0.010634848055690432,False
2022-12-15,815.9000244140625,0.0084355740865282,HDFCBANK,18414.900390625,0.0038704963768929623,0.0045650777096352384,True
2022-12-15,908.7999877929688,-0.0119591217068768,ICICIBANK,18414.900390625,0.0038704963768929623,-0.015829618083769762,False
2022-12-15,1540.5,-0.0295451831250752,INFY,18414.900390625,0.0038704963768929623,-0.033415679501968165,False
2022-12-15,1189.9080810546875,-0.0079644933343075,RELIANCE,18414.900390625,0.0038704963768929623,-0.011834989711200462,False
2022-12-15,3305.10009765625,-0.0131083614045237,TCS,18414.900390625,0.0038704963768929623,-0.01697885778141666,False
2022-12-16,819.8250122070312,0.0159551394822914,HDFCBANK,18269.0,-0.0021111606241286385,0.01806630010642004,True
2022-12-16,902.0,-0.0199380410416756,ICICIBANK,18269.0,-0.0021111606241286385,-0.017826880417546962,False
2022-12-16,1522.199951171875,-0.044684368113004,INFY,18269.0,-0.0021111606241286385,-0.04257320748887536,False
2022-12-16,1184.02392578125,-0.0123381313314651,RELIANCE,18269.0,-0.0021111606241286385,-0.010226970707336462,False
2022-12-16,3240.25,-0.030866306563286,TCS,18269.0,-0.0021111606241286385,-0.028755145939157362,False
2022-12-19,822.375,0.0296741635449522,HDFCBANK,18420.44921875,0.014344753768971819,0.015329409775980383,True
2022-12-19,906.4500122070312,-0.0162253221303506,ICICIBANK,18420.44921875,0.014344753768971819,-0.030570075899322417,False
2022-12-19,1507.3499755859375,-0.0388024343072233,INFY,18420.44921875,0.014344753768971819,-0.05314718807619512,False
2022-12-19,1199.5765380859375,0.0189736570596072,RELIANCE,18420.44921875,0.014344753768971819,0.0046289032906353805,True
2022-12-19,3202.050048828125,-0.0248058325481574,TCS,18420.44921875,0.014344753768971819,-0.03915058631712922,False
2022-12-20,816.7000122070312,0.0240752504163401,HDFCBANK,18385.30078125,0.007734050741727616,0.016341199674612485,True
2022-12-20,909.7000122070312,-0.01515643587202,ICICIBANK,18385.30078125,0.007734050741727616,-0.022890486613747617,False
2022-12-20,1507.300048828125,-0.0490520788649436,INFY,18385.30078125,0.007734050741727616,-0.05678612960667122,False
2022-12-20,1209.9603271484375,0.0221243843094753,RELIANCE,18385.30078125,0.007734050741727616,0.014390333567747684,True
2022-12-20,3243.949951171875,-0.0214181212524492,TCS,18385.30078125,0.007734050741727616,-0.029152171994176815,False
2022-12-21,808.7999877929688,0.0115373485227785,HDFCBANK,18199.099609375,-0.003730741661990722,0.015268090184769222,True
2022-12-21,892.25,-0.0379535411544893,ICICIBANK,18199.099609375,-0.003730741661990722,-0.034222799492498575,False
2022-12-21,1509.550048828125,-0.0464895773937643,INFY,18199.099609375,-0.003730741661990722,-0.04275883573177358,False
2022-12-21,1192.746337890625,0.0107350628930817,RELIANCE,18199.099609375,-0.003730741661990722,0.014465804555072423,True
2022-12-21,3268.550048828125,-0.012015234233086,TCS,18199.099609375,-0.003730741661990722,-0.008284492571095278,False
2022-12-22,806.0250244140625,-0.0080607792444642,HDFCBANK,18127.349609375,-0.019300372078662642,0.011239592834198443,True
2022-12-22,890.6500244140625,-0.0513393539173214,ICICIBANK,18127.349609375,-0.019300372078662642,-0.032038981838658755,False
2022-12-22,1522.050048828125,-0.0661124044495369,INFY,18127.349609375,-0.019300372078662642,-0.04681203237087425,False
2022-12-22,1189.654296875,-0.0005040734570916,RELIANCE,18127.349609375,-0.019300372078662642,0.01879629862157104,True
2022-12-22,3259.699951171875,-0.0356344998452159,TCS,18127.349609375,-0.019300372078662642,-0.016334127766553255,False
2022-12-23,798.8250122070312,-0.0123636136977429,HDFCBANK,17806.80078125,-0.038133136284452585,0.025769522586709684,True
2022-12-23,878.9000244140625,-0.0552509556630725,ICICIBANK,17806.80078125,-0.038133136284452585,-0.017117819378619913,False
2022-12-23,1497.0999755859375,-0.0847064144285741,INFY,17806.80078125,-0.038133136284452585,-0.046573278144121516,False
2022-12-23,1154.764892578125,-0.0440861849234588,RELIANCE,17806.80078125,-0.038133136284452585,-0.0059530486390062184,False
2022-12-23,3228.35009765625,-0.0475859777070104,TCS,17806.80078125,-0.038133136284452585,-0.009452841422557819,False
2022-12-26,814.7249755859375,0.0182471183701764,HDFCBANK,18014.599609375,-0.029529589668826017,0.047776708039002413,True
2022-12-26,893.2000122070312,-0.0471517079751081,ICICIBANK,18014.599609375,-0.029529589668826017,-0.017622118306282082,False
2022-12-26,1502.4000244140625,-0.0745349255761362,INFY,18014.599609375,-0.029529589668826017,-0.04500533590731018,False
2022-12-26,1164.8486328125,-0.0677735116472137,RELIANCE,18014.599609375,-0.029529589668826017,-0.03824392197838768,False
2022-12-26,3252.89990234375,-0.0419262492176569,TCS,18014.599609375,-0.029529589668826017,-0.012396659548830881,False
2022-12-27,815.5499877929688,0.0208092126970851,HDFCBANK,18132.30078125,-0.02609027151699428,0.04689948421407938,True
2022-12-27,900.6500244140625,-0.0486928709648137,ICICIBANK,18132.30078125,-0.02609027151699428,-0.02260259944781942,False
2022-12-27,1514.8499755859375,-0.0701022496665088,INFY,18132.30078125,-0.02609027151699428,-0.04401197814951452,False
2022-12-27,1174.378662109375,-0.0617579247263516,RELIANCE,18132.30078125,-0.02609027151699428,-0.035667653209357324,False
2022-12-27,3259.5,-0.0405757704368912,TCS,18132.30078125,-0.02609027151699428,-0.014485498919896922,False
2022-12-28,814.9000244140625,0.0132737096610899,HDFCBANK,18122.5,-0.033896884460305476,0.047170594121395376,True
2022-12-28,898.9500122070312,-0.0566166552888955,ICICIBANK,18122.5,-0.033896884460305476,-0.022719770828590023,False
2022-12-28,1510.1500244140625,-0.0763325670417985,INFY,18122.5,-0.033896884460305476,-0.04243568258149302,False
2022-12-28,1174.2633056640625,-0.0684276633327394,RELIANCE,18122.5,-0.033896884460305476,-0.03453077887243393,False
2022-12-28,3257.10009765625,-0.039430207988254,TCS,18122.5,-0.033896884460305476,-0.005533323527948525,False
2022-12-29,820.6500244140625,0.0134609748861531,HDFCBANK,18191.0,-0.03303654485049834,0.046497519736651435,True
2022-12-29,908.0499877929688,-0.03419487768203,ICICIBANK,18191.0,-0.03303654485049834,-0.001158332831531661,False
2022-12-29,1517.550048828125,-0.0842133418706186,INFY,18191.0,-0.03303654485049834,-0.05117679702012026,False
2022-12-29,1173.7325439453125,-0.0660962616915018,RELIANCE,18191.0,-0.03303654485049834,-0.033059716841003464,False
2022-12-29,3268.75,-0.0595284071057417,TCS,18191.0,-0.03303654485049834,-0.02649186225524336,False
2022-12-30,814.0750122070312,0.0130981576428996,HDFCBANK,18105.30078125,-0.031600111278223486,0.04469826892112309,True
2022-12-30,890.8499755859375,-0.0427143789413622,ICICIBANK,18105.30078125,-0.031600111278223486,-0.011114267663138715,False
2022-12-30,1508.199951171875,-0.0791868070754722,INFY,18105.30078125,-0.031600111278223486,-0.04758669579724871,False
2022-12-30,1175.5323486328125,-0.0642690415219419,RELIANCE,18105.30078125,-0.031600111278223486,-0.03266893024371842,False
2022-12-30,3256.699951171875,-0.0530508865134191,TCS,18105.30078125,-0.031600111278223486,-0.02145077523519561,False
2023-01-02,814.3499755859375,0.0097647171188151,HDFCBANK,18197.44921875,-0.026929051655478098,0.0366937687742932,True
2023-01-02,902.4500122070312,-0.0333654286562682,ICICIBANK,18197.44921875,-0.026929051655478098,-0.006436377000790104,False
2023-01-02,1524.0,-0.0705900289678305,INFY,18197.44921875,-0.026929051655478098,-0.0436609773123524,False
2023-01-02,1188.7774658203125,-0.0397210886822265,RELIANCE,18197.44921875,-0.026929051655478098,-0.012792037026748401,False
2023-01-02,3261.449951171875,-0.0480019719955537,TCS,18197.44921875,-0.026929051655478098,-0.0210729203400756,False
2023-01-03,819.6749877929688,0.0175029952174259,HDFCBANK,18232.55078125,-0.022003149682852552,0.039506144900278456,True
2023-01-03,901.3499755859376,-0.023085729436415,ICICIBANK,18232.55078125,-0.022003149682852552,-0.0010825797535624487,False
2023-01-03,1522.550048828125,-0.0560170960495582,INFY,18232.55078125,-0.022003149682852552,-0.03401394636670565,False
2023-01-03,1180.078125,-0.0494944835047884,RELIANCE,18232.55078125,-0.022003149682852552,-0.027491333821935846,False
2023-01-03,3311.35009765625,-0.021858891359931,TCS,18232.55078125,-0.022003149682852552,0.00014425832292155188,True
2023-01-04,805.0250244140625,-0.0002483171510291,HDFCBANK,18042.94921875,-0.027884527962608763,0.027636210811579662,True
2023-01-04,899.0999755859375,-0.024995985705006,ICICIBANK,18042.94921875,-0.027884527962608763,0.002888542257602763,True
2023-01-04,1494.800048828125,-0.0689504523026315,INFY,18042.94921875,-0.027884527962608763,-0.041065924340022736,False
2023-01-04,1162.3104248046875,-0.0497830546944872,RELIANCE,18042.94921875,-0.027884527962608763,-0.021898526731878434,False
2023-01-04,3314.64990234375,-0.0195084285059989,TCS,18042.94921875,-0.027884527962608763,0.008376099456609862,True
2023-01-05,799.8499755859375,-0.0122260258278017,HDFCBANK,17992.150390625,-0.033166082195536184,0.020940056367734484,True
2023-01-05,879.1500244140625,-0.056604784438295,ICICIBANK,17992.150390625,-0.033166082195536184,-0.02343870224275882,False
2023-01-05,1475.199951171875,-0.0894670685170712,INFY,17992.150390625,-0.033166082195536184,-0.05630098632153502,False
2023-01-05,1160.233642578125,-0.0510333102630531,RELIANCE,17992.150390625,-0.033166082195536184,-0.017867228067516915,False
2023-01-05,3311.10009765625,-0.0117741715828637,TCS,17992.150390625,-0.033166082195536184,0.021391910612672482,True
2023-01-06,797.2000122070312,-0.0224702022113881,HDFCBANK,17859.44921875,-0.034446893163112,0.011976690951723903,True
2023-01-06,870.0999755859375,-0.0643080409270936,ICICIBANK,17859.44921875,-0.034446893163112,-0.02986114776398159,False
2023-01-06,1448.5,-0.0769770248323974,INFY,17859.44921875,-0.034446893163112,-0.042530131669285404,False
2023-01-06,1170.7789306640625,-0.0276723971791916,RELIANCE,17859.44921875,-0.034446893163112,0.006774495983920402,True
2023-01-06,3211.550048828125,-0.0246602235735706,TCS,17859.44921875,-0.034446893163112,0.009786669589541403,True
2023-01-09,798.75,-0.0281368821292775,HDFCBANK,18101.19921875,-0.021406063286141697,-0.006730818843135804,False
2023-01-09,873.3499755859375,-0.0612168257060162,ICICIBANK,18101.19921875,-0.021406063286141697,-0.0398107624198745,False
2023-01-09,1484.449951171875,-0.0405571367504711,INFY,18101.19921875,-0.021406063286141697,-0.019151073464329406,False
2023-01-09,1198.4227294921875,-0.0062378132913484,RELIANCE,18101.19921875,-0.021406063286141697,0.015168249994793296,True
2023-01-09,3319.949951171875,0.0101933698969169,TCS,18101.19921875,-0.021406063286141697,0.0315994331830586,True
2023-01-10,784.1500244140625,-0.0485348526543312,HDFCBANK,17914.150390625,-0.037287704717057224,-0.011247147937273973,False
2023-01-10,861.3499755859375,-0.0767458445621467,ICICIBANK,17914.150390625,-0.037287704717057224,-0.039458139845089474,False
2023-01-10,1469.75,-0.0651337485760793,INFY,17914.150390625,-0.037287704717057224,-0.027846043859022077,False
2023-01-10,1180.701171875,-0.0253714873490201,RELIANCE,17914.150390625,-0.037287704717057224,0.011916217368037125,True
2023-01-10,3286.39990234375,-0.0137151327910721,TCS,17914.150390625,-0.037287704717057224,0.023572571925985122,True
2023-01-11,795.4500122070312,-0.0429237332446608,HDFCBANK,17895.69921875,-0.04097477160005247,-0.001948961644608324,False
2023-01-11,866.2999877929688,-0.0601573227090114,ICICIBANK,17895.69921875,-0.04097477160005247,-0.019182551108958924,False
2023-01-11,1471.25,-0.0684753847931494,INFY,17895.69921875,-0.04097477160005247,-0.02750061319309692,False
2023-01-11,1165.81787109375,-0.0341617064500362,RELIANCE,17895.69921875,-0.04097477160005247,0.00681306515001627,True
2023-01-11,3328.699951171875,-0.010890440941018,TCS,17895.69921875,-0.04097477160005247,0.030084330659034472,True
2023-01-12,799.7000122070312,-0.0198553888004419,HDFCBANK,17858.19921875,-0.03023101727763977,0.010375628477197873,True
2023-01-12,860.6500244140625,-0.052981914640909,ICICIBANK,17858.19921875,-0.03023101727763977,-0.022750897363269226,False
2023-01-12,1480.5999755859375,-0.0388834952379503,INFY,17858.19921875,-0.03023101727763977,-0.008652477960310531,False
2023-01-12,1140.6429443359375,-0.0414024725969449,RELIANCE,17858.19921875,-0.03023101727763977,-0.011171455319305128,False
2023-01-12,3334.35009765625,0.0088499588925436,TCS,17858.19921875,-0.03023101727763977,0.03908097617018337,True
2023-01-13,800.3250122070312,-0.023785563638153,HDFCBANK,17956.599609375,-0.017100026855602413,-0.006685536782550586,False
2023-01-13,873.4500122070312,-0.0316518711673711,ICICIBANK,17956.599609375,-0.017100026855602413,-0.014551844311768689,False
2023-01-13,1503.6500244140625,-0.0121862615640814,INFY,17956.599609375,-0.017100026855602413,0.004913765291521013,True
2023-01-13,1138.7969970703125,-0.0381976476371417,RELIANCE,17956.599609375,-0.017100026855602413,-0.02109762078153929,False
2023-01-13,3374.550048828125,0.0414474342498649,TCS,17956.599609375,-0.017100026855602413,0.05854746110546731,True
2023-01-16,792.6500244140625,-0.0361452811502508,HDFCBANK,17894.849609375,-0.028533484885916782,-0.007611796264334017,False
2023-01-16,865.25,-0.0454520510256457,ICICIBANK,17894.849609375,-0.028533484885916782,-0.01691856613972892,False
2023-01-16,1525.5,0.0120410154960908,INFY,17894.849609375,-0.028533484885916782,0.040574500382007585,True
2023-01-16,1127.9517822265625,-0.0597083667321974,RELIANCE,17894.849609375,-0.028533484885916782,-0.031174881846280617,False
2023-01-16,3334.050048828125,0.0412235905083084,TCS,17894.849609375,-0.028533484885916782,0.06975707539422518,True
2023-01-17,804.4500122070312,-0.0149993875558981,HDFCBANK,18053.30078125,-0.01805790418933939,0.0030585166334412914,True
2023-01-17,865.1500244140625,-0.0489721745577266,ICICIBANK,18053.30078125,-0.01805790418933939,-0.03091427036838721,False
2023-01-17,1539.5,0.0213626684328109,INFY,18053.30078125,-0.01805790418933939,0.03942057262215029,True
2023-01-17,1143.9658203125,-0.0545427030582642,RELIANCE,18053.30078125,-0.01805790418933939,-0.036484798868924806,False
2023-01-17,3378.39990234375,0.0414463703804386,TCS,18053.30078125,-0.01805790418933939,0.05950427456977799,True
2023-01-18,818.6500244140625,0.0121785815649828,HDFCBANK,18165.349609375,-0.0018544873496166847,0.014033068914599484,True
2023-01-18,869.5,-0.0254973381899691,ICICIBANK,18165.349609375,-0.0018544873496166847,-0.023642850840352416,False
2023-01-18,1545.4000244140625,0.0237487823697983,INFY,18165.349609375,-0.0018544873496166847,0.025603269719414984,True
2023-01-18,1142.0736083984375,-0.0424840788711222,RELIANCE,18165.349609375,-0.0018544873496166847,-0.04062959152150551,False
2023-01-18,3390.0,0.0371571337007425,TCS,18165.349609375,-0.0018544873496166847,0.039011621050359185,True
2023-01-19,822.0499877929688,0.0198814712862736,HDFCBANK,18107.849609375,-0.0010757226191475677,0.020957193905421168,True
2023-01-19,866.1500244140625,-0.0275079990214091,ICICIBANK,18107.849609375,-0.0010757226191475677,-0.02643227640226153,False
2023-01-19,1538.9000244140625,0.0110705791829321,INFY,18107.849609375,-0.0010757226191475677,0.012146301802079668,True
2023-01-19,1140.8507080078125,-0.0410233367755535,RELIANCE,18107.849609375,-0.0010757226191475677,-0.03994761415640593,False
2023-01-19,3373.10009765625,0.0347885229263531,TCS,18107.849609375,-0.0010757226191475677,0.03586424554550067,True
2023-01-20,830.4749755859375,0.0396206464435335,HDFCBANK,18027.650390625,0.012402542831138286,0.02721810361239521,True
2023-01-20,870.3499755859375,-0.0097281244631037,ICICIBANK,18027.650390625,0.012402542831138286,-0.022130667294241985,False
2023-01-20,1525.550048828125,0.0190034558186755,INFY,18027.650390625,0.012402542831138286,0.006600912987537216,True
2023-01-20,1127.2825927734375,-0.0237990434081613,RELIANCE,18027.650390625,0.012402542831138286,-0.03620158623929959,False
2023-01-20,3363.10009765625,0.0417395870719929,TCS,18027.650390625,0.012402542831138286,0.029337044240854614,True
2023-01-23,836.5499877929688,0.0267881958465003,HDFCBANK,18118.55078125,0.0057703848061603225,0.02101781104033998,True
2023-01-23,871.7000122070312,-0.0240707565004114,ICICIBANK,18118.55078125,0.0057703848061603225,-0.02984114130657172,False
2023-01-23,1548.0,0.030351420956427,INFY,18118.55078125,0.0057703848061603225,0.024581036150266678,True
2023-01-23,1121.5830078125,-0.0371427014474285,RELIANCE,18118.55078125,0.0057703848061603225,-0.04291308625358882,False
2023-01-23,3414.89990234375,0.0498017168875308,TCS,18118.55078125,0.0057703848061603225,0.04403133208137048,True
2023-01-24,847.75,0.0394825733419119,HDFCBANK,18118.30078125,-0.0007721027887689358,0.04025467613068084,True
2023-01-24,870.75,-0.0331982719186785,ICICIBANK,18118.30078125,-0.0007721027887689358,-0.03242616912990957,False
2023-01-24,1551.9000244140625,0.0244578997427082,INFY,18118.30078125,-0.0007721027887689358,0.025230002531477135,True
2023-01-24,1114.9605712890625,-0.0505953426585492,RELIANCE,18118.30078125,-0.0007721027887689358,-0.04982323986978027,False
2023-01-24,3436.300048828125,0.0542414630551082,TCS,18118.30078125,-0.0007721027887689358,0.055013565843877135,True
2023-01-25,824.3250122070312,0.0115658209726348,HDFCBANK,17891.94921875,-0.012721797834184034,0.024287618806818834,True
2023-01-25,855.2999877929688,-0.0485566759233879,ICICIBANK,17891.94921875,-0.012721797834184034,-0.03583487808920387,False
2023-01-25,1543.0,0.0217527894943307,INFY,17891.94921875,-0.012721797834184034,0.03447458732851473,True
2023-01-25,1099.54638671875,-0.063628760759972,RELIANCE,17891.94921875,-0.012721797834184034,-0.05090696292578796,False
2023-01-25,3429.75,0.0530072448396614,TCS,17891.94921875,-0.012721797834184034,0.06572904267384544,True
2023-01-27,807.9000244140625,-0.0155364645350536,HDFCBANK,17604.349609375,-0.03224948549420048,0.016713020959146882,True
2023-01-27,817.2000122070312,-0.1000495312011952,ICICIBANK,17604.349609375,-0.03224948549420048,-0.06780004570699472,False
2023-01-27,1519.1500244140625,0.001054314872299,INFY,17604.349609375,-0.03224948549420048,0.03330380036649948,True
2023-01-27,1078.6866455078125,-0.0809774755993546,RELIANCE,17604.349609375,-0.03224948549420048,-0.04872799010515412,False
2023-01-27,3411.050048828125,0.0435334757409178,TCS,17604.349609375,-0.03224948549420048,0.07578296123511828,True
2023-01-30,807.0750122070312,-0.0085987162055525,HDFCBANK,17648.94921875,-0.025205411830142133,0.016606695624589635,True
2023-01-30,823.5,-0.0756019278573134,ICICIBANK,17648.94921875,-0.025205411830142133,-0.05039651602717127,False
2023-01-30,1538.800048828125,0.0202891517351353,INFY,17648.94921875,-0.025205411830142133,0.04549456356527744,True
2023-01-30,1089.0242919921875,-0.0735905368671794,RELIANCE,17648.94921875,-0.025205411830142133,-0.04838512503703726,False
2023-01-30,3433.64990234375,0.0543341277443143,TCS,17648.94921875,-0.025205411830142133,0.07953953957445643,True
2023-01-31,801.75,-0.0154724331843586,HDFCBANK,17662.150390625,-0.02941614627908662,0.013943713094728019,True
2023-01-31,831.9000244140625,-0.0781760616529128,ICICIBANK,17662.150390625,-0.02941614627908662,-0.04875991537382618,False
2023-01-31,1533.75,0.0063976377952756,INFY,17662.150390625,-0.02941614627908662,0.03581378407436222,True
2023-01-31,1086.3013916015625,-0.0862029077477816,RELIANCE,17662.150390625,-0.02941614627908662,-0.05678676146869498,False
2023-01-31,3358.699951171875,0.0298180261711686,TCS,17662.150390625,-0.02941614627908662,0.059234172450255224,True
2023-02-01,813.7750244140625,-0.0071979302367055,HDFCBANK,17616.30078125,-0.03379943966116572,0.02660150942446022,True
2023-02-01,847.9500122070312,-0.0592444276089239,ICICIBANK,17616.30078125,-0.03379943966116572,-0.02544498794775818,False
2023-02-01,1551.0999755859375,0.0187513880281222,INFY,17616.30078125,-0.03379943966116572,0.05255082768928792,True
2023-02-01,1079.863525390625,-0.0849220043032108,RELIANCE,17616.30078125,-0.03379943966116572,-0.05112256464204508,False
2023-02-01,3408.35009765625,0.0292931877147801,TCS,17616.30078125,-0.03379943966116572,0.06309262737594581,True
2023-02-02,801.6749877929688,-0.004161406812828,HDFCBANK,17610.400390625,-0.023973288561689232,0.019811881748861233,True
2023-02-02,857.9000244140625,-0.0458235483156644,ICICIBANK,17610.400390625,-0.023973288561689232,-0.02185025975397517,False
2023-02-02,1583.75,0.0595062538575703,INFY,17610.400390625,-0.023973288561689232,0.08347954241925953,True
2023-02-02,1073.8870849609375,-0.0760754940820637,RELIANCE,17610.400390625,-0.023973288561689232,-0.052102205520374464,False
2023-02-02,3460.39990234375,0.0439714613289752,TCS,17610.400390625,-0.023973288561689232,0.06794474989066443,True
2023-02-03,829.4000244140625,0.0369444892543477,HDFCBANK,17854.05078125,-0.0076755477459191646,0.044620037000266864,True
2023-02-03,863.7999877929688,-0.0174600878062015,ICICIBANK,17854.05078125,-0.0076755477459191646,-0.009784540060282336,False
2023-02-03,1599.4000244140625,0.0841920264053188,INFY,17854.05078125,-0.0076755477459191646,0.09186757415123796,True
2023-02-03,1074.8331298828125,-0.0736063061449815,RELIANCE,17854.05078125,-0.0076755477459191646,-0.06593075839906233,False
2023-02-03,3482.300048828125,0.0517048552210965,TCS,17854.05078125,-0.0076755477459191646,0.05938040296701567,True
2023-02-06,825.875,0.0359696278899728,HDFCBANK,17764.599609375,-0.005310892190080629,0.04128052008005343,True
2023-02-06,853.7000122070312,-0.0188483666694304,ICICIBANK,17764.599609375,-0.005310892190080629,-0.013537474479349769,False
2023-02-06,1569.8499755859375,0.0837763034766569,INFY,17764.599609375,-0.005310892190080629,0.08908719566673753,True
2023-02-06,1066.7337646484375,-0.0888683279913578,RELIANCE,17764.599609375,-0.005310892190080629,-0.08355743580127717,False
2023-02-06,3459.949951171875,0.0773457983114382,TCS,17764.599609375,-0.005310892190080629,0.08265669050151883,True
2023-02-07,827.0999755859375,0.0354929271811423,HDFCBANK,17721.5,-0.020976467589876147,0.05646939477101845,True
2023-02-07,852.75,-0.0235873088244111,ICICIBANK,17721.5,-0.020976467589876147,-0.002610841234534953,False
2023-02-07,1562.4000244140625,0.0525110820884537,INFY,17721.5,-0.020976467589876147,0.07348754967832985,True
2023-02-07,1064.1724853515625,-0.1120224448659376,RELIANCE,17721.5,-0.020976467589876147,-0.09104597727606145,False
2023-02-07,3472.550048828125,0.0459645777498498,TCS,17721.5,-0.020976467589876147,0.06694104533972595,True
2023-02-08,827.0,0.0546451243407868,HDFCBANK,17871.69921875,-0.002369700541155262,0.05701482488194206,True
2023-02-08,859.0999755859375,-0.0026121786309559,ICICIBANK,17871.69921875,-0.002369700541155262,-0.00024247808980063824,False
2023-02-08,1590.5,0.0821568293927539,INFY,17871.69921875,-0.002369700541155262,0.08452652993390916,True
2023-02-08,1085.424560546875,-0.0806949409365132,RELIANCE,17871.69921875,-0.002369700541155262,-0.07832524039535793,False
2023-02-08,3520.10009765625,0.0711113078922114,TCS,17871.69921875,-0.002369700541155262,0.07348100843336666,True
2023-02-09,825.2750244140625,0.0374945147392475,HDFCBANK,17893.44921875,-0.0001257285324532953,0.0376202432717008,True
2023-02-09,860.7999877929688,-0.0063488399832627,ICICIBANK,17893.44921875,-0.0001257285324532953,-0.0062231114508094045,False
2023-02-09,1617.0,0.0990654205607477,INFY,17893.44921875,-0.0001257285324532953,0.099191149093201,True
2023-02-09,1087.316650390625,-0.0673357499910998,RELIANCE,17893.44921875,-0.0001257285324532953,-0.0672100214586465,False
2023-02-09,3540.85009765625,0.0637336346310477,TCS,17893.44921875,-0.0001257285324532953,0.06385936316350099,True
2023-02-10,828.5499877929688,0.0360759974309825,HDFCBANK,17856.5,-9.515062124609841e-05,0.0361711480522286,True
2023-02-10,853.8499755859375,-0.0079010615641991,ICICIBANK,17856.5,-9.515062124609841e-05,-0.007805910942953001,False
2023-02-10,1608.550048828125,0.086417719405643,INFY,17856.5,-9.515062124609841e-05,0.0865128700268891,True
2023-02-10,1078.3636474609375,-0.0546001684262886,RELIANCE,17856.5,-9.515062124609841e-05,-0.0545050178050425,False
2023-02-10,3537.550048828125,0.0609413964402556,TCS,17856.5,-9.515062124609841e-05,0.061036547061501696,True
2023-02-13,829.1749877929688,0.036047824503671,HDFCBANK,17770.900390625,-0.010341558134038253,0.04638938263770925,True
2023-02-13,850.6500244140625,-0.0261033687953793,ICICIBANK,17770.900390625,-0.010341558134038253,-0.015761810661341046,False
2023-02-13,1567.449951171875,0.0424300373902988,INFY,17770.900390625,-0.010341558134038253,0.05277159552433705,True
2023-02-13,1072.2257080078125,-0.0584575558539075,RELIANCE,17770.900390625,-0.010341558134038253,-0.04811599771986925,False
2023-02-13,3482.39990234375,0.0319597729934626,TCS,17770.900390625,-0.010341558134038253,0.042301331127500855,True
2023-02-14,836.8499755859375,0.055762252962205,HDFCBANK,17929.849609375,0.00195587002763431,0.05380638293457069,True
2023-02-14,865.2999877929688,5.777265873296855e-05,ICICIBANK,17929.849609375,0.00195587002763431,-0.0018980973689013414,False
2023-02-14,1593.25,0.0444116683054736,INFY,17929.849609375,0.00195587002763431,0.04245579827783929,True
2023-02-14,1097.4927978515625,-0.0270038000337872,RELIANCE,17929.849609375,0.00195587002763431,-0.02895967006142151,False
2023-02-14,3500.10009765625,0.0498043059930937,TCS,17929.849609375,0.00195587002763431,0.04784843596545939,True
2023-02-15,835.1500244140625,0.0381627344660047,HDFCBANK,18015.849609375,-0.002074477810390052,0.04023721227639475,True
2023-02-15,870.7999877929688,0.0065306169097467,ICICIBANK,18015.849609375,-0.002074477810390052,0.008605094720136753,True
2023-02-15,1597.050048828125,0.0373822986866676,INFY,18015.849609375,-0.002074477810390052,0.03945677649705765,True
2023-02-15,1122.344482421875,-0.0189003355753396,RELIANCE,18015.849609375,-0.002074477810390052,-0.016825857764949548,False
2023-02-15,3520.64990234375,0.0421057317404356,TCS,18015.849609375,-0.002074477810390052,0.044180209550825654,True
2023-02-16,832.125,0.0164599953387676,HDFCBANK,18035.849609375,-0.007128957206150699,0.023588952544918298,True
2023-02-16,869.4500122070312,-5.749027368462389e-05,ICICIBANK,18035.849609375,-0.007128957206150699,0.007071466932466075,True
2023-02-16,1601.800048828125,0.0364954209415433,INFY,18035.849609375,-0.007128957206150699,0.043624378147694,True
2023-02-16,1121.4676513671875,-0.0180425822641557,RELIANCE,18035.849609375,-0.007128957206150699,-0.010913625058005,False
2023-02-16,3558.050048828125,0.0495722857900073,TCS,18035.849609375,-0.007128957206150699,0.056701242996158,True
2023-02-17,827.9500122070312,0.0071772088092876,HDFCBANK,17944.19921875,-0.009037538645133902,0.016214747454421502,True
2023-02-17,862.6500244140625,-0.0040408704050637,ICICIBANK,17944.19921875,-0.009037538645133902,0.0049966682400702025,True
2023-02-17,1583.800048828125,0.029176700046618,INFY,17944.19921875,-0.009037538645133902,0.0382142386917519,True
2023-02-17,1126.15185546875,-0.0128841157181118,RELIANCE,17944.19921875,-0.009037538645133902,-0.0038465770729778984,False
2023-02-17,3501.14990234375,0.0379620530017694,TCS,17944.19921875,-0.009037538645133902,0.0469995916469033,True
2023-02-20,820.1749877929688,-0.0124025263804025,HDFCBANK,17844.599609375,-0.010153890123429155,-0.0022486362569733454,False
2023-02-20,852.0999755859375,-0.0209685764484726,ICICIBANK,17844.599609375,-0.010153890123429155,-0.010814686325043444,False
2023-02-20,1592.449951171875,0.0438529711923514,INFY,17844.599609375,-0.010153890123429155,0.05400686131578056,True
2023-02-20,1114.2452392578125,-0.0115652930322904,RELIANCE,17844.599609375,-0.010153890123429155,-0.0014114029088612458,False
2023-02-20,3487.300048828125,0.0369301976050104,TCS,17844.599609375,-0.010153890123429155,0.047084087728439555,True
2023-02-21,823.25,-0.0158986169231291,HDFCBANK,17826.69921875,-0.016107886663983217,0.00020926974085411915,True
2023-02-21,854.2000122070312,-0.0200757138406965,ICICIBANK,17826.69921875,-0.016107886663983217,-0.003967827176713283,False
2023-02-21,1579.5,0.0203488372093023,INFY,17826.69921875,-0.016107886663983217,0.03645672387328552,True
2023-02-21,1123.3367919921875,0.0015636686428657,RELIANCE,17826.69921875,-0.016107886663983217,0.017671555306848916,True
2023-02-21,3451.0,0.0105713487038003,TCS,17826.69921875,-0.016107886663983217,0.026679235367783518,True
2023-02-22,807.0999755859375,-0.0479504858909614,HDFCBANK,17554.30078125,-0.03112874693987111,-0.016821738951090293,False
2023-02-22,839.25,-0.0361757105943152,ICICIBANK,17554.30078125,-0.03112874693987111,-0.005046963654444091,False
2023-02-22,1561.800048828125,0.0063792926466383,INFY,17554.30078125,-0.03112874693987111,0.03750803958650941,True
2023-02-22,1097.8619384765625,-0.0153356389928044,RELIANCE,17554.30078125,-0.03112874693987111,0.01579310794706671,True
2023-02-22,3401.550048828125,-0.0101126209895002,TCS,17554.30078125,-0.03112874693987111,0.02101612595037091,True
2023-02-23,801.625,-0.0275376967468871,HDFCBANK,17511.25,-0.021277682721737357,-0.006260014025149745,False
2023-02-23,839.75,-0.0181807412777991,ICICIBANK,17511.25,-0.021277682721737357,0.0030969414439382566,True
2023-02-23,1550.699951171875,0.0049902470329714,INFY,17511.25,-0.021277682721737357,0.026267929754708756,True
2023-02-23,1092.600830078125,-0.0063167472737114,RELIANCE,17511.25,-0.021277682721737357,0.014960935448025956,True
2023-02-23,3413.800048828125,-0.004650470492565,TCS,17511.25,-0.021277682721737357,0.016627212229172357,True
2023-02-24,794.4749755859375,-0.0166172155247323,HDFCBANK,17465.80078125,-0.00787014750327486,-0.00874706802145744,False
2023-02-24,839.7000122070312,0.0275330392362986,ICICIBANK,17465.80078125,-0.00787014750327486,0.03540318673957346,True
2023-02-24,1550.6500244140625,0.020735279263909,INFY,17465.80078125,-0.00787014750327486,0.02860542676718386,True
2023-02-24,1100.0771484375,0.0198301360443908,RELIANCE,17465.80078125,-0.00787014750327486,0.02770028354766566,True
2023-02-24,3400.449951171875,-0.0031075761142501,TCS,17465.80078125,-0.00787014750327486,0.0047625713890247605,True
2023-02-27,796.4500122070312,-0.0131648233922455,HDFCBANK,17392.69921875,-0.014519277993488955,0.001354454601243454,True
2023-02-27,856.4000244140625,0.0399514564833789,ICICIBANK,17392.69921875,-0.014519277993488955,0.05447073447686786,True
2023-02-27,1509.300048828125,-0.019170781819552,INFY,17392.69921875,-0.014519277993488955,-0.004651503826063046,False
2023-02-27,1092.7623291015625,0.0034324643966727,RELIANCE,17392.69921875,-0.014519277993488955,0.017951742390161656,True
2023-02-27,3331.85009765625,-0.0296476948969122,TCS,17392.69921875,-0.014519277993488955,-0.015128416903423245,False
2023-02-28,799.7999877929688,-0.0024321948325927,HDFCBANK,17303.94921875,-0.02028072255941904,0.017848527726826338,True
2023-02-28,854.8499755859375,0.0275873909103916,ICICIBANK,17303.94921875,-0.02028072255941904,0.04786811346981064,True
2023-02-28,1487.550048828125,-0.0301222175529747,INFY,17303.94921875,-0.02028072255941904,-0.00984149499355566,False
2023-02-28,1071.8564453125,-0.0132973651702369,RELIANCE,17303.94921875,-0.02028072255941904,0.0069833573891821404,True
2023-02-28,3312.85009765625,-0.01365107159978,TCS,17303.94921875,-0.02028072255941904,0.006629650959639039,True
2023-03-01,799.0250244140625,-0.0181254026696388,HDFCBANK,17450.900390625,-0.009389053506684286,-0.008736349162954515,False
2023-03-01,856.2999877929688,0.0098472497974311,ICICIBANK,17450.900390625,-0.009389053506684286,0.019236303304115385,True
2023-03-01,1496.050048828125,-0.0354908952512986,INFY,17450.900390625,-0.009389053506684286,-0.026101841744614315,False
2023-03-01,1081.70947265625,0.0017094264434547,RELIANCE,17450.900390625,-0.009389053506684286,0.011098479950138986,True
2023-03-01,3385.699951171875,-0.0066454870642397,TCS,17450.900390625,-0.009389053506684286,0.0027435664424445864,True
2023-03-02,792.2249755859375,-0.0117878346598381,HDFCBANK,17321.900390625,-0.016382364602770982,0.004594529942932883,True
2023-03-02,854.0,-0.0045460127090288,ICICIBANK,17321.900390625,-0.016382364602770982,0.011836351893742183,True
2023-03-02,1472.1500244140625,-0.070465651514404,INFY,17321.900390625,-0.016382364602770982,-0.05408328691163301,False
2023-03-02,1073.4716796875,-0.0003868239773575,RELIANCE,17321.900390625,-0.016382364602770982,0.015995540625413484,True
2023-03-02,3321.449951171875,-0.040154304442606,TCS,17321.900390625,-0.016382364602770982,-0.02377193983983502,False
2023-03-03,807.9500122070312,-0.0258620829221518,HDFCBANK,17594.349609375,-0.01454578431846587,-0.01131629860368593,False
2023-03-03,868.5499877929688,0.005498958169861,ICICIBANK,17594.349609375,-0.01454578431846587,0.02004474248832687,True
2023-03-03,1479.300048828125,-0.0750906425863885,INFY,17594.349609375,-0.01454578431846587,-0.060544858267922635,False
2023-03-03,1100.8616943359375,0.0242163771561105,RELIANCE,17594.349609375,-0.01454578431846587,0.03876216147457637,True
2023-03-03,3342.14990234375,-0.0402464303819938,TCS,17594.349609375,-0.01454578431846587,-0.025700646063527927,False
2023-03-06,813.6500244140625,-0.0148024526543817,HDFCBANK,17711.44921875,-0.002991927304511255,-0.011810525349870446,False
2023-03-06,867.75,0.0164577575167721,ICICIBANK,17711.44921875,-0.002991927304511255,0.019449684821283356,True
2023-03-06,1507.449951171875,-0.0397490367770793,INFY,17711.44921875,-0.002991927304511255,-0.03675710947256804,False
2023-03-06,1111.6146240234375,0.0420731590790053,RELIANCE,17711.44921875,-0.002991927304511255,0.045065086383516556,True
2023-03-06,3371.85009765625,-0.0254627537273438,TCS,17711.44921875,-0.002991927304511255,-0.022470826422832546,False
2023-03-08,815.2750244140625,-0.0142968825062507,HDFCBANK,17754.400390625,0.0018565240315435716,-0.01615340653779427,False
2023-03-08,872.0999755859375,0.0226912642461887,ICICIBANK,17754.400390625,0.0018565240315435716,0.02083474021464513,True
2023-03-08,1492.699951171875,-0.0446109012756362,INFY,17754.400390625,0.0018565240315435716,-0.046467425307179774,False
2023-03-08,1115.606689453125,0.0483325821796365,RELIANCE,17754.400390625,0.0018565240315435716,0.04647605814809293,True
2023-03-08,3390.39990234375,-0.0236570086332083,TCS,17754.400390625,0.0018565240315435716,-0.02551353266475187,False
2023-03-09,815.3499755859375,-0.0140870911899183,HDFCBANK,17589.599609375,-0.015784711119076866,0.001697619929158567,True
2023-03-09,855.9500122070312,-0.0036665853432923,ICICIBANK,17589.599609375,-0.015784711119076866,0.012118125775784565,True
2023-03-09,1480.4000244140625,-0.0692234992681153,INFY,17589.599609375,-0.015784711119076866,-0.053438788149038435,False
2023-03-09,1088.79345703125,0.0031037592172022,RELIANCE,17589.599609375,-0.015784711119076866,0.018888470336279065,True
2023-03-09,3336.85009765625,-0.052058178721114,TCS,17589.599609375,-0.015784711119076866,-0.03627346760203713,False
2023-03-10,794.3250122070312,-0.0375026643136395,HDFCBANK,17412.900390625,-0.026856131663058447,-0.010646532650581055,False
2023-03-10,842.6500244140625,-0.0210849949306359,ICICIBANK,17412.900390625,-0.026856131663058447,0.005771136732422546,True
2023-03-10,1471.550048828125,-0.0899504954680735,INFY,17412.900390625,-0.026856131663058447,-0.06309436380501506,False
2023-03-10,1071.9256591796875,-0.0141550220953649,RELIANCE,17412.900390625,-0.026856131663058447,0.012701109567693547,True
2023-03-10,3331.0,-0.0592654565622965,TCS,17412.900390625,-0.026856131663058447,-0.032409324899238055,False
2023-03-13,784.2750244140625,-0.0534366834001683,HDFCBANK,17154.30078125,-0.0393245719345896,-0.014112111465578697,False
2023-03-13,828.4000244140625,-0.0298061157106791,ICICIBANK,17154.30078125,-0.0393245719345896,0.009518456223910503,True
2023-03-13,1435.0999755859375,-0.1078300755195965,INFY,17154.30078125,-0.0393245719345896,-0.0685055035850069,False
2023-03-13,1054.29638671875,-0.0223183160883205,RELIANCE,17154.30078125,-0.0393245719345896,0.0170062558462691,True
2023-03-13,3281.949951171875,-0.0722534223200381,TCS,17154.30078125,-0.0393245719345896,-0.0329288503854485,False
2023-03-14,782.1749877929688,-0.0566828482430479,HDFCBANK,17043.30078125,-0.04094331707350318,-0.01573953116954472,False
2023-03-14,830.3499755859375,-0.0238641606365765,ICICIBANK,17043.30078125,-0.04094331707350318,0.017079156436926684,True
2023-03-14,1420.0,-0.094069958062544,INFY,17043.30078125,-0.04094331707350318,-0.053126640989040824,False
2023-03-14,1050.3505859375,-0.0204016019266655,RELIANCE,17043.30078125,-0.04094331707350318,0.020541715146837683,True
2023-03-14,3214.949951171875,-0.076800470558213,TCS,17043.30078125,-0.04094331707350318,-0.03585715348470982,False
2023-03-15,770.9500122070312,-0.0787476433069919,HDFCBANK,16972.150390625,-0.053413678285915256,-0.02533396502107664,False
2023-03-15,825.9000244140625,-0.0455332993582949,ICICIBANK,16972.150390625,-0.053413678285915256,0.007880378927620356,True
2023-03-15,1419.6500244140625,-0.1089596582996625,INFY,16972.150390625,-0.053413678285915256,-0.05554598001374725,False
2023-03-15,1032.398193359375,-0.0593121017464678,RELIANCE,16972.150390625,-0.053413678285915256,-0.005898423460552547,False
2023-03-15,3198.89990234375,-0.0860547375528462,TCS,16972.150390625,-0.053413678285915256,-0.03264105926693095,False
2023-03-16,775.9500122070312,-0.0708854822204737,HDFCBANK,16985.599609375,-0.057185757115994273,-0.013699725104479421,False
2023-03-16,823.9000244140625,-0.053858479600779,ICICIBANK,16985.599609375,-0.057185757115994273,0.0033272775152152767,True
2023-03-16,1404.0999755859375,-0.1208165475989743,INFY,16985.599609375,-0.057185757115994273,-0.06363079048298002,False
2023-03-16,1027.25244140625,-0.0847262516143249,RELIANCE,16985.599609375,-0.057185757115994273,-0.027540494498330625,False
2023-03-16,3185.0,-0.0953374836050306,TCS,16985.599609375,-0.057185757115994273,-0.03815172648903632,False
2023-03-17,786.3250122070312,-0.0550397930514872,HDFCBANK,17100.05078125,-0.05188548631712775,-0.003154306734359451,False
2023-03-17,836.25,-0.0381850730242163,ICICIBANK,17100.05078125,-0.05188548631712775,0.013700413292911447,True
2023-03-17,1420.699951171875,-0.1130603646745688,INFY,17100.05078125,-0.05188548631712775,-0.06117487835744105,False
2023-03-17,1025.9603271484375,-0.0851627990359922,RELIANCE,17100.05078125,-0.05188548631712775,-0.03327731271886446,False
2023-03-17,3179.300048828125,-0.1064487555830601,TCS,17100.05078125,-0.05188548631712775,-0.05456326926593236,False
2023-03-20,780.875,-0.0568573120514188,HDFCBANK,16988.400390625,-0.053265058890244577,-0.0035922531611742234,False
2023-03-20,836.4500122070312,-0.0303715428801234,ICICIBANK,16988.400390625,-0.053265058890244577,0.022893516010121177,True
2023-03-20,1403.6500244140625,-0.113745434309942,INFY,16988.400390625,-0.053265058890244577,-0.06048037541969742,False
2023-03-20,1015.8765258789062,-0.097922255381751,RELIANCE,16988.400390625,-0.053265058890244577,-0.04465719649150643,False
2023-03-20,3143.300048828125,-0.1022092351076062,TCS,16988.400390625,-0.053265058890244577,-0.04894417621736162,False
2023-03-21,789.7249755859375,-0.0371262384981648,HDFCBANK,17107.5,-0.04130659277934989,0.004180354281185093,True
2023-03-21,852.4000244140625,0.0003521286664966,ICICIBANK,17107.5,-0.04130659277934989,0.041658721445846494,True
2023-03-21,1390.699951171875,-0.1266915797583047,INFY,17107.5,-0.04130659277934989,-0.0853849869789548,False
2023-03-21,1047.4661865234375,-0.0599320960786476,RELIANCE,17107.5,-0.04130659277934989,-0.018625503299297706,False
2023-03-21,3106.10009765625,-0.109310912693037,TCS,17107.5,-0.04130659277934989,-0.0680043199136871,False
2023-03-22,787.9000244140625,-0.0429395391265563,HDFCBANK,17151.900390625,-0.03785326828284907,-0.005086270843707226,False
2023-03-22,860.2000122070312,0.0070241160316746,ICICIBANK,17151.900390625,-0.03785326828284907,0.04487738431452367,True
2023-03-22,1389.25,-0.1204495093383982,INFY,17151.900390625,-0.03785326828284907,-0.08259624105554912,False
2023-03-22,1050.6505126953125,-0.0647056873904834,RELIANCE,17151.900390625,-0.03785326828284907,-0.02685241910763432,False
2023-03-22,3130.800048828125,-0.0927846859379527,TCS,17151.900390625,-0.03785326828284907,-0.05493141765510362,False
2023-03-23,781.5750122070312,-0.0316255286222448,HDFCBANK,17076.900390625,-0.027195636931031664,-0.004429891691213134,False
2023-03-23,855.4500122070312,0.0193029636068289,ICICIBANK,17076.900390625,-0.027195636931031664,0.04649860053786056,True
2023-03-23,1374.550048828125,-0.1198937086347899,INFY,17076.900390625,-0.027195636931031664,-0.09269807170375824,False
2023-03-23,1037.359375,-0.0551094462392223,RELIANCE,17076.900390625,-0.027195636931031664,-0.027913809308190637,False
2023-03-23,3124.64990234375,-0.0814041076890138,TCS,17076.900390625,-0.027195636931031664,-0.05420847075798213,False
2023-03-24,780.3250122070312,-0.0265710123723296,HDFCBANK,16945.05078125,-0.03233345527874942,0.005762442906419824,True
2023-03-24,852.4000244140625,0.0150640362179963,ICICIBANK,16945.05078125,-0.03233345527874942,0.04739749149674572,True
2023-03-24,1380.6500244140625,-0.1096601097003353,INFY,16945.05078125,-0.03233345527874942,-0.07732665442158587,False
2023-03-24,1016.8225708007812,-0.0693558499968605,RELIANCE,16945.05078125,-0.03233345527874942,-0.03702239471811107,False
2023-03-24,3120.5,-0.0859160011227979,TCS,16945.05078125,-0.03233345527874942,-0.05358254584404848,False
2023-03-27,783.7249755859375,-0.0135309485261907,HDFCBANK,16985.69921875,-0.027488093361021426,0.013957144834830727,True
2023-03-27,848.7000122070312,0.0107181134561911,ICICIBANK,16985.69921875,-0.027488093361021426,0.038206206817212526,True
2023-03-27,1388.949951171875,-0.1042788963959088,INFY,16985.69921875,-0.027488093361021426,-0.07679080303488738,False
2023-03-27,1032.62890625,-0.0613122836732864,RELIANCE,16985.69921875,-0.027488093361021426,-0.033824190312264975,False
2023-03-27,3122.300048828125,-0.0817979697798207,TCS,16985.69921875,-0.027488093361021426,-0.05430987641879928,False
2023-03-28,790.0999755859375,-0.007972925511668,HDFCBANK,16951.69921875,-0.025355466362839474,0.017382540851171475,True
2023-03-28,854.75,-0.0019266982333301,ICICIBANK,16951.69921875,-0.025355466362839474,0.023428768129509375,True
2023-03-28,1377.5999755859375,-0.0872590399400332,INFY,16951.69921875,-0.025355466362839474,-0.06190357357719373,False
2023-03-28,1037.45166015625,-0.0506154609033671,RELIANCE,16951.69921875,-0.025355466362839474,-0.025259994540527624,False
2023-03-28,3115.89990234375,-0.0648138988799068,TCS,16951.69921875,-0.025355466362839474,-0.03945843251706732,False
2023-03-29,793.9000244140625,-0.0073767985358277,HDFCBANK,17080.69921875,-0.012901679100981944,0.005524880565154244,True
2023-03-29,851.0,-0.0045036856710426,ICICIBANK,17080.69921875,-0.012901679100981944,0.008397993429939344,True
2023-03-29,1383.550048828125,-0.0699136140541489,INFY,17080.69921875,-0.012901679100981944,-0.05701193495316696,False
2023-03-29,1031.313720703125,-0.0378247710191775,RELIANCE,17080.69921875,-0.012901679100981944,-0.024923091918195556,False
2023-03-29,3138.89990234375,-0.0525077169762571,TCS,17080.69921875,-0.012901679100981944,-0.039606037875275155,False
2023-03-31,804.7750244140625,0.0071962702347359,HDFCBANK,17359.75,-0.005223248576558759,0.012419518811294659,True
2023-03-31,877.25,0.0244657392335458,ICICIBANK,17359.75,-0.005223248576558759,0.02968898781010456,True
2023-03-31,1427.949951171875,-0.0455199327787153,INFY,17359.75,-0.005223248576558759,-0.04029668420215654,False
2023-03-31,1075.7791748046875,-0.0054823388363236,RELIANCE,17359.75,-0.005223248576558759,-0.00025909025976484073,False
2023-03-31,3205.89990234375,-0.053105724494544,TCS,17359.75,-0.005223248576558759,-0.047882475917985244,False
2023-04-03,805.2750244140625,0.0164726551551508,HDFCBANK,17398.05078125,0.004396191463277077,0.012076463691873724,True
2023-04-03,883.7999877929688,0.0348945992891904,ICICIBANK,17398.05078125,0.004396191463277077,0.030498407825913322,True
2023-04-03,1410.8499755859375,-0.0416398110325225,INFY,17398.05078125,0.004396191463277077,-0.046036002495799574,False
2023-04-03,1075.9637451171875,0.002321500861963,RELIANCE,17398.05078125,0.004396191463277077,-0.0020746906013140772,False
2023-04-03,3200.0,-0.0365653413290255,TCS,17398.05078125,0.004396191463277077,-0.04096153279230258,False
2023-04-05,826.875,0.0234234637131478,HDFCBANK,17557.05078125,-0.002119932191476104,0.025543395904623904,True
2023-04-05,884.5999755859375,0.0184790605244871,ICICIBANK,17557.05078125,-0.002119932191476104,0.020598992715963205,True
2023-04-05,1423.550048828125,-0.0376867424861941,INFY,17557.05078125,-0.002119932191476104,-0.035566810294718,False
2023-04-05,1073.37939453125,-0.0249643528756492,RELIANCE,17557.05078125,-0.002119932191476104,-0.022844420684173097,False
2023-04-05,3239.800048828125,-0.0306239565867019,TCS,17557.05078125,-0.002119932191476104,-0.028504024395225796,False
2023-04-06,833.1749877929688,0.0239967587943807,HDFCBANK,17599.150390625,-0.006340465240197046,0.030337224034577746,True
2023-04-06,875.0,0.0083549409392105,ICICIBANK,17599.150390625,-0.006340465240197046,0.014695406179407546,True
2023-04-06,1421.9000244140625,-0.0567514209618083,INFY,17599.150390625,-0.006340465240197046,-0.05041095572161125,False
2023-04-06,1080.5787353515625,-0.027919647691879,RELIANCE,17599.150390625,-0.006340465240197046,-0.021579182451681955,False
2023-04-06,3220.699951171875,-0.0448270658857101,TCS,17599.150390625,-0.006340465240197046,-0.038486600645513055,False
2023-04-10,829.2249755859375,0.0171107304334519,HDFCBANK,17624.05078125,-0.007341819859139287,0.024452550292591187,True
2023-04-10,868.4500122070312,-0.0041852579762474,ICICIBANK,17624.05078125,-0.007341819859139287,0.0031565618828918868,True
2023-04-10,1427.5999755859375,-0.0436122313361297,INFY,17624.05078125,-0.007341819859139287,-0.036270411476990415,False
2023-04-10,1072.9178466796875,-0.0382651369671902,RELIANCE,17624.05078125,-0.007341819859139287,-0.030923317108050914,False
2023-04-10,3263.39990234375,-0.037458708016186,TCS,17624.05078125,-0.007341819859139287,-0.03011688815704671,False
2023-04-11,831.6500244140625,0.0199914752145682,HDFCBANK,17722.30078125,0.007544297472483308,0.012447177742084894,True
2023-04-11,881.9000244140625,0.030317205253751,ICICIBANK,17722.30078125,0.007544297472483308,0.02277290778126769,True
2023-04-11,1406.1500244140625,-0.0501553625881544,INFY,17722.30078125,0.007544297472483308,-0.05769966006063771,False
2023-04-11,1078.22509765625,-0.0097064868518003,RELIANCE,17722.30078125,0.007544297472483308,-0.01725078432428361,False
2023-04-11,3213.800048828125,-0.0368761092727999,TCS,17722.30078125,0.007544297472483308,-0.044420406745283206,False
2023-04-12,842.4500122070312,0.0605860312346009,HDFCBANK,17812.400390625,0.022942760312066657,0.03764327092253424,True
2023-04-12,890.1500244140625,0.0563697841616146,ICICIBANK,17812.400390625,0.022942760312066657,0.033427023849547946,True
2023-04-12,1428.300048828125,-0.0293907774556783,INFY,17812.400390625,0.022942760312066657,-0.05233353776774496,False
2023-04-12,1082.9786376953125,0.0103113293547647,RELIANCE,17812.400390625,0.022942760312066657,-0.012631430957301957,False
2023-04-12,3241.64990234375,-0.0268238059610477,TCS,17812.400390625,0.022942760312066657,-0.049766566273114356,False
2023-04-13,846.2249755859375,0.0789900854208105,HDFCBANK,17828.0,0.0392729046401219,0.0397171807806886,True
2023-04-13,899.0,0.0852244972299145,ICICIBANK,17828.0,0.0392729046401219,0.0459515925897926,True
2023-04-13,1389.199951171875,-0.031983851435383,INFY,17828.0,0.0392729046401219,-0.0712567560755049,False
2023-04-13,1087.0628662109375,0.0310790019817535,RELIANCE,17828.0,0.0392729046401219,-0.008193902658368397,False
2023-04-13,3188.85009765625,-0.0283672374352881,TCS,17828.0,0.0392729046401219,-0.06764014207541,False
2023-04-17,833.3250122070312,0.0653946050594003,HDFCBANK,17706.849609375,0.0389331172782561,0.026461487781144197,True
2023-04-17,901.2999877929688,0.085445913522145,ICICIBANK,17706.849609375,0.0389331172782561,0.046512796243888904,True
2023-04-17,1258.300048828125,-0.1138732050506161,INFY,17706.849609375,0.0389331172782561,-0.1528063223288722,False
2023-04-17,1092.5777587890625,0.0402029316848262,RELIANCE,17706.849609375,0.0389331172782561,0.001269814406570098,True
2023-04-17,3139.5,-0.0234684683487446,TCS,17706.849609375,0.0389331172782561,-0.0624015856270007,False
2023-04-18,829.7999877929688,0.0763343597563026,HDFCBANK,17660.150390625,0.040536996442126494,0.0357973633141761,True
2023-04-18,896.8499755859375,0.0859062223932136,ICICIBANK,17660.150390625,0.040536996442126494,0.04536922595108711,True
2023-04-18,1259.3499755859375,-0.1129151875965248,INFY,17660.150390625,0.040536996442126494,-0.1534521840386513,False
2023-04-18,1080.0711669921875,0.0461769246977146,RELIANCE,17660.150390625,0.040536996442126494,0.005639928255588109,True
2023-04-18,3130.75,-0.0213041684404748,TCS,17660.150390625,0.040536996442126494,-0.061841164882601295,False
2023-04-19,832.8499755859375,0.0733294187560689,HDFCBANK,17618.75,0.03727571620583481,0.03605370255023409,True
2023-04-19,891.9000244140625,0.0825342856960829,ICICIBANK,17618.75,0.03727571620583481,0.04525856949024809,True
2023-04-19,1232.199951171875,-0.1224271970678781,INFY,17618.75,0.03727571620583481,-0.1597029132737129,False
2023-04-19,1085.4476318359375,0.056651304084536,RELIANCE,17618.75,0.03727571620583481,0.019375587878701195,True
2023-04-19,3089.60009765625,-0.0299528735773155,TCS,17618.75,0.03727571620583481,-0.0672285897831503,False
2023-04-20,835.9500122070312,0.0631100362186294,HDFCBANK,17624.44921875,0.030666484223251356,0.032443551995378045,True
2023-04-20,894.4000244140625,0.0695366510183108,ICICIBANK,17624.44921875,0.030666484223251356,0.038870166795059446,True
2023-04-20,1223.4000244140625,-0.1388751555844485,INFY,17624.44921875,0.030666484223251356,-0.16954163980769985,False
2023-04-20,1082.70166015625,0.055305582005807,RELIANCE,17624.44921875,0.030666484223251356,0.024639097782555644,True
2023-04-20,3104.800048828125,-0.0234328307664639,TCS,17624.44921875,0.030666484223251356,-0.05409931498971526,False
2023-04-21,837.2999877929688,0.0722586685358972,HDFCBANK,17624.05078125,0.037416730004537824,0.034841938531359376,True
2023-04-21,885.6500244140625,0.0588200268862613,ICICIBANK,17624.05078125,0.037416730004537824,0.021403296881723474,True
2023-04-21,1227.3499755859375,-0.1256011439900907,INFY,17624.05078125,0.037416730004537824,-0.16301787399462853,False
2023-04-21,1084.0631103515625,0.0671209371765562,RELIANCE,17624.05078125,0.037416730004537824,0.029704207172018382,True
2023-04-21,3160.85009765625,0.0055833196180772,TCS,17624.05078125,0.037416730004537824,-0.03183341038646062,False
2023-04-24,844.0750122070312,0.068821473679199,HDFCBANK,17743.400390625,0.03717085434020162,0.03165061933899738,True
2023-04-24,904.75,0.0614147983183397,ICICIBANK,17743.400390625,0.03717085434020162,0.02424394397813808,True
2023-04-24,1226.300048828125,-0.1182137830703295,INFY,17743.400390625,0.03717085434020162,-0.1553846374105311,False
2023-04-24,1088.2166748046875,0.0389038699344574,RELIANCE,17743.400390625,0.03717085434020162,0.001733015594255781,True
2023-04-24,3174.800048828125,0.0221177518469908,TCS,17743.400390625,0.03717085434020162,-0.015053102493210822,False
2023-04-25,832.0750122070312,0.0560667425106635,HDFCBANK,17769.25,0.03599307338051205,0.020073669130151447,True
2023-04-25,913.4500122070312,0.0619042074451678,ICICIBANK,17769.25,0.03599307338051205,0.02591113406465575,True
2023-04-25,1224.9000244140625,-0.1183012241036081,INFY,17769.25,0.03599307338051205,-0.15429429748412016,False
2023-04-25,1096.546630859375,0.043683525215556,RELIANCE,17769.25,0.03599307338051205,0.007690451835043945,True
2023-04-25,3176.0,0.0144371887271412,TCS,17769.25,0.03599307338051205,-0.021555884653370855,False
2023-04-26,835.9000244140625,0.069507099585524,HDFCBANK,17813.599609375,0.04314010165184534,0.02636699793367865,True
2023-04-26,914.9500122070312,0.0695540348950281,ICICIBANK,17813.599609375,0.04314010165184534,0.026413933243182752,True
2023-04-26,1227.550048828125,-0.1069440869943768,INFY,17813.599609375,0.04314010165184534,-0.15008418864622214,False
2023-04-26,1090.1087646484375,0.0508496774788751,RELIANCE,17813.599609375,0.04314010165184534,0.00770957582702976,True
2023-04-26,3198.14990234375,0.0235226352702326,TCS,17813.599609375,0.04314010165184534,-0.01961746638161274,False
2023-04-27,840.5,0.0771152876706757,HDFCBANK,17915.05078125,0.057243853236091935,0.019871434434583765,True
2023-04-27,918.3499755859376,0.0773697199471679,ICICIBANK,17915.05078125,0.057243853236091935,0.020125866711075968,True
2023-04-27,1246.25,-0.0973454691902104,INFY,17915.05078125,0.057243853236091935,-0.15458932242630236,False
2023-04-27,1097.0081787109375,0.0788589968523294,RELIANCE,17915.05078125,0.057243853236091935,0.021615143616237467,True
2023-04-27,3187.949951171875,0.0216151101335924,TCS,17915.05078125,0.057243853236091935,-0.035628743102499534,False
2023-04-28,843.7999877929688,0.0766531807438155,HDFCBANK,18065.0,0.0635417339816422,0.013111446762173296,True
2023-04-28,917.6500244140624,0.0812419125902068,ICICIBANK,18065.0,0.0635417339816422,0.0177001786085646,True
2023-04-28,1252.75,-0.0980596536663983,INFY,18065.0,0.0635417339816422,-0.1616013876480405,False
2023-04-28,1117.060302734375,0.0817635415523938,RELIANCE,18065.0,0.0635417339816422,0.018221807570751605,True
2023-04-28,3219.25,0.0310508117912187,TCS,18065.0,0.0635417339816422,-0.0324909221904235,False
2023-05-02,843.625,0.0677446222857662,HDFCBANK,18147.650390625,0.07055051864961004,-0.0028058963638438322,False
2023-05-02,922.0999755859376,0.0787949407264552,ICICIBANK,18147.650390625,0.07055051864961004,0.008244422076845156,True
2023-05-02,1277.449951171875,-0.0726989156423768,INFY,18147.650390625,0.07055051864961004,-0.14324943429198683,False
2023-05-02,1126.544189453125,0.085876318597299,RELIANCE,18147.650390625,0.07055051864961004,0.015325799947688956,True
2023-05-02,3219.39990234375,0.0332167281503967,TCS,18147.650390625,0.07055051864961004,-0.037333790499213336,False
2023-05-03,846.5750122070312,0.0663496487883918,HDFCBANK,18089.849609375,0.059081327860233346,0.007268320928158448,True
2023-05-03,922.8499755859376,0.0844300535674942,ICICIBANK,18089.849609375,0.059081327860233346,0.02534872570726085,True
2023-05-03,1269.1500244140625,-0.082685859113633,INFY,18089.849609375,0.059081327860233346,-0.14176718697386637,False
2023-05-03,1116.875732421875,0.082964097152141,RELIANCE,18089.849609375,0.059081327860233346,0.02388276929190765,True
2023-05-03,3179.89990234375,0.0130619010722152,TCS,18089.849609375,0.059081327860233346,-0.046019426788018146,False
2023-05-04,863.9000244140625,0.0734677372015211,HDFCBANK,18255.80078125,0.05161657173922429,0.021851165462296804,True
2023-05-04,921.7000122070312,0.0506697203841906,ICICIBANK,18255.80078125,0.05161657173922429,-0.0009468513550336954,False
2023-05-04,1273.550048828125,-0.1081269705685683,INFY,18255.80078125,0.05161657173922429,-0.15974354230779259,False
2023-05-04,1129.7515869140625,0.0501705306938795,RELIANCE,18255.80078125,0.05161657173922429,-0.0014460410453447925,False
2023-05-04,3220.699951171875,0.004616503720938,TCS,18255.80078125,0.05161657173922429,-0.047000068018286295,False
2023-05-05,812.8250122070312,0.0093756636727462,HDFCBANK,18069.0,0.03856462009371109,-0.02918895642096489,False
2023-05-05,926.9500122070312,0.0488232914800292,ICICIBANK,18069.0,0.03856462009371109,0.010258671386318113,True
2023-05-05,1259.0999755859375,-0.1075592746400814,INFY,18069.0,0.03856462009371109,-0.1461238947337925,False
2023-05-05,1126.8671875,0.0473096260109289,RELIANCE,18069.0,0.03856462009371109,0.008745005917217809,True
2023-05-05,3230.699951171875,0.0095937347412109,TCS,18069.0,0.03856462009371109,-0.02897088535250019,False
2023-05-08,822.2249755859375,-0.005623612292139,HDFCBANK,18264.400390625,0.04028863493009949,-0.04591224722223849,False
2023-05-08,937.9000244140624,0.0602532786560616,ICICIBANK,18264.400390625,0.04028863493009949,0.019964643725962114,True
2023-05-08,1265.5999755859375,-0.1109550544936673,INFY,18264.400390625,0.04028863493009949,-0.1512436894237668,False
2023-05-08,1140.781494140625,0.0627942924494184,RELIANCE,18264.400390625,0.04028863493009949,0.02250565751931892,True
2023-05-08,3250.60009765625,0.0033335541284504,TCS,18264.400390625,0.04028863493009949,-0.03695508080164909,False
2023-05-09,822.25,-0.0131124769142535,HDFCBANK,18265.94921875,0.03788812603591363,-0.05100060295016713,False
2023-05-09,934.4000244140624,0.0678857421874998,ICICIBANK,18265.94921875,0.03788812603591363,0.02999761615158618,True
2023-05-09,1270.699951171875,-0.1063366415683789,INFY,18265.94921875,0.03788812603591363,-0.14422476760429254,False
2023-05-09,1144.3118896484375,0.0589805742162228,RELIANCE,18265.94921875,0.03788812603591363,0.02109244818030917,True
2023-05-09,3283.25,0.0194212592841396,TCS,18265.94921875,0.03788812603591363,-0.018466866751774027,False
2023-05-10,826.0499877929688,-0.0038288617521744,HDFCBANK,18315.099609375,0.039210555887650766,-0.04303941763982517,False
2023-05-10,936.0499877929688,0.0778398003750873,ICICIBANK,18315.099609375,0.039210555887650766,0.03862924448743653,True
2023-05-10,1263.25,-0.115123268700311,INFY,18315.099609375,0.039210555887650766,-0.15433382458796177,False
2023-05-10,1152.1805419921875,0.0738758289442111,RELIANCE,18315.099609375,0.039210555887650766,0.034665273056560336,True
2023-05-10,3286.800048828125,0.0071704808434813,TCS,18315.099609375,0.039210555887650766,-0.03204007504416947,False
2023-05-11,826.5999755859375,-0.0060723245113628,HDFCBANK,18297.0,0.0324280253361926,-0.038500349847555404,False
2023-05-11,939.2000122070312,0.0649733373474381,ICICIBANK,18297.0,0.0324280253361926,0.0325453120112455,True
2023-05-11,1256.0999755859375,-0.1067098433473698,INFY,18297.0,0.0324280253361926,-0.1391378686835624,False
2023-05-11,1144.6580810546875,0.0616132786584577,RELIANCE,18297.0,0.0324280253361926,0.029185253322265098,True
2023-05-11,3282.14990234375,0.0212676123209805,TCS,18297.0,0.0324280253361926,-0.0111604130152121,False
2023-05-12,833.9000244140625,-0.0101489556283222,HDFCBANK,18314.80078125,0.028205091936369442,-0.03835404756469164,False
2023-05-12,943.9000244140624,0.0603830798469962,ICICIBANK,18314.80078125,0.028205091936369442,0.03217798791062676,True
2023-05-12,1245.199951171875,-0.1281944209177041,INFY,18314.80078125,0.028205091936369442,-0.15639951285407355,False
2023-05-12,1146.527099609375,0.0586793309693531,RELIANCE,18314.80078125,0.028205091936369442,0.030474239032983658,True
2023-05-12,3274.300048828125,0.0100720767103099,TCS,18314.80078125,0.028205091936369442,-0.01813301522605954,False
2023-05-15,837.9000244140625,-0.009837751676037,HDFCBANK,18398.849609375,0.03201983449489565,-0.041857586170932645,False
2023-05-15,945.75,0.0520022246941045,ICICIBANK,18398.849609375,0.03201983449489565,0.019982390199208853,True
2023-05-15,1258.3499755859375,-0.0941908869745911,INFY,18398.849609375,0.03201983449489565,-0.12621072146948675,False
2023-05-15,1148.7884521484375,0.0567819836884415,RELIANCE,18398.849609375,0.03201983449489565,0.02476214919354585,True
2023-05-15,3255.050048828125,0.0207598191023563,TCS,18398.849609375,0.03201983449489565,-0.01126001539253935,False
2023-05-16,823.6500244140625,-0.0116101012825055,HDFCBANK,18286.5,0.0327359413680286,-0.0443460426505341,False
2023-05-16,946.3499755859376,0.0499833445058439,ICICIBANK,18286.5,0.0327359413680286,0.017247403137815302,True
2023-05-16,1264.300048828125,0.0047683380490908,INFY,18286.5,0.0327359413680286,-0.0279676033189378,False
2023-05-16,1132.4283447265625,0.0364739128331401,RELIANCE,18286.5,0.0327359413680286,0.0037379714651115045,True
2023-05-16,3258.14990234375,0.0377926110347985,TCS,18286.5,0.0327359413680286,0.005056669666769903,True
2023-05-17,819.2249755859375,-0.0127440496054449,HDFCBANK,18181.75,0.029535400199756756,-0.04227944980520165,False
2023-05-17,939.3499755859376,0.0473880817939853,ICICIBANK,18181.75,0.029535400199756756,0.017852681594228544,True
2023-05-17,1246.9000244140625,-0.0098860137477529,INFY,18181.75,0.029535400199756756,-0.039421413947509656,False
2023-05-17,1125.736572265625,0.0422799966048605,RELIANCE,18181.75,0.029535400199756756,0.012744596405103746,True
2023-05-17,3208.699951171875,0.0248981717390002,TCS,18181.75,0.029535400199756756,-0.004637228460756555,False
2023-05-18,822.5,-0.0124271788309244,HDFCBANK,18129.94921875,0.029014499822632045,-0.04144167865355644,False
2023-05-18,946.5,0.0612175962455066,ICICIBANK,18129.94921875,0.029014499822632045,0.032203096422874555,True
2023-05-18,1246.0,0.0111995206743844,INFY,18129.94921875,0.029014499822632045,-0.017814979148247645,False
2023-05-18,1123.313720703125,0.0348852286896055,RELIANCE,18129.94921875,0.029014499822632045,0.005870728866973457,True
2023-05-18,3199.85009765625,0.0356842298405009,TCS,18129.94921875,0.029014499822632045,0.006669730017868858,True
2023-05-19,823.4500122070312,-0.0149530472127132,HDFCBANK,18203.400390625,0.03284931998096563,-0.04780236719367883,False
2023-05-19,954.2999877929688,0.0669722291411472,ICICIBANK,18203.400390625,0.03284931998096563,0.03412290916018157,True
2023-05-19,1268.9000244140625,0.0371914329671456,INFY,18203.400390625,0.03284931998096563,0.004342112986179973,True
2023-05-19,1126.95947265625,0.040877200182378,RELIANCE,18203.400390625,0.03284931998096563,0.008027880201412367,True
2023-05-19,3222.85009765625,0.0380217878676862,TCS,18203.400390625,0.03284931998096563,0.005172467886720572,True
2023-05-22,820.5250244140625,-0.0200345916917104,HDFCBANK,18314.400390625,0.039170881765130616,-0.05920547345684102,False
2023-05-22,950.3499755859376,0.0730536322343353,ICICIBANK,18314.400390625,0.039170881765130616,0.03388275046920468,True
2023-05-22,1292.800048828125,0.0533263327853505,INFY,18314.400390625,0.039170881765130616,0.01415545102021988,True
2023-05-22,1132.9820556640625,0.0451255511283246,RELIANCE,18314.400390625,0.039170881765130616,0.0059546693631939845,True
2023-05-22,3298.699951171875,0.0436116390390799,TCS,18314.400390625,0.039170881765130616,0.0044407572739492834,True
2023-05-23,818.5999755859375,-0.0301810102806897,HDFCBANK,18348.0,0.03407461907326681,-0.06425562935395651,False
2023-05-23,953.4000244140624,0.0537717871390577,ICICIBANK,18348.0,0.03407461907326681,0.019697168065790888,True
2023-05-23,1300.050048828125,0.0601402569220126,INFY,18348.0,0.03407461907326681,0.02606563784874579,True
2023-05-23,1132.7744140625,0.0409456501535503,RELIANCE,18348.0,0.03407461907326681,0.006871031080283488,True
2023-05-23,3297.050048828125,0.0385063620132941,TCS,18348.0,0.03407461907326681,0.004431742940027288,True
2023-05-24,807.9000244140625,-0.0290538562489047,HDFCBANK,18285.400390625,0.029047393144055134,-0.05810124939295983,False
2023-05-24,940.6500244140624,0.029777231204269,ICICIBANK,18285.400390625,0.029047393144055134,0.0007298380602138652,True
2023-05-24,1298.6500244140625,0.060208995452734,INFY,18285.400390625,0.029047393144055134,0.031161602308678864,True
2023-05-24,1126.1749267578125,0.0270196406287048,RELIANCE,18285.400390625,0.029047393144055134,-0.0020277525153503326,False
2023-05-24,3303.35009765625,0.0400976378010862,TCS,18285.400390625,0.029047393144055134,0.01105024465703107,True
2023-05-25,804.7999877929688,-0.0372054500690962,HDFCBANK,18321.150390625,0.028492320046470843,-0.06569777011556704,False
2023-05-25,939.8499755859376,0.0272145615024836,ICICIBANK,18321.150390625,0.028492320046470843,-0.001277758543987241,False
2023-05-25,1304.3499755859375,0.0625635808748727,INFY,18321.150390625,0.028492320046470843,0.03407126082840185,True
2023-05-25,1126.0364990234375,0.0329579355199356,RELIANCE,18321.150390625,0.028492320046470843,0.00446561547346476,True
2023-05-25,3293.5,0.0298141427286986,TCS,18321.150390625,0.028492320046470843,0.0013218226822277572,True
2023-05-26,807.9000244140625,-0.038786407597784,HDFCBANK,18499.349609375,0.032614969126212534,-0.07140137672399653,False
2023-05-26,950.7000122070312,0.0352262617532637,ICICIBANK,18499.349609375,0.032614969126212534,0.002611292627051169,True
2023-05-26,1317.449951171875,0.0571313550025074,INFY,18499.349609375,0.032614969126212534,0.024516385876294865,True
2023-05-26,1156.7493896484375,0.0544583095157049,RELIANCE,18499.349609375,0.032614969126212534,0.021843340389492365,True
2023-05-26,3328.89990234375,0.0442133513169058,TCS,18499.349609375,0.032614969126212534,0.011598382190693264,True
2023-05-29,817.75,-0.030872230587612,HDFCBANK,18598.650390625,0.02954056964433982,-0.06041280023195182,False
2023-05-29,948.1500244140624,0.0332370720738277,ICICIBANK,18598.650390625,0.02954056964433982,0.00369650242948788,True
2023-05-29,1314.4000244140625,0.0492117536731691,INFY,18598.650390625,0.02954056964433982,0.01967118402882928,True
2023-05-29,1163.2564697265625,0.0413551236930602,RELIANCE,18598.650390625,0.02954056964433982,0.01181455404872038,True
2023-05-29,3320.35009765625,0.0314048606527141,TCS,18598.650390625,0.02954056964433982,0.0018642910083742775,True
2023-05-30,818.375,-0.0299303600533412,HDFCBANK,18633.849609375,0.026791304013723316,-0.05672166406706451,False
2023-05-30,949.9500122070312,0.0302028384757266,ICICIBANK,18633.849609375,0.026791304013723316,0.0034115344620032836,True
2023-05-30,1323.8499755859375,0.0363223814533768,INFY,18633.849609375,0.026791304013723316,0.009531077439653486,True
2023-05-30,1162.95654296875,0.032322170631674,RELIANCE,18633.849609375,0.026791304013723316,0.005530866617950686,True
2023-05-30,3316.199951171875,0.0300677305598642,TCS,18633.849609375,0.026791304013723316,0.003276426546140885,True
2023-05-31,805.4249877929688,-0.0486076529790123,HDFCBANK,18534.400390625,0.02457459795683503,-0.07318225093584733,False
2023-05-31,949.1500244140624,0.0284987262544231,ICICIBANK,18534.400390625,0.02457459795683503,0.003924128297588068,True
2023-05-31,1318.300048828125,0.0387267253426197,INFY,18534.400390625,0.02457459795683503,0.014152127385784669,True
2023-05-31,1139.8583984375,0.0205776393455954,RELIANCE,18534.400390625,0.02457459795683503,-0.00399695861123963,False
2023-05-31,3289.5,0.0344665244259636,TCS,18534.400390625,0.02457459795683503,0.009891926469128572,True
2023-06-01,802.0,-0.071651837787649,HDFCBANK,18487.75,0.012705507774177116,-0.08435734556182611,False
2023-06-01,936.0999755859376,0.0156232648239043,ICICIBANK,18487.75,0.012705507774177116,0.002917757049727184,True
2023-06-01,1319.5,0.0360802084018263,INFY,18487.75,0.012705507774177116,0.02337470062764918,True
2023-06-01,1136.7894287109375,0.0062295480514429,RELIANCE,18487.75,0.012705507774177116,-0.006475959722734216,False
2023-06-01,3324.0,0.0320737884292943,TCS,18487.75,0.012705507774177116,0.019368280655117184,True
2023-06-02,803.25,-0.0117799182643661,HDFCBANK,18534.099609375,0.025740196434500984,-0.03752011469886708,False
2023-06-02,938.1500244140624,0.0120826496138279,ICICIBANK,18534.099609375,0.025740196434500984,-0.013657546820673083,False
2023-06-02,1299.0,0.0316893218868459,INFY,18534.099609375,0.025740196434500984,0.005949125452344918,True
2023-06-02,1133.0743408203125,0.0055083273247873,RELIANCE,18534.099609375,0.025740196434500984,-0.020231869109713682,False
2023-06-02,3305.60009765625,0.0231838758214628,TCS,18534.099609375,0.025740196434500984,-0.0025563206130381835,False
2023-06-05,802.2000122070312,-0.0243546036346511,HDFCBANK,18593.849609375,0.018037779051268688,-0.042392382685919786,False
2023-06-05,946.75,0.0094359477082501,ICICIBANK,18593.849609375,0.018037779051268688,-0.008601831343018588,False
2023-06-05,1304.5,0.0307364294915166,INFY,18593.849609375,0.018037779051268688,0.012698650440247913,True
2023-06-05,1143.25048828125,0.0021643006599478,RELIANCE,18593.849609375,0.018037779051268688,-0.01587347839132089,False
2023-06-05,3288.89990234375,0.0117823797258589,TCS,18593.849609375,0.018037779051268688,-0.006255399325409788,False
2023-06-06,799.7000122070312,-0.0274247343179917,HDFCBANK,18599.0,0.018233423144969896,-0.0456581574629616,False
2023-06-06,942.0999755859376,0.0082405297203449,ICICIBANK,18599.0,0.018233423144969896,-0.009992893424624996,False
2023-06-06,1279.0,0.006531871525194,INFY,18599.0,0.018233423144969896,-0.011701551619775895,False
2023-06-06,1144.2196044921875,-8.06468560580198e-05,RELIANCE,18599.0,0.018233423144969896,-0.018314070001027916,False
2023-06-06,3232.300048828125,-0.0155181454875124,TCS,18599.0,0.018233423144969896,-0.0337515686324823,False
2023-06-07,803.8499755859375,-0.0268749016828206,HDFCBANK,18726.400390625,0.02245692297733748,-0.04933182466015808,False
2023-06-07,940.2000122070312,0.0044335499900465,ICICIBANK,18726.400390625,0.02245692297733748,-0.01802337298729098,False
2023-06-07,1288.949951171875,0.0203443112383732,INFY,18726.400390625,0.02245692297733748,-0.002112611738964279,False
2023-06-07,1152.8958740234375,0.0006208506437828,RELIANCE,18726.400390625,0.02245692297733748,-0.02183607233355468,False
2023-06-07,3274.89990234375,-0.0036205872908569,TCS,18726.400390625,0.02245692297733748,-0.026077510268194378,False
2023-06-08,804.3499755859375,-0.0269174941412598,HDFCBANK,18634.55078125,0.018448422214024207,-0.045365916355284,False
2023-06-08,937.9000244140624,-0.0013841437138762,ICICIBANK,18634.55078125,0.018448422214024207,-0.019832565927900406,False
2023-06-08,1282.800048828125,0.0212563281276496,INFY,18634.55078125,0.018448422214024207,0.0028079059136253935,True
2023-06-08,1153.5880126953125,0.0078013965815861,RELIANCE,18634.55078125,0.018448422214024207,-0.010647025632438106,False
2023-06-08,3236.449951171875,-0.0139237854856175,TCS,18634.55078125,0.018448422214024207,-0.032372207699641706,False
2023-06-09,805.2999877929688,-0.03429672117013,HDFCBANK,18563.400390625,0.013573699891374469,-0.04787042106150447,False
2023-06-09,938.0499877929688,-0.006197729070645,ICICIBANK,18563.400390625,0.013573699891374469,-0.019771428962019468,False
2023-06-09,1265.949951171875,0.0166639903739731,INFY,18563.400390625,0.013573699891374469,0.00309029048259863,True
2023-06-09,1145.4195556640625,-0.0009659989246567,RELIANCE,18563.400390625,0.013573699891374469,-0.014539698816031168,False
2023-06-09,3209.300048828125,-0.0198515710321854,TCS,18563.400390625,0.013573699891374469,-0.03342527092355987,False
2023-06-12,800.4000244140625,-0.0447547426988362,HDFCBANK,18601.5,0.011014296813521396,-0.05576903951235759,False
2023-06-12,935.9500122070312,-0.0103621335373711,ICICIBANK,18601.5,0.011014296813521396,-0.021376430350892497,False
2023-06-12,1291.949951171875,0.0267016142073608,INFY,18601.5,0.011014296813521396,0.015687317393839405,True
2023-06-12,1146.434814453125,-0.002048799925618,RELIANCE,18601.5,0.011014296813521396,-0.013063096739139395,False
2023-06-12,3246.89990234375,-0.0025038467495481,TCS,18601.5,0.011014296813521396,-0.013518143563069495,False
2023-06-13,801.75,-0.0265889926120526,HDFCBANK,18716.150390625,0.023495496165203855,-0.05008448877725645,False
2023-06-13,943.5499877929688,-0.0029587233742307,ICICIBANK,18716.150390625,0.023495496165203855,-0.026454219539434554,False
2023-06-13,1304.8499755859375,0.0320730247502545,INFY,18716.150390625,0.023495496165203855,0.008577528585050648,True
2023-06-13,1163.371826171875,0.0273248913182089,RELIANCE,18716.150390625,0.023495496165203855,0.0038293951530050455,True
2023-06-13,3243.699951171875,-0.0044350172966198,TCS,18716.150390625,0.023495496165203855,-0.027930513461823656,False
2023-06-14,800.875,-0.0223991896399556,HDFCBANK,18755.900390625,0.031578389903337056,-0.05397757954329266,False
2023-06-14,939.7999877929688,0.0004790676731005,ICICIBANK,18755.900390625,0.031578389903337056,-0.031099322230236558,False
2023-06-14,1300.4000244140625,0.0429064070514719,INFY,18755.900390625,0.031578389903337056,0.01132801714813484,True
2023-06-14,1177.6783447265625,0.0461402549589384,RELIANCE,18755.900390625,0.031578389903337056,0.014561865055601343,True
2023-06-14,3251.050048828125,0.0131985222366406,TCS,18755.900390625,0.031578389903337056,-0.018379867666696456,False
2023-06-15,791.0250244140625,-0.0382674475208966,HDFCBANK,18688.099609375,0.03078609784785069,-0.06905354536874729,False
2023-06-15,926.5999755859376,-0.0210248541088878,ICICIBANK,18688.099609375,0.03078609784785069,-0.05181095195673849,False
2023-06-15,1286.800048828125,0.0327448224944824,INFY,18688.099609375,0.03078609784785069,0.0019587246466317085,True
2023-06-15,1178.00146484375,0.0486843017517795,RELIANCE,18688.099609375,0.03078609784785069,0.017898203903928808,True
2023-06-15,3216.300048828125,0.0051408505616947,TCS,18688.099609375,0.03078609784785069,-0.02564524728615599,False
2023-06-16,801.375,-0.0268079566212711,HDFCBANK,18826.0,0.03420237955627492,-0.06101033617754602,False
2023-06-16,934.2000122070312,-0.0210625336299365,ICICIBANK,18826.0,0.03420237955627492,-0.05526491318621142,False
2023-06-16,1291.6500244140625,0.0179289144631431,INFY,18826.0,0.03420237955627492,-0.01627346509313182,False
2023-06-16,1189.4697265625,0.0554680584554765,RELIANCE,18826.0,0.03420237955627492,0.021265678899201577,True
2023-06-16,3174.89990234375,-0.014878195963061,TCS,18826.0,0.03420237955627492,-0.04908057551933592,False
2023-06-19,802.0750122070312,-0.0224856179373766,HDFCBANK,18755.44921875,0.024082078512970062,-0.04656769645034666,False
2023-06-19,923.1500244140624,-0.0286209837119268,ICICIBANK,18755.44921875,0.024082078512970062,-0.05270306222489686,False
2023-06-19,1294.0,0.0009281800174456,INFY,18755.44921875,0.024082078512970062,-0.02315389849552446,False
2023-06-19,1177.6552734375,0.0394297663851821,RELIANCE,18755.44921875,0.024082078512970062,0.015347687872212037,True
2023-06-19,3210.39990234375,-0.0267681359733116,TCS,18755.44921875,0.024082078512970062,-0.05085021448628166,False
2023-06-20,803.75,-0.0181406987891835,HDFCBANK,18816.69921875,0.025544975951057314,-0.043685674740240814,False
2023-06-20,925.5499877929688,-0.0292112816319777,ICICIBANK,18816.69921875,0.025544975951057314,-0.05475625758303501,False
2023-06-20,1303.4000244140625,0.0025768050922017,INFY,18816.69921875,0.025544975951057314,-0.022968170858855615,False
2023-06-20,1180.1011962890625,0.0417795296566005,RELIANCE,18816.69921875,0.025544975951057314,0.016234553705543185,True
2023-06-20,3227.699951171875,-0.0210339839035501,TCS,18816.69921875,0.025544975951057314,-0.046578959854607416,False
2023-06-21,817.7999877929688,0.0122539461316222,HDFCBANK,18856.849609375,0.03125166562078596,-0.01899771948916376,False
2023-06-21,924.7000122070312,-0.016956372500991,ICICIBANK,18856.849609375,0.03125166562078596,-0.04820803812177696,False
2023-06-21,1299.3499755859375,0.0005389836820668,INFY,18856.849609375,0.03125166562078596,-0.030712681938719164,False
2023-06-21,1183.424072265625,0.0508350382765394,RELIANCE,18856.849609375,0.03125166562078596,0.01958337265575344,True
2023-06-21,3258.199951171875,-0.0136679870887465,TCS,18856.849609375,0.03125166562078596,-0.044919652709532465,False
2023-06-22,821.7999877929688,0.0211232607577687,HDFCBANK,18771.25,0.02456721329056477,-0.0034439525327960713,False
2023-06-22,925.75,-0.0150023684122002,ICICIBANK,18771.25,0.02456721329056477,-0.03956958170276497,False
2023-06-22,1281.550048828125,-0.0174799150416439,INFY,18771.25,0.02456721329056477,-0.042047128332208666,False
2023-06-22,1170.1328125,0.0391606431184117,RELIANCE,18771.25,0.02456721329056477,0.014593429827846928,True
2023-06-22,3238.5,-0.0166995597388796,TCS,18771.25,0.02456721329056477,-0.04126677302944437,False
2023-06-23,821.75,0.0171431800561985,HDFCBANK,18665.5,0.008981417948920711,0.00816176210727779,True
2023-06-23,923.5,-0.0286105100008223,ICICIBANK,18665.5,0.008981417948920711,-0.03759192794974301,False
2023-06-23,1265.0,-0.0398117219748808,INFY,18665.5,0.008981417948920711,-0.048793139923801514,False
2023-06-23,1160.5567626953125,0.0032914415870426,RELIANCE,18665.5,0.008981417948920711,-0.005689976361878112,False
2023-06-23,3216.35009765625,-0.0338099095765114,TCS,18665.5,0.008981417948920711,-0.04279132752543211,False
2023-06-26,817.7750244140625,3.060154578116148e-05,HDFCBANK,18691.19921875,0.004976104511951629,-0.0049455029661704675,False
2023-06-26,927.4500122070312,-0.0218320009218196,ICICIBANK,18691.19921875,0.004976104511951629,-0.02680810543377123,False
2023-06-26,1270.3499755859375,-0.0335134266661032,INFY,18691.19921875,0.004976104511951629,-0.03848953117805483,False
2023-06-26,1151.6959228515625,-0.0099380894719781,RELIANCE,18691.19921875,0.004976104511951629,-0.014914193983929729,False
2023-06-26,3189.64990234375,-0.0393633777970455,TCS,18691.19921875,0.004976104511951629,-0.044339482308997126,False
2023-06-27,829.2999877929688,0.0133496108666182,HDFCBANK,18817.400390625,0.00985039511951702,0.0034992157471011812,True
2023-06-27,936.0999755859376,-0.0145797530850235,ICICIBANK,18817.400390625,0.00985039511951702,-0.02443014820454052,False
2023-06-27,1279.1500244140625,-0.0337651184017968,INFY,18817.400390625,0.00985039511951702,-0.04361551352131382,False
2023-06-27,1152.111328125,-0.0093255546901733,RELIANCE,18817.400390625,0.00985039511951702,-0.01917594980969032,False
2023-06-27,3197.35009765625,-0.0358391699130282,TCS,18817.400390625,0.00985039511951702,-0.04568956503254522,False
2023-06-28,838.0750122070312,0.040537635296777,HDFCBANK,18972.099609375,0.023615504657566122,0.01692213063921088,True
2023-06-28,937.4500122070312,-0.0123268312764928,ICICIBANK,18972.099609375,0.023615504657566122,-0.03594233593405892,False
2023-06-28,1293.3499755859375,-0.0189259442600843,INFY,18972.099609375,0.023615504657566122,-0.04254144891765042,False
2023-06-28,1167.3638916015625,0.0241306228929545,RELIANCE,18972.099609375,0.023615504657566122,0.0005151182353883774,True
2023-06-28,3215.449951171875,-0.022511034755472,TCS,18972.099609375,0.023615504657566122,-0.046126539413038126,False
2023-06-30,850.7000122070312,0.0607232072406873,HDFCBANK,19189.05078125,0.03793326831280175,0.02278993892788555,True
2023-06-30,934.5999755859376,-0.0016023929485321,ICICIBANK,19189.05078125,0.03793326831280175,-0.03953566126133385,False
2023-06-30,1335.5,0.0121258052292534,INFY,19189.05078125,0.03793326831280175,-0.02580746308354835,False
2023-06-30,1176.93994140625,0.0353192171577818,RELIANCE,19189.05078125,0.03793326831280175,-0.0026140511550199474,False
2023-06-30,3302.25,-0.0065433212996389,TCS,19189.05078125,0.03793326831280175,-0.04447658961244065,False
2023-07-03,859.9000244140625,0.070526018567149,HDFCBANK,19322.55078125,0.04254057054253568,0.02798544802461332,True
2023-07-03,942.5499877929688,0.0046900423859759,ICICIBANK,19322.55078125,0.04254057054253568,-0.03785052815655978,False
2023-07-03,1333.699951171875,0.0267128184540992,INFY,19322.55078125,0.04254057054253568,-0.015827752088436484,False
2023-07-03,1207.1451416015625,0.0653715278095741,RELIANCE,19322.55078125,0.04254057054253568,0.022830957267038418,True
2023-07-03,3272.300048828125,-0.0100738286073186,TCS,19322.55078125,0.04254057054253568,-0.05261439914985428,False
2023-07-04,864.0999755859375,0.0771627554686837,HDFCBANK,19389.0,0.04276416166257935,0.034398593806104355,True
2023-07-04,944.7000122070312,-0.0021652894565289,ICICIBANK,19389.0,0.04276416166257935,-0.044929451119108246,False
2023-07-04,1345.1500244140625,0.0311613832227386,INFY,19389.0,0.04276416166257935,-0.011602778439840748,False
2023-07-04,1194.707763671875,0.0450096246781275,RELIANCE,19389.0,0.04276416166257935,0.002245463015548149,True
2023-07-04,3308.85009765625,0.0060659174510853,TCS,19389.0,0.04276416166257935,-0.03669824421149405,False
2023-07-05,836.6500244140625,0.0462048413692726,HDFCBANK,19398.5,0.04298618205279858,0.0032186593164740193,True
2023-07-05,958.0,0.0168772156099179,ICICIBANK,19398.5,0.04298618205279858,-0.026108966442880684,False
2023-07-05,1347.300048828125,0.0534011327819585,INFY,19398.5,0.04298618205279858,0.01041495072915992,True
2023-07-05,1192.746337890625,0.0424103320795434,RELIANCE,19398.5,0.04298618205279858,-0.0005758499732551811,False
2023-07-05,3319.949951171875,0.0271168830305612,TCS,19398.5,0.04298618205279858,-0.015869299022237382,False
2023-07-06,837.5,0.0418610753698593,HDFCBANK,19497.30078125,0.041166501545643275,0.0006945738242160257,True
2023-07-06,959.4000244140624,0.0204211996997967,ICICIBANK,19497.30078125,0.041166501545643275,-0.020745301845846574,False
2023-07-06,1343.9000244140625,0.0426316578019405,INFY,19497.30078125,0.041166501545643275,0.0014651562562972217,True
2023-07-06,1217.78271484375,0.0562816142223381,RELIANCE,19497.30078125,0.041166501545643275,0.015115112676694825,True
2023-07-06,3322.89990234375,0.0146569365267157,TCS,19497.30078125,0.041166501545643275,-0.026509565018927574,False
2023-07-07,830.2000122070312,0.0321377974833194,HDFCBANK,19331.80078125,0.03741705438381526,-0.0052792569004958614,False
2023-07-07,946.4000244140624,0.0090627996361447,ICICIBANK,19331.80078125,0.03741705438381526,-0.028354254747670563,False
2023-07-07,1330.199951171875,0.0369503434202791,INFY,19331.80078125,0.03741705438381526,-0.0004667109635361627,False
2023-07-07,1215.406005859375,0.0535875828144463,RELIANCE,19331.80078125,0.03741705438381526,0.016170528430631034,True
2023-07-07,3329.25,0.0286734076621588,TCS,19331.80078125,0.03741705438381526,-0.008743646721656461,False
2023-07-10,828.2249755859375,0.0284676370799379,HDFCBANK,19355.900390625,0.042691531902755875,-0.014223894822817974,False
2023-07-10,948.4000244140624,0.0110335661806735,ICICIBANK,19355.900390625,0.042691531902755875,-0.031657965722082376,False
2023-07-10,1329.1500244140625,0.049923042521297,INFY,19355.900390625,0.042691531902755875,0.007231510618541125,True
2023-07-10,1262.22509765625,0.1019762072461465,RELIANCE,19355.900390625,0.042691531902755875,0.05928467534339063,True
2023-07-10,3271.949951171875,0.019521360231377,TCS,19355.900390625,0.042691531902755875,-0.023170171671378876,False
2023-07-11,824.2000122070312,0.0297351162756294,HDFCBANK,19439.400390625,0.04504477545493635,-0.015309659179306948,False
2023-07-11,944.9500122070312,0.0096158981597505,ICICIBANK,19439.400390625,0.04504477545493635,-0.035428877295185845,False
2023-07-11,1348.5999755859375,0.0438484667015759,INFY,19439.400390625,0.04504477545493635,-0.0011963087533604505,False
2023-07-11,1275.9085693359375,0.1129359936130118,RELIANCE,19439.400390625,0.04504477545493635,0.06789121815807546,True
2023-07-11,3272.39990234375,0.0078536452514574,TCS,19439.400390625,0.04504477545493635,-0.037191130203478945,False
2023-07-12,816.4749755859375,0.0183660437616932,HDFCBANK,19384.30078125,0.035699135595730125,-0.017333091834036925,False
2023-07-12,944.4000244140624,0.0009008919846227,ICICIBANK,19384.30078125,0.035699135595730125,-0.03479824361110743,False
2023-07-12,1333.300048828125,0.0218033289454691,INFY,19384.30078125,0.035699135595730125,-0.013895806650261026,False
2023-07-12,1277.316162109375,0.0979431797935477,RELIANCE,19384.30078125,0.035699135595730125,0.06224404419781758,True
2023-07-12,3259.89990234375,0.0049942816585184,TCS,19384.30078125,0.035699135595730125,-0.030704853937211726,False
2023-07-13,820.5499877929688,0.0245668647329093,HDFCBANK,19413.75,0.035074275064065796,-0.010507410331156496,False
2023-07-13,955.7000122070312,0.0169185194941343,ICICIBANK,19413.75,0.035074275064065796,-0.018155755569931497,False
2023-07-13,1365.0999755859375,0.0497538833875581,INFY,19413.75,0.035074275064065796,0.014679608323492306,True
2023-07-13,1265.89404296875,0.0749064450723764,RELIANCE,19413.75,0.035074275064065796,0.0398321700083106,True
2023-07-13,3340.550048828125,0.02752956695707,TCS,19413.75,0.035074275064065796,-0.007544708106995795,False
2023-07-14,822.25,0.0394740679778959,HDFCBANK,19564.5,0.046896175049567335,-0.007422107071671437,False
2023-07-14,960.0499877929688,0.0360997335294326,ICICIBANK,19564.5,0.046896175049567335,-0.010796441520134738,False
2023-07-14,1425.949951171875,0.1081363825486891,INFY,19564.5,0.046896175049567335,0.06124020749912176,True
2023-07-14,1264.8326416015625,0.0737105847057073,RELIANCE,19564.5,0.046896175049567335,0.02681440965613996,True
2023-07-14,3514.64990234375,0.0927618222759814,TCS,19564.5,0.046896175049567335,0.045865647226414064,True
2023-07-17,839.4500122070312,0.0475121038303307,HDFCBANK,19711.44921875,0.047033316623287025,0.0004787872070436752,True
2023-07-17,968.7000122070312,0.0369299930948345,ICICIBANK,19711.44921875,0.047033316623287025,-0.010103323528452522,False
2023-07-17,1422.949951171875,0.1016528659281175,INFY,19711.44921875,0.047033316623287025,0.05461954930483047,True
2023-07-17,1290.6766357421875,0.0850857377195883,RELIANCE,19711.44921875,0.047033316623287025,0.038052421096301275,True
2023-07-17,3491.699951171875,0.0997826887689465,TCS,19711.44921875,0.047033316623287025,0.05274937214565947,True
2023-07-18,838.75,0.0457251344759537,HDFCBANK,19749.25,0.05298730889668524,-0.007262174420731536,False
2023-07-18,975.4500122070312,0.0566538335154835,ICICIBANK,19749.25,0.05298730889668524,0.00366652461879826,True
2023-07-18,1475.199951171875,0.1400308741668277,INFY,19749.25,0.05298730889668524,0.08704356527014245,True
2023-07-18,1301.63720703125,0.1052786298250545,RELIANCE,19749.25,0.05298730889668524,0.05229132092836926,True
2023-07-18,3496.85009765625,0.0892257052161562,TCS,19749.25,0.05298730889668524,0.03623839631947097,True
2023-07-19,842.5499877929688,0.0482737017641912,HDFCBANK,19833.150390625,0.054018569360037016,-0.005744867595845818,False
2023-07-19,973.4500122070312,0.0517530387832245,ICICIBANK,19833.150390625,0.054018569360037016,-0.002265530576812516,False
2023-07-19,1474.949951171875,0.1316172499190584,INFY,19833.150390625,0.054018569360037016,0.07759868055902139,True
2023-07-19,1311.5133056640625,0.1113566444879792,RELIANCE,19833.150390625,0.054018569360037016,0.05733807512794219,True
2023-07-19,3470.050048828125,0.0750844568338082,TCS,19833.150390625,0.054018569360037016,0.02106588747377118,True
2023-07-20,844.375,0.0324957356367177,HDFCBANK,19979.150390625,0.05951687606884404,-0.02702114043212634,False
2023-07-20,995.5999755859376,0.0766734751194451,ICICIBANK,19979.150390625,0.05951687606884404,0.01715659905060106,True
2023-07-20,1449.5,0.1155577998501542,INFY,19979.150390625,0.05951687606884404,0.05604092378131016,True
2023-07-20,1309.925048828125,0.1068940369958151,RELIANCE,19979.150390625,0.05951687606884404,0.04737716092697106,True
2023-07-20,3463.300048828125,0.0629488983886583,TCS,19979.150390625,0.05951687606884404,0.003432022319814265,True
2023-07-21,837.875,0.0195607355144922,HDFCBANK,19745.0,0.05187454218552312,-0.03231380667103092,False
2023-07-21,997.0,0.0769646232784229,ICICIBANK,19745.0,0.05187454218552312,0.025090081092899785,True
2023-07-21,1331.5999755859375,0.0390542115804053,INFY,19745.0,0.05187454218552312,-0.012820330605117822,False
2023-07-21,1269.375,0.0848127549623773,RELIANCE,19745.0,0.05187454218552312,0.03293821277685419,True
2023-07-21,3368.300048828125,0.0400802991595259,TCS,19745.0,0.05187454218552312,-0.011794243025997221,False
2023-07-24,839.2000122070312,0.0212351837018938,HDFCBANK,19672.349609375,0.05394174328975909,-0.032706559587865294,False
2023-07-24,992.0,0.0741743367623173,ICICIBANK,19672.349609375,0.05394174328975909,0.020232593472558208,True
2023-07-24,1336.5999755859375,0.0566007712141798,INFY,19672.349609375,0.05394174328975909,0.002659027924420708,True
2023-07-24,1243.699951171875,0.0716407772106451,RELIANCE,19672.349609375,0.05394174328975909,0.01769903392088601,True
2023-07-24,3394.75,0.0554665682923478,TCS,19672.349609375,0.05394174328975909,0.0015248250025887075,True
2023-07-25,848.2999877929688,0.0373268471983201,HDFCBANK,19680.599609375,0.052934024138616476,-0.015607176940296376,False
2023-07-25,994.7000122070312,0.0725106465198774,ICICIBANK,19680.599609375,0.052934024138616476,0.019576622381260927,True
2023-07-25,1334.5999755859375,0.0505766137165195,INFY,19680.599609375,0.052934024138616476,-0.0023574104220969727,False
2023-07-25,1242.9000244140625,0.0791911300134513,RELIANCE,19680.599609375,0.052934024138616476,0.02625710587483482,True
2023-07-25,3399.14990234375,0.0656811896020499,TCS,19680.599609375,0.052934024138616476,0.012747165463433421,True
2023-07-26,845.3499755859375,0.0193536573365724,HDFCBANK,19778.30078125,0.05106446005707199,-0.03171080272049959,False
2023-07-26,996.4500122070312,0.0644696487501972,ICICIBANK,19778.30078125,0.05106446005707199,0.013405188693125208,True
2023-07-26,1348.8499755859375,0.0544892700946493,INFY,19778.30078125,0.05106446005707199,0.0034248100375773097,True
2023-07-26,1263.0999755859375,0.0963350023140261,RELIANCE,19778.30078125,0.05106446005707199,0.04527054225695411,True
2023-07-26,3388.300048828125,0.0597213146323409,TCS,19778.30078125,0.05106446005707199,0.008656854575268907,True
2023-07-27,836.5750122070312,-0.0017898159211904,HDFCBANK,19659.900390625,0.036253276938843726,-0.03804309286003413,False
2023-07-27,990.25,0.0563229901386017,ICICIBANK,19659.900390625,0.036253276938843726,0.020069713199757977,True
2023-07-27,1353.1500244140625,0.0462365561966575,INFY,19659.900390625,0.036253276938843726,0.009983279257813775,True
2023-07-27,1251.3499755859375,0.0719450760714814,RELIANCE,19659.900390625,0.036253276938843726,0.035691799132637675,True
2023-07-27,3396.89990234375,0.0564306563396346,TCS,19659.900390625,0.036253276938843726,0.020177379400790875,True
2023-07-28,821.75,-0.0340308120272905,HDFCBANK,19646.05078125,0.023815664735566067,-0.057846476762856563,False
2023-07-28,996.2000122070312,0.0659105908733563,ICICIBANK,19646.05078125,0.023815664735566067,0.04209492613779023,True
2023-07-28,1340.5,0.0037439161362784,INFY,19646.05078125,0.023815664735566067,-0.02007174859928767,False
2023-07-28,1263.925048828125,0.0739078557551051,RELIANCE,19646.05078125,0.023815664735566067,0.05009219101953903,True
2023-07-28,3355.39990234375,0.0160950571106821,TCS,19646.05078125,0.023815664735566067,-0.007720607624883968,False
2023-07-31,825.5999755859375,-0.0398884147625151,HDFCBANK,19753.80078125,0.02231848190656449,-0.06220689666907959,False
2023-07-31,998.2999877929688,0.0591480565720887,ICICIBANK,19753.80078125,0.02231848190656449,0.03682957466552421,True
2023-07-31,1355.699951171875,0.0164954643513852,INFY,19753.80078125,0.02231848190656449,-0.005823017555179291,False
2023-07-31,1274.625,0.0559003686241983,RELIANCE,19753.80078125,0.02231848190656449,0.03358188671763381,True
2023-07-31,3421.449951171875,0.0455795312526929,TCS,19753.80078125,0.02231848190656449,0.02326104934612841,True
2023-08-01,831.125,-0.0381610652905961,HDFCBANK,19733.55078125,0.017770425563463865,-0.05593149085405996,False
2023-08-01,994.5499877929688,0.0527680479959735,ICICIBANK,19733.55078125,0.017770425563463865,0.03499762243250963,True
2023-08-01,1365.199951171875,0.0149053461650465,INFY,19733.55078125,0.017770425563463865,-0.0028650793984173646,False
2023-08-01,1256.5999755859375,0.0518053149029851,RELIANCE,19733.55078125,0.017770425563463865,0.034034889339521236,True
2023-08-01,3452.050048828125,0.0432778599651,TCS,19733.55078125,0.017770425563463865,0.025507434401636137,True
2023-08-02,820.25,-0.0196020127120034,HDFCBANK,19526.55078125,0.00660106612624678,-0.02620307883825018,False
2023-08-02,986.9500122070312,0.0302192194227883,ICICIBANK,19526.55078125,0.00660106612624678,0.02361815329654152,True
2023-08-02,1356.8499755859375,0.0070881959561412,INFY,19526.55078125,0.00660106612624678,0.00048712982989442075,True
2023-08-02,1243.175048828125,0.0422794934140675,RELIANCE,19526.55078125,0.00660106612624678,0.03567842728782072,True
2023-08-02,3440.64990234375,0.0363559550436205,TCS,19526.55078125,0.00660106612624678,0.02975488891737372,True
2023-08-03,814.3250122070312,-0.0276716272154851,HDFCBANK,19381.650390625,-0.00593161032506706,-0.02174001689041804,False
2023-08-03,965.0,0.0058369558509836,ICICIBANK,19381.650390625,-0.00593161032506706,0.011768566176050661,True
2023-08-03,1364.300048828125,0.0151797187614137,INFY,19381.650390625,-0.00593161032506706,0.021111329086480758,True
2023-08-03,1237.949951171875,0.0165606196263941,RELIANCE,19381.650390625,-0.00593161032506706,0.02249222995146116,True
2023-08-03,3399.949951171875,0.0231875924922622,TCS,19381.650390625,-0.00593161032506706,0.02911920281732926,True
2023-08-04,826.0999755859375,-0.0049386130580678,HDFCBANK,19517.0,0.00958002934365143,-0.01451864240171923,False
2023-08-04,970.5,0.0254648932420078,ICICIBANK,19517.0,0.00958002934365143,0.01588486389835637,True
2023-08-04,1378.3499755859375,0.0361975839584443,INFY,19517.0,0.00958002934365143,0.02661755461479287,True
2023-08-04,1254.7750244140625,0.0323916603710139,RELIANCE,19517.0,0.00958002934365143,0.022811631027362472,True
2023-08-04,3443.550048828125,0.0343320714359465,TCS,19517.0,0.00958002934365143,0.02475204209229507,True
2023-08-07,825.625,-0.0031392141780053,HDFCBANK,19597.30078125,0.01247166940071276,-0.015610883578718059,False
2023-08-07,975.6500244140624,0.0287326015378748,ICICIBANK,19597.30078125,0.01247166940071276,0.01626093213716204,True
2023-08-07,1393.0,0.0480382006644319,INFY,19597.30078125,0.01247166940071276,0.03556653126371914,True
2023-08-07,1261.925048828125,-0.0002377141990617,RELIANCE,19597.30078125,0.01247166940071276,-0.012709383599774459,False
2023-08-07,3484.050048828125,0.0648237597828429,TCS,19597.30078125,0.01247166940071276,0.05235209038213014,True
2023-08-08,824.9500122070312,0.0009099732939723,HDFCBANK,19570.849609375,0.006761999655781281,-0.005852026361808981,False
2023-08-08,979.9000244140624,0.036986096360168,ICICIBANK,19570.849609375,0.006761999655781281,0.03022409670438672,True
2023-08-08,1390.199951171875,0.0308467865482966,INFY,19570.849609375,0.006761999655781281,0.02408478689251532,True
2023-08-08,1254.324951171875,-0.0169162733778769,RELIANCE,19570.849609375,0.006761999655781281,-0.02367827303365818,False
2023-08-08,3470.60009765625,0.0605672293201529,TCS,19570.849609375,0.006761999655781281,0.053805229664371616,True
2023-08-09,825.25,0.0107474505360867,HDFCBANK,19632.55078125,0.012806755466781006,-0.002059304930694306,False
2023-08-09,972.7000122070312,0.0299661023521542,ICICIBANK,19632.55078125,0.012806755466781006,0.017159346885373194,True
2023-08-09,1394.4000244140625,0.0458261256643919,INFY,19632.55078125,0.012806755466781006,0.03301937019761089,True
2023-08-09,1262.5999755859375,-0.0115211777318584,RELIANCE,19632.55078125,0.012806755466781006,-0.024327933198639407,False
2023-08-09,3462.5,0.062149177497931,TCS,19632.55078125,0.012806755466781006,0.049342422031149996,True
2023-08-10,817.9249877929688,-0.0031990738395603,HDFCBANK,19543.099609375,0.006662783304359099,-0.009861857143919399,False
2023-08-10,964.0999755859376,0.0087893306179918,ICICIBANK,19543.099609375,0.006662783304359099,0.002126547313632701,True
2023-08-10,1389.0999755859375,0.0175811299020047,INFY,19543.099609375,0.006662783304359099,0.010918346597645602,True
2023-08-10,1268.2249755859375,0.0018413331116726,RELIANCE,19543.099609375,0.006662783304359099,-0.004821450192686498,False
2023-08-10,3442.10009765625,0.0303991999352768,TCS,19543.099609375,0.006662783304359099,0.0237364166309177,True
2023-08-11,809.4000244140625,-0.0156278207186835,HDFCBANK,19428.30078125,-0.006961548659562,-0.008666272059121499,False
2023-08-11,952.8499755859376,-0.0074996222056968,ICICIBANK,19428.30078125,-0.006961548659562,-0.0005380735461347997,False
2023-08-11,1371.8499755859375,-0.0379396033791207,INFY,19428.30078125,-0.006961548659562,-0.030978054719558702,False
2023-08-11,1273.574951171875,0.0069118310856073,RELIANCE,19428.30078125,-0.006961548659562,0.0138733797451693,True
2023-08-11,3448.800048828125,-0.0187358215882933,TCS,19428.30078125,-0.006961548659562,-0.011774272928731299,False
2023-08-14,805.4500122070312,-0.0405027095188303,HDFCBANK,19434.55078125,-0.014047594087430504,-0.0264551154313998,False
2023-08-14,959.5499877929688,-0.0094456738915648,ICICIBANK,19434.55078125,-0.014047594087430504,0.0046019201958657045,True
2023-08-14,1393.550048828125,-0.0206612343038049,INFY,19434.55078125,-0.014047594087430504,-0.006613640216374395,False
2023-08-14,1288.625,-0.0015895815306269,RELIANCE,19434.55078125,-0.014047594087430504,0.012458012556803604,True
2023-08-14,3449.85009765625,-0.0119855239856963,TCS,19434.55078125,-0.014047594087430504,0.0020620701017342036,True
2023-08-16,803.0999755859375,-0.0425037548900893,HDFCBANK,19465.0,-0.014392951631074569,-0.02811080325901473,False
2023-08-16,956.5,-0.0194269434311199,ICICIBANK,19465.0,-0.014392951631074569,-0.00503399180004533,False
2023-08-16,1418.5,-0.0384354345503017,INFY,19465.0,-0.014392951631074569,-0.02404248291922713,False
2023-08-16,1287.574951171875,-0.0108035140540027,RELIANCE,19465.0,-0.014392951631074569,0.0035894375770718686,True
2023-08-16,3458.39990234375,-0.0109956658817805,TCS,19465.0,-0.014392951631074569,0.0033972857492940694,True
2023-08-17,798.6500244140625,-0.0521036900064537,HDFCBANK,19365.25,-0.023591833945159513,-0.028511856061294187,False
2023-08-17,951.6500244140624,-0.0223945631718092,ICICIBANK,19365.25,-0.023591833945159513,0.0011972707733503112,True
2023-08-17,1411.550048828125,-0.0429844431625476,INFY,19365.25,-0.023591833945159513,-0.019392609217388085,False
2023-08-17,1269.0,-0.0324154589057231,RELIANCE,19365.25,-0.023591833945159513,-0.00882362496056359,False
2023-08-17,3435.75,-0.0098845977278363,TCS,19365.25,-0.023591833945159513,0.013707236217323213,True
2023-08-18,795.375,-0.0580310880829015,HDFCBANK,19310.150390625,-0.03348490736192267,-0.024546180720978833,False
2023-08-18,950.6500244140624,-0.0451486061411572,ICICIBANK,19310.150390625,-0.03348490736192267,-0.011663698779234531,False
2023-08-18,1388.800048828125,-0.0418764754548982,INFY,19310.150390625,-0.03348490736192267,-0.008391568092975532,False
2023-08-18,1278.4000244140625,-0.0240662810763602,RELIANCE,19310.150390625,-0.03348490736192267,0.009418626285562465,True
2023-08-18,3367.10009765625,-0.027776961226454,TCS,19310.150390625,-0.03348490736192267,0.005707946135468666,True
2023-08-21,794.75,-0.0514694912725645,HDFCBANK,19393.599609375,-0.017796930393770616,-0.03367256087879388,False
2023-08-21,955.2000122070312,-0.0419257650882334,ICICIBANK,19393.599609375,-0.017796930393770616,-0.02412883469446278,False
2023-08-21,1405.4000244140625,0.0554220863481551,INFY,19393.599609375,-0.017796930393770616,0.07321901674192571,True
2023-08-21,1260.0,-0.0073855243722303,RELIANCE,19393.599609375,-0.017796930393770616,0.010411406021540316,True
2023-08-21,3401.64990234375,0.0099010934394718,TCS,19393.599609375,-0.017796930393770616,0.027698023833242415,True
2023-08-22,791.3499755859375,-0.0570186319412124,HDFCBANK,19396.44921875,-0.014024780776238255,-0.042993851164974145,False
2023-08-22,952.0,-0.0403225806451612,ICICIBANK,19396.44921875,-0.014024780776238255,-0.026297799868922944,False
2023-08-22,1403.75,0.0502394326205379,INFY,19396.44921875,-0.014024780776238255,0.06426421339677615,True
2023-08-22,1259.699951171875,0.0128648392925674,RELIANCE,19396.44921875,-0.014024780776238255,0.026889620068805655,True
2023-08-22,3382.14990234375,-0.0037116422877236,TCS,19396.44921875,-0.014024780776238255,0.010313138488514655,True
2023-08-23,793.2999877929688,-0.064835554392844,HDFCBANK,19444.0,-0.012021971589843972,-0.052813582803000025,False
2023-08-23,966.8499755859376,-0.0279984279474373,ICICIBANK,19444.0,-0.012021971589843972,-0.01597645635759333,False
2023-08-23,1407.949951171875,0.0549602704388887,INFY,19444.0,-0.012021971589843972,0.06698224202873268,True
2023-08-23,1261.0999755859375,0.0146431336506369,RELIANCE,19444.0,-0.012021971589843972,0.026665105240480873,True
2023-08-23,3398.25,-0.0002647433533689,TCS,19444.0,-0.012021971589843972,0.011757228236475072,True
2023-08-24,789.6500244140625,-0.0658898122440563,HDFCBANK,19386.69921875,-0.0197995554234488,-0.046090256820607495,False
2023-08-24,968.9500122070312,-0.0275979724653627,ICICIBANK,19386.69921875,-0.0197995554234488,-0.007798417041913901,False
2023-08-24,1423.5999755859375,0.0554175789398141,INFY,19386.69921875,-0.0197995554234488,0.0752171343632629,True
2023-08-24,1239.9000244140625,-0.018367470208455,RELIANCE,19386.69921875,-0.0197995554234488,0.0014320852149938001,True
2023-08-24,3387.75,-0.0001623376974289,TCS,19386.69921875,-0.0197995554234488,0.0196372177260199,True
2023-08-25,780.75,-0.0667304322893354,HDFCBANK,19265.80078125,-0.020045859925258314,-0.04668457236407708,False
2023-08-25,970.4000244140624,-0.0200454184154886,ICICIBANK,19265.80078125,-0.020045859925258314,4.4150976971288336e-07,True
2023-08-25,1420.0999755859375,0.049477108941313,INFY,19265.80078125,-0.020045859925258314,0.0695229688665713,True
2023-08-25,1234.175048828125,-0.0137251185462887,RELIANCE,19265.80078125,-0.020045859925258314,0.006320741378969614,True
2023-08-25,3381.300048828125,-0.0045923795119372,TCS,19265.80078125,-0.020045859925258314,0.015453480413321114,True
2023-08-28,788.875,-0.0400060845756008,HDFCBANK,19306.05078125,-0.01730627716408495,-0.02269980741151585,False
2023-08-28,970.5499877929688,-0.0257478659905214,ICICIBANK,19306.05078125,-0.01730627716408495,-0.00844158882643645,False
2023-08-28,1415.6500244140625,0.0560611894174281,INFY,19306.05078125,-0.01730627716408495,0.07336746658151305,True
2023-08-28,1221.875,-0.0332694164635098,RELIANCE,19306.05078125,-0.01730627716408495,-0.015963139299424854,False
2023-08-28,3375.550048828125,0.006005289107358,TCS,19306.05078125,-0.01730627716408495,0.02331156627144295,True
2023-08-29,795.1500244140625,-0.0368822093899219,HDFCBANK,19342.650390625,-0.020813735805985112,-0.016068473583936788,False
2023-08-29,967.75,-0.0306020115862249,ICICIBANK,19342.650390625,-0.020813735805985112,-0.009788275780239789,False
2023-08-29,1417.6500244140625,0.0456960061027054,INFY,19342.650390625,-0.020813735805985112,0.06650974190869051,True
2023-08-29,1210.175048828125,-0.0505638530327546,RELIANCE,19342.650390625,-0.020813735805985112,-0.02975011722676949,False
2023-08-29,3376.14990234375,-0.0132400150446769,TCS,19342.650390625,-0.020813735805985112,0.007573720761308212,True
2023-08-30,789.3499755859375,-0.0502632268480223,HDFCBANK,19347.44921875,-0.019565741957947913,-0.030697484890074386,False
2023-08-30,958.9000244140624,-0.0358453208149125,ICICIBANK,19347.44921875,-0.019565741957947913,-0.016279578856964586,False
2023-08-30,1435.1500244140625,0.0512379693407862,INFY,19347.44921875,-0.019565741957947913,0.07080371129873411,True
2023-08-30,1209.0250244140625,-0.0378600605572122,RELIANCE,19347.44921875,-0.019565741957947913,-0.018294318599264288,False
2023-08-30,3390.949951171875,-0.0176996557964134,TCS,19347.44921875,-0.019565741957947913,0.0018660861615345144,True
2023-08-31,785.7249755859375,-0.0420908557318653,HDFCBANK,19253.80078125,-0.013968160739473934,-0.028122694992391367,False
2023-08-31,958.75,-0.0285728880472578,ICICIBANK,19253.80078125,-0.013968160739473934,-0.014604727307783866,False
2023-08-31,1435.449951171875,0.0579282728379717,INFY,19253.80078125,-0.013968160739473934,0.07189643357744563,True
2023-08-31,1203.5,-0.0319142898383655,RELIANCE,19253.80078125,-0.013968160739473934,-0.017946129098891567,False
2023-08-31,3356.800048828125,-0.0243703532459106,TCS,19253.80078125,-0.013968160739473934,-0.010402192506436665,False
2023-09-01,787.3499755859375,-0.0331256392923317,HDFCBANK,19435.30078125,0.002768102279409046,-0.035893741571740745,False
2023-09-01,968.7000122070312,0.0038342095409649,ICICIBANK,19435.30078125,0.002768102279409046,0.001066107261555854,True
2023-09-01,1443.8499755859375,0.0583082341938947,INFY,19435.30078125,0.002768102279409046,0.05554013191448565,True
2023-09-01,1206.324951171875,-0.0255462670118957,RELIANCE,19435.30078125,0.002768102279409046,-0.028314369291304747,False
2023-09-01,3379.199951171875,-0.0061030310145736,TCS,19435.30078125,0.002768102279409046,-0.008871133293982647,False
2023-09-04,792.2750244140625,-0.0409453482284436,HDFCBANK,19528.80078125,0.0006046411461801959,-0.04154998937462379,False
2023-09-04,967.3499755859376,-0.0032457747697706,ICICIBANK,19528.80078125,0.0006046411461801959,-0.003850415915950796,False
2023-09-04,1465.0999755859375,0.0629375713980933,INFY,19528.80078125,0.0006046411461801959,0.06233293025191311,True
2023-09-04,1205.3499755859375,-0.0393895701352557,RELIANCE,19528.80078125,0.0006046411461801959,-0.0399942112814359,False
2023-09-04,3418.5,-0.0072744837371101,TCS,19528.80078125,0.0006046411461801959,-0.007879124883290296,False
2023-09-05,787.4500122070312,-0.0462376839278955,HDFCBANK,19574.900390625,-0.0011430344859753028,-0.045094649441920195,False
2023-09-05,968.4000244140624,-0.0074309432876343,ICICIBANK,19574.900390625,-0.0011430344859753028,-0.006287908801658997,False
2023-09-05,1478.9000244140625,0.0616654877344311,INFY,19574.900390625,-0.0011430344859753028,0.0628085222204064,True
2023-09-05,1211.800048828125,-0.0397210595403808,RELIANCE,19574.900390625,-0.0011430344859753028,-0.038578025054405496,False
2023-09-05,3429.35009765625,-0.0157001048794559,TCS,19574.900390625,-0.0011430344859753028,-0.014557070393480597,False
2023-09-06,797.75,-0.0329717095636639,HDFCBANK,19611.05078125,0.0020541352407992264,-0.03502584480446313,False
2023-09-06,957.5,-0.022859499801989,ICICIBANK,19611.05078125,0.0020541352407992264,-0.024913635042788228,False
2023-09-06,1477.449951171875,0.062760756052719,INFY,19611.05078125,0.0020541352407992264,0.06070662081191977,True
2023-09-06,1214.3499755859375,-0.0318697125083816,RELIANCE,19611.05078125,0.0020541352407992264,-0.03392384774918083,False
2023-09-06,3429.89990234375,-0.0117271348375704,TCS,19611.05078125,0.0020541352407992264,-0.013781270078369627,False
2023-09-07,805.4249877929688,-0.0240230381181838,HDFCBANK,19727.05078125,0.0048134346398966965,-0.028836472758080496,False
2023-09-07,965.6500244140624,-0.0072478541220253,ICICIBANK,19727.05078125,0.0048134346398966965,-0.012061288761921998,False
2023-09-07,1466.199951171875,0.0514916275822523,INFY,19727.05078125,0.0048134346398966965,0.046678192942355604,True
2023-09-07,1216.0,-0.0369079490630528,RELIANCE,19727.05078125,0.0048134346398966965,-0.0417213837029495,False
2023-09-07,3455.25,-0.0020938628158845,TCS,19727.05078125,0.0048134346398966965,-0.006907297455781196,False
2023-09-08,811.7000122070312,-0.0076106925192914,HDFCBANK,19819.94921875,0.014166105423839337,-0.021776797943130737,False
2023-09-08,970.5499877929688,0.0066901901984917,ICICIBANK,19819.94921875,0.014166105423839337,-0.007475915225347637,False
2023-09-08,1469.5999755859375,0.0579511924374227,INFY,19819.94921875,0.014166105423839337,0.043785087013583364,True
2023-09-08,1224.0999755859375,-0.0347927227813926,RELIANCE,19819.94921875,0.014166105423839337,-0.04895882820523194,False
2023-09-08,3441.89990234375,-5.816080497955678e-05,TCS,19819.94921875,0.014166105423839337,-0.014224266228818894,False
2023-09-11,815.9000244140625,0.0080306397380027,HDFCBANK,19996.349609375,0.029238214629311088,-0.021207574891308388,False
2023-09-11,978.25,0.0266568977959442,ICICIBANK,19996.349609375,0.029238214629311088,-0.0025813168333668896,False
2023-09-11,1476.449951171875,0.0762473867022239,INFY,19996.349609375,0.029238214629311088,0.047009172072912817,True
2023-09-11,1237.300048828125,-0.0284827385387658,RELIANCE,19996.349609375,0.029238214629311088,-0.05772095316807689,False
2023-09-11,3480.64990234375,0.0092350536606049,TCS,19996.349609375,0.029238214629311088,-0.020003160968706187,False
2023-09-12,818.4500122070312,0.0161400456924427,HDFCBANK,19993.19921875,0.02874511707463645,-0.012605071382193751,False
2023-09-12,990.5,0.0322547158571888,ICICIBANK,19993.19921875,0.02874511707463645,0.003509598782552352,True
2023-09-12,1501.0999755859375,0.0771769387459417,INFY,19993.19921875,0.02874511707463645,0.04843182167130525,True
2023-09-12,1219.425048828125,-0.0537006120258997,RELIANCE,19993.19921875,0.02874511707463645,-0.08244572910053616,False
2023-09-12,3580.800048828125,0.0379581568662474,TCS,19993.19921875,0.02874511707463645,0.00921303979161095,True
2023-09-13,821.9500122070312,0.0234715940656589,HDFCBANK,20070.0,0.031081428204469574,-0.007609834138810674,False
2023-09-13,989.7999877929688,0.0348144148384408,ICICIBANK,20070.0,0.031081428204469574,0.0037329866339712234,True
2023-09-13,1498.3499755859375,0.0562918403848695,INFY,20070.0,0.031081428204469574,0.025210412180399926,True
2023-09-13,1225.5250244140625,-0.0481913124368708,RELIANCE,20070.0,0.031081428204469574,-0.07927274064134038,False
2023-09-13,3567.85009765625,0.0316476400656633,TCS,20070.0,0.031081428204469574,0.0005662118611937245,True
2023-09-14,821.4500122070312,0.028548158888114,HDFCBANK,20103.099609375,0.03810173425982111,-0.009553575371707108,False
2023-09-14,987.7000122070312,0.0378815603090696,ICICIBANK,20103.099609375,0.03810173425982111,-0.00022017395075150936,False
2023-09-14,1506.949951171875,0.0675852070728568,INFY,20103.099609375,0.03810173425982111,0.02948347281303569,True
2023-09-14,1226.6500244140625,-0.0333727151977443,RELIANCE,20103.099609375,0.03810173425982111,-0.0714744494575654,False
2023-09-14,3560.050048828125,0.0361784323155425,TCS,20103.099609375,0.03810173425982111,-0.001923301944278609,False
2023-09-15,830.875,0.0446330347320447,HDFCBANK,20192.349609375,0.04568577669795393,-0.0010527419659092305,False
2023-09-15,992.4500122070312,0.0439699013511649,ICICIBANK,20192.349609375,0.04568577669795393,-0.0017158753467890267,False
2023-09-15,1511.5999755859375,0.0884216031396538,INFY,20192.349609375,0.04568577669795393,0.042735826441699876,True
2023-09-15,1228.925048828125,-0.0387006998131228,RELIANCE,20192.349609375,0.04568577669795393,-0.08438647651107672,False
2023-09-15,3598.300048828125,0.0686644128378621,TCS,20192.349609375,0.04568577669795393,0.022978636139908165,True
2023-09-18,814.5250244140625,0.0248820690960207,HDFCBANK,20133.30078125,0.038141509919459304,-0.013259440823438603,False
2023-09-18,990.2000122070312,0.0366415405702633,ICICIBANK,20133.30078125,0.038141509919459304,-0.0014999693491960023,False
2023-09-18,1491.800048828125,0.0614771758311902,INFY,20133.30078125,0.038141509919459304,0.023335665911730898,True
2023-09-18,1218.2249755859375,-0.033154781281002,RELIANCE,20133.30078125,0.038141509919459304,-0.0712962912004613,False
2023-09-18,3606.14990234375,0.0601178856939683,TCS,20133.30078125,0.038141509919459304,0.021976375774508998,True
2023-09-20,781.8499755859375,-0.0120048022911303,HDFCBANK,19901.400390625,0.026033175772546935,-0.03803797806367724,False
2023-09-20,987.1500244140624,0.0369222945525864,ICICIBANK,19901.400390625,0.026033175772546935,0.010889118780039467,True
2023-09-20,1490.25,0.0616206589492431,INFY,19901.400390625,0.026033175772546935,0.03558748317669617,True
2023-09-20,1191.074951171875,-0.054477258601272,RELIANCE,19901.400390625,0.026033175772546935,-0.08051043437381894,False
2023-09-20,3606.050048828125,0.0662005389912545,TCS,19901.400390625,0.026033175772546935,0.040167363218707564,True
2023-09-21,776.6749877929688,-0.0209567632116726,HDFCBANK,19742.349609375,0.015344044917455335,-0.036300808129127934,False
2023-09-21,959.2999877929688,-0.0078088514077826,ICICIBANK,19742.349609375,0.015344044917455335,-0.023152896325237933,False
2023-09-21,1501.75,0.0666217209994237,INFY,19742.349609375,0.015344044917455335,0.05127767608196837,True
2023-09-21,1182.4000244140625,-0.0624057986642249,RELIANCE,19742.349609375,0.015344044917455335,-0.07774984358168024,False
2023-09-21,3585.300048828125,0.0550430512258146,TCS,19742.349609375,0.015344044917455335,0.039699006308359264,True
2023-09-22,764.8250122070312,-0.0314379933381905,HDFCBANK,19674.25,0.014832374402956372,-0.04627036774114687,False
2023-09-22,950.2999877929688,-0.0192476641509939,ICICIBANK,19674.25,0.014832374402956372,-0.03408003855395027,False
2023-09-22,1496.1500244140625,0.0509623841474597,INFY,19674.25,0.014832374402956372,0.036130009744503325,True
2023-09-22,1177.4749755859375,-0.0503468405508138,RELIANCE,19674.25,0.014832374402956372,-0.06517921495377017,False
2023-09-22,3603.64990234375,0.0637295852243375,TCS,19674.25,0.014832374402956372,0.048897210821381126,True
2023-09-25,765.5,-0.0195325008005122,HDFCBANK,19674.55078125,0.021216351432316705,-0.040748852232828904,False
2023-09-25,956.3499755859376,-0.0144786154932429,ICICIBANK,19674.55078125,0.021216351432316705,-0.0356949669255596,False
2023-09-25,1474.1500244140625,0.0380607349886219,INFY,19674.55078125,0.021216351432316705,0.016844383556305194,True
2023-09-25,1170.2249755859375,-0.051816047733998,RELIANCE,19674.55078125,0.021216351432316705,-0.07303239916631471,False
2023-09-25,3577.14990234375,0.0579214653202697,TCS,19674.55078125,0.021216351432316705,0.03670511388795299,True
2023-09-26,768.8250122070312,-0.0254159249475123,HDFCBANK,19664.69921875,0.01857699648486988,-0.043992921432382176,False
2023-09-26,948.7000122070312,-0.0225129832164795,ICICIBANK,19664.69921875,0.01857699648486988,-0.04108997970134938,False
2023-09-26,1460.6500244140625,0.0317875175530233,INFY,19664.69921875,0.01857699648486988,0.013210521068153423,True
2023-09-26,1171.25,-0.0414322250639386,RELIANCE,19664.69921875,0.01857699648486988,-0.06000922154880848,False
2023-09-26,3585.699951171875,0.0622564913284893,TCS,19664.69921875,0.01857699648486988,0.043679494843619424,True
2023-09-27,763.4249877929688,-0.0398981772584005,HDFCBANK,19716.44921875,0.019325109050524647,-0.05922328630892515,False
2023-09-27,943.0999755859376,-0.0254714796322008,ICICIBANK,19716.44921875,0.019325109050524647,-0.044796588682725444,False
2023-09-27,1467.0,0.0348111132762365,INFY,19716.44921875,0.019325109050524647,0.01548600422571185,True
2023-09-27,1184.449951171875,-0.0212573360202401,RELIANCE,19716.44921875,0.019325109050524647,-0.04058244507076475,False
2023-09-27,3589.300048828125,0.0631340884290725,TCS,19716.44921875,0.019325109050524647,0.04380897937854786,True
2023-09-28,761.8499755859375,-0.0348387924881946,HDFCBANK,19523.55078125,0.009102055806371467,-0.04394084829456607,False
2023-09-28,942.5999755859376,-0.0169986947680859,ICICIBANK,19523.55078125,0.009102055806371467,-0.026100750574457366,False
2023-09-28,1439.449951171875,0.0029961514020584,INFY,19523.55078125,0.009102055806371467,-0.006105904404313068,False
2023-09-28,1167.050048828125,-0.0347180370449984,RELIANCE,19523.55078125,0.009102055806371467,-0.04382009285136987,False
2023-09-28,3536.75,0.0429968153253745,TCS,19523.55078125,0.009102055806371467,0.03389475951900303,True
2023-09-29,763.1500244140625,-0.0287313651383427,HDFCBANK,19638.30078125,0.01997008301729397,-0.04870144815563667,False
2023-09-29,951.9000244140624,-0.0071446942226207,ICICIBANK,19638.30078125,0.01997008301729397,-0.02711477723991467,False
2023-09-29,1435.449951171875,0.0,INFY,19638.30078125,0.01997008301729397,-0.01997008301729397,False
2023-09-29,1172.5,-0.025758205234732,RELIANCE,19638.30078125,0.01997008301729397,-0.045728288252025975,False
2023-09-29,3528.60009765625,0.0511797087491407,TCS,19638.30078125,0.01997008301729397,0.031209625731846727,True
2023-10-03,754.0250244140625,-0.0423254616183546,HDFCBANK,19528.75,0.004808220865825552,-0.04713368248418015,False
2023-10-03,940.2999877929688,-0.0293176670343561,ICICIBANK,19528.75,0.004808220865825552,-0.03412588790018165,False
2023-10-03,1434.0,-0.006822021506729,INFY,19528.75,0.004808220865825552,-0.011630242372554552,False
2023-10-03,1159.074951171875,-0.0391685506911709,RELIANCE,19528.75,0.004808220865825552,-0.043976771556996454,False
2023-10-03,3513.85009765625,0.0398467532049056,TCS,19528.75,0.004808220865825552,0.035038532339080046,True
2023-10-04,764.7750244140625,-0.0347101690102348,HDFCBANK,19436.099609375,-0.00474689526066574,-0.029963273749569058,False
2023-10-04,930.0499877929688,-0.038558938062076,ICICIBANK,19436.099609375,-0.00474689526066574,-0.03381204280141026,False
2023-10-04,1444.3499755859375,-0.0141628560137688,INFY,19436.099609375,-0.00474689526066574,-0.00941596075310306,False
2023-10-04,1157.074951171875,-0.04005062877327,RELIANCE,19436.099609375,-0.00474689526066574,-0.03530373351260426,False
2023-10-04,3537.75,0.0348837209302326,TCS,19436.099609375,-0.00474689526066574,0.03963061619089834,True
2023-10-05,767.875,-0.0248587363052636,HDFCBANK,19545.75,-0.001489171849832771,-0.023369564455430827,False
2023-10-05,940.8499755859376,-0.0284490377257002,ICICIBANK,19545.75,-0.001489171849832771,-0.02695986587586743,False
2023-10-05,1463.449951171875,-0.0104470031693377,INFY,19545.75,-0.001489171849832771,-0.008957831319504929,False
2023-10-05,1157.050048828125,-0.0451807210710596,RELIANCE,19545.75,-0.001489171849832771,-0.04369154922122683,False
2023-10-05,3589.35009765625,0.046656070521744,TCS,19545.75,-0.001489171849832771,0.048145242371576774,True
2023-10-06,767.0250244140625,-0.0385145416307584,HDFCBANK,19653.5,0.002164556056862832,-0.040679097687621235,False
2023-10-06,945.2000122070312,-0.0128459402537532,ICICIBANK,19653.5,0.002164556056862832,-0.015010496310616031,False
2023-10-06,1478.699951171875,0.0008460523478366,INFY,19653.5,0.002164556056862832,-0.0013185037090262318,False
2023-10-06,1159.0,-0.0455799206972689,RELIANCE,19653.5,0.002164556056862832,-0.04774447675413173,False
2023-10-06,3621.39990234375,0.055832533150353,TCS,19653.5,0.002164556056862832,0.053667977093490166,True
2023-10-09,758.125,-0.0587267448984671,HDFCBANK,19512.349609375,-0.010883591990297314,-0.04784315290816978,False
2023-10-09,938.5999755859376,-0.028012269605169,ICICIBANK,19512.349609375,-0.010883591990297314,-0.017128677614871687,False
2023-10-09,1475.449951171875,0.0063088257454972,INFY,19512.349609375,-0.010883591990297314,0.017192417735794514,True
2023-10-09,1149.125,-0.0549958881578946,RELIANCE,19512.349609375,-0.010883591990297314,-0.044112296167597286,False
2023-10-09,3638.35009765625,0.0529918522990378,TCS,19512.349609375,-0.010883591990297314,0.06387544428933511,True
2023-10-10,762.4249877929688,-0.0607059549994123,HDFCBANK,19689.849609375,-0.006564073799539494,-0.05414188119987281,False
2023-10-10,951.2000122070312,-0.0199371241350889,ICICIBANK,19689.849609375,-0.006564073799539494,-0.013373050335549405,False
2023-10-10,1495.1500244140625,0.017385716693373,INFY,19689.849609375,-0.006564073799539494,0.023949790492912494,True
2023-10-10,1154.199951171875,-0.0571031989283421,RELIANCE,19689.849609375,-0.006564073799539494,-0.050539125128802605,False
2023-10-10,3628.89990234375,0.0543304585565265,TCS,19689.849609375,-0.006564073799539494,0.06089453235606599,True
2023-10-11,769.7999877929688,-0.0565020655002436,HDFCBANK,19811.349609375,-0.009251688613869047,-0.047250376886374554,False
2023-10-11,953.0999755859376,-0.0257091995032582,ICICIBANK,19811.349609375,-0.009251688613869047,-0.016457510889389154,False
2023-10-11,1494.4000244140625,0.0121575900544006,INFY,19811.349609375,-0.009251688613869047,0.021409278668269645,True
2023-10-11,1172.5250244140625,-0.0523519129215361,RELIANCE,19811.349609375,-0.009251688613869047,-0.04310022430766705,False
2023-10-11,3609.89990234375,0.0371338697158158,TCS,19811.349609375,-0.009251688613869047,0.04638555832968485,True
2023-10-12,774.9249877929688,-0.0531798201049481,HDFCBANK,19794.0,-0.009963348865307475,-0.043216471239640626,False
2023-10-12,954.25,-0.0365976779404341,ICICIBANK,19794.0,-0.009963348865307475,-0.026634329075126625,False
2023-10-12,1465.5,-0.0237159257643991,INFY,19794.0,-0.009963348865307475,-0.013752576899091623,False
2023-10-12,1174.699951171875,-0.0366772010294779,RELIANCE,19794.0,-0.009963348865307475,-0.026713852164170424,False
2023-10-12,3542.550048828125,-0.0106819703637229,TCS,19794.0,-0.009963348865307475,-0.0007186214984154244,False
2023-10-13,767.875,-0.0657886871512217,HDFCBANK,19751.05078125,-0.015891839499252658,-0.04989684765196904,False
2023-10-13,951.2999877929688,-0.0388967472972456,ICICIBANK,19751.05078125,-0.015891839499252658,-0.02300490779799294,False
2023-10-13,1431.1500244140625,-0.0448493024105374,INFY,19751.05078125,-0.015891839499252658,-0.028957462911284745,False
2023-10-13,1174.6500244140625,-0.0415128202088928,RELIANCE,19751.05078125,-0.015891839499252658,-0.02562098070964014,False
2023-10-13,3570.85009765625,0.0008408425011943,TCS,19751.05078125,-0.015891839499252658,0.016732682000446957,True
2023-10-16,764.7999877929688,-0.0689634470414797,HDFCBANK,19731.75,-0.018472256348062044,-0.05049119069341766,False
2023-10-16,951.4000244140624,-0.0367520374044098,ICICIBANK,19731.75,-0.018472256348062044,-0.018279781056347755,False
2023-10-16,1434.1500244140625,-0.0483094522822074,INFY,19731.75,-0.018472256348062044,-0.029837195934145355,False
2023-10-16,1172.0250244140625,-0.0445318541660592,RELIANCE,19731.75,-0.018472256348062044,-0.026059597817997153,False
2023-10-16,3524.050048828125,-0.0101122173863399,TCS,19731.75,-0.018472256348062044,0.008360038961722143,True
2023-10-17,770.5999755859375,-0.0725440341977583,HDFCBANK,19811.5,-0.01886108435831446,-0.05368294983944384,False
2023-10-17,953.9000244140624,-0.0388432538856446,ICICIBANK,19811.5,-0.01886108435831446,-0.01998216952733014,False
2023-10-17,1442.449951171875,-0.0457462460511473,INFY,19811.5,-0.01886108435831446,-0.026885161692832837,False
2023-10-17,1177.625,-0.0417438385498314,RELIANCE,19811.5,-0.01886108435831446,-0.02288275419151694,False
2023-10-17,3507.050048828125,-0.025359197054653,TCS,19811.5,-0.01886108435831446,-0.006498112696338539,False
2023-10-18,759.875,-0.0670943467370761,HDFCBANK,19671.099609375,-0.02295704896563433,-0.044137297771441764,False
2023-10-18,943.75,-0.0469097269585969,ICICIBANK,19671.099609375,-0.02295704896563433,-0.023952677992962572,False
2023-10-18,1440.550048828125,-0.0343544699842711,INFY,19671.099609375,-0.02295704896563433,-0.01139742101863677,False
2023-10-18,1162.0,-0.0461531956023923,RELIANCE,19671.099609375,-0.02295704896563433,-0.023196146636757967,False
2023-10-18,3487.25,-0.032971425360458,TCS,19671.099609375,-0.02295704896563433,-0.010014376394823672,False
2023-10-19,757.4749755859375,-0.0311760577618906,HDFCBANK,19624.69921875,-0.01390360308540628,-0.01727245467648432,False
2023-10-19,935.75,-0.0520691112220471,ICICIBANK,19624.69921875,-0.01390360308540628,-0.03816550813664082,False
2023-10-19,1433.6500244140625,-0.0379801882811189,INFY,19624.69921875,-0.01390360308540628,-0.024076585195712617,False
2023-10-19,1153.074951171875,-0.0319039536198898,RELIANCE,19624.69921875,-0.01390360308540628,-0.018000350534483518,False
2023-10-19,3455.64990234375,-0.0417077257519626,TCS,19624.69921875,-0.01390360308540628,-0.027804122666556318,False
2023-10-20,761.4000244140625,-0.0196671241110933,HDFCBANK,19542.650390625,-0.010115271115205493,-0.009551852995887806,False
2023-10-20,932.75,-0.0276764183579856,ICICIBANK,19542.650390625,-0.010115271115205493,-0.017561147242780108,False
2023-10-20,1427.25,-0.0496087897452971,INFY,19542.650390625,-0.010115271115205493,-0.03949351863009161,False
2023-10-20,1149.550048828125,-0.0277824550978137,RELIANCE,19542.650390625,-0.010115271115205493,-0.017667183982608206,False
2023-10-20,3494.550048828125,-0.0253116890536573,TCS,19542.650390625,-0.010115271115205493,-0.015196417938451806,False
2023-10-23,753.0250244140625,-0.0154283497592709,HDFCBANK,19281.75,-0.019949934559131854,0.004521584799860954,True
2023-10-23,929.9500122070312,-0.0214142648083153,ICICIBANK,19281.75,-0.019949934559131854,-0.0014643302491834445,False
2023-10-23,1408.6500244140625,-0.0584834398771391,INFY,19281.75,-0.019949934559131854,-0.03853350531800725,False
2023-10-23,1131.5999755859375,-0.0389604882916272,RELIANCE,19281.75,-0.019949934559131854,-0.01901055373249535,False
2023-10-23,3410.14990234375,-0.0536955601247921,TCS,19281.75,-0.019949934559131854,-0.03374562556566024,False
2023-10-25,748.25,-0.0225342913128674,HDFCBANK,19122.150390625,-0.02807689978626815,0.00554260847340075,True
2023-10-25,916.0999755859376,-0.0420871030768204,ICICIBANK,19122.150390625,-0.02807689978626815,-0.014010203290552248,False
2023-10-25,1370.050048828125,-0.0706169479780829,INFY,19122.150390625,-0.02807689978626815,-0.042540048191814755,False
2023-10-25,1128.9749755859375,-0.0352496322165282,RELIANCE,19122.150390625,-0.02807689978626815,-0.007172732430260051,False
2023-10-25,3390.10009765625,-0.05229017787735,TCS,19122.150390625,-0.02807689978626815,-0.024213278091081848,False
2023-10-26,731.7000122070312,-0.0482879711384869,HDFCBANK,18857.25,-0.041060847652330645,-0.007227123486156256,False
2023-10-26,908.6500244140624,-0.0422156501292727,ICICIBANK,18857.25,-0.041060847652330645,-0.0011548024769420517,False
2023-10-26,1359.449951171875,-0.0692842717630349,INFY,18857.25,-0.041060847652330645,-0.02822342411070425,False
2023-10-26,1113.25,-0.0495197438633938,RELIANCE,18857.25,-0.041060847652330645,-0.008458896211063154,False
2023-10-26,3336.75,-0.069428550788393,TCS,18857.25,-0.041060847652330645,-0.02836770313606235,False
2023-10-27,734.5750122070312,-0.0377901903228785,HDFCBANK,19047.25,-0.033941163103222594,-0.0038490272196559094,False
2023-10-27,912.75,-0.0321810798129662,ICICIBANK,19047.25,-0.033941163103222594,0.001760083290256391,True
2023-10-27,1380.3499755859375,-0.0590661379782293,INFY,19047.25,-0.033941163103222594,-0.025124974875006707,False
2023-10-27,1132.9000244140625,-0.043522249890601,RELIANCE,19047.25,-0.033941163103222594,-0.009581086787378408,False
2023-10-27,3350.949951171875,-0.0664057321521697,TCS,19047.25,-0.033941163103222594,-0.03246456904894711,False
2023-10-30,742.5499877929688,-0.0253330556034017,HDFCBANK,19140.900390625,-0.019599426093766192,-0.005733629509635508,False
2023-10-30,924.9000244140624,-0.0187777971889641,ICICIBANK,19140.900390625,-0.019599426093766192,0.0008216289048020922,True
2023-10-30,1377.050048828125,-0.0433498242109421,INFY,19140.900390625,-0.019599426093766192,-0.023750398117175907,False
2023-10-30,1156.25,-0.009254143675303,RELIANCE,19140.900390625,-0.019599426093766192,0.010345282418463192,True
2023-10-30,3378.550048828125,-0.0447303177131194,TCS,19140.900390625,-0.019599426093766192,-0.02513089161935321,False
2023-10-31,738.25,-0.032627954684507,HDFCBANK,19079.599609375,-0.02844956791824016,-0.004178386766266841,False
2023-10-31,915.3499755859376,-0.0383969407403083,ICICIBANK,19079.599609375,-0.02844956791824016,-0.009947372822068139,False
2023-10-31,1368.4000244140625,-0.0467100414772901,INFY,19079.599609375,-0.02844956791824016,-0.018260473559049938,False
2023-10-31,1143.949951171875,-0.024349721815032,RELIANCE,19079.599609375,-0.02844956791824016,0.004099846103208158,True
2023-10-31,3368.75,-0.0453012790433308,TCS,19079.599609375,-0.02844956791824016,-0.016851711125090638,False
2023-11-01,737.25,-0.0222473046263922,HDFCBANK,18989.150390625,-0.02763103677270695,0.005383732146314751,True
2023-11-01,914.0499877929688,-0.0279166227169829,ICICIBANK,18989.150390625,-0.02763103677270695,-0.000285585944275947,False
2023-11-01,1354.1500244140625,-0.0556833860431921,INFY,18989.150390625,-0.02763103677270695,-0.028052349270485145,False
2023-11-01,1148.699951171875,-0.0089511036275181,RELIANCE,18989.150390625,-0.02763103677270695,0.01867993314518885,True
2023-11-01,3330.64990234375,-0.0521365995193406,TCS,18989.150390625,-0.02763103677270695,-0.024505562746633645,False
2023-11-02,738.375,-0.0345199876712619,HDFCBANK,19133.25,-0.015581809903305932,-0.01893817776795597,False
2023-11-02,919.9500122070312,-0.0108596050948884,ICICIBANK,19133.25,-0.015581809903305932,0.0047222048084175315,True
2023-11-02,1370.1500244140625,-0.0513725568083136,INFY,19133.25,-0.015581809903305932,-0.03579074690500767,False
2023-11-02,1160.0999755859375,0.0026143720516971,RELIANCE,19133.25,-0.015581809903305932,0.018196181955003034,True
2023-11-02,3360.10009765625,-0.0502155048671472,TCS,19133.25,-0.015581809903305932,-0.03463369496384127,False
2023-11-03,741.875,-0.0338596776819143,HDFCBANK,19230.599609375,-0.016123729743038773,-0.017735947938875528,False
2023-11-03,933.7999877929688,-0.0074932114321184,ICICIBANK,19230.599609375,-0.016123729743038773,0.008630518310920373,True
2023-11-03,1389.050048828125,-0.0508387063624371,INFY,19230.599609375,-0.016123729743038773,-0.034714976619398326,False
2023-11-03,1159.8499755859375,0.0024198838768023,RELIANCE,19230.599609375,-0.016123729743038773,0.01854361361984107,True
2023-11-03,3350.89990234375,-0.0664326936144238,TCS,19230.599609375,-0.016123729743038773,-0.05030896387138503,False
2023-11-06,747.25,-0.025781459254434,HDFCBANK,19411.75,-0.012300608034192417,-0.013480851220241584,False
2023-11-06,945.4500122070312,0.0002644942835074,ICICIBANK,19411.75,-0.012300608034192417,0.012565102317699818,True
2023-11-06,1403.300048828125,-0.0509906707469594,INFY,19411.75,-0.012300608034192417,-0.03869006271276698,False
2023-11-06,1169.5,0.0090595340811043,RELIANCE,19411.75,-0.012300608034192417,0.021360142115296715,True
2023-11-06,3380.25,-0.0665902437860229,TCS,19411.75,-0.012300608034192417,-0.05428963575183049,False
2023-11-07,743.625,-0.0191261335531739,HDFCBANK,19406.69921875,-0.005414539650019368,-0.013711593903154531,False
2023-11-07,948.0999755859376,0.0101214577531492,ICICIBANK,19406.69921875,-0.005414539650019368,0.015535997403168567,True
2023-11-07,1404.300048828125,-0.0482225115716322,INFY,19406.69921875,-0.005414539650019368,-0.042807971921612835,False
2023-11-07,1161.9000244140625,0.0111171756023604,RELIANCE,19406.69921875,-0.005414539650019368,0.016531715252379765,True
2023-11-07,3370.449951171875,-0.0736323166528011,TCS,19406.69921875,-0.005414539650019368,-0.06821777700278173,False
2023-11-08,745.7750244140625,-0.0218381659120378,HDFCBANK,19443.5,-0.012511502843460254,-0.009326663068577545,False
2023-11-08,935.75,-0.0162426534995339,ICICIBANK,19443.5,-0.012511502843460254,-0.003731150656073646,False
2023-11-08,1391.0,-0.0696585778774127,INFY,19443.5,-0.012511502843460254,-0.057147075033952444,False
2023-11-08,1167.949951171875,0.0119130138465517,RELIANCE,19443.5,-0.012511502843460254,0.024424516690011954,True
2023-11-08,3381.550048828125,-0.0681611122301478,TCS,19443.5,-0.012511502843460254,-0.055649609386687546,False
2023-11-09,742.8250122070312,-0.0350415380796189,HDFCBANK,19395.30078125,-0.021000529309124882,-0.014041008770494016,False
2023-11-09,937.3499755859376,-0.016525024030472,ICICIBANK,19395.30078125,-0.021000529309124882,0.004475505278652883,True
2023-11-09,1374.800048828125,-0.0800321022698264,INFY,19395.30078125,-0.021000529309124882,-0.05903157296070152,False
2023-11-09,1155.2750244140625,-0.0147118395265126,RELIANCE,19395.30078125,-0.021000529309124882,0.006288689782612282,True
2023-11-09,3347.449951171875,-0.0727028333947646,TCS,19395.30078125,-0.021000529309124882,-0.05170230408563972,False
2023-11-10,745.75,-0.0376487895635689,HDFCBANK,19425.349609375,-0.018624350339749407,-0.019024439223819495,False
2023-11-10,938.5999755859376,-0.0164003399675791,ICICIBANK,19425.349609375,-0.018624350339749407,0.002224010372170307,True
2023-11-10,1368.8499755859375,-0.0659502043084697,INFY,19425.349609375,-0.018624350339749407,-0.0473258539687203,False
2023-11-10,1157.449951171875,-0.0146846009338738,RELIANCE,19425.349609375,-0.018624350339749407,0.003939749405875607,True
2023-11-10,3333.449951171875,-0.0590253051542406,TCS,19425.349609375,-0.018624350339749407,-0.04040095481449119,False
2023-11-13,744.4000244140625,-0.0305713502665635,HDFCBANK,19443.55078125,-0.015568791929385095,-0.015002558337178406,False
2023-11-13,934.4500122070312,-0.0177125783687117,ICICIBANK,19443.55078125,-0.015568791929385095,-0.0021437864393266046,False
2023-11-13,1373.550048828125,-0.0402473357812503,INFY,19443.55078125,-0.015568791929385095,-0.024678543851865208,False
2023-11-13,1157.300048828125,-0.01477033603655,RELIANCE,19443.55078125,-0.015568791929385095,0.0007984558928350958,True
2023-11-13,3331.550048828125,-0.0670148682480934,TCS,19443.55078125,-0.015568791929385095,-0.0514460763187083,False
2023-11-15,752.2000122070312,-0.0164748637382932,HDFCBANK,19675.44921875,-0.0028533090704068176,-0.013621554667886383,False
2023-11-15,941.0999755859376,-0.0108262019800433,ICICIBANK,19675.44921875,-0.0028533090704068176,-0.007972892909636483,False
2023-11-15,1410.5,-0.0164906209332771,INFY,19675.44921875,-0.0028533090704068176,-0.013637311862870281,False
2023-11-15,1178.2249755859375,0.0052899477764773,RELIANCE,19675.44921875,-0.0028533090704068176,0.008143256846884116,True
2023-11-15,3404.300048828125,-0.0339807886780215,TCS,19675.44921875,-0.0028533090704068176,-0.03112747960761468,False
2023-11-16,754.1749877929688,-0.0213145449173934,HDFCBANK,19765.19921875,-0.0023370659086894285,-0.01897747900870397,False
2023-11-16,936.0,-0.0187650948274769,ICICIBANK,19765.19921875,-0.0023370659086894285,-0.01642802891878747,False
2023-11-16,1444.9000244140625,0.0016985499151613,INFY,19765.19921875,-0.0023370659086894285,0.004035615823850728,True
2023-11-16,1180.3499755859375,0.0023139586760958,RELIANCE,19765.19921875,-0.0023370659086894285,0.004651024584785229,True
2023-11-16,3497.85009765625,-0.0026232734189092,TCS,19765.19921875,-0.0023370659086894285,-0.0002862075102197715,False
2023-11-17,752.5499877929688,-0.0096397594433705,HDFCBANK,19731.80078125,0.0030858047125170707,-0.01272556415588757,False
2023-11-17,921.8499755859376,-0.0232053238824502,ICICIBANK,19731.80078125,0.0030858047125170707,-0.02629112859496727,False
2023-11-17,1437.550048828125,-0.0020825378489559,INFY,19731.80078125,0.0030858047125170707,-0.005168342561472971,False
2023-11-17,1177.7750244140625,0.013575752507799,RELIANCE,19731.80078125,0.0030858047125170707,0.01048994779528193,True
2023-11-17,3502.449951171875,0.0043587213913183,TCS,19731.80078125,0.0030858047125170707,0.0012729166788012294,True
2023-11-20,752.5999755859375,-0.0064358561762769,HDFCBANK,19694.0,0.003531304122296408,-0.009967160298573308,False
2023-11-20,921.4500122070312,-0.0152818464258281,ICICIBANK,19694.0,0.003531304122296408,-0.01881315054812451,False
2023-11-20,1436.5999755859375,0.002057650836424,INFY,19694.0,0.003531304122296408,-0.0014736532858724083,False
2023-11-20,1174.675048828125,0.0187326050525142,RELIANCE,19694.0,0.003531304122296408,0.015201300930217793,True
2023-11-20,3519.60009765625,0.0185059821219524,TCS,19694.0,0.003531304122296408,0.014974677999655992,True
2023-11-21,758.9749755859375,-0.0031849865384377,HDFCBANK,19783.400390625,0.012319209277544596,-0.015504195815982296,False
2023-11-21,926.0999755859376,-0.0071294820842265,ICICIBANK,19783.400390625,0.012319209277544596,-0.019448691361771096,False
2023-11-21,1439.0,0.0082326151690312,INFY,19783.400390625,0.012319209277544596,-0.004086594108513397,False
2023-11-21,1189.449951171875,0.0347091476220846,RELIANCE,19783.400390625,0.012319209277544596,0.022389938344540006,True
2023-11-21,3510.199951171875,0.0044783740753686,TCS,19783.400390625,0.012319209277544596,-0.007840835202175996,False
2023-11-22,756.2750244140625,0.0043159256261489,HDFCBANK,19811.849609375,0.027492297606545035,-0.023176371980396133,False
2023-11-22,922.75,-0.007742364764256,ICICIBANK,19811.849609375,0.027492297606545035,-0.035234662370801036,False
2023-11-22,1457.800048828125,0.034891579570665,INFY,19811.849609375,0.027492297606545035,0.007399281964119965,True
2023-11-22,1194.0999755859375,0.0552315317677853,RELIANCE,19811.849609375,0.027492297606545035,0.027739234161240266,True
2023-11-22,3530.14990234375,0.0351890689372702,TCS,19811.849609375,0.027492297606545035,0.0076967713307251676,True
2023-11-23,760.6500244140625,0.0165720339646675,HDFCBANK,19802.0,0.03555298935983209,-0.01898095539516459,False
2023-11-23,923.0,0.0075319556794541,ICICIBANK,19802.0,0.03555298935983209,-0.028021033680377987,False
2023-11-23,1449.25,0.0578080714931683,INFY,19802.0,0.03555298935983209,0.022255082133336213,True
2023-11-23,1197.75,0.0609181123597255,RELIANCE,19802.0,0.03555298935983209,0.025365122999893415,True
2023-11-23,3508.25,0.0348514494971499,TCS,19802.0,0.03555298935983209,-0.0007015398626821906,False
2023-11-24,766.0499877929688,0.0469454353052796,HDFCBANK,19794.69921875,0.04971293368598295,-0.002767498380703351,False
2023-11-24,929.4000244140624,0.0228360748830447,ICICIBANK,19794.69921875,0.04971293368598295,-0.02687685880293825,False
2023-11-24,1437.4000244140625,0.0573394211202795,INFY,19794.69921875,0.04971293368598295,0.007626487434296551,True
2023-11-24,1196.949951171875,0.0751852244975297,RELIANCE,19794.69921875,0.04971293368598295,0.025472290811546755,True
2023-11-24,3457.10009765625,0.0360680595358506,TCS,19794.69921875,0.04971293368598295,-0.013644874150132352,False
2023-11-28,764.3250122070312,0.0404996079442125,HDFCBANK,19889.69921875,0.044229440929792974,-0.0037298329855804738,False
2023-11-28,925.5,0.0139687756778965,ICICIBANK,19889.69921875,0.044229440929792974,-0.030260665251896475,False
2023-11-28,1442.699951171875,0.0451696864481565,INFY,19889.69921875,0.044229440929792974,0.000940245518363525,True
2023-11-28,1197.199951171875,0.0567569294484466,RELIANCE,19889.69921875,0.044229440929792974,0.012527488518653623,True
2023-11-28,3470.14990234375,0.0355719879164979,TCS,19889.69921875,0.044229440929792974,-0.008657453013295076,False
2023-11-29,779.5750122070312,0.0498619958558068,HDFCBANK,20096.599609375,0.04992968978711643,-6.769393130962725e-05,False
2023-11-29,939.5999755859376,0.0158935569076104,ICICIBANK,20096.599609375,0.04992968978711643,-0.03403613287950603,False
2023-11-29,1459.5999755859375,0.0599469328134172,INFY,20096.599609375,0.04992968978711643,0.010017243026300776,True
2023-11-29,1200.3499755859375,0.0381405194256756,RELIANCE,20096.599609375,0.04992968978711643,-0.01178917036144083,False
2023-11-29,3513.75,0.0400171520971754,TCS,20096.599609375,0.04992968978711643,-0.009912537689941027,False
2023-11-30,779.4000244140625,0.0557399585696749,HDFCBANK,20133.150390625,0.05521870494244152,0.0005212536272333756,True
2023-11-30,934.9500122070312,0.0214126150039466,ICICIBANK,20133.150390625,0.05521870494244152,-0.03380608993849492,False
2023-11-30,1455.1500244140625,0.0633952049490393,INFY,20133.150390625,0.05521870494244152,0.008176500006597781,True
2023-11-30,1188.7249755859375,0.0391407197213431,RELIANCE,20133.150390625,0.05521870494244152,-0.01607798522109842,False
2023-11-30,3487.60009765625,0.0352801774118738,TCS,20133.150390625,0.05521870494244152,-0.01993852753056772,False
2023-12-01,777.7000122070312,0.0548660728477874,HDFCBANK,20267.900390625,0.06734108549855522,-0.012475012650767822,False
2023-12-01,946.7000122070312,0.0357201737871011,ICICIBANK,20267.900390625,0.06734108549855522,-0.03162091171145412,False
2023-12-01,1452.300048828125,0.0724809087948226,INFY,20267.900390625,0.06734108549855522,0.0051398232962673734,True
2023-12-01,1197.1500244140625,0.0421781799439966,RELIANCE,20267.900390625,0.06734108549855522,-0.02516290555455862,False
2023-12-01,3511.64990234375,0.054343748309491,TCS,20267.900390625,0.06734108549855522,-0.01299733718906422,False
2023-12-04,804.7000122070312,0.0898256471400458,HDFCBANK,20686.80078125,0.08119638750604308,0.008629259634002726,True
2023-12-04,991.2000122070312,0.0774498603778108,ICICIBANK,20686.80078125,0.08119638750604308,-0.0037465271282322715,False
2023-12-04,1464.3499755859375,0.0687515596784076,INFY,20686.80078125,0.08119638750604308,-0.01244482782763548,False
2023-12-04,1210.0999755859375,0.0430997336886815,RELIANCE,20686.80078125,0.08119638750604308,-0.038096653817361575,False
2023-12-04,3512.449951171875,0.0453408675598363,TCS,20686.80078125,0.08119638750604308,-0.035855519946206775,False
2023-12-05,811.8499755859375,0.0943217868049706,HDFCBANK,20855.099609375,0.08447474509365005,0.009847041711320545,True
2023-12-05,1013.4500122070312,0.085296664655474,ICICIBANK,20855.099609375,0.08447474509365005,0.0008219195618239528,True
2023-12-05,1453.949951171875,0.0467225082339566,INFY,20855.099609375,0.08447474509365005,-0.03775223685969345,False
2023-12-05,1218.875,0.0508902234396686,RELIANCE,20855.099609375,0.08447474509365005,-0.03358452165398145,False
2023-12-05,3531.60009765625,0.0539258708343126,TCS,20855.099609375,0.08447474509365005,-0.03054887425933745,False
2023-12-06,813.9000244140625,0.0891937429428739,HDFCBANK,20937.69921875,0.07860956476103387,0.010584178181840029,True
2023-12-06,1003.25,0.0611348956017696,ICICIBANK,20937.69921875,0.07860956476103387,-0.017474669159264267,False
2023-12-06,1474.300048828125,0.0505950242496542,INFY,20937.69921875,0.07860956476103387,-0.028014540511379665,False
2023-12-06,1230.550048828125,0.0522018373904447,RELIANCE,20937.69921875,0.07860956476103387,-0.02640772737058917,False
2023-12-06,3604.10009765625,0.0662229413967161,TCS,20937.69921875,0.07860956476103387,-0.01238662336431777,False
2023-12-07,815.2249755859375,0.0962850570999327,HDFCBANK,20901.150390625,0.07700697346981711,0.019278083630115586,True
2023-12-07,999.0,0.053686347141403,ICICIBANK,20901.150390625,0.07700697346981711,-0.023320626328414105,False
2023-12-07,1465.9000244140625,0.0438652520430673,INFY,20901.150390625,0.07700697346981711,-0.03314172142674981,False
2023-12-07,1228.5250244140625,0.0573414223255555,RELIANCE,20901.150390625,0.07700697346981711,-0.019665551144261606,False
2023-12-07,3614.89990234375,0.0725273938830872,TCS,20901.150390625,0.07700697346981711,-0.004479579586729912,False
2023-12-08,826.5999755859375,0.1083771224912999,HDFCBANK,20969.400390625,0.07847868905418265,0.029898433437117247,True
2023-12-08,1010.8499755859376,0.080256452669984,ICICIBANK,20969.400390625,0.07847868905418265,0.001777763615801356,True
2023-12-08,1491.1500244140625,0.0719985797369249,INFY,20969.400390625,0.07847868905418265,-0.006480109317257746,False
2023-12-08,1227.875,0.0513078910341993,RELIANCE,20969.400390625,0.07847868905418265,-0.02717079801998335,False
2023-12-08,3626.699951171875,0.0724963105096452,TCS,20969.400390625,0.07847868905418265,-0.005982378544537453,False
2023-12-11,825.5,0.1112980667510514,HDFCBANK,20997.099609375,0.0825869547572835,0.0287111119937679,True
2023-12-11,1017.0999755859376,0.0850802817273754,ICICIBANK,20997.099609375,0.0825869547572835,0.0024933269700918997,True
2023-12-11,1488.5,0.0827029001554024,INFY,20997.099609375,0.0825869547572835,0.00011594539811889126,True
2023-12-11,1229.675048828125,0.0644002707942179,RELIANCE,20997.099609375,0.0825869547572835,-0.01818668396306561,False
2023-12-11,3642.89990234375,0.088261200460501,TCS,20997.099609375,0.0825869547572835,0.0056742457032174926,True
2023-12-12,817.2999877929688,0.0959436644893982,HDFCBANK,20906.400390625,0.07624319824520542,0.019700466244192777,True
2023-12-12,1015.7000122070312,0.0821436593080695,ICICIBANK,20906.400390625,0.07624319824520542,0.005900461062864071,True
2023-12-12,1476.050048828125,0.0783139680418962,INFY,20906.400390625,0.07624319824520542,0.002070769796690783,True
2023-12-12,1212.0250244140625,0.0471511301088503,RELIANCE,20906.400390625,0.07624319824520542,-0.02909206813635512,False
2023-12-12,3672.10009765625,0.1015914897313285,TCS,20906.400390625,0.07624319824520542,0.02534829148612308,True
2023-12-13,815.4500122070312,0.0954459772471045,HDFCBANK,20926.349609375,0.07626173042194062,0.019184246825163884,True
2023-12-13,1013.9000244140624,0.0850232876763328,ICICIBANK,20926.349609375,0.07626173042194062,0.008761557254392177,True
2023-12-13,1449.0,0.0549306166427985,INFY,20926.349609375,0.07626173042194062,-0.021331113779142125,False
2023-12-13,1216.9749755859375,0.0515639196751429,RELIANCE,20926.349609375,0.07626173042194062,-0.02469781074679772,False
2023-12-13,3593.550048828125,0.0786420723567273,TCS,20926.349609375,0.07626173042194062,0.0023803419347866728,True
2023-12-14,825.0750122070312,0.0968824764920932,HDFCBANK,21182.69921875,0.07660562070235444,0.020276855789738757,True
2023-12-14,1033.6500244140625,0.0983424197524842,ICICIBANK,21182.69921875,0.07660562070235444,0.021736799050129763,True
2023-12-14,1501.449951171875,0.0644806459921127,INFY,21182.69921875,0.07660562070235444,-0.012124974710241737,False
2023-12-14,1232.074951171875,0.0457043236238967,RELIANCE,21182.69921875,0.07660562070235444,-0.030901297078457735,False
2023-12-14,3667.25,0.0772405332668579,TCS,21182.69921875,0.07660562070235444,0.0006349125645034592,True
2023-12-15,828.2750244140625,0.0982531081253985,HDFCBANK,21456.650390625,0.085577238719174,0.012675869406224505,True
2023-12-15,1037.4000244140625,0.1083333594167335,ICICIBANK,21456.650390625,0.085577238719174,0.0227561206975595,True
2023-12-15,1578.4000244140625,0.0923939357355447,INFY,21456.650390625,0.085577238719174,0.006816697016370707,True
2023-12-15,1247.800048828125,0.0571441306708246,RELIANCE,21456.650390625,0.085577238719174,-0.0284331080483494,False
2023-12-15,3861.0,0.1038208877467563,TCS,21456.650390625,0.085577238719174,0.018243649027582298,True
2023-12-18,827.8499755859375,0.1000597820934179,HDFCBANK,21418.650390625,0.08548888305105518,0.014570899042362723,True
2023-12-18,1021.4500122070312,0.1080436505493063,ICICIBANK,21418.650390625,0.08548888305105518,0.022554767498251124,True
2023-12-18,1564.3499755859375,0.0882055736850193,INFY,21418.650390625,0.08548888305105518,0.002716690633964125,True
2023-12-18,1260.5,0.0702383510187718,RELIANCE,21418.650390625,0.08548888305105518,-0.015250532032283382,False
2023-12-18,3859.199951171875,0.1018572727586402,TCS,21418.650390625,0.08548888305105518,0.01636838970758503,True
2023-12-19,826.4500122070312,0.0981265466605918,HDFCBANK,21453.099609375,0.0893216009634914,0.0088049456971004,True
2023-12-19,1015.4500122070312,0.10201313012613,ICICIBANK,21453.099609375,0.0893216009634914,0.012691529162638604,True
2023-12-19,1558.300048828125,0.0847139602606148,INFY,21453.099609375,0.0893216009634914,-0.0046076407028766,False
2023-12-19,1279.050048828125,0.0888543602795737,RELIANCE,21453.099609375,0.0893216009634914,-0.000467240683917694,False
2023-12-19,3816.199951171875,0.0842708959217084,TCS,21453.099609375,0.0893216009634914,-0.005050705041782996,False
2023-12-20,828.5,0.0916038428808385,HDFCBANK,21150.150390625,0.06908569674643394,0.02251814613440456,True
2023-12-20,1006.6500244140624,0.0869777032195269,ICICIBANK,21150.150390625,0.06908569674643394,0.017892006473092956,True
2023-12-20,1536.4000244140625,0.0676859099472289,INFY,21150.150390625,0.06908569674643394,-0.0013997867992050494,False
2023-12-20,1263.574951171875,0.0623187212937965,RELIANCE,21150.150390625,0.06908569674643394,-0.006766975452637443,False
2023-12-20,3780.050048828125,0.0768759903737565,TCS,21150.150390625,0.06908569674643394,0.007790293627322559,True
2023-12-21,843.3499755859375,0.1151366214153877,HDFCBANK,21255.05078125,0.0728453526717705,0.0422912687436172,True
2023-12-21,1004.4000244140624,0.0884855317410591,ICICIBANK,21255.05078125,0.0728453526717705,0.015640179069288593,True
2023-12-21,1536.0,0.0536424396711587,INFY,21255.05078125,0.0728453526717705,-0.019202913000611804,False
2023-12-21,1281.2750244140625,0.0730048158533365,RELIANCE,21255.05078125,0.0728453526717705,0.00015946318156599693,True
2023-12-21,3787.5,0.0729006146411486,TCS,21255.05078125,0.0728453526717705,5.526196937809258e-05,True
2023-12-22,835.4249877929688,0.0983040307354308,HDFCBANK,21349.400390625,0.07814364158292086,0.020160389152509936,True
2023-12-22,994.2999877929688,0.0772480907832813,ICICIBANK,21349.400390625,0.07814364158292086,-0.0008955507996395579,False
2023-12-22,1562.9000244140625,0.0784198891937639,INFY,21349.400390625,0.07814364158292086,0.0002762476108430362,True
2023-12-22,1282.5250244140625,0.0707785634849196,RELIANCE,21349.400390625,0.07814364158292086,-0.007365078098001271,False
2023-12-22,3824.0,0.0900021378180004,TCS,21349.400390625,0.07814364158292086,0.011858496235079535,True
2023-12-26,841.2249755859375,0.0981332667461452,HDFCBANK,21441.349609375,0.0831864315000681,0.014946835246077095,True
2023-12-26,995.0999755859376,0.0706907138433696,ICICIBANK,21441.349609375,0.0831864315000681,-0.012495717656698505,False
2023-12-26,1543.949951171875,0.0741268435703876,INFY,21441.349609375,0.0831864315000681,-0.009059587929680507,False
2023-12-26,1289.0250244140625,0.0769247478994767,RELIANCE,21441.349609375,0.0831864315000681,-0.0062616836005914,False
2023-12-26,3795.550048828125,0.0978999570771259,TCS,21441.349609375,0.0831864315000681,0.014713525577057796,True
2023-12-27,851.6500244140625,0.1142511507701093,HDFCBANK,21654.75,0.08874195440754007,0.025509196362569236,True
2023-12-27,1002.25,0.0829281469475959,ICICIBANK,21654.75,0.08874195440754007,-0.00581380745994417,False
2023-12-27,1567.0999755859375,0.0862272327056052,INFY,21654.75,0.08874195440754007,-0.002514721701934869,False
2023-12-27,1293.425048828125,0.080375126612777,RELIANCE,21654.75,0.08874195440754007,-0.008366827794763068,False
2023-12-27,3811.199951171875,0.0982810709698098,TCS,21654.75,0.08874195440754007,0.009539116562269731,True
2023-12-28,852.625,0.0937048861868456,HDFCBANK,21778.69921875,0.08370070768540883,0.01000417850143677,True
2023-12-28,1005.9000244140624,0.0705619950519687,ICICIBANK,21778.69921875,0.08370070768540883,-0.01313871263344013,False
2023-12-28,1562.6500244140625,0.0706015693010386,INFY,21778.69921875,0.08370070768540883,-0.013099138384370226,False
2023-12-28,1302.7750244140625,0.0853293213740662,RELIANCE,21778.69921875,0.08370070768540883,0.0016286136886573682,True
2023-12-28,3799.89990234375,0.0814371831643543,TCS,21778.69921875,0.08370070768540883,-0.002263524521054522,False
2023-12-29,854.625,0.0965165168457495,HDFCBANK,21731.400390625,0.07938399947303942,0.01713251737271007,True
2023-12-29,996.5999755859376,0.0659393150157581,ICICIBANK,21731.400390625,0.07938399947303942,-0.013444684457281322,False
2023-12-29,1542.9000244140625,0.060303060528301,INFY,21731.400390625,0.07938399947303942,-0.019080938944738425,False
2023-12-29,1292.4749755859375,0.0872783882990768,RELIANCE,21731.400390625,0.07938399947303942,0.00789438882603738,True
2023-12-29,3793.39990234375,0.0876820151751356,TCS,21731.400390625,0.07938399947303942,0.008298015702096179,True
2024-01-01,849.0499877929688,0.0917448559418865,HDFCBANK,21741.900390625,0.07272583600626947,0.019019019935617026,True
2024-01-01,999.4000244140624,0.0556670661534821,ICICIBANK,21741.900390625,0.07272583600626947,-0.01705876985278737,False
2024-01-01,1551.3499755859375,0.0682021093628253,INFY,21741.900390625,0.07272583600626947,-0.004523726643444179,False
2024-01-01,1295.125,0.0818401817549063,RELIANCE,21741.900390625,0.07272583600626947,0.009114345748636829,True
2024-01-01,3811.10009765625,0.0852733625617521,TCS,21741.900390625,0.07272583600626947,0.012547526555482622,True
2024-01-02,849.5499877929688,0.0557350253579946,HDFCBANK,21665.80078125,0.0473248623773348,0.008410162980659802,True
2024-01-02,982.25,-0.0090294714455289,ICICIBANK,21665.80078125,0.0473248623773348,-0.0563543338228637,False
2024-01-02,1534.4000244140625,0.0478369583747189,INFY,21665.80078125,0.0473248623773348,0.000512095997384103,True
2024-01-02,1305.8499755859375,0.0791256936879427,RELIANCE,21665.80078125,0.0473248623773348,0.0318008313106079,True
2024-01-02,3783.199951171875,0.077082948871533,TCS,21665.80078125,0.0473248623773348,0.0297580864941982,True
2024-01-03,836.4500122070312,0.0303012100275537,HDFCBANK,21517.349609375,0.03175482315616929,-0.0014536131286155864,False
2024-01-03,984.0499877929688,-0.0290098416892184,ICICIBANK,21517.349609375,0.03175482315616929,-0.060764664845387686,False
2024-01-03,1490.0,0.0247945596745395,INFY,21517.349609375,0.03175482315616929,-0.006960263481629786,False
2024-01-03,1291.6500244140625,0.0597067167790483,RELIANCE,21517.349609375,0.03175482315616929,0.02795189362287901,True
2024-01-03,3691.75,0.0453476888422428,TCS,21517.349609375,0.03175482315616929,0.013592865686073513,True
2024-01-04,845.4249877929688,0.0387332134577602,HDFCBANK,21658.599609375,0.034430735826953995,0.004302477630806205,True
2024-01-04,987.1500244140624,-0.0160478201703838,ICICIBANK,21658.599609375,0.034430735826953995,-0.0504785559973378,False
2024-01-04,1512.699951171875,0.0260461921399737,INFY,21658.599609375,0.034430735826953995,-0.008384543686980297,False
2024-01-04,1298.324951171875,0.055076916544998,RELIANCE,21658.599609375,0.034430735826953995,0.020646180718044006,True
2024-01-04,3666.800048828125,0.0173968395640977,TCS,21658.599609375,0.034430735826953995,-0.017033896262856296,False
2024-01-05,841.0999755859375,0.0317397047132941,HDFCBANK,21710.80078125,0.038737120947570425,-0.006997416234276327,False
2024-01-05,993.7000122070312,-0.0053052930860547,ICICIBANK,21710.80078125,0.038737120947570425,-0.044042414033625125,False
2024-01-05,1532.550048828125,0.0454669645296603,INFY,21710.80078125,0.038737120947570425,0.0067298435820898755,True
2024-01-05,1303.8499755859375,0.061313322622631,RELIANCE,21710.80078125,0.038737120947570425,0.022576201675060574,True
2024-01-05,3737.89990234375,0.034025838425084,TCS,21710.80078125,0.038737120947570425,-0.004711282522486426,False
2024-01-08,831.7249755859375,0.0062000969651216,HDFCBANK,21513.0,0.025923469400585875,-0.019723372435464275,False
2024-01-08,982.0,-0.0285403138771555,ICICIBANK,21513.0,0.025923469400585875,-0.05446378327774137,False
2024-01-08,1522.800048828125,0.0212252448753431,INFY,21513.0,0.025923469400585875,-0.004698224525242774,False
2024-01-08,1293.675048828125,0.053588556512776,RELIANCE,21513.0,0.025923469400585875,0.027665087112190123,True
2024-01-08,3678.300048828125,0.0142278375247384,TCS,21513.0,0.025923469400585875,-0.011695631875847474,False
2024-01-09,825.25,-0.0003028467595396,HDFCBANK,21544.849609375,0.026086936300260932,-0.026389783059800533,False
2024-01-09,979.75,-0.0367220297733472,ICICIBANK,21544.849609375,0.026086936300260932,-0.06280896607360814,False
2024-01-09,1529.300048828125,0.0274101772442896,INFY,21544.849609375,0.026086936300260932,0.0013232409440286676,True
2024-01-09,1290.25,0.0492609419290102,RELIANCE,21544.849609375,0.026086936300260932,0.023174005628749265,True
2024-01-09,3689.89990234375,0.0129018093441879,TCS,21544.849609375,0.026086936300260932,-0.013185126956073032,False
2024-01-10,827.9749755859375,0.0130612846597433,HDFCBANK,21618.69921875,0.03407084982665953,-0.02100956516691623,False
2024-01-10,993.0499877929688,-0.0222999154689836,ICICIBANK,21618.69921875,0.03407084982665953,-0.05637076529564313,False
2024-01-10,1519.9000244140625,0.0297076482066114,INFY,21618.69921875,0.03407084982665953,-0.0043632016200481315,False
2024-01-10,1325.050048828125,0.0932530452238005,RELIANCE,21618.69921875,0.03407084982665953,0.059182195397140966,True
2024-01-10,3713.050048828125,0.0111516434963228,TCS,21618.69921875,0.03407084982665953,-0.022919206330336735,False
2024-01-11,824.5,0.0110981515206245,HDFCBANK,21647.19921875,0.03444698300615512,-0.023348831485530616,False
2024-01-11,991.1500244140624,-0.0224381097269894,ICICIBANK,21647.19921875,0.03444698300615512,-0.056885092733144516,False
2024-01-11,1494.199951171875,0.031193893148292,INFY,21647.19921875,0.03444698300615512,-0.003253089857863118,False
2024-01-11,1359.9000244140625,0.1174428823068534,RELIANCE,21647.19921875,0.03444698300615512,0.08299589930069828,True
2024-01-11,3735.550048828125,0.0395152420504918,TCS,21647.19921875,0.03444698300615512,0.005068259044336679,True
2024-01-12,820.5999755859375,-0.0054237936610432,HDFCBANK,21894.55078125,0.03360532834596919,-0.03902912200701239,False
2024-01-12,1003.5,-0.0291685035572397,ICICIBANK,21894.55078125,0.03360532834596919,-0.06277383190320888,False
2024-01-12,1612.75,0.0741283775335006,INFY,21894.55078125,0.03360532834596919,0.04052304918753141,True
2024-01-12,1370.7249755859375,0.1125337580170646,RELIANCE,21894.55078125,0.03360532834596919,0.07892842967109541,True
2024-01-12,3882.800048828125,0.058777026062615,TCS,21894.55078125,0.03360532834596919,0.025171697716645812,True
2024-01-15,836.4000244140625,0.0098095436425211,HDFCBANK,22097.44921875,0.029864811909550593,-0.020055268267029493,False
2024-01-15,1009.8499755859376,-0.0265568229995806,ICICIBANK,22097.44921875,0.029864811909550593,-0.05642163490913119,False
2024-01-15,1652.0999755859375,0.0466928218651252,INFY,22097.44921875,0.029864811909550593,0.01682800995557461,True
2024-01-15,1394.125,0.1172663451242019,RELIANCE,22097.44921875,0.029864811909550593,0.08740153321465131,True
2024-01-15,3903.800048828125,0.011085223731708,TCS,22097.44921875,0.029864811909550593,-0.018779588177842595,False
2024-01-16,839.5750122070312,0.0141632384693797,HDFCBANK,22032.30078125,0.028650282787826553,-0.014487044318446853,False
2024-01-16,1009.0499877929688,-0.0121396292191234,ICICIBANK,22032.30078125,0.028650282787826553,-0.04078991200694995,False
2024-01-16,1631.550048828125,0.0429571862377005,INFY,22032.30078125,0.028650282787826553,0.014306903449873946,True
2024-01-16,1374.625,0.0905394684648948,RELIANCE,22032.30078125,0.028650282787826553,0.06188918567706825,True
2024-01-16,3861.300048828125,0.000544179540532,TCS,22032.30078125,0.028650282787826553,-0.028106103247294553,False
2024-01-17,768.75,-0.0698166995641316,HDFCBANK,21571.94921875,0.005539973781833574,-0.07535667334596517,False
2024-01-17,981.75,-0.0331872685035335,ICICIBANK,21571.94921875,0.005539973781833574,-0.03872724228536707,False
2024-01-17,1640.199951171875,0.0525572096370916,INFY,21571.94921875,0.005539973781833574,0.04701723585525803,True
2024-01-17,1361.574951171875,0.0645204637765033,RELIANCE,21571.94921875,0.005539973781833574,0.05898048999466973,True
2024-01-17,3884.60009765625,0.0179236275246454,TCS,21571.94921875,0.005539973781833574,0.012383653742811827,True
2024-01-18,743.0750122070312,-0.1031080118201192,HDFCBANK,21462.25,0.014756377785064778,-0.11786438960518397,False
2024-01-18,986.3499755859376,-0.0201659448028531,ICICIBANK,21462.25,0.014756377785064778,-0.03492232258791788,False
2024-01-18,1642.5999755859375,0.0691225914373285,INFY,21462.25,0.014756377785064778,0.054366213652263726,True
2024-01-18,1367.949951171875,0.0826029353487893,RELIANCE,21462.25,0.014756377785064778,0.06784655756372453,True
2024-01-18,3902.60009765625,0.0324202185804702,TCS,21462.25,0.014756377785064778,0.017663840795405422,True
2024-01-19,735.3250122070312,-0.1280903142302853,HDFCBANK,21622.400390625,0.017282932567681986,-0.1453732467979673,False
2024-01-19,999.2000122070312,-0.0051772322586955,ICICIBANK,21622.400390625,0.017282932567681986,-0.022460164826377485,False
2024-01-19,1659.199951171875,0.0802083015441894,INFY,21622.400390625,0.017282932567681986,0.06292536897650741,True
2024-01-19,1367.449951171875,0.067257165804212,RELIANCE,21622.400390625,0.017282932567681986,0.04997423323653001,True
2024-01-19,3943.050048828125,0.0410693198226073,TCS,21622.400390625,0.017282932567681986,0.023786387254925316,True
2024-01-23,713.6749877929688,-0.1457342092695119,HDFCBANK,21238.80078125,-0.005180455064375811,-0.14055375420513608,False
2024-01-23,1029.050048828125,0.0349492723139728,ICICIBANK,21238.80078125,-0.005180455064375811,0.04012972737834861,True
2024-01-23,1642.1500244140625,0.0507070182110407,INFY,21238.80078125,-0.005180455064375811,0.05588747327541651,True
2024-01-23,1328.574951171875,0.0359056750404156,RELIANCE,21238.80078125,-0.005180455064375811,0.04108613010479141,True
2024-01-23,3858.25,0.0089565899581589,TCS,21238.80078125,-0.005180455064375811,0.014137045022534711,True
2024-01-24,727.9500122070312,-0.1346547792402466,HDFCBANK,21453.94921875,0.0005876313573791592,-0.13524241059762576,False
2024-01-24,999.2000122070312,0.0041202258282435,ICICIBANK,21453.94921875,0.0005876313573791592,0.0035325944708643406,True
2024-01-24,1675.4000244140625,0.0851388175778724,INFY,21453.94921875,0.0005876313573791592,0.08455118622049324,True
2024-01-24,1343.875,0.0425515211474425,RELIANCE,21453.94921875,0.0005876313573791592,0.04196388979006334,True
2024-01-24,3841.800048828125,0.0121853221285488,TCS,21453.94921875,0.0005876313573791592,0.011597690771169641,True
2024-01-25,717.4500122070312,-0.1575764790230133,HDFCBANK,21352.599609375,-0.01395307683649083,-0.14362340218652248,False
2024-01-25,1009.9500122070312,0.0076827260733662,ICICIBANK,21352.599609375,-0.01395307683649083,0.02163580290985703,True
2024-01-25,1669.0999755859375,0.0650883808238604,INFY,21352.599609375,-0.01395307683649083,0.07904145766035123,True
2024-01-25,1353.074951171875,0.0461177881144285,RELIANCE,21352.599609375,-0.01395307683649083,0.06007086495091933,True
2024-01-25,3810.300048828125,-0.0002361204752516,TCS,21352.599609375,-0.01395307683649083,0.01371695636123923,True
2024-01-29,727.3250122070312,-0.146957909741057,HDFCBANK,21737.599609375,-0.0018871471138925955,-0.1450707626271644,False
2024-01-29,1016.4000244140624,0.0104384131078199,ICICIBANK,21737.599609375,-0.0018871471138925955,0.012325560221712495,True
2024-01-29,1656.5999755859375,0.0601221960797671,INFY,21737.599609375,-0.0018871471138925955,0.062009343193659694,True
2024-01-29,1448.050048828125,0.1115119814945804,RELIANCE,21737.599609375,-0.0018871471138925955,0.113399128608473,True
2024-01-29,3801.0,0.0002895070092692,TCS,21737.599609375,-0.0018871471138925955,0.0021766541231617955,True
2024-01-30,722.1500244140625,-0.1550094785267661,HDFCBANK,21522.099609375,-0.009631260640722172,-0.14537821788604394,False
2024-01-30,1016.9000244140624,0.0203693049622939,ICICIBANK,21522.099609375,-0.009631260640722172,0.03000056560301607,True
2024-01-30,1651.449951171875,0.0703544786053367,INFY,21522.099609375,-0.009631260640722172,0.07998573924605887,True
2024-01-30,1407.625,0.0890926529249509,RELIANCE,21522.099609375,-0.009631260640722172,0.09872391356567307,True
2024-01-30,3800.550048828125,0.0018848913029068,TCS,21522.099609375,-0.009631260640722172,0.011516151943628972,True
2024-01-31,731.2750244140625,-0.1387138155258113,HDFCBANK,21725.69921875,-0.0007451589596089159,-0.13796865656620239,False
2024-01-31,1028.1500244140625,0.0287672596534664,ICICIBANK,21725.69921875,-0.0007451589596089159,0.029512418613075315,True
2024-01-31,1660.9000244140625,0.0706159477565651,INFY,21725.69921875,-0.0007451589596089159,0.07136110671617402,True
2024-01-31,1426.625,0.1015346009072484,RELIANCE,21725.69921875,-0.0007451589596089159,0.10227975986685732,True
2024-01-31,3815.949951171875,0.0012725599935323,TCS,21725.69921875,-0.0007451589596089159,0.002017718953141216,True
2024-02-01,733.1749877929688,-0.1369842877666665,HDFCBANK,21697.44921875,0.001460755492932897,-0.1384450432595994,False
2024-02-01,1025.1500244140625,0.0436752602841052,ICICIBANK,21697.44921875,0.001460755492932897,0.0422145047911723,True
2024-02-01,1657.050048828125,0.0799335391440041,INFY,21697.44921875,0.001460755492932897,0.0784727836510712,True
2024-02-01,1426.6500244140625,0.092506835460882,RELIANCE,21697.44921875,0.001460755492932897,0.0910460799679491,True
2024-02-01,3854.14990234375,0.0187539522329232,TCS,21697.44921875,0.001460755492932897,0.017293196739990302,True
2024-02-02,723.0750122070312,-0.1355430669441347,HDFCBANK,21853.80078125,0.015636273889810814,-0.15117934083394552,False
2024-02-02,1024.0,0.0405975435217791,ICICIBANK,21853.80078125,0.015636273889810814,0.024961269631968284,True
2024-02-02,1693.3499755859375,0.1364764936818372,INFY,21853.80078125,0.015636273889810814,0.12084021979202639,True
2024-02-02,1457.699951171875,0.1285564383689292,RELIANCE,21853.80078125,0.015636273889810814,0.11292016447911837,True
2024-02-02,3966.300048828125,0.074368537638823,TCS,21853.80078125,0.015636273889810814,0.05873226374901219,True
2024-02-05,722.4249877929688,-0.1454889573598938,HDFCBANK,21771.69921875,0.005221926228602625,-0.15071088358849644,False
2024-02-05,1023.5,0.0368231521926099,ICICIBANK,21771.69921875,0.005221926228602625,0.03160122596400727,True
2024-02-05,1687.199951171875,0.1153566507785079,INFY,21771.69921875,0.005221926228602625,0.11013472454990528,True
2024-02-05,1439.0250244140625,0.1083704608119799,RELIANCE,21771.69921875,0.005221926228602625,0.10314853458337728,True
2024-02-05,3973.300048828125,0.0835878684189377,TCS,21771.69921875,0.005221926228602625,0.07836594219033508,True
2024-02-06,722.0499877929688,-0.1415408289722451,HDFCBANK,21929.400390625,0.01006870320342057,-0.15160953217566567,False
2024-02-06,1026.4000244140625,0.0329073279715512,ICICIBANK,21929.400390625,0.01006870320342057,0.02283862476813063,True
2024-02-06,1729.449951171875,0.1284786115104761,INFY,21929.400390625,0.01006870320342057,0.11840990830705553,True
2024-02-06,1427.800048828125,0.0950646742823961,RELIANCE,21929.400390625,0.01006870320342057,0.08499597107897552,True
2024-02-06,4136.0,0.1065036806915649,TCS,21929.400390625,0.01006870320342057,0.09643497748814434,True
2024-02-07,714.9749755859375,-0.1403709199880061,HDFCBANK,21930.5,0.01940687026449117,-0.15977779025249728,False
2024-02-07,1022.1500244140624,0.0408859719084138,ICICIBANK,21930.5,0.01940687026449117,0.02147910164392263,True
2024-02-07,1693.75,0.1122602742910534,INFY,21930.5,0.01940687026449117,0.09285340402656223,True
2024-02-07,1442.1500244140625,0.1147699151502021,RELIANCE,21930.5,0.01940687026449117,0.09536304488571093,True
2024-02-07,4083.39990234375,0.1101323568327945,TCS,21930.5,0.01940687026449117,0.09072548656830333,True
2024-02-08,701.5250244140625,-0.1499242357902908,HDFCBANK,21717.94921875,0.008034384667956918,-0.1579586204582477,False
2024-02-08,989.2999877929688,0.0097473720775389,ICICIBANK,21717.94921875,0.008034384667956918,0.001712987409581982,True
2024-02-08,1692.0999755859375,0.1064538818805134,INFY,21717.94921875,0.008034384667956918,0.09841949721255648,True
2024-02-08,1450.125,0.1239100949428404,RELIANCE,21717.94921875,0.008034384667956918,0.11587571027488348,True
2024-02-08,4134.10009765625,0.1203827223145952,TCS,21717.94921875,0.008034384667956918,0.11234833764663828,True
2024-02-09,701.7999877929688,-0.1523898565940086,HDFCBANK,21782.5,0.007576810223065333,-0.15996666681707394,False
2024-02-09,1010.7000122070312,0.0177735508091483,ICICIBANK,21782.5,0.007576810223065333,0.010196740586082966,True
2024-02-09,1669.3499755859375,0.098328803718185,INFY,21782.5,0.007576810223065333,0.09075199349511967,True
2024-02-09,1460.75,0.102411189141035,RELIANCE,21782.5,0.007576810223065333,0.09483437891796967,True
2024-02-09,4133.7001953125,0.1132896516213499,TCS,21782.5,0.007576810223065333,0.10571284139828456,True
2024-02-12,695.0,-0.1570648878107944,HDFCBANK,21616.05078125,-0.0014389130522262095,-0.15562597475856818,False
2024-02-12,996.0999755859376,0.0049941492709961,ICICIBANK,21616.05078125,-0.0014389130522262095,0.00643306232322231,True
2024-02-12,1680.0999755859375,0.1244144227606649,INFY,21616.05078125,-0.0014389130522262095,0.1258533358128911,True
2024-02-12,1452.3499755859375,0.067982902795894,RELIANCE,21616.05078125,-0.0014389130522262095,0.06942181584812021,True
2024-02-12,4120.7001953125,0.1031039984607353,TCS,21616.05078125,-0.0014389130522262095,0.10454291151296151,True
2024-02-13,697.2249755859375,-0.1503473113217019,HDFCBANK,21743.25,-0.00691043094519983,-0.14343688037650207,False
2024-02-13,1019.7999877929688,0.0162431368141193,ICICIBANK,21743.25,-0.00691043094519983,0.023153567759319132,True
2024-02-13,1684.550048828125,0.0445202596981089,INFY,21743.25,-0.00691043094519983,0.05143069064330873,True
2024-02-13,1465.0999755859375,0.0688504270958205,RELIANCE,21743.25,-0.00691043094519983,0.07576085804102033,True
2024-02-13,4149.5,0.0686875316312949,TCS,21743.25,-0.00691043094519983,0.07559796257649473,True
2024-02-14,692.0250244140625,-0.1726147725798328,HDFCBANK,21840.05078125,-0.011648332572322118,-0.16096644000751067,False
2024-02-14,1022.7000122070312,0.0127246986500522,ICICIBANK,21840.05078125,-0.011648332572322118,0.024373031222374317,True
2024-02-14,1666.199951171875,0.0085345776855525,INFY,21840.05078125,-0.011648332572322118,0.020182910257874616,True
2024-02-14,1481.375,0.0625840581009593,RELIANCE,21840.05078125,-0.011648332572322118,0.07423239067328141,True
2024-02-14,4100.10009765625,0.0502843502159009,TCS,21840.05078125,-0.011648332572322118,0.06193268278822302,True
2024-02-15,707.0250244140625,-0.1578774807083982,HDFCBANK,21910.75,-0.005516935451128302,-0.15236054525726989,False
2024-02-15,1016.6500244140624,0.0075318732600322,ICICIBANK,21910.75,-0.005516935451128302,0.013048808711160502,True
2024-02-15,1676.3499755859375,0.027458505971049,INFY,21910.75,-0.005516935451128302,0.0329754414221773,True
2024-02-15,1470.5999755859375,0.0698190237962625,RELIANCE,21910.75,-0.005516935451128302,0.0753359592473908,True
2024-02-15,4103.2001953125,0.0626473320968128,TCS,21910.75,-0.005516935451128302,0.0681642675479411,True
2024-02-16,709.9500122070312,-0.0764877889989837,HDFCBANK,22040.69921875,0.021729607985196298,-0.09821739698418,False
2024-02-16,1023.25,0.0422714540361599,ICICIBANK,22040.69921875,0.021729607985196298,0.020541846050963604,True
2024-02-16,1701.6500244140625,0.0374649890693408,INFY,22040.69921875,0.021729607985196298,0.015735381084144504,True
2024-02-16,1460.574951171875,0.072709915759535,RELIANCE,22040.69921875,0.021729607985196298,0.05098030777433871,True
2024-02-16,4128.2998046875,0.0627348249252952,TCS,22040.69921875,0.021729607985196298,0.0410052169400989,True
2024-02-19,708.5499877929688,-0.0464623676572283,HDFCBANK,22122.25,0.030751668627473805,-0.07721403628470211,False
2024-02-19,1043.75,0.0581943791096706,ICICIBANK,22122.25,0.030751668627473805,0.0274427104821968,True
2024-02-19,1699.75,0.0347924176692358,INFY,22122.25,0.030751668627473805,0.004040749041761993,True
2024-02-19,1474.0,0.0775248017935712,RELIANCE,22122.25,0.030751668627473805,0.046773133166097394,True
2024-02-19,4103.7998046875,0.0515552969806163,TCS,22122.25,0.030751668627473805,0.020803628353142492,True
2024-02-20,727.1500244140625,-0.0111175162781856,HDFCBANK,22196.94921875,0.026571926231377718,-0.03768944250956332,False
2024-02-20,1048.75,0.0495896589147579,ICICIBANK,22196.94921875,0.026571926231377718,0.023017732683380185,True
2024-02-20,1685.25,0.0157003674028113,INFY,22196.94921875,0.026571926231377718,-0.010871558828566417,False
2024-02-20,1471.0250244140625,0.0757432278625085,RELIANCE,22196.94921875,0.026571926231377718,0.04917130163113079,True
2024-02-20,4030.64990234375,0.0222162672121444,TCS,22196.94921875,0.026571926231377718,-0.004355659019233318,False
2024-02-21,719.5750122070312,0.0082671026937741,HDFCBANK,22055.05078125,0.0384320192277805,-0.0301649165340064,False
2024-02-21,1051.949951171875,0.0222534388583219,ICICIBANK,22055.05078125,0.0384320192277805,-0.0161785803694586,False
2024-02-21,1655.550048828125,0.0081600488474515,INFY,22055.05078125,0.0384320192277805,-0.030271970380329,False
2024-02-21,1467.699951171875,0.104717464285537,RELIANCE,22055.05078125,0.0384320192277805,0.0662854450577565,True
2024-02-21,3991.5,0.0345363830752283,TCS,22055.05078125,0.0384320192277805,-0.003895636152552201,False
2024-02-22,709.7750244140625,-0.0249673569451081,HDFCBANK,22217.44921875,0.03558785341641091,-0.06055521036151901,False
2024-02-22,1062.699951171875,0.063550778812127,ICICIBANK,22217.44921875,0.03558785341641091,0.0279629253957161,True
2024-02-22,1681.3499755859375,0.0035513615167552,INFY,22217.44921875,0.03558785341641091,-0.03203649189965571,False
2024-02-22,1481.75,0.1025951074318667,RELIANCE,22217.44921875,0.03558785341641091,0.06700725401545579,True
2024-02-22,4087.10009765625,0.0638502904134612,TCS,22217.44921875,0.03558785341641091,0.02826243699705029,True
2024-02-23,710.2999877929688,-0.0099658851382098,HDFCBANK,22212.69921875,0.04028079133733997,-0.05024667647554977,False
2024-02-23,1061.300048828125,0.0508441368388907,ICICIBANK,22212.69921875,0.04028079133733997,0.010563345501550726,True
2024-02-23,1676.8499755859375,0.0046432209654063,INFY,22212.69921875,0.04028079133733997,-0.03563757037193367,False
2024-02-23,1493.625,0.1038745479002452,RELIANCE,22212.69921875,0.04028079133733997,0.06359375656290522,True
2024-02-23,4052.10009765625,0.0634595821141412,TCS,22212.69921875,0.04028079133733997,0.023178790776801225,True
2024-02-26,711.1500244140625,-0.022239009413256,HDFCBANK,22122.05078125,0.017685999318397316,-0.03992500873165332,False
2024-02-26,1054.199951171875,0.0371900096909223,ICICIBANK,22122.05078125,0.017685999318397316,0.019504010372524985,True
2024-02-26,1660.1500244140625,0.0021429728844886,INFY,22122.05078125,0.017685999318397316,-0.015543026433908716,False
2024-02-26,1487.324951171875,0.0271226138734184,RELIANCE,22122.05078125,0.017685999318397316,0.009436614555021084,True
2024-02-26,4001.050048828125,0.0526308994549131,TCS,22122.05078125,0.017685999318397316,0.034944900136515786,True
2024-02-27,710.0750122070312,-0.0167209191979584,HDFCBANK,22198.349609375,0.0314211908816473,-0.0481421100796057,False
2024-02-27,1060.199951171875,0.0425803183383362,ICICIBANK,22198.349609375,0.0314211908816473,0.0111591274566889,True
2024-02-27,1663.5999755859375,0.0073571859719034,INFY,22198.349609375,0.0314211908816473,-0.024064004909743898,False
2024-02-27,1485.6500244140625,0.0554302633258592,RELIANCE,22198.349609375,0.0314211908816473,0.024009072444211903,True
2024-02-27,4104.39990234375,0.0799489151864518,TCS,22198.349609375,0.0314211908816473,0.048527724304804495,True
2024-02-28,704.7000122070312,-0.0363406534064589,HDFCBANK,21951.150390625,0.010377165291896695,-0.0467178186983556,False
2024-02-28,1046.199951171875,0.0175557324604442,ICICIBANK,21951.150390625,0.010377165291896695,0.007178567168547506,True
2024-02-28,1671.25,0.0062315464108617,INFY,21951.150390625,0.010377165291896695,-0.004145618881034995,False
2024-02-28,1455.625,0.0203276964864627,RELIANCE,21951.150390625,0.010377165291896695,0.009950531194566004,True
2024-02-28,4118.9501953125,0.0794036211212816,TCS,21951.150390625,0.010377165291896695,0.06902645582938491,True
2024-02-29,701.7000122070312,-0.0429296908786873,HDFCBANK,21982.80078125,0.013151387502887246,-0.05608107838157455,False
2024-02-29,1052.199951171875,0.0263863104068824,ICICIBANK,21982.80078125,0.013151387502887246,0.013234922903995153,True
2024-02-29,1673.9000244140625,0.0101686582115332,INFY,21982.80078125,0.013151387502887246,-0.0029827292913540467,False
2024-02-29,1460.800048828125,0.0239372122312115,RELIANCE,21982.80078125,0.013151387502887246,0.010785824728324254,True
2024-02-29,4095.10009765625,0.0625170793606069,TCS,21982.80078125,0.013151387502887246,0.04936569185771965,True
2024-03-01,715.375,-0.0106489811942589,HDFCBANK,22338.75,0.022190612223667472,-0.032839593417926374,False
2024-03-01,1086.9000244140625,0.0614258050918579,ICICIBANK,22338.75,0.022190612223667472,0.03923519286819043,True
2024-03-01,1654.699951171875,-0.0228245932449308,INFY,22338.75,0.022190612223667472,-0.045015205468598274,False
2024-03-01,1492.125,0.0236160046520204,RELIANCE,22338.75,0.022190612223667472,0.001425392428352927,True
2024-03-01,4094.35009765625,0.0322845087995695,TCS,22338.75,0.022190612223667472,0.010093896575902025,True
2024-03-04,716.3499755859375,-0.0084091944626536,HDFCBANK,22405.599609375,0.029115797726944503,-0.0375249921895981,False
2024-03-04,1092.3499755859375,0.067269150548058,ICICIBANK,22405.599609375,0.029115797726944503,0.0381533528211135,True
2024-03-04,1637.199951171875,-0.0296348989135945,INFY,22405.599609375,0.029115797726944503,-0.058750696640539,False
2024-03-04,1507.4000244140625,0.0475148095689583,RELIANCE,22405.599609375,0.029115797726944503,0.0183990118420138,True
2024-03-04,4080.699951171875,0.0270304031973185,TCS,22405.599609375,0.029115797726944503,-0.0020853945296260036,False
2024-03-05,720.4249877929688,-0.0022505367044836,HDFCBANK,22356.30078125,0.0194670343475285,-0.0217175710520121,False
2024-03-05,1088.050048828125,0.0600643247736245,ICICIBANK,22356.30078125,0.0194670343475285,0.040597290426096,True
2024-03-05,1606.5,-0.0710919394276567,INFY,22356.30078125,0.0194670343475285,-0.0905589737751852,False
2024-03-05,1500.199951171875,0.0507073118558671,RELIANCE,22356.30078125,0.0194670343475285,0.031240277508338597,True
2024-03-05,4012.10009765625,-0.0299564560792432,TCS,22356.30078125,0.0194670343475285,-0.0494234904267717,False
2024-03-06,721.2999877929688,0.008846480538494,HDFCBANK,22474.05078125,0.024785152242311037,-0.015938671703817037,False
2024-03-06,1097.0999755859375,0.0733257832819986,ICICIBANK,22474.05078125,0.024785152242311037,0.04854063103968756,True
2024-03-06,1617.550048828125,-0.0449889010608856,INFY,22474.05078125,0.024785152242311037,-0.06977405330319664,False
2024-03-06,1503.0,0.0421939288949224,RELIANCE,22474.05078125,0.024785152242311037,0.01740877665261136,True
2024-03-06,4064.300048828125,-0.0046774388921991,TCS,22474.05078125,0.024785152242311037,-0.029462591134510135,False
2024-03-07,723.0499877929688,0.0306831012862081,HDFCBANK,22493.55078125,0.035712467815809834,-0.005029366529601734,False
2024-03-07,1087.949951171875,0.0997169358093137,ICICIBANK,22493.55078125,0.035712467815809834,0.06400446799350387,True
2024-03-07,1616.449951171875,-0.0447077746619944,INFY,22493.55078125,0.035712467815809834,-0.08042024247780424,False
2024-03-07,1478.925048828125,0.0198603905374536,RELIANCE,22493.55078125,0.035712467815809834,-0.015852077278356233,False
2024-03-07,4108.60009765625,-0.0061682105893993,TCS,22493.55078125,0.035712467815809834,-0.041880678405209135,False
2024-03-11,713.9000244140625,0.0172414317919071,HDFCBANK,22332.650390625,0.02525653118902782,-0.00801509939712072,False
2024-03-11,1078.699951171875,0.0672800416973919,ICICIBANK,22332.650390625,0.02525653118902782,0.04202351050836409,True
2024-03-11,1600.5999755859375,-0.0411836948545609,INFY,22332.650390625,0.02525653118902782,-0.06644022604358872,False
2024-03-11,1466.5999755859375,0.0040047753454988,RELIANCE,22332.650390625,0.02525653118902782,-0.02125175584352902,False
2024-03-11,4122.35009765625,-0.0027457476643131,TCS,22332.650390625,0.02525653118902782,-0.02800227885334092,False
2024-03-12,729.7750244140625,0.0500360063511691,HDFCBANK,22335.69921875,0.03329231804563637,0.01674368830553273,True
2024-03-12,1076.8499755859375,0.0810661600031665,ICICIBANK,22335.69921875,0.03329231804563637,0.04777384195753012,True
2024-03-12,1612.949951171875,-0.0399678741681094,INFY,22335.69921875,0.03329231804563637,-0.07326019221374577,False
2024-03-12,1475.425048828125,0.0158880942128829,RELIANCE,22335.69921875,0.03329231804563637,-0.01740422383275347,False
2024-03-12,4192.25,0.0173635065149586,TCS,22335.69921875,0.03329231804563637,-0.01592881153067777,False
2024-03-13,730.2000122070312,0.047294686472443,HDFCBANK,21997.69921875,0.011702446448897952,0.035592240023545045,True
2024-03-13,1083.949951171875,0.0629044559195752,ICICIBANK,21997.69921875,0.011702446448897952,0.051202009470677254,True
2024-03-13,1611.4000244140625,-0.0434240730721833,INFY,21997.69921875,0.011702446448897952,-0.05512651952108125,False
2024-03-13,1432.175048828125,-0.0224728191293872,RELIANCE,21997.69921875,0.011702446448897952,-0.03417526557828515,False
2024-03-13,4149.0,-0.0001204964453548,TCS,21997.69921875,0.011702446448897952,-0.011822942894252751,False
2024-03-14,727.7249755859375,0.0515876592787987,HDFCBANK,22146.650390625,0.014038411011306762,0.03754924826749194,True
2024-03-14,1083.5999755859375,0.0595482181011042,ICICIBANK,22146.650390625,0.014038411011306762,0.04550980708979744,True
2024-03-14,1653.300048828125,-0.0077421094237082,INFY,22146.650390625,0.014038411011306762,-0.021780520435014963,False
2024-03-14,1431.4749755859375,-0.033684937584381,RELIANCE,22146.650390625,0.014038411011306762,-0.04772334859568776,False
2024-03-14,4207.60009765625,0.0262188720859402,TCS,22146.650390625,0.014038411011306762,0.012180461074633438,True
2024-03-15,726.3250122070312,0.0272974606647953,HDFCBANK,22023.349609375,0.005139012100224827,0.022158448564570474,True
2024-03-15,1080.3499755859375,0.0626567153318942,ICICIBANK,22023.349609375,0.005139012100224827,0.05751770323166937,True
2024-03-15,1634.0,-0.025263206491911,INFY,22023.349609375,0.005139012100224827,-0.030402218592135828,False
2024-03-15,1418.2249755859375,-0.0356147156735345,RELIANCE,22023.349609375,0.005139012100224827,-0.040753727773759324,False
2024-03-15,4219.25,0.0282827547191275,TCS,22023.349609375,0.005139012100224827,0.023143742618902674,True
2024-03-18,723.0250244140625,0.0184168067923329,HDFCBANK,22055.69921875,0.0006805591715184356,0.017736247620814466,True
2024-03-18,1081.199951171875,0.0566332286067676,ICICIBANK,22055.69921875,0.0006805591715184356,0.05595266943524917,True
2024-03-18,1602.6500244140625,-0.0581788255984594,INFY,22055.69921875,0.0006805591715184356,-0.05885938476997783,False
2024-03-18,1439.4749755859375,-0.0144463490689116,RELIANCE,22055.69921875,0.0006805591715184356,-0.015126908240430035,False
2024-03-18,4152.5,0.005862024672971,TCS,22055.69921875,0.0006805591715184356,0.005181465501452564,True
2024-03-19,724.6749877929688,0.0227577450819342,HDFCBANK,21817.44921875,-0.013778019019313081,0.03653576410124728,True
2024-03-19,1083.949951171875,0.0385149232784431,ICICIBANK,21817.44921875,-0.013778019019313081,0.05229294229775618,True
2024-03-19,1561.449951171875,-0.0813649353305633,INFY,21817.44921875,-0.013778019019313081,-0.06758691631125022,False
2024-03-19,1425.25,-0.0330732700135685,RELIANCE,21817.44921875,-0.013778019019313081,-0.01929525099425542,False
2024-03-19,3977.300048828125,-0.0308250309176589,TCS,21817.44921875,-0.013778019019313081,-0.01704701189834582,False
2024-03-20,715.5250244140625,-0.015987072281772,HDFCBANK,21839.099609375,-0.016121567240993673,0.0001344949592216732,True
2024-03-20,1084.5,0.0340882002383791,ICICIBANK,21839.099609375,-0.016121567240993673,0.05020976747937277,True
2024-03-20,1554.949951171875,-0.0773179343291055,INFY,21839.099609375,-0.016121567240993673,-0.061196367088111825,False
2024-03-20,1443.75,-0.0185415094654332,RELIANCE,21839.099609375,-0.016121567240993673,-0.0024199422244395273,False
2024-03-20,3970.89990234375,-0.014823912135176,TCS,21839.099609375,-0.016121567240993673,0.0012976551058176723,True
2024-03-21,722.875,0.0045860233290304,HDFCBANK,22011.94921875,-0.0019542717415388378,0.006540295070569238,True
2024-03-21,1081.800048828125,0.0283759675286803,ICICIBANK,22011.94921875,-0.0019542717415388378,0.030330239270219137,True
2024-03-21,1554.699951171875,-0.0609163689902557,INFY,22011.94921875,-0.0019542717415388378,-0.058962097248716865,False
2024-03-21,1450.9749755859375,-0.0113953642722298,RELIANCE,22011.94921875,-0.0019542717415388378,-0.009441092530690962,False
2024-03-21,3972.949951171875,-0.0046473879063322,TCS,22011.94921875,-0.0019542717415388378,-0.002693116164793362,False
2024-03-22,721.4249877929688,0.0164136000537966,HDFCBANK,22096.75,-0.005432631692396939,0.021846231746193538,True
2024-03-22,1090.300048828125,0.0259716749076863,ICICIBANK,22096.75,-0.005432631692396939,0.03140430660008324,True
2024-03-22,1508.8499755859375,-0.1025961296010874,INFY,22096.75,-0.005432631692396939,-0.09716349790869046,False
2024-03-22,1455.0250244140625,-0.0180360894792896,RELIANCE,22096.75,-0.005432631692396939,-0.01260345778689266,False
2024-03-22,3910.89990234375,-0.0431112992347659,TCS,22096.75,-0.005432631692396939,-0.03767866754236896,False
2024-03-26,712.7000122070312,0.0033788884348988,HDFCBANK,22004.69921875,-0.009364012808692146,0.012742901243590947,True
2024-03-26,1083.699951171875,0.0211060975343246,ICICIBANK,22004.69921875,-0.009364012808692146,0.030470110343016745,True
2024-03-26,1492.6500244140625,-0.1098487961676538,INFY,22004.69921875,-0.009364012808692146,-0.10048478335896166,False
2024-03-26,1441.574951171875,-0.0348481371349066,RELIANCE,22004.69921875,-0.009364012808692146,-0.025484124326214455,False
2024-03-26,3877.5,-0.0430887918482664,TCS,22004.69921875,-0.009364012808692146,-0.03372477903957426,False
2024-03-27,720.3499755859375,0.0129367234142403,HDFCBANK,22123.650390625,7.230836737592838e-05,0.012864415046864372,True
2024-03-27,1083.75,0.0280307818220599,ICICIBANK,22123.650390625,7.230836737592838e-05,0.027958473454683972,True
2024-03-27,1483.8499755859375,-0.1061952511733683,INFY,22123.650390625,7.230836737592838e-05,-0.10626755954074422,False
2024-03-27,1492.8499755859375,0.0037147392771896,RELIANCE,22123.650390625,7.230836737592838e-05,0.0036424309098136718,True
2024-03-27,3840.89990234375,-0.0400270290373602,TCS,22123.650390625,7.230836737592838e-05,-0.040099337404736125,False
2024-03-28,723.9500122070312,0.0195401890806918,HDFCBANK,22326.900390625,0.005791006246505415,0.013749182834186385,True
2024-03-28,1093.300048828125,0.0312206179783949,ICICIBANK,22326.900390625,0.005791006246505415,0.025429611731889484,True
2024-03-28,1498.050048828125,-0.0995130615456423,INFY,22326.900390625,0.005791006246505415,-0.10530406779214771,False
2024-03-28,1485.8499755859375,0.0001345883408536,RELIANCE,22326.900390625,0.005791006246505415,-0.005656417905651814,False
2024-03-28,3876.300048828125,-0.0555744710415211,TCS,22326.900390625,0.005791006246505415,-0.061365477288026514,False
2024-04-01,735.25,0.0433517628264119,HDFCBANK,22462.0,0.023272111041304555,0.020079651785107344,True
2024-04-01,1099.6500244140625,0.0510897302014941,ICICIBANK,22462.0,0.023272111041304555,0.027817619160189544,True
2024-04-01,1495.449951171875,-0.1051907547213911,INFY,22462.0,0.023272111041304555,-0.12846286576269567,False
2024-04-01,1484.7750244140625,0.0200257789018891,RELIANCE,22462.0,0.023272111041304555,-0.003246332139415456,False
2024-04-01,3916.75,-0.0490902258402178,TCS,22462.0,0.023272111041304555,-0.07236233688152235,False
2024-04-02,740.0750122070312,0.0546886124161527,HDFCBANK,22453.30078125,0.021403096206071615,0.033285516210081086,True
2024-04-02,1081.199951171875,0.0275613014120572,ICICIBANK,22453.30078125,0.021403096206071615,0.006158205205985586,True
2024-04-02,1482.8499755859375,-0.1141346831003248,INFY,22453.30078125,0.021403096206071615,-0.13553777930639643,False
2024-04-02,1486.949951171875,0.0179010826051984,RELIANCE,22453.30078125,0.021403096206071615,-0.003502013600873214,False
2024-04-02,3883.800048828125,-0.0515982622620283,TCS,22453.30078125,0.021403096206071615,-0.07300135846809991,False
2024-04-03,741.1500244140625,0.0360300882950375,HDFCBANK,22434.650390625,0.004293006127245258,0.031737082167792245,True
2024-04-03,1077.199951171875,-0.0089245312579845,ICICIBANK,22434.650390625,0.004293006127245258,-0.013217537385229758,False
2024-04-03,1480.6500244140625,-0.10518518879181,INFY,22434.650390625,0.004293006127245258,-0.10947819491905526,False
2024-04-03,1471.5999755859375,-0.0137555663326213,RELIANCE,22434.650390625,0.004293006127245258,-0.01804857245986656,False
2024-04-03,3947.300048828125,-0.0359153578274368,TCS,22434.650390625,0.004293006127245258,-0.04020836395468206,False
2024-04-04,763.7999877929688,0.0662385898292514,HDFCBANK,22514.650390625,0.004867121753098225,0.06137146807615318,True
2024-04-04,1078.8499755859375,-0.012358676524672,ICICIBANK,22514.650390625,0.004867121753098225,-0.017225798277770224,False
2024-04-04,1486.699951171875,-0.0919252409531744,INFY,22514.650390625,0.004867121753098225,-0.09679236270627263,False
2024-04-04,1462.925048828125,-0.0295044280652876,RELIANCE,22514.650390625,0.004867121753098225,-0.034371549818385826,False
2024-04-04,4003.300048828125,-0.0189673103315333,TCS,22514.650390625,0.004867121753098225,-0.023834432084631523,False
2024-04-05,774.7750244140625,0.0754416317340627,HDFCBANK,22513.69921875,0.007040450879602034,0.06840118085446066,True
2024-04-05,1083.4000244140625,-0.0042737229037127,ICICIBANK,22513.69921875,0.007040450879602034,-0.011314173783314733,False
2024-04-05,1479.0999755859375,-0.0793028474410597,INFY,22513.69921875,0.007040450879602034,-0.08634329832066173,False
2024-04-05,1460.0999755859375,-0.0267297539602061,RELIANCE,22513.69921875,0.007040450879602034,-0.03377020483980814,False
2024-04-05,3979.25,-0.0081877562515052,TCS,22513.69921875,0.007040450879602034,-0.015228207131107233,False
2024-04-08,773.2999877929688,0.0720920572300429,HDFCBANK,22666.30078125,0.008554310118423114,0.06353774711161979,True
2024-04-08,1087.1500244140625,-0.0090693203840068,ICICIBANK,22666.30078125,0.008554310118423114,-0.017623630502429915,False
2024-04-08,1476.699951171875,-0.0870761914033463,INFY,22666.30078125,0.008554310118423114,-0.09563050152176941,False
2024-04-08,1485.9749755859375,-0.0113273615529357,RELIANCE,22666.30078125,0.008554310118423114,-0.019881671671358812,False
2024-04-08,3972.550048828125,-0.0225746128232965,TCS,22666.30078125,0.008554310118423114,-0.031128922941719615,False
2024-04-09,774.2750244140625,0.0708457748231938,HDFCBANK,22642.75,0.006632977612159419,0.06421279721103439,True
2024-04-09,1107.050048828125,0.0175560444078117,ICICIBANK,22642.75,0.006632977612159419,0.010923066795652282,True
2024-04-09,1494.8499755859375,-0.0752265639265733,INFY,22642.75,0.006632977612159419,-0.08185954153873272,False
2024-04-09,1463.6500244140625,-0.0103284641951031,RELIANCE,22642.75,0.006632977612159419,-0.016961441807262518,False
2024-04-09,3946.550048828125,-0.0394416699061479,TCS,22642.75,0.006632977612159419,-0.04607464751830732,False
2024-04-10,768.1749877929688,0.0760260001720167,HDFCBANK,22753.80078125,0.01885805684764552,0.05716794332437118,True
2024-04-10,1109.4000244140625,0.0284602527411219,ICICIBANK,22753.80078125,0.01885805684764552,0.009602195893476377,True
2024-04-10,1506.800048828125,-0.058602979000718,INFY,22753.80078125,0.01885805684764552,-0.07746103584836353,False
2024-04-10,1479.574951171875,0.0088469765457031,RELIANCE,22753.80078125,0.01885805684764552,-0.010011080301942421,False
2024-04-10,3984.64990234375,-0.0334033238445199,TCS,22753.80078125,0.01885805684764552,-0.05226138069216542,False
2024-04-12,759.4749755859375,0.0406974069792551,HDFCBANK,22519.400390625,0.008224554336798695,0.032472852642456404,True
2024-04-12,1104.4000244140625,0.0255839248295792,ICICIBANK,22519.400390625,0.008224554336798695,0.017359370492780506,True
2024-04-12,1484.75,-0.0794816671643979,INFY,22519.400390625,0.008224554336798695,-0.0877062215011966,False
2024-04-12,1467.1500244140625,-0.0056085698291723,RELIANCE,22519.400390625,0.008224554336798695,-0.013833124165970996,False
2024-04-12,4001.39990234375,-0.0455245029891466,TCS,22519.400390625,0.008224554336798695,-0.053749057325945294,False
2024-04-15,747.3499755859375,0.0234866654234509,HDFCBANK,22272.5,0.01249225105395424,0.01099441436949666,True
2024-04-15,1078.3499755859375,-0.0051662676675092,ICICIBANK,22272.5,0.01249225105395424,-0.01765851872146344,False
2024-04-15,1468.1500244140625,-0.0888978514519314,INFY,22272.5,0.01249225105395424,-0.10139010250588563,False
2024-04-15,1464.824951171875,0.0227974243584718,RELIANCE,22272.5,0.01249225105395424,0.010305173304517561,True
2024-04-15,3941.199951171875,-0.0500843694451976,TCS,22272.5,0.01249225105395424,-0.06257662049915183,False
2024-04-16,754.625,0.0369645474822457,HDFCBANK,22147.900390625,5.644194394882618e-05,0.036908105538296876,True
2024-04-16,1067.050048828125,-0.015273096281553,ICICIBANK,22147.900390625,5.644194394882618e-05,-0.015329538225501826,False
2024-04-16,1414.449951171875,-0.1444686932813854,INFY,22147.900390625,5.644194394882618e-05,-0.14452513522533422,False
2024-04-16,1465.75,0.0239438516206216,RELIANCE,22147.900390625,5.644194394882618e-05,0.023887409676672775,True
2024-04-16,3872.800048828125,-0.0795703111174034,TCS,22147.900390625,5.644194394882618e-05,-0.07962675306135222,False
2024-04-18,747.3499755859375,0.0289470457791605,HDFCBANK,21995.849609375,-0.001248674724225185,0.030195720503385686,True
2024-04-18,1055.449951171875,-0.0230481093874767,ICICIBANK,21995.849609375,-0.001248674724225185,-0.021799434663251516,False
2024-04-18,1419.25,-0.1314259485924113,INFY,21995.849609375,-0.001248674724225185,-0.13017727386818612,False
2024-04-18,1464.324951171875,0.0325054038530743,RELIANCE,21995.849609375,-0.001248674724225185,0.033754078577299486,True
2024-04-18,3862.0,-0.0846714463470995,TCS,21995.849609375,-0.001248674724225185,-0.08342277162287431,False
2024-04-19,765.6500244140625,0.0589536994719417,HDFCBANK,22147.0,0.004139555057605326,0.05481414441433637,True
2024-04-19,1067.25,-0.012902286165251,ICICIBANK,22147.0,0.004139555057605326,-0.017041841222856326,False
2024-04-19,1411.25,-0.1194272121164066,INFY,22147.0,0.004139555057605326,-0.12356676717401192,False
2024-04-19,1470.125,0.0212925024289403,RELIANCE,22147.0,0.004139555057605326,0.017152947371334975,True
2024-04-19,3826.199951171875,-0.0785791809339253,TCS,22147.0,0.004139555057605326,-0.08271873599153062,False
2024-04-22,756.0999755859375,0.0433642506258908,HDFCBANK,22336.400390625,0.02378606072010525,0.019578189905785547,True
2024-04-22,1086.6500244140625,0.0024909574831093,ICICIBANK,22336.400390625,0.02378606072010525,-0.02129510323699595,False
2024-04-22,1432.75,-0.0824233598235314,INFY,22336.400390625,0.02378606072010525,-0.10620942054363665,False
2024-04-22,1479.8499755859375,0.0383090514547885,RELIANCE,22336.400390625,0.02378606072010525,0.014522990734683251,True
2024-04-22,3864.60009765625,-0.0283357930727607,TCS,22336.400390625,0.02378606072010525,-0.05212185379286595,False
2024-04-23,753.7999877929688,0.0534921380426203,HDFCBANK,22368.0,0.02421804928248772,0.02927408876013258,True
2024-04-23,1090.25,0.0053019824804056,ICICIBANK,22368.0,0.02421804928248772,-0.018916066802082118,False
2024-04-23,1442.4000244140625,-0.0723817037795911,INFY,22368.0,0.02421804928248772,-0.09659975306207882,False
2024-04-23,1459.324951171875,0.0107878449675324,RELIANCE,22368.0,0.02421804928248772,-0.01343020431495532,False
2024-04-23,3874.699951171875,-0.0242262342385147,TCS,22368.0,0.02421804928248772,-0.04844428352100242,False
2024-04-24,755.8499755859375,0.0456164282703615,HDFCBANK,22402.400390625,0.01773814613121183,0.027878282139149668,True
2024-04-24,1096.75,0.0138195142328472,ICICIBANK,22402.400390625,0.01773814613121183,-0.00391863189836463,False
2024-04-24,1430.75,-0.0797259632499802,INFY,22402.400390625,0.01773814613121183,-0.09746410938119203,False
2024-04-24,1450.175048828125,-0.0005513029316646,RELIANCE,22402.400390625,0.01773814613121183,-0.01828944906287643,False
2024-04-24,3831.050048828125,-0.0357165089134573,TCS,22402.400390625,0.01773814613121183,-0.053454655044669126,False
2024-04-25,755.375,0.0470596566261078,HDFCBANK,22570.349609375,0.0214329984895969,0.025626658136510903,True
2024-04-25,1113.75,0.0215077961310552,ICICIBANK,22570.349609375,0.0214329984895969,7.479764145830112e-05,True
2024-04-25,1438.449951171875,-0.0466580677689468,INFY,22570.349609375,0.0214329984895969,-0.06809106625854369,False
2024-04-25,1459.9749755859375,0.0034019697866491,RELIANCE,22570.349609375,0.0214329984895969,-0.018031028702947798,False
2024-04-25,3852.199951171875,-0.0150093207797767,TCS,22570.349609375,0.0214329984895969,-0.0364423192693736,False
2024-04-26,754.9000244140625,0.0592114655314088,HDFCBANK,22419.94921875,0.01887096914490738,0.04034049638650142,True
2024-04-26,1107.9000244140625,0.0223309719780078,ICICIBANK,22419.94921875,0.01887096914490738,0.003460002833100422,True
2024-04-26,1430.25,-0.0418048594067169,INFY,22419.94921875,0.01887096914490738,-0.06067582855162428,False
2024-04-26,1452.550048828125,0.0076132688399781,RELIANCE,22419.94921875,0.01887096914490738,-0.011257700304929279,False
2024-04-26,3821.35009765625,-0.0144809548275306,TCS,22419.94921875,0.01887096914490738,-0.03335192397243798,False
2024-04-29,764.75,0.0616367403607491,HDFCBANK,22643.400390625,0.02349295847760491,0.03814378188314419,True
2024-04-29,1160.1500244140625,0.0704959856185121,ICICIBANK,22643.400390625,0.02349295847760491,0.04700302714090719,True
2024-04-29,1434.75,-0.0330895820964306,INFY,22643.400390625,0.02349295847760491,-0.05658254057403551,False
2024-04-29,1465.0250244140625,-0.0186388127587662,RELIANCE,22643.400390625,0.02349295847760491,-0.04213177123637111,False
2024-04-29,3870.199951171875,0.0076284333289304,TCS,22643.400390625,0.02349295847760491,-0.015864525148674508,False
2024-04-30,760.0499877929688,0.0498652876265355,HDFCBANK,22604.849609375,0.012449073265302424,0.037416214361233074,True
2024-04-30,1150.4000244140625,0.0522271773856968,ICICIBANK,22604.849609375,0.012449073265302424,0.03977810412039438,True
2024-04-30,1420.550048828125,-0.0517339190774204,INFY,22604.849609375,0.012449073265302424,-0.06418299234272282,False
2024-04-30,1467.0,-0.0126863249289378,RELIANCE,22604.849609375,0.012449073265302424,-0.025135398194240224,False
2024-04-30,3820.64990234375,-0.0143565115660225,TCS,22604.849609375,0.012449073265302424,-0.026805584831324926,False
2024-05-02,766.125,0.041992519551173,HDFCBANK,22648.19921875,0.008289520913097759,0.03370299863807524,True
2024-05-02,1139.449951171875,0.0361932668341633,ICICIBANK,22648.19921875,0.008289520913097759,0.027903745921065544,True
2024-05-02,1414.449951171875,-0.0541643001402528,INFY,22648.19921875,0.008289520913097759,-0.06245382105335056,False
2024-05-02,1466.550048828125,-0.0122745704138778,RELIANCE,22648.19921875,0.008289520913097759,-0.020564091326975557,False
2024-05-02,3863.300048828125,-0.0136465056926979,TCS,22648.19921875,0.008289520913097759,-0.02193602660579566,False
2024-05-03,759.7999877929688,0.0266526706895753,HDFCBANK,22475.849609375,0.0010042544900048522,0.025648416199570447,True
2024-05-03,1142.050048828125,0.0562801520572551,ICICIBANK,22475.849609375,0.0010042544900048522,0.05527589756725025,True
2024-05-03,1416.300048828125,-0.0448797436379332,INFY,22475.849609375,0.0010042544900048522,-0.04588399812793805,False
2024-05-03,1434.0,-0.0356097736377373,RELIANCE,22475.849609375,0.0010042544900048522,-0.03661402812774215,False
2024-05-03,3843.39990234375,-0.0104022210145873,TCS,22475.849609375,0.0010042544900048522,-0.011406475504592152,False
2024-05-06,761.3250122070312,0.0272211929142398,HDFCBANK,22442.69921875,0.00035876770909526456,0.026862425205144536,True
2024-05-06,1146.300048828125,0.0641478841333744,ICICIBANK,22442.69921875,0.00035876770909526456,0.06378911642427913,True
2024-05-06,1425.9000244140625,-0.0369770027334218,INFY,22442.69921875,0.00035876770909526456,-0.03733577044251706,False
2024-05-06,1419.5250244140625,-0.0353866213888326,RELIANCE,22442.69921875,0.00035876770909526456,-0.03574538909792786,False
2024-05-06,3921.050048828125,-0.0066501151864026,TCS,22442.69921875,0.00035876770909526456,-0.007008882895497864,False
2024-05-07,753.0750122070312,-0.0140416021960509,HDFCBANK,22302.5,-0.009422770815634696,-0.004618831380416204,False
2024-05-07,1131.9000244140625,0.0491727765941809,ICICIBANK,22302.5,-0.009422770815634696,0.058595547409815596,True
2024-05-07,1440.949951171875,-0.0307728536373046,INFY,22302.5,-0.009422770815634696,-0.021350082821669905,False
2024-05-07,1401.4749755859375,-0.0420049361321771,RELIANCE,22302.5,-0.009422770815634696,-0.03258216531654241,False
2024-05-07,3978.949951171875,-0.0060825062721386,TCS,22302.5,-0.009422770815634696,0.0033402645434960953,True
2024-05-08,741.3250122070312,-0.0431738390538962,HDFCBANK,22302.5,-0.009380920332013098,-0.0337929187218831,False
2024-05-08,1123.0,0.036551573466462,ICICIBANK,22302.5,-0.009380920332013098,0.045932493798475096,True
2024-05-08,1427.300048828125,-0.0350212477944854,INFY,22302.5,-0.009380920332013098,-0.0256403274624723,False
2024-05-08,1418.550048828125,-0.0284569053164586,RELIANCE,22302.5,-0.009380920332013098,-0.0190759849844455,False
2024-05-08,3976.949951171875,-0.0005780106372117,TCS,22302.5,-0.009380920332013098,0.008802909694801398,True
2024-05-09,723.75,-0.0640760229860943,HDFCBANK,21957.5,-0.031271127480860694,-0.032804895505233606,False
2024-05-09,1115.699951171875,0.0262612575234959,ICICIBANK,21957.5,-0.031271127480860694,0.05753238500435659,True
2024-05-09,1439.550048828125,-0.0251573803562928,INFY,21957.5,-0.031271127480860694,0.006113747124567893,True
2024-05-09,1394.125,-0.0618112532815163,RELIANCE,21957.5,-0.031271127480860694,-0.030540125800655606,False
2024-05-09,3960.199951171875,-0.0031088589204542,TCS,21957.5,-0.031271127480860694,0.028162268560406493,True
2024-05-10,718.9500122070312,-0.0714539542960187,HDFCBANK,22055.19921875,-0.02594873773062023,-0.045505216565398465,False
2024-05-10,1117.050048828125,0.0090330152738673,ICICIBANK,22055.19921875,-0.02594873773062023,0.03498175300448753,True
2024-05-10,1424.9000244140625,-0.0467939608083123,INFY,22055.19921875,-0.02594873773062023,-0.02084522307769207,False
2024-05-10,1407.425048828125,-0.0384142210556419,RELIANCE,22055.19921875,-0.02594873773062023,-0.012465483325021669,False
2024-05-10,3893.89990234375,-0.0133408029374944,TCS,22055.19921875,-0.02594873773062023,0.01260793479312583,True
2024-05-13,727.625,-0.0527874357240819,HDFCBANK,22104.05078125,-0.028555668841726778,-0.02423176688235512,False
2024-05-13,1128.0,0.0167657969863135,ICICIBANK,22104.05078125,-0.028555668841726778,0.04532146582804028,True
2024-05-13,1423.449951171875,-0.0553159642655131,INFY,22104.05078125,-0.028555668841726778,-0.026760295423786322,False
2024-05-13,1402.699951171875,-0.0519574895067751,RELIANCE,22104.05078125,-0.028555668841726778,-0.02340182066504832,False
2024-05-13,3947.800048828125,-0.0092479526228765,TCS,22104.05078125,-0.028555668841726778,0.019307716218850277,True
2024-05-14,730.4749755859375,-0.0381842732574913,HDFCBANK,22217.849609375,-0.013390710943420037,-0.02479356231407126,False
2024-05-14,1120.550048828125,0.0146233466652003,ICICIBANK,22217.849609375,-0.013390710943420037,0.028014057608620337,True
2024-05-14,1424.699951171875,-0.0404445521657687,INFY,22217.849609375,-0.013390710943420037,-0.027053841222348662,False
2024-05-14,1420.074951171875,-0.032086066495475,RELIANCE,22217.849609375,-0.013390710943420037,-0.01869535555205496,False
2024-05-14,3901.199951171875,-0.0250412239759352,TCS,22217.849609375,-0.013390710943420037,-0.011650513032515162,False
2024-05-15,719.25,-0.0375994868587592,HDFCBANK,22200.55078125,-0.0032304060500617515,-0.034369080808697446,False
2024-05-15,1124.3499755859375,0.0426577651425319,ICICIBANK,22200.55078125,-0.0032304060500617515,0.045888171192593655,True
2024-05-15,1419.949951171875,-0.0328304821991363,INFY,22200.55078125,-0.0032304060500617515,-0.029600076149074547,False
2024-05-15,1416.2750244140625,-0.0331438420126392,RELIANCE,22200.55078125,-0.0032304060500617515,-0.02991343596257745,False
2024-05-15,3880.39990234375,-0.0154267861517776,TCS,22200.55078125,-0.0032304060500617515,-0.012196380101715849,False
2024-05-16,730.125,-0.0324664568494285,HDFCBANK,22403.849609375,0.011556364903029026,-0.044022821752457524,False
2024-05-16,1131.050048828125,0.0599784425016307,ICICIBANK,22403.849609375,0.011556364903029026,0.048422077598601676,True
2024-05-16,1453.3499755859375,0.0275018740548818,INFY,22403.849609375,0.011556364903029026,0.015945509151852773,True
2024-05-16,1425.3499755859375,-0.0275626978775797,RELIANCE,22403.849609375,0.011556364903029026,-0.03911906278060873,False
2024-05-16,3900.949951171875,0.0072686175348164,TCS,22403.849609375,0.011556364903029026,-0.004287747368212626,False
2024-05-17,732.0499877929688,-0.0204723199207617,HDFCBANK,22466.099609375,0.021379033242688195,-0.04185135316344989,False
2024-05-17,1130.5,0.0711071602635409,ICICIBANK,22466.099609375,0.021379033242688195,0.049728127020852705,True
2024-05-17,1444.300048828125,0.0176502017460806,INFY,22466.099609375,0.021379033242688195,-0.0037288314966075937,False
2024-05-17,1435.699951171875,-0.0195482566742387,RELIANCE,22466.099609375,0.021379033242688195,-0.040927289916926894,False
2024-05-17,3834.10009765625,-0.0072242108606291,TCS,22466.099609375,0.021379033242688195,-0.028603244103317296,False
2024-05-21,729.4000244140625,-0.0473453912938113,HDFCBANK,22529.05078125,0.017250678703661926,-0.06459606999747322,False
2024-05-21,1120.949951171875,0.0503161875585618,ICICIBANK,22529.05078125,0.017250678703661926,0.033065508854899874,True
2024-05-21,1434.1500244140625,0.0162267666352966,INFY,22529.05078125,0.017250678703661926,-0.0010239120683653256,False
2024-05-21,1436.125,-0.0231272850948048,RELIANCE,22529.05078125,0.017250678703661926,-0.040377963798466726,False
2024-05-21,3820.199951171875,-0.0015681355069178,TCS,22529.05078125,0.017250678703661926,-0.018818814210579727,False
2024-05-22,729.5999755859375,-0.0350482751695157,HDFCBANK,22597.80078125,0.011702887934204265,-0.04675116310371996,False
2024-05-22,1111.0999755859375,0.0225002996572505,ICICIBANK,22597.80078125,0.011702887934204265,0.010797411723046234,True
2024-05-22,1454.800048828125,0.0153900183759378,INFY,22597.80078125,0.011702887934204265,0.0036871304417335354,True
2024-05-22,1460.6500244140625,-0.0129742551533122,RELIANCE,22597.80078125,0.011702887934204265,-0.024677143087516465,False
2024-05-22,3832.0,-0.0084355681913946,TCS,22597.80078125,0.011702887934204265,-0.020138456125598864,False
2024-05-23,746.2999877929688,-0.0099495889114552,HDFCBANK,22967.650390625,0.026808404444966127,-0.036757993356421326,False
2024-05-23,1134.5,0.040587021325384,ICICIBANK,22967.650390625,0.026808404444966127,0.013778616880417871,True
2024-05-23,1472.4000244140625,0.0207986685331531,INFY,22967.650390625,0.026808404444966127,-0.0060097359118130265,False
2024-05-23,1486.050048828125,0.0183133287995858,RELIANCE,22967.650390625,0.026808404444966127,-0.008495075645380327,False
2024-05-23,3893.449951171875,0.0048390843771861,TCS,22967.650390625,0.026808404444966127,-0.02196932006778003,False
2024-05-24,758.5999755859375,0.0036382881376271,HDFCBANK,22957.099609375,0.024760704615480966,-0.021122416477853866,False
2024-05-24,1131.949951171875,0.0320947811004102,ICICIBANK,22957.099609375,0.024760704615480966,0.007334076484929231,True
2024-05-24,1465.0999755859375,0.0240083701456841,INFY,22957.099609375,0.024760704615480966,-0.0007523344697968649,False
2024-05-24,1480.25,0.0207388419737177,RELIANCE,22957.099609375,0.024760704615480966,-0.004021862641763265,False
2024-05-24,3849.5,0.0048158992800206,TCS,22957.099609375,0.024760704615480966,-0.019944805335460367,False
2024-05-27,763.8499755859375,0.0112195605969716,HDFCBANK,22932.44921875,0.016043154653864855,-0.0048235940568932545,False
2024-05-27,1129.800048828125,0.0144108182519639,ICICIBANK,22932.44921875,0.016043154653864855,-0.001632336401900955,False
2024-05-27,1471.3499755859375,0.022871858966841,INFY,22932.44921875,0.016043154653864855,0.006828704312976146,True
2024-05-27,1466.25,0.0042980355958115,RELIANCE,22932.44921875,0.016043154653864855,-0.011745119058053356,False
2024-05-27,3847.050048828125,-0.0013368730618936,TCS,22932.44921875,0.016043154653864855,-0.017380027715758455,False
2024-05-28,765.25,0.0137103924376886,HDFCBANK,22888.150390625,0.02088323962319416,-0.00717284718550556,False
2024-05-28,1126.949951171875,0.017194626173862,ICICIBANK,22888.150390625,0.02088323962319416,-0.003688613449332162,False
2024-05-28,1467.050048828125,0.0257298016627338,INFY,22888.150390625,0.02088323962319416,0.004846562039539638,True
2024-05-28,1456.199951171875,0.002512754962691,RELIANCE,22888.150390625,0.02088323962319416,-0.018370484660503162,False
2024-05-28,3839.89990234375,0.0048542541807088,TCS,22888.150390625,0.02088323962319416,-0.01602898544248536,False
2024-05-29,754.1500244140625,-0.0138607068792906,HDFCBANK,22704.69921875,0.0027071388160577747,-0.016567845695348374,False
2024-05-29,1102.0,-0.050122848933638,ICICIBANK,22704.69921875,0.0027071388160577747,-0.05282998774969577,False
2024-05-29,1450.949951171875,0.0112911316758146,INFY,22704.69921875,0.0027071388160577747,0.008583992859756825,True
2024-05-29,1440.7750244140625,-0.0165526182801545,RELIANCE,22704.69921875,0.0027071388160577747,-0.019259757096212273,False
2024-05-29,3803.64990234375,-0.0171955066063121,TCS,22704.69921875,0.0027071388160577747,-0.019902645422369875,False
2024-05-30,757.4249877929688,-0.0034537202054597,HDFCBANK,22488.650390625,-0.00514045528981566,0.0016867350843559597,True
2024-05-30,1113.699951171875,-0.0319020101384994,ICICIBANK,22488.650390625,-0.00514045528981566,-0.02676155484868374,False
2024-05-30,1427.449951171875,0.004857204678879,INFY,22488.650390625,-0.00514045528981566,0.00999765996869466,True
2024-05-30,1424.8499755859375,-0.0287321229816377,RELIANCE,22488.650390625,-0.00514045528981566,-0.02359166769182204,False
2024-05-30,3736.10009765625,-0.0221296917667419,TCS,22488.650390625,-0.00514045528981566,-0.01698923647692624,False
2024-05-31,765.7750244140625,-0.0004568126427638,HDFCBANK,22530.69921875,-0.0051880504434420605,0.004731237800678261,True
2024-05-31,1121.050048828125,-0.0161480566345424,ICICIBANK,22530.69921875,-0.0051880504434420605,-0.010960006191100338,False
2024-05-31,1406.9000244140625,-0.0053377121979871,INFY,22530.69921875,-0.0051880504434420605,-0.00014966175454503988,False
2024-05-31,1430.4000244140625,-0.0246497038699421,RELIANCE,22530.69921875,-0.0051880504434420605,-0.01946165342650004,False
2024-05-31,3670.949951171875,-0.0497890651062934,TCS,22530.69921875,-0.0051880504434420605,-0.04460101466285134,False
2024-06-03,786.0999755859375,0.0346143566932182,HDFCBANK,23263.900390625,0.035062113110122084,-0.00044775641690388696,False
2024-06-03,1160.0,0.0157173069519096,ICICIBANK,23263.900390625,0.035062113110122084,-0.019344806158212484,False
2024-06-03,1405.9000244140625,-0.0073430940164604,INFY,23263.900390625,0.035062113110122084,-0.04240520712658248,False
2024-06-03,1510.324951171875,0.0532252100222281,RELIANCE,23263.900390625,0.035062113110122084,0.01816309691210602,True
2024-06-03,3702.85009765625,-0.0365691336469543,TCS,23263.900390625,0.035062113110122084,-0.07163124675707638,False
2024-06-04,741.5750122070312,-0.0259416145316782,HDFCBANK,21884.5,-0.024872196223333365,-0.0010694183083448348,False
2024-06-04,1071.449951171875,-0.0652971250701507,ICICIBANK,21884.5,-0.024872196223333365,-0.04042492884681734,False
2024-06-04,1393.6500244140625,-0.0226172939531663,INFY,21884.5,-0.024872196223333365,0.0022549022701670654,True
2024-06-04,1397.2750244140625,-0.0156742569643562,RELIANCE,21884.5,-0.024872196223333365,0.009197939258977165,True
2024-06-04,3715.0,-0.0525497114962117,TCS,21884.5,-0.024872196223333365,-0.027677515272878338,False
2024-06-05,775.9000244140625,0.0303090818803537,HDFCBANK,22620.349609375,0.01425174798228901,0.016057333898064692,True
2024-06-05,1108.6500244140625,-0.0205406833629459,ICICIBANK,22620.349609375,0.01425174798228901,-0.03479243134523491,False
2024-06-05,1430.0999755859375,-0.0075297379878556,INFY,22620.349609375,0.01425174798228901,-0.02178148597014461,False
2024-06-05,1420.75,0.0137533846482016,RELIANCE,22620.349609375,0.01425174798228901,-0.0004983633340874087,False
2024-06-05,3746.449951171875,-0.0584325017537665,TCS,22620.349609375,0.01425174798228901,-0.0726842497360555,False
2024-06-06,779.8499755859375,0.0519677101737223,HDFCBANK,22821.400390625,0.023266467464409857,0.028701242709312444,True
2024-06-06,1110.4000244140625,-0.0112199248316451,ICICIBANK,22821.400390625,0.023266467464409857,-0.034486392296054956,False
2024-06-06,1472.25,0.031492993508114,INFY,22821.400390625,0.023266467464409857,0.008226526043704142,True
2024-06-06,1431.5999755859375,0.0091994827877897,RELIANCE,22821.400390625,0.023266467464409857,-0.014066984676620157,False
2024-06-06,3830.39990234375,-0.0368498599749643,TCS,22821.400390625,0.023266467464409857,-0.06011632743937416,False
2024-06-07,786.6749877929688,0.0869429883149828,HDFCBANK,23290.150390625,0.06069226417511109,0.026250724139871714,True
2024-06-07,1121.699951171875,0.0053777899637783,ICICIBANK,23290.150390625,0.06069226417511109,-0.05531447421133279,False
2024-06-07,1533.5999755859375,0.0653328634418612,INFY,23290.150390625,0.06069226417511109,0.004640599266750117,True
2024-06-07,1469.949951171875,0.0543889186205506,RELIANCE,23290.150390625,0.06069226417511109,-0.00630334555456049,False
2024-06-07,3893.949951171875,-0.0167289532894407,TCS,23290.150390625,0.06069226417511109,-0.07742121746455179,False
2024-06-10,780.6500244140625,0.0858196135467397,HDFCBANK,23259.19921875,0.05459030263378595,0.03122931091295375,True
2024-06-10,1123.800048828125,0.0060427014949611,ICICIBANK,23259.19921875,0.05459030263378595,-0.04854760113882485,False
2024-06-10,1499.75,0.0525299840714907,INFY,23259.19921875,0.05459030263378595,-0.0020603185622952505,False
2024-06-10,1471.4000244140625,0.0454553339371113,RELIANCE,23259.19921875,0.05459030263378595,-0.009134968696674649,False
2024-06-10,3858.699951171875,-0.0090397678560478,TCS,23259.19921875,0.05459030263378595,-0.06363007048983374,False
2024-06-11,782.4000244140625,0.0752791952091564,HDFCBANK,23264.849609375,0.052515208167620564,0.02276398704153583,True
2024-06-11,1118.199951171875,-0.0086879865497562,ICICIBANK,23264.849609375,0.052515208167620564,-0.061203194717376765,False
2024-06-11,1495.75,0.0507921256863319,INFY,23264.849609375,0.052515208167620564,-0.0017230824812886625,False
2024-06-11,1456.675048828125,0.0384794321915795,RELIANCE,23264.849609375,0.052515208167620564,-0.01403577597604106,False
2024-06-11,3852.10009765625,-0.0242413369441755,TCS,23264.849609375,0.052515208167620564,-0.07675654511179607,False
2024-06-12,787.0750122070312,0.0774838817383074,HDFCBANK,23322.94921875,0.04973926949747165,0.027744612240835756,True
2024-06-12,1119.550048828125,-0.000892418862545,ICICIBANK,23322.94921875,0.04973926949747165,-0.05063168836001665,False
2024-06-12,1485.199951171875,0.0424650818231839,INFY,23322.94921875,0.04973926949747165,-0.007274187674287752,False
2024-06-12,1463.324951171875,0.030456138927251,RELIANCE,23322.94921875,0.04973926949747165,-0.01928313057022065,False
2024-06-12,3831.64990234375,-0.0178278605810073,TCS,23322.94921875,0.04973926949747165,-0.06756713007847895,False
2024-06-13,790.375,0.0988877302745916,HDFCBANK,23398.900390625,0.053978372932400154,0.04490935734219145,True
2024-06-13,1107.3499755859375,-0.0151198473510356,ICICIBANK,23398.900390625,0.053978372932400154,-0.06909822028343575,False
2024-06-13,1493.949951171875,0.0521145128664064,INFY,23398.900390625,0.053978372932400154,-0.001863860065993754,False
2024-06-13,1465.25,0.0345801307950053,RELIANCE,23398.900390625,0.053978372932400154,-0.019398242137394855,False
2024-06-13,3878.14990234375,-0.0005798371447852,TCS,23398.900390625,0.053978372932400154,-0.05455821007718535,False
2024-06-14,798.4500122070312,0.09357988318032,HDFCBANK,23465.599609375,0.04739140899944738,0.046188474180872616,True
2024-06-14,1105.6500244140625,-0.0224570295897863,ICICIBANK,23465.599609375,0.04739140899944738,-0.06984843858923367,False
2024-06-14,1488.9000244140625,0.0244607626692205,INFY,23465.599609375,0.04739140899944738,-0.022930646330226883,False
2024-06-14,1477.550048828125,0.0366226359394499,RELIANCE,23465.599609375,0.04739140899944738,-0.010768773059997482,False
2024-06-14,3832.050048828125,-0.0176623394829897,TCS,23465.599609375,0.04739140899944738,-0.06505374848243708,False
2024-06-18,803.9000244140625,0.0981490851980093,HDFCBANK,23557.900390625,0.04859770054586576,0.04955138465214354,True
2024-06-18,1122.8499755859375,-0.0067669388890424,ICICIBANK,23557.900390625,0.04859770054586576,-0.055364639434908165,False
2024-06-18,1498.199951171875,0.0373190476504403,INFY,23557.900390625,0.04859770054586576,-0.011278652895425463,False
2024-06-18,1481.0250244140625,0.0315700179589693,RELIANCE,23557.900390625,0.04859770054586576,-0.017027682586896464,False
2024-06-18,3815.10009765625,-0.0049555305067842,TCS,23557.900390625,0.04859770054586576,-0.05355323105264996,False
2024-06-19,828.9249877929688,0.1364477105122885,HDFCBANK,23516.0,0.043807847402581146,0.09263986310970734,True
2024-06-19,1144.449951171875,0.020964361500201,ICICIBANK,23516.0,0.043807847402581146,-0.022843485902380146,False
2024-06-19,1511.3499755859375,0.0538297596887855,INFY,23516.0,0.043807847402581146,0.010021912286204353,True
2024-06-19,1458.6500244140625,0.0156845848474627,RELIANCE,23516.0,0.043807847402581146,-0.028123262555118447,False
2024-06-19,3801.699951171875,-0.0048426784556984,TCS,23516.0,0.043807847402581146,-0.048650525858279545,False
2024-06-20,834.6749877929688,0.144017291287114,HDFCBANK,23567.0,0.042889094745634404,0.10112819654147959,True
2024-06-20,1156.800048828125,0.0411304781264958,ICICIBANK,23567.0,0.042889094745634404,-0.001758616619138606,False
2024-06-20,1515.4000244140625,0.0416551921583672,INFY,23567.0,0.042889094745634404,-0.0012339025872672021,False
2024-06-20,1473.699951171875,0.0089343282372158,RELIANCE,23567.0,0.042889094745634404,-0.0339547665084186,False
2024-06-20,3787.25,-0.0116779749478079,TCS,23567.0,0.042889094745634404,-0.054567069693442306,False
2024-06-21,832.875,0.1160056460178424,HDFCBANK,23501.099609375,0.023226111930358506,0.09277953408748389,True
2024-06-21,1158.6500244140625,0.0212869320529418,ICICIBANK,23501.099609375,0.023226111930358506,-0.0019391798774167045,False
2024-06-21,1532.699951171875,0.0409534948098146,INFY,23501.099609375,0.023226111930358506,0.01772738287945609,True
2024-06-21,1454.199951171875,-0.021432722054931,RELIANCE,23501.099609375,0.023226111930358506,-0.044658833985289505,False
2024-06-21,3810.75,-0.0212407895848214,TCS,23501.099609375,0.023226111930358506,-0.0444669015151799,False
2024-06-24,836.2000122070312,0.1022937504857628,HDFCBANK,23537.849609375,0.025297185179387283,0.07699656530637551,True
2024-06-24,1170.0999755859375,0.0337029250936111,ICICIBANK,23537.849609375,0.025297185179387283,0.008405739914223817,True
2024-06-24,1527.1500244140625,0.042352091913256,INFY,23537.849609375,0.025297185179387283,0.017054906733868717,True
2024-06-24,1441.4749755859375,-0.02619491600342,RELIANCE,23537.849609375,0.025297185179387283,-0.05149210118280728,False
2024-06-24,3816.800048828125,-0.0084945970052928,TCS,23537.849609375,0.025297185179387283,-0.03379178218468008,False
2024-06-25,855.6749877929688,0.12021341250498,HDFCBANK,23721.30078125,0.03439892333240269,0.08581448917257731,True
2024-06-25,1197.949951171875,0.0603203216484526,ICICIBANK,23721.30078125,0.03439892333240269,0.025921398316049914,True
2024-06-25,1541.949951171875,0.0479831289342445,INFY,23721.30078125,0.03439892333240269,0.013584205601841814,True
2024-06-25,1454.1500244140625,-0.0082523277653452,RELIANCE,23721.30078125,0.03439892333240269,-0.04265125109774789,False
2024-06-25,3838.449951171875,-0.0022355044896984,TCS,23721.30078125,0.03439892333240269,-0.036634427822101086,False
2024-06-26,850.75,0.1117281934008493,HDFCBANK,23868.80078125,0.04284533148762759,0.06888286191322171,True
2024-06-26,1218.0,0.0807933384561092,ICICIBANK,23868.80078125,0.04284533148762759,0.03794800696848161,True
2024-06-26,1540.699951171875,0.0502027196703898,INFY,23868.80078125,0.04284533148762759,0.007357388182762208,True
2024-06-26,1514.0250244140625,0.0397095695516627,RELIANCE,23868.80078125,0.04284533148762759,-0.0031357619359648897,False
2024-06-26,3855.85009765625,0.0041538049736047,TCS,23868.80078125,0.04284533148762759,-0.03869152651402289,False
2024-06-27,848.0750122070312,0.1245441686035133,HDFCBANK,24044.5,0.05900984498149908,0.06553432362201422,True
2024-06-27,1219.9000244140625,0.106987317980093,ICICIBANK,24044.5,0.05900984498149908,0.04797747299859392,True
2024-06-27,1573.3499755859375,0.0843585433909728,INFY,24044.5,0.05900984498149908,0.02534869840947372,True
2024-06-27,1530.550048828125,0.0623102308776988,RELIANCE,24044.5,0.05900984498149908,0.0033003858961997146,True
2024-06-27,3934.14990234375,0.0343091513021711,TCS,24044.5,0.05900984498149908,-0.024700693679327985,False
2024-06-28,841.9000244140625,0.1115292444565927,HDFCBANK,24010.599609375,0.06767632527136724,0.04385291918522545,True
2024-06-28,1199.5999755859375,0.0771303117358275,ICICIBANK,24010.599609375,0.06767632527136724,0.00945398646446026,True
2024-06-28,1566.75,0.097586643029947,INFY,24010.599609375,0.06767632527136724,0.02991031775857976,True
2024-06-28,1565.4000244140625,0.0986419982709596,RELIANCE,24010.599609375,0.06767632527136724,0.030965672999592353,True
2024-06-28,3904.14990234375,0.0449800059674316,TCS,24010.599609375,0.06767632527136724,-0.022696319303935647,False
2024-07-01,852.5999755859375,0.1133818006643787,HDFCBANK,24141.94921875,0.07151353734548649,0.04186826331889221,True
2024-07-01,1211.8499755859375,0.0809954264332168,ICICIBANK,24141.94921875,0.07151353734548649,0.009481889087730316,True
2024-07-01,1590.800048828125,0.1307129300041429,INFY,24141.94921875,0.07151353734548649,0.059199392658656425,True
2024-07-01,1560.1500244140625,0.0907088910692306,RELIANCE,24141.94921875,0.07151353734548649,0.019195353723744105,True
2024-07-01,3978.199951171875,0.0836976815502257,TCS,24141.94921875,0.07151353734548649,0.012184144204739206,True
2024-07-02,865.2999877929688,0.1007505593013124,HDFCBANK,24123.849609375,0.03696496306769559,0.0637855962336168,True
2024-07-02,1190.5999755859375,0.0263792892982219,ICICIBANK,24123.849609375,0.03696496306769559,-0.01058567376947369,False
2024-07-02,1621.050048828125,0.153033658637093,INFY,24123.849609375,0.03696496306769559,0.11606869556939742,True
2024-07-02,1565.175048828125,0.0363167526390206,RELIANCE,24123.849609375,0.03696496306769559,-0.0006482104286749876,False
2024-07-02,4017.39990234375,0.0849480255456727,TCS,24123.849609375,0.03696496306769559,0.04798306247797711,True
2024-07-03,884.3250122070312,0.1924956985472796,HDFCBANK,24286.5,0.109758047933469,0.08273765061381061,True
2024-07-03,1201.5999755859375,0.1214709322369316,ICICIBANK,24286.5,0.109758047933469,0.011712884303462609,True
2024-07-03,1627.4000244140625,0.16772503562957,INFY,24286.5,0.109758047933469,0.05796698769610101,True
2024-07-03,1552.425048828125,0.1110375707739594,RELIANCE,24286.5,0.109758047933469,0.0012795228404904047,True
2024-07-03,3965.25,0.0673620457604307,TCS,24286.5,0.109758047933469,-0.042396002173038294,False
2024-07-04,863.5750122070312,0.1129977897077376,HDFCBANK,24302.150390625,0.07434901804315963,0.038648771664577974,True
2024-07-04,1233.0,0.1121634175326502,ICICIBANK,24302.150390625,0.07434901804315963,0.03781439948949057,True
2024-07-04,1650.6500244140625,0.1542200213923936,INFY,24302.150390625,0.07434901804315963,0.07987100334923397,True
2024-07-04,1554.0250244140625,0.0938061055175523,RELIANCE,24302.150390625,0.07434901804315963,0.019457087474392662,True
2024-07-04,4020.949951171875,0.0732693626173057,TCS,24302.150390625,0.07434901804315963,-0.0010796554258539343,False
2024-07-05,824.0499877929688,0.0566775836260322,HDFCBANK,24323.849609375,0.06583510183569641,-0.009157518209664206,False
2024-07-05,1233.4000244140625,0.1107708909362685,ICICIBANK,24323.849609375,0.06583510183569641,0.044935789100572096,True
2024-07-05,1647.449951171875,0.1190014951074036,INFY,24323.849609375,0.06583510183569641,0.05316639327170719,True
2024-07-05,1588.625,0.1096849867923432,RELIANCE,24323.849609375,0.06583510183569641,0.043849884956646795,True
2024-07-05,4011.800048828125,0.0473580177290051,TCS,24323.849609375,0.06583510183569641,-0.018477084106691306,False
2024-07-08,817.6749877929688,0.0394063628322174,HDFCBANK,24320.55078125,0.0442418951077177,-0.0048355322755003,False
2024-07-08,1235.050048828125,0.1010520661410652,ICICIBANK,24320.55078125,0.0442418951077177,0.0568101710333475,True
2024-07-08,1661.6500244140625,0.0834963816292455,INFY,24320.55078125,0.0442418951077177,0.0392544865215278,True
2024-07-08,1600.9000244140625,0.0890847155291181,RELIANCE,24320.55078125,0.0442418951077177,0.044842820421400406,True
2024-07-08,3993.199951171875,0.0254882577445894,TCS,24320.55078125,0.0442418951077177,-0.0187536373631283,False
2024-07-09,818.25,0.0481649579325371,HDFCBANK,24433.19921875,0.050474652586216306,-0.002309694653679209,False
2024-07-09,1248.25,0.1107402969964708,ICICIBANK,24433.19921875,0.050474652586216306,0.06026564441025449,True
2024-07-09,1657.1500244140625,0.1049508414162776,INFY,24433.19921875,0.050474652586216306,0.05447618883006129,True
2024-07-09,1590.2750244140625,0.0807904023566521,RELIANCE,24433.19921875,0.050474652586216306,0.030315749770435788,True
2024-07-09,3985.5,0.0328608211140168,TCS,24433.19921875,0.050474652586216306,-0.017613831472199505,False
2024-07-10,813.0499877929688,0.0391742873498246,HDFCBANK,24324.44921875,0.04554508742442143,-0.006370800074596825,False
2024-07-10,1243.199951171875,0.1117868050959935,ICICIBANK,24324.44921875,0.04554508742442143,0.06624171767157207,True
2024-07-10,1648.25,0.1019555406986461,INFY,24324.44921875,0.04554508742442143,0.05641045327422467,True
2024-07-10,1584.2249755859375,0.0875623749170582,RELIANCE,24324.44921875,0.04554508742442143,0.04201728749263678,True
2024-07-10,3909.14990234375,0.0148100525015462,TCS,24324.44921875,0.04554508742442143,-0.03073503492287523,False
2024-07-11,810.9500122070312,0.0303338304859308,HDFCBANK,24315.94921875,0.042576090643017706,-0.012242260157086904,False
2024-07-11,1238.449951171875,0.1062032934286474,ICICIBANK,24315.94921875,0.042576090643017706,0.0636272027856297,True
2024-07-11,1652.699951171875,0.1127794273544358,INFY,24315.94921875,0.042576090643017706,0.0702033367114181,True
2024-07-11,1580.6500244140625,0.0801770469014624,RELIANCE,24315.94921875,0.042576090643017706,0.0376009562584447,True
2024-07-11,3923.699951171875,0.0240236063247374,TCS,24315.94921875,0.042576090643017706,-0.018552484318280306,False
2024-07-12,811.3499755859375,0.0265380048533132,HDFCBANK,24502.150390625,0.04714965154696027,-0.02061164669364707,False
2024-07-12,1232.9000244140625,0.1133788337889221,ICICIBANK,24502.150390625,0.04714965154696027,0.06622918224196184,True
2024-07-12,1711.75,0.1457880490958079,INFY,24502.150390625,0.04714965154696027,0.09863839754884762,True
2024-07-12,1596.7249755859375,0.089728698574262,RELIANCE,24502.150390625,0.04714965154696027,0.042579047027301725,True
2024-07-12,4183.9501953125,0.0788521074917554,TCS,24502.150390625,0.04714965154696027,0.031702455944795135,True
2024-07-15,811.0499877929688,0.0157805440457183,HDFCBANK,24586.69921875,0.04777630352676332,-0.03199575948104502,False
2024-07-15,1229.949951171875,0.1124224881410236,ICICIBANK,24586.69921875,0.04777630352676332,0.06464618461426028,True
2024-07-15,1707.050048828125,0.146517577296644,INFY,24586.69921875,0.04777630352676332,0.09874127376988068,True
2024-07-15,1597.2249755859375,0.0809955147392327,RELIANCE,24586.69921875,0.04777630352676332,0.033219211212469374,True
2024-07-15,4169.2001953125,0.0879816657372412,TCS,24586.69921875,0.04777630352676332,0.04020536221047788,True
2024-07-16,809.875,0.0074324858869017,HDFCBANK,24613.0,0.044787506181785286,-0.037355020294883585,False
2024-07-16,1239.9000244140625,0.1042437114246226,ICICIBANK,24613.0,0.044787506181785286,0.05945620524283732,True
2024-07-16,1726.050048828125,0.1520825691377363,INFY,24613.0,0.044787506181785286,0.10729506295595101,True
2024-07-16,1576.25,0.0642966688720274,RELIANCE,24613.0,0.044787506181785286,0.01950916269024211,True
2024-07-16,4178.4501953125,0.0952399906569865,TCS,24613.0,0.044787506181785286,0.05045248447520122,True
2024-07-18,807.4000244140625,-0.0259673235767894,HDFCBANK,24800.849609375,0.05463725163186761,-0.08060457520865702,False
2024-07-18,1250.300048828125,0.0924899315587051,ICICIBANK,24800.849609375,0.05463725163186761,0.03785267992683748,True
2024-07-18,1758.050048828125,0.163231599052062,INFY,24800.849609375,0.05463725163186761,0.10859434742019439,True
2024-07-18,1586.675048828125,0.087769528174169,RELIANCE,24800.849609375,0.05463725163186761,0.033132276542301387,True
2024-07-18,4315.5498046875,0.1351631796605175,TCS,24800.849609375,0.05463725163186761,0.08052592802864988,True
2024-07-19,803.6500244140625,-0.0371701127176961,HDFCBANK,24530.900390625,0.040900428167564895,-0.078070540885261,False
2024-07-19,1248.6500244140625,0.0794000447000191,ICICIBANK,24530.900390625,0.040900428167564895,0.038499616532454206,True
2024-07-19,1792.949951171875,0.1831529116314543,INFY,24530.900390625,0.040900428167564895,0.1422524834638894,True
2024-07-19,1555.1500244140625,0.0552691022194979,RELIANCE,24530.900390625,0.040900428167564895,0.014368674051933004,True
2024-07-19,4302.39990234375,0.1360221538962966,TCS,24530.900390625,0.040900428167564895,0.0951217257287317,True
2024-07-22,821.2750244140625,-0.01392763090012,HDFCBANK,24509.25,0.04289800934347898,-0.056825640243598985,False
2024-07-22,1241.1500244140625,0.0712035543620868,ICICIBANK,24509.25,0.04289800934347898,0.02830554501860781,True
2024-07-22,1810.8499755859373,0.1814771535690293,INFY,24509.25,0.04289800934347898,0.13857914422555032,True
2024-07-22,1500.675048828125,0.0319592210265156,RELIANCE,24509.25,0.04289800934347898,-0.010938788316963384,False
2024-07-22,4287.35009765625,0.1250672696073607,TCS,24509.25,0.04289800934347898,0.08216926026388172,True
2024-07-23,809.2000122070312,-0.032288925622875,HDFCBANK,24479.05078125,0.039986710234571454,-0.07227563585744645,False
2024-07-23,1226.75,0.0484146872883186,ICICIBANK,24479.05078125,0.039986710234571454,0.008427977053747149,True
2024-07-23,1836.9000244140625,0.2028287955001966,INFY,24479.05078125,0.039986710234571454,0.16284208526562516,True
2024-07-23,1487.9000244140625,0.0322066283594371,RELIANCE,24479.05078125,0.039986710234571454,-0.007780081875134355,False
2024-07-23,4302.35009765625,0.127213907623273,TCS,24479.05078125,0.039986710234571454,0.08722719738870155,True
2024-07-24,802.0250244140625,-0.0626989968671223,HDFCBANK,24413.5,0.02918049162367753,-0.09187948849079983,False
2024-07-24,1223.0,0.0209107640962964,ICICIBANK,24413.5,0.02918049162367753,-0.00826972752738113,False
2024-07-24,1833.949951171875,0.1893706081563031,INFY,24413.5,0.02918049162367753,0.16019011653262558,True
2024-07-24,1495.699951171875,0.028573342543906,RELIANCE,24413.5,0.02918049162367753,-0.0006071490797715275,False
2024-07-24,4306.25,0.1218721241071036,TCS,24413.5,0.02918049162367753,0.09269163248342607,True
2024-07-25,808.2999877929688,-0.0498971639224581,HDFCBANK,24406.099609375,0.022510507882200326,-0.07240767180465843,False
2024-07-25,1197.9000244140625,-0.0165024430098008,ICICIBANK,24406.099609375,0.022510507882200326,-0.03901295089200113,False
2024-07-25,1824.8499755859373,0.1844291772696782,INFY,24406.099609375,0.022510507882200326,0.16191866938747787,True
2024-07-25,1492.4000244140625,-0.0142831192690285,RELIANCE,24406.099609375,0.022510507882200326,-0.036793627151228823,False
2024-07-25,4322.5,0.1210238703593273,TCS,24406.099609375,0.022510507882200326,0.09851336247712697,True
2024-07-26,809.0750122070312,-0.0459864981736772,HDFCBANK,24834.849609375,0.03287028673397252,-0.07885678490764972,False
2024-07-26,1207.199951171875,-0.0104107492319196,ICICIBANK,24834.849609375,0.03287028673397252,-0.04328103596589212,False
2024-07-26,1878.9000244140625,0.1942034852826268,INFY,24834.849609375,0.03287028673397252,0.16133319854865427,True
2024-07-26,1509.0250244140625,-0.0140635874210995,RELIANCE,24834.849609375,0.03287028673397252,-0.04693387415507202,False
2024-07-26,4387.85009765625,0.1153235658463878,TCS,24834.849609375,0.03287028673397252,0.08245327911241528,True
2024-07-29,802.5250244140625,-0.0467692111392963,HDFCBANK,24836.099609375,0.034380649106225736,-0.08114986024552204,False
2024-07-29,1212.699951171875,0.0109202866393347,ICICIBANK,24836.099609375,0.034380649106225736,-0.023460362466891038,False
2024-07-29,1871.0999755859373,0.1942556091181984,INFY,24836.099609375,0.034380649106225736,0.15987496001197266,True
2024-07-29,1520.0999755859375,-0.028938321273555,RELIANCE,24836.099609375,0.034380649106225736,-0.06331897037978074,False
2024-07-29,4381.10009765625,0.1221649289199104,TCS,24836.099609375,0.034380649106225736,0.08778427981368467,True
2024-07-30,807.7750244140625,-0.0525744223028737,HDFCBANK,24857.30078125,0.029631060691007294,-0.082205482993881,False
2024-07-30,1209.449951171875,-0.0019804633101568,ICICIBANK,24857.30078125,0.029631060691007294,-0.03161152400116409,False
2024-07-30,1877.1500244140625,0.1800037508151193,INFY,24857.30078125,0.029631060691007294,0.150372690124112,True
2024-07-30,1513.1500244140625,-0.0301253079925127,RELIANCE,24857.30078125,0.029631060691007294,-0.059756368683519995,False
2024-07-30,4365.35009765625,0.0973179204756489,TCS,24857.30078125,0.029631060691007294,0.0676868597846416,True
2024-07-31,807.875,-0.0663642535572394,HDFCBANK,24951.150390625,0.034293895652893314,-0.10065814921013272,False
2024-07-31,1214.9000244140625,0.0204099188026323,ICICIBANK,24951.150390625,0.034293895652893314,-0.013883976850261014,False
2024-07-31,1868.25,0.1524937193336988,INFY,24951.150390625,0.034293895652893314,0.11819982368080548,True
2024-07-31,1505.425048828125,-0.038174643816828,RELIANCE,24951.150390625,0.034293895652893314,-0.07246853946972132,False
2024-07-31,4385.35009765625,0.0915891383125284,TCS,24951.150390625,0.034293895652893314,0.05729524265963509,True
2024-08-01,819.4000244140625,-0.0734175635617654,HDFCBANK,25010.900390625,0.02982728637823473,-0.10324484994000013,False
2024-08-01,1210.0999755859375,0.0070739016084409,ICICIBANK,25010.900390625,0.02982728637823473,-0.02275338476979383,False
2024-08-01,1852.5999755859373,0.1383802063373798,INFY,25010.900390625,0.02982728637823473,0.10855291995914507,True
2024-08-01,1515.300048828125,-0.0239141980013942,RELIANCE,25010.900390625,0.02982728637823473,-0.05374148437962893,False
2024-08-01,4397.10009765625,0.1089086684714077,TCS,25010.900390625,0.02982728637823473,0.07908138209317297,True
2024-08-02,829.5750122070312,-0.0393712179247828,HDFCBANK,24717.69921875,0.017099261647451014,-0.05647047957223381,False
2024-08-02,1196.550048828125,-0.0295620041945458,ICICIBANK,24717.69921875,0.017099261647451014,-0.04666126584199681,False
2024-08-02,1821.199951171875,0.103322887489947,INFY,24717.69921875,0.017099261647451014,0.08622362584249599,True
2024-08-02,1499.324951171875,-0.0351989655139639,RELIANCE,24717.69921875,0.017099261647451014,-0.05229822716141491,False
2024-08-02,4283.0498046875,0.0651835652515988,TCS,24717.69921875,0.017099261647451014,0.04808430360414778,True
2024-08-05,807.875,-0.019628648786574,HDFCBANK,24055.599609375,-0.011028270783939198,-0.008600378002634801,False
2024-08-05,1172.5999755859375,-0.0492946713350428,ICICIBANK,24055.599609375,-0.011028270783939198,-0.0382664005511036,False
2024-08-05,1751.9000244140625,0.063401060024852,INFY,24055.599609375,-0.011028270783939198,0.0744293308087912,True
2024-08-05,1447.324951171875,-0.0889448729738767,RELIANCE,24055.599609375,-0.011028270783939198,-0.0779166021899375,False
2024-08-05,4155.0498046875,0.0357071025763657,TCS,24055.599609375,-0.011028270783939198,0.0467353733603049,True
2024-08-06,800.5999755859375,-0.0208823951593766,HDFCBANK,23992.55078125,-0.013486536672223437,-0.007395858487153163,False
2024-08-06,1166.8499755859375,-0.055220493539431,ICICIBANK,23992.55078125,-0.013486536672223437,-0.041733956867207565,False
2024-08-06,1751.0999755859375,0.0538320042473547,INFY,23992.55078125,-0.013486536672223437,0.06731854091957815,True
2024-08-06,1456.050048828125,-0.0904803381703697,RELIANCE,23992.55078125,-0.013486536672223437,-0.07699380149814626,False
2024-08-06,4171.2001953125,0.0445758405081588,TCS,23992.55078125,-0.013486536672223437,0.058062377180382235,True
2024-08-07,811.75,-0.0079437824625725,HDFCBANK,24297.5,-0.005553886641494921,-0.0023898958210775787,False
2024-08-07,1172.449951171875,-0.0607250541382936,ICICIBANK,24297.5,-0.005553886641494921,-0.05517116749679868,False
2024-08-07,1791.6500244140625,0.0811634420652751,INFY,24297.5,-0.005553886641494921,0.08671732870677001,True
2024-08-07,1464.824951171875,-0.0788857721565549,RELIANCE,24297.5,-0.005553886641494921,-0.07333188551505998,False
2024-08-07,4200.4501953125,0.053933056156693,TCS,24297.5,-0.005553886641494921,0.05948694279818792,True
2024-08-08,821.3499755859375,0.0102084594029687,HDFCBANK,24117.0,-0.00852842409233634,0.01873688349530504,True
2024-08-08,1164.5999755859375,-0.06322392106905,ICICIBANK,24117.0,-0.00852842409233634,-0.054695496976713665,False
2024-08-08,1743.1500244140625,0.0575762320121719,INFY,24117.0,-0.00852842409233634,0.06610465610450825,True
2024-08-08,1449.125,-0.0852782765503175,RELIANCE,24117.0,-0.00852842409233634,-0.07674985245798116,False
2024-08-08,4172.5498046875,0.067380353510063,TCS,24117.0,-0.00852842409233634,0.07590877760239934,True
2024-08-09,825.0999755859375,0.0174486258905115,HDFCBANK,24367.5,0.0021200398465319736,0.015328586043979527,True
2024-08-09,1171.5999755859375,-0.0539787461921098,ICICIBANK,24367.5,0.0021200398465319736,-0.056098786038641775,False
2024-08-09,1770.75,0.0714286030833484,INFY,24367.5,0.0021200398465319736,0.06930856323681643,True
2024-08-09,1474.300048828125,-0.0672824306097491,RELIANCE,24367.5,0.0021200398465319736,-0.06940247045628108,False
2024-08-09,4228.75,0.077745508735197,TCS,24367.5,0.0021200398465319736,0.07562546888866503,True
2024-08-12,830.0499877929688,0.023048022147935,HDFCBANK,24347.0,-0.006332113228901037,0.029380135376836036,True
2024-08-12,1172.800048828125,-0.0487468362363769,ICICIBANK,24347.0,-0.006332113228901037,-0.04241472300747586,False
2024-08-12,1797.4000244140625,0.0500365266038045,INFY,24347.0,-0.006332113228901037,0.056368639832705535,True
2024-08-12,1460.625,-0.0852369554349796,RELIANCE,24347.0,-0.006332113228901037,-0.07890484220607856,False
2024-08-12,4195.64990234375,0.002796330378014,TCS,24347.0,-0.006332113228901037,0.009128443606915037,True
2024-08-13,801.5999755859375,-0.0116515780152425,HDFCBANK,24139.0,-0.018209000515554408,0.0065574225003119085,True
2024-08-13,1168.3499755859375,-0.0500833188596382,ICICIBANK,24139.0,-0.018209000515554408,-0.031874318344083795,False
2024-08-13,1797.449951171875,0.0529567966714326,INFY,24139.0,-0.018209000515554408,0.07116579718698701,True
2024-08-13,1463.625,-0.0836450579148543,RELIANCE,24139.0,-0.018209000515554408,-0.06543605739929989,False
2024-08-13,4196.9501953125,0.006655952868658,TCS,24139.0,-0.018209000515554408,0.024864953384212407,True
2024-08-14,803.9000244140625,-0.0073776515955393,HDFCBANK,24143.75,-0.019065128184292846,0.011687476588753545,True
2024-08-14,1161.6500244140625,-0.0631099269773612,ICICIBANK,24143.75,-0.019065128184292846,-0.04404479879306836,False
2024-08-14,1823.25,0.0563135183929732,INFY,24143.75,-0.019065128184292846,0.07537864657726605,True
2024-08-14,1461.8499755859375,-0.0725773350763283,RELIANCE,24143.75,-0.019065128184292846,-0.05351220689203545,False
2024-08-14,4295.25,0.0279529010106496,TCS,24143.75,-0.019065128184292846,0.04701802919494245,True
2024-08-16,816.0499877929688,0.0107133553596108,HDFCBANK,24541.150390625,-0.010471383958226554,0.021184739317837355,True
2024-08-16,1187.25,-0.0504279343884056,ICICIBANK,24541.150390625,-0.010471383958226554,-0.039956550430179046,False
2024-08-16,1858.949951171875,0.0573930772966375,INFY,24541.150390625,-0.010471383958226554,0.06786446125486406,True
2024-08-16,1478.199951171875,-0.0683662970161198,RELIANCE,24541.150390625,-0.010471383958226554,-0.05789491305789325,False
2024-08-16,4416.0498046875,0.0232878786130188,TCS,24541.150390625,-0.010471383958226554,0.033759262571245355,True
2024-08-19,815.7750244140625,0.015087413216767,HDFCBANK,24572.650390625,0.001701935083310513,0.013385478133456486,True
2024-08-19,1175.9000244140625,-0.0582629228186964,ICICIBANK,24572.650390625,0.001701935083310513,-0.05996485790200691,False
2024-08-19,1864.800048828125,0.0400736772430756,INFY,24572.650390625,0.001701935083310513,0.03837174215976509,True
2024-08-19,1488.4000244140625,-0.0429219039655994,RELIANCE,24572.650390625,0.001701935083310513,-0.044623839048909916,False
2024-08-19,4490.0,0.0436035937882144,TCS,24572.650390625,0.001701935083310513,0.04190165870490389,True
2024-08-20,818.8499755859375,-0.0029527853106883,HDFCBANK,24698.849609375,0.0077358388924588795,-0.01068862420314718,False
2024-08-20,1179.449951171875,-0.0497120187153166,ICICIBANK,24698.849609375,0.0077358388924588795,-0.05744785760777548,False
2024-08-20,1872.199951171875,0.0338791045161468,INFY,24698.849609375,0.0077358388924588795,0.02614326562368792,True
2024-08-20,1495.949951171875,-0.0031486481100221,RELIANCE,24698.849609375,0.0077358388924588795,-0.010884487002480979,False
2024-08-20,4523.2998046875,0.0550339257715939,TCS,24698.849609375,0.0077358388924588795,0.04729808687913502,True
2024-08-21,812.9000244140625,0.0045724322185065,HDFCBANK,24770.19921875,0.011893779709914565,-0.007321347491408065,False
2024-08-21,1174.8499755859375,-0.0423069283994803,ICICIBANK,24770.19921875,0.011893779709914565,-0.05420070810939486,False
2024-08-21,1872.699951171875,0.0194893169372307,INFY,24770.19921875,0.011893779709914565,0.007595537227316134,True
2024-08-21,1498.675048828125,0.0072417664071924,RELIANCE,24770.19921875,0.011893779709914565,-0.004652013302722165,False
2024-08-21,4551.5,0.0579101878481429,TCS,24770.19921875,0.011893779709914565,0.04601640813822833,True
2024-08-22,815.6500244140625,0.0169882479788632,HDFCBANK,24811.5,0.016302455608577127,0.0006857923702860737,True
2024-08-22,1191.0999755859375,-0.0260834214342293,ICICIBANK,24811.5,0.016302455608577127,-0.04238587704280643,False
2024-08-22,1880.25,0.0252460808968857,INFY,24811.5,0.016302455608577127,0.008943625288308575,True
2024-08-22,1498.125,0.0016213471333104,RELIANCE,24811.5,0.016302455608577127,-0.014681108475266727,False
2024-08-22,4502.0,0.0454571843251088,TCS,24811.5,0.016302455608577127,0.029154728716531672,True
2024-08-23,812.5250244140625,0.0052270650561681,HDFCBANK,24823.150390625,0.01708797341340862,-0.011860908357240518,False
2024-08-23,1203.5,0.0046748271740595,ICICIBANK,24823.150390625,0.01708797341340862,-0.01241314623934912,False
2024-08-23,1862.0999755859373,0.0204126369281614,INFY,24823.150390625,0.01708797341340862,0.0033246635147527806,True
2024-08-23,1499.9749755859375,0.0050756841650743,RELIANCE,24823.150390625,0.01708797341340862,-0.012012289248334319,False
2024-08-23,4463.89990234375,0.0327125280147484,TCS,24823.150390625,0.01708797341340862,0.015624554601339782,True
2024-08-26,819.9749755859375,0.0134721295484987,HDFCBANK,25010.599609375,0.007076749115229486,0.006395380433269215,True
2024-08-26,1213.300048828125,0.0050530963411059,ICICIBANK,25010.599609375,0.007076749115229486,-0.0020236527741235863,False
2024-08-26,1876.1500244140625,-0.0014636223131976,INFY,25010.599609375,0.007076749115229486,-0.008540371428427085,False
2024-08-26,1512.5999755859375,0.0023690469767148,RELIANCE,25010.599609375,0.007076749115229486,-0.004707702138514686,False
2024-08-26,4502.4501953125,0.026117596341193,TCS,25010.599609375,0.007076749115229486,0.019040847225963515,True
2024-08-27,818.875,0.0203731660553201,HDFCBANK,25017.75,0.007313966101039071,0.01305919995428103,True
2024-08-27,1226.3499755859375,0.0112558959047306,ICICIBANK,25017.75,0.007313966101039071,0.0039419298036915285,True
2024-08-27,1900.0999755859373,0.0154989045900226,INFY,25017.75,0.007313966101039071,0.008184938488983528,True
2024-08-27,1500.449951171875,-0.0129267974012619,RELIANCE,25017.75,0.007313966101039071,-0.020240763502300974,False
2024-08-27,4497.14990234375,0.0264887361851382,TCS,25017.75,0.007313966101039071,0.019174770084099128,True
2024-08-28,818.5499877929688,0.0133390647807192,HDFCBANK,25052.349609375,0.007846742083602587,0.005492322697116614,True
2024-08-28,1223.8499755859375,0.0119062590395822,ICICIBANK,25052.349609375,0.007846742083602587,0.004059516955979612,True
2024-08-28,1939.0999755859373,0.0330021310849739,INFY,25052.349609375,0.007846742083602587,0.025155389001371313,True
2024-08-28,1498.300048828125,-0.0098139479538308,RELIANCE,25052.349609375,0.007846742083602587,-0.01766069003743339,False
2024-08-28,4506.0498046875,0.0322310247480015,TCS,25052.349609375,0.007846742083602587,0.02438428266439891,True
2024-08-29,819.2750244140625,0.0141111241393316,HDFCBANK,25151.94921875,0.008047678162384386,0.006063445976947213,True
2024-08-29,1221.9000244140625,0.0057617909781308,ICICIBANK,25151.94921875,0.008047678162384386,-0.0022858871842535867,False
2024-08-29,1933.3499755859373,0.0348454305290713,INFY,25151.94921875,0.008047678162384386,0.02679775236668691,True
2024-08-29,1520.925048828125,0.0102960954529525,RELIANCE,25151.94921875,0.008047678162384386,0.002248417290568114,True
2024-08-29,4511.7998046875,0.0288345751685437,TCS,25151.94921875,0.008047678162384386,0.020786897006159315,True
2024-08-30,818.4500122070312,-0.0011593997787717,HDFCBANK,25235.900390625,0.008996077569615846,-0.010155477348387546,False
2024-08-30,1229.199951171875,0.0157837996622463,ICICIBANK,25235.900390625,0.008996077569615846,0.006787722092630455,True
2024-08-30,1943.699951171875,0.0491741211197656,INFY,25235.900390625,0.008996077569615846,0.040178043550149756,True
2024-08-30,1509.625,-0.0037451650796909,RELIANCE,25235.900390625,0.008996077569615846,-0.012741242649306745,False
2024-08-30,4553.75,0.0356257303369662,TCS,25235.900390625,0.008996077569615846,0.026629652767350354,True
2024-09-02,813.4749755859375,-0.0194075718098845,HDFCBANK,25278.69921875,0.022696287184142294,-0.0421038589940268,False
2024-09-02,1229.949951171875,0.0279135021359626,ICICIBANK,25278.69921875,0.022696287184142294,0.005217214951820304,True
2024-09-02,1964.5,0.0786844128432557,INFY,25278.69921875,0.022696287184142294,0.0559881256591134,True
2024-09-02,1516.25,0.0112884460536031,RELIANCE,25278.69921875,0.022696287184142294,-0.011407841130539194,False
2024-09-02,4521.0498046875,0.0555678805648081,TCS,25278.69921875,0.022696287184142294,0.03287159338066581,True
2024-09-03,818.6749877929688,0.0133683896555392,HDFCBANK,25279.849609375,0.05089251649844062,-0.03752412684290142,False
2024-09-03,1247.699951171875,0.0640456909001816,ICICIBANK,25279.849609375,0.05089251649844062,0.013153174401740977,True
2024-09-03,1941.25,0.1080826376774937,INFY,25279.849609375,0.05089251649844062,0.057190121179053074,True
2024-09-03,1509.125,0.0426994979794181,RELIANCE,25279.849609375,0.05089251649844062,-0.008193018519022523,False
2024-09-03,4512.35009765625,0.0859918195362334,TCS,25279.849609375,0.05089251649844062,0.03509930303779278,True
2024-09-04,820.9000244140625,0.0253560447753797,HDFCBANK,25198.69921875,0.05027178846038316,-0.02491574368500346,False
2024-09-04,1236.3499755859375,0.0595620700639774,ICICIBANK,25198.69921875,0.05027178846038316,0.009290281603594241,True
2024-09-04,1922.449951171875,0.0978527656758156,INFY,25198.69921875,0.05027178846038316,0.047580977215432446,True
2024-09-04,1514.550048828125,0.0401771903699894,RELIANCE,25198.69921875,0.05027178846038316,-0.010094598090393758,False
2024-09-04,4479.25,0.0738515991233601,TCS,25198.69921875,0.05027178846038316,0.023579810662976944,True
2024-09-05,822.7249755859375,0.0135201423910533,HDFCBANK,25145.099609375,0.03488423127379359,-0.021364088882740287,False
2024-09-05,1235.949951171875,0.0541600943703661,ICICIBANK,25145.099609375,0.03488423127379359,0.01927586309657251,True
2024-09-05,1933.1500244140625,0.0789774777840754,INFY,25145.099609375,0.03488423127379359,0.04409324651028182,True
2024-09-05,1492.9749755859375,0.0192173299557343,RELIANCE,25145.099609375,0.03488423127379359,-0.015666901318059288,False
2024-09-05,4475.9501953125,0.0655882077372194,TCS,25145.099609375,0.03488423127379359,0.03070397646342582,True
2024-09-06,818.4749755859375,-0.0035003349186795,HDFCBANK,24852.150390625,0.03048266329249083,-0.03398299821117033,False
2024-09-06,1208.1500244140625,0.0373948563808048,ICICIBANK,24852.150390625,0.03048266329249083,0.006912193088313971,True
2024-09-06,1901.8499755859373,0.0910420497083834,INFY,24852.150390625,0.03048266329249083,0.06055938641589256,True
2024-09-06,1464.824951171875,0.0108340903454671,RELIANCE,24852.150390625,0.03048266329249083,-0.01964857294702373,False
2024-09-06,4456.75,0.0681118760986927,TCS,24852.150390625,0.03048266329249083,0.037629212806201864,True
2024-09-09,823.25,-0.0022421229434939,HDFCBANK,24936.400390625,0.023346686801066996,-0.025588809744560896,False
2024-09-09,1235.0,0.0541140540587286,ICICIBANK,24936.400390625,0.023346686801066996,0.030767367257661604,True
2024-09-09,1894.6500244140625,0.0699703653333685,INFY,24936.400390625,0.023346686801066996,0.04662367853230151,True
2024-09-09,1462.449951171875,-0.0080377787857154,RELIANCE,24936.400390625,0.023346686801066996,-0.031384465586782394,False
2024-09-09,4449.5498046875,0.0522139650458173,TCS,24936.400390625,0.023346686801066996,0.028867278244750307,True
2024-09-10,825.1749877929688,-0.0058731402586513,HDFCBANK,25041.099609375,0.028508629784983697,-0.034381770043635,False
2024-09-10,1237.300048828125,0.0549965870690822,ICICIBANK,25041.099609375,0.028508629784983697,0.0264879572840985,True
2024-09-10,1912.300048828125,0.0639256831275045,INFY,25041.099609375,0.028508629784983697,0.03541705334252081,True
2024-09-10,1461.5250244140625,0.0006161912976037,RELIANCE,25041.099609375,0.028508629784983697,-0.027892438487379996,False
2024-09-10,4507.85009765625,0.0744104495320499,TCS,25041.099609375,0.028508629784983697,0.0459018197470662,True
2024-09-11,821.9500122070312,0.0253867730050998,HDFCBANK,24918.44921875,0.03229003764654714,-0.006903264641447342,False
2024-09-11,1236.3499755859375,0.0582017387092403,ICICIBANK,24918.44921875,0.03229003764654714,0.02591170106269316,True
2024-09-11,1910.1500244140625,0.0626999784715625,INFY,24918.44921875,0.03229003764654714,0.030409940825015358,True
2024-09-11,1451.5,-0.0082842258092066,RELIANCE,24918.44921875,0.03229003764654714,-0.04057426345575374,False
2024-09-11,4479.35009765625,0.0672869319867452,TCS,24918.44921875,0.03229003764654714,0.03499689434019805,True
2024-09-12,833.2999877929688,0.0365716662346602,HDFCBANK,25388.900390625,0.051572369272586016,-0.01500070303792582,False
2024-09-12,1252.1500244140625,0.0779064245667693,ICICIBANK,25388.900390625,0.051572369272586016,0.026334055294183284,True
2024-09-12,1950.449951171875,0.0697655018082408,INFY,25388.900390625,0.051572369272586016,0.018193132535654785,True
2024-09-12,1479.800048828125,0.0122790118972315,RELIANCE,25388.900390625,0.051572369272586016,-0.03929335737535451,False
2024-09-12,4517.7001953125,0.0517898132384611,TCS,25388.900390625,0.051572369272586016,0.00021744396587508596,True
2024-09-13,832.9749755859375,0.0207401360776229,HDFCBANK,25356.5,0.03322377298524981,-0.01248363690762691,False
2024-09-13,1250.3499755859375,0.0531480106009158,ICICIBANK,25356.5,0.03322377298524981,0.019924237615665988,True
2024-09-13,1944.0999755859373,0.0458054421316636,INFY,25356.5,0.03322377298524981,0.012581669146413788,True
2024-09-13,1472.625,-0.003771445918027,RELIANCE,25356.5,0.03322377298524981,-0.03699521890327681,False
2024-09-13,4522.60009765625,0.0241279645115528,TCS,25356.5,0.03322377298524981,-0.009095808473697013,False
2024-09-16,835.4749755859375,0.0241487549658985,HDFCBANK,25383.75,0.033008226482742486,-0.008859471516843985,False
2024-09-16,1262.8499755859375,0.073943319471569,ICICIBANK,25383.75,0.033008226482742486,0.04093509298882651,True
2024-09-16,1950.25,0.0458225809386767,INFY,25383.75,0.033008226482742486,0.012814354455934214,True
2024-09-16,1471.3499755859375,-0.0114552865818697,RELIANCE,25383.75,0.033008226482742486,-0.04446351306461219,False
2024-09-16,4513.25,0.0051781737193763,TCS,25383.75,0.033008226482742486,-0.027830052763366187,False
2024-09-17,834.4000244140625,0.0189901072134708,HDFCBANK,25418.55078125,0.029139056403737262,-0.010148949190266463,False
2024-09-17,1268.0999755859375,0.0751621756616138,ICICIBANK,25418.55078125,0.029139056403737262,0.04602311925787654,True
2024-09-17,1952.550048828125,0.0429174766327475,INFY,25418.55078125,0.029139056403737262,0.013778420229010241,True
2024-09-17,1472.300048828125,-0.0158092871524367,RELIANCE,25418.55078125,0.029139056403737262,-0.04494834355617396,False
2024-09-17,4505.64990234375,-0.0039019970167485,TCS,25418.55078125,0.029139056403737262,-0.033041053420485765,False
2024-09-18,847.4000244140625,0.0424406433311004,HDFCBANK,25377.55078125,0.02451944601399325,0.017921197317107146,True
2024-09-18,1288.3499755859375,0.0966080796345028,ICICIBANK,25377.55078125,0.02451944601399325,0.07208863362050955,True
2024-09-18,1892.1500244140625,0.0103861129648752,INFY,25377.55078125,0.02451944601399325,-0.014133333049118051,False
2024-09-18,1463.449951171875,-0.0235041596801081,RELIANCE,25377.55078125,0.02451944601399325,-0.04802360569410135,False
2024-09-18,4346.14990234375,-0.04511701585329,TCS,25377.55078125,0.02451944601399325,-0.06963646186728326,False
2024-09-19,854.25,0.0473241885987394,HDFCBANK,25415.80078125,0.024355673024605506,0.022968515574133895,True
2024-09-19,1292.0,0.0847116333491877,ICICIBANK,25415.80078125,0.024355673024605506,0.060355960324582195,True
2024-09-19,1894.199951171875,0.0074192001977795,INFY,25415.80078125,0.024355673024605506,-0.016936472826826005,False
2024-09-19,1469.675048828125,-0.0189903720796829,RELIANCE,25415.80078125,0.024355673024605506,-0.04334604510428841,False
2024-09-19,4296.14990234375,-0.0457241443039204,TCS,25415.80078125,0.024355673024605506,-0.0700798173285259,False
2024-09-20,870.5999755859375,0.0714746616127357,HDFCBANK,25790.94921875,0.03898775187256298,0.03248690974017272,True
2024-09-20,1338.449951171875,0.1121312431839427,ICICIBANK,25790.94921875,0.03898775187256298,0.07314349131137972,True
2024-09-20,1905.75,0.0234412893971107,INFY,25790.94921875,0.03898775187256298,-0.015546462475452282,False
2024-09-20,1485.925048828125,-0.0093667741038974,RELIANCE,25790.94921875,0.03898775187256298,-0.04835452597646038,False
2024-09-20,4284.89990234375,-0.0400994654709925,TCS,25790.94921875,0.03898775187256298,-0.07908721734355548,False
2024-09-23,879.9000244140625,0.0730815581113359,HDFCBANK,25939.05078125,0.03712230759661517,0.035959250514720736,True
2024-09-23,1321.9000244140625,0.0895079297910106,ICICIBANK,25939.05078125,0.03712230759661517,0.05238562219439544,True
2024-09-23,1896.449951171875,0.0108199912020108,INFY,25939.05078125,0.03712230759661517,-0.02630231639460437,False
2024-09-23,1493.375,-0.0127098875421377,RELIANCE,25939.05078125,0.03712230759661517,-0.049832195138752866,False
2024-09-23,4268.5,-0.0519606403544598,TCS,25939.05078125,0.03712230759661517,-0.08908294795107496,False
2024-09-24,884.0250244140625,0.07956040227637,HDFCBANK,25940.400390625,0.03687983094502911,0.042680571331340886,True
2024-09-24,1318.5999755859375,0.075223224884009,ICICIBANK,25940.400390625,0.03687983094502911,0.03834339393897988,True
2024-09-24,1898.5999755859373,-0.000789432145294,INFY,25940.400390625,0.03687983094502911,-0.03766926309032311,False
2024-09-24,1489.375,-0.007381086695511,RELIANCE,25940.400390625,0.03687983094502911,-0.04426091764054011,False
2024-09-24,4271.2998046875,-0.0502207181349558,TCS,25940.400390625,0.03687983094502911,-0.0871005490799849,False
2024-09-25,889.5499877929688,0.0867387466359081,HDFCBANK,26004.150390625,0.037992475599726516,0.04874627103618158,True
2024-09-25,1323.8499755859375,0.0817093614371511,ICICIBANK,26004.150390625,0.037992475599726516,0.043716885837424585,True
2024-09-25,1895.300048828125,-0.0225877609763659,INFY,26004.150390625,0.037992475599726516,-0.06058023657609242,False
2024-09-25,1493.949951171875,-0.0029033554791995,RELIANCE,26004.150390625,0.037992475599726516,-0.04089583107892602,False
2024-09-25,4274.75,-0.0513309472183122,TCS,26004.150390625,0.037992475599726516,-0.08932342281803872,False
2024-09-26,891.7249755859375,0.0884317829945939,HDFCBANK,26216.05078125,0.04230692234805988,0.04612486064653401,True
2024-09-26,1329.050048828125,0.0876913186620518,ICICIBANK,26216.05078125,0.04230692234805988,0.04538439631399192,True
2024-09-26,1900.25,-0.0171205296526334,INFY,26216.05078125,0.04230692234805988,-0.059427452000693284,False
2024-09-26,1497.949951171875,-0.015106002543618,RELIANCE,26216.05078125,0.04230692234805988,-0.05741292489167788,False
2024-09-26,4292.5,-0.0486058367349677,TCS,26216.05078125,0.04230692234805988,-0.09091275908302758,False
2024-09-27,876.3250122070312,0.0707129319284074,HDFCBANK,26178.94921875,0.03736933549140731,0.03334359643700009,True
2024-09-27,1306.5999755859375,0.0629678062875549,ICICIBANK,26178.94921875,0.03736933549140731,0.02559847079614759,True
2024-09-27,1906.75,-0.0190101106652791,INFY,26178.94921875,0.03736933549140731,-0.05637944615668641,False
2024-09-27,1526.175048828125,0.0109630198414341,RELIANCE,26178.94921875,0.03736933549140731,-0.026406315649973207,False
2024-09-27,4308.7001953125,-0.0538127487647542,TCS,26178.94921875,0.03736933549140731,-0.0911820842561615,False
2024-09-30,866.0250244140625,0.0645994657552604,HDFCBANK,25810.849609375,0.021051335989246134,0.04354812976601427,True
2024-09-30,1273.0,0.0350014639108751,ICICIBANK,25810.849609375,0.021051335989246134,0.013950127921628967,True
2024-09-30,1875.5999755859373,-0.0452532575281561,INFY,25810.849609375,0.021051335989246134,-0.06630459351740223,False
2024-09-30,1476.574951171875,-0.0261665614694971,RELIANCE,25810.849609375,0.021051335989246134,-0.04721789745874323,False
2024-09-30,4268.5,-0.0558608764773288,TCS,25810.849609375,0.021051335989246134,-0.07691221246657493,False
2024-10-01,863.0999755859375,0.0542644986782021,HDFCBANK,25796.900390625,0.020453079794361395,0.033811418883840705,True
2024-10-01,1274.4000244140625,0.0213994343889409,ICICIBANK,25796.900390625,0.020453079794361395,0.0009463545945795036,True
2024-10-01,1904.3499755859373,-0.0190083834715069,INFY,25796.900390625,0.020453079794361395,-0.039461463265868295,False
2024-10-01,1464.824951171875,-0.0293547909073966,RELIANCE,25796.900390625,0.020453079794361395,-0.049807870701757996,False
2024-10-01,4287.89990234375,-0.049741307845125,TCS,25796.900390625,0.020453079794361395,-0.0701943876394864,False
2024-10-03,841.0,0.024485290520346,HDFCBANK,25250.099609375,0.0020398033318622666,0.022445487188483732,True
2024-10-03,1256.3499755859375,0.0161766493265966,ICICIBANK,25250.099609375,0.0020398033318622666,0.014136845994734332,True
2024-10-03,1893.4000244140625,-0.0151108884473712,INFY,25250.099609375,0.0020398033318622666,-0.017150691779233465,False
2024-10-03,1406.9749755859375,-0.0710277440652575,RELIANCE,25250.099609375,0.0020398033318622666,-0.07306754739711976,False
2024-10-03,4232.75,-0.0550315342970363,TCS,25250.099609375,0.0020398033318622666,-0.057071337628898565,False
2024-10-04,828.8250122070312,0.0074144298545808,HDFCBANK,25014.599609375,-0.0051898780290114965,0.012604307883592297,True
2024-10-04,1239.75,0.0030745976603032,ICICIBANK,25014.599609375,-0.0051898780290114965,0.008264475689314696,True
2024-10-04,1918.1500244140625,-0.0077593563927075,INFY,25014.599609375,-0.0051898780290114965,-0.002569478363696003,False
2024-10-04,1386.5250244140625,-0.0713005595623579,RELIANCE,25014.599609375,-0.0051898780290114965,-0.0661106815333464,False
2024-10-04,4252.25,-0.0499782583699821,TCS,25014.599609375,-0.0051898780290114965,-0.0447883803409706,False
2024-10-07,808.9000244140625,-0.0116985264760481,HDFCBANK,24795.75,-0.0022694370401957764,-0.009429089435852323,False
2024-10-07,1233.9000244140625,0.0213135781812265,ICICIBANK,24795.75,-0.0022694370401957764,0.023583015221422275,True
2024-10-07,1934.300048828125,0.0170623727732206,INFY,24795.75,-0.0022694370401957764,0.019331809813416378,True
2024-10-07,1370.7249755859375,-0.0642397410766771,RELIANCE,24795.75,-0.0022694370401957764,-0.06197030403648132,False
2024-10-07,4272.85009765625,-0.0412632304580131,TCS,24795.75,-0.0022694370401957764,-0.03899379341781732,False
2024-10-08,825.5250244140625,0.0027634672506073,HDFCBANK,25013.150390625,0.003077829951305011,-0.0003143627006977111,False
2024-10-08,1236.5999755859375,0.0012955267902328,ICICIBANK,25013.150390625,0.003077829951305011,-0.0017823031610722112,False
2024-10-08,1948.550048828125,0.0284485386322106,INFY,25013.150390625,0.003077829951305011,0.025370708680905588,True
2024-10-08,1397.3499755859375,-0.0445143271629722,RELIANCE,25013.150390625,0.003077829951305011,-0.04759215711427721,False
2024-10-08,4253.25,-0.0441167788437164,TCS,25013.150390625,0.003077829951305011,-0.04719460879502141,False
2024-10-09,816.5750122070312,-0.0104220022578958,HDFCBANK,24981.94921875,-0.002362132316380161,-0.008059869941515639,False
2024-10-09,1244.1500244140625,0.0055362283323476,ICICIBANK,24981.94921875,-0.002362132316380161,0.00789836064872776,True
2024-10-09,1952.75,0.0211525127537717,INFY,24981.94921875,-0.002362132316380161,0.02351464507015186,True
2024-10-09,1374.5999755859375,-0.0594755802166123,RELIANCE,24981.94921875,-0.002362132316380161,-0.05711344790023214,False
2024-10-09,4252.9501953125,-0.0565457805432082,TCS,24981.94921875,-0.002362132316380161,-0.054183648226828036,False
2024-10-10,831.2000122070312,0.0112537257286031,HDFCBANK,24998.44921875,0.0032104726621511315,0.00804325306645197,True
2024-10-10,1243.5,0.0057831718811447,ICICIBANK,24998.44921875,0.0032104726621511315,0.0025726992189935684,True
2024-10-10,1919.0,0.0046331311534821,INFY,24998.44921875,0.0032104726621511315,0.0014226584913309684,True
2024-10-10,1371.050048828125,-0.0554253883374956,RELIANCE,24998.44921875,0.0032104726621511315,-0.05863586099964673,False
2024-10-10,4227.39990234375,-0.056247042499386,TCS,24998.44921875,0.0032104726621511315,-0.05945751516153713,False
2024-10-11,825.5,-0.0093603599030732,HDFCBANK,24964.25,-0.01672582837741976,0.00736546847434656,True
2024-10-11,1223.0,-0.0232799775152366,ICICIBANK,24964.25,-0.01672582837741976,-0.00655414913781684,False
2024-10-11,1935.0999755859373,-0.0078699664027344,INFY,24964.25,-0.01672582837741976,0.00885586197468536,True
2024-10-11,1372.0999755859375,-0.0727801525128186,RELIANCE,24964.25,-0.01672582837741976,-0.056054324135398834,False
2024-10-11,4149.2001953125,-0.081568051014618,TCS,24964.25,-0.01672582837741976,-0.06484222263719824,False
2024-10-14,844.0499877929688,0.0132957322028082,HDFCBANK,25127.94921875,-0.009013498757714955,0.022309230960523153,True
2024-10-14,1231.75,-0.0148758155309446,ICICIBANK,25127.94921875,-0.009013498757714955,-0.005862316773229645,False
2024-10-14,1958.9000244140625,0.0076128023321766,INFY,25127.94921875,-0.009013498757714955,0.016626301089891556,True
2024-10-14,1372.5250244140625,-0.0679738396305491,RELIANCE,25127.94921875,-0.009013498757714955,-0.05896034087283414,False
2024-10-14,4136.64990234375,-0.0853381212087514,TCS,25127.94921875,-0.009013498757714955,-0.07632462245103644,False
2024-10-15,842.0499877929688,0.0078697895199315,HDFCBANK,25057.349609375,-0.012858635569015564,0.020728425088947063,True
2024-10-15,1255.5,-0.0058201494461186,ICICIBANK,25057.349609375,-0.012858635569015564,0.007038486122896964,True
2024-10-15,1959.300048828125,0.0046404557508652,INFY,25057.349609375,-0.012858635569015564,0.017499091319880762,True
2024-10-15,1344.0250244140625,-0.0865361425116891,RELIANCE,25057.349609375,-0.012858635569015564,-0.07367750694267354,False
2024-10-15,4116.7998046875,-0.0878413992826676,TCS,25057.349609375,-0.012858635569015564,-0.07498276371365203,False
2024-10-16,849.9000244140625,0.0185762218917533,HDFCBANK,24971.30078125,-0.017595416979079515,0.036171638870832815,True
2024-10-16,1243.1500244140625,-0.0196750663608732,ICICIBANK,24971.30078125,-0.017595416979079515,-0.0020796493817936863,False
2024-10-16,1920.0999755859373,-0.0166193298152145,INFY,24971.30078125,-0.017595416979079515,0.0009760871638650158,True
2024-10-16,1354.074951171875,-0.0802995950114592,RELIANCE,24971.30078125,-0.017595416979079515,-0.06270417803237968,False
2024-10-16,4094.949951171875,-0.0911522111290176,TCS,24971.30078125,-0.017595416979079515,-0.07355679414993808,False
2024-10-17,836.5750122070312,-0.012774382694308,HDFCBANK,24749.849609375,-0.024734505598498213,0.011960122904190212,True
2024-10-17,1231.25,-0.0443202364791978,ICICIBANK,24749.849609375,-0.024734505598498213,-0.019585730880699585,False
2024-10-17,1968.0999755859373,0.0401394974985633,INFY,24749.849609375,-0.024734505598498213,0.06487400309706151,True
2024-10-17,1356.425048828125,-0.0731319183536468,RELIANCE,24749.849609375,-0.024734505598498213,-0.04839741275514858,False
2024-10-17,4109.0,-0.0545655137702134,TCS,24749.849609375,-0.024734505598498213,-0.02983100817171519,False
2024-10-18,840.9249877929688,-0.0155984924870135,HDFCBANK,24854.05078125,-0.022102392320230146,0.006503899833216647,True
2024-10-18,1264.5,-0.0212848297213622,ICICIBANK,24854.05078125,-0.022102392320230146,0.0008175625988679457,True
2024-10-18,1879.5999755859373,-0.0077077267248926,INFY,24854.05078125,-0.022102392320230146,0.014394665595337548,True
2024-10-18,1359.300048828125,-0.0751016356221123,RELIANCE,24854.05078125,-0.022102392320230146,-0.05299924330188216,False
2024-10-18,4123.0498046875,-0.0402919128966648,TCS,24854.05078125,-0.022102392320230146,-0.01818952057643465,False
2024-10-21,864.3499755859375,-0.0071789572424391,HDFCBANK,24781.099609375,-0.039155193583989556,0.03197623634155046,True
2024-10-21,1259.050048828125,-0.0593222796819796,ICICIBANK,24781.099609375,-0.039155193583989556,-0.020167086097990047,False
2024-10-21,1852.75,-0.0278105732651187,INFY,24781.099609375,-0.039155193583989556,0.011344620318870857,True
2024-10-21,1369.199951171875,-0.078553825947214,RELIANCE,24781.099609375,-0.039155193583989556,-0.03939863236322444,False
2024-10-21,4079.85009765625,-0.047854047786587,TCS,24781.099609375,-0.039155193583989556,-0.008698854202597445,False
2024-10-22,857.2750244140625,-0.0257131485080549,HDFCBANK,24472.099609375,-0.05655377231210723,0.030840623804052333,True
2024-10-22,1267.5,-0.0411529037062962,ICICIBANK,24472.099609375,-0.05655377231210723,0.015400868605811031,True
2024-10-22,1851.5999755859373,-0.0236494380240425,INFY,24472.099609375,-0.05655377231210723,0.03290433428806473,True
2024-10-22,1343.3499755859375,-0.1004603829674813,RELIANCE,24472.099609375,-0.05655377231210723,-0.04390661065537407,False
2024-10-22,4015.5,-0.0592714068173831,TCS,24472.099609375,-0.05655377231210723,-0.0027176345052758663,False
2024-10-23,867.9000244140625,-0.0182404338731109,HDFCBANK,24435.5,-0.05801376879166753,0.03977333491855663,True
2024-10-23,1251.5999755859375,-0.050811467647895,ICICIBANK,24435.5,-0.05801376879166753,0.00720230114377253,True
2024-10-23,1873.4000244140625,-0.0132729124069949,INFY,24435.5,-0.05801376879166753,0.04474085638467263,True
2024-10-23,1338.5250244140625,-0.1012840792855643,RELIANCE,24435.5,-0.05801376879166753,-0.04327031049389676,False
2024-10-23,4066.25,-0.0480064182014265,TCS,24435.5,-0.05801376879166753,0.010007350590241028,True
2024-10-24,874.8250122070312,-0.0165532862548524,HDFCBANK,24399.400390625,-0.061711302845662064,0.04515801659080966,True
2024-10-24,1252.75,-0.0537069735220326,ICICIBANK,24399.400390625,-0.061711302845662064,0.008004329323629461,True
2024-10-24,1863.3499755859373,-0.0168575277893031,INFY,24399.400390625,-0.061711302845662064,0.044853775056358965,True
2024-10-24,1339.800048828125,-0.1031827754489584,RELIANCE,24399.400390625,-0.061711302845662064,-0.04147147260329634,False
2024-10-24,4047.89990234375,-0.0530674536888121,TCS,24399.400390625,-0.061711302845662064,0.008643849156849966,True
2024-10-25,871.7000122070312,-0.022456434357183,HDFCBANK,24180.80078125,-0.07763373732307666,0.055177302965893654,True
2024-10-25,1255.449951171875,-0.0553779729522948,ICICIBANK,24180.80078125,-0.07763373732307666,0.022255764370781854,True
2024-10-25,1862.050048828125,-0.0201025923809367,INFY,24180.80078125,-0.07763373732307666,0.057531144942139956,True
2024-10-25,1327.8499755859375,-0.1135551794990646,RELIANCE,24180.80078125,-0.07763373732307666,-0.035921442175987944,False
2024-10-25,4057.550048828125,-0.0547349915368374,TCS,24180.80078125,-0.07763373732307666,0.02289874578623926,True
2024-10-28,867.0999755859375,-0.0105269580265208,HDFCBANK,24339.150390625,-0.0702777950616632,0.059750837035142404,True
2024-10-28,1292.8499755859375,-0.0105234962933731,ICICIBANK,24339.150390625,-0.0702777950616632,0.05975429876829011,True
2024-10-28,1865.3499755859373,-0.0217123505514947,INFY,24339.150390625,-0.0702777950616632,0.048565444510168504,True
2024-10-28,1334.3499755859375,-0.1256900860680959,RELIANCE,24339.150390625,-0.0702777950616632,-0.05541229100643269,False
2024-10-28,4090.85009765625,-0.0505605142574673,TCS,24339.150390625,-0.0702777950616632,0.019717280804195908,True
2024-10-29,875.9249877929688,0.0114314980512304,HDFCBANK,24466.849609375,-0.052071125915662764,0.06350262396689316,True
2024-10-29,1331.8499755859375,0.0462293602403278,ICICIBANK,24466.849609375,-0.052071125915662764,0.09830048615599057,True
2024-10-29,1839.300048828125,-0.0193537679837472,INFY,24466.849609375,-0.052071125915662764,0.03271735793191556,True
2024-10-29,1340.0,-0.0924944250635452,RELIANCE,24466.849609375,-0.052071125915662764,-0.04042329914788244,False
2024-10-29,4075.25,-0.0452735152864003,TCS,24466.849609375,-0.052071125915662764,0.006797610629262464,True
2024-10-30,867.2999877929688,0.0048661943295502,HDFCBANK,24340.849609375,-0.05644285783183289,0.06130905216138309,True
2024-10-30,1312.1500244140625,0.0296217822322755,ICICIBANK,24340.849609375,-0.05644285783183289,0.0860646400641084,True
2024-10-30,1802.0999755859373,-0.0536928617695596,INFY,24340.849609375,-0.05644285783183289,0.0027499960622732952,True
2024-10-30,1343.9000244140625,-0.0825524760901098,RELIANCE,24340.849609375,-0.05644285783183289,-0.0261096182582769,False
2024-10-30,4084.64990234375,-0.047400826658501,TCS,24340.849609375,-0.05644285783183289,0.009042031173331896,True
2024-10-31,867.8499755859375,0.0319262492103893,HDFCBANK,24205.349609375,-0.04137607439822133,0.07330232360861064,True
2024-10-31,1292.25,0.0285748598015607,ICICIBANK,24205.349609375,-0.04137607439822133,0.06995093419978203,True
2024-10-31,1757.25,-0.0719076912741648,INFY,24205.349609375,-0.04137607439822133,-0.030531616875943468,False
2024-10-31,1332.050048828125,-0.0532524942219457,RELIANCE,24205.349609375,-0.04137607439822133,-0.011876419823724373,False
2024-10-31,3968.449951171875,-0.0624416865697536,TCS,24205.349609375,-0.04137607439822133,-0.021065612171532272,False
2024-11-01,868.6500244140625,0.0480499642511795,HDFCBANK,24304.349609375,-0.028393418687133853,0.07644338293831335,True
2024-11-01,1291.800048828125,0.0419843104078443,ICICIBANK,24304.349609375,-0.028393418687133853,0.07037772909497815,True
2024-11-01,1760.8499755859375,-0.0820061240393204,INFY,24304.349609375,-0.028393418687133853,-0.05361270535218654,False
2024-11-01,1338.6500244140625,-0.0345287673550873,RELIANCE,24304.349609375,-0.028393418687133853,-0.006135348667953448,False
2024-11-01,3984.199951171875,-0.0630372270746369,TCS,24304.349609375,-0.028393418687133853,-0.03464380838750304,False
2024-11-04,857.0499877929688,0.0595252341768492,HDFCBANK,23995.349609375,-0.03227974110986764,0.09180497528671684,True
2024-11-04,1277.199951171875,0.0350919247111403,ICICIBANK,23995.349609375,-0.03227974110986764,0.06737166582100795,True
2024-11-04,1763.6500244140625,-0.088223140209012,INFY,23995.349609375,-0.03227974110986764,-0.05594339909914435,False
2024-11-04,1302.1500244140625,-0.0500282349802239,RELIANCE,23995.349609375,-0.03227974110986764,-0.017748493870356256,False
2024-11-04,3964.14990234375,-0.0722469050533339,TCS,23995.349609375,-0.03227974110986764,-0.03996716394346626,False
2024-11-05,878.9249877929688,0.0646860625658298,HDFCBANK,24213.30078125,-0.031977163887152216,0.09666322645298202,True
2024-11-05,1296.699951171875,0.0486009839661045,ICICIBANK,24213.30078125,-0.031977163887152216,0.08057814785325672,True
2024-11-05,1754.199951171875,-0.0997408805450668,INFY,24213.30078125,-0.031977163887152216,-0.06776371665791459,False
2024-11-05,1305.300048828125,-0.065874640115991,RELIANCE,24213.30078125,-0.031977163887152216,-0.03389747622883879,False
2024-11-05,3971.35009765625,-0.0662787050711221,TCS,24213.30078125,-0.031977163887152216,-0.034301541183969886,False
2024-11-06,877.625,0.0747634777948487,HDFCBANK,24484.05078125,-0.01993032781950843,0.09469380561435713,True
2024-11-06,1302.3499755859375,0.0467788852066168,ICICIBANK,24484.05078125,-0.01993032781950843,0.06670921302612523,True
2024-11-06,1823.699951171875,-0.0660863135722058,INFY,24484.05078125,-0.01993032781950843,-0.04615598575269737,False
2024-11-06,1325.3499755859375,-0.0358286053213456,RELIANCE,24484.05078125,-0.01993032781950843,-0.01589827750183717,False
2024-11-06,4139.64990234375,-0.0266403996674183,TCS,24484.05078125,-0.01993032781950843,-0.006710071847909869,False
2024-11-07,873.2750244140625,0.0506196000831522,HDFCBANK,24199.349609375,-0.03196596726390688,0.08258556734705907,True
2024-11-07,1278.699951171875,0.0283071581599316,ICICIBANK,24199.349609375,-0.03196596726390688,0.06027312542383848,True
2024-11-07,1803.050048828125,-0.0604220693964955,INFY,24199.349609375,-0.03196596726390688,-0.028456102132588618,False
2024-11-07,1305.6500244140625,-0.0477006834797618,RELIANCE,24199.349609375,-0.03196596726390688,-0.01573471621585492,False
2024-11-07,4150.89990234375,-0.0180962297788734,TCS,24199.349609375,-0.03196596726390688,0.013869737485033479,True
2024-11-08,877.2249755859375,0.0626589649738795,HDFCBANK,24148.19921875,-0.03268877619996591,0.09534774117384541,True
2024-11-08,1258.8499755859375,0.0293131443875205,ICICIBANK,24148.19921875,-0.03268877619996591,0.06200192058748641,True
2024-11-08,1829.949951171875,-0.054338290393613,INFY,24148.19921875,-0.03268877619996591,-0.021649514193647093,False
2024-11-08,1283.75,-0.0643903339100409,RELIANCE,24148.19921875,-0.03268877619996591,-0.03170155771007499,False
2024-11-08,4147.0,-0.0005302697408974,TCS,24148.19921875,-0.03268877619996591,0.03215850645906851,True
2024-11-11,883.1500244140625,0.0463243139465388,HDFCBANK,24141.30078125,-0.03926498055654226,0.08558929450308106,True
2024-11-11,1269.300048828125,0.0304851218413841,ICICIBANK,24141.30078125,-0.03926498055654226,0.06975010239792637,True
2024-11-11,1860.0999755859373,-0.0504364937448391,INFY,24141.30078125,-0.03926498055654226,-0.011171513188296837,False
2024-11-11,1272.699951171875,-0.0727309677175491,RELIANCE,24141.30078125,-0.03926498055654226,-0.033465987161006835,False
2024-11-11,4198.7001953125,0.0150001316121999,TCS,24141.30078125,-0.03926498055654226,0.05426511216874216,True
2024-11-12,859.0999755859375,0.0202481895851065,HDFCBANK,23883.44921875,-0.046848545792959495,0.067096735378066,True
2024-11-12,1270.5999755859375,0.0120270613985962,ICICIBANK,23883.44921875,-0.046848545792959495,0.0588756071915557,True
2024-11-12,1868.800048828125,-0.0461899646530039,INFY,23883.44921875,-0.046848545792959495,0.0006585811399555941,True
2024-11-12,1274.25,-0.0519149741609025,RELIANCE,23883.44921875,-0.046848545792959495,-0.005066428367943007,False
2024-11-12,4197.39990234375,0.0195783379032608,TCS,23883.44921875,-0.046848545792959495,0.0664268836962203,True
2024-11-13,840.6749877929688,-0.0108542609202225,HDFCBANK,23559.05078125,-0.05655492328458933,0.04570066236436683,True
2024-11-13,1253.699951171875,0.0084864469698942,ICICIBANK,23559.05078125,-0.05655492328458933,0.06504137025448353,True
2024-11-13,1868.4000244140625,-0.0269256558664858,INFY,23559.05078125,-0.05655492328458933,0.029629267418103532,True
2024-11-13,1252.050048828125,-0.0753465694461398,RELIANCE,23559.05078125,-0.05655492328458933,-0.018791646161550463,False
2024-11-13,4150.35009765625,0.0135288946494989,TCS,23559.05078125,-0.05655492328458933,0.07008381793408823,True
2024-11-14,846.375,0.0117144161013305,HDFCBANK,23532.69921875,-0.04917809238582016,0.06089250848715066,True
2024-11-14,1256.949951171875,0.02087305678934,ICICIBANK,23532.69921875,-0.04917809238582016,0.07005114917516016,True
2024-11-14,1864.550048828125,-0.052614159871113,INFY,23532.69921875,-0.04917809238582016,-0.0034360674852928416,False
2024-11-14,1267.5999755859375,-0.0654846895660968,RELIANCE,23532.69921875,-0.04917809238582016,-0.016306597180276633,False
2024-11-14,4145.89990234375,0.0089802634080675,TCS,23532.69921875,-0.04917809238582016,0.05815835579388766,True
2024-11-18,852.5499877929688,0.0138240629886741,HDFCBANK,23453.80078125,-0.0563389047654298,0.0701629677541039,True
2024-11-18,1253.449951171875,-0.0087386704848754,ICICIBANK,23453.80078125,-0.0563389047654298,0.0476002342805544,True
2024-11-18,1811.449951171875,-0.0362577278672381,INFY,23453.80078125,-0.0563389047654298,0.0200811768981917,True
2024-11-18,1260.75,-0.0725005850717702,RELIANCE,23453.80078125,-0.0563389047654298,-0.016161680306340395,False
2024-11-18,4019.5,-0.0251148566213714,TCS,23453.80078125,-0.0563389047654298,0.031224048144058398,True
2024-11-19,871.125,0.0078382884311065,HDFCBANK,23518.5,-0.050950104284207876,0.05878839271531437,True
2024-11-19,1249.0999755859375,-0.0079028417110571,ICICIBANK,23518.5,-0.050950104284207876,0.04304726257315078,True
2024-11-19,1824.75,-0.0151126703548778,INFY,23518.5,-0.050950104284207876,0.03583743392933007,True
2024-11-19,1241.6500244140625,-0.0931565376179313,RELIANCE,23518.5,-0.050950104284207876,-0.042206433333723425,False
2024-11-19,4039.550048828125,-0.0098778258670033,TCS,23518.5,-0.050950104284207876,0.04107227841720457,True
2024-11-21,870.5999755859375,0.0155433796534343,HDFCBANK,23349.900390625,-0.04585627047382956,0.061399650127263866,True
2024-11-21,1250.550048828125,-0.0133727425419132,ICICIBANK,23349.900390625,-0.04585627047382956,0.03248352793191636,True
2024-11-21,1834.050048828125,-0.0094782496161238,INFY,23349.900390625,-0.04585627047382956,0.036378020857705765,True
2024-11-21,1223.0,-0.0895894426420365,RELIANCE,23349.900390625,-0.04585627047382956,-0.043733172168206935,False
2024-11-21,4072.85009765625,0.0142821809628315,TCS,23349.900390625,-0.04585627047382956,0.060138451436661064,True
2024-11-22,872.7999877929688,0.0056457693755849,HDFCBANK,23907.25,-0.02161813754578379,0.027263906921368687,True
2024-11-22,1278.050048828125,0.0211330087552972,ICICIBANK,23907.25,-0.02161813754578379,0.04275114630108099,True
2024-11-22,1902.25,0.0153997946033768,INFY,23907.25,-0.02161813754578379,0.03701793214916059,True
2024-11-22,1265.4000244140625,-0.0546310294288374,RELIANCE,23907.25,-0.02161813754578379,-0.03301289188305361,False
2024-11-22,4244.60009765625,0.0438610753535197,TCS,23907.25,-0.02161813754578379,0.06547921289930349,True
2024-11-25,892.7999877929688,0.0205469383420917,HDFCBANK,24221.900390625,-0.007274768935231712,0.027821707277323412,True
2024-11-25,1300.949951171875,0.0384753152439631,ICICIBANK,24221.900390625,-0.007274768935231712,0.045750084179194815,True
2024-11-25,1889.699951171875,0.0141411843889669,INFY,24221.900390625,-0.007274768935231712,0.021415953324198614,True
2024-11-25,1287.0,-0.0394089020031812,RELIANCE,24221.900390625,-0.007274768935231712,-0.03213413306794949,False
2024-11-25,4315.10009765625,0.0660095856515103,TCS,24221.900390625,-0.007274768935231712,0.07328435458674201,True
2024-11-26,892.7750244140625,0.0241769093861454,HDFCBANK,24194.5,0.0005665328817654469,0.023610376504379953,True
2024-11-26,1304.949951171875,0.0394280950457603,ICICIBANK,24194.5,0.0005665328817654469,0.038861562163994855,True
2024-11-26,1924.1500244140625,0.0333503256934581,INFY,24194.5,0.0005665328817654469,0.03278379281169265,True
2024-11-26,1295.699951171875,-0.0242120909780306,RELIANCE,24194.5,0.0005665328817654469,-0.024778623859796046,False
2024-11-26,4352.7001953125,0.0727409749559635,TCS,24194.5,0.0005665328817654469,0.07217444207419806,True
2024-11-27,906.1500244140624,0.045035232300332,HDFCBANK,24274.900390625,-0.002639779900647121,0.04767501220097912,True
2024-11-27,1300.699951171875,0.0060718379813402,ICICIBANK,24274.900390625,-0.002639779900647121,0.008711617881987321,True
2024-11-27,1924.5,0.0317098802842521,INFY,24274.900390625,-0.002639779900647121,0.03434966018489922,True
2024-11-27,1293.199951171875,-0.0308390041345733,RELIANCE,24274.900390625,-0.002639779900647121,-0.02819922423392618,False
2024-11-27,4332.5498046875,0.0590830026183863,TCS,24274.900390625,-0.002639779900647121,0.061722782519033424,True
2024-11-28,896.5750122070312,0.0235751059757907,HDFCBANK,23914.150390625,-0.02258971741659055,0.046164823392381246,True
2024-11-28,1286.3499755859375,-0.0341630069707983,ICICIBANK,23914.150390625,-0.02258971741659055,-0.01157328955420775,False
2024-11-28,1856.6500244140625,0.0094329229192331,INFY,23914.150390625,-0.02258971741659055,0.03202264033582365,True
2024-11-28,1270.800048828125,-0.0516417546058768,RELIANCE,23914.150390625,-0.02258971741659055,-0.02905203718928625,False
2024-11-28,4244.89990234375,0.0416293239295135,TCS,23914.150390625,-0.02258971741659055,0.06421904134610404,True
2024-11-29,898.0250244140625,0.035426077543573,HDFCBANK,24131.099609375,-0.008617201263147911,0.04404327880672091,True
2024-11-29,1300.0999755859375,-0.0091834383293982,ICICIBANK,24131.099609375,-0.008617201263147911,-0.0005662370662502889,False
2024-11-29,1857.8499755859373,0.0309361304895825,INFY,24131.099609375,-0.008617201263147911,0.03955333175273041,True
2024-11-29,1292.199951171875,-0.0384701780660571,RELIANCE,24131.099609375,-0.008617201263147911,-0.029852976802909187,False
2024-11-29,4270.85009765625,0.0455853499722607,TCS,24131.099609375,-0.008617201263147911,0.05420255123540861,True
2024-12-02,902.3499755859376,0.0397534147266722,HDFCBANK,24276.05078125,0.0029208903410185005,0.0368325243856537,True
2024-12-02,1304.6500244140625,0.0095956853658831,ICICIBANK,24276.05078125,0.0029208903410185005,0.006674795024864599,True
2024-12-02,1879.800048828125,0.0697396778080097,INFY,24276.05078125,0.0029208903410185005,0.0668187874669912,True
2024-12-02,1309.1500244140625,-0.0171915645618637,RELIANCE,24276.05078125,0.0029208903410185005,-0.0201124549028822,False
2024-12-02,4276.64990234375,0.0776625521208511,TCS,24276.05078125,0.0029208903410185005,0.0747416617798326,True
2024-12-03,913.1500244140624,0.0512289169968271,HDFCBANK,24457.150390625,0.006286972649169664,0.044941944347657435,True
2024-12-03,1308.4000244140625,0.0128502670370669,ICICIBANK,24457.150390625,0.006286972649169664,0.006563294387897236,True
2024-12-03,1892.0999755859373,0.0745378662690019,INFY,24457.150390625,0.006286972649169664,0.06825089361983223,True
2024-12-03,1323.300048828125,-0.0114667577828314,RELIANCE,24457.150390625,0.006286972649169664,-0.017753730432001062,False
2024-12-03,4302.75,0.07995332883191,TCS,24457.150390625,0.006286972649169664,0.07366635618274034,True
2024-12-04,930.0499877929688,0.0851758952683563,HDFCBANK,24467.44921875,0.019674629336950744,0.06550126593140555,True
2024-12-04,1316.050048828125,0.0304181797224496,ICICIBANK,24467.44921875,0.019674629336950744,0.010743550385498856,True
2024-12-04,1889.25,0.0712159293778624,INFY,24467.44921875,0.019674629336950744,0.05154130004091166,True
2024-12-04,1308.949951171875,0.0052220762817805,RELIANCE,24467.44921875,0.019674629336950744,-0.014452553055170243,False
2024-12-04,4354.39990234375,0.0984448140493552,TCS,24467.44921875,0.019674629336950744,0.07877018471240446,True
2024-12-05,932.875,0.0613818163737758,HDFCBANK,24708.400390625,0.020447423250876673,0.04093439312289913,True
2024-12-05,1336.5,0.0306933371842548,ICICIBANK,24708.400390625,0.020447423250876673,0.010245913933378127,True
2024-12-05,1934.8499755859373,0.1029814328140763,INFY,24708.400390625,0.020447423250876673,0.08253400956319963,True
2024-12-05,1322.050048828125,0.0128322986083069,RELIANCE,24708.400390625,0.020447423250876673,-0.007615124642569773,False
2024-12-05,4464.0498046875,0.1240635287536155,TCS,24708.400390625,0.020447423250876673,0.10361610550273882,True
2024-12-06,927.9249877929688,0.0573137590576484,HDFCBANK,24677.80078125,0.007913314742361788,0.04940044431528661,True
2024-12-06,1328.75,0.0202710676154349,ICICIBANK,24677.80078125,0.007913314742361788,0.012357752873073113,True
2024-12-06,1922.4000244140625,0.0541207851537006,INFY,24677.80078125,0.007913314742361788,0.04620747041133881,True
2024-12-06,1311.550048828125,-0.0104122888384341,RELIANCE,24677.80078125,0.007913314742361788,-0.018325603580795886,False
2024-12-06,4445.5,0.0738830830798242,TCS,24677.80078125,0.007913314742361788,0.06596976833746242,True
2024-12-09,935.0,0.0706821721225254,HDFCBANK,24619.0,0.017341391293525632,0.05334078082899976,True
2024-12-09,1322.300048828125,0.0340972075710899,ICICIBANK,24619.0,0.017341391293525632,0.01675581627756427,True
2024-12-09,1923.6500244140625,0.0668866489115598,INFY,24619.0,0.017341391293525632,0.049545257618034175,True
2024-12-09,1295.1500244140625,-0.0080419712814787,RELIANCE,24619.0,0.017341391293525632,-0.025383362575004332,False
2024-12-09,4452.14990234375,0.0725746240784808,TCS,24619.0,0.017341391293525632,0.055233232784955164,True
2024-12-10,934.0499877929688,0.0647781513164,HDFCBANK,24610.05078125,0.019125714440080932,0.045652436876319064,True
2024-12-10,1330.449951171875,0.0568772903638583,ICICIBANK,24610.05078125,0.019125714440080932,0.03775157592377737,True
2024-12-10,1948.550048828125,0.0648105690433227,INFY,24610.05078125,0.019125714440080932,0.04568485460324177,True
2024-12-10,1284.8499755859375,0.0008568456365627,RELIANCE,24610.05078125,0.019125714440080932,-0.01826886880351823,False
2024-12-10,4432.5498046875,0.0688569579666023,TCS,24610.05078125,0.019125714440080932,0.04973124352652136,True
2024-12-11,931.5499877929688,0.0548037842279605,HDFCBANK,24641.80078125,0.020732105719370564,0.034071678508589935,True
2024-12-11,1327.5,0.0458520042015344,ICICIBANK,24641.80078125,0.020732105719370564,0.025119898482163838,True
2024-12-11,1974.1500244140625,0.0613139349094389,INFY,24641.80078125,0.020732105719370564,0.040581829190068336,True
2024-12-11,1278.199951171875,0.0043215213412521,RELIANCE,24641.80078125,0.020732105719370564,-0.016410584378118463,False
2024-12-11,4427.4501953125,0.054481146392729,TCS,24641.80078125,0.020732105719370564,0.03374904067335844,True
2024-12-12,929.625,0.0820917546481849,HDFCBANK,24548.69921875,0.027854016976649243,0.054237737671535655,True
2024-12-12,1329.25,0.0461593149228702,ICICIBANK,24548.69921875,0.027854016976649243,0.018305297946220954,True
2024-12-12,1987.0,0.0632491160549759,INFY,24548.69921875,0.027854016976649243,0.035395099078326664,True
2024-12-12,1262.9000244140625,-0.0089071811543555,RELIANCE,24548.69921875,0.027854016976649243,-0.036761198131004744,False
2024-12-12,4454.9501953125,0.0613594841951892,TCS,24548.69921875,0.027854016976649243,0.033505467218539954,True
2024-12-13,935.875,0.1132423511932485,HDFCBANK,24768.30078125,0.0513284686733817,0.061913882519866806,True
2024-12-13,1344.9000244140625,0.0727447370137805,ICICIBANK,24768.30078125,0.0513284686733817,0.021416268340398795,True
2024-12-13,1999.699951171875,0.0702739911379464,INFY,24768.30078125,0.0513284686733817,0.0189455224645647,True
2024-12-13,1272.8499755859375,0.0166126959359815,RELIANCE,24768.30078125,0.0513284686733817,-0.0347157727374002,False
2024-12-13,4473.89990234375,0.0779572318176753,TCS,24768.30078125,0.0513284686733817,0.026628763144293605,True
2024-12-16,932.5999755859376,0.1018756172924975,HDFCBANK,24668.25,0.04825416628557577,0.05362145100692173,True
2024-12-16,1346.0999755859375,0.0709256755457499,ICICIBANK,24668.25,0.04825416628557577,0.022671509260174125,True
2024-12-16,1980.050048828125,0.0619452398569788,INFY,24668.25,0.04825416628557577,0.013691073571403027,True
2024-12-16,1268.300048828125,0.0005522824673958,RELIANCE,24668.25,0.04825416628557577,-0.047701883818179976,False
2024-12-16,4415.2001953125,0.0649558115999158,TCS,24668.25,0.04825416628557577,0.016701645314340027,True
2024-12-17,916.625,0.0751568976886678,HDFCBANK,24336.0,0.037614339227067584,0.03754255846160022,True
2024-12-17,1333.75,0.0640632270582888,ICICIBANK,24336.0,0.037614339227067584,0.02644888783122122,True
2024-12-17,1976.5999755859373,0.0911700730716973,INFY,24336.0,0.037614339227067584,0.05355573384462972,True
2024-12-17,1245.300048828125,-0.0122545716215546,RELIANCE,24336.0,0.037614339227067584,-0.04986891084862218,False
2024-12-17,4328.5,0.0768752332379649,TCS,24336.0,0.037614339227067584,0.039260894010897315,True
2024-12-18,905.3499755859376,0.039288248627852,HDFCBANK,24198.849609375,0.02892827388545194,0.010359974742400059,True
2024-12-18,1314.1500244140625,0.0520775359054912,ICICIBANK,24198.849609375,0.02892827388545194,0.02314926202003926,True
2024-12-18,1979.1500244140625,0.0846143441096383,INFY,24198.849609375,0.02892827388545194,0.05568607022418637,True
2024-12-18,1253.25,0.009342387434343,RELIANCE,24198.849609375,0.02892827388545194,-0.01958588645110894,False
2024-12-18,4347.85009765625,0.0763203933857838,TCS,24198.849609375,0.02892827388545194,0.047392119500331856,True
2024-12-19,896.75,0.030036785145167,HDFCBANK,23951.69921875,0.02577307903063364,0.004263706114533361,True
2024-12-19,1286.9000244140625,0.0290671897698142,ICICIBANK,23951.69921875,0.02577307903063364,0.00329411073918056,True
2024-12-19,1946.199951171875,0.0611487687674656,INFY,23951.69921875,0.02577307903063364,0.03537568973683196,True
2024-12-19,1230.449951171875,0.0060915381617947,RELIANCE,23951.69921875,0.02577307903063364,-0.01968154086883894,False
2024-12-19,4271.89990234375,0.0488723620842428,TCS,23951.69921875,0.02577307903063364,0.023099283053609164,True
2024-12-20,885.75,0.0148373194181379,HDFCBANK,23587.5,-0.013374603938135943,0.028211923356273844,True
2024-12-20,1288.4000244140625,0.0080982553034034,ICICIBANK,23587.5,-0.013374603938135943,0.02147285924153934,True
2024-12-20,1922.1500244140625,0.010461308668189,INFY,23587.5,-0.013374603938135943,0.023835912606324942,True
2024-12-20,1205.300048828125,-0.0474948430744393,RELIANCE,23587.5,-0.013374603938135943,-0.034120239136303354,False
2024-12-20,4170.2998046875,-0.0175046626912571,TCS,23587.5,-0.013374603938135943,-0.004130058753121158,False
2024-12-23,900.5,0.0086245657619976,HDFCBANK,23753.44921875,-0.019339984242372377,0.027964550004369974,True
2024-12-23,1296.800048828125,-0.0031899016099826,ICICIBANK,23753.44921875,-0.019339984242372377,0.016150082632389776,True
2024-12-23,1924.300048828125,0.0183098367731835,INFY,23753.44921875,-0.019339984242372377,0.037649821015555876,True
2024-12-23,1222.300048828125,-0.0502719123324592,RELIANCE,23753.44921875,-0.019339984242372377,-0.030931928090086824,False
2024-12-23,4158.2998046875,-0.0363375795277417,TCS,23753.44921875,-0.019339984242372377,-0.016997595285369323,False
2024-12-24,899.0499877929688,0.0070286054238855,HDFCBANK,23727.650390625,-0.019295691556965422,0.026324296980850922,True
2024-12-24,1297.25,-0.0059005720219079,ICICIBANK,23727.650390625,-0.019295691556965422,0.013395119535057523,True
2024-12-24,1909.050048828125,-0.0078476082396619,INFY,23727.650390625,-0.019295691556965422,0.011448083317303522,True
2024-12-24,1222.75,-0.056301577464672,RELIANCE,23727.650390625,-0.019295691556965422,-0.03700588590770658,False
2024-12-24,4179.5,-0.0397914369335665,TCS,23727.650390625,-0.019295691556965422,-0.02049574537660108,False
2024-12-26,895.375,-0.0118909939014014,HDFCBANK,23750.19921875,-0.021614967041332922,0.009723973139931522,True
2024-12-26,1297.3499755859375,-0.0025755175764551,ICICIBANK,23750.19921875,-0.021614967041332922,0.019039449464877824,True
2024-12-26,1907.4000244140625,-0.0088854120997337,INFY,23750.19921875,-0.021614967041332922,0.012729554941599223,True
2024-12-26,1216.550048828125,-0.0592715011118668,RELIANCE,23750.19921875,-0.021614967041332922,-0.037656534070533876,False
2024-12-26,4169.10009765625,-0.0377259845586562,TCS,23750.19921875,-0.021614967041332922,-0.01611101751732328,False
2024-12-27,899.125,0.0028441432766364,HDFCBANK,23813.400390625,-0.004212986802972329,0.007057130079608729,True
2024-12-27,1307.550048828125,0.0164807973293044,ICICIBANK,23813.400390625,-0.004212986802972329,0.02069378413227673,True
2024-12-27,1916.75,0.032370115420597,INFY,23813.400390625,-0.004212986802972329,0.03658310222356933,True
2024-12-27,1221.050048828125,-0.0391485663270765,RELIANCE,23813.400390625,-0.004212986802972329,-0.03493557952410417,False
2024-12-27,4164.85009765625,-0.0188578780487383,TCS,23813.400390625,-0.004212986802972329,-0.01464489124576597,False
2024-12-30,888.9500122070312,-0.0101055226305664,HDFCBANK,23644.900390625,-0.02014824134085913,0.01004271871029273,True
2024-12-30,1294.6500244140625,-0.004191947753417,ICICIBANK,23644.900390625,-0.02014824134085913,0.01595629358744213,True
2024-12-30,1906.0,0.0259170681415634,INFY,23644.900390625,-0.02014824134085913,0.04606530948242253,True
2024-12-30,1210.699951171875,-0.0630707344680588,RELIANCE,23644.900390625,-0.02014824134085913,-0.04292249312719967,False
2024-12-30,4158.7998046875,-0.0262360631739898,TCS,23644.900390625,-0.02014824134085913,-0.006087821833130669,False
2024-12-31,886.4249877929688,-0.0176483495581944,HDFCBANK,23644.80078125,-0.026002993884308268,0.008354644326113866,True
2024-12-31,1281.6500244140625,-0.0176292488940316,ICICIBANK,23644.80078125,-0.026002993884308268,0.008373744990276669,True
2024-12-31,1880.0,0.0001063683193325,INFY,23644.80078125,-0.026002993884308268,0.026109362203640768,True
2024-12-31,1215.449951171875,-0.0715732127676695,RELIANCE,23644.80078125,-0.026002993884308268,-0.04557021888336123,False
2024-12-31,4094.800048828125,-0.0425215665691889,TCS,23644.80078125,-0.026002993884308268,-0.016518572684880634,False
2025-01-01,891.375,-0.023846053585811,HDFCBANK,23742.900390625,-0.02920413820057255,0.00535808461476155,True
2025-01-01,1283.6500244140625,-0.0189162332147492,ICICIBANK,23742.900390625,-0.02920413820057255,0.01028790498582335,True
2025-01-01,1882.5,-0.0050737147665594,INFY,23742.900390625,-0.02920413820057255,0.02413042343401315,True
2025-01-01,1221.25,-0.0771178455849809,RELIANCE,23742.900390625,-0.02920413820057255,-0.04791370738440835,False
2025-01-01,4112.4501953125,-0.0442274835134507,TCS,23742.900390625,-0.02920413820057255,-0.015023345312878147,False
2025-01-02,896.875,-0.0356701126051233,HDFCBANK,24188.650390625,-0.011394683018749241,-0.02427542958637406,False
2025-01-02,1290.5999755859375,-0.0193382259776894,ICICIBANK,24188.650390625,-0.011394683018749241,-0.007943542958940158,False
2025-01-02,1957.8499755859373,0.0363106923837168,INFY,24188.650390625,-0.011394683018749241,0.04770537540246604,True
2025-01-02,1241.800048828125,-0.0513005881421456,RELIANCE,24188.650390625,-0.011394683018749241,-0.03990590512339636,False
2025-01-02,4175.75,-0.041027444963792,TCS,24188.650390625,-0.011394683018749241,-0.02963276194504276,False
2025-01-03,874.5999755859375,-0.0624682025073697,HDFCBANK,24004.75,-0.0284781847266804,-0.0339900177806893,False
2025-01-03,1265.050048828125,-0.0534604947039842,ICICIBANK,24004.75,-0.0284781847266804,-0.0249823099773038,False
2025-01-03,1938.75,0.0020156727721909,INFY,24004.75,-0.0284781847266804,0.0304938574988713,True
2025-01-03,1251.1500244140625,-0.0536288504939044,RELIANCE,24004.75,-0.0284781847266804,-0.025150665767224002,False
2025-01-03,4099.89990234375,-0.081573888795186,TCS,24004.75,-0.0284781847266804,-0.0530957040685056,False
2025-01-06,855.25,-0.0783198951952174,HDFCBANK,23616.05078125,-0.04302449839074429,-0.035295396804473106,False
2025-01-06,1264.0999755859375,-0.0486547690792568,ICICIBANK,23616.05078125,-0.04302449839074429,-0.005630270688512511,False
2025-01-06,1937.8499755859373,0.0080368034621638,INFY,23616.05078125,-0.04302449839074429,0.051061301852908095,True
2025-01-06,1218.0,-0.0713278528041779,RELIANCE,23616.05078125,-0.04302449839074429,-0.02830335441343361,False
2025-01-06,4095.0,-0.0788437746035316,TCS,23616.05078125,-0.04302449839074429,-0.03581927621278731,False
2025-01-07,856.7000122070312,-0.083743302452373,HDFCBANK,23707.900390625,-0.037007986082903455,-0.04673531636946955,False
2025-01-07,1279.25,-0.0325569441415944,ICICIBANK,23707.900390625,-0.037007986082903455,0.004451041941309054,True
2025-01-07,1930.8499755859373,0.0037428591898196,INFY,23707.900390625,-0.037007986082903455,0.04075084527272305,True
2025-01-07,1240.8499755859375,-0.0419256825885409,RELIANCE,23707.900390625,-0.037007986082903455,-0.004917696505637448,False
2025-01-07,4028.300048828125,-0.0952011641145544,TCS,23707.900390625,-0.037007986082903455,-0.058193178031650944,False
2025-01-08,847.1500244140625,-0.093035666735823,HDFCBANK,23688.94921875,-0.03742786110794105,-0.05560780562788195,False
2025-01-08,1263.75,-0.0501333786461677,ICICIBANK,23688.94921875,-0.03742786110794105,-0.01270551753822665,False
2025-01-08,1933.1500244140625,-0.0079033250510164,INFY,23688.94921875,-0.03742786110794105,0.02952453605692465,True
2025-01-08,1265.5,-0.01506010503453,RELIANCE,23688.94921875,-0.03742786110794105,0.02236775607341105,True
2025-01-08,4108.39990234375,-0.0731294439153183,TCS,23688.94921875,-0.03742786110794105,-0.035701582807377244,False
2025-01-09,833.9000244140625,-0.1048252532429944,HDFCBANK,23526.5,-0.04526052260347124,-0.05956473063952315,False
2025-01-09,1262.4000244140625,-0.0490395296315913,ICICIBANK,23526.5,-0.04526052260347124,-0.003779007028120056,False
2025-01-09,1917.300048828125,-0.0287971911368847,INFY,23526.5,-0.04526052260347124,0.01646333146658654,True
2025-01-09,1254.75,-0.0183460742197461,RELIANCE,23526.5,-0.04526052260347124,0.026914448383725142,True
2025-01-09,4038.85009765625,-0.0877706310660874,TCS,23526.5,-0.04526052260347124,-0.04251010846261616,False
2025-01-10,828.375,-0.108914885034288,HDFCBANK,23431.5,-0.04550950780710594,-0.06340537722718206,False
2025-01-10,1249.8499755859375,-0.0597329504713654,ICICIBANK,23431.5,-0.04550950780710594,-0.014223442664259456,False
2025-01-10,1966.949951171875,-0.0100906134011701,INFY,23431.5,-0.04550950780710594,0.03541889440593584,True
2025-01-10,1241.9000244140625,-0.0166283946425158,RELIANCE,23431.5,-0.04550950780710594,0.028881113164590144,True
2025-01-10,4265.64990234375,-0.0424921232942024,TCS,23431.5,-0.04550950780710594,0.003017384512903544,True
2025-01-13,815.4249877929688,-0.1287030983913784,HDFCBANK,23085.94921875,-0.06792357608050237,-0.06077952231087602,False
2025-01-13,1229.75,-0.0856197652790067,ICICIBANK,23085.94921875,-0.06792357608050237,-0.017696189198504325,False
2025-01-13,1962.199951171875,-0.0187528133798393,INFY,23085.94921875,-0.06792357608050237,0.04917076270066307,True
2025-01-13,1239.8499755859375,-0.0259260719118205,RELIANCE,23085.94921875,-0.06792357608050237,0.041997504168681865,True
2025-01-13,4291.10009765625,-0.0408591628506789,TCS,23085.94921875,-0.06792357608050237,0.027064413229823468,True
2025-01-14,823.2999877929688,-0.117199217943682,HDFCBANK,23176.05078125,-0.0604906800745898,-0.056708537869092204,False
2025-01-14,1240.300048828125,-0.0785973766263232,ICICIBANK,23176.05078125,-0.0604906800745898,-0.0181066965517334,False
2025-01-14,1940.050048828125,-0.020201509564707,INFY,23176.05078125,-0.0604906800745898,0.0402891705098828,True
2025-01-14,1238.75,-0.0232989416466777,RELIANCE,23176.05078125,-0.0604906800745898,0.0371917384279121,True
2025-01-14,4233.0498046875,-0.0412552959248335,TCS,23176.05078125,-0.0604906800745898,0.0192353841497563,True
2025-01-15,821.5250244140625,-0.1037501438275603,HDFCBANK,23213.19921875,-0.046137441701594395,-0.057612702125965906,False
2025-01-15,1238.25,-0.0716026241799437,ICICIBANK,23213.19921875,-0.046137441701594395,-0.025465182478349307,False
2025-01-15,1949.6500244140625,-0.0136344993952991,INFY,23213.19921875,-0.046137441701594395,0.032502942306295295,True
2025-01-15,1252.199951171875,0.0055407548969768,RELIANCE,23213.19921875,-0.046137441701594395,0.051678196598571195,True
2025-01-15,4249.60009765625,-0.0182280010035231,TCS,23213.19921875,-0.046137441701594395,0.027909440698071296,True
2025-01-16,826.0250244140625,-0.0876179966984993,HDFCBANK,23311.80078125,-0.0366566527931701,-0.05096134390532921,False
2025-01-16,1249.0999755859375,-0.0494997128331133,ICICIBANK,23311.80078125,-0.0366566527931701,-0.012843060039943205,False
2025-01-16,1928.449951171875,-0.0256170945187429,INFY,23311.80078125,-0.0366566527931701,0.011039558274427198,True
2025-01-16,1266.449951171875,0.0105325762392778,RELIANCE,23311.80078125,-0.0366566527931701,0.0471892290324479,True
2025-01-16,4206.2998046875,-0.0325563875914337,TCS,23311.80078125,-0.0366566527931701,0.004100265201736397,True
2025-01-17,818.375,-0.0873989406189016,HDFCBANK,23203.19921875,-0.03125039243203487,-0.05614854818686674,False
2025-01-17,1225.449951171875,-0.0477504639648804,ICICIBANK,23203.19921875,-0.03125039243203487,-0.01650007153284553,False
2025-01-17,1815.449951171875,-0.0671822028981508,INFY,23203.19921875,-0.03125039243203487,-0.03593181046611593,False
2025-01-17,1302.3499755859375,0.0584339284548593,RELIANCE,23203.19921875,-0.03125039243203487,0.08968432088689417,True
2025-01-17,4124.2998046875,-0.0345513942345114,TCS,23203.19921875,-0.03125039243203487,-0.0033010018024765345,False
2025-01-20,825.625,-0.067880327406153,HDFCBANK,23344.75,-0.010291467938526755,-0.05758885946762625,False
2025-01-20,1232.949951171875,-0.0430379324677558,ICICIBANK,23344.75,-0.010291467938526755,-0.032746464529229045,False
2025-01-20,1813.300048828125,-0.0566292818996366,INFY,23344.75,-0.010291467938526755,-0.04633781396110984,False
2025-01-20,1305.449951171875,0.0830912621642407,RELIANCE,23344.75,-0.010291467938526755,0.09338273010276746,True
2025-01-20,4077.800048828125,-0.0221806009619268,TCS,23344.75,-0.010291467938526755,-0.011889133023400045,False
2025-01-21,821.2000122070312,-0.0880621741176777,HDFCBANK,23024.650390625,-0.030681810519952446,-0.05738036359772525,False
2025-01-21,1196.1500244140625,-0.0776141429860498,ICICIBANK,23024.650390625,-0.030681810519952446,-0.04693233246609735,False
2025-01-21,1800.699951171875,-0.0642311981083828,INFY,23024.650390625,-0.030681810519952446,-0.03354938758843036,False
2025-01-21,1273.699951171875,0.042051787851133,RELIANCE,23024.650390625,-0.030681810519952446,0.07273359837108545,True
2025-01-21,4035.85009765625,-0.0294470607658487,TCS,23024.650390625,-0.030681810519952446,0.001234749754103745,True
2025-01-22,833.0250244140625,-0.0734385899286729,HDFCBANK,23155.349609375,-0.024119572390366995,-0.049319017538305907,False
2025-01-22,1200.449951171875,-0.0746194248048757,ICICIBANK,23155.349609375,-0.024119572390366995,-0.0504998524145087,False
2025-01-22,1856.449951171875,-0.0275530218228373,INFY,23155.349609375,-0.024119572390366995,-0.0034334494324703042,False
2025-01-22,1277.0999755859375,0.0444489679705071,RELIANCE,23155.349609375,-0.024119572390366995,0.06856854036087409,True
2025-01-22,4156.60009765625,-0.0054791009316306,TCS,23155.349609375,-0.024119572390366995,0.018640471458736395,True
2025-01-23,832.4500122070312,-0.0702778029238796,HDFCBANK,23205.349609375,-0.02294084375279093,-0.04733695917108867,False
2025-01-23,1201.75,-0.0736886556326179,ICICIBANK,23205.349609375,-0.02294084375279093,-0.050747811879826965,False
2025-01-23,1865.449951171875,-0.0219933274117861,INFY,23205.349609375,-0.02294084375279093,0.000947516341004831,True
2025-01-23,1263.6500244140625,0.0387160196420262,RELIANCE,23205.349609375,-0.02294084375279093,0.06165686339481713,True
2025-01-23,4145.4501953125,-0.005672663594008,TCS,23205.349609375,-0.02294084375279093,0.01726818015878293,True
2025-01-24,824.9000244140625,-0.0825524544261782,HDFCBANK,23092.19921875,-0.03028551823950887,-0.05226693618666933,False
2025-01-24,1209.199951171875,-0.0752170807873817,ICICIBANK,23092.19921875,-0.03028551823950887,-0.044931562547872825,False
2025-01-24,1875.449951171875,-0.02154691474012,INFY,23092.19921875,-0.03028551823950887,0.008738603499388868,True
2025-01-24,1246.300048828125,0.0206789230500692,RELIANCE,23092.19921875,-0.03028551823950887,0.05096444128957807,True
2025-01-24,4152.35009765625,-0.0030013085001628,TCS,23092.19921875,-0.03028551823950887,0.027284209739346067,True
2025-01-27,814.9000244140625,-0.0833005082131917,HDFCBANK,22829.150390625,-0.034500039607840205,-0.04880046860535149,False
2025-01-27,1227.949951171875,-0.051519771354714,ICICIBANK,22829.150390625,-0.034500039607840205,-0.017019731746873795,False
2025-01-27,1822.0,-0.0440713536201469,INFY,22829.150390625,-0.034500039607840205,-0.009571314012306695,False
2025-01-27,1229.3499755859375,0.0154043323418082,RELIANCE,22829.150390625,-0.034500039607840205,0.049904371949648405,True
2025-01-27,4065.14990234375,-0.0225184925319547,TCS,22829.150390625,-0.034500039607840205,0.011981547075885505,True
2025-01-28,835.2000122070312,-0.0577882802170074,HDFCBANK,22957.25,-0.02907830721903215,-0.02870997299797525,False
2025-01-28,1246.9000244140625,-0.0271134860047982,ICICIBANK,22957.25,-0.02907830721903215,0.001964821214233952,True
2025-01-28,1829.75,-0.0267287234042553,INFY,22957.25,-0.02907830721903215,0.0023495838147768525,True
2025-01-28,1234.4000244140625,0.0155909942848051,RELIANCE,22957.25,-0.02907830721903215,0.04466930150383725,True
2025-01-28,4040.300048828125,-0.0133095631899284,TCS,22957.25,-0.02907830721903215,0.015768744029103752,True
2025-01-29,838.6500244140625,-0.0591501619250456,HDFCBANK,23163.099609375,-0.02441996435612126,-0.03473019756892434,False
2025-01-29,1251.6500244140625,-0.0249289131705557,ICICIBANK,23163.099609375,-0.02441996435612126,-0.0005089488144344387,False
2025-01-29,1881.25,-0.0006640106241699,INFY,23163.099609375,-0.02441996435612126,0.02375595373195136,True
2025-01-29,1235.5,0.0116683725690891,RELIANCE,23163.099609375,-0.02441996435612126,0.03608833692521036,True
2025-01-29,4099.7998046875,-0.0030761200802916,TCS,23163.099609375,-0.02441996435612126,0.02134384427582966,True
2025-01-30,845.75,-0.0570034843205574,HDFCBANK,23249.5,-0.03882607650524372,-0.018177407815313677,False
2025-01-30,1255.5999755859375,-0.0271191698915923,ICICIBANK,23249.5,-0.03882607650524372,0.011706906613651424,True
2025-01-30,1859.949951171875,-0.0500038438260639,INFY,23249.5,-0.03882607650524372,-0.011177767320820174,False
2025-01-30,1253.050048828125,0.0090594295036601,RELIANCE,23249.5,-0.03882607650524372,0.04788550600890382,True
2025-01-30,4100.0498046875,-0.0181285266868227,TCS,23249.5,-0.03882607650524372,0.020697549818421025,True
2025-01-31,849.375,-0.0288417291219772,HDFCBANK,23508.400390625,-0.020677141373061536,-0.008164587748915663,False
2025-01-31,1252.800048828125,-0.0096834113490985,ICICIBANK,23508.400390625,-0.020677141373061536,0.010993730023963037,True
2025-01-31,1879.800048828125,-0.0304061643697614,INFY,23508.400390625,-0.020677141373061536,-0.009729022996699865,False
2025-01-31,1265.0999755859375,0.0111497029929787,RELIANCE,23508.400390625,-0.020677141373061536,0.03182684436604023,True
2025-01-31,4112.39990234375,0.0030488549227394,TCS,23508.400390625,-0.020677141373061536,0.023725996295800935,True
2025-02-01,845.4749755859375,-0.0114294351523677,HDFCBANK,23482.150390625,-0.005669889172634668,-0.005759545979733032,False
2025-02-01,1255.550048828125,-0.0067636475934977,ICICIBANK,23482.150390625,-0.005669889172634668,-0.0010937584208630322,False
2025-02-01,1851.3499755859373,-0.0446370983769501,INFY,23482.150390625,-0.005669889172634668,-0.038967209204315435,False
2025-02-01,1264.5999755859375,0.0382594216633311,RELIANCE,23482.150390625,-0.005669889172634668,0.04392931083596577,True
2025-02-01,4073.14990234375,-0.0053357991834553,TCS,23482.150390625,-0.005669889172634668,0.00033408998917936784,True
2025-02-03,839.0,-0.0206606886364253,HDFCBANK,23361.05078125,-0.014630127664622572,-0.006030560971802729,False
2025-02-03,1253.0,-0.0205198358413132,ICICIBANK,23361.05078125,-0.014630127664622572,-0.005889708176690628,False
2025-02-03,1863.300048828125,-0.0349845547877502,INFY,23361.05078125,-0.014630127664622572,-0.020354427123127627,False
2025-02-03,1245.9000244140625,0.0040698302997832,RELIANCE,23361.05078125,-0.014630127664622572,0.018699957964405774,True
2025-02-03,4068.64990234375,0.0100165958410578,TCS,23361.05078125,-0.014630127664622572,0.02464672350568037,True
2025-02-04,860.4500122070312,0.0156996841287559,HDFCBANK,23739.25,0.0021233859208151795,0.01357629820794072,True
2025-02-04,1268.199951171875,0.0035212274357072,ICICIBANK,23739.25,0.0021233859208151795,0.0013978415148920204,True
2025-02-04,1898.800048828125,-0.0177689135101394,INFY,23739.25,0.0021233859208151795,-0.01989229943095458,False
2025-02-04,1285.199951171875,0.0155669309931845,RELIANCE,23739.25,0.0021233859208151795,0.01344354507236932,True
2025-02-04,4107.0498046875,-0.0003286188512173,TCS,23739.25,0.0021233859208151795,-0.0024520047720324794,False
2025-02-05,868.9000244140625,0.0419714581788057,HDFCBANK,23696.30078125,0.007217426359636958,0.034754031819168744,True
2025-02-05,1267.699951171875,0.0041982942453382,ICICIBANK,23696.30078125,0.007217426359636958,-0.003019132114298758,False
2025-02-05,1897.050048828125,-0.0105617271602204,INFY,23696.30078125,0.007217426359636958,-0.017779153519857357,False
2025-02-05,1278.199951171875,0.0186889429542738,RELIANCE,23696.30078125,0.007217426359636958,0.01147151659463684,True
2025-02-05,4091.10009765625,0.0129368505234499,TCS,23696.30078125,0.007217426359636958,0.005719424163812941,True
2025-02-06,871.9249877929688,0.0525727934727251,HDFCBANK,23603.349609375,0.007334127536649415,0.04523866593607569,True
2025-02-06,1272.4000244140625,0.0180422044794243,ICICIBANK,23603.349609375,0.007334127536649415,0.010708076942774886,True
2025-02-06,1915.6500244140625,-0.0260809517432046,INFY,23603.349609375,0.007334127536649415,-0.033415079279854015,False
2025-02-06,1281.550048828125,0.0319269052537216,RELIANCE,23603.349609375,0.007334127536649415,0.024592777717072183,True
2025-02-06,4082.75,-0.0428773824694933,TCS,23603.349609375,0.007334127536649415,-0.05021151000614271,False
2025-02-07,866.375,0.0624827702974035,HDFCBANK,23559.94921875,0.020531969273112072,0.041950801024291426,True
2025-02-07,1256.9000244140625,0.0220776779134479,ICICIBANK,23559.94921875,0.020531969273112072,0.0015457086403358293,True
2025-02-07,1903.6500244140625,-0.0298389196895275,INFY,23559.94921875,0.020531969273112072,-0.05037088896263957,False
2025-02-07,1266.699951171875,0.0216558262004631,RELIANCE,23559.94921875,0.020531969273112072,0.0011238569273510288,True
2025-02-07,4029.39990234375,-0.0609867375164325,TCS,23559.94921875,0.020531969273112072,-0.08151870678954456,False
2025-02-10,857.875,0.0419956428029555,HDFCBANK,23381.599609375,0.008869018715272015,0.033126624087683486,True
2025-02-10,1262.5999755859375,0.0179794613238,ICICIBANK,23381.599609375,0.008869018715272015,0.009110442608527985,True
2025-02-10,1880.300048828125,-0.0307981745296167,INFY,23381.599609375,0.008869018715272015,-0.03966719324488871,False
2025-02-10,1253.6500244140625,0.012028273997225,RELIANCE,23381.599609375,0.008869018715272015,0.003159255281952985,True
2025-02-10,4036.949951171875,-0.0463259027329355,TCS,23381.599609375,0.008869018715272015,-0.055194921448207514,False
2025-02-11,850.7000122070312,0.0355132064464831,HDFCBANK,23071.80078125,-0.006091294705547923,0.04160450115203102,True
2025-02-11,1252.75,0.0117100747022007,ICICIBANK,23071.80078125,-0.006091294705547923,0.017801369407748624,True
2025-02-11,1875.6500244140625,-0.0379555300045399,INFY,23071.80078125,-0.006091294705547923,-0.031864235298991975,False
2025-02-11,1234.8499755859375,-0.0138555951624982,RELIANCE,23071.80078125,-0.006091294705547923,-0.007764300456950278,False
2025-02-11,3963.550048828125,-0.0673122275636919,TCS,23071.80078125,-0.006091294705547923,-0.06122093285814398,False
2025-02-12,853.4000244140625,0.0331406424634874,HDFCBANK,23045.25,-0.01143415662098446,0.04457479908447186,True
2025-02-12,1251.800048828125,0.0021616149987682,ICICIBANK,23045.25,-0.01143415662098446,0.013595771619752658,True
2025-02-12,1863.1500244140625,-0.0338613541503274,INFY,23045.25,-0.01143415662098446,-0.02242719752934294,False
2025-02-12,1216.550048828125,-0.0394014009772565,RELIANCE,23045.25,-0.01143415662098446,-0.027967244356272042,False
2025-02-12,3950.14990234375,-0.0608967297239004,TCS,23045.25,-0.01143415662098446,-0.04946257310291594,False
2025-02-13,848.8499755859375,0.0372383999828165,HDFCBANK,23031.400390625,-0.007404100895973542,0.04464250087879004,True
2025-02-13,1248.9000244140625,0.019135888185203,ICICIBANK,23031.400390625,-0.007404100895973542,0.02653998908117654,True
2025-02-13,1843.25,0.0153130351019481,INFY,23031.400390625,-0.007404100895973542,0.02271713599792164,True
2025-02-13,1216.0999755859375,-0.0662264380672295,RELIANCE,23031.400390625,-0.007404100895973542,-0.058822337171255956,False
2025-02-13,3910.14990234375,-0.0519239416349792,TCS,23031.400390625,-0.007404100895973542,-0.04451984073900566,False
2025-02-14,847.4249877929688,0.0264042244275171,HDFCBANK,22929.25,-0.017798434337484847,0.04420265876500194,True
2025-02-14,1260.0999755859375,0.0220203783521442,ICICIBANK,22929.25,-0.017798434337484847,0.03981881268962904,True
2025-02-14,1856.4000244140625,0.0237688051758404,INFY,22929.25,-0.017798434337484847,0.04156723951332525,True
2025-02-14,1217.25,-0.0675628744653901,RELIANCE,22929.25,-0.017798434337484847,-0.04976444012790525,False
2025-02-14,3934.85009765625,-0.0350556548776725,TCS,22929.25,-0.017798434337484847,-0.017257220540187655,False
2025-02-17,858.6749877929688,0.0456344070005807,HDFCBANK,22959.5,-0.002829593045700629,0.048464000046281326,True
2025-02-17,1251.1500244140625,0.0459808543054136,ICICIBANK,22959.5,-0.002829593045700629,0.04881044735111423,True
2025-02-17,1842.300048828125,0.0231021818094552,INFY,22959.5,-0.002829593045700629,0.02593177485515583,True
2025-02-17,1224.9000244140625,-0.0383135185903978,RELIANCE,22959.5,-0.002829593045700629,-0.03548392554469717,False
2025-02-17,3904.5,-0.032545831603738,TCS,22959.5,-0.002829593045700629,-0.029716238558037372,False
2025-02-18,861.5250244140625,0.034212657681018,HDFCBANK,22945.30078125,-0.009071287269182826,0.043283944950200826,True
2025-02-18,1243.050048828125,0.0354867752834375,ICICIBANK,22945.30078125,-0.009071287269182826,0.04455806255262033,True
2025-02-18,1851.949951171875,-0.0024239813183002,INFY,22945.30078125,-0.009071287269182826,0.006647305950882626,True
2025-02-18,1225.4000244140625,-0.0404823053482206,RELIANCE,22945.30078125,-0.009071287269182826,-0.031411018079037775,False
2025-02-18,3873.199951171875,-0.0681807582702443,TCS,22945.30078125,-0.009071287269182826,-0.05910947100106147,False
2025-02-19,863.5999755859375,0.0374196203040708,HDFCBANK,22932.900390625,-0.011740793538397298,0.049160413842468095,True
2025-02-19,1261.6500244140625,0.0498439978481901,ICICIBANK,22932.900390625,-0.011740793538397298,0.0615847913865874,True
2025-02-19,1810.800048828125,-0.0292958287674343,INFY,22932.900390625,-0.011740793538397298,-0.017555035229037,False
2025-02-19,1227.449951171875,-0.0286472302795807,RELIANCE,22932.900390625,-0.011740793538397298,-0.016906436741183403,False
2025-02-19,3784.10009765625,-0.0871678781872351,TCS,22932.900390625,-0.011740793538397298,-0.07542708464883781,False
2025-02-20,843.5499877929688,0.0226087560030727,HDFCBANK,22913.150390625,-0.007753649898344039,0.03036240590141674,True
2025-02-20,1249.949951171875,0.0336999682811001,ICICIBANK,22913.150390625,-0.007753649898344039,0.04145361817944414,True
2025-02-20,1825.1500244140625,-0.0268201914566595,INFY,22913.150390625,-0.007753649898344039,-0.01906654155831546,False
2025-02-20,1233.0,-0.0106716266605548,RELIANCE,22913.150390625,-0.007753649898344039,-0.0029179767622107607,False
2025-02-20,3779.39990234375,-0.0898166547958004,TCS,22913.150390625,-0.007753649898344039,-0.08206300489745635,False
2025-02-21,846.25,0.0384709469219601,HDFCBANK,22795.900390625,-0.0014564711971783995,0.0399274181191385,True
2025-02-21,1232.949951171875,0.0040718271906996,ICICIBANK,22795.900390625,-0.0014564711971783995,0.005528298387878,True
2025-02-21,1815.0,-0.0038419319429198,INFY,22795.900390625,-0.0014564711971783995,-0.0023854607457414003,False
2025-02-21,1228.1500244140625,-0.0009760858955587,RELIANCE,22795.900390625,-0.0014564711971783995,0.00048038530161969943,True
2025-02-21,3786.0,-0.0686690304293101,TCS,22795.900390625,-0.0014564711971783995,-0.0672125592321317,False
2025-02-24,838.5499877929688,0.0040109860356505,HDFCBANK,22553.349609375,-0.01759358767382857,0.02160457370947907,True
2025-02-24,1218.3499755859375,-0.0228968227356809,ICICIBANK,22553.349609375,-0.01759358767382857,-0.005303235061852329,False
2025-02-24,1764.0999755859375,-0.0358792318153095,INFY,22553.349609375,-0.01759358767382857,-0.018285644141480928,False
2025-02-24,1214.550048828125,-0.0160806668773032,RELIANCE,22553.349609375,-0.01759358767382857,0.001512920796525371,True
2025-02-24,3675.60009765625,-0.0902655611623832,TCS,22553.349609375,-0.01759358767382857,-0.07267197348855463,False
2025-02-25,841.1749877929688,0.0030107473980822,HDFCBANK,22547.55078125,-0.026574544793472432,0.029585292191554632,True
2025-02-25,1224.1500244140625,-0.021970997853712,ICICIBANK,22547.55078125,-0.026574544793472432,0.004603546939760433,True
2025-02-25,1767.699951171875,-0.0603588299418604,INFY,22547.55078125,-0.026574544793472432,-0.033784285148387966,False
2025-02-25,1204.0,-0.0254957507082153,RELIANCE,22547.55078125,-0.026574544793472432,0.0010787940852571322,True
2025-02-25,3629.550048828125,-0.1147006630230372,TCS,22547.55078125,-0.026574544793472432,-0.08812611822956477,False
2025-02-27,850.3499755859375,0.0054389306366391,HDFCBANK,22545.05078125,-0.03029954273210178,0.03573847336874088,True
2025-02-27,1222.449951171875,-0.0264017402505863,ICICIBANK,22545.05078125,-0.03029954273210178,0.003897802481515479,True
2025-02-27,1764.300048828125,-0.0514260624504896,INFY,22545.05078125,-0.03029954273210178,-0.021126519718387818,False
2025-02-27,1207.0999755859375,-0.0366705809438026,RELIANCE,22545.05078125,-0.03029954273210178,-0.006371038211700819,False
2025-02-27,3612.550048828125,-0.1189009351305994,TCS,22545.05078125,-0.03029954273210178,-0.08860139239849762,False
2025-02-28,866.2000122070312,0.0198086972268212,HDFCBANK,22124.69921875,-0.058859860683111886,0.07866855790993309,True
2025-02-28,1204.0999755859375,-0.0388729815964979,ICICIBANK,22124.69921875,-0.058859860683111886,0.019986879086613986,True
2025-02-28,1687.699951171875,-0.1021917718195645,INFY,22124.69921875,-0.058859860683111886,-0.043331911136452614,False
2025-02-28,1200.0999755859375,-0.0513793385932956,RELIANCE,22124.69921875,-0.058859860683111886,0.00748052208981629,True
2025-02-28,3483.25,-0.1529885024034708,TCS,22124.69921875,-0.058859860683111886,-0.09412864172035892,False
2025-03-03,850.7750244140625,0.0062687234763534,HDFCBANK,22119.30078125,-0.058037683376693794,0.0643064068530472,True
2025-03-03,1206.199951171875,-0.0393055599036543,ICICIBANK,22119.30078125,-0.058037683376693794,0.018732123473039493,True
2025-03-03,1708.5999755859375,-0.0771058967145423,INFY,22119.30078125,-0.058037683376693794,-0.0190682133378485,False
2025-03-03,1171.25,-0.0738177901218801,RELIANCE,22119.30078125,-0.058037683376693794,-0.015780106745186304,False
2025-03-03,3493.050048828125,-0.1424204528249321,TCS,22119.30078125,-0.058037683376693794,-0.0843827694482383,False
2025-03-04,855.0,0.0190703218116805,HDFCBANK,22082.650390625,-0.054723582538978355,0.07379390435065886,True
2025-03-04,1210.4000244140625,-0.0339983843463188,ICICIBANK,22082.650390625,-0.054723582538978355,0.020725198192659555,True
2025-03-04,1688.300048828125,-0.093919387867811,INFY,22082.650390625,-0.054723582538978355,-0.03919580532883264,False
2025-03-04,1161.9000244140625,-0.0674211400224544,RELIANCE,22082.650390625,-0.054723582538978355,-0.012697557483476049,False
2025-03-04,3532.050048828125,-0.1318864651408114,TCS,22082.650390625,-0.054723582538978355,-0.07716288260183304,False
2025-03-05,845.0,-0.0179557347758092,HDFCBANK,22337.30078125,-0.059056171477616215,0.04110043670180702,True
2025-03-05,1215.699951171875,-0.0413972575471932,ICICIBANK,22337.30078125,-0.059056171477616215,0.017658913930423015,True
2025-03-05,1711.5,-0.0986412702821027,INFY,22337.30078125,-0.059056171477616215,-0.03958509880448649,False
2025-03-05,1175.5999755859375,-0.0852785401104331,RELIANCE,22337.30078125,-0.059056171477616215,-0.026222368632816878,False
2025-03-05,3547.050048828125,-0.1363508558430994,TCS,22337.30078125,-0.059056171477616215,-0.07729468436548317,False
2025-03-06,845.5999755859375,-0.0268155693099874,HDFCBANK,22544.69921875,-0.04859836871294354,0.02178279940295614,True
2025-03-06,1218.050048828125,-0.0391653421599118,ICICIBANK,22544.69921875,-0.04859836871294354,0.009433026553031743,True
2025-03-06,1715.8499755859375,-0.0955167594835577,INFY,22544.69921875,-0.04859836871294354,-0.04691839077061416,False
2025-03-06,1209.5999755859375,-0.0536692052937757,RELIANCE,22544.69921875,-0.04859836871294354,-0.005070836580832162,False
2025-03-06,3601.60009765625,-0.1196499690341064,TCS,22544.69921875,-0.04859836871294354,-0.07105160032116285,False
2025-03-07,844.625,-0.0313100188378256,HDFCBANK,22552.5,-0.04452120681030858,0.013211187972482975,True
2025-03-07,1214.550048828125,-0.0454652424362985,ICICIBANK,22552.5,-0.04452120681030858,-0.0009440356259899224,False
2025-03-07,1686.0,-0.1198809915628014,INFY,22552.5,-0.04452120681030858,-0.07535978475249282,False
2025-03-07,1249.800048828125,-0.0247746859586427,RELIANCE,22552.5,-0.04452120681030858,0.019746520851665877,True
2025-03-07,3611.199951171875,-0.1154981443458759,TCS,22552.5,-0.04452120681030858,-0.07097693753556732,False
2025-03-10,843.75,-0.0261145577838696,HDFCBANK,22460.30078125,-0.04667448249951467,0.020559924715645068,True
2025-03-10,1214.8499755859375,-0.0334553647954042,ICICIBANK,22460.30078125,-0.04667448249951467,0.013219117704110467,True
2025-03-10,1701.449951171875,-0.1062170412885761,INFY,22460.30078125,-0.04667448249951467,-0.05954255878906144,False
2025-03-10,1238.4000244140625,-0.0223414603684409,RELIANCE,22460.30078125,-0.04667448249951467,0.02433302213107377,True
2025-03-10,3589.64990234375,-0.1091353577847197,TCS,22460.30078125,-0.04667448249951467,-0.062460875285205025,False
2025-03-11,842.75,-0.0176307737141191,HDFCBANK,22497.900390625,-0.037794643374000625,0.020163869659881525,True
2025-03-11,1245.4000244140625,-0.0136226449425463,ICICIBANK,22497.900390625,-0.037794643374000625,0.024171998431454324,True
2025-03-11,1661.5999755859375,-0.1163112628638656,INFY,22497.900390625,-0.037794643374000625,-0.07851661948986498,False
2025-03-11,1247.300048828125,-0.0050651900149767,RELIANCE,22497.900390625,-0.037794643374000625,0.03272945335902393,True
2025-03-11,3575.300048828125,-0.1143561123936498,TCS,22497.900390625,-0.037794643374000625,-0.07656146901964918,False
2025-03-12,855.5750122070312,0.0057305747385054,HDFCBANK,22470.5,-0.026062152102954372,0.03179272684145977,True
2025-03-12,1243.949951171875,-0.0070245849755538,ICICIBANK,22470.5,-0.026062152102954372,0.019037567127400574,True
2025-03-12,1590.8499755859375,-0.1518407192818895,INFY,22470.5,-0.026062152102954372,-0.12577856717893512,False
2025-03-12,1257.050048828125,0.0179779517197249,RELIANCE,22470.5,-0.026062152102954372,0.04404010382267927,True
2025-03-12,3506.199951171875,-0.1153890053164514,TCS,22470.5,-0.026062152102954372,-0.08932685321349702,False
2025-03-13,853.2999877929688,-0.00011722125408,HDFCBANK,22397.19921875,-0.028120796313773955,0.028003575059693954,True
2025-03-13,1250.050048828125,-0.0013979868443353,ICICIBANK,22397.19921875,-0.028120796313773955,0.026722809469438655,True
2025-03-13,1579.8499755859375,-0.1520543408291661,INFY,22397.19921875,-0.028120796313773955,-0.12393354451539215,False
2025-03-13,1247.9000244140625,0.0257695732420841,RELIANCE,22397.19921875,-0.028120796313773955,0.053890369555858054,True
2025-03-13,3511.050048828125,-0.1111603013483344,TCS,22397.19921875,-0.028120796313773955,-0.08303950503456045,False
2025-03-17,855.2000122070312,0.0074807525519577,HDFCBANK,22508.75,-0.022692948833356485,0.030173701385314187,True
2025-03-17,1269.0,0.0160941430002514,ICICIBANK,22508.75,-0.022692948833356485,0.03878709183360789,True
2025-03-17,1590.050048828125,-0.137366038883426,INFY,22508.75,-0.022692948833356485,-0.11467309005006951,False
2025-03-17,1238.8499755859375,0.018707343521686,RELIANCE,22508.75,-0.022692948833356485,0.04140029235504249,True
2025-03-17,3497.699951171875,-0.1054818770310191,TCS,22508.75,-0.022692948833356485,-0.08278892819766262,False
2025-03-18,855.2000122070312,0.0091748821737152,HDFCBANK,22834.30078125,-0.004140964870198549,0.01331584704391375,True
2025-03-18,1269.0,0.0070629510249169,ICICIBANK,22834.30078125,-0.004140964870198549,0.011203915895115449,True
2025-03-18,1590.050048828125,-0.1434766063796007,INFY,22834.30078125,-0.004140964870198549,-0.13933564150940214,False
2025-03-18,1238.8499755859375,0.0177448967639659,RELIANCE,22834.30078125,-0.004140964870198549,0.02188586163416445,True
2025-03-18,3497.699951171875,-0.1110970267316558,TCS,22834.30078125,-0.004140964870198549,-0.10695606186145726,False
2025-03-19,872.0499877929688,0.0155763242089739,HDFCBANK,22907.599609375,-0.002260519202290978,0.017836843411264878,True
2025-03-19,1313.0999755859375,0.0495144067162427,ICICIBANK,22907.599609375,-0.002260519202290978,0.05177492591853368,True
2025-03-19,1586.550048828125,-0.1388210352394447,INFY,22907.599609375,-0.002260519202290978,-0.13656051603715372,False
2025-03-19,1247.1500244140625,0.0181647477806552,RELIANCE,22907.599609375,-0.002260519202290978,0.020425266982946177,True
2025-03-19,3497.10009765625,-0.1043411198216801,TCS,22907.599609375,-0.002260519202290978,-0.10208060061938912,False
2025-03-20,884.375,0.0265227067565194,HDFCBANK,23190.650390625,0.010692804235344244,0.015829902521175155,True
2025-03-20,1321.699951171875,0.0632717101116697,ICICIBANK,23190.650390625,0.010692804235344244,0.05257890587632545,True
2025-03-20,1615.550048828125,-0.1276491852245581,INFY,23190.650390625,0.010692804235344244,-0.13834198945990234,False
2025-03-20,1269.1500244140625,0.0357026270020841,RELIANCE,23190.650390625,0.010692804235344244,0.025009822766739853,True
2025-03-20,3563.14990234375,-0.080050101398539,TCS,23190.650390625,0.010692804235344244,-0.09074290563388325,False
2025-03-21,885.1749877929688,0.024982645688929,HDFCBANK,23350.400390625,0.018205285545594307,0.006777360143334691,True
2025-03-21,1343.0999755859375,0.0645582765392502,ICICIBANK,23350.400390625,0.018205285545594307,0.04635299099365589,True
2025-03-21,1592.550048828125,-0.1205268357162031,INFY,23350.400390625,0.018205285545594307,-0.1387321212617974,False
2025-03-21,1276.3499755859375,0.0398387114418608,RELIANCE,23350.400390625,0.018205285545594307,0.02163342589626649,True
2025-03-21,3578.10009765625,-0.0544383062508282,TCS,23350.400390625,0.018205285545594307,-0.0726435917964225,False
2025-03-24,900.0,0.0669195815587939,HDFCBANK,23658.349609375,0.03252277430409145,0.034396807254702455,True
2025-03-24,1358.1500244140625,0.0865635245161182,ICICIBANK,23658.349609375,0.03252277430409145,0.054040750212026756,True
2025-03-24,1592.75,-0.1273320117827964,INFY,23658.349609375,0.03252277430409145,-0.15985478608688786,False
2025-03-24,1302.0999755859375,0.0560421537598845,RELIANCE,23658.349609375,0.03252277430409145,0.02351937945579305,True
2025-03-24,3628.949951171875,-0.0398078941258837,TCS,23658.349609375,0.03252277430409145,-0.07233066842997515,False
2025-03-25,910.7249755859376,0.0761890405742247,HDFCBANK,23668.650390625,0.03828539276996157,0.03790364780426313,True
2025-03-25,1343.699951171875,0.0898252195028159,ICICIBANK,23668.650390625,0.03828539276996157,0.05153982673285433,True
2025-03-25,1628.449951171875,-0.1027823960485537,INFY,23668.650390625,0.03828539276996157,-0.14106778881851528,False
2025-03-25,1285.449951171875,0.046655478254906,RELIANCE,23668.650390625,0.03828539276996157,0.008370085484944431,True
2025-03-25,3657.75,-0.0338748019017433,TCS,23668.650390625,0.03828539276996157,-0.07216019467170487,False
2025-03-26,903.2750244140624,0.0771868553614167,HDFCBANK,23486.849609375,0.041390747546074635,0.035796107815342065,True
2025-03-26,1335.9000244140625,0.0964829902603248,ICICIBANK,23486.849609375,0.041390747546074635,0.05509224271425016,True
2025-03-26,1599.449951171875,-0.0933337263719278,INFY,23486.849609375,0.041390747546074635,-0.13472447391800244,False
2025-03-26,1273.050048828125,0.0481659854663416,RELIANCE,23486.849609375,0.041390747546074635,0.006775237920266963,True
2025-03-26,3635.800048828125,-0.0108281771059652,TCS,23486.849609375,0.041390747546074635,-0.05221892465203984,False
2025-03-27,912.6749877929688,0.0850001498351704,HDFCBANK,23591.94921875,0.04631981751066716,0.03868033232450324,True
2025-03-27,1336.6500244140625,0.0919005005565782,ICICIBANK,23591.94921875,0.04631981751066716,0.045580683045911036,True
2025-03-27,1603.550048828125,-0.0928607268642672,INFY,23591.94921875,0.04631981751066716,-0.13918054437493438,False
2025-03-27,1278.199951171875,0.061627866421823,RELIANCE,23591.94921875,0.04631981751066716,0.015308048911155836,True
2025-03-27,3651.199951171875,0.0059648997954278,TCS,23591.94921875,0.04631981751066716,-0.04035491771523936,False
2025-03-28,914.0999755859376,0.074969132510497,HDFCBANK,23519.349609375,0.043215641320945464,0.031753491189551536,True
2025-03-28,1348.3499755859375,0.1029899214224445,ICICIBANK,23519.349609375,0.043215641320945464,0.05977428010149903,True
2025-03-28,1570.6500244140625,-0.1097602556564502,INFY,23519.349609375,0.043215641320945464,-0.15297589697739566,False
2025-03-28,1275.0999755859375,0.0563333620870898,RELIANCE,23519.349609375,0.043215641320945464,0.013117720766144335,True
2025-03-28,3606.14990234375,-0.0017716423019388,TCS,23519.349609375,0.043215641320945464,-0.04498728362288426,False
2025-04-01,883.9249877929688,0.0204629131103049,HDFCBANK,23165.69921875,0.04705148710531559,-0.026588573995010693,False
2025-04-01,1318.449951171875,0.0949671770654199,ICICIBANK,23165.69921875,0.04705148710531559,0.04791568996010431,True
2025-04-01,1526.5,-0.0955145795080125,INFY,23165.69921875,0.04705148710531559,-0.1425660666133281,False
2025-04-01,1252.5999755859375,0.0437463553604084,RELIANCE,23165.69921875,0.04705148710531559,-0.0033051317449071943,False
2025-04-01,3550.800048828125,0.0193928224583721,TCS,23165.69921875,0.04705148710531559,-0.02765866464694349,False
2025-04-02,898.4500122070312,0.0560371266490844,HDFCBANK,23332.349609375,0.054841192319843746,0.0011959343292406513,True
2025-04-02,1331.25,0.1036727357737277,ICICIBANK,23332.349609375,0.054841192319843746,0.04883154345388395,True
2025-04-02,1550.1500244140625,-0.0927367162799689,INFY,23332.349609375,0.054841192319843746,-0.14757790859981265,False
2025-04-02,1251.1500244140625,0.0682177369597119,RELIANCE,23332.349609375,0.054841192319843746,0.013376544639868149,True
2025-04-02,3543.949951171875,0.0145717643985165,TCS,23332.349609375,0.054841192319843746,-0.04026942792132725,False
2025-04-03,897.4249877929688,0.0496198687637061,HDFCBANK,23250.099609375,0.052867259957420254,-0.003247391193714151,False
2025-04-03,1329.550048828125,0.0984385509011711,ICICIBANK,23250.099609375,0.052867259957420254,0.04557129094375084,True
2025-04-03,1496.5,-0.1136054275193892,INFY,23250.099609375,0.052867259957420254,-0.16647268747680943,False
2025-04-03,1248.699951171875,0.0747051595954524,RELIANCE,23250.099609375,0.052867259957420254,0.02183789963803215,True
2025-04-03,3403.14990234375,-0.0364944280806954,TCS,23250.099609375,0.052867259957420254,-0.08936168803811564,False
2025-04-04,908.6500244140624,0.0753254726793637,HDFCBANK,22904.44921875,0.025390195666616266,0.04993527701274743,True
2025-04-04,1335.300048828125,0.0983796187052252,ICICIBANK,22904.44921875,0.025390195666616266,0.07298942303860893,True
2025-04-04,1451.6500244140625,-0.1518258694630075,INFY,22904.44921875,0.025390195666616266,-0.17721606512962376,False
2025-04-04,1204.699951171875,0.0247532972016553,RELIANCE,22904.44921875,0.025390195666616266,-0.0006368984649609659,False
2025-04-04,3299.39990234375,-0.0698186219746725,TCS,22904.44921875,0.025390195666616266,-0.09520881764128877,False
2025-04-07,878.8499755859375,0.0393211931882568,HDFCBANK,22161.599609375,-0.016992890686090112,0.056314083874346915,True
2025-04-07,1287.550048828125,0.0570584107499239,ICICIBANK,22161.599609375,-0.016992890686090112,0.07405130143601402,True
2025-04-07,1396.75,-0.185971955664113,INFY,22161.599609375,-0.016992890686090112,-0.1689790649780229,False
2025-04-07,1165.699951171875,-0.0362930103340958,RELIANCE,22161.599609375,-0.016992890686090112,-0.01930011964800569,False
2025-04-07,3274.050048828125,-0.0909457018954655,TCS,22161.599609375,-0.016992890686090112,-0.07395281120937539,False
2025-04-08,884.5750122070312,0.0472991116851042,HDFCBANK,22535.849609375,-0.0007382946735394746,0.048037406358643675,True
2025-04-08,1299.9000244140625,0.0702729176688012,ICICIBANK,22535.849609375,-0.0007382946735394746,0.07101121234234067,True
2025-04-08,1428.800048828125,-0.1525503862229389,INFY,22535.849609375,-0.0007382946735394746,-0.15181209154939942,False
2025-04-08,1182.199951171875,-0.0540887302089924,RELIANCE,22535.849609375,-0.0007382946735394746,-0.05335043553545293,False
2025-04-08,3292.949951171875,-0.0881286011030002,TCS,22535.849609375,-0.0007382946735394746,-0.08739030642946073,False
2025-04-09,882.5,0.0459259259259259,HDFCBANK,22399.150390625,-0.0027225989188910393,0.04864852484481694,True
2025-04-09,1300.800048828125,0.0707495369547444,ICICIBANK,22399.150390625,-0.0027225989188910393,0.07347213587363544,True
2025-04-09,1403.699951171875,-0.1749978010196095,INFY,22399.150390625,-0.0027225989188910393,-0.17227520210071845,False
2025-04-09,1185.3499755859375,-0.0428375708836287,RELIANCE,22399.150390625,-0.0027225989188910393,-0.040114971964737664,False
2025-04-09,3246.60009765625,-0.0955663683145022,TCS,22399.150390625,-0.0027225989188910393,-0.09284376939561116,False
2025-04-11,903.375,0.0719371106496589,HDFCBANK,22828.55078125,0.014696944376319854,0.05724016627333904,True
2025-04-11,1311.6500244140625,0.0531957593554484,ICICIBANK,22828.55078125,0.014696944376319854,0.03849881497912855,True
2025-04-11,1409.449951171875,-0.1517513409478389,INFY,22828.55078125,0.014696944376319854,-0.16644828532415876,False
2025-04-11,1218.949951171875,-0.0227291722492,RELIANCE,22828.55078125,0.014696944376319854,-0.037426116625519854,False
2025-04-11,3231.5,-0.0961597751609161,TCS,22828.55078125,0.014696944376319854,-0.11085671953723596,False
2025-04-15,932.4500122070312,0.0898518527343315,HDFCBANK,23328.55078125,0.0381856559155338,0.051666196818797694,True
2025-04-15,1350.199951171875,0.0854134042128513,ICICIBANK,23328.55078125,0.0381856559155338,0.047227748297317504,True
2025-04-15,1426.0,-0.1036238351295322,INFY,23328.55078125,0.0381856559155338,-0.14180949104506602,False
2025-04-15,1240.0999755859375,-0.013484008260442,RELIANCE,23328.55078125,0.0381856559155338,-0.0516696641759758,False
2025-04-15,3248.199951171875,-0.0735839380505862,TCS,23328.55078125,0.0381856559155338,-0.11176959396612,False
2025-04-16,939.0,0.1004336264303618,HDFCBANK,23437.19921875,0.04643437734524225,0.05399924908511955,True
2025-04-16,1356.4000244140625,0.085076574082483,ICICIBANK,23437.19921875,0.04643437734524225,0.038642196737240744,True
2025-04-16,1413.0999755859375,-0.1055479966938983,INFY,23437.19921875,0.04643437734524225,-0.15198237403914056,False
2025-04-16,1239.300048828125,-0.0068915581518443,RELIANCE,23437.19921875,0.04643437734524225,-0.05332593549708655,False
2025-04-16,3273.800048828125,-0.0675723776934442,TCS,23437.19921875,0.04643437734524225,-0.11400675503868644,False
2025-04-17,953.3499755859376,0.1147684307506133,HDFCBANK,23851.650390625,0.05966126020436491,0.05510717054624839,True
2025-04-17,1406.699951171875,0.1085105998202324,ICICIBANK,23851.650390625,0.05966126020436491,0.04884933961586749,True
2025-04-17,1419.5,-0.1072608053776805,INFY,23851.650390625,0.05966126020436491,-0.16692206558204542,False
2025-04-17,1274.5,0.028776708331613,RELIANCE,23851.650390625,0.05966126020436491,-0.03088455187275191,False
2025-04-17,3298.89990234375,-0.0568373650122614,TCS,23851.650390625,0.05966126020436491,-0.11649862521662631,False
2025-04-21,963.5499877929688,0.1266954794660451,HDFCBANK,24125.55078125,0.05654869892316938,0.07014678054287571,True
2025-04-21,1409.800048828125,0.1109535451758274,ICICIBANK,24125.55078125,0.05654869892316938,0.05440484625265801,True
2025-04-21,1451.0,-0.0874501082092388,INFY,24125.55078125,0.05654869892316938,-0.1439988071324082,False
2025-04-21,1295.5,0.0457279134120083,RELIANCE,24125.55078125,0.05654869892316938,-0.010820785511161085,False
2025-04-21,3321.60009765625,-0.0503473299522516,TCS,24125.55078125,0.05654869892316938,-0.10689602887542099,False
2025-04-22,980.8499755859376,0.1247634760804548,HDFCBANK,24167.25,0.054988318815799575,0.06977515726465522,True
2025-04-22,1416.5,0.0787449747441528,ICICIBANK,24167.25,0.054988318815799575,0.02375665592835323,True
2025-04-22,1422.800048828125,-0.1032113674075083,INFY,24167.25,0.054988318815799575,-0.15819968622330788,False
2025-04-22,1291.199951171875,0.035320471391169,RELIANCE,24167.25,0.054988318815799575,-0.019667847424630576,False
2025-04-22,3314.39990234375,-0.052243341686143,TCS,24167.25,0.054988318815799575,-0.10723166050194258,False
2025-04-23,961.9500122070312,0.087717328290636,HDFCBANK,24328.94921875,0.04908438568782736,0.03863294260280864,True
2025-04-23,1424.4000244140625,0.0777030165970191,ICICIBANK,24328.94921875,0.04908438568782736,0.028618630909191742,True
2025-04-23,1474.9000244140625,-0.0870601468002096,INFY,24328.94921875,0.04908438568782736,-0.13614453248803696,False
2025-04-23,1300.0,0.0243075877496674,RELIANCE,24328.94921875,0.04908438568782736,-0.02477679793815996,False
2025-04-23,3413.0,-0.0421396535253779,TCS,24328.94921875,0.04908438568782736,-0.09122403921320527,False
2025-04-24,958.4000244140624,0.0827237977020427,HDFCBANK,24246.69921875,0.03838473058838243,0.04433906711366027,True
2025-04-24,1402.699951171875,0.044374936095086,ICICIBANK,24246.69921875,0.03838473058838243,0.0059902055067035664,True
2025-04-24,1471.4000244140625,-0.0760729777398271,INFY,24246.69921875,0.03838473058838243,-0.11445770832820953,False
2025-04-24,1301.5999755859375,0.0197829752677423,RELIANCE,24246.69921875,0.03838473058838243,-0.018601755320640134,False
2025-04-24,3401.60009765625,-0.0493278542195094,TCS,24246.69921875,0.03838473058838243,-0.08771258480789183,False
2025-04-25,955.5999755859376,0.0617777506510417,HDFCBANK,24039.349609375,0.016104250984989354,0.045673499666052345,True
2025-04-25,1404.800048828125,0.0343482115933313,ICICIBANK,24039.349609375,0.016104250984989354,0.018243960608341943,True
2025-04-25,1480.199951171875,-0.070663976661827,INFY,24039.349609375,0.016104250984989354,-0.08676822764681635,False
2025-04-25,1300.4000244140625,-0.0013055458134926,RELIANCE,24039.349609375,0.016104250984989354,-0.017409796798481956,False
2025-04-25,3448.0,-0.0498628952194399,TCS,24039.349609375,0.016104250984989354,-0.06596714620442926,False
2025-04-28,960.0999755859376,0.0542150499037685,HDFCBANK,24328.5,0.02787863264211987,0.026336417261648627,True
2025-04-28,1428.800048828125,0.0633326640981359,ICICIBANK,24328.5,0.02787863264211987,0.03545403145601603,True
2025-04-28,1482.0999755859375,-0.0898707236784405,INFY,24328.5,0.02787863264211987,-0.11774935632056037,False
2025-04-28,1368.800048828125,0.0648411846608763,RELIANCE,24328.5,0.02787863264211987,0.03696255201875642,True
2025-04-28,3443.5,-0.0585742601325951,TCS,24328.5,0.02787863264211987,-0.08645289277471496,False
2025-04-29,954.4000244140624,0.0565995943850698,HDFCBANK,24335.94921875,0.036152128680386086,0.020447465704683712,True
2025-04-29,1429.800048828125,0.0702897093330376,ICICIBANK,24335.94921875,0.036152128680386086,0.03413758065265152,True
2025-04-29,1497.5,-0.0637406322699744,INFY,24335.94921875,0.036152128680386086,-0.09989276095036048,False
2025-04-29,1399.699951171875,0.0994854070822546,RELIANCE,24335.94921875,0.036152128680386086,0.06333327840186852,True
2025-04-29,3472.5,-0.0449144745681928,TCS,24335.94921875,0.036152128680386086,-0.0810666032485789,False
2025-04-30,962.5,0.0545922840807964,HDFCBANK,24334.19921875,0.031462003970832875,0.023130280109963527,True
2025-04-30,1427.0,0.0675943395321774,ICICIBANK,24334.19921875,0.031462003970832875,0.03613233556134453,True
2025-04-30,1500.0999755859375,-0.0645131552443835,INFY,24334.19921875,0.031462003970832875,-0.09597515921521638,False
2025-04-30,1405.0,0.0992020448067398,RELIANCE,24334.19921875,0.031462003970832875,0.06774004083590693,True
2025-04-30,3453.699951171875,-0.0540918061572089,TCS,24334.19921875,0.031462003970832875,-0.08555381012804178,False
2025-05-02,960.9500122070312,0.0512526396153361,HDFCBANK,24346.69921875,0.03517740171884731,0.016075237896488785,True
2025-05-02,1430.0999755859375,0.0606296595692634,ICICIBANK,24346.69921875,0.03517740171884731,0.02545225785041609,True
2025-05-02,1506.9000244140625,-0.0405882908407824,INFY,24346.69921875,0.03517740171884731,-0.07576569255962971,False
2025-05-02,1419.800048828125,0.1134813551978106,RELIANCE,24346.69921875,0.03517740171884731,0.07830395347896328,True
2025-05-02,3431.0,-0.0485697785968116,TCS,24346.69921875,0.03517740171884731,-0.08374718031565892,False
2025-05-05,968.4000244140624,0.0955681056511541,HDFCBANK,24461.150390625,0.055921090904369475,0.03964701474678463,True
2025-05-05,1429.4000244140625,0.0841519036377316,ICICIBANK,24461.150390625,0.055921090904369475,0.02823081273336213,True
2025-05-05,1508.5999755859375,-0.0117261869728545,INFY,24461.150390625,0.055921090904369475,-0.06764727787722398,False
2025-05-05,1431.300048828125,0.1426633216710671,RELIANCE,24461.150390625,0.055921090904369475,0.08674223076669763,True
2025-05-05,3454.300048828125,-0.0271769738292777,TCS,24461.150390625,0.055921090904369475,-0.08309806473364717,False
2025-05-06,965.8499755859376,0.0750180449253254,HDFCBANK,24379.599609375,0.04488403515003103,0.030134009775294374,True
2025-05-06,1431.5999755859375,0.075380263350939,ICICIBANK,24379.599609375,0.04488403515003103,0.03049622820090797,True
2025-05-06,1511.5,-0.0249330863499304,INFY,24379.599609375,0.04488403515003103,-0.06981712149996143,False
2025-05-06,1420.9000244140625,0.1356751761880013,RELIANCE,24379.599609375,0.04488403515003103,0.09079114103797026,True
2025-05-06,3460.0,-0.0236882440013339,TCS,24379.599609375,0.04488403515003103,-0.06857227915136493,False
2025-05-07,972.7999877929688,0.0839903067390281,HDFCBANK,24414.400390625,0.05007723841236911,0.033913068326658996,True
2025-05-07,1435.4000244140625,0.0796133817446242,ICICIBANK,24414.400390625,0.05007723841236911,0.0295361433322551,True
2025-05-07,1508.300048828125,0.0078850977802371,INFY,24414.400390625,0.05007723841236911,-0.04219214063213201,False
2025-05-07,1406.0,0.1259710538792786,RELIANCE,24414.400390625,0.05007723841236911,0.07589381546690949,True
2025-05-07,3445.10009765625,0.012326872608112,TCS,24414.400390625,0.05007723841236911,-0.037750365804257106,False
2025-05-08,964.25,0.0611896484807679,HDFCBANK,24273.80078125,0.0597853958164174,0.0014042526643504999,True
2025-05-08,1435.5,0.0750392776962838,ICICIBANK,24273.80078125,0.0597853958164174,0.015253881879866399,True
2025-05-08,1511.4000244140625,0.0411600585506946,INFY,24273.80078125,0.0597853958164174,-0.018625337265722797,False
2025-05-08,1407.0,0.1679256719744506,RELIANCE,24273.80078125,0.0597853958164174,0.1081402761580332,True
2025-05-08,3448.89990234375,0.0453112700566553,TCS,24273.80078125,0.0597853958164174,-0.014474125759762098,False
2025-05-09,944.8499755859376,0.0750981417004617,HDFCBANK,24008.0,0.08331530318975355,-0.008217161489291858,False
2025-05-09,1388.9000244140625,0.0787153677468166,ICICIBANK,24008.0,0.08331530318975355,-0.0045999354429369504,False
2025-05-09,1507.5999755859375,0.0793627890359316,INFY,24008.0,0.08331530318975355,-0.003952514153821959,False
2025-05-09,1377.199951171875,0.181436054610262,RELIANCE,24008.0,0.08331530318975355,0.09812075142050844,True
2025-05-09,3440.300048828125,0.0507780875431349,TCS,24008.0,0.08331530318975355,-0.032537215646618656,False
2025-05-12,978.5999755859376,0.1062939401196878,HDFCBANK,24924.69921875,0.10600219875363526,0.0002917413660525475,True
2025-05-12,1448.5,0.1143164649550028,ICICIBANK,24924.69921875,0.10600219875363526,0.008314266201367548,True
2025-05-12,1626.9000244140625,0.138647794524094,INFY,24924.69921875,0.10600219875363526,0.03264559577045875,True
2025-05-12,1436.5,0.2151074770186261,RELIANCE,24924.69921875,0.10600219875363526,0.10910527826499083,True
2025-05-12,3620.39990234375,0.0994396987586598,TCS,24924.69921875,0.10600219875363526,-0.0065624999949754625,False
2025-05-13,961.2999877929688,0.0892917708702194,HDFCBANK,24578.349609375,0.09728936949600042,-0.007997598625781019,False
2025-05-13,1430.5999755859375,0.0997846877963664,ICICIBANK,24578.349609375,0.09728936949600042,0.0024953183003659785,True
2025-05-13,1568.5999755859375,0.1174752654770674,INFY,24578.349609375,0.09728936949600042,0.020185895981066973,True
2025-05-13,1415.699951171875,0.1943307717807745,RELIANCE,24578.349609375,0.09728936949600042,0.09704140228477409,True
2025-05-13,3515.0,0.082671069509765,TCS,24578.349609375,0.09728936949600042,-0.014618299986235428,False
2025-05-14,955.2999877929688,0.0574788850620935,HDFCBANK,24666.900390625,0.0805285288142299,-0.023049643752136396,False
2025-05-14,1426.199951171875,0.0873326913625331,ICICIBANK,24666.900390625,0.0805285288142299,0.006804162548303211,True
2025-05-14,1592.4000244140625,0.1298024616553963,INFY,24666.900390625,0.0805285288142299,0.04927393284116641,True
2025-05-14,1424.4000244140625,0.1685467668665738,RELIANCE,24666.900390625,0.0805285288142299,0.0880182380523439,True
2025-05-14,3548.699951171875,0.0981587346965418,TCS,24666.900390625,0.0805285288142299,0.0176302058823119,True
2025-05-15,966.9000244140624,0.0369456933412342,HDFCBANK,25062.099609375,0.0743101808758011,-0.0373644875345669,False
2025-05-15,1450.800048828125,0.0745075553949889,ICICIBANK,25062.099609375,0.0743101808758011,0.00019737451918780402,True
2025-05-15,1613.0,0.1311360448807854,INFY,25062.099609375,0.0743101808758011,0.056825864004984294,True
2025-05-15,1454.199951171875,0.1726473508595765,RELIANCE,25062.099609375,0.0743101808758011,0.0983371699837754,True
2025-05-15,3579.89990234375,0.1021180826790559,TCS,25062.099609375,0.0743101808758011,0.027807901803254792,True
2025-05-16,967.3499755859376,0.0301916672906683,HDFCBANK,25019.80078125,0.06752519990673211,-0.037333532616063814,False
2025-05-16,1454.0,0.071955156170171,ICICIBANK,25019.80078125,0.06752519990673211,0.004429956263438881,True
2025-05-16,1589.9000244140625,0.1251150321156968,INFY,25019.80078125,0.06752519990673211,0.057589832208964686,True
2025-05-16,1456.4000244140625,0.1751795102333981,RELIANCE,25019.80078125,0.06752519990673211,0.10765431032666598,True
2025-05-16,3561.300048828125,0.0878184359802036,TCS,25019.80078125,0.06752519990673211,0.020293236073471485,True
2025-05-19,969.3499755859376,0.0167829238052543,HDFCBANK,24945.44921875,0.04585841273922586,-0.029075488933971563,False
2025-05-19,1449.0,0.0300704132340989,ICICIBANK,24945.44921875,0.04585841273922586,-0.01578799950512696,False
2025-05-19,1559.800048828125,0.0988376532780028,INFY,24945.44921875,0.04585841273922586,0.05297924053877694,True
2025-05-19,1440.800048828125,0.130482580484994,RELIANCE,24945.44921875,0.04585841273922586,0.08462416774576814,True
2025-05-19,3518.800048828125,0.0666586295413642,TCS,24945.44921875,0.04585841273922586,0.020800216802138338,True
2025-05-20,957.4500122070312,-0.00633073080091,HDFCBANK,24683.900390625,0.02314349688583861,-0.02947422768674861,False
2025-05-20,1438.199951171875,0.0201446314087994,ICICIBANK,24683.900390625,0.02314349688583861,-0.00299886547703921,False
2025-05-20,1560.5999755859375,0.0755340975781788,INFY,24683.900390625,0.02314349688583861,0.052390600692340195,True
2025-05-20,1424.5999755859375,0.0996526249216036,RELIANCE,24683.900390625,0.02314349688583861,0.07650912803576498,True
2025-05-20,3498.300048828125,0.0531972380710596,TCS,24683.900390625,0.02314349688583861,0.030053741185220986,True
2025-05-21,963.4000244140624,-0.0177906424083367,HDFCBANK,24813.44921875,0.026738632601971624,-0.044529275010308324,False
2025-05-21,1444.699951171875,0.0199081900260325,ICICIBANK,24813.44921875,0.026738632601971624,-0.006830442575939125,False
2025-05-21,1568.5,0.1024036731597524,INFY,24813.44921875,0.026738632601971624,0.07566504055778078,True
2025-05-21,1429.199951171875,0.106877327461756,RELIANCE,24813.44921875,0.026738632601971624,0.08013869485978438,True
2025-05-21,3525.800048828125,0.063782329445184,TCS,24813.44921875,0.026738632601971624,0.037043696843212376,True
2025-05-22,959.9500122070312,-0.002079110114476,HDFCBANK,24609.69921875,0.01153975033922272,-0.013618860453698721,False
2025-05-22,1442.0999755859375,0.0124262502587051,ICICIBANK,24609.69921875,0.01153975033922272,0.0008864999194823798,True
2025-05-22,1547.5,0.0492236588136063,INFY,24609.69921875,0.01153975033922272,0.037683908474383576,True
2025-05-22,1409.4000244140625,0.0841538649338942,RELIANCE,24609.69921875,0.01153975033922272,0.07261411459467149,True
2025-05-22,3477.0,0.0187518312335188,TCS,24609.69921875,0.01153975033922272,0.007212080894296081,True
2025-05-23,966.7999877929688,0.0087645692455422,HDFCBANK,24853.150390625,0.025011700207260734,-0.016247130961718537,False
2025-05-23,1449.800048828125,0.0335781701688238,ICICIBANK,24853.150390625,0.025011700207260734,0.008566469961563065,True
2025-05-23,1564.800048828125,0.0634769762568516,INFY,24853.150390625,0.025011700207260734,0.038465276049590866,True
2025-05-23,1426.800048828125,0.0961893635452986,RELIANCE,24853.150390625,0.025011700207260734,0.07117766333803786,True
2025-05-23,3514.60009765625,0.0332196603821415,TCS,24853.150390625,0.025011700207260734,0.008207960174880763,True
2025-05-26,970.0999755859376,0.0151737132382294,HDFCBANK,25001.150390625,0.04000943440145788,-0.024835721163228477,False
2025-05-26,1460.5999755859375,0.0397209032021037,ICICIBANK,25001.150390625,0.04000943440145788,-0.0002885311993541806,False
2025-05-26,1580.5,0.0677611485858498,INFY,25001.150390625,0.04000943440145788,0.02775171418439193,True
2025-05-26,1434.800048828125,0.1033528313525069,RELIANCE,25001.150390625,0.04000943440145788,0.06334339695104903,True
2025-05-26,3537.300048828125,0.0258990860870431,TCS,25001.150390625,0.04000943440145788,-0.014110348314414777,False
2025-05-27,963.1500244140624,0.003176803359737,HDFCBANK,24826.19921875,0.020457456018661224,-0.017280652658924225,False
2025-05-27,1446.4000244140625,0.0123180116072731,ICICIBANK,24826.19921875,0.020457456018661224,-0.008139444411388124,False
2025-05-27,1570.0999755859375,0.0593752118275352,INFY,24826.19921875,0.020457456018661224,0.03891775580887397,True
2025-05-27,1422.0999755859375,0.0389391619348964,RELIANCE,24826.19921875,0.020457456018661224,0.01848170591623518,True
2025-05-27,3498.699951171875,0.0160301876497386,TCS,24826.19921875,0.020457456018661224,-0.004427268368922623,False
2025-05-28,961.75,0.00770114773462,HDFCBANK,24752.44921875,0.017114598500193257,-0.009413450765573258,False
2025-05-28,1453.800048828125,0.0167855638413712,ICICIBANK,24752.44921875,0.017114598500193257,-0.0003290346588220583,False
2025-05-28,1571.800048828125,0.0496160593176127,INFY,24752.44921875,0.017114598500193257,0.03250146081741944,True
2025-05-28,1412.9000244140625,0.0094306449258185,RELIANCE,24752.44921875,0.017114598500193257,-0.007683953574374756,False
2025-05-28,3497.699951171875,0.0072570053770697,TCS,24752.44921875,0.017114598500193257,-0.009857593123123558,False
2025-05-29,963.75,0.0012987012987013,HDFCBANK,24833.599609375,0.020522573442244285,-0.019223872143542986,False
2025-05-29,1456.5,0.0206727400140154,ICICIBANK,24833.599609375,0.020522573442244285,0.00015016657177111328,True
2025-05-29,1585.5999755859375,0.056996201180927,INFY,24833.599609375,0.020522573442244285,0.036473627738682714,True
2025-05-29,1417.800048828125,0.0091103550378113,RELIANCE,24833.599609375,0.020522573442244285,-0.011412218404432985,False
2025-05-29,3498.10009765625,0.0128558204569304,TCS,24833.599609375,0.020522573442244285,-0.007666752985313885,False
2025-05-30,972.4500122070312,0.0119673238502675,HDFCBANK,24750.69921875,0.01659362513045992,-0.004626301280192421,False
2025-05-30,1445.800048828125,0.0109783046711506,ICICIBANK,24750.69921875,0.01659362513045992,-0.0056153204593093215,False
2025-05-30,1562.699951171875,0.0370296143432007,INFY,24750.69921875,0.01659362513045992,0.020435989212740778,True
2025-05-30,1420.9000244140625,0.0007747397859616,RELIANCE,24750.69921875,0.01659362513045992,-0.01581888534449832,False
2025-05-30,3463.39990234375,0.0094432825251384,TCS,24750.69921875,0.01659362513045992,-0.007150342605321521,False
2025-06-02,966.0499877929688,-0.0024267209436673,HDFCBANK,24716.599609375,0.01044305826466374,-0.012869779208331041,False
2025-06-02,1450.5,0.0147614210336863,ICICIBANK,24716.599609375,0.01044305826466374,0.00431836276902256,True
2025-06-02,1553.800048828125,0.0299616027931008,INFY,24716.599609375,0.01044305826466374,0.01951854452843706,True
2025-06-02,1413.699951171875,-0.0122965814684768,RELIANCE,24716.599609375,0.01044305826466374,-0.02273963973314054,False
2025-06-02,3449.800048828125,-0.0013027241225112,TCS,24716.599609375,0.01044305826466374,-0.011745782387174941,False
2025-06-03,962.2999877929688,-0.0036755064271914,HDFCBANK,24542.5,0.006681832074155958,-0.010357338501347358,False
2025-06-03,1437.9000244140625,0.0044007047608018,ICICIBANK,24542.5,0.006681832074155958,-0.0022811273133541577,False
2025-06-03,1543.0,0.0208402249421104,INFY,24542.5,0.006681832074155958,0.014158392867954443,True
2025-06-03,1405.5,-0.0108382181360107,RELIANCE,24542.5,0.006681832074155958,-0.017520050210166657,False
2025-06-03,3405.199951171875,-0.0158381644011922,TCS,24542.5,0.006681832074155958,-0.022519996475348157,False
2025-06-04,970.5999755859376,-0.0022615257346193,HDFCBANK,24620.19921875,0.008429403337057773,-0.010690929071677072,False
2025-06-04,1431.0,-0.0030653645946945,ICICIBANK,24620.19921875,0.008429403337057773,-0.011494767931752272,False
2025-06-04,1551.199951171875,0.0284425518497337,INFY,24620.19921875,0.008429403337057773,0.020013148512675927,True
2025-06-04,1423.5,0.0124466571834993,RELIANCE,24620.19921875,0.008429403337057773,0.004017253846441528,True
2025-06-04,3380.89990234375,-0.0186352191497066,TCS,24620.19921875,0.008429403337057773,-0.027064622486764372,False
2025-06-05,974.7999877929688,0.0109411333087567,HDFCBANK,24750.900390625,0.01965491987326229,-0.00871378656450559,False
2025-06-05,1454.800048828125,0.0134448267698537,ICICIBANK,24750.900390625,0.01965491987326229,-0.006210093103408589,False
2025-06-05,1554.300048828125,0.02838429517076,INFY,24750.900390625,0.01965491987326229,0.008729375297497712,True
2025-06-05,1442.4000244140625,0.0251599320640103,RELIANCE,24750.900390625,0.01965491987326229,0.005505012190748011,True
2025-06-05,3371.10009765625,-0.022557861025375,TCS,24750.900390625,0.01965491987326229,-0.04221278089863729,False
2025-06-06,989.3499755859376,0.0470974240883097,HDFCBANK,25003.05078125,0.04144663367419188,0.005650790414117819,True
2025-06-06,1459.699951171875,0.0509755385652621,ICICIBANK,25003.05078125,0.04144663367419188,0.009528904891070222,True
2025-06-06,1563.800048828125,0.0372778417035626,INFY,25003.05078125,0.04144663367419188,-0.004168791970629276,False
2025-06-06,1443.5,0.0481411931300967,RELIANCE,25003.05078125,0.04144663367419188,0.0066945594559048235,True
2025-06-06,3384.199951171875,-0.0163067455919606,TCS,25003.05078125,0.04144663367419188,-0.05775337926615248,False
2025-06-09,989.4500122070312,0.011087305223564,HDFCBANK,25103.19921875,0.007161570875275469,0.00392573434828853,True
2025-06-09,1434.800048828125,-0.0094580263526924,ICICIBANK,25103.19921875,0.007161570875275469,-0.016619597227967867,False
2025-06-09,1572.9000244140625,-0.0331919596715528,INFY,25103.19921875,0.007161570875275469,-0.04035353054682827,False
2025-06-09,1448.800048828125,0.0085625122367734,RELIANCE,25103.19921875,0.007161570875275469,0.0014009413614979316,True
2025-06-09,3421.89990234375,-0.0548281972584012,TCS,25103.19921875,0.007161570875275469,-0.06198976813367667,False
2025-06-10,982.6500244140624,0.0222095463353857,HDFCBANK,25104.25,0.021396896007387145,0.0008126503279985535,True
2025-06-10,1422.9000244140625,-0.0053823230136161,ICICIBANK,25104.25,0.021396896007387145,-0.026779219021003244,False
2025-06-10,1596.0,0.0174678215227099,INFY,25104.25,0.021396896007387145,-0.003929074484677244,False
2025-06-10,1438.5,0.0161051420601179,RELIANCE,25104.25,0.021396896007387145,-0.005291753947269245,False
2025-06-10,3462.89990234375,-0.0148222183943812,TCS,25104.25,0.021396896007387145,-0.036219114401768344,False
2025-06-11,975.2000122070312,0.0208311783401542,HDFCBANK,25141.400390625,0.019236304216817546,0.001594874123336653,True
2025-06-11,1431.0,0.0033656212259585,ICICIBANK,25141.400390625,0.019236304216817546,-0.015870682990859045,False
2025-06-11,1631.0999755859375,0.0243029079242289,INFY,25141.400390625,0.019236304216817546,0.005066603707411355,True
2025-06-11,1448.9000244140625,0.0172002243611855,RELIANCE,25141.400390625,0.019236304216817546,-0.002036079855632044,False
2025-06-11,3471.89990234375,-0.0216417420139348,TCS,25141.400390625,0.019236304216817546,-0.04087804623075235,False
2025-06-12,971.7000122070312,0.0049643062072293,HDFCBANK,24888.19921875,-0.0069387798043843985,0.011903086011613698,True
2025-06-12,1425.199951171875,-0.0176455037183989,ICICIBANK,24888.19921875,-0.0069387798043843985,-0.0107067239140145,False
2025-06-12,1608.5999755859375,-0.0027278514656308,INFY,24888.19921875,-0.0069387798043843985,0.004210928338753599,True
2025-06-12,1441.5999755859375,-0.0086645413347619,RELIANCE,24888.19921875,-0.0069387798043843985,-0.0017257615303775016,False
2025-06-12,3434.199951171875,-0.0406994483495154,TCS,24888.19921875,-0.0069387798043843985,-0.033760668545131,False
2025-06-13,958.7999877929688,-0.0088385672287736,HDFCBANK,24718.599609375,-0.012038511997294665,0.003199944768521066,True
2025-06-13,1416.0999755859375,-0.0260660415502492,ICICIBANK,24718.599609375,-0.012038511997294665,-0.014027529552954533,False
2025-06-13,1602.0,0.007610526070906,INFY,24718.599609375,-0.012038511997294665,0.019649038068200664,True
2025-06-13,1427.9000244140625,-0.0195687994522425,RELIANCE,24718.599609375,-0.012038511997294665,-0.0075302874549478364,False
2025-06-13,3445.699951171875,-0.0324600836973254,TCS,24718.599609375,-0.012038511997294665,-0.020421571700030734,False
2025-06-16,967.7000122070312,-0.00170213382211,HDFCBANK,24946.5,4.212316406038141e-05,-0.0017442569861703815,False
2025-06-16,1426.9000244140625,-0.015251881011689,ICICIBANK,24946.5,4.212316406038141e-05,-0.015294004175749382,False
2025-06-16,1623.800048828125,0.0410309001131798,INFY,24946.5,4.212316406038141e-05,0.04098877694911942,True
2025-06-16,1437.800048828125,-0.0020821764980089,RELIANCE,24946.5,4.212316406038141e-05,-0.0021242996620692814,False
2025-06-16,3496.300048828125,-0.0063942252153523,TCS,24946.5,4.212316406038141e-05,-0.0064363483794126816,False
2025-06-17,964.7999877929688,0.0076766154809428,HDFCBANK,24853.400390625,0.0068668240155584925,0.0008097914653843073,True
2025-06-17,1423.199951171875,-0.0104297041505095,ICICIBANK,24853.400390625,0.0068668240155584925,-0.01729652816606799,False
2025-06-17,1639.9000244140625,0.0508138216510936,INFY,24853.400390625,0.0068668240155584925,0.043946997635535105,True
2025-06-17,1431.199951171875,0.0046328623466549,RELIANCE,24853.400390625,0.0068668240155584925,-0.0022339616689035927,False
2025-06-17,3515.300048828125,0.0048595031194349,TCS,24853.400390625,0.0068668240155584925,-0.002007320896123593,False
2025-06-18,966.9500122070312,0.0036848533350701,HDFCBANK,24812.05078125,-5.6358045496640585e-05,0.0037412113805667404,True
2025-06-18,1412.5999755859375,-0.0222191296953387,ICICIBANK,24812.05078125,-5.6358045496640585e-05,-0.02216277164984206,False
2025-06-18,1632.9000244140625,0.0410583515550286,INFY,24812.05078125,-5.6358045496640585e-05,0.04111470960052524,True
2025-06-18,1430.0999755859375,0.0006297400257566,RELIANCE,24812.05078125,-5.6358045496640585e-05,0.0006860980712532406,True
2025-06-18,3451.39990234375,-0.0211016352186799,TCS,24812.05078125,-5.6358045496640585e-05,-0.02104527717318326,False
2025-06-19,967.6500244140624,0.0080212637211471,HDFCBANK,24793.25,0.007458473166147117,0.0005627905549999822,True
2025-06-19,1411.300048828125,-0.0213576917545527,ICICIBANK,24793.25,0.007458473166147117,-0.028816164920699817,False
2025-06-19,1618.4000244140625,0.0458158477635299,INFY,24793.25,0.007458473166147117,0.03835737459738278,True
2025-06-19,1433.300048828125,0.0169575876259819,RELIANCE,24793.25,0.007458473166147117,0.009499114459834784,True
2025-06-19,3424.0,-0.0152430255967788,TCS,24793.25,0.007458473166147117,-0.022701498762925917,False
2025-06-20,982.3499755859376,0.016083975992249,HDFCBANK,25112.400390625,0.010431273135408814,0.005652702856840185,True
2025-06-20,1427.0999755859375,-0.0156573820372926,ICICIBANK,25112.400390625,0.010431273135408814,-0.026088655172701414,False
2025-06-20,1622.9000244140625,0.0371293288426521,INFY,25112.400390625,0.010431273135408814,0.026698055707243283,True
2025-06-20,1466.199951171875,0.0276141722703964,RELIANCE,25112.400390625,0.010431273135408814,0.017182899134987585,True
2025-06-20,3435.699951171875,-0.0224492529141481,TCS,25112.400390625,0.010431273135408814,-0.032880526049556914,False
2025-06-23,974.2000122070312,0.0042264062718042,HDFCBANK,24971.900390625,-0.0011699461641960784,0.0053963524360002785,True
2025-06-23,1420.0999755859375,-0.027728331286431,ICICIBANK,24971.900390625,-0.0011699461641960784,-0.02655838512223492,False
2025-06-23,1584.0,0.0022144890857322,INFY,24971.900390625,-0.0011699461641960784,0.0033844352499282785,True
2025-06-23,1456.800048828125,0.0153331469551931,RELIANCE,24971.900390625,-0.0011699461641960784,0.01650309311938918,True
2025-06-23,3393.60009765625,-0.0406241905374924,TCS,24971.900390625,-0.0011699461641960784,-0.039454244373296324,False
2025-06-24,980.4500122070312,0.0179618827331633,HDFCBANK,25044.349609375,0.008787103845531163,0.009174778887632136,True
2025-06-24,1424.0999755859375,-0.015417621993721,ICICIBANK,25044.349609375,0.008787103845531163,-0.024204725839252164,False
2025-06-24,1581.5999755859375,0.0073243743575681,INFY,25044.349609375,0.008787103845531163,-0.0014627294879630635,False
2025-06-24,1450.800048828125,0.0201814736902463,RELIANCE,25044.349609375,0.008787103845531163,0.011394369844715136,True
2025-06-24,3390.39990234375,-0.0309543688625971,TCS,25044.349609375,0.008787103845531163,-0.039741472708128264,False
2025-06-25,990.0999755859376,0.0294774895616716,HDFCBANK,25244.75,0.019888972476997724,0.009588517084673877,True
2025-06-25,1425.800048828125,-0.0192598700368528,ICICIBANK,25244.75,0.019888972476997724,-0.03914884251385052,False
2025-06-25,1614.9000244140625,0.0274207750649144,INFY,25244.75,0.019888972476997724,0.007531802587916678,True
2025-06-25,1467.300048828125,0.0385023876240802,RELIANCE,25244.75,0.019888972476997724,0.01861341514708248,True
2025-06-25,3444.800048828125,-0.0151241967813809,TCS,25244.75,0.019888972476997724,-0.03501316925837862,False
2025-06-26,1010.9000244140624,0.0489235013375484,HDFCBANK,25549.0,0.02880776052920364,0.02011574080834476,True
2025-06-26,1439.0999755859375,-0.0119464637240387,ICICIBANK,25549.0,0.02880776052920364,-0.04075422425324234,False
2025-06-26,1616.0,0.0191725686693635,INFY,25549.0,0.02880776052920364,-0.009635191859840141,False
2025-06-26,1495.300048828125,0.0546621507483069,RELIANCE,25549.0,0.02880776052920364,0.02585439021910326,True
2025-06-26,3441.800048828125,-0.0160944647827105,TCS,25549.0,0.02880776052920364,-0.04490222531191414,False
2025-06-27,1007.4500122070312,0.0359915672380584,HDFCBANK,25637.80078125,0.03584147480681965,0.00015009243123875055,True
2025-06-27,1462.199951171875,0.0113431330681188,ICICIBANK,25637.80078125,0.03584147480681965,-0.02449834173870085,False
2025-06-27,1608.0,0.0289883216507138,INFY,25637.80078125,0.03584147480681965,-0.006853153156105851,False
2025-06-27,1515.4000244140625,0.0665071422171093,RELIANCE,25637.80078125,0.03584147480681965,0.030665667410289643,True
2025-06-27,3441.10009765625,-0.0064387033886584,TCS,25637.80078125,0.03584147480681965,-0.04228017819547805,False
2025-06-30,1000.75,0.0359194789560597,HDFCBANK,25517.05078125,0.03238516561846927,0.003534313337590432,True
2025-06-30,1445.800048828125,-0.003240228315667,ICICIBANK,25517.05078125,0.03238516561846927,-0.03562539393413627,False
2025-06-30,1601.800048828125,0.0308920057224877,INFY,25517.05078125,0.03238516561846927,-0.001493159895981571,False
2025-06-30,1500.5999755859375,0.0614699210691966,RELIANCE,25517.05078125,0.03238516561846927,0.029084755450727327,True
2025-06-30,3462.0,0.003536422690938,TCS,25517.05078125,0.03238516561846927,-0.02884874292753127,False
2025-07-01,1006.0499877929688,0.0454639930946485,HDFCBANK,25541.80078125,0.04071715518997654,0.004746837904671959,True
2025-07-01,1432.0,-0.004103222973702,ICICIBANK,25541.80078125,0.04071715518997654,-0.04482037816367854,False
2025-07-01,1606.800048828125,0.0413480549761018,INFY,25541.80078125,0.04071715518997654,0.0006308997861252594,True
2025-07-01,1528.4000244140625,0.0874422087613393,RELIANCE,25541.80078125,0.04071715518997654,0.046725053571362765,True
2025-07-01,3429.699951171875,0.0071948785244075,TCS,25541.80078125,0.04071715518997654,-0.03352227666556904,False
2025-07-02,993.0,0.0230785338733805,HDFCBANK,25453.400390625,0.0338421783053835,-0.010763644432002995,False
2025-07-02,1427.800048828125,-0.0022361643409328,ICICIBANK,25453.400390625,0.0338421783053835,-0.0360783426463163,False
2025-07-02,1610.5,0.0382285009636094,INFY,25453.400390625,0.0338421783053835,0.004386322658225902,True
2025-07-02,1518.800048828125,0.0669476985093957,RELIANCE,25453.400390625,0.0338421783053835,0.03310552020401221,True
2025-07-02,3423.300048828125,0.0125410830574965,TCS,25453.400390625,0.0338421783053835,-0.021301095247886995,False
2025-07-03,993.5499877929688,0.0192347150541636,HDFCBANK,25405.30078125,0.026439457971107583,-0.007204742916943983,False
2025-07-03,1425.9000244140625,-0.0198652896921072,ICICIBANK,25405.30078125,0.026439457971107583,-0.04630474766321478,False
2025-07-03,1618.699951171875,0.0414333785759737,INFY,25405.30078125,0.026439457971107583,0.014993920604866116,True
2025-07-03,1517.800048828125,0.0522740038393245,RELIANCE,25405.30078125,0.026439457971107583,0.025834545868216915,True
2025-07-03,3400.800048828125,0.0088101659136505,TCS,25405.30078125,0.026439457971107583,-0.017629292057457082,False
2025-07-04,994.6500244140624,0.0053571020962384,HDFCBANK,25461.0,0.018315733658126998,-0.012958631561888598,False
2025-07-04,1442.800048828125,-0.0115776549353052,ICICIBANK,25461.0,0.018315733658126998,-0.0298933885934322,False
2025-07-04,1640.699951171875,0.0491750223446898,INFY,25461.0,0.018315733658126998,0.030859288686562805,True
2025-07-04,1527.300048828125,0.0580533763963457,RELIANCE,25461.0,0.018315733658126998,0.039737642738218705,True
2025-07-04,3419.800048828125,0.0105195018526971,TCS,25461.0,0.018315733658126998,-0.007796231805429899,False
2025-07-07,993.7000122070312,0.00429531552637,HDFCBANK,25461.30078125,0.014265176298028592,-0.009969860771658592,False
2025-07-07,1435.699951171875,0.0006271970400928,ICICIBANK,25461.30078125,0.014265176298028592,-0.013637979257935792,False
2025-07-07,1627.0,0.0343950503822332,INFY,25461.30078125,0.014265176298028592,0.020129874084204608,True
2025-07-07,1541.5,0.063983950888776,RELIANCE,25461.30078125,0.014265176298028592,0.0497187745907474,True
2025-07-07,3411.699951171875,-0.0029807859560382,TCS,25461.30078125,0.014265176298028592,-0.017245962254066792,False
2025-07-08,1000.7000122070312,0.0183686840121251,HDFCBANK,25522.5,0.01666052560821374,0.0017081584039113605,True
2025-07-08,1442.0,0.0134232730748617,ICICIBANK,25522.5,0.01666052560821374,-0.003237252533352039,False
2025-07-08,1638.699951171875,0.0267543553708489,INFY,25522.5,0.01666052560821374,0.010093829762635162,True
2025-07-08,1537.5999755859375,0.0688911891455943,RELIANCE,25522.5,0.01666052560821374,0.05223066353738057,True
2025-07-08,3406.199951171875,-0.0163735460945606,TCS,25522.5,0.01666052560821374,-0.03303407170277434,False
2025-07-09,1005.5999755859376,0.0311730547563329,HDFCBANK,25476.099609375,0.013312672068768627,0.017860382687564274,True
2025-07-09,1431.9000244140625,0.0006289478784504,ICICIBANK,25476.099609375,0.013312672068768627,-0.012683724190318227,False
2025-07-09,1633.699951171875,0.0015940013640203,INFY,25476.099609375,0.013312672068768627,-0.011718670704748328,False
2025-07-09,1519.0,0.0483815131511824,RELIANCE,25476.099609375,0.013312672068768627,0.035068841082413774,True
2025-07-09,3383.800048828125,-0.0253751133366927,TCS,25476.099609375,0.013312672068768627,-0.03868778540546133,False
2025-07-10,1003.0999755859376,0.0323144622665871,HDFCBANK,25355.25,0.01876595317905272,0.013548509087534383,True
2025-07-10,1424.0999755859375,-0.0007718043949083,ICICIBANK,25355.25,0.01876595317905272,-0.01953775757396102,False
2025-07-10,1615.800048828125,0.0044759874123241,INFY,25355.25,0.01876595317905272,-0.01428996576672862,False
2025-07-10,1517.199951171875,0.0524417153622729,RELIANCE,25355.25,0.01876595317905272,0.03367576218322018,True
2025-07-10,3382.0,-0.0152000325881032,TCS,25355.25,0.01876595317905272,-0.03396598576715592,False
2025-07-11,991.8499755859376,0.0344701587544296,HDFCBANK,25149.849609375,0.017446376688606602,0.017023782065823,True
2025-07-11,1421.9000244140625,0.0040957905007554,ICICIBANK,25149.849609375,0.017446376688606602,-0.013350586187851201,False
2025-07-11,1594.9000244140625,-0.0044319448101981,INFY,25149.849609375,0.017446376688606602,-0.0218783214988047,False
2025-07-11,1495.199951171875,0.0471321000119941,RELIANCE,25149.849609375,0.017446376688606602,0.0296857233233875,True
2025-07-11,3266.0,-0.0521519440805515,TCS,25149.849609375,0.017446376688606602,-0.0695983207691581,False
2025-07-14,991.5,0.024594386165903,HDFCBANK,25082.30078125,0.005443680726755273,0.019150705439147726,True
2025-07-14,1423.0,-0.0027332149045719,ICICIBANK,25082.30078125,0.005443680726755273,-0.008176895631327173,False
2025-07-14,1570.300048828125,-0.0329474063254341,INFY,25082.30078125,0.005443680726755273,-0.038391087052189375,False
2025-07-14,1483.699951171875,0.031923703425355,RELIANCE,25082.30078125,0.005443680726755273,0.026480022698599726,True
2025-07-14,3222.699951171875,-0.0782541812302276,TCS,25082.30078125,0.005443680726755273,-0.08369786195698288,False
2025-07-15,997.75,0.0341521689717327,HDFCBANK,25195.80078125,0.013776802580067082,0.020375366391665616,True
2025-07-15,1430.800048828125,0.0053401474964862,ICICIBANK,25195.80078125,0.013776802580067082,-0.008436655083580883,False
2025-07-15,1585.5999755859375,-0.0331118043903477,INFY,25195.80078125,0.013776802580067082,-0.04688860697041478,False
2025-07-15,1485.4000244140625,0.0378703710811394,RELIANCE,25195.80078125,0.013776802580067082,0.02409356850107232,True
2025-07-15,3252.300048828125,-0.0748158041552312,TCS,25195.80078125,0.013776802580067082,-0.08859260673529828,False
2025-07-16,998.1500244140624,0.0322664168914152,HDFCBANK,25212.05078125,0.016121198667796932,0.016145218223618266,True
2025-07-16,1426.4000244140625,0.0097692546132184,ICICIBANK,25212.05078125,0.016121198667796932,-0.006351944054578533,False
2025-07-16,1607.9000244140625,-0.0153101841057113,INFY,25212.05078125,0.016121198667796932,-0.03143138277350823,False
2025-07-16,1485.5999755859375,0.0388084755943447,RELIANCE,25212.05078125,0.016121198667796932,0.02268727692654777,True
2025-07-16,3233.10009765625,-0.0632496409759004,TCS,25212.05078125,0.016121198667796932,-0.07937083964369733,False
2025-07-17,993.4500122070312,0.0266625196527963,HDFCBANK,25111.44921875,0.012834106813346402,0.013828412839449897,True
2025-07-17,1418.699951171875,0.0052433232393738,ICICIBANK,25111.44921875,0.012834106813346402,-0.007590783573972602,False
2025-07-17,1583.5,-0.0215645229162042,INFY,25111.44921875,0.012834106813346402,-0.0343986297295506,False
2025-07-17,1476.4000244140625,0.0300704486971701,RELIANCE,25111.44921875,0.012834106813346402,0.017236341883823697,True
2025-07-17,3209.199951171875,-0.0627336591203636,TCS,25111.44921875,0.012834106813346402,-0.07556776593371001,False
2025-07-18,978.7000122070312,-0.0037155428000384,HDFCBANK,24968.400390625,-0.005734218862397444,0.002018676062359044,True
2025-07-18,1425.800048828125,-0.000910886959604,ICICIBANK,24968.400390625,-0.005734218862397444,0.004823331902793444,True
2025-07-18,1586.0999755859375,-0.0226754872601665,INFY,24968.400390625,-0.005734218862397444,-0.016941268397769056,False
2025-07-18,1476.0,0.0066839784166492,RELIANCE,24968.400390625,-0.005734218862397444,0.012418197279046644,True
2025-07-18,3189.89990234375,-0.0715429322471206,TCS,24968.400390625,-0.005734218862397444,-0.06580871338472316,False
2025-07-21,1000.25,0.0267398762744346,HDFCBANK,25090.69921875,0.0047573002561551725,0.021982576018279427,True
2025-07-21,1465.800048828125,0.0321808844643711,ICICIBANK,25090.69921875,0.0047573002561551725,0.027423584208215925,True
2025-07-21,1584.300048828125,0.0001894247652305,INFY,25090.69921875,0.0047573002561551725,-0.004567875490924672,False
2025-07-21,1428.5999755859375,-0.0193575455086455,RELIANCE,25090.69921875,0.0047573002561551725,-0.024114845764800674,False
2025-07-21,3158.199951171875,-0.0693659063267211,TCS,25090.69921875,0.0047573002561551725,-0.07412320658287627,False
2025-07-22,1003.5499877929688,0.0235605847298003,HDFCBANK,25060.900390625,0.000660858896643246,0.022899725833157053,True
2025-07-22,1473.5999755859375,0.0347587956243264,ICICIBANK,25060.900390625,0.000660858896643246,0.03409793672768315,True
2025-07-22,1570.9000244140625,-0.0067652701928696,INFY,25060.900390625,0.000660858896643246,-0.007426129089512846,False
2025-07-22,1412.800048828125,-0.0261924446657513,RELIANCE,25060.900390625,0.000660858896643246,-0.026853303562394546,False
2025-07-22,3159.60009765625,-0.0680745078266285,TCS,25060.900390625,0.000660858896643246,-0.06873536672327174,False
2025-07-23,1012.1500244140624,0.0222705275950296,HDFCBANK,25219.900390625,-0.00098434761187971,0.02325487520690931,True
2025-07-23,1488.5999755859375,0.0440453952918771,ICICIBANK,25219.900390625,-0.00098434761187971,0.04502974290375681,True
2025-07-23,1574.5,-0.0250170436579941,INFY,25219.900390625,-0.00098434761187971,-0.02403269604611439,False
2025-07-23,1424.5999755859375,-0.0291011189403901,RELIANCE,25219.900390625,-0.00098434761187971,-0.02811677132851039,False
2025-07-23,3179.10009765625,-0.0771307325260467,TCS,25219.900390625,-0.00098434761187971,-0.07614638491416699,False
2025-07-24,1007.0999755859376,-0.0037590748208037,HDFCBANK,25062.099609375,-0.019057512647266073,0.015298437826462372,True
2025-07-24,1483.4000244140625,0.0307831627959607,ICICIBANK,25062.099609375,-0.019057512647266073,0.049840675443226776,True
2025-07-24,1552.5,-0.0392945544554454,INFY,25062.099609375,-0.019057512647266073,-0.020237041808179326,False
2025-07-24,1402.9000244140625,-0.0617936343187288,RELIANCE,25062.099609375,-0.019057512647266073,-0.04273612167146273,False
2025-07-24,3148.0,-0.0853623233947477,TCS,25062.099609375,-0.019057512647266073,-0.06630481074748162,False
2025-07-25,1002.2999877929688,-0.0051119403957128,HDFCBANK,24837.0,-0.03123515890004336,0.02612321850433056,True
2025-07-25,1477.0999755859375,0.0101901415070633,ICICIBANK,24837.0,-0.03123515890004336,0.04142530040710666,True
2025-07-25,1515.699951171875,-0.0574005278781871,INFY,24837.0,-0.03123515890004336,-0.02616536897814374,False
2025-07-25,1391.699951171875,-0.0816286599243105,RELIANCE,24837.0,-0.03123515890004336,-0.05039350102426714,False
2025-07-25,3135.800048828125,-0.0887216413832502,TCS,24837.0,-0.03123515890004336,-0.05748648248320684,False
2025-07-28,1004.25,0.0034973769672745,HDFCBANK,24680.900390625,-0.032768300607819656,0.036265677575094156,True
2025-07-28,1488.4000244140625,0.0294646383643895,ICICIBANK,24680.900390625,-0.032768300607819656,0.062232938972209155,True
2025-07-28,1516.0,-0.053564768518328,INFY,24680.900390625,-0.032768300607819656,-0.02079646791050834,False
2025-07-28,1387.5999755859375,-0.075303213273662,RELIANCE,24680.900390625,-0.032768300607819656,-0.04253491266584235,False
2025-07-28,3079.300048828125,-0.1105430246019281,TCS,24680.900390625,-0.032768300607819656,-0.07777472399410844,False
2025-07-29,1010.7999877929688,0.0047214353736242,HDFCBANK,24821.099609375,-0.028216537199055258,0.032937972572679455,True
2025-07-29,1486.199951171875,0.0378491279133206,ICICIBANK,24821.099609375,-0.028216537199055258,0.06606566511237585,True
2025-07-29,1513.699951171875,-0.0579413087049318,INFY,24821.099609375,-0.028216537199055258,-0.02972477150587654,False
2025-07-29,1417.0999755859375,-0.0728212817654159,RELIANCE,24821.099609375,-0.028216537199055258,-0.04460474456636064,False
2025-07-29,3056.0,-0.1089599546584789,TCS,24821.099609375,-0.028216537199055258,-0.08074341745942364,False
2025-07-30,1012.9000244140624,0.0200403065599823,HDFCBANK,24855.05078125,-0.023507649280344656,0.04354795584032696,True
2025-07-30,1482.4000244140625,0.0382406315441372,ICICIBANK,24855.05078125,-0.023507649280344656,0.06174828082448185,True
2025-07-30,1519.0,-0.056814653834213,INFY,24855.05078125,-0.023507649280344656,-0.03330700455386834,False
2025-07-30,1410.0999755859375,-0.0715697061809145,RELIANCE,24855.05078125,-0.023507649280344656,-0.04806205690056985,False
2025-07-30,3053.60009765625,-0.1079951934971145,TCS,24855.05078125,-0.023507649280344656,-0.08448754421676985,False
2025-07-31,1009.0999755859376,0.015650936524604,HDFCBANK,24768.349609375,-0.025071585546631026,0.04072252207123503,True
2025-07-31,1481.4000244140625,0.0389227849426585,ICICIBANK,24768.349609375,-0.025071585546631026,0.06399437048928952,True
2025-07-31,1509.0,-0.067770404942841,INFY,24768.349609375,-0.025071585546631026,-0.04269881939620998,False
2025-07-31,1390.199951171875,-0.0840691089414369,RELIANCE,24768.349609375,-0.025071585546631026,-0.05899752339480588,False
2025-07-31,3036.800048828125,-0.1070336376069596,TCS,24768.349609375,-0.025071585546631026,-0.08196205206032857,False
2025-08-01,1006.0999755859376,0.0115115376170831,HDFCBANK,24565.349609375,-0.035177345376261715,0.04668888299334482,True
2025-08-01,1471.5999755859375,0.0199611351421871,ICICIBANK,24565.349609375,-0.035177345376261715,0.055138480518448815,True
2025-08-01,1469.5999755859375,-0.1042847447296678,INFY,24565.349609375,-0.035177345376261715,-0.06910739935340608,False
2025-08-01,1393.699951171875,-0.0874746895731192,RELIANCE,24565.349609375,-0.035177345376261715,-0.052297344196857484,False
2025-08-01,3003.0,-0.1218784849631636,TCS,24565.349609375,-0.035177345376261715,-0.08670113958690188,False
2025-08-04,996.0,0.0023145695528978,HDFCBANK,24722.75,-0.029006796926647094,0.03132136647954489,True
2025-08-04,1463.199951171875,0.019154420098401,ICICIBANK,24722.75,-0.029006796926647094,0.048161217025048095,True
2025-08-04,1480.5,-0.0900430239704979,INFY,24722.75,-0.029006796926647094,-0.06103622704385081,False
2025-08-04,1411.5,-0.08433344145313,RELIANCE,24722.75,-0.029006796926647094,-0.05532664452648291,False
2025-08-04,3074.39990234375,-0.0988656838689072,TCS,24722.75,-0.029006796926647094,-0.06985888694226011,False
2025-08-05,988.7999877929688,-0.0118917000788449,HDFCBANK,24649.55078125,-0.03420312346948773,0.022311423390642827,True
2025-08-05,1444.4000244140625,0.0016643719931084,ICICIBANK,24649.55078125,-0.03420312346948773,0.03586749546259613,True
2025-08-05,1460.300048828125,-0.1088667282965205,INFY,24649.55078125,-0.03420312346948773,-0.07466360482703277,False
2025-08-05,1391.699951171875,-0.0948881547415894,RELIANCE,24649.55078125,-0.03420312346948773,-0.060685031272101675,False
2025-08-05,3063.89990234375,-0.1004932340247258,TCS,24649.55078125,-0.03420312346948773,-0.06629011055523808,False
2025-08-06,992.6500244140624,-0.012877835606877,HDFCBANK,24574.19921875,-0.03540182384485213,0.02252398823797513,True
2025-08-06,1443.5999755859375,0.0081709274197845,ICICIBANK,24574.19921875,-0.03540182384485213,0.04357275126463663,True
2025-08-06,1436.699951171875,-0.1205851783607444,INFY,24574.19921875,-0.03540182384485213,-0.08518335451589226,False
2025-08-06,1392.800048828125,-0.0830809421802994,RELIANCE,24574.19921875,-0.03540182384485213,-0.047679118335447274,False
2025-08-06,3032.300048828125,-0.1038772962136846,TCS,24574.19921875,-0.03540182384485213,-0.06847547236883247,False
2025-08-07,997.7000122070312,-0.0053832753567281,HDFCBANK,24596.150390625,-0.029938557473304317,0.02455528211657622,True
2025-08-07,1440.300048828125,0.0113756572711982,ICICIBANK,24596.150390625,-0.029938557473304317,0.04131421474450252,True
2025-08-07,1436.9000244140625,-0.1107191601731981,INFY,24596.150390625,-0.029938557473304317,-0.08078060269989379,False
2025-08-07,1389.4000244140625,-0.0842340699122095,RELIANCE,24596.150390625,-0.029938557473304317,-0.05429551243890518,False
2025-08-07,3047.0,-0.0990538143110585,TCS,24596.150390625,-0.029938557473304317,-0.06911525683775419,False
2025-08-08,986.9500122070312,-0.0049402263442227,HDFCBANK,24363.30078125,-0.03127449429486062,0.026334267950637924,True
2025-08-08,1435.9000244140625,0.0098459805609534,ICICIBANK,24363.30078125,-0.03127449429486062,0.04112047485581402,True
2025-08-08,1423.0999755859375,-0.1077183812140458,INFY,24363.30078125,-0.03127449429486062,-0.07644388691918517,False
2025-08-08,1367.800048828125,-0.0852059299787291,RELIANCE,24363.30078125,-0.03127449429486062,-0.053931435683868476,False
2025-08-08,3036.39990234375,-0.0703000911378597,TCS,24363.30078125,-0.03127449429486062,-0.03902559684299908,False
2025-08-11,997.7999877929688,0.0063539967654753,HDFCBANK,24585.05078125,-0.01982473634841797,0.026178733113893272,True
2025-08-11,1436.5999755859375,0.0095572562093728,ICICIBANK,24585.05078125,-0.01982473634841797,0.02938199255779077,True
2025-08-11,1428.199951171875,-0.0904923220006874,INFY,24585.05078125,-0.01982473634841797,-0.07066758565226942,False
2025-08-11,1386.199951171875,-0.0657140953081458,RELIANCE,24585.05078125,-0.01982473634841797,-0.04588935895972783,False
2025-08-11,3040.800048828125,-0.056443325503389,TCS,24585.05078125,-0.01982473634841797,-0.03661858915497103,False
2025-08-12,984.9500122070312,-0.0128288527115697,HDFCBANK,24487.400390625,-0.0281158117090754,0.0152869589975057,True
2025-08-12,1422.0,-0.0061504392841841,ICICIBANK,24487.400390625,-0.0281158117090754,0.0219653724248913,True
2025-08-12,1424.0999755859375,-0.101854189257489,INFY,24487.400390625,-0.0281158117090754,-0.0737383775484136,False
2025-08-12,1380.4000244140625,-0.0706880289983964,RELIANCE,24487.400390625,-0.0281158117090754,-0.04257221728932099,False
2025-08-12,3035.39990234375,-0.0666913086824596,TCS,24487.400390625,-0.0281158117090754,-0.038575496973384193,False
2025-08-13,990.1500244140624,-0.0080148272347096,HDFCBANK,24619.349609375,-0.02350864580662304,0.015493818571913441,True
2025-08-13,1420.800048828125,-0.0039259502874994,ICICIBANK,24619.349609375,-0.02350864580662304,0.01958269551912364,True
2025-08-13,1426.5999755859375,-0.112755797049131,INFY,24619.349609375,-0.02350864580662304,-0.08924715124250795,False
2025-08-13,1382.5999755859375,-0.0693322574668027,RELIANCE,24619.349609375,-0.02350864580662304,-0.04582361166017966,False
2025-08-13,3036.199951171875,-0.0609013456240072,TCS,24619.349609375,-0.02350864580662304,-0.03739269981738416,False
2025-08-14,995.5499877929688,0.002113821088262,HDFCBANK,24631.30078125,-0.019120698025723137,0.021234519113985138,True
2025-08-14,1427.300048828125,0.0060619566872799,ICICIBANK,24631.30078125,-0.019120698025723137,0.025182654713003037,True
2025-08-14,1447.699951171875,-0.0857594245835964,INFY,24631.30078125,-0.019120698025723137,-0.06663872655787326,False
2025-08-14,1373.800048828125,-0.0694933445470893,RELIANCE,24631.30078125,-0.019120698025723137,-0.050372646521366166,False
2025-08-14,3022.300048828125,-0.0582387838674562,TCS,24631.30078125,-0.019120698025723137,-0.03911808584173306,False
2025-08-18,1001.7999877929688,0.0236027130865621,HDFCBANK,24876.94921875,-0.003662676440791879,0.027265389527353977,True
2025-08-18,1434.5999755859375,0.006171922048288,ICICIBANK,24876.94921875,-0.003662676440791879,0.009834598489079879,True
2025-08-18,1435.800048828125,-0.0947606891566142,INFY,24876.94921875,-0.003662676440791879,-0.09109801271582232,False
2025-08-18,1381.699951171875,-0.0638889219702744,RELIANCE,24876.94921875,-0.003662676440791879,-0.060226245529482525,False
2025-08-18,3011.199951171875,-0.0560205513159133,TCS,24876.94921875,-0.003662676440791879,-0.05235787487512142,False
2025-08-19,995.5499877929688,-0.0046988374976568,HDFCBANK,24980.650390625,-0.004386040706381045,-0.0003127967912757556,False
2025-08-19,1436.300048828125,-0.020125528051104,ICICIBANK,24980.650390625,-0.004386040706381045,-0.015739487344722955,False
2025-08-19,1440.0,-0.0910812626275312,INFY,24980.650390625,-0.004386040706381045,-0.08669522192115016,False
2025-08-19,1420.0999755859375,-0.0059498811040604,RELIANCE,24980.650390625,-0.004386040706381045,-0.001563840397679355,False
2025-08-19,3016.199951171875,-0.0449623210041877,TCS,24980.650390625,-0.004386040706381045,-0.040576280297806654,False
2025-08-20,994.0999755859376,-0.0094165834507295,HDFCBANK,25050.55078125,-0.00041297835327858134,-0.009003605097450918,False
2025-08-20,1430.5999755859375,-0.02918023935424,ICICIBANK,25050.55078125,-0.00041297835327858134,-0.028767261000961417,False
2025-08-20,1496.199951171875,-0.0475524044059074,INFY,25050.55078125,-0.00041297835327858134,-0.047139426052628816,False
2025-08-20,1413.0,0.0001415282877721,RELIANCE,25050.55078125,-0.00041297835327858134,0.0005545066410506814,True
2025-08-20,3098.60009765625,-0.0193062406996533,TCS,25050.55078125,-0.00041297835327858134,-0.018893262346374718,False
2025-08-21,995.5999755859376,-0.0163513791719815,HDFCBANK,25083.75,-0.005398530070150898,-0.010952849101830604,False
2025-08-21,1446.0,-0.028617477015052,ICICIBANK,25083.75,-0.005398530070150898,-0.023218946944901103,False
2025-08-21,1496.4000244140625,-0.0496030330809383,INFY,25083.75,-0.005398530070150898,-0.044204503010787405,False
2025-08-21,1424.800048828125,0.0001404416998569,RELIANCE,25083.75,-0.005398530070150898,0.005538971770007797,True
2025-08-21,3102.60009765625,-0.0240634134346379,TCS,25083.75,-0.005398530070150898,-0.018664883364487003,False
2025-08-22,982.2999877929688,-0.0246251498303731,HDFCBANK,24870.099609375,-0.007660970269553036,-0.016964179560820063,False
2025-08-22,1436.4000244140625,-0.0316839687383481,ICICIBANK,24870.099609375,-0.007660970269553036,-0.024022998468795062,False
2025-08-22,1487.5,-0.0418679549114331,INFY,24870.099609375,-0.007660970269553036,-0.034206984641880066,False
2025-08-22,1409.199951171875,0.0044906455543356,RELIANCE,24870.099609375,-0.007660970269553036,0.012151615823888635,True
2025-08-22,3054.0,-0.0298602287166455,TCS,24870.099609375,-0.007660970269553036,-0.022199258447092463,False
2025-08-25,982.0499877929688,-0.0202035321227428,HDFCBANK,24967.75,0.005264323388493031,-0.02546785551123583,False
2025-08-25,1433.199951171875,-0.0297204150969186,ICICIBANK,24967.75,0.005264323388493031,-0.03498473848541163,False
2025-08-25,1532.0999755859375,0.0108200995859257,INFY,24967.75,0.005264323388493031,0.005555776197432669,True
2025-08-25,1412.5999755859375,0.0150176224382732,RELIANCE,24967.75,0.005264323388493031,0.00975329904978017,True
2025-08-25,3140.60009765625,0.0015307254140515,TCS,24967.75,0.005264323388493031,-0.003733597974441531,False
2025-08-26,973.4000244140624,-0.0307194180591861,HDFCBANK,24712.05078125,0.001262125373547196,-0.031981543432733295,False
2025-08-26,1416.5999755859375,-0.0482397525197505,ICICIBANK,24712.05078125,0.001262125373547196,-0.0495018778932977,False
2025-08-26,1529.5999755859375,0.0089709601490353,INFY,24712.05078125,0.001262125373547196,0.007708834775488104,True
2025-08-26,1384.9000244140625,-0.0019457705530262,RELIANCE,24712.05078125,0.001262125373547196,-0.003207895926573396,False
2025-08-26,3157.199951171875,0.0252979252130354,TCS,24712.05078125,0.001262125373547196,0.024035799839488205,True
2025-08-28,957.7999877929688,-0.0524337165018401,HDFCBANK,24500.900390625,-0.012900283379430166,-0.039533433122409936,False
2025-08-28,1399.0999755859375,-0.0586058258966155,ICICIBANK,24500.900390625,-0.012900283379430166,-0.04570554251718533,False
2025-08-28,1500.0999755859375,-0.0089845914148366,INFY,24500.900390625,-0.012900283379430166,0.003915691964593567,True
2025-08-28,1385.9000244140625,-0.0220167607856845,RELIANCE,24500.900390625,-0.012900283379430166,-0.009116477406254334,False
2025-08-28,3093.699951171875,0.0123363714567654,TCS,24500.900390625,-0.012900283379430166,0.02523665483619557,True
2025-08-29,951.5999755859376,-0.0605193477644403,HDFCBANK,24426.849609375,-0.01722793389736399,-0.04329141386707631,False
2025-08-29,1397.800048828125,-0.0570695994283841,ICICIBANK,24426.849609375,-0.01722793389736399,-0.03984166553102011,False
2025-08-29,1469.5999755859375,-0.0325214117274934,INFY,24426.849609375,-0.01722793389736399,-0.01529347783012941,False
2025-08-29,1357.199951171875,-0.0375150878164373,RELIANCE,24426.849609375,-0.01722793389736399,-0.020287153919073313,False
2025-08-29,3084.699951171875,0.0101846517294439,TCS,24426.849609375,-0.01722793389736399,0.02741258562680789,True
2025-09-01,950.5999755859376,-0.0579724521012219,HDFCBANK,24625.05078125,-0.005785562235069541,-0.05218688986615236,False
2025-09-01,1411.0,-0.0475226294409626,ICICIBANK,24625.05078125,-0.005785562235069541,-0.041737067205893055,False
2025-09-01,1499.4000244140625,-0.006361812846877,INFY,24625.05078125,-0.005785562235069541,-0.0005762506118074584,False
2025-09-01,1353.9000244140625,-0.0261112991172336,RELIANCE,24625.05078125,-0.005785562235069541,-0.020325736882164058,False
2025-09-01,3112.60009765625,0.0249605003982318,TCS,24625.05078125,-0.005785562235069541,0.03074606263330134,True
2025-09-02,944.5,-0.0612264954584287,HDFCBANK,24579.599609375,0.000580085373365069,-0.061806580831793766,False
2025-09-02,1394.199951171875,-0.0525958315426341,ICICIBANK,24579.599609375,0.000580085373365069,-0.05317591691599917,False
2025-09-02,1498.699951171875,0.0198012901941804,INFY,24579.599609375,0.000580085373365069,0.01922120482081533,True
2025-09-02,1366.5,-0.0195163608558673,RELIANCE,24579.599609375,0.000580085373365069,-0.02009644622923237,False
2025-09-02,3111.5,0.0361305361305361,TCS,24579.599609375,0.000580085373365069,0.03555045075717103,True
2025-09-03,954.4500122070312,-0.041716855213824,HDFCBANK,24715.05078125,-0.0003114224246898445,-0.04140543278913415,False
2025-09-03,1397.0,-0.0452432704900348,ICICIBANK,24715.05078125,-0.0003114224246898445,-0.044931848065344955,False
2025-09-03,1479.0999755859375,-0.0009456429679585,INFY,24715.05078125,-0.0003114224246898445,-0.0006342205432686555,False
2025-09-03,1372.5999755859375,-0.0275593513383368,RELIANCE,24715.05078125,-0.0003114224246898445,-0.027247928913646954,False
2025-09-03,3097.5,0.0075136932051811,TCS,24715.05078125,-0.0003114224246898445,0.007825115629870944,True
2025-09-04,961.25,-0.0278620430148478,HDFCBANK,24734.30078125,0.0034381965315353202,-0.03130023954638312,False
2025-09-04,1405.5,-0.0269316143426698,ICICIBANK,24734.30078125,0.0034381965315353202,-0.03036981087420512,False
2025-09-04,1463.0,0.0018489016514391,INFY,24734.30078125,0.0034381965315353202,-0.0015892948800962203,False
2025-09-04,1359.300048828125,-0.0232808101462299,RELIANCE,24734.30078125,0.0034381965315353202,-0.02671900667776522,False
2025-09-04,3095.699951171875,0.0103789450836169,TCS,24734.30078125,0.0034381965315353202,0.00694074855208158,True
2025-09-05,963.4000244140624,-0.0294665786335577,HDFCBANK,24741.0,0.0067876385214102886,-0.03625421715496799,False
2025-09-05,1402.800048828125,-0.0282626263839138,ICICIBANK,24741.0,0.0067876385214102886,-0.03505026490532409,False
2025-09-05,1444.5999755859375,0.0054987295068944,INFY,24741.0,0.0067876385214102886,-0.001288909014515889,False
2025-09-05,1375.0,-0.012780046097142,RELIANCE,24741.0,0.0067876385214102886,-0.019567684618552288,False
2025-09-05,3048.300048828125,0.0052765226865274,TCS,24741.0,0.0067876385214102886,-0.001511115834882889,False
2025-09-08,966.0,-0.0317730899260059,HDFCBANK,24773.150390625,0.007196248079027301,-0.0389693380050332,False
2025-09-08,1402.699951171875,-0.0261057393470497,ICICIBANK,24773.150390625,0.007196248079027301,-0.033301987426077,False
2025-09-08,1432.9000244140625,-0.0027837705700026,INFY,24773.150390625,0.007196248079027301,-0.009980018649029901,False
2025-09-08,1378.5,-0.0078451304322232,RELIANCE,24773.150390625,0.007196248079027301,-0.015041378511250501,False
2025-09-08,3019.0,-0.0091893665900886,TCS,24773.150390625,0.007196248079027301,-0.0163856146691159,False
2025-09-09,965.1500244140624,-0.0220882390428461,HDFCBANK,24868.599609375,0.020740162946798923,-0.04282840198964502,False
2025-09-09,1403.699951171875,-0.0224250105820056,ICICIBANK,24868.599609375,0.020740162946798923,-0.04316517352880452,False
2025-09-09,1504.300048828125,0.0570585866314521,INFY,24868.599609375,0.020740162946798923,0.03631842368465318,True
2025-09-09,1376.199951171875,0.0061411771047579,RELIANCE,24868.599609375,0.020740162946798923,-0.014598985842041024,False
2025-09-09,3049.39990234375,0.0042813859893637,TCS,24868.599609375,0.020740162946798923,-0.016458776957435223,False
2025-09-10,965.9000244140624,-0.0319702984257053,HDFCBANK,24973.099609375,0.015783934374500097,-0.047754232800205396,False
2025-09-10,1403.9000244140625,-0.0227620435247034,ICICIBANK,24973.099609375,0.015783934374500097,-0.0385459778992035,False
2025-09-10,1532.5999755859375,0.0730990253349326,INFY,24973.099609375,0.015783934374500097,0.057315090960432497,True
2025-09-10,1377.0,-0.0066368139488804,RELIANCE,24973.099609375,0.015783934374500097,-0.022420748323380497,False
2025-09-10,3110.0,0.0227571527429248,TCS,24973.099609375,0.015783934374500097,0.006973218368424704,True
2025-09-11,967.7999877929688,-0.0174120759444771,HDFCBANK,25005.5,0.021157803650458273,-0.03856987959493537,False
2025-09-11,1401.5999755859375,-0.0143460087300018,ICICIBANK,25005.5,0.021157803650458273,-0.035503812380460076,False
2025-09-11,1509.699951171875,0.0601081223603827,INFY,25005.5,0.021157803650458273,0.03895031870992443,True
2025-09-11,1383.300048828125,0.0021008579852013,RELIANCE,25005.5,0.021157803650458273,-0.019056945665256973,False
2025-09-11,3124.199951171875,0.0292548104648613,TCS,25005.5,0.021157803650458273,0.008097006814403028,True
2025-09-12,967.2999877929688,-0.0230773479348399,HDFCBANK,25114.0,0.02009193575270718,-0.04316928368754708,False
2025-09-12,1417.699951171875,-0.0021819380276675,ICICIBANK,25114.0,0.02009193575270718,-0.02227387378037468,False
2025-09-12,1525.5999755859375,0.0693957673448988,INFY,25114.0,0.02009193575270718,0.04930383159219162,True
2025-09-12,1395.0,0.0089686276819203,RELIANCE,25114.0,0.02009193575270718,-0.01112330807078688,False
2025-09-12,3133.39990234375,0.0320136857700557,TCS,25114.0,0.02009193575270718,0.01192175001734852,True
2025-09-15,967.0499877929688,-0.0286273922449454,HDFCBANK,25069.19921875,0.017778128787795833,-0.04640552103274123,False
2025-09-15,1419.4000244140625,-0.005534942999931,ICICIBANK,25069.19921875,0.017778128787795833,-0.023313071787726833,False
2025-09-15,1508.4000244140625,0.0419286283687807,INFY,25069.19921875,0.017778128787795833,0.02415049958098487,True
2025-09-15,1399.300048828125,0.0185616531472334,RELIANCE,25069.19921875,0.017778128787795833,0.0007835243594375672,True
2025-09-15,3111.89990234375,0.0296462469205751,TCS,25069.19921875,0.017778128787795833,0.011868118132779267,True
2025-09-16,966.8499755859376,-0.0348872156447399,HDFCBANK,25239.099609375,0.014557668926382883,-0.04944488457112278,False
2025-09-16,1421.5999755859375,-0.0090617595296489,ICICIBANK,25239.099609375,0.014557668926382883,-0.023619428456031783,False
2025-09-16,1511.300048828125,0.0525839235495373,INFY,25239.099609375,0.014557668926382883,0.03802625462315442,True
2025-09-16,1405.300048828125,0.017080479474747,RELIANCE,25239.099609375,0.014557668926382883,0.0025228105483641183,True
2025-09-16,3145.699951171875,0.0446665788326863,TCS,25239.099609375,0.014557668926382883,0.030108909906303417,True
2025-09-17,966.5,-0.0291798384301822,HDFCBANK,25330.25,0.013994816144026423,-0.04317465457420862,False
2025-09-17,1419.199951171875,-0.0119056583408194,ICICIBANK,25330.25,0.013994816144026423,-0.025900474484845823,False
2025-09-17,1522.4000244140625,0.0572222391764323,INFY,25330.25,0.013994816144026423,0.04322742303240588,True
2025-09-17,1413.800048828125,-0.0044362558031966,RELIANCE,25330.25,0.013994816144026423,-0.018431071947223023,False
2025-09-17,3172.800048828125,0.0519196671942809,TCS,25330.25,0.013994816144026423,0.03792485105025448,True
2025-09-18,976.9000244140624,-0.0173020335924838,HDFCBANK,25423.599609375,0.014891841356407198,-0.032193874948891,False
2025-09-18,1421.699951171875,-0.0062211831161378,ICICIBANK,25423.599609375,0.014891841356407198,-0.021113024472544997,False
2025-09-18,1540.5999755859375,0.0296751944011808,INFY,25423.599609375,0.014891841356407198,0.0147833530447736,True
2025-09-18,1415.0,0.0014154281670204,RELIANCE,25423.599609375,0.014891841356407198,-0.013476413189386797,False
2025-09-18,3176.699951171875,0.0252048831905411,TCS,25423.599609375,0.014891841356407198,0.010313041834133903,True
2025-09-19,966.9000244140624,-0.0288267897505567,HDFCBANK,25327.05078125,0.009699537798375513,-0.03852632754893221,False
2025-09-19,1402.199951171875,-0.0302904901992565,ICICIBANK,25327.05078125,0.009699537798375513,-0.039990027997632016,False
2025-09-19,1540.199951171875,0.0292701991734884,INFY,25327.05078125,0.009699537798375513,0.01957066137511289,True
2025-09-19,1407.4000244140625,-0.0122122570309944,RELIANCE,25327.05078125,0.009699537798375513,-0.02191179482936991,False
2025-09-19,3169.199951171875,0.0214658194479964,TCS,25327.05078125,0.009699537798375513,0.011766281649620888,True
2025-09-22,964.2000122070312,-0.0184261181012579,HDFCBANK,25202.349609375,0.013359415732888902,-0.0317855338341468,False
2025-09-22,1401.5,-0.0242968698279568,ICICIBANK,25202.349609375,0.013359415732888902,-0.0376562855608457,False
2025-09-22,1499.5,0.0080672268907562,INFY,25202.349609375,0.013359415732888902,-0.005292188842132702,False
2025-09-22,1390.5999755859375,-0.0131989612761979,RELIANCE,25202.349609375,0.013359415732888902,-0.026558377009086802,False
2025-09-22,3073.800048828125,0.0064833165776441,TCS,25202.349609375,0.013359415732888902,-0.0068760991552448015,False
2025-09-23,957.2000122070312,-0.0253041860341393,HDFCBANK,25169.5,0.008080423746633203,-0.0333846097807725,False
2025-09-23,1394.300048828125,-0.027141992512589,ICICIBANK,25169.5,0.008080423746633203,-0.035222416259222206,False
2025-09-23,1497.5,-0.0225833667105862,INFY,25169.5,0.008080423746633203,-0.030663790457219404,False
2025-09-23,1389.800048828125,-0.016140398663362,RELIANCE,25169.5,0.008080423746633203,-0.024220822409995204,False
2025-09-23,3062.39990234375,-0.0248997621094321,TCS,25169.5,0.008080423746633203,-0.032980185856065304,False
2025-09-24,951.0499877929688,-0.0229607931585447,HDFCBANK,25056.900390625,0.013954714338668017,-0.036915507497212716,False
2025-09-24,1382.699951171875,-0.0239305555543587,ICICIBANK,25056.900390625,0.013954714338668017,-0.03788526989302672,False
2025-09-24,1494.5999755859375,-0.022881799528398,INFY,25056.900390625,0.013954714338668017,-0.03683651386706602,False
2025-09-24,1383.0,-0.0013719578168586,RELIANCE,25056.900390625,0.013954714338668017,-0.015326672155526617,False
2025-09-24,3035.39990234375,-0.038578503329482,TCS,25056.900390625,0.013954714338668017,-0.052533217668150015,False
2025-09-25,949.8499755859376,-0.0083002843060691,HDFCBANK,24890.849609375,0.01591570973037415,-0.02421599403644325,False
2025-09-25,1375.800048828125,-0.0166535109458882,ICICIBANK,24890.849609375,0.01591570973037415,-0.03256922067626235,False
2025-09-25,1484.800048828125,-0.010199271386453,INFY,24890.849609375,0.01591570973037415,-0.026114981116827148,False
2025-09-25,1372.4000244140625,-0.0097409623798134,RELIANCE,24890.849609375,0.01591570973037415,-0.025656672110187552,False
2025-09-25,2957.39990234375,-0.0440572941718201,TCS,24890.849609375,0.01591570973037415,-0.05997300390219425,False
2025-09-26,945.0499877929688,-0.0068831315269168,HDFCBANK,24654.69921875,0.009327834453426664,-0.016210965980343463,False
2025-09-26,1359.5999755859375,-0.0273287107653296,ICICIBANK,24654.69921875,0.009327834453426664,-0.03665654521875626,False
2025-09-26,1448.9000244140625,-0.0140854324413157,INFY,24654.69921875,0.009327834453426664,-0.023413266894742366,False
2025-09-26,1377.5999755859375,0.0150309645947512,RELIANCE,24654.69921875,0.009327834453426664,0.005703130141324536,True
2025-09-26,2899.10009765625,-0.0601678790331343,TCS,24654.69921875,0.009327834453426664,-0.06949571348656097,False
2025-09-29,950.2999877929688,-0.0003155773202959,HDFCBANK,24634.900390625,0.0003999833122172447,-0.0007155606325131447,False
2025-09-29,1348.0999755859375,-0.0445783305556786,ICICIBANK,24634.900390625,0.0003999833122172447,-0.044978313867895844,False
2025-09-29,1441.800048828125,-0.0384153492384038,INFY,24634.900390625,0.0003999833122172447,-0.03881533255062104,False
2025-09-29,1372.800048828125,0.013959689839168,RELIANCE,24634.900390625,0.0003999833122172447,0.013559706526950755,True
2025-09-29,2896.10009765625,-0.0695559960185768,TCS,24634.900390625,0.0003999833122172447,-0.06995597933079405,False
2025-09-30,951.0,0.0068819481206987,HDFCBANK,24611.099609375,0.0012815505744847577,0.005600397546213942,True
2025-09-30,1348.0,-0.0331372491679132,ICICIBANK,24611.099609375,0.0012815505744847577,-0.034418799742397956,False
2025-09-30,1441.800048828125,-0.0379661734820625,INFY,24611.099609375,0.0012815505744847577,-0.03924772405654726,False
2025-09-30,1364.0,-0.0018294914013904,RELIANCE,24611.099609375,0.0012815505744847577,-0.0031110419758751577,False
2025-09-30,2888.39990234375,-0.0717017829523541,TCS,24611.099609375,0.0012815505744847577,-0.07298333352683886,False
2025-10-01,965.25,0.0113154043216945,HDFCBANK,24836.30078125,0.004905917494290035,0.006409486827404465,True
2025-10-01,1372.0,-0.0178954903364352,ICICIBANK,24836.30078125,0.004905917494290035,-0.022801407830725234,False
2025-10-01,1445.800048828125,-0.0225136416114272,INFY,24836.30078125,0.004905917494290035,-0.027419559105717237,False
2025-10-01,1368.699951171875,-0.0028413408738388,RELIANCE,24836.30078125,0.004905917494290035,-0.007747258368128835,False
2025-10-01,2914.199951171875,-0.0591767712116626,TCS,24836.30078125,0.004905917494290035,-0.06408268870595263,False
2025-10-03,965.1500244140624,0.0040572425633937,HDFCBANK,24894.25,0.006466696599373822,-0.0024094540359801226,False
2025-10-03,1365.199951171875,-0.028673104822572,ICICIBANK,24894.25,0.006466696599373822,-0.035139801421945824,False
2025-10-03,1446.5999755859375,-0.011209859476461,INFY,24894.25,0.006466696599373822,-0.01767655607583482,False
2025-10-03,1363.4000244140625,0.0030162402991686,RELIANCE,24894.25,0.006466696599373822,-0.0034504563002052224,False
2025-10-03,2901.89990234375,-0.0626029821639406,TCS,24894.25,0.006466696599373822,-0.06906967876331442,False
2025-10-06,973.4500122070312,0.0104317910922633,HDFCBANK,25077.650390625,0.013606983979022713,-0.0031751928867594127,False
2025-10-06,1363.4000244140625,-0.0280867002014838,ICICIBANK,25077.650390625,0.013606983979022713,-0.041693684180506514,False
2025-10-06,1476.0,0.0217361379930292,INFY,25077.650390625,0.013606983979022713,0.008129154014006486,True
2025-10-06,1375.0,0.0,RELIANCE,25077.650390625,0.013606983979022713,-0.013606983979022713,False
2025-10-06,2988.39990234375,-0.0196503446264756,TCS,25077.650390625,0.013606983979022713,-0.033257328605498314,False
2025-10-07,982.5,0.0170807453416148,HDFCBANK,25108.30078125,0.013528775522705816,0.0035519698189089843,True
2025-10-07,1375.9000244140625,-0.0191059582881019,ICICIBANK,25108.30078125,0.013528775522705816,-0.03263473381080771,False
2025-10-07,1458.5,0.0178658490821128,INFY,25108.30078125,0.013528775522705816,0.004337073559406983,True
2025-10-07,1384.800048828125,0.0045702204048785,RELIANCE,25108.30078125,0.013528775522705816,-0.008958555117827316,False
2025-10-07,2973.699951171875,-0.0150049847062354,TCS,25108.30078125,0.013528775522705816,-0.02853376022894122,False
2025-10-08,978.7000122070312,0.0140392555045469,HDFCBANK,25046.150390625,0.0071395568724772485,0.006899698632069651,True
2025-10-08,1370.300048828125,-0.023794189289432,ICICIBANK,25046.150390625,0.0071395568724772485,-0.030933746161909248,False
2025-10-08,1495.0,-0.0061823097296114,INFY,25046.150390625,0.0071395568724772485,-0.013321866602088648,False
2025-10-08,1367.4000244140625,-0.0063943664220589,RELIANCE,25046.150390625,0.0071395568724772485,-0.013533923294536149,False
2025-10-08,3027.199951171875,-0.0072801049002501,TCS,25046.150390625,0.0071395568724772485,-0.014419661772727348,False
2025-10-09,977.0999755859376,0.0115953524058241,HDFCBANK,25181.80078125,0.00835703917973607,0.00323831322608803,True
2025-10-09,1376.199951171875,-0.0197308018808166,ICICIBANK,25181.80078125,0.00835703917973607,-0.02808784106055267,False
2025-10-09,1509.300048828125,-0.0152028755898319,INFY,25181.80078125,0.00835703917973607,-0.02355991476956797,False
2025-10-09,1377.800048828125,0.0005810085897786,RELIANCE,25181.80078125,0.00835703917973607,-0.00777603058995747,False
2025-10-09,3061.699951171875,-0.0155305623241559,TCS,25181.80078125,0.00835703917973607,-0.02388760150389197,False
2025-10-10,980.9000244140624,0.0135358925256527,HDFCBANK,25285.349609375,0.01119152224010711,0.002344370285545589,True
2025-10-10,1380.300048828125,-0.015196865816802,ICICIBANK,25285.349609375,0.01119152224010711,-0.026388388056909108,False
2025-10-10,1514.9000244140625,0.0034444415515486,INFY,25285.349609375,0.01119152224010711,-0.0077470806885585105,False
2025-10-10,1381.699951171875,-0.0011567249329641,RELIANCE,25285.349609375,0.01119152224010711,-0.01234824717307121,False
2025-10-10,3028.300048828125,-0.0306958273614268,TCS,25285.349609375,0.01119152224010711,-0.04188734960153391,False
2025-10-13,977.0,0.0100279254930657,HDFCBANK,25227.349609375,0.004513403256152015,0.005514522236913684,True
2025-10-13,1379.4000244140625,-0.0270155378972494,ICICIBANK,25227.349609375,0.004513403256152015,-0.031528941153401414,False
2025-10-13,1493.199951171875,-0.0212375622263749,INFY,25227.349609375,0.004513403256152015,-0.025750965482526915,False
2025-10-13,1375.0,-0.014336917562724,RELIANCE,25227.349609375,0.004513403256152015,-0.018850320818876016,False
2025-10-13,3007.199951171875,-0.0402757244861975,TCS,25227.349609375,0.004513403256152015,-0.04478912774234951,False
2025-10-14,977.1500244140624,0.0104441722233452,HDFCBANK,25145.5,0.0030436066419279317,0.007400565581417268,True
2025-10-14,1384.0999755859375,-0.0248696972107613,ICICIBANK,25145.5,0.0030436066419279317,-0.027913303852689232,False
2025-10-14,1489.9000244140625,-0.0122646510876226,INFY,25145.5,0.0030436066419279317,-0.015308257729550532,False
2025-10-14,1375.9000244140625,-0.0167226639016123,RELIANCE,25145.5,0.0030436066419279317,-0.019766270543540233,False
2025-10-14,2960.300048828125,-0.0487161728439422,TCS,25145.5,0.0030436066419279317,-0.051759779485870135,False
2025-10-15,978.25,0.0117908927981857,HDFCBANK,25323.55078125,0.003346045349558846,0.008444847448626855,True
2025-10-15,1398.4000244140625,-0.0163196057753959,ICICIBANK,25323.55078125,0.003346045349558846,-0.019665651124954747,False
2025-10-15,1474.4000244140625,-0.0244160810043478,INFY,25323.55078125,0.003346045349558846,-0.027762126353906645,False
2025-10-15,1374.300048828125,-0.0220593459922319,RELIANCE,25323.55078125,0.003346045349558846,-0.025405391341790744,False
2025-10-15,2969.800048828125,-0.0559175716292399,TCS,25323.55078125,0.003346045349558846,-0.05926361697879875,False
2025-10-16,994.3499755859376,0.0288152877247156,HDFCBANK,25585.30078125,0.0100690195023736,0.018746268222342,True
2025-10-16,1417.300048828125,-0.0013387136479121,ICICIBANK,25585.30078125,0.0100690195023736,-0.0114077331502857,False
2025-10-16,1471.5,-0.0334340669980302,INFY,25585.30078125,0.0100690195023736,-0.0435030865004038,False
2025-10-16,1398.300048828125,-0.0109633607756964,RELIANCE,25585.30078125,0.0100690195023736,-0.02103238027807,False
2025-10-16,2970.699951171875,-0.0636977100813194,TCS,25585.30078125,0.0100690195023736,-0.073766729583693,False
2025-10-17,1002.5499877929688,0.0262564876014728,HDFCBANK,25709.849609375,0.01125922388639422,0.01499726371507858,True
2025-10-17,1436.5999755859375,0.010480428308224,ICICIBANK,25709.849609375,0.01125922388639422,-0.0007787955781702206,False
2025-10-17,1441.0999755859375,-0.0645852275586056,INFY,25709.849609375,0.01125922388639422,-0.07584445144499982,False
2025-10-17,1416.800048828125,0.0012721193131626,RELIANCE,25709.849609375,0.01125922388639422,-0.00998710457323162,False
2025-10-17,2962.199951171875,-0.0675229021616824,TCS,25709.849609375,0.01125922388639422,-0.07878212604807662,False
2025-10-20,1002.9500122070312,0.0372840902706719,HDFCBANK,25843.150390625,0.02037740650629072,0.016906683764381182,True
2025-10-20,1390.300048828125,-0.0084865944645089,ICICIBANK,25843.150390625,0.02037740650629072,-0.02886400097079962,False
2025-10-20,1460.9000244140625,-0.0514867739720913,INFY,25843.150390625,0.02037740650629072,-0.07186418047838203,False
2025-10-20,1466.800048828125,0.0422055019068172,RELIANCE,25843.150390625,0.02037740650629072,0.02182809540052648,True
2025-10-20,3015.199951171875,-0.0485927055322134,TCS,25843.150390625,0.02037740650629072,-0.06897011203850412,False
2025-10-21,1007.7000122070312,0.0451151207729498,HDFCBANK,25868.599609375,0.026436027208834645,0.018679093564115158,True
2025-10-21,1382.0,-0.0139136639315019,ICICIBANK,25868.599609375,0.026436027208834645,-0.04034969114033654,False
2025-10-21,1472.4000244140625,-0.0180726746154968,INFY,25868.599609375,0.026436027208834645,-0.04450870182433145,False
2025-10-21,1465.199951171875,0.0536458916263855,RELIANCE,25868.599609375,0.026436027208834645,0.027209864417550855,True
2025-10-21,3006.699951171875,-0.0218296885257164,TCS,25868.599609375,0.026436027208834645,-0.048265715734551046,False
2025-10-23,1008.7999877929688,0.0539072032259617,HDFCBANK,25891.400390625,0.02868155468424094,0.025225648541720762,True
2025-10-23,1363.699951171875,-0.0219465657208924,ICICIBANK,25891.400390625,0.02868155468424094,-0.05062812040513334,False
2025-10-23,1528.5,0.0207011686143572,INFY,25891.400390625,0.02868155468424094,-0.00798038606988374,False
2025-10-23,1448.4000244140625,0.0421643211448645,RELIANCE,25891.400390625,0.02868155468424094,0.01348276646062356,True
2025-10-23,3073.199951171875,0.0035266618248843,TCS,25891.400390625,0.02868155468424094,-0.02515489285935664,False
2025-10-24,994.75,0.0459492274516954,HDFCBANK,25795.150390625,0.02946294188391385,0.016486285567781547,True
2025-10-24,1377.699951171875,-0.0036161135290142,ICICIBANK,25795.150390625,0.02946294188391385,-0.03307905541292805,False
2025-10-24,1525.4000244140625,0.0206075534131133,INFY,25795.150390625,0.02946294188391385,-0.00885538847080055,False
2025-10-24,1451.5999755859375,0.049602296157583,RELIANCE,25795.150390625,0.02946294188391385,0.020139354273669148,True
2025-10-24,3063.199951171875,0.0091586116236808,TCS,25795.150390625,0.02946294188391385,-0.020304330260233053,False
2025-10-27,1002.9500122070312,0.055903603712089,HDFCBANK,25966.05078125,0.04319664409807977,0.01270695961400923,True
2025-10-27,1377.5999755859375,0.0013082764165808,ICICIBANK,25966.05078125,0.04319664409807977,-0.04188836768149897,False
2025-10-27,1504.5,0.0132677468507784,INFY,25966.05078125,0.04319664409807977,-0.029928897247301373,False
2025-10-27,1484.0999755859375,0.0813902282022798,RELIANCE,25966.05078125,0.04319664409807977,0.038193584104200026,True
2025-10-27,3084.89990234375,0.0431121945662322,TCS,25966.05078125,0.04319664409807977,-8.444953184757326e-05,False
2025-10-28,1003.5499877929688,0.0619014874933954,HDFCBANK,25936.19921875,0.051977920664528554,0.009923566828866845,True
2025-10-28,1363.0999755859375,0.0025742866010949,ICICIBANK,25936.19921875,0.051977920664528554,-0.049403634063433656,False
2025-10-28,1500.199951171875,0.0354061190512839,INFY,25936.19921875,0.051977920664528554,-0.016571801613244654,False
2025-10-28,1486.9000244140625,0.0793409195449761,RELIANCE,25936.19921875,0.051977920664528554,0.027362998880447548,True
2025-10-28,3057.89990234375,0.0547755508048446,TCS,25936.19921875,0.051977920664528554,0.002797630140316046,True
2025-10-29,1007.8499755859376,0.06055981114619,HDFCBANK,26053.900390625,0.057601207128891385,0.0029586040172986175,True
2025-10-29,1370.4000244140625,0.0165418360892948,ICICIBANK,26053.900390625,0.057601207128891385,-0.04105937103959659,False
2025-10-29,1510.4000244140625,0.0475793960762414,INFY,26053.900390625,0.057601207128891385,-0.010021811052649987,False
2025-10-29,1504.199951171875,0.0957167086757595,RELIANCE,26053.900390625,0.057601207128891385,0.038115501546868116,True
2025-10-29,3057.60009765625,0.0557646471303594,TCS,26053.900390625,0.057601207128891385,-0.0018365599985319878,False
2025-10-30,998.1500244140624,0.0495794157876576,HDFCBANK,25877.849609375,0.05147067868180355,-0.0018912628941459494,False
2025-10-30,1362.4000244140625,0.0106825106929246,ICICIBANK,25877.849609375,0.05147067868180355,-0.04078816798887895,False
2025-10-30,1493.800048828125,0.0360660273539765,INFY,25877.849609375,0.05147067868180355,-0.015404651327827049,False
2025-10-30,1488.5,0.0912756598240469,RELIANCE,25877.849609375,0.05147067868180355,0.039804981142243345,True
2025-10-30,3035.300048828125,0.0508586592753914,TCS,25877.849609375,0.05147067868180355,-0.0006120194064121523,False
2025-10-31,987.2999877929688,0.0228438101973258,HDFCBANK,25722.099609375,0.03566548963659377,-0.012821679439267972,False
2025-10-31,1345.300048828125,-0.0194606058104045,ICICIBANK,25722.099609375,0.03566548963659377,-0.05512609544699827,False
2025-10-31,1482.300048828125,0.0252455379494451,INFY,25722.099609375,0.03566548963659377,-0.010419951687148672,False
2025-10-31,1486.4000244140625,0.0859940654936191,RELIANCE,25722.099609375,0.03566548963659377,0.050328575857025326,True
2025-10-31,3058.0,0.0493446061483526,TCS,25722.099609375,0.03566548963659377,0.013679116511758828,True
2025-11-03,992.6500244140624,0.0284929796449988,HDFCBANK,25763.349609375,0.03491166069975993,-0.006418681054761129,False
2025-11-03,1346.4000244140625,-0.013770822905227,ICICIBANK,25763.349609375,0.03491166069975993,-0.04868248360498693,False
2025-11-03,1485.5,0.0268906574523521,INFY,25763.349609375,0.03491166069975993,-0.008021003247407829,False
2025-11-03,1484.699951171875,0.0889686992707385,RELIANCE,25763.349609375,0.03491166069975993,0.05405703857097857,True
2025-11-03,3016.800048828125,0.0395948000796217,TCS,25763.349609375,0.03491166069975993,0.00468313937986177,True
2025-11-04,985.25,0.0121218220196182,HDFCBANK,25597.650390625,0.020735594918190436,-0.008613772898572236,False
2025-11-04,1336.9000244140625,-0.0194367020136945,ICICIBANK,25597.650390625,0.020735594918190436,-0.04017229693188494,False
2025-11-04,1467.9000244140625,-0.005487788337356,INFY,25597.650390625,0.020735594918190436,-0.026223383255546438,False
2025-11-04,1473.0999755859375,0.0713454367897727,RELIANCE,25597.650390625,0.020735594918190436,0.05060984187158227,True
2025-11-04,2990.199951171875,0.0006023453643915,TCS,25597.650390625,0.020735594918190436,-0.020133249553798936,False
2025-11-06,984.6500244140624,0.0021883200143129,HDFCBANK,25509.69921875,0.015986682690998677,-0.013798362676685777,False
2025-11-06,1320.4000244140625,-0.0403372330948501,ICICIBANK,25509.69921875,0.015986682690998677,-0.05632391578584878,False
2025-11-06,1466.699951171875,0.0056221811257284,INFY,25509.69921875,0.015986682690998677,-0.010364501565270277,False
2025-11-06,1496.0999755859375,0.0803725612603776,RELIANCE,25509.69921875,0.015986682690998677,0.06438587856937893,True
2025-11-06,3010.89990234375,0.0125096518756759,TCS,25509.69921875,0.015986682690998677,-0.003477030815322777,False
2025-11-07,982.2999877929688,0.0036783238388025,HDFCBANK,25492.30078125,0.01781313230443593,-0.01413480846563343,False
2025-11-07,1343.0,-0.0199226795996043,ICICIBANK,25492.30078125,0.01781313230443593,-0.037735811904040226,False
2025-11-07,1476.800048828125,-0.012173880382525,INFY,25492.30078125,0.01781313230443593,-0.02998701268696093,False
2025-11-07,1478.0,0.080883409105781,RELIANCE,25492.30078125,0.01781313230443593,0.06307027680134507,True
2025-11-07,2991.800048828125,-0.0116939425590457,TCS,25492.30078125,0.01781313230443593,-0.029507074863481628,False
2025-11-10,984.5,0.0075734567587362,HDFCBANK,25574.349609375,0.015588592393967593,-0.008015135635231393,False
2025-11-10,1348.0,-0.0204911729199394,ICICIBANK,25574.349609375,0.015588592393967593,-0.036079765313907,False
2025-11-10,1513.5,0.0027827145272645,INFY,25574.349609375,0.015588592393967593,-0.012805877866703093,False
2025-11-10,1489.300048828125,0.0809261112269776,RELIANCE,25574.349609375,0.015588592393967593,0.06533751883301,True
2025-11-10,3025.199951171875,-0.0119214817199932,TCS,25574.349609375,0.015588592393967593,-0.027510074113960795,False
2025-11-11,991.7000122070312,0.0110102839475614,HDFCBANK,25694.94921875,0.016199088234996495,-0.005188804287435095,False
2025-11-11,1358.300048828125,-0.0159385635164456,ICICIBANK,25694.94921875,0.016199088234996495,-0.03213765175144209,False
2025-11-11,1530.300048828125,0.0101657034562521,INFY,25694.94921875,0.016199088234996495,-0.006033384778744395,False
2025-11-11,1493.4000244140625,0.0808424963375371,RELIANCE,25694.94921875,0.016199088234996495,0.0646434081025406,True
2025-11-11,3047.0,0.0061750655055172,TCS,25694.94921875,0.016199088234996495,-0.010024022729479295,False
2025-11-12,989.5,0.0127942681678607,HDFCBANK,25875.80078125,0.025704292441169674,-0.012910024273308974,False
2025-11-12,1358.9000244140625,-0.014861533737255,ICICIBANK,25875.80078125,0.025704292441169674,-0.04056582617842468,False
2025-11-12,1551.699951171875,0.0391776064244369,INFY,25875.80078125,0.025704292441169674,0.013473313983267225,True
2025-11-12,1511.5,0.0992727272727271,RELIANCE,25875.80078125,0.025704292441169674,0.07356843483155742,True
2025-11-12,3131.800048828125,0.0414339251394622,TCS,25875.80078125,0.025704292441169674,0.01572963269829253,True
2025-11-13,986.6500244140624,0.0097221509109581,HDFCBANK,25879.150390625,0.029176210082320964,-0.019454059171362864,False
2025-11-13,1385.9000244140625,0.001300519369898,ICICIBANK,25879.150390625,0.029176210082320964,-0.027875690712422962,False
2025-11-13,1541.800048828125,0.0348345684701048,INFY,25879.150390625,0.029176210082320964,0.005658358387783835,True
2025-11-13,1510.9000244140625,0.0981175940145002,RELIANCE,25879.150390625,0.029176210082320964,0.06894138393217923,True
2025-11-13,3105.699951171875,0.0491166097846427,TCS,25879.150390625,0.029176210082320964,0.019940399702321733,True
2025-11-14,989.5999755859376,0.0116023261803603,HDFCBANK,25910.05078125,0.023160259201653988,-0.011557933021293688,False
2025-11-14,1373.0,-0.0181636327020984,ICICIBANK,25910.05078125,0.023160259201653988,-0.04132389190375239,False
2025-11-14,1502.800048828125,0.0192620889472305,INFY,25910.05078125,0.023160259201653988,-0.0038981702544234886,False
2025-11-14,1518.9000244140625,0.1052171799813577,RELIANCE,25910.05078125,0.023160259201653988,0.08205692077970371,True
2025-11-14,3106.0,0.0458616569912238,TCS,25910.05078125,0.023160259201653988,0.02270139778956981,True
2025-11-17,996.5499877929688,0.0022125129592673,HDFCBANK,26013.44921875,0.016734156895812813,-0.014521643936545512,False
2025-11-17,1379.0,-0.0270232466722857,ICICIBANK,26013.44921875,0.016734156895812813,-0.04375740356809851,False
2025-11-17,1507.5999755859375,0.0245327730791284,INFY,26013.44921875,0.016734156895812813,0.007798616183315586,True
2025-11-17,1518.300048828125,0.0858184908886818,RELIANCE,26013.44921875,0.016734156895812813,0.069084333992869,True
2025-11-17,3102.199951171875,0.0442656620195272,TCS,26013.44921875,0.016734156895812813,0.027531505123714384,True
2025-11-18,992.4500122070312,-0.0100742862789033,HDFCBANK,25910.05078125,0.007786944494688752,-0.01786123077359205,False
2025-11-18,1373.4000244140625,-0.0439927274439065,ICICIBANK,25910.05078125,0.007786944494688752,-0.05177967193859525,False
2025-11-18,1486.4000244140625,0.0314343554198635,INFY,25910.05078125,0.007786944494688752,0.02364741092517475,True
2025-11-18,1519.4000244140625,0.0724166939934825,RELIANCE,25910.05078125,0.007786944494688752,0.06462974949879374,True
2025-11-18,3087.10009765625,0.0421646575326433,TCS,25910.05078125,0.007786944494688752,0.034377713037954546,True
2025-11-19,994.5999755859376,-0.0083254763641898,HDFCBANK,26052.650390625,0.008106596789995146,-0.016432073154184948,False
2025-11-19,1383.0999755859375,-0.005178790900753,ICICIBANK,26052.650390625,0.008106596789995146,-0.013285387690748145,False
2025-11-19,1541.0999755859375,0.05489763148169,INFY,26052.650390625,0.008106596789995146,0.046791034691694856,True
2025-11-19,1518.9000244140625,0.0355194804005916,RELIANCE,26052.650390625,0.008106596789995146,0.027412883610596454,True
2025-11-19,3147.699951171875,0.0439440176922605,TCS,26052.650390625,0.008106596789995146,0.035837420902265354,True
2025-11-20,1008.8499755859376,0.0011411763074089,HDFCBANK,26192.150390625,0.012507471843691942,-0.011366295536283042,False
2025-11-20,1383.0,0.0007235890014472,ICICIBANK,26192.150390625,0.012507471843691942,-0.011783882842244742,False
2025-11-20,1536.5,0.0435343483585215,INFY,26192.150390625,0.012507471843691942,0.031026876514829556,True
2025-11-20,1549.0999755859375,0.0572618258326849,RELIANCE,26192.150390625,0.012507471843691942,0.04475435398899296,True
2025-11-20,3144.800048828125,0.0459307878734041,TCS,26192.150390625,0.012507471843691942,0.03342331602971216,True
2025-11-21,998.0499877929688,-0.010656225347027,HDFCBANK,26068.150390625,0.0068265909658560275,-0.017482816312883027,False
2025-11-21,1369.5,0.0042531708116149,ICICIBANK,26068.150390625,0.0068265909658560275,-0.0025734201542411276,False
2025-11-21,1545.0,0.0107948969578017,INFY,26068.150390625,0.0068265909658560275,0.003968305991945673,True
2025-11-21,1546.5999755859375,0.067798915711563,RELIANCE,26068.150390625,0.0068265909658560275,0.06097232474570698,True
2025-11-21,3150.60009765625,0.0251855224893065,TCS,26068.150390625,0.0068265909658560275,0.018358931523450472,True
2025-11-24,999.1500244140624,0.0044232464579667,HDFCBANK,25959.5,0.006371337514462949,-0.0019480910564962494,False
2025-11-24,1368.4000244140625,-0.0067503281464893,ICICIBANK,25959.5,0.006371337514462949,-0.013121665660952249,False
2025-11-24,1548.0,0.0148157697811881,INFY,25959.5,0.006371337514462949,0.00844443226672515,True
2025-11-24,1535.9000244140625,0.0580738841595098,RELIANCE,25959.5,0.006371337514462949,0.05170254664504685,True
2025-11-24,3141.199951171875,0.0254635679169947,TCS,25959.5,0.006371337514462949,0.01909223040253175,True
2025-11-25,989.7999877929688,-0.0131113457839492,HDFCBANK,25884.80078125,-0.0031290857698957897,-0.009982260014053411,False
2025-11-25,1357.800048828125,-0.0143727693878558,ICICIBANK,25884.80078125,-0.0031290857698957897,-0.01124368361796001,False
2025-11-25,1530.5999755859375,0.0173479399042455,INFY,25884.80078125,-0.0031290857698957897,0.02047702567414129,True
2025-11-25,1539.699951171875,0.0374637669298432,RELIANCE,25884.80078125,-0.0031290857698957897,0.04059285269973899,True
2025-11-25,3119.199951171875,0.0111186910155709,TCS,25884.80078125,-0.0031290857698957897,0.01424777678546669,True
2025-11-26,1003.9000244140624,0.000348798391063,HDFCBANK,26205.30078125,0.010375520338595345,-0.010026721947532345,False
2025-11-26,1375.0,0.0087301185732522,ICICIBANK,26205.30078125,0.010375520338595345,-0.001645401765343146,False
2025-11-26,1557.9000244140625,0.0384615885349919,INFY,26205.30078125,0.010375520338595345,0.028086068196396557,True
2025-11-26,1569.9000244140625,0.0558208343783621,RELIANCE,26205.30078125,0.010375520338595345,0.04544531403976675,True
2025-11-26,3162.89990234375,0.0343372913938491,TCS,26205.30078125,0.010375520338595345,0.023961771055253753,True
2025-11-27,1009.5,0.0016371726487398,HDFCBANK,26215.55078125,0.006204460299662706,-0.0045672876509229065,False
2025-11-27,1392.199951171875,0.0159077104272042,ICICIBANK,26215.55078125,0.006204460299662706,0.009703250127541495,True
2025-11-27,1566.4000244140625,0.0370762705871408,INFY,26215.55078125,0.006204460299662706,0.030871810287478096,True
2025-11-27,1563.4000244140625,0.0393565185240609,RELIANCE,26215.55078125,0.006204460299662706,0.03315205822439819,True
2025-11-27,3136.60009765625,0.0258372571549025,TCS,26215.55078125,0.006204460299662706,0.019632796855239793,True
2025-11-28,1007.5999755859376,0.0094674657523778,HDFCBANK,26202.94921875,0.012562852566282201,-0.003095386813904401,False
2025-11-28,1388.800048828125,0.0193775865685386,ICICIBANK,26202.94921875,0.012562852566282201,0.006814734002256399,True
2025-11-28,1560.0999755859375,0.0443834011183921,INFY,26202.94921875,0.012562852566282201,0.0318205485521099,True
2025-11-28,1567.5,0.0530735639905946,RELIANCE,26202.94921875,0.012562852566282201,0.040510711424312396,True
2025-11-28,3137.5,0.0336704607543931,TCS,26202.94921875,0.012562852566282201,0.021107608188110902,True
2025-12-01,1002.0999755859376,0.0149903656193222,HDFCBANK,26175.75,0.017636600336453645,-0.0026462347171314453,False
2025-12-01,1390.0999755859375,0.0333010667745363,ICICIBANK,26175.75,0.017636600336453645,0.015664466438082655,True
2025-12-01,1564.0,0.0551170130746911,INFY,26175.75,0.017636600336453645,0.037480412738237455,True
2025-12-01,1566.0999755859375,0.0536194495847728,RELIANCE,26175.75,0.017636600336453645,0.035982849248319154,True
2025-12-01,3133.39990234375,0.0246566063910236,TCS,26175.75,0.017636600336453645,0.007020006054569955,True
2025-12-02,989.7999877929688,-0.0028711394257768,HDFCBANK,26032.19921875,0.010435351514896496,-0.013306490940673297,False
2025-12-02,1373.0,0.0197563689123621,ICICIBANK,26032.19921875,0.010435351514896496,0.009321017397465603,True
2025-12-02,1561.0,0.0508246381689667,INFY,26032.19921875,0.010435351514896496,0.040389286654070204,True
2025-12-02,1546.300048828125,0.0414899304116154,RELIANCE,26032.19921875,0.010435351514896496,0.031054578896718907,True
2025-12-02,3135.699951171875,0.0394125896377974,TCS,26032.19921875,0.010435351514896496,0.028977238122900907,True
2025-12-03,1000.5,0.0154783049987312,HDFCBANK,25986.0,0.015171299062558985,0.0003070059361722152,True
2025-12-03,1391.5,0.0408407319835808,ICICIBANK,25986.0,0.015171299062558985,0.025669432921021813,True
2025-12-03,1578.699951171875,0.0754819299100701,INFY,25986.0,0.015171299062558985,0.06031063084751112,True
2025-12-03,1538.800048828125,0.0445998739603907,RELIANCE,25986.0,0.015171299062558985,0.029428574897831718,True
2025-12-03,3180.0,0.0634740324819218,TCS,25986.0,0.015171299062558985,0.04830273341936281,True
2025-12-04,997.2000122070312,0.0127456329475408,HDFCBANK,26033.75,0.020543197187711915,-0.007797564240171114,False
2025-12-04,1386.699951171875,0.0502120005543271,ICICIBANK,26033.75,0.020543197187711915,0.029668803366615183,True
2025-12-04,1597.5999755859375,0.0892479912537496,INFY,26033.75,0.020543197187711915,0.06870479406603769,True
2025-12-04,1535.5999755859375,0.0264019789082143,RELIANCE,26033.75,0.020543197187711915,0.005858781720502384,True
2025-12-04,3229.199951171875,0.0725032568031223,TCS,26033.75,0.020543197187711915,0.05196005961541039,True
2025-12-05,1003.2999877929688,0.021378397903865,HDFCBANK,26186.44921875,0.0272297288289709,-0.0058513309251059,False
2025-12-05,1392.5,0.0368577810871184,ICICIBANK,26186.44921875,0.0272297288289709,0.009628052258147501,True
2025-12-05,1616.199951171875,0.0943932135256679,INFY,26186.44921875,0.0272297288289709,0.067163484696697,True
2025-12-05,1540.5999755859375,0.0423545166345991,RELIANCE,26186.44921875,0.0272297288289709,0.015124787805628197,True
2025-12-05,3238.199951171875,0.0823584124347693,TCS,26186.44921875,0.0272297288289709,0.055128683605798395,True
2025-12-08,1003.0999755859376,0.0188928142061326,HDFCBANK,25960.55078125,0.015101114115270597,0.003791700090862004,True
2025-12-08,1389.5999755859375,0.0308605160133068,ICICIBANK,25960.55078125,0.015101114115270597,0.015759401898036204,True
2025-12-08,1610.800048828125,0.0642881062623885,INFY,25960.55078125,0.015101114115270597,0.0491869921471179,True
2025-12-08,1543.0,0.0360571741162094,RELIANCE,25960.55078125,0.015101114115270597,0.020956060000938803,True
2025-12-08,3236.5,0.0698466389787799,TCS,25960.55078125,0.015101114115270597,0.05474552486350931,True
2025-12-09,997.0999755859376,0.0054451581248735,HDFCBANK,25839.650390625,0.00563150254328626,-0.00018634441841275991,False
2025-12-09,1375.199951171875,0.0124419507739328,ICICIBANK,25839.650390625,0.00563150254328626,0.00681044823064654,True
2025-12-09,1599.0,0.0448931248642932,INFY,25839.650390625,0.00563150254328626,0.03926162232100694,True
2025-12-09,1529.4000244140625,0.0241060662993659,RELIANCE,25839.650390625,0.00563150254328626,0.01847456375607964,True
2025-12-09,3208.300048828125,0.0529373314171726,TCS,25839.650390625,0.00563150254328626,0.04730582887388634,True
2025-12-10,989.7999877929688,0.0003031710894074,HDFCBANK,25758.0,-0.004552546305556682,0.004855717394964082,True
2025-12-10,1363.5999755859375,0.0034586438203219,ICICIBANK,25758.0,-0.004552546305556682,0.008011190125878581,True
2025-12-10,1584.800048828125,0.0213315065398127,INFY,25758.0,-0.004552546305556682,0.025884052845369383,True
2025-12-10,1536.9000244140625,0.0168045149944178,RELIANCE,25758.0,-0.004552546305556682,0.021357061299974483,True
2025-12-10,3189.199951171875,0.0183280865472967,TCS,25758.0,-0.004552546305556682,0.022880632852853383,True
2025-12-11,1000.2999877929688,0.01383465569467,HDFCBANK,25898.55078125,0.0007496533051574161,0.013085002389512584,True
2025-12-11,1360.0,-0.0186882343298988,ICICIBANK,25898.55078125,0.0007496533051574161,-0.019437887635056217,False
2025-12-11,1598.0,0.0364508687197091,INFY,25898.55078125,0.0007496533051574161,0.035701215414551686,True
2025-12-11,1545.0,0.0225693130153741,RELIANCE,25898.55078125,0.0007496533051574161,0.021819659710216682,True
2025-12-11,3191.89990234375,0.0277554021724955,TCS,25898.55078125,0.0007496533051574161,0.027005748867338083,True
2025-12-12,1001.5,0.0120250855978614,HDFCBANK,26046.94921875,0.0052836035967582795,0.006741482001103121,True
2025-12-12,1366.0,-0.0050983248361252,ICICIBANK,26046.94921875,0.0052836035967582795,-0.01038192843288348,False
2025-12-12,1598.199951171875,0.063481434152296,INFY,26046.94921875,0.0052836035967582795,0.05819783055553772,True
2025-12-12,1556.5,0.0247547402604344,RELIANCE,26046.94921875,0.0052836035967582795,0.01947113666367612,True
2025-12-12,3220.5,0.0368641339343207,TCS,26046.94921875,0.0052836035967582795,0.03158053033756242,True
2025-12-15,996.0999755859376,-0.0004515701294901,HDFCBANK,26027.30078125,0.0005324769654158068,-0.0009840470949059067,False
2025-12-15,1365.199951171875,-0.0100072870399746,ICICIBANK,26027.30078125,0.0005324769654158068,-0.010539764005390407,False
2025-12-15,1606.800048828125,0.0657999965830675,INFY,26027.30078125,0.0005324769654158068,0.06526751961765169,True
2025-12-15,1556.199951171875,0.0249620635743259,RELIANCE,26027.30078125,0.0005324769654158068,0.024429586608910092,True
2025-12-15,3230.199951171875,0.0412610412013085,TCS,26027.30078125,0.0005324769654158068,0.040728564235892696,True
2025-12-16,994.2999877929688,0.0018640491341457,HDFCBANK,25860.099609375,-0.0019278685440148324,0.0037919176781605326,True
2025-12-16,1366.0,-0.0053881056374813,ICICIBANK,25860.099609375,-0.0019278685440148324,-0.0034602370934664678,False
2025-12-16,1592.9000244140625,0.071649622073965,INFY,25860.099609375,-0.0019278685440148324,0.07357749061797983,True
2025-12-16,1542.300048828125,0.0150717546703302,RELIANCE,25860.099609375,-0.0019278685440148324,0.016999623214345033,True
2025-12-16,3205.10009765625,0.0382235743148031,TCS,25860.099609375,-0.0019278685440148324,0.040151442858817936,True
2025-12-17,984.0,-0.0106575264891726,HDFCBANK,25818.55078125,-0.0089856350837626,-0.0016718914054100007,False
2025-12-17,1352.4000244140625,-0.0221964801632429,ICICIBANK,25818.55078125,-0.0089856350837626,-0.0132108450794803,False
2025-12-17,1602.0,0.0395172444220615,INFY,25818.55078125,-0.0089856350837626,0.0485028795058241,True
2025-12-17,1544.4000244140625,0.0167884650669072,RELIANCE,25818.55078125,-0.0089856350837626,0.0257741001506698,True
2025-12-17,3217.800048828125,0.0222702604262365,TCS,25818.55078125,-0.0089856350837626,0.031255895509999104,True
2025-12-18,979.7000122070312,-0.0288942499720794,HDFCBANK,25815.55078125,-0.01437833869149574,-0.01451591128058366,False
2025-12-18,1356.800048828125,-0.0189442886275307,ICICIBANK,25815.55078125,-0.01437833869149574,-0.004565949936034961,False
2025-12-18,1626.800048828125,0.0587699634416694,INFY,25815.55078125,-0.01437833869149574,0.07314830213316514,True
2025-12-18,1544.4000244140625,-0.003033988280903,RELIANCE,25815.55078125,-0.01437833869149574,0.01134435041059274,True
2025-12-18,3280.800048828125,0.0432459927144426,TCS,25815.55078125,-0.01437833869149574,0.05762433140593834,True
2025-12-19,985.5,-0.0125745082375293,HDFCBANK,25966.400390625,-0.0039032305121499133,-0.008671277725379387,False
2025-12-19,1354.0999755859375,-0.0112449977466685,ICICIBANK,25966.400390625,-0.0039032305121499133,-0.007341767234518586,False
2025-12-19,1638.699951171875,0.0606472175869741,INFY,25966.400390625,-0.0039032305121499133,0.06455044809912401,True
2025-12-19,1565.0999755859375,0.0119617226768615,RELIANCE,25966.400390625,-0.0039032305121499133,0.015864953189011412,True
2025-12-19,3282.0,0.0417063093603975,TCS,25966.400390625,-0.0039032305121499133,0.045609539872547414,True
2025-12-22,987.7000122070312,-0.0114597527170615,HDFCBANK,26172.400390625,0.008201251589013747,-0.019661004306075248,False
2025-12-22,1368.5,7.306020473096808e-05,ICICIBANK,26172.400390625,0.008201251589013747,-0.008128191384282779,False
2025-12-22,1689.5999755859375,0.091472852445696,INFY,26172.400390625,0.008201251589013747,0.08327160085668225,True
2025-12-22,1575.4000244140625,0.0257178197617837,RELIANCE,26172.400390625,0.008201251589013747,0.017516568172769954,True
2025-12-22,3324.89990234375,0.0584808207141804,TCS,26172.400390625,0.008201251589013747,0.05027956912516665,True
2025-12-23,996.5999755859376,0.0068700625144795,HDFCBANK,26177.150390625,0.011294257655124262,-0.004424195140644762,False
2025-12-23,1363.0,0.0038296884555004,ICICIBANK,26177.150390625,0.011294257655124262,-0.0074645691996238625,False
2025-12-23,1668.300048828125,0.0899647690046994,INFY,26177.150390625,0.011294257655124262,0.07867051134957513,True
2025-12-23,1570.699951171875,0.0201337929356988,RELIANCE,26177.150390625,0.011294257655124262,0.008839535280574538,True
2025-12-23,3310.0,0.0611695472604896,TCS,26177.150390625,0.011294257655124262,0.04987528960536534,True
2025-12-24,997.2000122070312,-0.0066739835084093,HDFCBANK,26142.099609375,-0.0024117705193531513,-0.004262212989056149,False
2025-12-24,1359.800048828125,-0.0110545099431818,ICICIBANK,26142.099609375,-0.0024117705193531513,-0.00864273942382865,False
2025-12-24,1663.4000244140625,0.067719364751714,INFY,26142.099609375,-0.0024117705193531513,0.07013113527106715,True
2025-12-24,1558.199951171875,-0.007452750532031,RELIANCE,26142.099609375,-0.0024117705193531513,-0.005040980012677849,False
2025-12-24,3319.0,0.0493534738613061,TCS,26142.099609375,-0.0024117705193531513,0.05176524438065925,True
2025-12-26,992.0999755859376,-0.0172362797563767,HDFCBANK,26042.30078125,-0.006608672899747425,-0.010627606856629276,False
2025-12-26,1350.4000244140625,-0.0300243702225586,ICICIBANK,26042.30078125,-0.006608672899747425,-0.023415697322811176,False
2025-12-26,1656.0999755859375,0.0572650343295473,INFY,26042.30078125,-0.006608672899747425,0.06387370722929472,True
2025-12-26,1559.199951171875,-0.0026864994093636,RELIANCE,26042.30078125,-0.006608672899747425,0.003922173490383825,True
2025-12-26,3280.0,0.0457182611359676,TCS,26042.30078125,-0.006608672899747425,0.05232693403571503,True
2025-12-29,991.7000122070312,-0.0157800354944036,HDFCBANK,25942.099609375,-0.009954971373540844,-0.005825064120862755,False
2025-12-29,1343.300048828125,-0.0327620956223274,ICICIBANK,25942.099609375,-0.009954971373540844,-0.02280712424878656,False
2025-12-29,1644.699951171875,0.0542272783218034,INFY,25942.099609375,-0.009954971373540844,0.06418224969534425,True
2025-12-29,1545.5999755859375,-0.0139713074411882,RELIANCE,25942.099609375,-0.009954971373540844,-0.004016336067647355,False
2025-12-29,3251.5,0.0363346613545816,TCS,25942.099609375,-0.009954971373540844,0.04628963272812244,True
2025-12-30,990.9000244140624,-0.011176480834985,HDFCBANK,25938.849609375,-0.009050376421879003,-0.0021261044131059975,False
2025-12-30,1342.5,-0.0342421238917537,ICICIBANK,25938.849609375,-0.009050376421879003,-0.025191747469874695,False
2025-12-30,1621.5999755859375,0.0368286288912644,INFY,25938.849609375,-0.009050376421879003,0.0458790053131434,True
2025-12-30,1539.800048828125,-0.0167932617124093,RELIANCE,25938.849609375,-0.009050376421879003,-0.007742885290530296,False
2025-12-30,3246.800048828125,0.0361907672236643,TCS,25938.849609375,-0.009050376421879003,0.045241143645543304,True
2025-12-31,991.2000122070312,0.0014144518400978,HDFCBANK,26129.599609375,0.003741535235134652,-0.002327083395036852,False
2025-12-31,1342.9000244140625,-0.0219227790137928,ICICIBANK,26129.599609375,0.003741535235134652,-0.025664314248927452,False
2025-12-31,1615.4000244140625,0.0348494711172726,INFY,26129.599609375,0.003741535235134652,0.03110793588213795,True
2025-12-31,1570.4000244140625,0.0155855751309079,RELIANCE,26129.599609375,0.003741535235134652,0.011844039895773248,True
2025-12-31,3206.199951171875,0.022483018495967,TCS,26129.599609375,0.003741535235134652,0.01874148326083235,True
