Date,Adj Close,Close,High,Low,Open,Volume,Daily_Return,Return_5D,Return_20D,Return_60D,SMA_20,SMA_50,SMA_200,Price_vs_SMA20,Price_vs_SMA50,Price_vs_SMA200,Volatility_20D,Volatility_60D,Volume_SMA20,Volume_Ratio,Trend_20_50,Trend_50_200
2019-10-29,653.2688598632812,670.6859130859375,676.606201171875,659.2796020507812,660.833984375,25768505,0.022869094473071838,0.03740760021019063,0.13128471461167357,0.2086423312190422,626.2813385009765,592.1172973632813,584.0275079345703,0.07090196027754025,0.13269096524037538,0.14838069093326967,0.013447620592774177,0.02154972386082097,18392186.9,1.401057152154103,True,True
2019-10-30,658.634765625,676.1947631835938,678.6863403320312,667.6000366210938,676.606201171875,16341366,0.00821375548549863,0.06226663865603421,0.12990338461839723,0.22143774267458727,630.1683959960938,593.9857360839844,584.846064453125,0.07303820293105479,0.1384023590222807,0.15619272195306078,0.013435126628376525,0.021545228126404043,18256322.05,0.8951072376596249,True,True
2019-10-31,652.0665283203125,669.4515380859375,681.0178833007812,668.2400512695312,678.4348754882812,19463741,-0.009972311920767418,0.019422887159101343,0.09915554287538719,0.2400287930404683,633.1879791259765,595.5958752441406,585.6642778015137,0.057271395155065186,0.12400297905273883,0.14306363467983285,0.013612201807246786,0.02129766887775307,17966320.6,1.0833459690127092,True,True
2019-11-01,648.7492065429688,666.045654296875,668.2857666015625,658.7767333984375,665.1770629882812,13904301,-0.005087573327264949,0.017956913035585664,0.11648397070589467,0.24921749988724118,636.6624420166015,597.2316162109375,586.4966633605957,0.046151948569800094,0.11522169325616027,0.13563417476319084,0.012490060467892725,0.02122406065083423,17765516.45,0.7826567293516536,True,True
2019-11-04,649.0831298828125,666.3885498046875,672.49169921875,660.651123046875,670.16015625,14063434,0.0005148228287361611,0.016315147234357674,0.11181873402820464,0.2350349110468224,640.0134704589843,598.74072265625,587.3172770690918,0.041210194102302866,0.11298350786685263,0.13463127311729628,0.012540887276058765,0.021201808974240014,17792445.6,0.7904160179081845,True,True
2019-11-05,644.474365234375,661.6568603515625,671.5545043945312,658.7767333984375,668.880126953125,12685356,-0.007100496331324702,-0.01346241595090436,0.10641391442371395,0.22202056716274554,643.1953491210937,600.307431640625,588.1002886962891,0.028702805851590574,0.10219668369467128,0.12507487765111436,0.012741656642577964,0.021247957185330353,17677100.75,0.7176151892441978,True,True
2019-11-06,638.9526977539062,655.9879760742188,661.2682495117188,653.0621337890625,659.5538940429688,14625505,-0.008567710269537065,-0.029883087254682916,0.09525983526427217,0.25499618399763846,646.0480651855469,601.8064794921875,588.8551844787597,0.01538571419731305,0.09003142775689343,0.1140056050536149,0.013087800412095132,0.020713984867356133,17905296.8,0.8168256110672234,True,True
2019-11-07,649.5061645507812,666.8228759765625,668.8343505859375,654.753662109375,656.0337524414062,14084039,0.016516918445953266,-0.003926590589201973,0.1010380281093981,0.2927413453792642,649.1076538085938,603.7434936523438,589.6503112792968,0.027291655034455298,0.10448043413705421,0.1308785278682092,0.013281072427610554,0.02065151881273141,17730066.4,0.7943590668109399,True,True
2019-11-08,643.6727294921875,660.833984375,667.3028564453125,658.9138793945312,662.43408203125,12019353,-0.008981232974036413,-0.007824793823445697,0.06072278349324689,0.30295657707557333,650.9991790771485,605.2946594238281,590.4229225158691,0.015107246850592393,0.09175584830706929,0.11925529848858196,0.012371310157839542,0.02054011513443101,16580714.55,0.7248995791921404,True,True
2019-11-11,635.7911376953125,652.7421264648438,660.2625122070312,650.3419799804688,657.9080810546875,11357841,-0.012244917939275402,-0.02047817799967211,0.055596622059855605,0.23903323096230156,652.7181243896484,606.7667346191406,591.176675567627,3.6772496884163175e-05,0.07577111470120612,0.10414052759795345,0.01262882891692647,0.020156500257662385,16318750.3,0.6959994356920823,True,True
2019-11-13,655.6067504882812,673.0859985351562,674.7318115234375,653.7478637695312,653.7478637695312,25225749,0.03116678278525087,0.017273512704940597,0.08416785378269731,0.26693053391414456,655.3308288574219,608.5720837402343,592.0350051879883,0.027093444861568283,0.10600866605386283,0.1369023666454181,0.01413739192687627,0.02045692073178794,16910324.0,1.4917365864781775,True,True
2019-11-14,651.3541870117188,668.7200927734375,677.337646484375,665.5427856445312,674.7775268554688,14258133,-0.006486401100632477,0.019409070232376147,0.07227943461272135,0.14747987830103204,657.5846588134766,610.3957202148438,592.7964157104492,0.01693384085336369,0.09555173902278513,0.12807715271354336,0.014334751485272162,0.016476167195352057,17139591.1,0.8318829146396614,True,True
2019-11-15,654.9611206054688,672.4231567382812,679.7149658203125,668.9029541015625,670.0458984375,15691605,0.005537539554831827,0.008398453267694395,0.07177468663645348,0.1417426689775847,659.8362030029297,612.4904565429688,593.562055053711,0.019075876222111043,0.0978508310702273,0.13286075316494772,0.014330936179692113,0.016446624018003717,16953988.35,0.925540626551156,True,True
2019-11-18,649.7733154296875,667.09716796875,679.3491821289062,665.3599243164062,673.2460327148438,14076051,-0.007920590949553219,0.009477695974842382,0.044898018495646674,0.14178406816280775,661.2694213867187,614.4164990234375,594.3043789672852,0.008812968502021734,0.08574097380041712,0.12248401926291685,0.014150996778663423,0.016446242855410766,16855843.9,0.8350843234849844,True,True
2019-11-19,672.282958984375,690.2069091796875,692.5613403320312,669.7487182617188,670.6630249023438,30176255,0.03464224152128326,0.05739599329638412,0.06594415711387303,0.16799475306888656,663.4043884277344,617.190126953125,595.0481887817383,0.04040148244342334,0.11830516892261977,0.15991767085749942,0.015708324104866857,0.016929569713931236,16958559.1,1.779411494930604,True,True
2019-11-20,689.1596069335938,707.5335083007812,718.848388671875,705.4991455078125,710.9165649414062,43538120,0.025103485477545373,0.05117846729926545,0.09440294569085461,0.21293937578383826,666.4559722900391,620.3582897949219,595.756682434082,0.06163578348558252,0.1405239841877146,0.18762160654247784,0.01638973304996884,0.017045688962474267,17746140.0,2.4533853559140186,True,True
2019-11-21,684.6844482421875,702.93896484375,711.350830078125,698.8016357421875,706.322021484375,14897371,-0.006493746802275879,0.05117069524319784,0.1042803819558471,0.2098036416533442,669.775,623.4578771972656,596.4480322265625,0.04951508319025044,0.12748429453452248,0.17854184583299393,0.015932292447869506,0.017067563679775775,17568700.55,0.847949508707404,True,True
2019-11-22,688.6475219726562,707.0077514648438,717.5225830078125,702.93896484375,704.9962158203125,22352865,0.005788250224538549,0.051432783627384016,0.07661248385933783,0.24042504388320762,672.2905578613281,626.4203149414062,597.179955444336,0.05164016242315972,0.12864754638580878,0.1839107207454571,0.014663538619669974,0.01681533145721532,17554219.4,1.2733613777209598,True,True
2019-11-25,695.3493041992188,713.8881225585938,715.3739013671875,709.0650024414062,709.1336059570312,15146156,0.009731677028285146,0.07014113810783806,0.09107738306569946,0.22392914311043643,675.2701385498046,629.5231030273437,597.897935180664,0.05718894084628734,0.13401417537425253,0.19399663479834817,0.014610835156754405,0.016637231423202625,17634529.35,0.8588919896521082,True,True
2019-11-26,694.770263671875,713.2938232421875,720.6541748046875,711.350830078125,716.882568359375,35330983,-0.000832482426344705,0.033449265365858016,0.08785079996079248,0.2316466396581245,678.1502868652344,632.5024560546875,598.6162579345703,0.05182263733811121,0.12773289085934336,0.19157108379129872,0.01465075619551651,0.01658917944115308,19250336.45,1.8353436622662251,True,True
2019-11-27,699.045166015625,717.6826171875,720.265625,711.3965454101562,713.1566772460938,9642739,0.006152855670842339,0.014344350857803168,0.07007259759687345,0.2313997666118366,680.5001220703125,635.789482421875,599.394126586914,0.054639953633021765,0.12880542542741402,0.19734676292900533,0.013999177542908353,0.016588634700396253,18444048.15,0.5228103354306197,True,True
2019-11-28,703.698486328125,722.4600219726562,724.2200927734375,714.9853515625,718.962646484375,13747479,0.00665670962448317,0.027770628895561922,0.06842001936134645,0.2509301299978537,682.8133850097656,639.0326208496094,600.2390844726563,0.05806364935614661,0.13055264848941217,0.20362042503009947,0.01397580028812806,0.016509093367659107,18314353.8,0.7506395884958824,True,True
2019-11-29,690.7180786132812,709.1336059570312,723.2142944335938,707.6249389648438,723.2142944335938,18559594,-0.01844588712222106,0.003006833359016081,0.0592754898801946,0.24916446913672363,684.7974884033204,642.145009765625,601.0515835571289,0.03553768517821698,0.10432004480710089,0.17982154170571185,0.014520540412333601,0.016539847704071225,18269146.45,1.015898255060515,True,True
2019-12-02,706.4593505859375,725.29443359375,738.0722045898438,720.9513549804688,731.4661865234375,31225364,0.022789538531188924,0.015977729107294447,0.08895603314073441,0.2706740208894316,687.7599273681641,645.7022216796875,601.8729971313477,0.054575011907451954,0.12326457806977431,0.20506225906570763,0.015034016039200234,0.016718797188518427,19135199.6,1.6318284968399284,True,True
2019-12-03,703.0750732421875,721.8199462890625,728.72314453125,718.9398193359375,728.1517333984375,12990426,-0.0047904508069527285,0.011953171006192864,0.08318179611672716,0.3087698205682614,690.5314971923829,649.1145104980469,602.6249215698242,0.04531067623112728,0.11200710293046878,0.19779305576798567,0.015152076224492795,0.0160091145904308,19081549.2,0.6807846608177915,True,True
2019-12-04,691.4083251953125,709.8422241210938,721.179931640625,701.1788940429688,719.1226806640625,20987607,-0.016593781080097902,-0.01092459658160827,0.07282530667622589,0.29267789798007526,692.9407653808594,652.5309155273437,603.223352355957,0.02439091418000916,0.08782926177135053,0.17674858134839222,0.015661903204578435,0.016202230220442534,19496661.75,1.0764718221569392,True,True
2019-12-05,690.5845947265625,708.9964599609375,722.2085571289062,705.8648681640625,719.579833984375,19942460,-0.0011914818975490293,-0.018635719074056034,0.08080709680678866,0.2938845615336547,695.5911895751954,655.2419128417969,603.816068725586,0.019271765638562588,0.08203771166897145,0.17419276611393464,0.015444733625554742,0.016196304639104868,19762509.5,1.0091056502717937,True,True
2019-12-06,692.3880004882812,710.8479614257812,716.8368530273438,704.5390625,709.9793701171875,13085234,0.0026114396466039302,0.0024175352209352408,0.06602215826015856,0.2719018441623513,697.7924438476563,658.1284606933593,604.3752975463867,0.018709743410427748,0.08010518292565605,0.17616978111389892,0.015162260832179995,0.01606905722617476,19712569.25,0.6638015488518829,True,True
2019-12-09,700.2696533203125,718.9398193359375,721.1342163085938,707.0077514648438,711.41943359375,12642677,0.011383387657082134,-0.008761427033606384,0.08792803689703166,0.28669614057026793,700.6977355957031,660.8156848144531,605.0203591918945,0.02603416967620964,0.08795816421610025,0.18829029207579295,0.01497604953087267,0.016085366381686974,19743735.45,0.6403386548617881,True,True
2019-12-10,695.5274047851562,714.0709838867188,719.39697265625,710.5050659179688,718.6883544921875,10173333,-0.006772243403788569,-0.010735312098511307,0.09395572146388531,0.26535152802533446,703.7641784667969,663.3977600097656,605.6701068115234,0.014645254383898854,0.07638437590776181,0.17897676615717195,0.014704838331856143,0.016131043968660923,19684510.05,0.5168192133895656,True,True
2019-12-11,695.7277221679688,714.2767333984375,719.8084106445312,708.8821411132812,711.16796875,12364641,0.00028813593656873415,0.006247175959185114,0.06119683807555809,0.2908663126614588,705.8237152099609,665.8262280273437,606.3767718505859,0.011976103956725215,0.07276749297581597,0.1779421088617139,0.013325185064493357,0.015841374333146484,19041454.65,0.6493538034395918,True,True
2019-12-12,698.3104248046875,716.9282836914062,719.5112915039062,711.6480102539062,717.865478515625,10326606,0.0037122170847607716,0.011187395393914557,0.07209023841055973,0.27953652753603864,708.2341247558594,668.1957214355468,607.0894943237305,0.012275826074525709,0.07293156883908614,0.18092684916254576,0.013134495042880735,0.015804778085469217,18844878.3,0.5479794475510091,True,True
2019-12-13,704.8562622070312,723.6486206054688,726.89453125,718.848388671875,722.3228149414062,12668303,0.009373792423783334,0.018007590756837333,0.07618039824158718,0.30737146887297695,710.7953979492188,670.4874963378907,607.9094223022461,0.018082872642864567,0.07928727166119698,0.19038888699059897,0.01319265697040708,0.015670813287770254,18693713.2,0.6776771882859528,True,True
2019-12-16,697.5980224609375,716.1968383789062,728.6774291992188,715.168212890625,727.808837890625,11892718,-0.010297514587021106,-0.0038153137206461407,0.07360197699483617,0.30828017708689637,713.2503814697266,672.8803051757812,608.6458032226562,0.004131027456456771,0.06437479722609663,0.17670545756955702,0.013313568733268688,0.015659476018667903,18584546.55,0.6399251102524209,True,True
2019-12-17,695.8612670898438,714.4138793945312,721.8656616210938,711.1451416015625,716.265380859375,20324601,-0.0024894817860557916,0.00048019806930965636,0.03507204853051071,0.29609351218935864,714.4607299804687,675.1812231445313,609.4289291381835,-6.557475305712934e-05,0.05810685324938558,0.1722677497519045,0.01118110342063677,0.01568310221500741,18091963.85,1.1234049088595763,True,True
2019-12-18,701.7169189453125,720.4255981445312,722.3228149414062,714.0938720703125,714.551025390625,14742077,0.008414896355450008,0.008608518881523919,0.018221172131778873,0.336542172101707,715.1053344726563,677.6293493652344,610.251257019043,0.007439832169338079,0.06315583706547834,0.18053931042054416,0.009898369639532393,0.015297430477156213,16652161.7,0.8852950905467126,True,True
2019-12-19,716.9014892578125,736.0149536132812,738.2779541015625,718.5740966796875,719.4426879882812,20507816,0.021639091543804945,0.02662284409201887,0.047053855916044496,0.2834934604345192,716.7591339111328,680.3709753417969,611.1098153686523,0.026865119384074543,0.08178476197273188,0.2043906595891931,0.010747447070931802,0.01339448658897182,16932683.95,1.2111379424878477,True,True
2019-12-20,712.0701293945312,731.0547485351562,739.4894409179688,729.6832275390625,738.3236694335938,21271510,-0.0067392721489883955,0.010234425546877812,0.03401235279314796,0.2904293131353983,717.9614837646484,682.8794482421876,611.914885559082,0.018236723092516005,0.07054729852681563,0.19470005680156155,0.010900874675085007,0.013301554577119243,16878616.2,1.2602638597825337,True,True
2019-12-23,699.7353515625,718.3912353515625,721.2027587890625,712.1737670898438,713.2252197265625,25107772,-0.01732225008998045,0.0030639579164064568,0.006307869049325898,0.22890440914220234,718.1866394042969,684.7872033691406,612.6898968505859,0.00028487852048497686,0.049072225381973755,0.1725201264853784,0.011516855052249909,0.013090395295744189,17376697.0,1.4449105028418232,True,True
2019-12-24,688.6253662109375,706.9849243164062,718.6883544921875,705.1790771484375,717.248291015625,18048449,-0.015877575440594427,-0.010398671263807335,-0.008844740722841138,0.2085889519342603,717.8711944580078,686.5596374511719,613.407991027832,-0.015164656592497328,0.029750200493962264,0.15255251750433807,0.012077736261101257,0.013323780480947416,16512570.3,1.093012697120811,True,True
2019-12-26,674.7990112304688,692.7899169921875,709.9564819335938,690.3897705078125,704.79052734375,29761019,-0.020078231990511064,-0.03836021543865176,-0.03468483086975627,0.16856881624995146,716.6265594482422,687.9987976074219,614.0826544189454,-0.033262292810368965,0.006963848485530999,0.128170470223941,0.012737778623367807,0.013588734813599393,17518484.3,1.6988352696699907,True,True
2019-12-27,686.7996215820312,705.1105346679688,706.87060546875,695.4871826171875,698.093017578125,17677571,0.01778406032419233,-0.04198884654937374,-0.024014460007510507,0.17822086627889422,715.7590850830078,689.6281384277344,614.8114920043945,-0.014877282925167656,0.022450354586070587,0.14687273064656514,0.013349690714337926,0.013701165954755823,17714988.9,0.9978877830400448,True,True
2019-12-30,687.6234130859375,705.956298828125,707.5335083007812,698.5730590820312,706.75634765625,17123749,0.0011994774132180197,-0.03433183322770561,-0.004480547956288494,0.15909178594659878,715.6002197265625,691.1994189453125,615.527300415039,-0.01347668800622015,0.021349670555756317,0.14691305869310978,0.012716262415501424,0.013562079965794449,17643196.65,0.9705581896350967,True,True
2019-12-31,674.19775390625,692.1727294921875,705.7277221679688,689.4297485351562,704.9505004882812,22203005,-0.019524677885611297,-0.036496138272823386,-0.04566656321550444,0.16028045893279907,713.9441345214843,692.2742175292968,616.1856201171875,-0.030494549890642264,-0.00014660091989493473,0.12331853729489617,0.012209098152967264,0.013533693923033848,17192078.7,1.2914671569063956,True,True
2020-01-01,672.216064453125,690.1383056640625,698.1387329101562,688.2639770507812,693.978515625,14004468,-0.002939185179424153,-0.02382882303838796,-0.0438913343803784,0.15144339969928855,712.3600524902344,693.1268322753906,616.8072518920899,-0.031194543754229476,-0.004311659096384091,0.1188881186902806,0.012195942537087062,0.013549205583217544,17242780.8,0.812193123744866,True,True
2020-01-02,683.6602783203125,701.8875122070312,704.4705200195312,691.2355346679688,691.2355346679688,17710316,0.017024423143218392,0.013131823936384457,-0.011206309858379893,0.17368708223395357,711.9623168945312,694.2345458984375,617.4255694580078,-0.014150755522349456,0.01102360341156694,0.1367969629491801,0.012418184981799809,0.013664062531774341,17078916.25,1.0369695442472822,True,True
2020-01-03,684.4840087890625,702.7332763671875,704.79052734375,696.2643432617188,700.8359985351562,20984698,0.001204985336605846,-0.003371468988051185,-0.008833871461213061,0.17330737845958133,711.6491577148438,695.5580432128907,618.0356579589844,-0.012528478746867133,0.010315793519047434,0.1370432552191414,0.012422621619705063,0.013664622870841494,17131028.15,1.224952630761978,True,True
2020-01-06,668.6093139648438,686.435302734375,698.5044555664062,684.835205078125,694.8928833007812,24519177,-0.023192261105188683,-0.02765184775056828,-0.03434301006144924,0.13342148173977542,710.4285247802734,696.1528173828125,618.5714569091797,-0.03377288665783684,-0.013958881449292249,0.10971060023411217,0.013398296088329351,0.014021401956277489,17702725.3,1.3850509785631706,True,True
2020-01-07,678.8956298828125,696.995849609375,701.5217895507812,691.9212646484375,694.4356689453125,16683622,0.01538462085637593,0.0069680874609521215,-0.03052267955728405,0.11876718686029175,709.3313262939453,697.0068041992188,619.075482788086,-0.01739028889224392,-1.5716618227745727e-05,0.1258656964904581,0.013631164679982193,0.013696742478754893,17904772.55,0.9317974832358314,True,True
2020-01-08,673.797119140625,691.7612915039062,701.4989013671875,690.3212280273438,692.6070556640625,16047902,-0.0075101711271342575,0.002351682012900369,-0.03124296167501428,0.11869734306571655,708.2158416748047,697.728212890625,619.4910470581054,-0.023233806987409844,-0.008551927923336033,0.11666067619379517,0.013647288641253022,0.013697466502668709,18198501.0,0.8818254866156284,True,True
2020-01-09,689.3154296875,707.6935424804688,708.6078491210938,700.0360107421875,703.3961791992188,14982742,0.023031428864609405,0.008272023896223502,-0.009216583167488523,0.13991167660108283,707.8866821289063,698.4683654785156,619.9498135375976,-0.00027283978257175434,0.013207723438745989,0.14153360002188276,0.014710051510317526,0.013963230917461694,18329406.05,0.8174155757763901,True,True
2020-01-10,689.1596069335938,707.5335083007812,712.2423095703125,703.8761596679688,709.4764404296875,12478359,-0.00022613485934408484,0.006830802090956656,-0.013104205266183722,0.13451597828294326,707.416943359375,699.0951403808593,620.4209234619141,0.00016477544466608762,0.01207041421475874,0.14040884429361888,0.01467899589498521,0.013963746353059147,18436993.7,0.6768109380001578,True,True
2020-01-13,687.4006958007812,705.7277221679688,712.585205078125,703.3047485351562,706.3449096679688,18282382,-0.0025522270134588076,0.028105226168793296,-0.0247646411907837,0.12485880460483534,706.5208984375,699.8206640625,620.9284924316406,-0.00112265082502927,0.008440816924693229,0.1365684306162902,0.014495433598260884,0.013967905352548682,18717697.65,0.9767430985295353,True,True
2020-01-14,681.0330200195312,699.1902465820312,708.6078491210938,695.7386474609375,704.0361938476562,15816535,-0.009263453001186694,0.0031483644757512863,-0.023745695157449953,0.09516654886964093,705.6705688476562,700.4835559082031,621.3384564208984,-0.009183211758720833,-0.001846309331980045,0.12529691242609253,0.014462908577473328,0.013891668598685559,18913888.5,0.8362392006276235,True,True
2020-01-15,678.5617065429688,696.6529541015625,703.990478515625,694.0928344726562,702.1389770507812,15817859,-0.0036289014225702187,0.007071315868255157,-0.02486083460195543,0.07589932248469289,704.7825225830078,701.0888439941406,621.6751593017578,-0.01153486106841961,-0.006327143743019126,0.12060606520617112,0.014470905285303128,0.013808021071435177,18688551.4,0.8463929954463995,True,True
2020-01-16,684.8179321289062,703.0761108398438,705.5676879882812,698.5501708984375,699.0073852539062,12847975,0.009220023686779433,-0.006524620281882054,-0.024082274907181844,0.08750830557256473,703.9150482177735,701.9172290039063,622.0464926147461,-0.0011918162284693112,0.0016510234940123603,0.13026296134954984,0.01450002981789257,0.01384012367961359,18593846.3,0.6909799507162754,True,True
2020-01-17,704.0101928710938,722.780029296875,724.5858154296875,710.07080078125,710.2079467773438,29463471,0.028025299328538367,0.02154883241178207,-0.01798186878056307,0.1354496574242765,703.2533020019531,703.2530700683594,622.5933779907226,0.027766278863298854,0.027766617821686213,0.16091827322269614,0.015086030320988871,0.014075622917424906,19041629.05,1.547318820392628,True,True
2020-01-20,682.3466796875,700.5388793945312,735.5806884765625,697.8187255859375,735.5806884765625,32545850,-0.030771671879174733,-0.0073524712299773975,-0.04174224871908827,0.06676185858265904,701.7275085449219,703.9273901367187,623.0686026000976,-0.0016938614147468112,-0.004813721968581652,0.12433667251269953,0.016477056244151633,0.014170286779908977,19605346.05,1.6600497597439754,False,True
2020-01-21,683.0369262695312,701.2474975585938,706.7106323242188,695.8071899414062,698.8245239257812,18922720,0.0010115329568503029,0.0029423336303950887,-0.023864068698693175,0.0717579692675201,700.8703216552734,704.7356604003907,623.4495364379883,0.0005381536236683804,-0.004949604564944421,0.12478630037179239,0.01608511676278396,0.014156122118919322,19296093.45,0.9806503087805061,False,True
2020-01-22,682.7919311523438,700.9960327148438,707.1220703125,699.9674072265625,705.8648681640625,10322817,-0.00035859642226954147,0.006234206842461898,-0.008471031553258679,0.069095329456208,700.5708770751953,705.7007385253906,623.8703579711914,0.0006068702733168507,-0.006666715158011205,0.1236245219190455,0.01570370545038787,0.014157155965936004,18909811.85,0.5458973934740656,False,True
2020-01-23,679.8975219726562,698.0244750976562,704.9276733398438,695.212890625,702.4360961914062,11247739,-0.004239050548801471,-0.007185048196493571,0.0075557654305868915,0.04076209366904626,700.8326049804688,706.1995080566406,624.2517492675781,-0.004006848230028837,-0.011576095516521834,0.11817784398142916,0.01503953998461657,0.01388422663549923,17984147.85,0.625425185213877,False,True
2020-01-24,677.5374145507812,695.6015014648438,702.3675537109375,694.22998046875,698.093017578125,14628445,-0.00347118721370554,-0.037602765337153454,-0.01348587595220474,0.028699923953686257,700.3571533203125,706.7371362304688,624.5482217407226,-0.006790323812532972,-0.015756402479455422,0.11376748383989232,0.0144937892691159,0.013859839733949176,17831691.55,0.8203621602012289,False,True
2020-01-27,670.8580322265625,688.7439575195312,696.92724609375,688.0353393554688,692.5613403320312,13387750,-0.009858437526186203,-0.016836926860068435,-0.024381596052285293,0.028818246483910848,699.4965362548828,707.0635522460938,624.8153210449219,-0.015371882744296461,-0.025909403289658406,0.10231605135369759,0.014632631973560337,0.013858379955445841,17644891.6,0.7587323460802672,False,True
2020-01-28,655.3617553710938,672.8345947265625,690.3212280273438,669.1087036132812,689.68115234375,24532236,-0.023099095998265207,-0.040517653083898764,-0.027938307797552797,0.010192905525154172,698.5296295166015,707.17830078125,625.0360180664062,-0.03678445939053521,-0.04856442288563789,0.07647331558271575,0.014888693356685846,0.014174430439223897,17761353.15,1.3812143586593797,False,True
2020-01-29,658.9686889648438,676.5376586914062,683.1893920898438,669.3143920898438,673.8860473632812,24746565,0.005503676525950185,-0.034890887939428405,-0.019707132412494444,0.015230016916847333,697.8495971679688,706.9049157714844,625.3258615112304,-0.030539443689659218,-0.04295805051367718,0.0818961765892936,0.014959603955298632,0.014190529174704088,18298458.0,1.3523852665618055,False,True
2020-01-30,642.8935546875,660.033935546875,676.4690551757812,658.319580078125,676.1490478515625,22402689,-0.024394389480777212,-0.054425798673415016,-0.05963003463126293,-0.0024528194324550112,695.7569183349609,705.9549243164063,625.5312435913086,-0.051344056877761,-0.06504804653639562,0.055157423884183876,0.015214091933743946,0.014516330939216244,18533076.65,1.2087949250455403,False,True
2020-01-31,628.599609375,645.35888671875,664.3770141601562,643.3245239257812,664.2626953125,34750310,-0.022233779261616182,-0.07222901997809017,-0.08164461763506792,-0.016203177105590938,692.8881988525391,704.8033227539063,625.7195962524414,-0.06859593252201468,-0.0843418782460994,0.03138672751170368,0.01576906270345094,0.014759217742783357,19221357.25,1.8079009483058226,False,True
2020-02-03,616.9552001953125,633.4039916992188,640.0100708007812,623.140625,626.272216796875,30712290,-0.018524413726313527,-0.08034911263630673,-0.07725609511036091,-0.05011658340065461,690.2366333007812,703.3312475585938,625.8362878417969,-0.0823379097249346,-0.09942293350694542,0.0120921461481871,0.015504420373661327,0.014781187499629781,19531012.9,1.57248833725362,False,True
2020-02-04,635.167724609375,652.1021118164062,654.8908081054688,639.0271606445312,640.0328979492188,25383901,0.029520054123792994,-0.030813639894039402,-0.0644103373328967,-0.013213413300546484,687.9919464111329,702.09552734375,626.0534420776368,-0.052166067905218494,-0.07120600200443472,0.04160774142910828,0.016705346058030653,0.015246170503154593,19966026.85,1.2713546461047656,False,True
2020-02-05,645.0086669921875,662.2054443359375,664.1712646484375,653.8850708007812,655.9879760742188,18472100,0.015493482288209126,-0.02118465124793034,-0.04272550015586096,0.014497789383298487,686.5141540527344,701.073759765625,626.285910949707,-0.035408898087962215,-0.055441121405943816,0.05735325153931958,0.017177553013476166,0.015292381321916421,20087236.75,0.9195938809254091,False,True
2020-02-06,649.14990234375,666.4570922851562,670.6630249023438,658.3652954101562,664.765625,15538577,0.006420436415291553,0.009731555291864424,-0.058268795347176106,-0.009848527921285766,684.4523315429688,700.0492492675781,626.548095703125,-0.026291442703169188,-0.047985419622358694,0.06369662098684459,0.016279593451259674,0.014772142892274886,20115028.5,0.772485954966457,False,True
2020-02-07,638.3961181640625,655.4165649414062,663.965576171875,652.970703125,663.348388671875,12209212,-0.01656599872903164,0.015584628072286,-0.07366003552897371,-0.01989401541212321,681.846484375,698.7083801269531,626.7618209838868,-0.038762272797842834,-0.06195977666344987,0.04571871323070931,0.01654765852694703,0.014903222140092631,20101571.15,0.6073760060292601,False,True
2020-02-10,639.2643432617188,656.3080444335938,660.833984375,644.810302734375,652.8335571289062,15142476,0.0013601723543059663,0.0361602595413566,-0.07002655015812564,-0.02396573072060304,679.3755004882812,697.6518688964844,626.971774597168,-0.03395391214153054,-0.05926139713247891,0.046790415494021964,0.016584879594725842,0.014885588472015076,19944575.85,0.7592277777118033,False,True
2020-02-11,646.9011840820312,664.1484375,670.2973022460938,660.6282348632812,661.7025756835938,13999816,0.011946208998813379,0.01847306651107017,-0.05011770294756257,-0.004420241323656926,677.6234100341796,696.4289489746094,627.1244680786133,-0.01988563608435545,-0.046351478527906886,0.0590376732306761,0.01687207730023375,0.014933979759644866,19853739.9,0.7051475475409045,False,True
2020-02-12,654.7161865234375,672.1716918945312,674.2518310546875,665.1770629882812,665.7028198242188,13533565,0.012080513845267093,0.015050083994081254,-0.03514125945048707,-0.026130160456653728,676.3993469238281,695.4359838867188,627.4100827026367,-0.0062502352323722254,-0.033452815976196426,0.0713434648660396,0.017176362792656146,0.014319229972610778,19739525.2,0.6856074228168366,False,True
2020-02-13,656.4306030273438,673.9317626953125,675.5775756835938,668.6514892578125,675.5775756835938,13565659,0.002618483970695751,0.011215531347302576,-0.041452621835945336,-0.04749138409877862,674.9421295166015,694.7177746582031,627.662209777832,-0.0014969680763781135,-0.029920080817159467,0.07371728327225258,0.01701925786253973,0.013931016051339602,19775409.4,0.6859862532100095,False,True
2020-02-14,662.4197387695312,680.0806884765625,686.4124145507812,664.3084106445312,675.3489990234375,21227841,0.009123959014274874,0.037631217845953024,-0.05907653655269185,-0.032518152372259634,672.807162475586,694.1394592285156,627.8864498901368,0.010810714282846856,-0.020253524799725975,0.08312687524242368,0.015742473627719515,0.013967073265175073,19363627.9,1.096273958042749,False,True
2020-02-17,658.2561645507812,675.80615234375,688.5610961914062,674.0003662109375,680.720703125,13149130,-0.006285336733186542,0.02970877482841683,-0.03530528822634016,-0.044131905281727724,671.5705261230469,693.438623046875,628.1284051513671,0.006307046030080032,-0.02542758669202816,0.07590445966361514,0.014353448458822636,0.013962576113861824,18393791.9,0.7148678245076808,False,True
2020-02-18,653.4247436523438,670.8458862304688,674.7318115234375,666.2742309570312,674.7318115234375,11127161,-0.0073397764966753876,0.010084264830433787,-0.04335361114865832,-0.06029269148485128,670.0504455566406,692.4767443847657,628.2989282226563,0.0011871355046519927,-0.03123694525440701,0.06771769948449546,0.014391912755427783,0.013921187628366046,18004013.95,0.6180377904006235,False,True
2020-02-19,669.6334838867188,687.4867553710938,688.6982421875,674.3660888671875,676.3090209960938,14084409,0.024805800381561882,0.022784451742376532,-0.019271546076274904,-0.0361801364741825,669.3749816894531,691.9450598144531,628.5526556396485,0.027057739200123443,-0.006443148021831213,0.09376159531371453,0.01560264119985033,0.014312538790730462,18192093.55,0.7742049567461684,False,True
2020-02-20,661.6849975585938,679.3263549804688,689.4068603515625,678.3434448242188,684.3780517578125,16892268,-0.011869901968104335,0.00800465653018212,-0.026787198421046154,-0.053444602514331696,668.4400756835937,691.2460522460938,628.7375793457031,0.016286096080852186,-0.01724378349343747,0.0804608747697424,0.01578197021577946,0.014359311288140131,18474320.0,0.9143648047668331,False,True
2020-02-24,643.4278564453125,660.58251953125,675.2346801757812,658.1138305664062,671.9202270507812,21370214,-0.02759179783295418,-0.028670375847592466,-0.05034345362948245,-0.08564834116696385,666.6891265869141,690.1191369628906,628.8200979614257,-0.009159601997600575,-0.04279930210546945,0.05051114249177946,0.016847244739828033,0.014733170833241811,18811408.45,1.136024134333227,False,True
2020-02-25,630.7147827148438,647.5304565429688,663.53125,644.6045532226562,663.53125,27745062,-0.019758414130520707,-0.04183995026194842,-0.05983863891160712,-0.08687100554334082,664.628451538086,688.5967736816406,628.8921017456055,-0.02572564408813527,-0.059637684503090704,0.029636808517119473,0.01721790376132672,0.014759882775649649,19529274.05,1.4206909037665945,False,True
2020-02-26,619.849609375,636.3755493164062,645.6788940429688,634.249755859375,644.6045532226562,29362748,-0.01722684564694643,-0.05138339165758887,-0.05418723367661127,-0.12259694843756208,662.8054992675782,687.0003479003906,629.0029644775391,-0.039875876075828987,-0.0736896258330928,0.011721065329145075,0.016903227386851537,0.014550644523176608,19770799.65,1.4851573289803683,False,True
2020-02-27,617.2891235351562,633.7468872070312,637.198486328125,625.8607177734375,634.546875,25054993,-0.0041306774155586146,-0.07816858687707318,-0.06324965201071453,-0.1220152747715304,660.6659606933594,685.3870080566406,629.2013748168945,-0.04074536163188569,-0.07534446997475308,0.007224256926424477,0.016795693186027225,0.014548805477907163,19786221.05,1.2662849028465695,False,True
2020-02-28,591.64013671875,607.4140625,620.374755859375,605.7454223632812,619.4146728515625,39315769,-0.041551012302532886,-0.10585824023055357,-0.07972298121804378,-0.1442970820000421,658.0349670410156,683.12677734375,629.366411743164,-0.07692737783926973,-0.11083259704464965,-0.03488007754077993,0.018309007414681156,0.015308251492774495,20631875.05,1.9055839037761135,False,True
2020-03-02,586.0740356445312,601.6995239257812,625.8607177734375,594.8191528320312,619.506103515625,29500495,-0.009407978719983556,-0.08913798634461623,-0.06765129246914003,-0.151336349466495,655.8519989013672,680.44046875,629.5149908447265,-0.08256813285054865,-0.11572054932133813,-0.044185551295006564,0.01785519581618554,0.015333275969784203,20369384.3,1.4482762250207042,False,True
2020-03-03,597.9632568359375,613.9058227539062,618.95751953125,604.3739013671875,607.8941040039062,27398798,0.020286369429852957,-0.05192749383338269,-0.0307831481974169,-0.13637534878405444,654.8770904541016,678.097490234375,629.7682608032227,-0.06256329362779389,-0.09466436376026366,-0.025187738151625894,0.018223755024293218,0.015602807326058878,20203709.7,1.356127087888221,False,True
2020-03-04,596.5606689453125,612.4657592773438,618.9118041992188,597.9278564453125,618.0889282226562,22105261,-0.002345740051955425,-0.03757182384638502,-0.06078243241485126,-0.14809871034399036,652.8952728271485,675.9789807128906,629.9494128417969,-0.06192342820118457,-0.09395739105462342,-0.027754059624536698,0.016707771076102617,0.015498752454642729,20039777.7,1.1030691722693111,False,True
2020-03-05,583.8475952148438,599.4136962890625,620.80908203125,597.0592651367188,618.1803588867188,30510390,-0.021310681928866648,-0.05417492631684173,-0.09482215615101575,-0.16056847314194422,649.7556854248047,673.8275561523437,630.0734194946289,-0.0774783357268033,-0.11043457511324639,-0.048660556463654636,0.016590446715555568,0.015678495794716273,20641692.2,1.4780953859974717,False,True
2020-03-06,565.9689331054688,581.0584106445312,588.8988647460938,567.38916015625,580.6012573242188,33734039,-0.030622065792236364,-0.04338992704086231,-0.1281383042197195,-0.1865079968656832,645.4857513427735,671.5929260253906,630.0863342285156,-0.09981218108101853,-0.1348056417399438,-0.07781143776751587,0.01731920093975679,0.016078313347106778,21551465.3,1.565278208716509,False,True
2020-03-09,496.1245422363281,509.3518981933594,567.3434448242188,500.59716796875,566.9091186523438,88187018,-0.12340671976786699,-0.1534779770638689,-0.2228577588073395,-0.28953577396786845,638.1825180053711,667.6777532958985,629.7360304260254,-0.20187112021599984,-0.23712914549119768,-0.1911660226130375,0.03133336316449473,0.022306645364759674,25350355.6,3.478729032108725,False,True
2020-03-11,513.669189453125,527.3642578125,538.7476806640625,506.5403137207031,506.5403137207031,59578576,0.0353632914357036,-0.14096879640787796,-0.1964683927230767,-0.2712426407014219,631.7353286743164,664.1059124755859,629.34206741333,-0.16521328810411307,-0.20590338392464302,-0.16203876219489166,0.03297759730440829,0.02284474123952484,27572160.6,2.160823624391626,False,True
2020-03-12,473.3477478027344,485.96783447265625,503.3401489257813,479.4303588867188,496.0255126953125,55970485,-0.07849683160469689,-0.20653877035337298,-0.26828430658973546,-0.3214605141616761,622.8262985229492,659.9818145751954,628.7093492126464,-0.21973777339662248,-0.2636648105441286,-0.227038956743287,0.03583897094908887,0.024731881293551892,29670694.05,1.8863894759482378,False,True
2020-03-13,492.1837158203125,505.3059692382813,521.1696166992188,430.8335876464844,456.25201416015625,73297403,0.03979303442296689,-0.15699962752502483,-0.24824866126976441,-0.2926985549797405,614.4830123901368,656.2851678466797,628.1719502258301,-0.17767300470552094,-0.23005121249924376,-0.19559291200980555,0.03743527432761585,0.02542989173136387,32658885.95,2.2443326178430163,False,True
2020-03-16,452.2853698730469,464.3438720703125,493.6025085449219,459.4521789550781,484.8477783203125,38482258,-0.08106394869966949,-0.20086541462286844,-0.31099274767341034,-0.355458949173602,604.0036178588867,651.5342950439453,627.4445985412598,-0.23122335969385355,-0.2873070909659591,-0.2599444267272978,0.0401228083546179,0.027168798161480337,33904715.9,1.1350119586166478,False,True
2020-03-17,448.8566284179688,460.8236999511719,484.5963439941406,458.6293029785156,478.7674560546875,45445979,-0.0075809595665506935,-0.09527440344153837,-0.3223984921797215,-0.3738935633184174,593.0407684326171,646.696103515625,626.6929028320312,-0.22294768845469026,-0.2874184683563077,-0.26467381732152195,0.03970780402420513,0.02690892105793146,35115622.8,1.294181204156231,False,True
2020-03-18,431.2674865722656,442.765625,473.5786437988281,439.3368835449219,468.732666015625,44730415,-0.03918651526187844,-0.16041783560268952,-0.34483339125509105,-0.3943468312227131,581.3887420654297,641.8227099609375,625.9108056640625,-0.23843447083780822,-0.3101434116799209,-0.2926058777172794,0.03985694725237017,0.02721961519140069,36694687.05,1.2189888672180407,False,True
2020-03-19,408.6465759277344,419.5415649414063,442.0798645019531,407.8838195800781,420.6387634277344,61404010,-0.05245226536859926,-0.13668861356499418,-0.3746081275107156,-0.4159984917743418,568.8235260009766,636.2736242675782,624.982643737793,-0.2624398503857135,-0.3406271312529332,-0.3287148544921481,0.04036813763924444,0.027796489666241563,39208529.5,1.5660880625477167,False,True
2020-03-20,453.2872619628906,465.37249755859375,473.1214599609375,425.1647033691406,429.5077819824219,63360475,0.10924050546359632,-0.07902829990289817,-0.3230815082286298,-0.34175046517636987,557.7178131103516,631.7458483886719,624.3080947875976,-0.16557713126779072,-0.2633548780010653,-0.25457878658945954,0.049045864699409934,0.03166047980897032,41672332.8,1.5204446389907886,False,True
2020-03-23,393.6623840332031,404.1579284667969,434.30804443359375,400.3177185058594,418.8558044433594,40670949,-0.13153886276678717,-0.12961502718916484,-0.4050607259622413,-0.4166226751372386,543.959391784668,625.6751361083984,623.2892994689942,-0.2570071689711959,-0.3540450864316008,-0.35157248999603286,0.05515632439715375,0.035509996463626646,42861266.85,0.9488975009146282,False,True
2020-03-24,420.0905456542969,431.2907409667969,443.4513549804688,409.5296325683594,425.1647033691406,45734887,0.06713418341916566,-0.06408732664466754,-0.34710542859529314,-0.3883359845561115,532.4948028564453,620.1502807617187,622.40525390625,-0.19005643124921145,-0.30453834442024164,-0.30705800078005097,0.058792398059296334,0.03667680808886315,44079500.5,1.0375545657555716,False,False
2020-03-25,481.919677734375,494.7682800292969,526.4498901367188,440.3655090332031,440.616943359375,73130298,0.14718038908093978,0.11744962140928816,-0.2359150445667646,-0.29915168849601104,524.8566940307617,615.9310919189453,621.7699067687988,-0.05732691293387848,-0.19671488171211382,-0.20425823983586056,0.06959817780976246,0.04175292242678954,46348762.3,1.5778263403594708,False,False
2020-03-26,474.772705078125,487.4307556152344,510.6091003417969,476.52734375,500.962890625,45744488,-0.014830223986121438,0.16181755598711556,-0.2340517228563671,-0.2957960710575265,517.4094543457031,611.6959020996094,621.1174160766601,-0.05793999023148644,-0.20314856787145763,-0.21523572999428786,0.0695890749540239,0.04172972255906907,47167849.3,0.9698234852526973,False,False
2020-03-27,474.5055236816406,487.1564636230469,506.2203063964844,478.2874450683594,500.59716796875,41657940,-0.0005627301704450582,0.04680974096822377,-0.23130752441249702,-0.29411762885078974,510.0799331665039,607.505972290039,620.5190995788574,-0.04494093582774639,-0.19810423955722722,-0.2149210814724687,0.0696120366400397,0.04173280808438996,47997996.65,0.8679099734884456,False,False
2020-03-30,458.85345458984375,471.0870666503906,491.3623962402344,466.3096923828125,475.7273254394531,30229866,-0.0329861105673237,0.16560144802180288,-0.22443832677912257,-0.3288282545886967,503.2635833740234,602.86619140625,619.8688946533204,-0.06393571437836254,-0.21858768435574472,-0.24002144531891745,0.06943882537217586,0.04178631675229274,47543701.5,0.6358332449146813,False,False
2020-03-31,495.9465026855469,509.1690368652344,516.5065307617188,479.1103515625,490.9738159179688,44292810,0.08083849655568165,0.1805702940059939,-0.15378188511241098,-0.2754448181287109,498.6370590209961,598.5939715576172,619.399384918213,0.021121530487357543,-0.1493916393105127,-0.17796328303996245,0.0723728037628714,0.043250356510048237,48283317.25,0.9173522558663884,False,False
2020-04-01,481.1181640625,493.9454040527344,514.1292724609375,477.8302917480469,513.054931640625,41597459,-0.029898975998670863,-0.0016631542679206301,-0.19540524662731518,-0.28041957911381943,492.6390380859375,594.4621020507813,618.8308987426758,0.002651771105823375,-0.1690884879814598,-0.20180875735791548,0.07228970161083144,0.04330828530369377,48993250.3,0.8490446897335162,False,False
2020-04-03,479.78228759765625,492.5738830566406,518.6323852539062,482.9048156738281,518.6323852539062,41367807,-0.002776665163478964,0.010551503741110135,-0.19575278193864276,-0.2932900772182515,486.64444427490236,590.2886297607422,618.2486973571778,0.012184334685199305,-0.16553723344409943,-0.20327550197478483,0.07228788621558041,0.04323002149001498,49956377.6,0.8280785955144994,False,False
2020-04-07,537.0692749023438,551.3883666992188,554.9999389648438,502.8829956054688,503.8430480957031,54373624,0.1194023590483686,0.1318506637446022,-0.08012050756792166,-0.20292104592830462,484.24317779541013,587.2964764404297,617.971768951416,0.13866006168532352,-0.06114136757442845,-0.10774505502925646,0.07761246922512569,0.046106737456719886,51149539.3,1.0630325266683291,False,False
2020-04-08,530.8574829101562,545.0108642578125,561.8574829101562,530.31298828125,539.456298828125,49880330,-0.011566262232886704,0.15692173027174872,-0.06203773274141833,-0.22987729639647803,482.44080047607423,584.2362042236329,617.685125579834,0.12969480135178024,-0.0671395228201328,-0.11765583840763627,0.07735037417127436,0.045995261500711045,51956853.85,0.9600336876440797,False,False
2020-04-09,543.2366943359375,557.7200927734375,563.5946655273438,545.3994750976562,554.9999389648438,33032857,0.023319220494681714,0.09535351208139842,0.09496027157577536,-0.2117403822854086,484.8592102050781,581.4785760498047,617.5426039123536,0.15027224611767576,-0.040858742273476745,-0.09687187695216337,0.07182770718073937,0.046122286090091814,49199145.8,0.6714111894194716,False,False
2020-04-13,529.5216674804688,543.639404296875,555.4571533203125,539.456298828125,550.4054565429688,23673784,-0.025246873223702337,0.10060626100862602,0.030861299838339518,-0.22967542974387434,485.6729675292969,578.5764849853516,617.3326502990723,0.11935281690159427,-0.06038455000355081,-0.11937364072108603,0.07184516309605149,0.046212208786775955,47403906.2,0.4994057641604227,False,False
2020-04-15,512.021484375,525.6727294921875,565.0576171875,522.5411376953125,547.2509765625,35321842,-0.03304888251786131,0.06719569911046386,0.0817027222853477,-0.2481692471227659,487.65821228027346,575.6332476806641,617.041206817627,0.07795319806911372,-0.08679227336116713,-0.14807516307811897,0.06979000507904747,0.04636603155962117,46371474.05,0.7617148844980485,False,False
2020-04-16,520.1259155273438,533.9931640625,542.8621826171875,523.4555053710938,525.6727294921875,37455706,0.015828164756330976,-0.03154800443261396,0.05677192942617104,-0.23348754796975846,489.0925720214844,572.782357788086,616.7470204162597,0.09180387233327947,-0.06772065025776675,-0.13417795889456718,0.06938760317512055,0.04643447378297837,44579389.2,0.8402023148401503,False,False
2020-04-17,545.0401611328125,559.5715942382812,562.3146362304688,545.2394409179688,555.914306640625,33269335,0.04790029516705108,0.026716403168030922,0.2050801741894186,-0.20410950448898402,493.8539581298828,570.7731109619141,616.6201567077637,0.13307099199378047,-0.019625165426512714,-0.09251816024645398,0.06691603609012531,0.04687858638906971,44318743.05,0.7506831807586656,False,False
2020-04-20,553.8569946289062,568.62353515625,574.6580810546875,549.5139770507812,560.4859619140625,36030932,0.0161765554420088,0.019550026122587383,0.2339285831360245,-0.21328272488462285,499.2439498901367,569.238403930664,616.5776402282714,0.13896930605044067,-0.0010801603865240317,-0.07777464173736126,0.06677097697359598,0.046771695024911804,43847990.7,0.8217236736460081,False,False
2020-04-21,550.9847412109375,565.6748046875,572.3722534179688,532.1416625976562,553.1712646484375,61371628,-0.005185734121855745,0.04053311849078489,0.27759422310053994,-0.19251476067051831,505.38940887451173,567.8838201904297,616.4439192199707,0.11928503992048856,-0.003889907450064234,-0.08235804255594303,0.06580771138377839,0.046629889282786684,44680051.35,1.3735800686361566,False,False
2020-04-22,607.2032470703125,623.3920288085938,633.1296997070312,594.3162841796875,603.4595947265625,142683366,0.1020325169917704,0.1858937963375149,0.48588860056251515,-0.11102423754958879,515.5819320678711,567.3096185302734,616.6026701354981,0.20910371375568415,0.09885679432619665,0.011010913513565646,0.0666159379454022,0.048543175607347014,48744019.15,2.9271973975088184,False,False
2020-04-23,610.4539184570312,626.7293701171875,633.5640258789062,618.6832275390625,625.1064453125,65464502,0.005353519381651406,0.1736655303771517,0.34672627498421904,-0.10594448346595275,523.6497756958008,566.6000970458985,616.8238243103027,0.1968483501867626,0.106122948768959,0.016058954626080757,0.0634355109999696,0.0485496782203725,48849220.5,1.3401340150351018,False,False
2020-04-24,630.9818725585938,647.8047485351562,683.4408569335938,615.89453125,617.2431640625,134986308,0.0336275582777108,0.1576798307944538,0.6028505267548547,-0.0719455095832765,535.8321166992188,566.2270501708985,617.1984721374512,0.20896961631508848,0.1440724146605783,0.04958903461266018,0.05298797808402878,0.048748809748916364,53564988.45,2.5200473650060125,False,False
2020-04-27,636.659423828125,653.6336059570312,674.3203735351562,650.5477294921875,655.5765380859375,58482901,0.008997861523947659,0.14950149887380526,0.5155289549963966,-0.060333244565219823,546.9492599487305,566.1913909912109,617.5662623596191,0.19505346075118757,0.15443932273985728,0.05840238658699515,0.05215070336087424,0.048760703771819215,54202389.15,1.0789727522555157,False,False
2020-04-28,635.947021484375,652.9021606445312,665.3827514648438,636.4441528320312,662.8912353515625,78453401,-0.0011190448377099704,0.15420053223904673,0.3196120022202529,-0.052039363080704226,554.8559539794921,566.1232733154297,617.9083372497558,0.1767056944452703,0.1532862035875895,0.05663270955450961,0.04322918625445694,0.0487434309992743,54468544.3,1.440343266159217,False,False
2020-04-29,635.41259765625,652.353515625,664.5598754882812,649.1762084960938,660.5596923828125,37494672,-0.0008403173593263258,0.04645790365936575,0.33835115677425875,-0.03043999113910889,563.1020919799805,565.8873748779297,618.2384114074707,0.15849954194130844,0.15279743741539087,0.055181146282812454,0.04283568053692529,0.04864717418330182,54056053.5,0.6936257749559909,False,False
2020-04-30,652.8013916015625,670.2058715820312,683.4408569335938,657.4281005859375,664.697021484375,71345899,0.02736607610664521,0.0693704548371723,0.37575075284359727,-0.009359105185101302,572.2545623779297,565.8480584716797,618.6544328308105,0.17116737138289917,0.18442727079812826,0.08332832679357693,0.04273918604048329,0.048765952149033426,55540451.45,1.2845754245305112,True,False
2020-05-04,639.0863037109375,656.1251831054688,669.7487182617188,648.0104370117188,658.319580078125,53456868,-0.02100949734045876,0.012844046897042771,0.3927896339221748,-0.005922047687089926,581.5064682006836,565.4919268798828,619.0472532653808,0.1283196645011926,0.16027329819836234,0.0598951528247762,0.04208215545035255,0.04873802149231031,56701801.55,0.9427719497212342,True,False
2020-05-05,650.4189453125,667.760009765625,676.1490478515625,661.6111450195312,664.582763671875,44903763,0.017732632369158674,0.021612113697719426,0.31147018262692616,0.03471110959790269,589.4360168457031,565.2455133056641,619.5240776062012,0.13287955042018562,0.18136277784928634,0.07785965695765062,0.0393615954530809,0.048687342300033666,56732349.2,0.7915019143963106,True,False
2020-05-06,650.4635620117188,667.8057861328125,678.8692016601562,660.833984375,669.2915649414062,40489094,6.855212429313084e-05,0.02282673635750987,0.351982993775394,0.05431256336308343,598.129035949707,565.0855059814453,619.9370133972168,0.11649116828523964,0.1817782956102576,0.07721554238756889,0.038139853861714076,0.048615379695930175,56676930.95,0.7143840239994504,True,False
2020-05-07,671.0361328125,688.9268188476562,691.9898681640625,660.6054077148438,665.1770629882812,50026966,0.031627507807551636,0.056063625544527707,0.39862636356714254,0.0564707679425791,607.9466827392578,565.447124633789,620.4584114074707,0.1332026942618092,0.21837531545294997,0.11035132441007489,0.03803120182709266,0.04863632948690008,57109888.9,0.8759772950635175,True,False
2020-05-08,695.4605102539062,714.00244140625,722.277099609375,702.7103881835938,706.322021484375,84262770,0.0363980931973833,0.06534793513646231,0.29491749287437696,0.07821892361856797,616.0773864746094,565.9774383544922,621.0990159606934,0.1589492766355196,0.26153869928476614,0.14957908973959166,0.03001875799930743,0.048808676144780426,58604346.2,1.4378245891940349,True,False
2020-05-11,702.1400146484375,720.8599243164062,738.3236694335938,718.8026733398438,722.3228149414062,67085063,0.009604284961057363,0.09866218044633679,0.32265239390789446,0.08162990935352332,624.869839477539,566.808109741211,621.7763078308105,0.15361612735081853,0.27178830353279726,0.1593557284793763,0.029459340668811736,0.048814829060480146,59464582.85,1.12815157838108,True,False
2020-05-12,658.7014770507812,676.2633056640625,716.9968872070312,669.7487182617188,715.3739013671875,100683202,-0.06186585929941224,0.012734059803045206,0.2125496542560119,0.03180685664317928,630.7970001220704,567.1217254638672,622.2406742858886,0.07207755511391722,0.19244824400074756,0.08681951150199674,0.033932430269992375,0.04946034250396486,62847100.1,1.6020341724565903,True,False
2020-05-13,672.677001953125,690.6114501953125,704.7102661132812,671.020751953125,704.7102661132812,66430125,0.021216801815323594,0.034150144452274045,0.2703484050949658,0.052267233432013116,638.1456024169922,567.9833453369141,622.7381510925293,0.08221610801610879,0.21590088136415053,0.10899171503095895,0.03295282560552394,0.049524294991681324,64984917.15,1.0222391273757283,True,False
2020-05-14,645.4812622070312,662.690673828125,690.726806640625,659.9678344726562,677.9432373046875,49266771,-0.04042906667604651,-0.038082629826220904,0.2606525631799468,-0.002194936537624592,644.9964996337891,568.5096478271485,623.1215110778809,0.027432977084964394,0.16566302148246326,0.0635015194416848,0.03352656694655323,0.04980767047002435,65682163.6,0.7500783820099373,True,False
2020-05-15,656.0224609375,673.5128784179688,676.8818359375,653.0684204101562,666.40576171875,62152260,0.01633070302216222,-0.056707877508844096,0.26127621802128354,0.0019953034910729084,651.9724853515625,569.3049676513672,623.604698638916,0.03303880692877881,0.183044091809887,0.08003175711790278,0.03352963788766616,0.04982645990451635,66916991.3,0.9287963907606229,True,False
2020-05-18,647.6390380859375,664.9058837890625,683.9427490234375,659.0217895507812,678.40478515625,62796089,-0.012779257687133505,-0.07762123907832041,0.18824095189136236,-0.01339286765495673,657.2391998291016,570.4548040771484,624.0742240905762,0.011664982797670032,0.16557153877371933,0.06542756954589457,0.03286795516626328,0.04985891981695095,68393329.0,0.9181610241548558,True,False
2020-05-19,633.3218994140625,650.2070922851562,674.5743408203125,647.5996704101562,672.4052734375,42315854,-0.022106574572844928,-0.038529686825636844,0.14347551953945814,-0.043926546801859034,661.3183776855469,571.424955444336,624.3982518005371,-0.016801718771641383,0.13786961190653613,0.04133394097468379,0.03354590844880084,0.04993553035914651,68707575.1,0.6158833860518533,True,False
2020-05-20,644.469970703125,661.65234375,667.7210693359375,642.8692626953125,650.7147827148438,55320985,0.017602470967548633,-0.04193256054055072,0.16966910717460992,-0.020943592396522992,666.1172546386719,572.3798858642579,624.7953923034668,-0.006702890305842368,0.15596714715253546,0.058990434149411186,0.03348821101160492,0.04997596809005357,68405042.95,0.8087267051412618,True,False
2020-05-21,647.8638305664062,665.1366577148438,674.4589233398438,657.6372680664062,662.2522583007812,39167981,0.0052660796833212675,0.003690988847917742,0.06696368733817626,-0.008510491951744026,668.2044860839844,573.4333038330078,625.2429847717285,-0.004591152009648547,0.15991982549472095,0.06380507085206255,0.02521536988335187,0.04996737357553968,63229273.7,0.619459606413287,True,False
2020-05-22,643.50341796875,660.6600952148438,672.8667602539062,658.3295288085938,670.0054931640625,37828973,-0.006730289855591098,-0.01908320332836877,0.05413935697845429,-0.03902134833385906,669.9010223388672,574.6582318115235,625.731283416748,-0.013794466370210867,0.14965741138382782,0.055820785573273746,0.025314510950238647,0.04987934143503203,61847497.25,0.6116492126930811,True,False
2020-05-26,640.132080078125,657.1988525390625,669.0363159179688,653.6221923828125,668.3209838867188,33216635,-0.005239067261441965,-0.011591161152132323,0.014501443567909389,-0.03257271306961507,670.3707275390625,576.1810406494141,626.2427351379395,-0.019648642846256226,0.14061172821364143,0.049431499423788994,0.024307159305081576,0.04985869247742779,56759013.6,0.5852222033682417,True,False
2020-05-27,649.7966918945312,667.12109375,671.020751953125,651.6377563476562,660.40625,35667956,0.015097776224963333,0.026013252801348807,0.020634630273057564,0.009898194435102203,671.0451019287109,579.3364245605469,626.8103126525879,-0.0058476072136322,0.1515262384132705,0.06431097300684407,0.02445058040471383,0.049753136095871404,55618266.35,0.6412993129909019,True,False
2020-05-28,661.7986450195312,679.443115234375,682.9043579101562,668.7132568359375,671.4822387695312,40126278,0.018470442022918032,0.026888397891169813,0.04065073787417561,0.04928364120783035,672.3721496582032,582.3780017089844,627.5081895446777,0.010516446256386924,0.1666702953074355,0.08276374166109512,0.02473884175605883,0.04972268758815693,53701910.2,0.7472039234835263,True,False
2020-05-29,658.27001953125,675.8203735351562,679.3277587890625,670.3977661132812,677.4817504882812,40022527,-0.005331927895051325,0.016062437239615868,0.03597260894297993,0.061983563418050114,673.5454925537109,586.1750524902344,628.2214399719238,0.0033774719103534245,0.152932678837292,0.07576776361749094,0.02478908226698041,0.04966836435377171,53828302.95,0.7435219913430319,True,False
2020-06-01,683.42041015625,701.6412963867188,709.9483032226562,681.1506958007812,683.019775390625,39943702,0.03820678372937403,0.06203068941003331,0.046904132204159454,0.10713174384004165,675.1172637939453,590.1017590332032,629.0317933654785,0.03928803781985479,0.18901746291395072,0.11543057725709072,0.02548032511994885,0.049877055130561364,52258193.1,0.764352910625224,True,False
2020-06-02,690.3204345703125,708.7252807617188,710.7097778320312,701.8489379882812,704.248779296875,22153960,0.010096304780634835,0.07840310131946504,0.08016777744651016,0.16679103187822353,677.7472686767578,594.9893872070312,629.8681950378418,0.04570732117510823,0.19115617185809097,0.1251961701592812,0.024905816133434188,0.04954117035926888,50693047.7,0.43702166283444815,True,False
2020-06-03,692.9951171875,711.4712524414062,719.9397583007812,707.6407470703125,713.0172729492188,25381289,0.003874521982249801,0.06647992262110392,0.06545950945927914,0.18243612326534797,679.9328308105469,600.002338256836,630.8120454406738,0.046384613599643965,0.1857807996355758,0.127865673434288,0.024700316516387207,0.04951092389395209,49716924.0,0.5105160769801447,True,False
2020-06-04,710.1441650390625,729.0774536132812,733.5540161132812,711.1712646484375,712.5557250976562,34202350,0.024746187722215707,0.07305149947951839,0.09175072865913014,0.1876047214257215,682.9964141845703,605.7285748291016,631.878328704834,0.0674689331769438,0.20363721295298132,0.15382569791193368,0.025134080153098846,0.04953913176818195,49402586.8,0.6923190103073712,True,False
2020-06-05,710.9981079101562,729.9542846679688,746.7067260742188,726.2622680664062,736.0922241210938,33076685,0.0012026583051525375,0.08010103461315143,0.059552719821442945,0.1918287244812693,685.0477874755859,611.9368292236328,632.9921983337402,0.06555235709593954,0.19285888642143867,0.15318053933281806,0.02432644758075762,0.04953345780525373,48555072.75,0.681219965837658,True,False
2020-06-08,705.5140991210938,724.323974609375,746.891357421875,722.2472534179688,746.891357421875,31414953,-0.007713236536661672,0.03232802621434416,0.014455879426401363,0.20838742773751284,685.5638641357422,617.1158587646485,633.9797398376464,0.056537563458797235,0.17372445436637673,0.14250334686541333,0.023126440136889425,0.04944611133334329,45912681.9,0.6842325845487148,True,False
2020-06-09,690.9722900390625,709.3944702148438,730.5542602539062,707.479248046875,720.0781860351562,25857161,-0.02061163915302222,0.0009442155815377884,-0.015905245547441438,0.22086602176183545,684.990591430664,623.2205895996094,634.8703471374512,0.035626589750977544,0.1382718768495712,0.1173847911048489,0.02351678056489556,0.04934286220967438,43851286.8,0.5896556951209012,True,False
2020-06-10,706.7052612304688,725.5469970703125,728.9620971679688,710.7328491210938,712.140380859375,22132647,0.022769456957532963,0.019783996304285623,0.07287648315896056,0.4244513461985402,687.4547760009766,629.1057147216796,635.5842179870606,0.05541051193348867,0.153299008563766,0.1415434438699097,0.01909970337490954,0.046442714338455225,39923759.05,0.5543728227665476,True,False
2020-06-11,691.219482421875,709.6483154296875,723.608642578125,706.5562744140625,722.708740234375,20385805,-0.02191268340275998,-0.026648935702652254,0.027565232561654218,0.34565114134450337,688.4066192626954,633.4033154296875,636.1877366638183,0.030856321790953434,0.12037354106408005,0.11546996984113211,0.019449091105867185,0.0464376665569761,37621543.05,0.5418652013530317,True,False
2020-06-12,714.189697265625,733.23095703125,735.1692504882812,690.865234375,692.249755859375,38548899,0.033231448717359946,0.004488873388518666,0.1064452632110231,0.5088055320099718,691.9336334228516,638.3193194580078,636.9325984191895,0.0596839373222966,0.1486899028120141,0.15119081493248188,0.01800388337303221,0.04521573159693449,37085649.45,1.0394559505280552,True,True
2020-06-15,725.7648315429688,745.1145629882812,750.837158203125,720.4473876953125,722.2472534179688,53107403,0.016207179802045335,0.02870343811292253,0.10631078761032686,0.47458096351305157,695.5137176513672,643.4784814453125,637.7035050964355,0.07131540914017886,0.1579479104175865,0.16843416577364234,0.017999893297567935,0.04503564965038124,36633406.6,1.4496987293559533,True,True
2020-06-16,727.1807861328125,746.5682983398438,760.8055419921875,731.6156616210938,758.2442626953125,51187003,0.0019510225994405772,0.0524021960782155,0.12281800558812339,0.6077918612583648,699.5968383789062,648.9881060791016,638.5197395324707,0.06714075505226558,0.15035744314372468,0.169217256911254,0.017519717467495022,0.043519095948691,36052952.3,1.419772854496579,True,True
2020-06-17,726.1244506835938,745.4837646484375,754.7598876953125,739.368896484375,742.2070922851562,41782053,-0.0014526918619742757,0.027478258002069822,0.14653281007506536,0.6177201058179684,704.3606719970703,653.7144006347656,639.3419804382324,0.058383572914102455,0.1403814325102255,0.16601722936674812,0.016348201205097165,0.04348703721793618,36026262.25,1.1597665255989746,True,True
2020-06-18,744.3521118164062,764.1975708007812,768.397216796875,740.984130859375,741.6302490234375,40471557,0.025102902356524126,0.07686801220413586,0.15498354690258176,0.7259640939848961,709.4879333496094,659.1194439697266,640.3131074523926,0.07711144175895801,0.1594219800256429,0.193474820219262,0.016687060450718084,0.04307063120279855,35283790.85,1.1470297273910974,True,True
2020-06-19,790.8770141601562,811.9628295898438,825.5308837890625,767.0127563476562,770.7047119140625,105804173,0.06250380871926953,0.10737663461096636,0.2207458725541287,0.9353572981576772,716.8292419433594,665.5072229003906,641.4565431213379,0.13271443473563171,0.22006614150808956,0.26581112671923113,0.020727772181452057,0.04279993996662997,38615600.45,2.739933388760759,True,True
2020-06-22,784.9208984375,805.8479614257812,832.6380004882812,800.7022094726562,818.423828125,60198705,-0.007530970558284555,0.0815088061008078,0.21976182194525173,0.7316192204166925,724.0886352539062,670.5964147949219,642.5900910949707,0.11291342273754323,0.2016884427755572,0.2540622281501723,0.0207629836981469,0.04091428879588129,39734087.05,1.5150393395033348,True,True
2020-06-23,773.5706176757812,794.195068359375,813.9703369140625,791.9798583984375,807.6246948242188,37962078,-0.014460411422756336,0.06379425717036158,0.20845473982651197,0.9650612110276124,730.9384460449219,675.5800988769531,643.6469737243652,0.08654165430308414,0.17557499055937376,0.2338985511947429,0.021220821317264445,0.036615449615120574,39971359.2,0.949731977090236,True,True
2020-06-24,776.6947021484375,797.4024658203125,818.1007690429688,789.9492797851562,801.1175537109375,51586221,0.004038551218358943,0.06964430834568125,0.19528894122951357,0.8488745295872255,737.4525146484375,680.3737463378907,644.746294708252,0.08129330361081588,0.17200651864115635,0.23676936550854855,0.021217466556950157,0.03590293108811128,40767272.45,1.265383183613011,True,True
2020-06-25,772.2221069335938,792.810546875,807.1632080078125,790.572265625,797.0101928710938,39679374,-0.005758596370264102,0.03744185688033008,0.16685345557077103,0.6023875799557219,743.1208862304687,685.3571691894531,645.8719157409668,0.06686618767585095,0.15678449502852376,0.2275042892451209,0.02134974365107831,0.031182409419909702,40744927.25,0.9738481984895433,True,True
2020-06-26,782.8981323242188,803.7711791992188,808.5477294921875,792.3952026367188,797.8409423828125,30921913,0.01382503344263264,-0.010088701221413032,0.18932664754506168,0.6489956161767019,749.5184265136719,690.9191381835938,647.0367964172364,0.07238348086770774,0.16333610516609753,0.24223411040894427,0.02115092695917648,0.031040432389503776,40289896.55,0.7674855397463164,True,True
2020-06-29,774.5820922851562,795.2334594726562,802.8943481445312,791.72607421875,797.4948120117188,25621946,-0.010622077461235224,-0.013171841912145377,0.1333903286022562,0.6323984568703043,754.1980346679687,696.1439440917969,648.2553361511231,0.05440934995641178,0.14234055502721277,0.22672875196706332,0.020396626082401007,0.031119095582630863,39573808.75,0.647447056760742,True,True
2020-06-30,766.0188598632812,786.44189453125,803.47119140625,782.4960327148438,801.625244140625,30276420,-0.011055325749543043,-0.009762304170612968,0.10965689510328103,0.6694194135346421,758.0838653564454,700.6813500976563,649.4419187927247,0.037407509209381296,0.12239592850821701,0.21095031252864072,0.020744340598257558,0.030748192265534355,39979931.75,0.7572904373454815,True,True
2020-07-01,781.0775756835938,801.902099609375,807.1632080078125,788.2647705078125,793.7797241210938,28464103,0.019658420012504507,0.0056428641519605804,0.12710400716495052,0.5749231425115515,762.6054077148438,705.3469213867188,650.7116313171387,0.05152952168577496,0.13689033764098357,0.23234634362721307,0.020981464973222973,0.029307137103556737,40134072.45,0.7092253853745161,True,True
2020-07-02,794.5241088867188,812.4012451171875,815.7471313476562,800.7252807617188,804.3942260742188,28789533,0.013092802117523838,0.024710440999312633,0.11428661123856809,0.6447187046414027,766.771597290039,710.2814501953125,651.9792082214356,0.05950878721696906,0.14377370392228928,0.24605391532864163,0.02059779480663501,0.028887159698409208,39863431.6,0.7222040813967455,True,True
2020-07-03,806.9586791992188,825.1155395507812,827.46923828125,815.9317016601562,821.3773803710938,29434266,0.015650264582939943,0.02655526958907317,0.13036604741089786,0.6751102076922377,771.5296600341796,714.3159204101562,653.3110423278808,0.06945407583452812,0.15511290729318272,0.2629750395932784,0.020687748280702013,0.02886074187837369,39681310.65,0.7417664769094516,True,True
2020-07-06,835.799560546875,854.6054077148438,857.4666748046875,827.0538330078125,833.0072021484375,47016185,0.03574028939040197,0.07465977133502255,0.17986624448780542,0.5499155573970049,778.0437316894531,718.8734411621094,654.7624385070801,0.09840279267997398,0.18881204782487737,0.30521446780518513,0.021402971531162898,0.025230724067801635,40461372.25,1.1620017410556311,True,True
2020-07-07,823.0039672851562,841.5218505859375,860.397216796875,833.607177734375,858.3897094726562,35189589,-0.015309471495026927,0.07003690474490454,0.18625375009066292,0.5440460104073506,784.6501007080078,722.747783203125,656.2033912658692,0.07248039581797405,0.16433681312230553,0.2824100908143343,0.021053140647721357,0.0252835876017208,40927993.65,0.8597926715129853,True,True
2020-07-08,811.517333984375,829.7767333984375,846.8291015625,826.084716796875,841.7987670898438,26204095,-0.013956996100959351,0.03476064447597893,0.143656767582244,0.4878013974216229,789.8615875244141,726.2706457519531,657.5507594299316,0.050534355011649046,0.14251723961570573,0.2619204243909905,0.021368370125132034,0.025348080107662218,41131566.05,0.6370799246531486,True,True
2020-07-09,823.3650512695312,841.8910522460938,846.8521728515625,824.3540649414062,834.8532104492188,36418942,0.014599492080286103,0.03629955924630868,0.18634968045592282,0.5486203641455452,796.4737243652344,730.0504235839844,658.9926438903808,0.057023008407534936,0.1531957588806785,0.27754241272856595,0.02030627441612298,0.025009838062574088,41933222.9,0.8684985193446698,True,True
2020-07-10,847.6475219726562,866.7197875976562,869.7426147460938,841.8910522460938,843.8524780273438,43759967,0.02949162517563475,0.05042233002850205,0.18205563920389278,0.6487821014320609,803.1481658935547,734.3377490234375,660.589073638916,0.07915304349026808,0.18027404794356228,0.3120407560228784,0.020085206970979593,0.02458585955321898,42193776.3,1.0371189980452165,True,True
2020-07-13,873.3515014648438,893.002197265625,898.8632202148438,876.8496704101562,878.3956909179688,69608392,0.03032399864876445,0.044929261158610734,0.19847637078013958,0.6723101668041309,810.5425476074219,738.7936755371094,662.2980570983887,0.10173389404616628,0.20873015949467177,0.34833884486688715,0.020608373983616323,0.024728292024256873,43018825.75,1.618091400367896,True,True
2020-07-14,865.227294921875,884.6951904296875,896.09423828125,870.9886474609375,892.5407104492188,67331128,-0.009302336389959143,0.05130388452027623,0.18501574791884257,0.5810223384086926,817.4488922119141,743.3650756835938,664.0264231872559,0.08226361165627538,0.19012208048128643,0.3323192564886879,0.0209697960787151,0.024298249886575068,43826032.0,1.5363272677754627,True,True
2020-07-15,832.2791137695312,851.0056762695312,913.2158813476562,829.7767333984375,894.3635864257812,139669773,-0.03808036318564545,0.025583921573877344,0.14154823568942088,0.49660649560642356,822.7249877929687,747.0299890136719,665.4142185974121,0.03437441295228916,0.13918542600028938,0.27891116914110525,0.023368082970456575,0.02498673292774594,48720418.0,2.8667605643284917,True,True
2020-07-16,832.00830078125,850.7288208007812,862.543212890625,836.4453735351562,852.3901977539062,60961724,-0.00032532740552759787,0.01049752047026642,0.11323151669970155,0.5039185301363311,827.0515502929687,750.6884497070313,666.8352598571778,0.028628530469987368,0.13326483327776306,0.27577060184698343,0.02301450706652392,0.024954266409313364,49744926.35,1.225486265093244,True,True
2020-07-17,862.8350830078125,882.249267578125,886.0797119140625,848.2366943359375,851.4672241210938,49726765,0.037051109597620036,0.017917532520530965,0.0865636152627649,0.41523989208564416,830.5658721923828,754.5548986816407,668.3236131286621,0.062226726519977626,0.16923138279214944,0.3200929164360964,0.02024033193619994,0.022000810373167687,46941055.95,1.059344831376764,True,True
2020-07-20,866.5361328125,886.0335083007812,891.61767578125,876.6881713867188,885.0643920898438,36592938,0.004289310132321589,-0.007803663850080023,0.09950456005761721,0.4137418007633955,834.5751495361328,757.9955200195312,669.8289445495606,0.061658148811703395,0.16891655016371443,0.32277578553523334,0.02004669230047581,0.022001804617317225,45760767.6,0.7996574340680421,True,True
2020-07-21,889.8480224609375,909.8699951171876,912.3851928710938,893.6944580078125,894.8482055664062,42173371,0.02690246654680095,0.02845590770678097,0.1456505226062037,0.4045435714613461,840.3588958740235,761.7757214355469,671.4140278625488,0.082715967647214,0.1944066600108505,0.35515487815136226,0.02007300482769078,0.021875573557835756,45971332.25,0.9173841378068829,True,True
2020-07-22,904.4942626953124,924.845703125,927.6146850585938,904.8627319335938,915.1541748046876,59771457,0.016459173385406034,0.08676796044317103,0.15982297869317819,0.4149298547324045,846.7310577392578,766.7473693847656,673.0459883117676,0.0922543760167549,0.20619351308253164,0.3741196280581558,0.02016806105046269,0.021914578764385562,46380594.05,1.288716934836241,True,True
2020-07-23,928.7764892578124,949.6743774414062,959.7811889648438,919.0076904296876,924.8225708007812,58333751,0.02684628823220092,0.11630681154952383,0.1978579008373591,0.4545431684647938,854.5742492675781,771.9286279296875,674.7490608215332,0.11128363422527032,0.23026189608802672,0.40744823903147154,0.020345542280958504,0.022056717797670863,47313312.9,1.232924676470922,True,True
2020-07-24,968.65283203125,990.4478759765624,998.22412109375,949.6743774414062,949.7666625976562,120597372,0.042934188289892816,0.12263949926017492,0.23225104558156207,0.5182686262181702,863.9080841064454,778.4837719726562,676.7185182189942,0.14647367491762653,0.27227812786231254,0.46360391996254147,0.021686033415482368,0.022528604548995232,51797085.85,2.3282655775122145,True,True
2020-07-27,973.1889038085938,995.0859375,1014.745849609375,982.0255126953124,1005.515869140625,80304827,0.004682792134684144,0.12307935103758938,0.25131296432103367,0.4847466721696787,873.9007080078125,784.9152331542969,678.697108001709,0.13867162296783975,0.26776229517307404,0.46617088207409063,0.0211568921232534,0.022374827145203773,54531229.9,1.472639204126955,True,True
2020-07-28,982.8927001953124,1005.0081787109376,1012.5306396484376,992.5245971679688,995.0859375,55114422,0.009971240510006307,0.10456239254432886,0.27791790556880436,0.5317323653912971,884.8290222167968,791.7172790527344,680.7320524597168,0.13582189719890891,0.2694028604673113,0.47636382785194376,0.02048979584373262,0.022076375283949724,55773130.0,0.9881895098948186,True,True
2020-07-29,946.311279296875,967.6036376953124,1007.36181640625,955.5123291015624,1005.1005249023438,72663399,-0.03721814588971972,0.04623250605569762,0.20663562069067343,0.44902902771151054,893.1140991210938,798.0652099609375,682.5754023742676,0.08340428020061852,0.21243681044895202,0.41757765417506065,0.0232150088021789,0.022768239956069917,57983094.8,1.2531824879412956,True,True
2020-07-30,951.8177490234376,973.2339477539062,987.47119140625,956.2276611328124,968.6881713867188,72857444,0.005818818614618193,0.024808050919488567,0.1979720041092734,0.45736075961514744,901.1557342529297,804.2968420410157,684.413416595459,0.07998419225588171,0.21004322892054272,0.4219971791247956,0.023215906891654346,0.022752996299590482,60186490.35,1.210528202862721,True,True
2020-07-31,932.9739990234376,953.96630859375,982.5331420898438,947.3668823242188,975.8414306640624,74958061,-0.019797541181771794,-0.036833404632063305,0.1561608803454595,0.3847135609982726,907.5982727050781,810.0734350585938,686.0682307434082,0.05108872205152282,0.177629418899224,0.39048314124683103,0.024046136501293836,0.022760961887452115,62462680.1,1.2000455452759222,True,True
2020-08-03,906.7509765625,927.1531982421876,949.30517578125,924.4302978515624,946.6746215820312,46715383,-0.028106978317806397,-0.06826821352584167,0.08489039487982142,0.29852945098637274,911.2256622314453,815.4032971191406,687.6121806335449,0.01747924435286241,0.13704862553029273,0.34836645474769945,0.024343799608443847,0.022809487983222566,62447640.0,0.7480728334969904,True,True
2020-08-04,970.6613159179688,992.5015258789062,1000.0701293945312,923.1150512695312,932.506591796875,92041055,0.0704827721681962,-0.012444329406426258,0.17941266193842043,0.3768299393534722,918.7746459960938,822.1093505859375,689.470528717041,0.08024479147754571,0.2072621788956981,0.4395126180748319,0.027981647383402024,0.024337828912943008,65290213.3,1.4097220754523099,True,True
2020-08-05,959.76123046875,981.3563232421876,1013.45361328125,977.5950927734376,1000.9931640625,74549993,-0.011229406047360002,0.01421313956573389,0.18267515072752172,0.45114530837738775,926.3536254882813,828.3940551757812,691.2590928649902,0.059375487114776915,0.18464916196670256,0.41966497565313965,0.027872079833586687,0.022785989274335988,67707508.2,1.1010594686159192,True,True
2020-08-06,963.2141723632812,984.8867797851562,1000.3931884765624,972.7493286132812,995.4551391601562,49322975,0.0035975276862789674,0.011973310279756566,0.16985063228497577,0.4261083848329179,933.5034118652344,834.5029284667969,693.0465653991699,0.055043578059615905,0.18020769752678323,0.42109755528172466,0.027859946493399415,0.022706216924650805,68352709.85,0.721595019542594,True,True
2020-08-07,968.7882690429688,990.5863037109376,995.8243408203124,978.4719848632812,982.90234375,32984416,0.005786983887655195,0.03838709479286484,0.14291414351645337,0.4947943932705101,939.6967376708984,840.7982470703125,694.8073329162597,0.05415530777107125,0.178149820319617,0.42569926479219533,0.027408820265161088,0.021866514112431595,67813932.3,0.4863958611643584,True,True
2020-08-10,956.782470703125,978.3104248046876,999.1471557617188,972.8878173828124,996.42431640625,26958997,-0.012392538499938932,0.055176670543217954,0.09552969499994135,0.4525489506639657,943.9621490478515,846.3316296386719,696.4613471984864,0.036387344335238714,0.15594217508137098,0.40468732218943426,0.027163339365541394,0.021971926519717865,65681462.55,0.4104506196018012,True,True
2020-08-11,963.0787353515624,984.7483520507812,996.8396606445312,969.3111572265624,985.2098388671876,46828306,0.006580658943074136,-0.007811750033592357,0.11309337125761809,0.48103419756048793,948.9648071289063,851.8520910644531,698.1525798034668,0.03770797889769817,0.15600861039181613,0.4105059274120171,0.0269570908135998,0.021826035806310106,64656321.45,0.7242649280041897,True,True
2020-08-12,960.2803344726562,981.8870239257812,989.9171752929688,972.287841796875,978.8411254882812,30264617,-0.0029056439841114168,0.0005407828645158652,0.1537960924420405,0.5101142937013101,955.5088745117188,857.2604064941406,699.879222869873,0.027606388718830255,0.14537778309547122,0.40293780961167536,0.0250279780258363,0.021533851198104786,59186063.65,0.5113470153881403,True,True
2020-08-13,957.7753295898438,979.3257446289062,987.1019897460938,973.7646484375,982.0716552734376,24830322,-0.002608527492943602,-0.005646369989313005,0.1511608877986268,0.4801213263727764,961.938720703125,862.2653723144531,701.4923686218261,0.018074980819019704,0.1357591016327666,0.39606043976347216,0.02507058380034749,0.02152514922145846,57379493.55,0.43273860509701206,True,True
2020-08-14,954.0518798828124,975.5183715820312,995.4551391601562,964.1885375976562,979.5564575195312,33224635,-0.0038877493701727772,-0.01521112504025024,0.10571740598883195,0.4666435239542215,966.6021759033204,867.1766540527344,703.098477935791,0.00922426609517868,0.1249361557682207,0.3874562414727889,0.02417379249317498,0.021568469308221545,56554387.05,0.5874811262763037,True,True
2020-08-17,943.9192504882812,965.15771484375,971.4571533203124,955.350830078125,971.4571533203124,30979066,-0.010620667985451693,-0.013444311363198902,0.08930159616052413,0.4608990641850179,970.5583862304687,871.9933288574218,704.6458122253418,-0.005564499223683295,0.10684070955955827,0.369706167408681,0.024435425224609817,0.021615108481073,56273693.45,0.5505070682365172,True,True
2020-08-18,956.1957397460938,977.7105102539062,984.9791259765624,961.0042114257812,962.2271728515624,30547672,0.013005952516463415,-0.00714684292917922,0.07456066855790877,0.4876935747476723,973.9504119873047,877.3596496582031,706.1809352111817,0.003860667052780542,0.1143782491419536,0.38450425592631476,0.023959764261040895,0.021574542360278007,55692408.5,0.5485069298089343,True,True
2020-08-19,962.063232421875,983.7099609375,994.0706787109376,979.002685546875,988.0711669921876,34087543,0.006136223985191425,0.0018565649278368124,0.0636476523744458,0.4745598215279039,976.8936248779297,882.5229089355469,707.7185111999512,0.006977562229891765,0.11465657262540607,0.3899734786781255,0.023784841764563747,0.021547608019310494,54408212.8,0.6265146610366147,True,True
2020-08-20,946.4918823242188,967.7882080078124,980.1795043945312,963.6116333007812,978.379638671875,22537845,-0.01618541395526152,-0.01178110213518968,0.019073727792054518,0.42438445001237857,977.79931640625,887.6857067871093,709.2101945495606,-0.010238408056196913,0.09023745747875811,0.3645999669004787,0.023492388279673336,0.021691270200098253,52618417.5,0.42832616545337954,True,True
2020-08-21,939.6314086914062,960.7734375,979.3026733398438,958.53515625,977.4566650390624,25280895,-0.007248249616775393,-0.015114973240451524,-0.029960626092820797,0.42164023921664207,976.3155944824218,892.2365563964844,710.6838334655762,-0.015919193619621796,0.07681469741647717,0.35189994799077917,0.02138604312824475,0.021709852904871922,47852593.65,0.5283077273701757,True,True
2020-08-24,945.9050903320312,967.1882934570312,971.2263793945312,955.535400390625,965.1807861328124,32717218,0.006676762394392632,0.0021038826940422695,-0.02803541180881053,0.3784654615368488,974.9207122802734,896.6780310058593,712.1878321838379,-0.007931330954244031,0.07863498381027156,0.35805225777484173,0.021420056524709772,0.021297432498473774,45473213.2,0.7194833111111664,True,True
2020-08-25,939.7442016601562,960.8887939453124,974.3646240234376,958.9966430664062,971.9186401367188,19388008,-0.006513209014557542,-0.01720521169832301,-0.04389952808365649,0.3557986712602874,972.7147430419922,900.9644409179688,713.6839918518067,-0.012157674365761317,0.0665113408541278,0.34637851614421056,0.021284003239044603,0.021345677226331773,43686892.5,0.44379462329576314,True,True
2020-08-26,964.658447265625,986.3635864257812,991.278564453125,944.690185546875,962.2271728515624,59870421,0.026511696921630135,0.0026975689925434754,0.019388051056889566,0.3863716672192794,973.6527404785156,905.7820373535156,715.3358699035645,0.013054804263190167,0.08896350970671274,0.37888176439237475,0.020494795361701373,0.021519278071823227,43047243.6,1.3908073082755987,True,True
2020-08-27,952.6076049804688,974.0415649414062,992.2246704101562,970.6495361328124,991.3016357421876,28085062,-0.012492372644275607,0.006461493208794522,0.0008298284182994831,0.3359918896327021,973.6931213378906,909.9789172363281,716.8719633483887,0.0003578577232186131,0.0704001449831837,0.35873854013179907,0.020683623557586392,0.02149718567089221,40808624.5,0.688213884788006,True,True
2020-08-28,955.112548828125,976.6029052734376,984.3330078125,972.0340576171876,978.379638671875,27166900,0.0026296006497272817,0.01647575500695253,0.0237289267721168,0.3378959830582553,974.824951171875,913.27171875,718.4508079528808,0.001823870120912785,0.06934539329666234,0.35931770757711723,0.020140968309427736,0.021493630772478636,38419066.45,0.7071202533084975,True,True
2020-08-31,939.1123657226562,960.2427368164062,1003.3006591796876,950.8511962890624,1003.3006591796876,62076132,-0.016752119381060693,-0.0071811835271490265,0.03568939700251694,0.32570889612519216,976.4794281005859,916.3596142578125,719.9883110046387,-0.016627786328036298,0.047888538381447576,0.33369211991306846,0.01941349655037171,0.021616198603183038,39187103.9,1.5840959351936188,True,True
2020-09-01,942.0687255859376,963.2655639648438,979.4872436523438,951.7972412109376,969.149658203125,38616258,0.0031479823096183246,0.0024735120593639692,-0.029456843291170487,0.35787013348597685,975.0176300048828,919.7410241699218,721.4392088317871,-0.01205318312037107,0.04732260348417472,0.3351999062050446,0.010848013852628647,0.021356302390151526,36515864.05,1.0575200397044966,True,True
2020-09-02,960.5512084960938,982.1639404296876,986.6866455078124,962.2271728515624,965.4576416015624,26949439,0.019619072010689687,-0.004257705833719649,0.0008229601912910223,0.35368755490074255,975.0580108642578,923.4362536621094,723.0064280700684,0.007287699281739446,0.06359690399275464,0.35844427144498847,0.011552770560152444,0.02131654208644925,34135836.35,0.7894764529476659,True,True
2020-09-03,953.2846069335938,974.7338256835938,987.0327758789062,970.5341796875,982.0716552734376,18586429,-0.00756504534552882,0.0007107096525487133,-0.010308752548975453,0.3735449017354444,974.5503631591797,927.0747192382812,724.5179814147949,0.00018825350782214478,0.051408053155058475,0.3453549127658535,0.011644401584631765,0.0210855460656781,32599009.05,0.5701531899786383,True,True
2020-09-04,937.5552368164062,958.6505126953124,967.7420654296876,956.3199462890624,961.5579833984376,28475945,-0.01650021017481562,-0.01838248942450027,-0.03223928182328717,0.3074332221006526,972.9535736083984,930.1723059082032,725.9757481384278,-0.014700661265922621,0.03061605533321443,0.32049936262129597,0.01207422717721234,0.02095479745027806,32373585.5,0.8796042996226043,True,True
2020-09-07,939.992431640625,961.1426391601562,971.8032836914062,943.4210205078124,961.7656860351562,21926473,0.002599619393971908,0.0009371613127047151,-0.01754840305208727,0.28992598843524764,972.0951843261719,933.4904895019531,727.3304267883301,-0.01126694725229771,0.029622315352089368,0.32146628789375664,0.01182975318511764,0.02090161126949243,32121959.3,0.6826007341339231,True,True
2020-09-08,951.02783203125,972.4263305664062,978.8411254882812,960.150390625,965.4576416015624,27397082,0.01173987184265357,0.009510115324642632,-0.012512863269802721,0.30252829209170384,971.4790832519532,937.2101782226563,728.6548908996582,0.0009750568291004846,0.03757551204846554,0.33454992577592857,0.012053724627267722,0.02091986054075828,31150398.1,0.8795098512721736,True,True
2020-09-09,975.51318359375,997.462646484375,1000.4393310546876,960.5888061523438,962.2271728515624,55310877,0.02574623406524368,0.015576529971151665,0.01586294775168673,0.33800720255090755,972.2578643798828,941.1213891601562,730.1275093078614,0.025923968350277216,0.059866089511042775,0.36614856140667706,0.013389033759280973,0.021079962380831874,32402711.1,1.7069829999502726,True,True
2020-09-10,1044.4110107421875,1067.91064453125,1082.194091796875,1003.9236450195312,1007.5003051757812,140304404,0.07062720423183144,0.09559206461549663,0.09045498945390329,0.39742742627697214,976.687109375,946.2315771484375,731.9320237731934,0.09340098203469238,0.12859332780829869,0.45902981403388865,0.020508744118076072,0.0225788543958786,38176415.2,3.6751592119104988,True,True
2020-09-11,1047.006103515625,1070.564208984375,1078.9173583984375,1055.496337890625,1066.9876708984375,59470807,0.002484818806436584,0.11674087147192935,0.09743110962452173,0.31848918444353114,981.4394012451172,951.1405505371093,733.7154042053222,0.09081030130458223,0.12555837134672387,0.4591000854669114,0.02042033170298356,0.02132031400434543,39488723.8,1.5060199793035602,True,True
2020-09-14,1039.2431640625,1062.62646484375,1089.1396484375,1053.142578125,1072.9871826171875,44063445,-0.0074145427934261265,0.1055866440097486,0.10098738113053285,0.3186438580345259,986.3128387451172,955.3009716796874,735.46206741333,0.07737263786987336,0.11234730869723086,0.44484197340194487,0.020304727425747744,0.021319174366400104,40142942.75,1.0976635488438375,True,True
2020-09-15,1046.5999755859375,1070.14892578125,1073.333251953125,1055.9808349609375,1066.964599609375,27178393,0.007079120637754954,0.10049357174226614,0.09454579301120325,0.3474635746504098,990.9347595214844,959.8735131835938,737.2243989562988,0.07993883098622723,0.11488535841759817,0.4515918454357697,0.02022502192975937,0.02116948210518366,39974478.8,0.6798936175247894,True,True
2020-09-16,1049.172607421875,1072.7794189453125,1093.45458984375,1066.3184814453125,1070.6795654296875,33952295,0.0024580627057511073,0.07550836387347104,0.09054443031452797,0.3453424900582809,995.388232421875,964.7335668945312,738.9759959411621,0.07774975030108333,0.11199553509740512,0.4517107792913049,0.020228154065791103,0.021171934535856345,39967716.4,0.8494929922991548,True,True
2020-09-17,1037.528076171875,1060.872802734375,1077.002197265625,1057.6883544921875,1070.6795654296875,25828669,-0.011098848468442224,-0.0065902908945759675,0.09618281557509034,0.3381164099241474,1000.0424621582031,969.1132019042968,740.7346919250489,0.0608277576983014,0.09468408917531157,0.43218997881324994,0.019984467821795072,0.02122981560665243,40132257.6,0.6435887374549295,True,True
2020-09-18,1040.664794921875,1064.0802001953125,1070.42578125,1050.62744140625,1068.0260009765625,33074915,0.003023357232526447,-0.0060566276498387195,0.10752458244903607,0.32385961046206524,1005.2078002929687,973.06041015625,742.4286207580567,0.058567392617909775,0.09353971150100215,0.43324242956694414,0.019789939909069337,0.02120021656613281,40521958.6,0.8162220223975057,True,True
2020-09-21,1018.1653442382812,1041.074462890625,1078.0635986328125,1037.151611328125,1061.4495849609375,33627381,-0.02162030390234193,-0.0202818230734485,0.07639274579048272,0.3091431836645726,1008.9021087646485,976.02185546875,744.0248933410644,0.03188847941389472,0.06665076919884383,0.39924681580968513,0.020677961526066928,0.02138349255790637,40567466.75,0.8289248428360393,True,True
2020-09-22,997.990234375,1020.4453735351562,1050.8350830078125,1016.0149536132812,1050.8350830078125,34792254,-0.019815191026961165,-0.04644545357068708,0.06198072031344082,0.29754706689854227,1011.8799377441406,978.7368591308593,745.5779090881348,0.008464873619405067,0.042614635399891965,0.36866363809409664,0.021236421320815355,0.021522485022966213,41337679.05,0.841659589981262,True,True
2020-09-23,1006.8590698242188,1029.5137939453125,1050.7197265625,1017.74560546875,1042.9896240234375,42988708,0.008886727937959416,-0.04033040179176439,0.043746756382087915,0.2838397535644468,1014.0374481201172,982.307021484375,747.1804957580566,0.015262104820572775,0.04805704472070538,0.3778649199090949,0.02057440542809928,0.021439299984777626,40493593.4,1.0616175150314024,True,True
2020-09-24,984.4724731445312,1006.6234741210938,1027.298583984375,1004.2467041015624,1018.9454956054688,29826318,-0.022234106972475076,-0.05113650616120502,0.03345022466433201,0.2390718012450732,1015.6665435791016,985.4249145507813,748.6593733215332,-0.008903581116437076,0.021512100269938994,0.3445680505609199,0.021053744357166445,0.021680132617903233,40580656.2,0.7349885584156719,True,True
2020-09-25,993.7249755859376,1016.0841674804688,1021.2068481445312,1000.2086181640624,1010.22314453125,28374935,0.009398443015284697,-0.0451056534141262,0.04042713982708945,0.23144471140812217,1017.6406066894531,988.1016125488281,750.1450950622559,-0.001529458630830094,0.02831951145131617,0.35451684503268277,0.021121198223151425,0.021637227257272112,40641057.95,0.6981839654594917,True,True
2020-09-28,1000.2921142578124,1022.7990112304688,1032.836669921875,1018.55322265625,1027.7601318359375,19666849,0.006608550713520511,-0.017554413552142156,0.06514631354719946,0.19680849430307634,1020.7684204101563,990.8369226074219,751.6887351989747,0.0019892766857898536,0.03225766813265052,0.36066827043740424,0.020659399835403755,0.021229131611664537,38520593.8,0.5105541493495876,True,True
2020-09-29,1013.2907104492188,1036.0902099609375,1044.8355712890625,1022.7990112304688,1026.837158203125,25842539,0.012994927238420884,0.01533138062215178,0.07560183683546651,0.23121010968345668,1024.409652709961,993.3613269042969,753.2978025817871,0.01140223271039753,0.04301444187464054,0.3754058572983121,0.020771149933828136,0.021124696153373892,37881907.85,0.6821868397528452,True,True
2020-09-30,1008.4614868164062,1031.1522216796875,1046.2200927734375,1026.837158203125,1042.9896240234375,24465159,-0.004765982955708292,0.0015914577774585048,0.04987790656269464,0.24268635185334198,1026.859066772461,995.4874572753906,754.8689222717285,0.004180860885535598,0.03582643271258279,0.36600168752013595,0.02051091624308227,0.02102767264024795,37757693.85,0.6479516227127838,True,True
2020-10-01,1004.3541870117188,1026.9525146484375,1044.7432861328125,1021.7606201171876,1044.7432861328125,20783227,-0.0040728293485213785,0.020195277628602293,0.05357225489555795,0.21981640250079337,1029.4700012207031,997.0330200195312,756.3854417419434,-0.0024454200406816007,0.030008529334685674,0.3577105771409119,0.02043426403814054,0.021003923311302054,37867533.75,0.5488402581802677,True,True
2020-10-05,998.464111328125,1020.929931640625,1037.9822998046875,1018.0686645507812,1035.6055908203125,18922799,-0.005864519461130313,0.004769057835210644,0.06496571808031448,0.17792387603195614,1032.5839721679688,997.6426611328125,757.909107208252,-0.011286288419599888,0.02334229620991768,0.3470347854787057,0.02003997428078409,0.02075775786936047,37389876.45,0.5060941836837762,True,True
2020-10-06,997.629150390625,1020.076171875,1030.9444580078125,1016.0610961914062,1026.9525146484375,18412175,-0.0008362569645234963,-0.0026621450798950397,0.061316115125575665,0.1422997334144036,1035.5306488037108,998.1424658203125,759.4374186706543,-0.014924210062313925,0.0219745244850007,0.3431997776203559,0.0200613532338155,0.020448557550588848,37214161.55,0.494762591258757,True,True
2020-10-07,1018.91015625,1041.8359375,1065.6031494140625,1024.5296630859375,1031.4521484375,53170865,0.021331510552788924,0.0055455861698365805,0.07137775351389841,0.17762134209635616,1039.0011291503906,998.8790209960938,761.0444703674316,0.0027283977563405948,0.04300512434535775,0.36895540019757656,0.020389070799619814,0.020533120261845637,38502850.7,1.3809591766149407,True,True
2020-10-08,1010.6730346679688,1033.4134521484375,1046.681640625,1025.498779296875,1042.528076171875,21077808,-0.00808427224326047,0.0021929162554357173,0.03604225761312829,0.21434378285055522,1040.7986694335937,1000.1952172851562,762.5314628601075,-0.007095721297544766,0.033211751355346486,0.35524040971674054,0.019855413518657865,0.019872152344484115,36791197.25,0.572903563229381,True,True
2020-10-09,1008.0552978515624,1030.73681640625,1039.7591552734375,1023.1912841796876,1031.4521484375,18545499,-0.0025900918326763334,0.003684982220534261,-0.03480986758149329,0.21159268524137853,1038.9399780273438,1001.3452746582032,764.0298731994629,-0.007895703115274655,0.029352055172057634,0.34907920823818195,0.01153291767910422,0.01988155988347958,30703252.0,0.6040239320577507,True,True
2020-10-12,1009.6800537109376,1032.398193359375,1041.0281982421875,1027.4140625,1031.4521484375,14226473,0.0016118342982232026,0.01123315260266744,-0.03565037510567204,0.17018877917963704,1037.0316772460938,1002.9139123535156,765.599907989502,-0.004468025411743737,0.029398616015475776,0.34848265077577767,0.011517861582321291,0.019384953434863076,28441035.3,0.5002093928697455,True,True
2020-10-13,1029.3814697265625,1052.542724609375,1054.873291015625,1027.2293701171875,1029.4215087890625,23112012,0.01951236584834648,0.03182757683154014,-0.00948944955540676,0.18792654538305453,1036.527490234375,1005.4217028808594,767.3276969909668,0.015450853475558857,0.04686692319600683,0.37169911725702476,0.012363617440948264,0.019503978370781817,27393463.65,0.8437053559672802,True,True
2020-10-14,1032.4503173828125,1055.680908203125,1063.295654296875,1046.912353515625,1051.7120361328125,26742011,0.0029815260895129647,0.013289012410483192,-0.013519630052950649,0.16025466700565016,1035.8040893554687,1006.6852905273438,769.1421519470215,0.019189747416448855,0.04867024296154687,0.3725433010409762,0.012266659756036595,0.019251154163301858,27371644.55,0.9769968680964768,True,True
2020-10-15,995.8914794921876,1018.2993774414062,1056.8345947265625,1012.9921264648438,1056.8345947265625,20036197,-0.03540987666940565,-0.014625389940114975,-0.050784010712535355,0.10104785479419065,1033.0800872802733,1007.4241516113282,770.7080961608887,-0.014307419164161228,0.010795081508303772,0.32125169375258755,0.01448949084885301,0.019778340807883796,26675839.65,0.751099019295537,True,True
2020-10-16,982.0352172851562,1004.13134765625,1030.29833984375,1002.6776123046876,1022.22216796875,21583600,-0.013913422809660458,-0.025812087359760927,-0.05348563459434086,0.05734278138740634,1030.2430145263672,1007.80904296875,772.1989714050293,-0.025345153038597967,-0.003649198564111278,0.3003531276779814,0.014590695262956721,0.019602515008559307,26463586.2,0.8155961870353007,True,True
2020-10-19,982.2156372070312,1004.31591796875,1028.544677734375,994.6013793945312,1010.7077026367188,31200385,0.0001838109256631082,-0.027201011752303272,-0.05616520466746089,0.014001788815503291,1027.254800415039,1008.0836352539062,773.7596873474121,-0.0223302752511072,-0.003737504660719204,0.297968780735691,0.014546405162224158,0.018817973590253768,26369859.7,1.1831835798504458,True,True
2020-10-20,973.0535278320312,994.947509765625,1012.0691528320312,993.2630004882812,1005.608154296875,18482288,-0.009328148678627746,-0.05472007311164018,-0.044307064258328754,-0.0001391113361753904,1024.948452758789,1008.416376953125,775.2837333679199,-0.029270684698740057,-0.013356454233910298,0.2833334003326251,0.013956409456250924,0.018850866454300175,25612605.05,0.7216090656893177,True,True
2020-10-21,958.9263916015624,980.5025634765624,1011.607666015625,968.1112670898438,1000.5316772460938,34082321,-0.014518299857311456,-0.07121313281541075,-0.03914252648352834,-0.024383498317204766,1022.9513122558594,1008.3314611816406,776.6768086242676,-0.04149635302357357,-0.02759895805736956,0.26243316729558686,0.013650859763113851,0.018900098298571383,25577108.4,1.3325322185364785,True,True
2020-10-22,950.9601440429688,972.3570556640624,984.1483764648438,964.9961547851562,981.7947387695312,30802210,-0.008307482423726142,-0.04511671399896089,-0.05551818598001834,0.004912567278138713,1020.0934753417969,1008.1408618164063,778.0249275207519,-0.046796122935439555,-0.03549484750362253,0.24977622344642314,0.013475724514162546,0.018300370866223773,24967783.5,1.2336781917385657,True,True
2020-10-23,953.7133178710938,975.1722412109376,985.3021240234376,967.48828125,971.9186401367188,23422125,0.0028952178939583018,-0.02883995855014987,-0.03124428718257033,0.0019916007466700414,1018.5209136962891,1008.0577917480468,779.4686122131347,-0.0425604147174905,-0.03262268374522781,0.25107313614866955,0.012714954929243308,0.018289161891570017,24647573.85,0.9502811571857811,True,True
2020-10-26,915.8229370117188,936.4293212890624,970.049560546875,931.5374145507812,970.049560546875,37324416,-0.03972930963843424,-0.06759486279674798,-0.07839394485293705,-0.01838323549448939,1014.5381713867188,1007.2760107421875,780.6657795715332,-0.0769895626409931,-0.07033493173427552,0.1995265397735504,0.015031386208581375,0.018831416747132942,25095047.9,1.4873219668172062,True,True
2020-10-27,918.2601928710938,938.9214477539062,950.6204223632812,925.3071899414062,939.1060180664062,36478896,0.0026613075949109,-0.05631057061986766,-0.08200786523605885,0.012692885635330109,1010.3442932128906,1006.7512854003907,781.9015803527832,-0.0706915909148752,-0.06737496999520398,0.20081794351953852,0.014910677031369451,0.018472379933077168,25935650.25,1.406515574060072,True,True
2020-10-28,907.8567504882812,928.2838745117188,949.6282348632812,926.414794921875,942.2903442382812,29924017,-0.011329566778599864,-0.05325706521326379,-0.10405110907599757,-0.06470282381714199,1004.9539764404296,1005.7627526855468,783.0045320129394,-0.07629215240311615,-0.07703494483857865,0.18554087053020862,0.01442156256724021,0.016073364590136363,26139724.15,1.144771720936466,False,True
2020-10-29,914.8300170898438,935.4140014648438,942.3826904296876,918.84619140625,921.6151733398438,30655304,0.00768097685298641,-0.03799330090116815,-0.09284586523887972,-0.046815127889083596,1000.1670654296875,1004.7968334960938,784.1439344787598,-0.06474224777340054,-0.06905160298907309,0.192911097484465,0.014714975157337863,0.016054545844828277,26449231.4,1.1590243790600283,False,True
2020-10-30,927.287109375,948.1514282226562,953.0433349609376,933.0603637695312,938.4598999023438,34021563,0.013616887001761668,-0.02770875938257611,-0.07673294071708625,-0.03729906047730025,996.2270111083984,1004.4040979003906,785.3560530090332,-0.048257658495179157,-0.056006013710343416,0.20728862353563682,0.015279051898870705,0.01615153736725279,27111148.2,1.2548920004797142,False,True
2020-11-02,847.3766479492188,866.44287109375,935.4601440429688,857.9974365234375,935.4601440429688,99366895,-0.08617669572261455,-0.07473756812630661,-0.15131994445359798,-0.1253231870379401,988.5026580810547,1002.5174865722656,786.1923161315918,-0.12347947270496473,-0.135732909700929,0.10207496730192656,0.02393320010871771,0.01955014598697207,31133353.0,3.1916541401756504,False,True
2020-11-03,835.1677856445312,853.9592895507812,881.003173828125,846.8983764648438,872.2346801757812,88691623,-0.014407853026951578,-0.09048910151788736,-0.16284752737521513,-0.12710805497011046,980.1968139648437,1000.2529064941406,786.9788478088379,-0.1287879358671229,-0.14625662769240477,0.0851108539046952,0.023915147785297436,0.019569956480524984,34647325.4,2.5598403910277012,False,True
2020-11-04,863.5121459960938,882.9414672851562,890.2332153320312,847.7752075195312,847.7752075195312,80180117,0.033938594133241295,-0.04884541083988214,-0.15251390789621688,-0.10338365588894638,972.2520904541016,998.6939599609375,787.8781745910644,-0.09185953318673945,-0.11590386776776818,0.12065735003185352,0.024890902490908532,0.020086875342455065,35997788.0,2.2273623312632433,False,True
2020-11-05,882.3783569335938,902.232177734375,904.9780883789062,891.61767578125,902.2091064453124,37205373,0.021848232486501473,-0.03547287476829142,-0.12693977820913815,-0.08112424774993987,965.6930267333985,997.0113317871094,788.775435333252,-0.06571534353280906,-0.09506326661588282,0.14383909198844202,0.025765993332056793,0.020312893797902045,36804166.25,1.0109011231846612,False,True
2020-11-06,915.8455200195312,936.452392578125,941.4596557617188,912.9158935546876,918.3847045898438,66674086,0.0379283910375281,-0.012338783970891165,-0.0914728399407091,-0.04377843867162623,960.9788055419922,996.2595483398437,789.9550028991699,-0.025522324553281184,-0.06003170143902836,0.18545029671475355,0.02761140661794871,0.020930153986764302,39210595.6,1.7004099269535196,False,True
2020-11-09,925.572021484375,946.397705078125,954.8431396484376,939.6136474609376,951.6588134765624,35838510,0.010620200854652984,0.0922794065850463,-0.08330166483671231,-0.029851479328554587,956.6787811279297,995.6554443359375,791.1807539367676,-0.010746633303273745,-0.049472676052773945,0.19618393188791172,0.027787774726524935,0.020974445356768165,40291197.45,0.8894873388777875,False,True
2020-11-10,940.8499755859376,962.0194702148438,964.53466796875,942.0134887695312,958.53515625,36934242,0.01650655433006265,0.1265402016071595,-0.08600435144153096,-0.0032515355580142735,952.1526184082031,995.6909790039062,792.4858711242675,0.010362678856185692,-0.033817227934260896,0.21392633644063053,0.027661971072709898,0.021040187095703235,40982308.95,0.901224039013058,False,True
2020-11-11,901.4249877929688,921.7074584960938,966.8421630859376,912.892822265625,964.0731811523438,56724780,-0.041903529987545096,0.043905505231432995,-0.1269071446362211,-0.057279789028010786,945.4539459228515,994.8598168945313,793.6042860412598,-0.025116493012865893,-0.07353031769519414,0.1614194564067335,0.02885131699671894,0.021657320008022903,42481447.4,1.3352835995884642,False,True
2020-11-12,893.6619262695312,913.7696533203124,926.8993530273438,906.84716796875,914.231201171875,40046527,-0.008612065685931536,0.012787701293152098,-0.10265126979036043,-0.07109850504160065,940.2274597167968,993.4919311523438,794.6951268005371,-0.028139793326663498,-0.08024451465807292,0.14983673927783148,0.028041971976077638,0.021661534204595257,43481963.9,0.9209916804148766,False,True
2020-11-13,901.0640258789062,921.3382568359376,939.9136352539062,914.5773315429688,914.6926879882812,45388670,0.008282835272679145,-0.01613978015537665,-0.08245245107979182,-0.04799598795225224,936.0878051757812,992.4240197753907,795.8580982971191,-0.01575658635684707,-0.07162841842093004,0.15766649708950098,0.0281105065623719,0.021600959643401228,44672217.4,1.0160379905386117,False,True
2020-11-14,903.7269287109376,924.0610961914062,930.0606079101562,920.8536987304688,929.8760375976562,5226220,0.0029553091226444117,-0.023601714973384147,-0.07990993704417315,-0.03821123677619753,932.075064086914,991.7322314453126,797.1142308044433,-0.008597985510274797,-0.06823528882920848,0.15925805923556124,0.02813855404660287,0.021587796385052378,43373509.15,0.12049336340128708,False,True
2020-11-17,899.6422729492188,919.884521484375,962.2271728515624,916.0771484375,962.2271728515624,46542562,-0.0045198036409555,-0.04379843655457294,-0.0754441692094211,-0.04890854479180873,928.3219146728516,990.9070690917969,798.3309651184082,-0.009088865678076763,-0.07167427685475758,0.15225960369448766,0.02810908175794501,0.021573818188319396,44776522.85,1.0394411856390944,False,True
2020-11-18,896.9116821289062,917.0924682617188,925.9994506835938,904.5858154296876,919.884521484375,30402290,-0.003035221440785718,-0.005007001073751849,-0.06467101420929566,-0.04557897434079794,925.1514099121093,989.8003918457031,799.6162577819824,-0.008710943488867584,-0.07345715780977236,0.14691573531233337,0.027989813703144434,0.021562342265107906,44592521.3,0.6817800185700646,False,True
2020-11-19,890.5702514648438,910.6083984375,927.8223266601562,908.323974609375,917.0924682617188,27796343,-0.0070702465112474355,-0.0034595752565490523,-0.06350409745768926,-0.07680249862303834,922.0639770507812,988.0633068847657,800.9425053405762,-0.012423843570943838,-0.07839063338104402,0.13692105533878718,0.027978724806351003,0.021282109267125857,44442227.95,0.6254489093407388,False,True
2020-11-20,857.3287963867188,876.6189575195312,915.5233764648438,874.5421752929688,911.462158203125,57471248,-0.03732607888999351,-0.04853733032858254,-0.10106243751260402,-0.10001894264926514,917.1363128662109,984.2374731445312,802.1585801696777,-0.044178117013005225,-0.10934202218614031,0.0928250089079683,0.028968820531133664,0.021743777949888257,46144684.1,1.2454576105766428,False,True
2020-11-23,880.4375610351562,900.2477416992188,909.1546630859376,888.9640502929688,900.3861694335938,45327567,0.026954452646731575,-0.025770324700754355,-0.03863781149017964,-0.078184452618273,915.3272338867188,980.8311437988282,803.3993083190918,-0.01647442753720829,-0.08215828240068335,0.12054831561002666,0.02858452087370298,0.022047113178399247,46544841.65,0.9738472705707444,False,True
2020-11-24,886.4630737304688,906.4087524414062,911.0006713867188,891.61767578125,906.3856811523438,30936268,0.006843683640415099,-0.014649413842971915,-0.03462770542762339,-0.05606289150749677,913.7015991210938,977.7067895507812,804.6203248596191,-0.007981650340442292,-0.07292374142367741,0.12650491720992263,0.0286323593434412,0.021973775272657245,46267710.25,0.6686362439991289,False,True
2020-11-25,879.128662109375,898.9093627929688,919.74609375,896.3250122070312,913.7696533203124,32637879,-0.00827373922442598,-0.019826905244587523,-0.03164388882032565,-0.06681044519746149,912.2328735351563,974.2819982910156,805.7825862121582,-0.014605383262011995,-0.07736223765835526,0.11557308159088309,0.028584473301878036,0.021989155010348104,46403403.35,0.7033509752253979,False,True
2020-11-26,881.2951049804688,901.1245727539062,906.84716796875,890.7177734375,901.332275390625,25838637,0.0024643307241285495,-0.010414823429991338,-0.036656954735807656,-0.08251103949135763,910.5184020996094,970.8489013671875,807.0111262512207,-0.010317012071410558,-0.0718178992787577,0.11661976327373247,0.028522832290887958,0.021828620818859883,46162570.0,0.5597313364485557,False,True
2020-11-27,871.0044555664062,890.6023559570312,902.7398071289062,886.7257690429688,895.5404052734375,47336811,-0.011676761587710693,0.01595151270406836,-0.060696077179889674,-0.08631225008279564,907.6409484863282,967.4434924316406,808.1825978088378,-0.018772392935457738,-0.07942700227531785,0.10198160461713934,0.028379152155200395,0.021855387136958122,46828332.4,1.0108583537772957,False,True
2020-12-01,882.3331909179688,902.18603515625,907.424072265625,890.7177734375,895.47119140625,19750687,0.01300656698439906,0.0021530667251357105,0.041252764902295125,-0.05889996071697556,909.4281066894531,964.2056091308593,809.3727857971191,-0.00796332495106844,-0.0643219385858107,0.11467305423139806,0.020641247743322624,0.02183875546477515,42847522.0,0.4609528411001224,False,True
2020-12-02,883.8001098632812,903.6859130859376,905.4627075195312,893.002197265625,903.847412109375,22188887,0.0016624929573731961,-0.0030039861686405045,0.058230672285694896,-0.05977960370629709,911.914437866211,961.4578381347657,810.5303569030762,-0.009023351795511947,-0.06008784031643655,0.11493160668132885,0.02026907748947625,0.021836636526769142,39522385.2,0.5614258068614745,False,True
2020-12-03,886.4630737304688,906.4087524414062,914.27734375,903.9166259765624,910.0776977539062,27785372,0.0030130372909882297,0.008342765087167914,0.02657852873124944,-0.06788954191167051,913.0878021240235,959.1771057128906,811.6927418518067,-0.007314794554346693,-0.055014191807951085,0.11668948815966163,0.018921856188766042,0.021780756128725296,36902647.95,0.7529370802238053,False,True
2020-12-04,878.65478515625,898.4248046875,908.6931762695312,895.3096923828125,908.6931762695312,18464552,-0.008808330383396568,-0.002995998719861337,-0.00421994819164595,-0.09928977505668068,912.8974334716797,956.5553259277344,812.7844624328613,-0.0158535102121401,-0.060770683790668745,0.10536660850811086,0.018420383766294082,0.02151855645409901,35965606.9,0.5133947009802857,False,True
2020-12-07,883.8226318359375,903.708984375,906.84716796875,895.5866088867188,895.5866088867188,18242188,0.00588160484876421,0.014716588531684893,-0.034965374067740806,-0.15375973729368053,911.2602630615235,954.4970361328125,813.9239765930175,-0.008286632252737292,-0.05320922940063022,0.11031129486787106,0.01620333762470162,0.019354263757228603,33544012.0,0.5438284484276955,False,True
2020-12-08,899.8679809570312,920.1152954101562,929.5760498046876,899.9246826171875,905.0704345703124,43403061,0.018154418423208085,0.01987312988146739,-0.027770998943619785,-0.14053235883623172,909.946142578125,952.5776586914062,815.170323638916,0.011175554635815432,-0.034078442828319955,0.12873993167804065,0.016586709870198772,0.01952884146435417,33922239.55,1.2794868963773944,False,True
2020-12-09,914.8526000976562,935.4370727539062,938.598388671875,922.653564453125,927.5916137695312,29175254,0.01665201895912416,0.035135171643368546,-0.027631870543120107,-0.11969341654646803,908.6170227050782,950.830419921875,816.41007522583,0.029517441758884377,-0.01618937178012614,0.14579315118710623,0.016594947274077242,0.01966927431712763,33534290.15,0.870012571296369,False,True
2020-12-10,905.8482666015624,926.2301635742188,936.1524047851562,923.461181640625,932.9680786132812,16065507,-0.009842360804220185,0.021868071197926664,0.004906876944995586,-0.13448479808729896,908.8431579589844,948.6332189941406,817.6445942687989,0.01913091985451132,-0.02361614053920269,0.13280289512893506,0.013771279643249841,0.019659245855220667,31501326.5,0.509994618798037,False,True
2020-12-11,905.306640625,925.6763916015624,940.5366821289062,911.1160278320312,928.9991455078124,26944202,-0.000597877281948378,0.03033262970020223,0.013030349867699353,-0.1371232750609369,909.4384948730469,946.5237023925781,818.9700636291504,0.01785485969645717,-0.022025133378402284,0.13029331926927568,0.013612917064720655,0.019650903317889035,30846210.25,0.8735012107362524,False,True
2020-12-14,898.7620849609375,918.984619140625,929.9221801757812,916.7001953125,926.6685791015624,17312747,-0.0072290624689688165,0.016903267567035973,-0.002554585873157489,-0.13374665014319953,909.3208129882812,944.3643444824219,820.3273344421386,0.010627499133760931,-0.026874929671033665,0.12026575314057775,0.013602197523195393,0.019627742262066972,29442414.1,0.5880206338107309,False,True
2020-12-15,891.1118774414062,911.1622314453124,918.2462158203124,905.0473022460938,918.2462158203124,18551265,-0.008511989790022434,-0.009730371845251051,-0.01395888734982742,-0.14370906320964527,908.6758697509765,942.1689904785156,821.7012678527832,0.002736247078969134,-0.03290997617896052,0.10887285573539729,0.013710566861434756,0.019632239556139616,30108666.35,0.6161436971119778,False,True
2020-12-16,892.1047973632812,912.177490234375,920.6691284179688,907.1702270507812,917.461669921875,18561011,0.0011142459092627899,-0.0248649355440399,-0.008378259520622766,-0.12381148251236274,908.2905181884765,940.0110168457031,823.0934208679199,0.004279436995170638,-0.029609787664751197,0.10823081208998042,0.013683923968706335,0.01947352663222219,28709588.8,0.6465091203256802,False,True
2020-12-17,896.189453125,916.3540649414062,925.3071899414062,912.4544067382812,915.846435546875,20252358,0.004578686441778057,-0.01066268301466422,-0.0008051568907899709,-0.10200576267315875,908.2535980224609,937.5013793945312,824.638120880127,0.008918728135602683,-0.022557102227180326,0.11121962681447695,0.0137106240462138,0.019349744595123168,28202092.2,0.7181154453498312,False,True
2020-12-18,898.8750610351562,919.0999755859376,925.2610473632812,906.84716796875,913.8158569335938,18466344,0.0029965607722894916,-0.007104443923698356,0.009325168934317007,-0.10724850799351215,908.6781768798828,935.2151098632812,826.2251231384278,0.011469185649247038,-0.017231473387656737,0.1124086521294867,0.013619976202825826,0.019310523414343944,27735592.25,0.6657995197488527,False,True
2020-12-21,875.4727172851562,895.1712036132812,933.1526489257812,856.1975708007812,927.6146850585938,44135540,-0.02603500446989071,-0.025912746558927724,0.021163409637233066,-0.11071892656300719,909.6057891845703,932.5037976074219,827.6314500427246,-0.0158690564010473,-0.04003479030318913,0.08160607425813748,0.012118491437911686,0.019385112443069473,27068806.85,1.6304944744914014,False,True
2020-12-22,874.1187744140625,893.7867431640625,904.0320434570312,871.5193481445312,899.4631958007812,28140001,-0.0015465873384113982,-0.01906958791925384,-0.007176911683178577,-0.12036150963719949,909.2827392578125,929.7315686035156,829.0380549621582,-0.01704199961653119,-0.038661509034745634,0.07810098440518498,0.01048614125395552,0.019329700612329286,26209428.55,1.073659463666559,False,True
2020-12-23,877.3457641601562,897.0864868164062,900.5938720703125,886.379638671875,890.6947021484375,19501410,0.0036918690924665487,-0.016543933148461365,-0.010284836283730225,-0.12291029130232067,908.8166259765625,926.6224438476562,830.5264189147949,-0.012907047279809292,-0.03187485607256224,0.08014202364397005,0.010396308952393803,0.01931147796071984,25637685.65,0.7606540725332593,False,True
2020-12-24,900.0485229492188,920.2999267578124,922.4458618164062,898.0325317382812,898.5401611328125,20776988,0.02587647933900583,0.0043060449747209795,0.023796129899439133,-0.11175695136381092,909.8861541748047,923.91482421875,832.2226264953613,0.0114451379826217,-0.003912587357816633,0.10583382073299363,0.011761191522368809,0.01955107990641289,25044641.1,0.8295981530356208,False,True
2020-12-28,904.1783447265624,924.5226440429688,931.3067016601562,920.8306274414062,926.0917358398438,17221499,0.0045884142358163515,0.0058999767175209605,0.02596541254840745,-0.10340818299651755,911.0560577392578,922.0392895507813,834.2984802246094,0.014781292752860553,0.0026933282782313217,0.10814374706048757,0.011782379311240286,0.019564168687941717,24613784.2,0.6996688871595779,False,True
2020-12-29,898.197998046875,918.4077758789062,928.6761474609376,914.9464721679688,927.1531982421876,18611939,-0.006614081551666429,0.025957685157691257,0.031220914402360522,-0.1056959666793259,912.4463287353516,920.3248181152344,836.2536978149415,0.006533477044964542,-0.002083006128482001,0.09824061559144814,0.011539701060749063,0.019572306008493023,23177540.6,0.8030161319186729,False,True
2020-12-30,900.6577758789062,920.9229125976562,926.3224487304688,911.7160034179688,920.8075561523438,22043630,0.002738583867436306,0.030360899444010547,0.020768307988896284,-0.09795679012198066,913.3831726074219,918.6569580078125,838.4284732055664,0.008254739321188476,0.0024665949243531937,0.09839174363519465,0.011229838716729524,0.019572552418587952,23292187.75,0.946395857555287,False,True
2020-12-31,896.0540161132812,916.2156372070312,928.4915161132812,913.1235961914062,919.9999389648438,18781189,-0.0051114760271814275,0.02132364122272179,0.013865131612273096,-0.1018164501157427,914.0096588134766,917.0823205566406,840.4830215454101,0.0024135175950092957,-0.0009450442236017542,0.09010606249055497,0.011313446854102526,0.019577786208277617,23121802.85,0.8122718250752665,False,True
2021-01-01,897.0470581054688,917.23095703125,921.6151733398438,914.6926879882812,917.461669921875,10015175,0.0011081668801395939,-0.003334749506472612,0.011939651465957546,-0.11960134603126993,914.5507690429688,915.8168884277344,842.7474569702149,0.002930606018828108,0.0015440516782161406,0.08838175594004505,0.011301399463639693,0.01934912710338227,22233293.0,0.45045846335043577,False,True
2021-01-04,898.5591430664062,918.7769775390624,922.4920043945312,908.231689453125,920.7383422851562,24513534,0.0016855302320109011,-0.0062147385366142505,0.02265317336005812,-0.11092992293747395,915.5683776855469,914.7452868652343,845.0372233581543,0.0035044895954428057,0.004407446238552826,0.0872621372675968,0.011080397056687528,0.019337586393317077,22535742.1,1.0877624482576946,True,True
2021-01-05,887.3883666992188,907.3548583984376,915.4310913085938,902.6936645507812,908.6931762695312,24123091,-0.01243187347948016,-0.012034869227768752,0.004034345222271973,-0.11970267874780482,915.7506713867188,913.3889392089844,847.3601695251465,-0.00916823022970581,-0.006606255617428891,0.07080187508330926,0.01142273260279529,0.019386341779648042,22829787.25,1.0566498380312326,True,True
2021-01-06,863.9861450195312,883.4260864257812,907.3086547851562,879.2264404296875,907.2625122070312,46401468,-0.026372010631973475,-0.040716574274503925,-0.039874577857137106,-0.14429714028154728,913.9162109375,912.3288745117187,849.6795921325684,-0.0333620567693419,-0.03168022945827109,0.03971672923026692,0.01207282535640699,0.019634621925646342,22979707.6,2.0192366590426065,True,True
2021-01-07,862.5869140625,881.9954223632812,897.6171875,879.2264404296875,886.3104248046875,32325918,-0.0016194496455139706,-0.0373495206303901,-0.05713013942594125,-0.16203361465387367,911.2441284179688,911.1903540039062,851.7627067565918,-0.032097552283235964,-0.032040430972889555,0.03549429361824474,0.011253567076087552,0.019423290397647616,23137240.8,1.397137985442067,True,True
2021-01-08,872.7647094726562,892.4022216796875,894.5712890625,882.433837890625,885.1566772460938,27540187,0.011799153433837084,-0.02706922957760205,-0.03652217691118265,-0.15466670397720295,909.5527313232421,910.4727209472657,854.2039282226563,-0.018855981685199974,-0.019847381312838697,0.044718002569375415,0.01158413956910764,0.01950061419507466,23710974.8,1.1614953510894879,False,True
2021-01-11,856.3132934570312,875.58056640625,894.755859375,873.388427734375,894.755859375,33307825,-0.01884985812986395,-0.04701512139378339,-0.054118075873836324,-0.14015407864998763,907.0479400634765,909.2760522460937,856.4253773498535,-0.034692073337407536,-0.037057487389675736,0.02236644261484977,0.012188102379112048,0.019142350125895814,24029155.95,1.3861421129109615,False,True
2021-01-12,883.3036499023438,903.1782836914062,904.5396728515624,876.8035278320312,878.2341918945312,41161546,0.03151933510633853,-0.00460302236591692,-0.017199782368501282,-0.10053770774160076,906.2576232910156,908.3765893554687,858.4674273681641,-0.00339786338947079,-0.00572263279897034,0.05208218145249144,0.01432403639154942,0.019570168407697028,25221595.9,1.63199609426777,False,True
2021-01-13,875.0665893554688,894.755859375,911.4390869140624,885.3643798828125,906.177978515625,26619458,-0.009325317568512292,0.012824811405623526,-0.018005983461680697,-0.10908923838958717,905.4373046875,908.9428491210938,860.5040528869629,-0.01179700157835517,-0.015608230770297604,0.03980435231318591,0.014348307642483814,0.019594195210669754,25625005.55,1.0388078920825834,False,True
2021-01-14,884.9059448242188,904.8165893554688,907.7240600585938,894.8712768554688,897.6171875,21553242,0.011244106283356814,0.02587447328359005,-0.008069592768634282,-0.09058861852057698,905.0692596435547,909.9599951171875,862.592353515625,-0.00027917232343677156,-0.005652342728601378,0.048950394317492485,0.014596469490081152,0.019638940096969877,25774617.1,0.836219677536936,False,True
2021-01-15,874.457275390625,894.1328735351562,910.9083862304688,886.102783203125,904.8165893554688,20593268,-0.011807603823801305,0.0019393181834659323,-0.02424956930558375,-0.08808716382664583,903.9582000732422,910.1838232421875,864.7075825500489,-0.01086922662717138,-0.017634843970150693,0.034029181169351164,0.014766873076825268,0.019611320863454507,25791662.6,0.7984467042462008,False,True
2021-01-18,895.4447631835938,915.5925903320312,921.6151733398438,887.625732421875,899.5093383789062,35100458,0.02400059032840285,0.045697706711339325,-0.0038161085268991757,-0.05837821096825835,903.7828308105469,910.4510314941406,866.7397003173828,0.013067032387518163,0.00564726565189666,0.056363969478679055,0.01578694739209927,0.019858827536064085,26623368.3,1.3184078590085837,False,True
2021-01-19,910.0908813476562,930.5682983398438,937.30615234375,920.5306396484376,920.5306396484376,32006615,0.01635630100761487,0.03032625467531269,0.03954226251211512,-0.04573955347181147,905.552685546875,910.333349609375,868.9228147888184,0.027624690636151694,0.022228064850256857,0.0709447174154445,0.014940893988711429,0.019977015282066756,26016922.05,1.2302229655948098,False,True
2021-01-20,927.3773803710938,948.2437133789062,949.7666625976562,923.645751953125,932.8757934570312,30924537,0.018994215761052535,0.059779272125994654,0.06092837092443615,0.012616426911515877,908.2755340576172,910.3702697753906,871.2011639404296,0.044004465410111715,0.041602241264820705,0.0884325602711713,0.015380428362806422,0.019458248411137455,26156148.85,1.18230467250151,False,True
2021-01-21,947.552490234375,968.8727416992188,978.379638671875,957.6121826171876,960.8426513671876,39087742,0.021754985589943265,0.07079462633347533,0.08002155415089196,0.03189968023093104,911.8648468017578,910.5073352050781,873.2885858154297,0.06251792148519408,0.06410207171037752,0.10945311485382314,0.015938853107418445,0.019651054635191494,27135465.45,1.4404669811919515,True,True
2021-01-22,925.0755615234376,945.8900756835938,976.2337036132812,939.2213745117188,974.2261352539062,30532660,-0.023721036857036304,0.0578853587429391,0.027806314204473104,0.018966397731659423,913.1443542480469,910.9909875488281,875.2929818725586,0.035860399599702,0.03830892798255592,0.08065538656553972,0.016208287822852392,0.019843973200540616,27623249.05,1.105324719215099,True,True
2021-01-25,876.0595703125,895.7711791992188,939.1290893554688,891.61767578125,939.1290893554688,54207104,-0.05298596292825475,-0.021648723834281403,-0.031098713513407206,-0.04237997528746096,911.7067810058594,910.6310180664062,876.9832373046875,-0.017478867261532693,-0.016318177804595546,0.02142337629197333,0.020241359569969572,0.020985197131021004,29472529.3,1.839241669699519,True,True
2021-01-27,855.2977294921875,874.5421752929688,888.38720703125,871.3117065429688,888.38720703125,42370131,-0.023699137010891325,-0.06020635255555873,-0.04776266244474969,-0.07763449037636394,909.5135009765625,909.6950964355469,878.6377511596679,-0.0384505844564641,-0.0386425311956915,-0.004661279191900958,0.020825880918319713,0.021112287848775637,30660438.9,1.3819153449887505,False,True
2021-01-28,846.9703979492188,866.0275268554688,887.6026611328125,863.0046997070312,867.6889038085938,34067814,-0.009736120999136011,-0.08670364523744012,-0.059609099731641524,-0.0004793671367587793,906.7687316894531,908.5344250488281,880.3395251464843,-0.044930094532568576,-0.0467862273805143,-0.016257361940705928,0.02085583344078897,0.017964460276121946,31261648.1,1.0897638502942524,False,True
2021-01-29,831.3538818359375,850.0596313476562,882.8953247070312,844.544677734375,874.2191162109375,43712383,-0.01843809233846372,-0.12263025394148963,-0.07220571574290446,-0.004566562189605494,903.4609313964844,907.1379272460938,881.9198574829102,-0.05910748123472864,-0.06292129805631308,-0.036125987939750304,0.021142475636593397,0.018027246586719517,32508207.8,1.3446568100256822,False,True
2021-02-01,855.4331665039062,874.6806640625,879.1571655273438,852.8516845703125,858.11279296875,34180952,0.028963888893077216,-0.07528296728309658,-0.0463899442583906,-0.009356003233211285,901.3334167480468,906.2896911621094,883.4954028320312,-0.02957035897072169,-0.03487739892426456,-0.009977118999460188,0.022347039038254402,0.017879739846826576,33716496.65,1.0137753146426025,False,True
2021-02-02,869.1991577148438,888.7564086914062,895.3096923828125,856.0591430664062,883.4260864257812,41470034,0.01609243831175,-0.007830984821462383,-0.03267448965478659,-0.014936032404439636,899.832388305664,905.8526513671875,885.096067199707,-0.012308936373265356,-0.01887309448173291,0.004135530172764135,0.022705937595590336,0.01777567663103512,34564321.65,1.1997930820088871,False,True
2021-02-03,871.38818359375,890.9946899414062,900.84765625,876.8496704101562,889.91015625,30301696,0.00251844175536875,0.018812717228789966,-0.01803061757547486,-0.04854245981642502,899.0143798828125,906.140166015625,886.7226666259766,-0.008920535778806582,-0.016714275166517245,0.004817767128571182,0.022569774467646957,0.017065523837806663,34873251.9,0.8689093889749926,False,True
2021-02-04,868.5220336914062,888.0641479492188,895.3096923828125,879.1571655273438,887.9256591796875,25626981,-0.003289067853345151,0.02544563586074977,0.005250084409667455,-0.06163746680270199,899.2462829589844,905.896494140625,888.0460272216797,-0.012435008319378937,-0.019684750196900636,2.0405167056258833e-05,0.02176177188303677,0.017003714446285383,33834527.55,0.7574209795638185,False,True
2021-02-05,868.2738647460938,887.810302734375,897.4556884765625,886.0797119140625,890.7177734375,20248046,-0.0002858410796449107,0.04440943904943473,0.006592869105276122,-0.0771389454975333,899.5370269775391,905.5245251464844,889.3514318847656,-0.013036399716158553,-0.019562388339778858,-0.0017328685771883512,0.021757015299141657,0.016849577225262615,33230633.95,0.6093186795793886,False,True
2021-02-08,880.7761840820312,900.5938720703125,908.6931762695312,890.2562866210938,892.1022338867188,21183400,0.014398987369897975,0.02962590699954104,0.009179325411367234,-0.022907036534380754,899.9466094970703,905.5582153320313,890.6153775024414,0.0007192233032622397,-0.005482080751593177,0.011204044776156774,0.021835355461275442,0.016095002658930515,32912794.6,0.6436220399224318,False,True
2021-02-09,882.8973999023438,902.7628784179688,918.2000732421876,900.9861450195312,905.4396362304688,19604141,0.0024084178395196165,0.01575962726073099,0.031044901011549886,-0.01204545900856846,901.3057250976562,905.5909814453125,891.8610238647461,0.0016167137073879179,-0.0031229363866126514,0.012223714526710783,0.02134629860909157,0.016060897262473894,32227610.4,0.6083026559114666,False,True
2021-02-10,891.0892333984375,911.1390991210938,915.9617919921876,889.4486083984375,901.6553344726562,21234156,0.00927842837069659,0.022608899252825276,0.008814223695847279,-0.011069938363212906,901.7037658691406,906.0017163085937,893.1522085571289,0.010463894694793252,0.005670389713423152,0.020138662135787966,0.020265701812086076,0.016070189366795603,31231240.9,0.6799011306656086,False,True
2021-02-11,927.8286743164062,948.7052001953124,952.6279907226562,910.1930541992188,913.7696533203124,42539278,0.04122982002468745,0.06828454046493193,0.06029504054658763,0.026669344814405527,904.4012329101563,906.932099609375,894.6339669799804,0.0489870708630018,0.04605978838319813,0.060439503988274135,0.02203358770708649,0.01692855200816388,32027231.9,1.3282221246226404,False,True
2021-02-12,921.4647827148438,942.1980590820312,958.9966430664062,930.1067504882812,948.6129150390624,30497029,-0.006858970639078921,0.06126056003196512,0.04131386423097139,0.02425688994271802,906.2703063964843,907.7023425292969,895.9939279174805,0.03964352846161656,0.038003335384827475,0.051567460141098254,0.022056008196010935,0.01694318342229477,32474421.25,0.9391092381669466,False,True
2021-02-15,917.402587890625,938.0445556640624,951.2896118164062,934.5371704101562,945.1747436523438,15791099,-0.004408312432754857,0.04158443084634489,0.04911091340964946,0.022846210308603565,908.4658905029297,908.33505859375,897.4035247802734,0.03255891659813215,0.03270764107278601,0.045287353750632864,0.021868906820248876,0.01694902218213294,32234312.8,0.4898847727257893,True,True
2021-02-16,929.5438842773438,950.4589233398438,959.6427612304688,939.1521606445312,941.3442993164062,21421660,0.013234304917417283,0.05283341402501973,0.03808061945452024,0.04376252730671348,910.2092071533203,909.3757409667969,898.8170193481445,0.04422029119261972,0.04517734586736344,0.057455414038723784,0.02144350976546772,0.016997572766863676,31550372.9,0.678966935443099,True,True
2021-02-17,940.2632446289062,961.4195556640624,967.2805786132812,946.3515625,950.6896362304688,23742994,0.011531936893920403,0.055184171759800726,0.03315313596998526,0.09673598479376011,911.7517700195312,910.5299523925781,900.2850881958008,0.05447511842337005,0.055890092509052414,0.06790567595735375,0.021301248940915073,0.016293068819144687,31137191.85,0.7625284294864888,True,True
2021-02-18,933.244873046875,954.2432250976562,973.0262451171876,950.2742919921876,962.2271728515624,18646877,-0.007464306840991308,0.005837456041353661,0.006326972311128554,0.059978471366693986,912.0517456054688,911.2125109863281,901.6116702270508,0.046259962436866475,0.047223576929107614,0.058374970742505417,0.020999882588701706,0.01599090775752481,30523308.85,0.6109061468937041,True,True
2021-02-19,938.931884765625,960.05810546875,971.43408203125,947.5975952148438,949.30517578125,23403483,0.0060937088345569546,0.018955724026983756,-0.009097826629955064,0.05918891767410628,911.6110137939453,911.704931640625,902.8419485473632,0.05314447822781054,0.053035990209149064,0.06337339222379423,0.020451456772217755,0.015986632456592632,29739095.9,0.7869601375474229,False,True
2021-02-22,906.3447265625,926.73779296875,964.488525390625,920.6691284179688,959.919677734375,23804335,-0.03470655818663315,-0.012053545460117387,-0.020247894768324337,0.03095799346145034,910.6533996582032,911.7150842285156,903.871337890625,0.017662475445195502,0.016477416026243086,0.025298351789192486,0.021246870257752338,0.016601291641176276,29402679.65,0.8095974681001566,False,True
2021-02-23,913.27294921875,933.8218383789062,947.4130249023438,929.2760620117188,945.1516723632812,25644108,0.007644066599963528,-0.017504265100143357,0.042478101621558295,0.03628495616879546,912.5559326171875,911.8779931640624,905.1591305541992,0.02330367378219611,0.02406445311691585,0.031665932383798445,0.017384245132906234,0.01662436798818223,27974529.85,0.9166948698514051,True,True
2021-02-24,930.2208251953124,951.1511840820312,953.112548828125,935.06787109375,936.8446655273438,10807663,0.018557443176964394,-0.010680427209470156,0.08759898716536885,0.06798637766900462,916.3863830566406,912.5213244628907,906.4618292236328,0.03793683719898944,0.04233310343939434,0.04930086785526755,0.0166186334031654,0.016699955786819737,26396406.45,0.40943690651497755,True,True
2021-02-25,967.8405151367188,989.6171875,993.1476440429688,956.6891479492188,958.0736694335938,34855693,0.04044152397822298,0.037070174010115364,0.14270869783236928,0.0969103366010402,922.5658660888672,914.0904235839844,908.0964617919922,0.07267916999291413,0.08262504667742698,0.08977099805800237,0.01810331630208254,0.017389108574500742,26435800.4,1.3185034110032092,True,True
2021-02-26,941.4141845703124,962.5963745117188,984.7944946289062,955.627685546875,976.9951782226562,37481215,-0.027304308503919628,0.002643870228801859,0.1323868808893447,0.06518908901059617,928.1927032470703,915.0988012695312,909.541879272461,0.037065224865800994,0.05190431150854247,0.05833100866305996,0.01884831229590453,0.01778748059848144,26124242.0,1.4347292832458067,True,True
2021-03-01,948.590576171875,969.9342041015624,974.6876831054688,951.8433837890624,973.85693359375,17680764,0.007622955772678575,0.04661125451076642,0.10890093259481959,0.07008477300009597,932.9553802490234,916.1704040527344,911.0670208740235,0.039636219089779656,0.058683187986645846,0.06461344981082218,0.018092853632394563,0.01780535218266608,25299232.6,0.6988656248806534,True,True
2021-03-02,950.5313110351562,971.9186401367188,982.99462890625,964.1193237304688,979.3026733398438,17150760,0.0020459491239350758,0.040796648988149276,0.09357145628661012,0.08180299015094783,937.113491821289,917.22677734375,912.6755786132812,0.03714080377584317,0.05962741618965173,0.06491141311510873,0.017925217751389035,0.017756128131443786,24083268.9,0.7121441890307507,True,True
2021-03-03,993.9055786132812,1016.268798828125,1024.4835205078125,972.4724731445312,978.8642578125,31924461,0.04563155480294889,0.06846189736801889,0.1406002867367897,0.124553165232689,943.377197265625,919.6487292480468,914.4486608886718,0.07726665619412465,0.10506192909012091,0.11134593148236793,0.020115855130305657,0.01864304723760455,24164407.15,1.321135701853956,True,True
2021-03-04,982.0577392578124,1004.1544189453124,1010.6615600585938,995.7781982421876,1006.0696411132812,21435754,-0.01192044850415741,0.01468975239004977,0.13072284391187017,0.0913354271517619,949.1817108154297,921.8560827636719,916.1437496948242,0.057915894821294334,0.08927460340112403,0.09606644075212567,0.02043355684031837,0.01860915699186524,23954845.8,0.8948399909967276,True,True
2021-03-05,983.3441162109376,1005.4696655273438,1020.8145751953124,993.6322021484376,994.99365234375,25511666,0.0013098051028972435,0.044539219293624255,0.13252759337280562,0.07486617198874002,955.0646789550781,924.0237463378907,917.8677975463867,0.052776516274702034,0.08814266896520917,0.09544061597446984,0.02040934944312277,0.01850432837927138,24218026.8,1.0534163749459555,True,True
2021-03-08,988.9407958984376,1011.1923217773438,1030.021484375,1000.5316772460938,1000.7623901367188,19506841,0.005691525509124773,0.042537027255367565,0.12280613175035726,0.09172899085392072,960.5946014404296,925.8415942382812,919.6377648925782,0.05267333405896912,0.09218718198687448,0.0995550208787479,0.020323286464018382,0.018453360937276824,24134198.85,0.8082655289798443,True,True
2021-03-09,988.9181518554688,1011.169189453125,1021.6683349609376,990.6555786132812,1015.2996215820312,15154484,-2.2876285470707636e-05,0.04038460391178922,0.12008281867452397,0.09235711165070004,966.0149169921875,927.5745251464843,921.3580053710938,0.04674283146841174,0.09012177678493183,0.09747696721412669,0.02035316829058858,0.018452332971854758,23911716.0,0.633768149471163,True,True
2021-03-10,984.8109130859376,1006.9695434570312,1022.268310546875,1001.5700073242188,1018.5301513671876,11519358,-0.004153257476491201,-0.00915038952471714,0.10517652510838116,0.09574145473586282,970.8064392089843,929.3457604980468,922.995637512207,0.03725058135946524,0.0835251918697999,0.09097974305833434,0.020456514534385673,0.018431534324353717,23425976.1,0.49173438711055456,True,True
2021-03-12,964.7939453125,986.5020751953124,1018.2532348632812,980.1795043945312,1012.9921264648438,16864952,-0.020325806668841206,-0.017579311923499485,0.03984048468609491,0.08268543312039367,972.6962829589844,930.65734375,924.5490460205078,0.014193322703290434,0.060005685035795286,0.06700891579680501,0.019352789304763605,0.01860467565820423,22142259.8,0.761663540773738,True,True
2021-03-15,951.8401489257812,973.2570190429688,991.7169799804688,960.150390625,987.6327514648438,16698099,-0.013426283112198512,-0.03203741255334669,0.03296436419238402,0.06696013600697381,974.2492309570313,931.7981713867188,925.9071246337891,-0.0010184374619294223,0.04449337735289838,0.05113892435799894,0.01956789088198207,0.018704156950228805,21452313.3,0.7783822083187644,True,True
2021-03-16,948.0940551757812,969.4265747070312,981.148681640625,967.0729370117188,975.6106567382812,13873801,-0.003935696595031124,-0.04130346539509122,0.033454721157411216,0.057917034251404376,975.8183319091797,932.8420837402343,927.2106311035157,-0.006550150774112917,0.039218311013704765,0.04553004698972485,0.019560278210424213,0.018710793869310842,21356448.4,0.6496305350097444,True,True
2021-03-17,927.6708374023438,948.543701171875,970.5341796875,939.1983032226562,968.249755859375,19210236,-0.02154147006075957,-0.061933738621051115,-0.002015049910035871,0.03203538936791572,975.7225708007812,933.4374182128906,928.395993347168,-0.027855120340816164,0.016183498394467755,0.021701631598029625,0.020032860435727377,0.018935695663705347,21245877.2,0.9041865308343211,True,True
2021-03-18,906.7960815429688,927.1993408203124,962.1348876953124,923.461181640625,956.6430053710938,20647480,-0.022502242464098154,-0.07921808872476865,-0.03559342499551488,0.03577878407812074,974.0115600585938,933.8343078613282,929.3866027832031,-0.04806125631143976,-0.007105079546939397,-0.002353446839389095,0.020450795545286504,0.0188564764566613,21091101.5,0.978966413868901,True,True
2021-03-19,939.6990966796876,960.8426513671876,967.2344360351562,915.0618896484376,918.84619140625,41787429,0.03628487323676288,-0.026010511759992583,0.006915874376635989,0.07502450524802251,974.3415313720703,935.3826391601563,930.5410446166992,-0.013854361710183505,0.02721882055657021,0.03256342847614002,0.022067835433870787,0.01940261058009914,22248129.1,1.8782446295675261,True,True
2021-03-22,930.8527221679688,951.7972412109376,957.150634765625,938.3214721679688,955.7661743164062,18572478,-0.009414038961924942,-0.02204944573955725,-0.008604546131902091,0.06098715697824142,973.9284881591797,936.7786755371094,931.6784109497071,-0.02272368784495904,0.016032138717522848,0.021594178876295222,0.0221360315850844,0.01944998694893859,22006578.85,0.8439511714470783,True,True
2021-03-23,942.1815185546876,963.3809204101562,973.626220703125,948.8436889648438,951.589599609375,17421165,0.012170322309908332,-0.006236319959252223,0.039539908396335255,0.04681190598821061,975.76064453125,938.1982495117187,932.9483432006836,-0.012687255005084719,0.026841524071851364,0.03261978804214083,0.020727090569788838,0.01923422233777834,21687420.35,0.8032843334454021,True,True
2021-03-24,924.0374145507812,944.82861328125,959.8042602539062,941.644287109375,959.8042602539062,16822814,-0.019257499018153323,-0.003916622804026049,0.01178680391695619,0.021963733791832807,976.3109832763672,939.5832104492188,934.0447512817383,-0.0322462519979716,0.0055826911056908735,0.011545337613335649,0.02121835235662005,0.01940327046453263,21246355.65,0.791797627655734,True,True
2021-03-25,898.8297729492188,919.0538330078124,947.920654296875,916.0771484375,947.920654296875,22001648,-0.027279847277196234,-0.008785066440290534,-0.03374579310984771,0.0007034534613863386,974.7061157226562,939.9007214355469,935.0917788696289,-0.0570964743291702,-0.02217988341991506,-0.017151199726302524,0.02166980597664428,0.01971348305855082,21806054.9,1.0089696692453984,True,True
2021-03-26,900.274169921875,920.5306396484376,929.3222045898438,910.8622436523438,928.5376586914062,20180202,0.001606877189981315,-0.041954852505131646,-0.06981138638678142,-0.0004259563355982765,971.2517883300782,940.4162170410157,936.0282772827148,-0.05222245074971543,-0.021145506672723413,-0.0165568049709639,0.019327686252880213,0.019711556835637904,21072280.35,0.9576657895973749,True,True
2021-03-30,915.9132690429688,936.5216064453124,945.5670166015624,919.0999755859376,926.691650390625,20441701,0.01737146609588347,-0.01604925303858895,-0.02708795582118506,0.022162871286699914,969.9480499267578,941.0503173828125,936.9853125,-0.034462096690610844,-0.004812400414565654,-0.0004948914870931409,0.01900289108324428,0.019822575916589733,20220304.65,1.010949209412629,True,True
2021-03-31,904.0880126953124,924.4302978515624,946.0285034179688,922.5381469726562,931.3067016601562,16250796,-0.012910869872660102,-0.04043117497283499,-0.04691442580081984,0.0078489945908653,967.6728546142579,941.6562658691406,937.8746224975586,-0.04468716525062921,-0.018293265432348438,-0.014334884774037215,0.01905561792423724,0.019898463300057057,20148806.25,0.806538898551372,True,True
2021-04-01,912.55078125,933.0834350585938,936.8446655273438,924.453369140625,931.3067016601562,11723312,0.009360508009248258,-0.012431014532748974,-0.03995725925439819,0.015571197221170063,965.7310943603516,942.0060827636719,938.8126208496094,-0.03380615938785925,-0.009471964001443345,-0.006102587101812551,0.019211536819379996,0.019931999711094345,19877433.85,0.5897799529087604,True,True
2021-04-05,899.3489379882812,919.5845947265624,934.5371704101562,905.5088500976562,934.5140991210938,14875099,-0.014466916703095967,0.0005775088462587341,-0.09513644836193991,0.013478449159032735,960.8968841552735,941.7864086914062,939.5895559692383,-0.04299346798801296,-0.023574149892110707,-0.021291170294075568,0.01578655990822595,0.019956013477864368,19024965.75,0.781872577089922,True,True
2021-04-06,895.6028442382812,915.754150390625,925.2841186523438,908.6931762695312,924.845703125,14009194,-0.004165407247906705,-0.005188843317194491,-0.08803453620961632,0.03659396576757046,956.4768707275391,941.1366174316406,940.1085125732421,-0.042575750217502484,-0.02697001324875059,-0.02590590538953319,0.015699220612409893,0.01965436681587213,18653637.75,0.7510167286271011,True,True
2021-04-07,903.97509765625,924.31494140625,944.64404296875,919.9076538085938,922.9996948242188,24266353,0.009348350768569658,-0.01303404529596952,-0.08071324964192739,0.047981563135072625,952.4191345214844,940.2454614257813,940.7008474731446,-0.02950821974965312,-0.016942937427609994,-0.01741882779303261,0.015956059818515004,0.019682571077089116,18591372.1,1.305248094087687,True,False
2021-04-08,905.1034545898438,925.4686889648438,933.1526489257812,919.7691650390624,928.076171875,15369188,0.0012482190938496451,0.0011232768070179588,-0.08477480590618613,0.037053322461387594,948.1329528808594,939.8370336914063,941.3572155761718,-0.02390409894219092,-0.015288123591095215,-0.016878318186155594,0.015843403414581077,0.01963126198880542,18384489.45,0.8359866637471405,True,False
2021-04-09,894.5872802734375,914.7157592773438,925.93017578125,913.7696533203124,922.2843627929688,14037885,-0.011618901661089587,-0.019684923224573825,-0.0953880232722939,0.044696278529480216,943.3102813720703,940.2159252929688,941.9437820434571,-0.0303129549835236,-0.02712160614348158,-0.028906207870542655,0.015890730336265667,0.019530550109418263,18328659.5,0.76589807345158,True,False
2021-04-12,862.5869140625,881.9954223632812,905.185791015625,876.965087890625,904.0781860351562,20901482,-0.035771043170736094,-0.04087625279809981,-0.12410913706952931,-0.023453687616965202,937.0615753173828,940.364990234375,942.3897064208984,-0.058764711310940965,-0.062071183505615024,-0.06408631550846255,0.017322803624099537,0.01967492649576438,18797765.7,1.1119131035876249,False,False
2021-04-13,871.9071655273438,891.525390625,895.5866088867188,885.0874633789062,887.9256591796875,19411189,0.010805008756376022,-0.026457712209428608,-0.09627621366281303,-0.0036104471584645914,932.3127410888671,940.8749475097657,942.8284774780274,-0.04374857133908816,-0.05245070773260596,-0.054414019175850536,0.017409848427650962,0.019688399897700454,18925077.55,1.0256861008212883,False,False
2021-04-15,877.5490112304688,897.2941284179688,905.0011596679688,882.8491821289062,888.9871215820312,19723716,0.006470637688652525,-0.029233340042271627,-0.07805018524263663,-0.0083137964378599,928.5145965576172,941.8196374511718,943.338780822754,-0.03362410053153231,-0.04727604656205897,-0.0488103037220905,0.017465667607302365,0.019652341292183576,19076358.4,1.0339350722200733,False,False
2021-04-16,872.0425415039062,891.663818359375,899.8785400390625,889.0563354492188,893.7406005859375,15656948,-0.006274765297439977,-0.03652729801510646,-0.08021521008040944,-0.0027613962631966027,924.6264587402344,942.1593005371094,943.8648904418945,-0.03564968325238027,-0.053595482365824676,-0.055305661447032195,0.017473679141277752,0.01960868758834556,19165515.75,0.8169332985468967,False,False
2021-04-19,858.3216552734375,877.6342163085938,884.4182739257812,872.2346801757812,878.6956787109375,18478808,-0.01573418340176136,-0.040538869690017854,-0.07475616018078701,-0.04145771211371674,921.0809844970703,941.9368566894532,944.2435510253906,-0.04716932486908243,-0.06826640227972236,-0.07054253602734506,0.017213631609698358,0.019459704784351495,19128944.35,0.9660129519902126,False,False
2021-04-20,858.073486328125,877.3804321289062,885.6181640625,872.4423828125,881.6954345703125,17203668,-0.0002891685111764408,-0.005232442388430125,-0.053730526433863,-0.057156327274232255,918.5900390625,941.6645715332031,944.5684469604493,-0.044861804701966546,-0.06826649461774958,-0.07113091173831709,0.016646371352178287,0.019333285101660606,18956753.75,0.9075218376986092,False,False
2021-04-22,860.4430541992188,879.8032836914062,883.5183715820312,866.0967407226562,873.2730712890625,14490954,0.002761460677463523,-0.013148371383316482,-0.08434197582764469,-0.07217599096293936,914.5380706787109,941.4993542480469,944.8418856811523,-0.037980690034616904,-0.06552959412905368,-0.068835434769976,0.013999476990208277,0.01916448409945407,17591930.0,0.8237273568050805,False,False
2021-04-23,859.5177612304688,878.8572387695312,885.572021484375,874.7037353515625,879.6187133789062,11828857,-0.0010752914195837349,-0.02054720861814152,-0.07663397127376348,-0.09290745735277617,910.8910705566407,941.32029296875,944.9631448364257,-0.035167576917329635,-0.0663568550107656,-0.06995606805209054,0.013963342157055244,0.018928872932585113,17254748.95,0.685542109843331,False,False
2021-04-26,874.6376953125,894.3174438476562,905.4627075195312,882.1569213867188,886.0797119140625,20846778,0.017591258734775295,0.002976038091535127,-0.07168864890234328,-0.0545228596448335,907.4378967285156,941.1947644042968,945.2271228027344,-0.014458788781205989,-0.04980618499966938,-0.05385973140944533,0.014338962585034736,0.018856175213442822,17426029.6,1.196301078244467,False,False
2021-04-27,897.5661010742188,917.7616577148438,921.7074584960938,894.5020751953125,895.3096923828125,19992524,0.026214644507349227,0.045722284592582874,-0.028647476575044406,0.024549214159003796,906.0845489501953,941.4947399902344,945.6670474243164,0.012887438350182467,-0.025207875591144346,-0.029508683617006315,0.015300764990573777,0.01788530501270135,17584515.1,1.1369391698495,False,False
2021-04-28,901.47021484375,921.7536010742188,926.691650390625,913.8389282226562,922.0074462890624,17122437,0.004349651487200568,0.05057460517741874,0.0029375516095404564,0.05398416121604921,906.2195373535156,941.7070300292969,946.066360168457,0.017141612027112174,-0.02118857385450057,-0.025698788285748897,0.014063119293523791,0.01760482347692425,17340554.55,0.9874215354894749,False,False
2021-04-29,913.543701171875,934.0987548828124,943.5364379882812,926.36865234375,933.5679931640624,17412606,0.013393116982897135,0.06171319452639201,0.014739449888986345,0.07860169095837999,906.8979431152344,941.4149011230469,946.4032550048828,0.029993244525554852,-0.0077714366232218834,-0.013001329039181053,0.014367031226833964,0.017618343897014086,17202174.75,1.0122328282939923,False,False
2021-04-30,900.2064819335938,920.46142578125,939.6136474609376,917.2540283203124,926.9224243164062,19828769,-0.01459945110757932,0.047338959248908186,-0.01714875615632705,0.08281983032411633,906.0949340820313,940.9801684570313,946.540551147461,0.015855393467985257,-0.02180571213251692,-0.02755204236585118,0.014207458904174686,0.017551878156694855,17171528.15,1.1547469058541537,False,False
2021-05-03,884.206298828125,904.1012573242188,913.3081665039062,896.7403564453125,907.3086547851562,23640186,-0.01777387731717861,0.010939978353177615,-0.021990885169590024,0.033635810725566095,905.078482055664,940.3013024902343,946.6375814819336,-0.0010797126998597362,-0.03849834629617721,-0.04493411733255448,0.014465480664908851,0.017347286891726675,17540997.65,1.347710459330687,False,False
2021-05-04,865.0466918945312,884.5105590820312,908.139404296875,881.9262084960938,899.9246826171875,21849830,-0.021668699256284896,-0.03623064698039924,-0.0520563050972096,-0.004777292819330037,902.6498382568359,938.9823352050781,946.8051058959961,-0.020095587907969392,-0.058011502539235704,-0.06579447705345154,0.014950383169186636,0.017463935246394346,18047323.55,1.210696419303681,False,False
2021-05-05,866.6263427734375,886.1258544921875,894.617431640625,880.5647583007812,887.625732421875,12393609,0.0018262025179582864,-0.03865213712266535,-0.0363846245644468,-0.005464494350172822,900.9769012451172,937.4764611816406,946.9820910644531,-0.01648327136068206,-0.0547753557723768,-0.0642633447311135,0.014709549698818275,0.017462518564004353,17923249.05,0.6914822734106906,False,False
2021-05-06,871.546142578125,891.1561889648438,893.002197265625,879.8955688476562,886.9334716796875,14624666,0.0056767720376909026,-0.04597219051357804,-0.026860878998242854,0.003481776651794055,899.7470031738281,936.2147204589844,947.0266256713867,-0.009548033145629353,-0.0481284159600166,-0.05899563453871648,0.01478884421967312,0.01747175075746589,17954022.65,0.8145620780978574,False,False
2021-05-07,871.884521484375,891.5023193359375,902.5321655273438,888.8486938476562,894.2713012695312,12288548,0.00038840595552147583,-0.03146151010155929,-0.03549939593142515,0.004158564718376612,898.1063720703125,934.8436047363281,947.0539697265625,-0.007353307959670041,-0.04636207081142196,-0.05865732277819824,0.014585006878051365,0.017471644974632494,17355132.4,0.7080642035320918,False,False
2021-05-10,869.379638671875,888.9409790039062,898.4478759765625,886.5181274414062,894.8482055664062,13941237,-0.002873060761007462,-0.016768341153712063,-0.039469417384389915,-0.012939120982045083,896.2799865722657,934.0876684570312,946.9493246459961,-0.00818829794072129,-0.048332389964745315,-0.06125813085486431,0.014570207425485928,0.01737607365832797,17283734.85,0.806610210176882,False,False
2021-05-11,872.5164794921875,892.1484375,894.6405029296875,881.4646606445312,883.772216796875,13478264,0.003608179363817632,0.008635146680324057,-0.024671403710342377,-0.011757728603739026,895.1516204833985,933.2542004394531,946.7858383178711,-0.003354943357837703,-0.04404562328259243,-0.05770829960336532,0.014433375483621664,0.01737966318012219,17255753.8,0.7810881029144029,False,False
2021-05-12,863.4895629882812,882.9183959960938,892.0330200195312,880.0802001953125,890.7408447265625,13177961,-0.01034585850956693,-0.003619642153350644,0.001046460797199389,-0.03097299100897144,895.1977691650391,931.8895446777344,946.4520584106446,-0.013716938973606263,-0.05255037891703773,-0.06712824157331476,0.012164841095809573,0.01738580423096489,16869577.75,0.7811672108983285,False,False
2021-05-14,874.3895874023438,894.0636596679688,896.232666015625,879.6187133789062,889.7947387695312,13291616,0.01262320925967475,0.0032625826304391037,0.002847107967602902,-0.057595911265263866,895.3246826171875,929.9784741210938,945.9701373291016,-0.0014084532390333804,-0.038618973936001555,-0.05487115883772831,0.012255331999837553,0.01659997108312543,16563599.1,0.8024594123387109,False,False
2021-05-17,884.7930908203125,904.7012329101562,906.1318359375,890.8792724609375,894.0636596679688,11873078,0.011898004272020257,0.014805248722235875,0.008254934761745325,-0.03979718044463765,895.6950378417969,928.8205712890625,945.5182138061523,0.010054979304183753,-0.025967704769320754,-0.04316889965735149,0.012459563187828537,0.016661454284767514,16171067.2,0.7342173434292575,False,False
2021-05-18,897.250244140625,917.4385986328124,924.1995849609376,910.3084106445312,914.231201171875,12064918,0.014079085182280293,0.03205794344281321,0.02890638797126699,-0.021966927804045078,896.9837768554687,927.7706591796875,945.0803659057617,0.022804004158304414,-0.011136438132254067,-0.02924806002763325,0.012707170307057395,0.016759370994437965,15991465.7,0.7544597991414883,False,False
2021-05-19,901.3573608398438,921.6382446289062,930.5913696289062,910.0776977539062,913.7696533203124,16317002,0.004577577183205728,0.03305482124874115,0.050139371850606906,-0.030322908232229273,899.1839782714844,926.7650512695312,944.8505389404297,0.024971826567223854,-0.005531937823509914,-0.02456715994209424,0.01205185073632967,0.016678540990032232,15883375.4,1.027300658020083,False,False
2021-05-20,896.0991821289062,916.2617797851562,928.030029296875,914.231201171875,922.030517578125,11422532,-0.005833595638074729,0.03776496666087126,0.04431526648241624,-0.04696989531039364,901.1280456542969,924.7649108886719,944.565678100586,0.016794210549590627,-0.009194911056199628,-0.029964987053463177,0.012182878703530452,0.016618954108773773,15594318.6,0.7324803534538534,False,False
2021-05-21,903.8397827148438,924.176513671875,927.4300537109376,916.5386962890624,919.3076782226562,10785605,0.008638070539813025,0.03368088354590926,0.05043539937051755,-0.03150843583165519,903.3467071533203,923.1653527832032,944.4167291259765,0.023058485024199493,0.0010953193657272653,-0.021431445282458217,0.012266673664734558,0.016637316450142058,15409051.15,0.6999525730044708,False,False
2021-05-24,896.2120971679688,916.3771362304688,927.5223999023438,914.6926879882812,926.691650390625,8551760,-0.008439272504792705,0.012905811217648777,0.042691686210001745,-0.045498255771669105,905.2227020263672,921.3835021972657,944.3628488159179,0.012322309393182573,-0.005433531157067573,-0.029634491255706275,0.01248923589186854,0.016646996209483143,15245196.3,0.5609478442727562,False,False
2021-05-25,886.0568237304688,905.993408203125,921.6151733398438,904.5396728515624,921.3382568359376,14780102,-0.011331282303765677,-0.012475156862533643,0.013055726952204694,-0.022384308617836357,905.8065002441406,919.2795239257813,943.9303082275391,0.00020634424563525933,-0.014452748458834375,-0.04019036118847574,0.012281954190181242,0.016100788585589554,14941862.5,0.9891740069218279,False,False
2021-05-26,889.1710205078125,909.177734375,913.5389404296876,906.9856567382812,911.462158203125,7480204,0.003514734371180994,-0.013519957886430234,-0.009353107386526727,-0.02639058436102526,905.3773040771484,917.2396948242188,943.5694152832032,0.0041976204624716296,-0.008789371518383549,-0.0364484905415049,0.010756072158080925,0.016075277558384726,14316246.5,0.5224975694571897,False,False
2021-05-27,891.9017333984375,911.9698486328124,919.7691650390624,905.5780639648438,909.2931518554688,26819294,0.003071032376009253,-0.0046841756875968255,-0.010614281766845646,-0.04119359372614706,904.8881164550781,915.3397009277344,943.2048306274414,0.007826085953561934,-0.0036815318853825607,-0.03311579943229381,0.010730032774094433,0.015890317533128234,14801089.35,1.8119810890811223,False,False
2021-05-28,945.476318359375,966.7498779296876,971.4571533203124,918.3847045898438,918.3847045898438,56469931,0.06006780748179241,0.046066269406331406,0.03495467998024626,-0.023107227581687928,906.5206726074218,914.9446569824219,943.0856484985352,0.06643996892980808,0.056621152494757965,0.025092343912589188,0.017094241905565622,0.01691779338430021,16753955.6,3.3705431927968106,False,False
2021-05-31,975.039306640625,996.9780883789062,1011.4691772460938,962.250244140625,970.0726318359376,59124142,0.031267870976051215,0.08795609248828562,0.08312859230652925,0.035717684771696456,910.3465057373047,915.4190783691406,943.1789868164062,0.09516330550578345,0.08909472386687267,0.05704018252579268,0.01783138599954539,0.017019814180932805,18718724.25,3.1585561713694243,False,False
2021-06-01,978.9209594726562,1000.947021484375,1016.22265625,990.609375,999.608642578125,28013832,0.003980963224500034,0.10480607521148899,0.1071182717373731,0.03197414551592126,915.1887939453125,916.0494873046875,943.2599801635743,0.09370550437944614,0.09267789061209264,0.06115709617066223,0.017071026784579044,0.01700128440681813,18937406.55,1.4792855571873436,False,False
2021-06-02,993.52197265625,1015.8765258789062,1019.6838989257812,995.4551391601562,995.4551391601562,24630162,0.01491537920997188,0.11735746209981124,0.14851825729837542,0.04522794802660024,921.7570922851562,917.3961437988281,943.4299276733399,0.10210871647368136,0.10734771749996974,0.07679065087985082,0.015960254038257467,0.017099892497431296,19076423.15,1.291131036795019,True,False
2021-06-03,997.313232421875,1019.7531127929688,1038.3746337890625,1013.4998168945312,1024.9910888671875,23974257,0.0038160020586248677,0.11818731104075497,0.15079941254773455,0.0034285358055483606,928.4384552001953,919.2472192382812,943.6320645141601,0.09835294637067094,0.10933499873730379,0.08066814507622788,0.015932052201021663,0.016065932634599225,19655455.55,1.2197253296426396,True,False
2021-06-04,988.6699829101562,1010.9154052734376,1022.8912963867188,1008.031005859375,1022.1298217773438,14468646,-0.008666516834967886,0.04568454400876809,0.13438633742498585,0.006733014564857864,934.426416015625,920.2486743164062,943.8090496826172,0.08185662128855475,0.09852416361738525,0.07110162337751147,0.01632065384966392,0.016029835398839263,19647654.55,0.7364057609614273,True,False
2021-06-07,1005.3245849609376,1027.9447021484375,1034.6826171875,1008.3771362304688,1016.22265625,16336573,0.01684542226398622,0.03106047578225435,0.15304770369429122,0.02235277442140049,941.24853515625,921.7716235351562,944.1229846191407,0.0921076248769892,0.11518371351690004,0.08878262566937778,0.016413669709582374,0.016172294180264116,19850055.8,0.822998845172012,True,False
2021-06-08,999.5473022460938,1022.0375366210938,1027.829345703125,1014.4458618164062,1027.5755615234375,9674735,-0.0057465790864018595,0.021070560862893828,0.1497248532364066,0.01072517523144123,947.9033630371093,922.944755859375,944.3446197509766,0.0782085774508241,0.10736588526303636,0.08227178430963566,0.01651937181636398,0.01617742763602264,19636730.7,0.4926856281631443,True,False
2021-06-09,981.674072265625,1003.7621459960938,1024.9910888671875,995.8935546875,1024.068115234375,11409161,-0.017881330156834907,-0.011925051494158234,0.1251066569245589,-0.007325226613201341,953.4840484619141,924.1234265136719,944.4448806762696,0.05273092676829183,0.08617757887911703,0.06280648721114357,0.017433857390886022,0.016346967121276326,19533275.55,0.5840884684596588,True,False
2021-06-10,985.284912109375,1007.4541625976562,1029.1446533203125,1004.93896484375,1012.2537231445312,14155653,0.003678178756082451,-0.01206071355999816,0.14105014366708635,0.0004812649436856109,959.7108367919922,925.8914331054688,944.6432104492187,0.049747615610192364,0.08809102944026992,0.06649172031688888,0.017016624736507915,0.01634444474404008,19582160.15,0.722885161369697,True,False
2021-06-11,1002.3753051757812,1021.3683471679688,1028.2216796875,1006.1157836914062,1007.4080200195312,13762778,0.013811233390942146,0.010340075776868574,0.142388840127198,0.035343333632373186,966.0760711669922,927.9081872558594,944.9461849975586,0.0572338738648035,0.1007213441973207,0.08087461845312127,0.01704024927113024,0.016213645675568114,19605718.25,0.7019777508023711,True,False
2021-06-14,1016.75537109375,1036.02099609375,1042.1820068359375,1013.0151977539062,1022.22216796875,20332436,0.01434609655410779,0.007856739694686699,0.14515262984795196,0.06448859430009435,972.6420593261719,929.8981750488281,945.2903485107422,0.06516162462837127,0.11412305550481316,0.09598177716079448,0.01708742496220918,0.016199738515821765,20028686.15,1.0151657401651382,True,False
2021-06-15,1019.0653076171876,1038.3746337890625,1049.865966796875,1033.8980712890625,1043.451171875,15174215,0.0022718050157155556,0.015984830872239675,0.1318192142084187,0.07112251807504655,978.6888610839844,932.1770617675782,945.677777709961,0.06098544192990074,0.11392424934820244,0.09802160763846524,0.017031505525591618,0.016186394030303048,20184151.0,0.7517886187038534,True,False
2021-06-16,1001.6732177734376,1020.6530151367188,1037.01318359375,1017.9993896484376,1036.02099609375,10797349,-0.01706669064870836,0.01682756139788788,0.10743344374525221,0.07602107723213658,983.639599609375,933.9284533691406,945.8492248535156,0.03762904171613535,0.09285996315319434,0.07908637901013038,0.017819177979139338,0.016089509517573257,19908168.35,0.5423577302630154,True,False
2021-06-17,1003.5075073242188,1022.5220947265624,1031.4521484375,1006.0234985351562,1015.2996215820312,15745975,0.0018312585786985913,0.014956444360758159,0.11597156760846428,0.10280718472245254,988.9526153564453,935.9872033691406,946.0916275024414,0.03394447706477588,0.09245307098850741,0.08078548102775995,0.017649577902197768,0.015781875320142462,20124340.5,0.7824343361711654,True,False
2021-06-18,1008.0366821289062,1027.1370849609375,1031.4521484375,1008.0771484375,1027.06787109375,29369026,0.004513340355358553,0.00564804833531829,0.11140790721892135,0.06899613948175509,994.1006439208984,938.2148620605469,946.3442984008789,0.03323249133984851,0.09477810094064787,0.08537356509314975,0.01763687209658186,0.015122875997932838,21053511.55,1.3949704271542291,True,False
2021-06-21,1013.2905883789062,1032.490478515625,1037.2208251953125,1015.368896484375,1016.9149169921876,12186448,0.005211956254983274,-0.0034077664366229943,0.1267091219263612,0.08477986046904729,999.9063110351562,940.3783728027344,946.705537109375,0.03258722054342855,0.09795217369616527,0.09061417520402548,0.01733300264424651,0.015066263296259928,21235245.95,0.5738783543498351,True,False
2021-06-22,1008.08203125,1027.1832275390625,1043.451171875,1024.2296142578125,1040.2205810546875,12871913,-0.0051402420525877845,-0.010777811673964188,0.13376457073379333,0.06622749711686482,1005.9658020019531,942.4126635742188,947.025125427246,0.02109159724404641,0.08995057817171159,0.08464200152625678,0.017057988718643086,0.015023529564305636,21139836.5,0.6088936875174035,True,False
2021-06-23,998.842529296875,1017.7686767578124,1038.6514892578125,1016.0841674804688,1038.3746337890625,16653951,-0.009165405478636535,-0.0028259735053248747,0.11943862929888138,0.077199253336806,1011.3953491210938,944.4737219238282,947.2031491088867,0.006301519620647955,0.07760401706538467,0.07449883133867607,0.017404258566284126,0.014846290878154273,21598523.85,0.7710689450658915,True,False
2021-06-24,975.3587036132812,993.8399047851562,1022.0375366210938,987.6096801757812,1018.4609375,91461975,-0.023511012393192532,-0.02805043537868601,0.08977276636401976,0.08137289578847562,1015.4888519287109,946.7106115722656,947.2986795043945,-0.021318744270246714,0.04978215374032824,0.04913046569970003,0.018597554896374786,0.01473063869182642,24830657.9,3.683429386701832,True,False
2021-06-25,953.1431274414062,971.2033081054688,993.8399047851562,960.4273071289062,993.8399047851562,55355022,-0.02277690458060344,-0.05445599976326032,0.004606600194580146,0.05504723718526483,1015.7115234375,948.304169921875,947.3614434814453,-0.04381974045288062,0.024147461236493584,0.02516659801607224,0.014289226139614745,0.015057851183358353,24774912.45,2.2343175626438994,True,True
2021-06-28,944.7867431640624,962.6886596679688,981.37939453125,960.3811645507812,979.3026733398438,20277042,-0.008767112268294852,-0.06760529060568954,-0.03439336241250035,0.02794068288715379,1013.9970520019531,949.612060546875,947.3691735839843,-0.05060013954940523,0.01377046445004404,0.016170555799308373,0.012406836740622696,0.014954050180091277,22832557.45,0.8880758121118841,True,True
2021-06-29,945.6019897460938,963.5193481445312,973.3031616210938,961.8118286132812,964.3038940429688,27144063,0.000862883828764538,-0.06197908774957117,-0.03739226206431945,0.04228447551298831,1012.1256683349609,951.0491711425781,947.324638671875,-0.04802399712912275,0.01311202131323208,0.017095205604871433,0.012351490692947555,0.014848971668815348,22789069.0,1.1911001278727096,True,True
2021-06-30,955.951171875,974.0646362304688,979.6026000976562,965.0192260742188,967.4190063476562,19762858,0.010944552495229853,-0.04294103515404557,-0.0411584366636123,0.04392018937652842,1010.0350738525391,952.9777795410156,947.2076486206055,-0.035613057955373395,0.022127333020932838,0.02835385424618808,0.012097439868483557,0.0148658519449707,22545703.8,0.876568687999884,True,True
2021-07-01,950.19921875,968.20361328125,979.8333740234376,966.8421630859376,977.4566650390624,12534407,-0.006017078057468872,-0.025795192344835627,-0.05055096068354381,0.052870631841265725,1007.4575988769532,954.7942431640626,946.7091134643555,-0.03896341209740328,0.014044251118178641,0.022704439527616138,0.01204707937461273,0.014758169607769111,21973711.3,0.5704273997629158,True,True
2021-07-02,964.284912109375,982.5562133789062,984.3330078125,965.8960571289062,967.76513671875,14086620,0.014823948083621863,0.01168952492098052,-0.028052982224423206,0.07294759511577009,1006.0396392822265,956.8493017578126,946.2690734863281,-0.02334244594981849,0.02686620722183508,0.03834759151420419,0.01255095948096121,0.014849607753344792,21954610.0,0.6416246975008894,True,True
2021-07-05,973.8640747070312,992.3169555664062,993.8629760742188,983.6868896484376,985.9713134765624,11702287,0.009934029274451195,0.03077661256408315,-0.034659205410143334,0.07357017734312321,1004.258251953125,959.11849609375,945.9175259399414,-0.011890662947996455,0.034613511894375115,0.04905229933271249,0.012111151605113129,0.014855191609190679,21722895.7,0.5387075075815053,True,True
2021-07-06,962.3599243164062,980.5948486328124,991.7169799804688,978.4719848632812,989.8941040039062,10070124,-0.011812865705698838,0.01772201100181725,-0.04054908602016016,0.05956566691589371,1002.1861175537109,960.8440441894531,945.4697555541992,-0.021544170830865017,0.020555681812047366,0.03715094308651268,0.012292638632833485,0.014951223502935247,21742665.15,0.4631503971811846,True,True
2021-07-07,955.679443359375,973.7877197265624,981.956298828125,968.2266845703124,981.956298828125,10454892,-0.006941836290228154,-0.00028428965964522046,-0.029862080761957732,0.06457958097921868,1000.6873962402344,961.9645654296875,944.9747970581054,-0.02688119847890469,0.012290633898343062,0.030490678437305796,0.01178132474394144,0.014896016353520884,21694951.7,0.4819043685633096,True,True
2021-07-08,947.7760009765624,965.7345581054688,976.9721069335938,960.3811645507812,976.9721069335938,11185460,-0.008269935487946967,-0.0025501404269847594,-0.04141092075555697,0.09494282353281491,998.601416015625,962.8441845703124,944.4991058349609,-0.03291288935008074,0.00300191202426614,0.022483295261285674,0.011810575275673535,0.014144805412907769,21546442.05,0.5191325776220209,True,True
2021-07-09,938.0836181640624,955.8584594726562,965.3192138671876,953.5048217773438,963.6116333007812,9037675,-0.010226514677270093,-0.027171731797857368,-0.06413933609452172,0.07216066925761466,995.3259216308594,963.2793786621094,943.9579971313476,-0.03965280246447822,-0.0077038077984810105,0.012606982913936582,0.011325070556717942,0.014173647033796359,21310186.9,0.4241011607458028,True,True
2021-07-12,943.92626953125,961.8118286132812,969.8419189453124,957.3814086914062,959.8042602539062,8585292,0.006228295708037734,-0.03074131383325296,-0.0716290188714993,0.07190251017140215,991.6154632568359,964.10638671875,943.561683959961,-0.03005563723831861,-0.002379984343095165,0.019341761077800168,0.010794354567415081,0.014172171340908273,20722829.7,0.4142914903170777,True,True
2021-07-13,950.99169921875,969.01123046875,970.5572509765624,963.6347045898438,969.149658203125,6717133,0.007485249859994658,-0.011812848272875098,-0.0667999786042569,0.08674503833932734,988.1472930908203,965.4045861816406,943.3045132446289,-0.01936559737183996,0.0037358889099277093,0.02725176956452713,0.011005857454576481,0.01415957689702086,20299975.6,0.330893648955913,True,True
2021-07-14,944.7867431640624,962.6886596679688,972.3109130859376,960.4965209960938,969.3111572265624,8532544,-0.006524765247274522,-0.011397822989296147,-0.05679144097858324,0.09691331739220632,985.2490753173828,966.9681481933594,942.9703875732422,-0.02289818505249197,-0.004425676826466551,0.02091080733242534,0.010559930929942741,0.014018974931904344,20186735.35,0.42268072831301073,True,True
2021-07-15,943.1336059570312,961.0042114257812,966.8421630859376,959.2274169921876,966.8421630859376,9448356,-0.0017497331305101893,-0.004898185158629165,-0.060162889015353715,0.09531074119577454,982.1731811523438,968.4657153320312,942.7422912597656,-0.021553194622689453,-0.007704458493599686,0.019371062840103148,0.010506318855151254,0.014023645993094615,19871854.4,0.47546423246740377,True,True
2021-07-16,956.7438354492188,974.8722534179688,975.956787109375,963.4270629882812,963.4962768554688,8828185,0.014430781704496853,0.019891850887423512,-0.05088398842590369,0.10805707535857323,979.5599395751954,970.1400366210937,942.5362316894531,-0.004785502109508011,0.004877869810792301,0.03430745751869391,0.011099141250510617,0.014120413621176534,18844812.35,0.4684676523191805,True,True
2021-07-19,950.6520385742188,968.6651000976562,980.2256469726562,965.5730590820312,969.149658203125,8354449,-0.006367145334734703,0.007125376586661236,-0.061816917197849874,0.10218708723826753,976.3686706542969,971.6832922363282,942.2655621337891,-0.007890022271483055,-0.0031061480245538897,0.028017088838612203,0.010974294912502802,0.014155215444592858,18653212.4,0.4478825856290577,True,True
2021-07-20,948.3195190429688,966.288330078125,972.8416748046876,961.7656860351562,968.9188842773438,6741464,-0.0024536550550769975,-0.0028099781560919634,-0.059283383751144614,0.08047577146748441,973.32392578125,973.2302392578125,941.916552734375,-0.0072284216146004665,-0.007132853973979891,0.025874667212290703,0.01096480681374742,0.014010091249821974,18346689.95,0.3674485162376661,True,True
2021-07-22,960.5029907226562,978.7026977539062,980.1795043945312,968.2958984375,977.9181518554688,7972397,0.012847477599959856,0.016634701079226044,-0.03838394705597947,0.06640181524994304,971.3706268310547,974.9613244628906,941.6543051147461,0.007548170307322577,0.003837458160790952,0.039343942291694356,0.011408533000628582,0.013711685874107626,17912612.25,0.44507171197210504,False,True
2021-07-23,953.709228515625,971.7802124023438,985.04833984375,970.095703125,985.04833984375,9937030,-0.007073123807106452,0.011213271334758135,-0.0221964244709828,0.0542733017476944,970.2676422119141,976.7385607910156,941.3784436035156,0.0015589205747204016,-0.005076433538833913,0.032294948971268944,0.010308211073572845,0.013745954403624973,13836365.0,0.718182123700842,False,True
2021-07-26,940.6425170898438,958.4659423828124,978.8411254882812,955.8123168945312,972.8416748046876,12389668,-0.013700906696399007,-0.016829190673582795,-0.013115035354958948,0.026086307654972662,969.6307739257812,978.0266064453125,941.0661236572265,-0.0115145185602612,-0.020000134897755317,0.018489475168828484,0.009467889749968112,0.013776028557816528,11688097.3,1.0600243719737001,False,True
2021-07-27,930.7462768554688,948.3821411132812,961.627197265625,942.3826904296876,958.44287109375,10824523,-0.010520771603487633,-0.020939083055981023,-0.014861002475734852,0.030333389917272413,968.9154479980468,978.900224609375,940.707653503418,-0.021192052337684397,-0.031175887724687934,0.008158206836397675,0.009555056745901437,0.013710054433609219,11215471.35,0.9651420490677818,False,True
2021-07-28,922.7523193359376,940.2366943359376,949.7666625976562,930.4990234375,949.7666625976562,12897848,-0.008588781277325541,-0.026960519889628665,-0.02416417880287458,0.039968351685147896,967.7513153076172,979.3561865234375,940.1996572875977,-0.028431499432200358,-0.03994409054214276,3.9392748181654724e-05,0.009705969612510556,0.013551903407496372,10503160.6,1.2279968374471966,False,True
2021-07-29,929.9537353515624,947.5745239257812,957.3352661132812,943.0287475585938,947.920654296875,13765738,0.007804236565162048,-0.031805546157748665,-0.027195435825697944,0.07129814810712887,966.4268096923828,979.874912109375,939.7704626464844,-0.019507204868004724,-0.03296378730021854,0.008304220646943916,0.009523225238205296,0.013256731412405697,10203304.6,1.3491450603170272,False,True
2021-07-30,921.8238525390624,939.2906494140624,954.3585815429688,937.352294921875,949.7666625976562,11350608,-0.008742187872885165,-0.03343303616767801,-0.029862482922575873,0.05999688943997916,964.9811614990234,980.3354895019531,939.3132318115235,-0.026622812040240085,-0.041868156898760334,-2.4041391834206394e-05,0.009612819587360264,0.013318791770230067,10144114.65,1.1189353030429323,False,True
2021-08-02,938.6724243164062,956.4584350585938,959.6427612304688,941.9904174804688,948.0591430664062,10925104,0.018277394388244828,-0.0020945004255736865,-0.02656110456068972,0.07327811544416729,963.6762725830079,980.9811279296875,938.9335330200196,-0.007489898558016406,-0.02499812909025856,0.01866468863052151,0.009946161705615648,0.013491088962242319,9986038.85,1.0940378025867585,False,True
2021-08-03,945.579345703125,963.4962768554688,964.9961547851562,952.6279907226562,964.53466796875,11817299,0.0073582306756945215,0.015936757017003034,-0.029043823698937876,0.08075577141869705,962.235238647461,981.9235107421875,938.48830078125,0.0013105300630855687,-0.018766465702395263,0.026647083456875054,0.009808791455276621,0.01351337790516327,9991789.45,1.1827009625387974,False,True
2021-08-04,952.8261108398438,970.8803100585938,975.6106567382812,963.150146484375,966.5652465820312,13169800,0.007663790074232679,0.032591384602681295,-0.009906781162233425,0.09217634577551337,961.74951171875,983.2212487792968,938.0642977905273,0.00949394642636836,-0.01255153785175489,0.034982689721120064,0.009689510716110522,0.013525580164022557,10146773.25,1.2979298615941772,False,True
2021-08-05,966.64013671875,984.9560546875,994.4398193359376,971.1110229492188,975.7490844726562,21252078,0.014497919551027527,0.03944970006881143,0.011468962623675028,0.1040271027628179,962.3079284667969,984.7368151855469,937.8975811767579,0.02353521731530095,0.00022263766173069577,0.0501744267766413,0.010110692475186164,0.013626226008353896,10686632.55,1.9886599357250285,False,True
2021-08-06,946.1681518554688,964.0962524414062,990.8170776367188,959.3427734375,982.9715576171876,16620987,-0.02117840907400892,0.026408868269707453,-0.0016964347504312416,0.09194264930195395,962.2260131835938,985.7793432617187,937.6974057006836,0.0019436590075387894,-0.02199588677580533,0.028152841823206654,0.011074087888279995,0.013858863846630513,10958408.9,1.5167336017184028,False,True
2021-08-09,940.7783813476562,958.6043701171876,964.4423828125,953.6893920898438,960.3811645507812,7494143,-0.00569640459685572,0.0022436260478611025,0.0028727167891009486,0.07218804807835233,962.3633087158203,985.6164331054688,937.4688479614258,-0.0039059454621650502,-0.02740626280263192,0.02254530612054162,0.010899434167513966,0.013812730810084313,10881232.3,0.6887219014706634,False,True
2021-08-10,945.7152099609376,963.6347045898438,975.149169921875,957.0352783203124,960.8426513671876,11919198,0.005247560546840724,0.00014367230854994695,0.001895252192095187,0.06514136328754194,962.4544525146484,984.9495654296875,937.3122839355469,0.0012262939530400807,-0.02164056068246001,0.028082871744489868,0.01087305897644316,0.013752430467403499,11047927.6,1.0788627905200971,False,True
2021-08-11,958.963134765625,977.1336059570312,978.379638671875,961.48876953125,967.7420654296876,9184963,0.014008317989059105,0.006440851496988476,0.008382127299342068,0.06506703272914138,962.8605712890625,984.4732971191406,937.2954391479492,0.01482357372766896,-0.007455449714672269,0.04250331874579172,0.01119763474508918,0.013751305318839623,11171319.1,0.8221914455921324,False,True
2021-08-12,955.88330078125,973.9954223632812,981.240966796875,971.4571533203124,980.6409912109376,8137612,-0.0032116218034240474,-0.011128041979188819,0.011744983782412177,0.05680881630021384,963.4259094238281,983.6356750488281,937.3036309814453,0.010970758452794938,-0.00980063343581794,0.03914611036278193,0.0111127851450213,0.013755098632035632,11151572.5,0.7297277581255917,False,True
2021-08-13,971.8032836914062,990.2171020507812,992.1785278320312,973.2800903320312,977.1336059570312,12780901,0.01665478021256006,0.02709361180818659,0.030398296154871884,0.08071418441459599,964.8865539550782,983.0449548339843,937.3788552856445,0.02625235888288935,0.007295848660357818,0.05636808049082309,0.011653132509923541,0.01387126746063527,11318199.75,1.1292344438434212,False,True
2021-08-16,984.4169921875,1003.0698852539062,1016.6841430664062,982.140869140625,991.9246826171876,21935444,0.012979762898970737,0.0463856795596318,0.02892443777846254,0.0853661291051182,966.296435546875,982.8880444335938,937.7120581054687,0.03805607508654352,0.020533204096446767,0.06969924998136956,0.011573043723651373,0.01392096486618093,11973562.7,1.831989738526195,False,True
2021-08-17,980.2276000976562,998.801025390625,1008.4694213867188,991.232421875,1000.9239501953124,12658169,-0.004255795060780554,0.036493414603357754,0.031110778420664342,0.08994537936553959,967.8032318115235,982.3051708984375,938.0114559936524,0.03202902466142854,0.016793003824972175,0.06480685178047985,0.011507038242072259,0.013880960106583304,12188748.7,1.038512591534519,False,True
2021-08-18,984.0321655273438,1002.6776123046876,1009.2078247070312,993.424560546875,1003.3006591796876,10075860,0.0038812404227823727,0.026141774463521728,0.037658824073369956,0.10671623350253556,969.6226959228516,981.9179724121094,938.3834246826171,0.03409049367432093,0.021141928832997703,0.06851590291443643,0.011476851096427647,0.013780628133168344,12355468.5,0.8154980120745725,False,True
2021-08-20,972.9808959960938,991.4170532226562,1002.3776245117188,986.2251586914062,988.994140625,9426282,-0.011230488188669785,0.017886768725363655,0.012991029347246164,0.09045461161033641,970.258413696289,981.6710705566406,938.6634399414063,0.021807220867852584,0.009927951386495826,0.05620077552455105,0.01153216922884401,0.013880351332351635,12428162.75,0.7584614226266067,False,True
2021-08-23,979.3670043945312,997.9241943359376,1003.3006591796876,984.0560913085938,1003.3006591796876,9854395,0.006563475070485714,0.007783234877679401,0.02690318407385872,0.09425130209291943,971.5656127929688,981.4804711914062,938.9123037719727,0.027130006657188677,0.01675399931755206,0.06285133374745588,0.011450696070722324,0.013894205317362808,12424031.0,0.7931721194192126,False,True
2021-08-24,989.0369873046876,1007.7772216796876,1011.607666015625,994.8090209960938,999.1702270507812,11864472,0.009873522858423689,0.004692929670189194,0.05144812884460359,0.042438426615435176,974.0311767578125,981.2086486816406,939.6189755249023,0.03464575439382034,0.027077393818067952,0.07253817550535291,0.011020723635773283,0.011642611669542217,12397771.2,0.9569842682691225,False,True
2021-08-25,997.5969848632812,1016.49951171875,1024.5296630859375,1006.1157836914062,1008.561767578125,13380559,0.008654978353772158,0.017719731836682184,0.07182481370379623,0.019580594164898546,977.437045288086,980.8182189941406,940.4316766357422,0.03996417633132676,0.03637910882324524,0.08088608345810888,0.010649860672234815,0.010985762627174734,12525573.0,1.0682592325317173,False,True
2021-08-26,1010.2107543945312,1029.352294921875,1036.02099609375,1017.6071166992188,1018.9916381835938,18589616,0.012644160725068021,0.02660344889507882,0.09477996457995852,0.028378398484443013,981.8928253173829,980.6377722167969,941.1637307739257,0.04833467398965019,0.04967636785492746,0.09370161775723251,0.010434542811142216,0.011090290015869067,12810161.4,1.4511617316546848,True,True
2021-08-27,1008.829345703125,1027.9447021484375,1035.02880859375,1022.7067260742188,1032.3751220703125,10480636,-0.0013674548358045824,0.0368438779694642,0.08481673598577166,0.011879569969480475,985.9113342285157,980.7836059570312,941.7922933959961,0.04263402444076103,0.04808511878151478,0.09147707977285058,0.010487242544230798,0.010930306146973424,12645906.3,0.8287769774160038,True,True
2021-08-30,1028.2366943359375,1047.719970703125,1050.304443359375,1032.2828369140625,1038.3746337890625,14027062,0.019237677389996266,0.04989935773661003,0.1154374541646952,0.027425126297049296,991.3328002929687,981.2875634765625,942.3486312866211,0.05688016213474634,0.06769922467090272,0.11181778793760944,0.010545650645600702,0.011193597278006744,12779729.0,1.0976024608972537,True,True
2021-08-31,1022.756591796875,1042.1358642578125,1053.9501953125,1034.7979736328125,1050.7889404296875,26485463,-0.005329769978103083,0.034093489948957556,0.08957778619409651,0.030883354652143424,995.6166717529297,981.5875390625,942.8273220825196,0.04672399913008585,0.06168408092582478,0.10533057310636695,0.010363356649065873,0.011155443619194424,13557746.95,1.953529823035973,True,True
2021-09-01,1026.8101806640625,1046.2662353515625,1058.1729736328125,1044.3741455078125,1048.9891357421875,11145486,0.003963371030025531,0.02928355920455039,0.08590584155262881,0.017823461869916235,999.7551696777343,981.8630541992187,943.2485559082031,0.04652245578166969,0.06559283484280742,0.10921583584527106,0.010339261654047067,0.010959097972679526,13524156.3,0.8241169173710303,True,True
2021-09-02,1039.1748046875,1058.865234375,1065.04931640625,1040.68212890625,1040.68212890625,9956770,0.012041867163192999,0.028671368975152323,0.09062386311150572,0.036033605845495975,1004.1544158935546,982.4966943359375,943.9343447875976,0.05448446734435808,0.0777290554556822,0.12175729193672247,0.010462514075684767,0.011031646987636404,13363504.8,0.7450717569241266,True,True
2021-09-03,1081.7943115234375,1102.2923583984375,1105.2921142578125,1062.6033935546875,1066.0645751953125,30664428,0.041012890605545804,0.07232651337626539,0.11912846583613845,0.09816091670259808,1010.0212310791015,984.18716796875,944.8769583129883,0.09135563142643432,0.12000277414045457,0.16659883458953573,0.013145461316488081,0.011937741131839685,13834122.3,2.216579218762581,True,True
2021-09-06,1098.5977783203125,1119.4140625,1144.5196533203125,1113.1375732421875,1113.59912109375,33641710,0.015532815746304607,0.06842867731991498,0.1611019746890192,0.11113150757515577,1017.7871215820312,986.6986511230468,945.8673373413086,0.09985088115479557,0.13450450269279113,0.18347892807727684,0.011671596896855171,0.012069559553249742,14685158.45,2.290864624616972,True,True
2021-09-07,1105.52734375,1126.4749755859375,1134.3665771484375,1113.1375732421875,1121.444580078125,17349882,0.006307686603622242,0.08092909400847614,0.1751197998901548,0.10290766177491828,1026.1806518554688,989.8040844726562,946.8794067382812,0.09773554349238944,0.1380787301823434,0.18967100516665547,0.01125522699203444,0.011981858960380544,15177945.4,1.1430981956227093,True,True
2021-09-08,1101.2020263671875,1122.067626953125,1132.5206298828125,1110.6685791015625,1131.59765625,14301651,-0.0039125135740543104,0.07244942925649522,0.16441180626710183,0.08305491026128653,1034.1022979736329,992.9916638183594,947.890322265625,0.08506443622827642,0.1299869554175599,0.18375259309662062,0.011562185903375318,0.0118868283333401,15297068.05,0.9349275922192161,True,True
2021-09-09,1098.5977783203125,1119.4140625,1125.0673828125,1115.02978515625,1120.4754638671875,8963249,-0.002364888166616619,0.05718275202484979,0.14561003293261554,0.07804449961881477,1041.2163208007812,996.1095581054688,948.9019302368164,0.07510230116166272,0.12378608697325211,0.17969415682464573,0.011671336434784197,0.01189613196597424,15285982.35,0.5863704925709272,True,True
2021-09-13,1074.1175537109375,1094.469970703125,1122.8291015625,1092.854736328125,1122.8291015625,16311160,-0.02228316816135678,-0.007096472760346417,0.1236910827029627,0.07232326213871842,1047.2400482177734,998.5176647949219,949.8212380981445,0.04509942354260521,0.09609475053995165,0.1522904803588252,0.01321639633312729,0.012050861172237646,15694659.75,1.0392808929801745,True,True
2021-09-14,1072.7135009765625,1093.039306640625,1104.83056640625,1091.9085693359375,1096.0621337890625,8908356,-0.00130717525450319,-0.023561215409847458,0.10383804155360954,0.06896399821357413,1052.3811584472655,1001.0143786621094,950.90333984375,0.03863443189476001,0.09193167444958195,0.14947467407174142,0.013058615159336234,0.012055042610779727,15501032.5,0.5746943631012966,True,True
2021-09-15,1077.1746826171875,1097.5850830078125,1105.63818359375,1093.0623779296875,1093.0623779296875,9071075,0.004158840711006695,-0.025646279947850514,0.09422593494568088,0.06858675349021603,1057.106918334961,1003.3149560546875,951.890026550293,0.03829145753450214,0.093958658130465,0.15305870677679767,0.01292433067209397,0.012053469644404385,14857814.05,0.6105255436280009,True,True
2021-09-16,1099.7752685546875,1120.6138916015625,1124.5596923828125,1092.3701171875,1099.0849609375,13448882,0.020981342540336012,-0.0012955862165902055,0.12195909206570676,0.08535033970737382,1063.197561645508,1005.8808947753906,952.9610522460938,0.054003443976293086,0.11406220897732755,0.17592832252726098,0.013243184581410342,0.012312082096963996,14897349.7,0.9027701081622592,True,True
2021-09-17,1082.7227783203125,1103.2384033203125,1133.3743896484375,1096.3389892578125,1128.82861328125,34882133,-0.015505330079763069,-0.014450112537948812,0.10029224726029584,0.07404246267091397,1068.225601196289,1008.3337658691406,953.9826974487305,0.0327765989551394,0.0941202612305343,0.15645535948475975,0.014078262847112036,0.012477582566804809,16137663.35,2.1615355484534877,True,True
2021-09-20,1084.444091796875,1104.9921875,1116.068115234375,1093.754638671875,1094.7237548828125,11779819,0.0015896692631522935,0.009613984009186893,0.11455838277963992,0.08570072230955805,1073.9043579101562,1010.9578552246094,955.0020355224609,0.028948415527749072,0.09301508642464484,0.15705741600381273,0.01358931611143487,0.012402189688108042,16255340.2,0.7246737905860623,True,True
2021-09-21,1089.131591796875,1109.7686767578125,1115.260498046875,1100.215576171875,1109.9071044921875,9915736,0.0043226452746414346,0.01530536918073322,0.11207713276888831,0.11664733063593102,1079.49658203125,1013.8385375976562,956.0978671264648,0.02804278886145295,0.09462072667652555,0.16072707085227855,0.013589537582754493,0.011965708671614997,16258407.25,0.6098836034507624,True,True
2021-09-22,1100.8170166015625,1121.6754150390625,1126.9825439453125,1106.7919921875,1111.2916259765625,10995912,0.01072902716630586,0.02194848709608288,0.11301921784810531,0.15493368451052802,1085.1914916992187,1017.1548767089844,957.1953140258789,0.03361980223666916,0.10275774193626774,0.1718354640928974,0.013605655063425114,0.011569312435937108,16214979.25,0.6781329677002208,True,True
2021-09-23,1127.72021484375,1149.0885009765625,1152.3651123046875,1128.597900390625,1129.4747314453125,15748397,0.02443941051925913,0.02540983079756809,0.13043684500509412,0.19362422049604588,1091.8209411621094,1020.90041015625,958.422326965332,0.05245142097521849,0.12556375680238308,0.19893753374354284,0.014243859579250477,0.011814351896386235,16333371.15,0.9641853390443528,True,True
2021-09-24,1124.459228515625,1145.765625,1156.2647705078125,1140.82763671875,1155.387939453125,15192163,-0.0028917493941837957,0.03854762628974595,0.11309376843324603,0.18914646312647898,1097.6416076660157,1024.435498046875,959.619111328125,0.04384310598093433,0.1184360822955135,0.19397958155944384,0.014300003800558056,0.011835908715383892,16163498.5,0.9399056151117284,True,True
2021-09-27,1143.3685302734375,1165.033203125,1167.5484619140625,1142.3505859375,1147.7501220703125,15373834,0.016816334601590155,0.05433614491052685,0.13336174668738798,0.19605328003032763,1104.4960327148438,1028.4823889160157,960.9521533203125,0.054809767185271197,0.13276922938165625,0.21237378895456982,0.014420105753353746,0.01192697148694605,16408158.4,0.9369627977262823,True,True
2021-09-28,1154.0574951171875,1175.9246826171875,1183.700927734375,1159.65673828125,1169.4405517578125,18035258,0.009348642994013279,0.05961242846811077,0.12236543685239121,0.21454275370029774,1110.906268310547,1032.7807983398438,962.3132318115235,0.05852736289400884,0.138600450848275,0.2219770483707757,0.014122383377928632,0.011893732965060468,16608568.2,1.0859008303918698,True,True
2021-09-29,1144.90869140625,1166.6024169921875,1186.0545654296875,1163.002685546875,1186.0545654296875,9719875,-0.007927604346438244,0.04005347835100803,0.11943409396337934,0.18731366318509757,1117.1295959472657,1036.615401611328,963.5456674194336,0.04428565962660014,0.12539560494548518,0.21073910291826659,0.014242373890922339,0.011883228055416268,15770288.8,0.6163409639016884,True,True
2021-09-30,1141.013427734375,1162.6334228515625,1169.717529296875,1153.9111328125,1165.287109375,13590654,-0.003402182339770965,0.011787535828170492,0.11122139238384077,0.17163514775169908,1122.9479553222657,1040.4947680664063,964.6816491699219,0.035340433491334755,0.1173851695690229,0.2051990662950538,0.014385583577371533,0.011874810989931487,15892547.2,0.8551589514863923,True,True
2021-10-01,1143.0289306640625,1164.6871337890625,1172.1173095703125,1151.442138671875,1154.6495361328125,8958928,0.0017664303271645032,0.01651429260592674,0.09993896860399265,0.18773531740750982,1128.2390502929688,1044.462744140625,965.8739340209961,0.032305284493236774,0.11510644139572168,0.20583762825071195,0.014318634178554737,0.011721698022792623,15842655.1,0.5654941007962737,True,True
2021-10-04,1157.7261962890625,1179.662841796875,1188.2928466796875,1170.84814453125,1178.2091064453125,10918552,0.012858138098505556,0.012557271872281062,0.07019052868229259,0.2114168395223981,1132.1075744628906,1048.4819470214843,967.1438662719727,0.04200596163005632,0.12511507246075904,0.21973874098389756,0.011727926717724914,0.011717528341065708,14855361.3,0.7349906730306182,True,True
2021-10-05,1181.75341796875,1204.1453857421875,1205.4376220703125,1175.6015625,1179.17822265625,13533634,0.02075384853863871,0.02399873354319837,0.07569256638866584,0.24686993505174093,1136.344140625,1053.1292504882813,968.5696701049804,0.059666119349985225,0.1433975318640972,0.24322020697971447,0.012064024297166945,0.011831640024552587,13849957.5,0.9771606880382124,True,True
2021-10-06,1159.4019775390625,1181.370361328125,1209.1064453125,1177.332275390625,1209.1064453125,10258881,-0.018913849343885403,0.012658935144342687,0.04873200641996833,0.23592604074444545,1139.0889099121093,1057.5873388671876,969.9207107543946,0.03711865776946066,0.11704283694765572,0.21800715071778076,0.01305707493459634,0.012056622943802041,13495407.45,0.7601757144427678,True,True
2021-10-07,1165.0860595703125,1187.1622314453125,1199.32275390625,1184.9931640625,1197.592041015625,6336665,0.004902670920807761,0.021097628978864913,0.05801308488771406,0.23429780766674124,1142.3436401367187,1062.3629406738282,971.2956344604493,0.03923389576820324,0.1174733097262668,0.2222460282185621,0.01297909249790351,0.012052953366564907,13097158.15,0.4838198430092256,True,True
2021-10-08,1209.857177734375,1232.781494140625,1238.8502197265625,1191.36181640625,1193.0924072265625,15772493,0.03842715130835428,0.05846579598594159,0.1012739034092891,0.2722055796446019,1148.01201171875,1068.2138366699219,972.8777716064453,0.07384023995965161,0.15405872103635243,0.26714940984314883,0.015133876368048905,0.012857706526462544,13437620.35,1.1737564084402787,True,True
2021-10-11,1201.4326171875,1224.197509765625,1255.279541015625,1220.82861328125,1246.6956787109375,14768666,-0.006963102882221572,0.03775203082680334,0.11853001227540183,0.2716442615911261,1154.498388671875,1073.7462963867188,974.4032592773438,0.06037177858163245,0.1401180277735925,0.25635613192995543,0.014030795375671075,0.0128639694991909,13360495.65,1.1053980620846202,True,True
2021-10-12,1208.2943115234375,1231.189208984375,1238.2041015625,1218.9364013671875,1220.6671142578125,6682011,0.005711250972964876,0.022458935243536926,0.12639060782575462,0.28114860928417507,1161.4058837890625,1079.584267578125,976.0833493041993,0.060085217553441206,0.14042900212537512,0.2613566350271499,0.013933506220388135,0.012842566542438106,13249178.4,0.504333989494775,True,True
2021-10-13,1220.591064453125,1243.718994140625,1255.048828125,1231.8814697265625,1236.3580322265625,9959762,0.010176977725938618,0.05277653380638925,0.13314130575859173,0.2757763797051984,1168.712579345703,1085.3294787597656,977.833010559082,0.06417866644073755,0.14593680396652942,0.2719134869761872,0.013955252855184926,0.012796894053729047,13293612.75,0.7492140915568644,True,True
2021-10-14,1223.0595703125,1246.234130859375,1254.102783203125,1240.142333984375,1246.2110595703125,8623469,0.002022270891253841,0.04975891066054672,0.11209948421956306,0.2865479831303259,1174.9935913085938,1090.9842358398437,979.5787487792969,0.06063057711782105,0.1423026015586919,0.272214339492737,0.013547829249048295,0.01272569524751471,13052342.1,0.6606836484924802,True,True
2021-10-18,1226.3206787109375,1249.5570068359375,1266.8170166015625,1228.6510009765625,1231.5584716796875,13594479,0.002666333632084905,0.013607855710883188,0.13262645958957164,0.29315129650268057,1182.309521484375,1096.5577697753906,981.2250341796876,0.05687807137604217,0.13952683686869127,0.2734662929595735,0.012650745480473407,0.012696860813556678,11987959.4,1.134011097835383,True,True
2021-10-19,1237.3037109375,1260.748291015625,1269.74755859375,1249.7415771484375,1257.033203125,8833409,0.008956201372537276,0.029856931547751486,0.14095674637122713,0.28818311618942616,1190.0973266601563,1102.0736145019532,982.9061624145507,0.05936570293266752,0.14397829185428757,0.28267411399532105,0.012612905458287704,0.012662730442068275,11840638.9,0.7460246929749711,True,True
2021-10-20,1223.0595703125,1246.234130859375,1265.7786865234375,1242.1268310546875,1265.7786865234375,12710570,-0.011512337759790103,0.01221982922300846,0.1229674768801785,0.28242385979289697,1196.9205993652345,1107.7163720703124,984.5452941894531,0.041200336530504256,0.12504803782052454,0.2657966456336196,0.013250231115635945,0.012743068786677704,11980380.6,1.0609487648497578,True,True
2021-10-21,1187.7772216796875,1210.2833251953125,1258.9715576171875,1201.3763427734375,1258.6947021484375,20831669,-0.028847553420216165,-0.026883620096528005,0.07899603483166673,0.2627296095534337,1201.3509948730468,1112.749951171875,985.9920962524415,0.007435237795103911,0.08765075560841118,0.22747771487759083,0.015289174926333493,0.013244544806550722,12472168.45,1.6702523770034554,True,True
2021-10-22,1189.99658203125,1212.544677734375,1229.8509521484375,1205.206787109375,1209.1295166015625,11027475,0.0018684488929050502,-0.027033004706562225,0.055223054363422674,0.27854018456210095,1204.5238037109375,1117.7281506347656,987.4737414550781,0.006658958501879697,0.08482968514818423,0.22792599623727394,0.014507856423828505,0.013110517962641113,12236122.35,0.9012230087745078,True,True
2021-10-25,1178.4017333984375,1200.730224609375,1236.819580078125,1186.0545654296875,1236.819580078125,17198417,-0.009743519840502035,-0.03907527384460763,0.04797193981917114,0.27705101475263794,1207.2720336914062,1122.2000830078125,988.8912377929687,-0.00541867027436127,0.06997873444375413,0.21421869131856575,0.01472833064897707,0.013130423754125455,12336435.05,1.3941156363482818,True,True
2021-10-26,1205.237060546875,1228.0740966796875,1231.6968994140625,1201.353271484375,1207.791259765625,9750178,0.02277270240216378,-0.025916508924724413,0.05411081279537022,0.29601848263269304,1210.4240783691407,1127.2816564941406,990.4377233886719,0.014581681433772697,0.08941194031224864,0.23993065659693302,0.015089938461558143,0.013341178172674854,12055252.25,0.8087908737040322,True,True
2021-10-27,1189.99658203125,1212.544677734375,1235.3427734375,1209.1064453125,1223.8975830078125,9896298,-0.012645343621609628,-0.027033004706562225,0.031141446096432324,0.2909153077279869,1212.255078125,1131.7282080078126,991.9636724853516,0.00023889329448967267,0.0714097865147536,0.22236802754717888,0.015382033989920095,0.013415743758682416,11648304.25,0.8495913042449934,True,True
2021-10-28,1176.952392578125,1199.25341796875,1217.4134521484375,1195.515380859375,1209.1295166015625,9886181,-0.010961459820564734,-0.009113491855126221,0.02798811360321496,0.25384791854052957,1213.887628173828,1135.6518786621093,993.5428091430664,-0.012055654794911885,0.05600443278583622,0.2070475544009116,0.015495956103368404,0.013432406801803123,11656619.55,0.848117325747326,True,True
2021-10-29,1148.713134765625,1170.47900390625,1198.122802734375,1154.5341796875,1198.122802734375,14233025,-0.023993606048033578,-0.03469206091995236,0.006748112432072295,0.2148246257124149,1214.2799072265625,1139.085438232422,994.9852270507813,-0.0360715046503195,0.027560325696501797,0.17637827385201166,0.01649057227485179,0.013896044474215663,11688738.1,1.217669938211722,True,True
2021-11-01,1149.415283203125,1171.1943359375,1179.5936279296875,1151.0267333984375,1170.47900390625,15481114,0.0006111446927818953,-0.024598272006922883,0.0055870816802687795,0.20632206030300182,1214.6052673339843,1142.455772705078,996.3791876220703,-0.035740773207553866,0.025155077263407266,0.1754504213728496,0.016487797081020463,0.013888704076663464,12014847.4,1.2884985954961026,True,True
2021-11-02,1132.6571044921875,1154.1187744140625,1175.901611328125,1151.5574951171875,1174.51708984375,10569130,-0.014579614159224152,-0.06022057013137572,-0.021653701784743462,0.1717464641407105,1213.3280639648438,1145.7098071289063,997.7718786621094,-0.04879907694321395,0.007339526320568668,0.15669603352781913,0.016538703124078652,0.013995603957948195,11997376.3,0.8809534464631237,True,True
2021-11-03,1124.8670654296875,1146.1810302734375,1162.9796142578125,1135.7510986328125,1156.5416259765625,11989430,-0.0068777532404799,-0.054730888419664,-0.04813733968927936,0.1888657666399316,1210.4298461914063,1148.6749438476563,998.9868923950195,-0.053079338815154364,-0.0021711221155961136,0.14734341261027728,0.015764961349734055,0.0137000020580372,11920166.1,1.0058106488969143,True,True
2021-11-04,1131.7740478515625,1153.2188720703125,1156.010986328125,1149.1346435546875,1150.4959716796875,1705656,0.006140253250567218,-0.0383860034990845,-0.02382952051223286,0.20301858412071883,1209.0222717285155,1151.5837768554688,1000.2792074584961,-0.04615580784828888,0.001419866489703825,0.1528969746361164,0.015369640383420978,0.01365811454323491,11492504.85,0.14841464260943948,True,True
2021-11-08,1133.1781005859375,1154.6495361328125,1162.9796142578125,1133.628173828125,1162.70263671875,20337183,0.0012405832900841407,-0.013523922873122651,-0.027386901681430098,0.1982232796651624,1207.3966369628906,1154.34677734375,1001.5283721923828,-0.04368663885196766,0.0002622771553615344,0.1528874949445933,0.015316167598192154,0.013657612988455956,12192530.75,1.6680034208648602,True,True
2021-11-09,1142.1231689453125,1163.76416015625,1167.0869140625,1147.773193359375,1156.05712890625,15682497,0.007893844615366463,-0.00634410153230669,-0.05598505032109291,0.1909979894882723,1203.9457702636719,1157.0350146484375,1002.8765286254883,-0.033374933572483,0.005815852953989564,0.1604261610861204,0.01239314961741158,0.013597594276404704,12188030.95,1.2867129288016783,True,True
2021-11-10,1154.8953857421875,1176.7784423828125,1180.5166015625,1155.43408203125,1161.4566650390625,10253470,0.011182920622693215,0.01963374001974283,-0.03873481771082099,0.20819709760801852,1201.5748168945313,1160.011689453125,1004.1824578857422,-0.020636563086271265,0.01445395169904895,0.17187711569913589,0.012732173021945592,0.013612976436723856,11962271.15,0.8571507760882012,True,True
2021-11-11,1157.0015869140625,1178.9244384765625,1186.2852783203125,1170.1558837890625,1172.232666015625,10722478,0.0018236194821896756,0.02856739671857378,-0.04245064050790892,0.19057167972049815,1198.9615783691406,1162.6357788085938,1005.4242385864258,-0.016712078396901697,0.014010113885072784,0.17256417065702445,0.012639259353985447,0.013499585780182188,12164294.5,0.8814714244216958,True,True
2021-11-12,1174.4615478515625,1196.7152099609375,1199.32275390625,1180.0550537109375,1182.7779541015625,8712341,0.015090680033204462,0.03771733098031804,-0.03779292943271784,0.19305267514637214,1196.6113891601562,1165.7273657226563,1006.6665960693359,8.676233714788317e-05,0.026582411247651594,0.18879002703941072,0.012934570886625073,0.01352875287172076,12101923.45,0.7199137423068066,True,True
2021-11-15,1167.5318603515625,1189.654296875,1200.9149169921875,1186.0545654296875,1199.8995361328125,4803269,-0.00590024512696552,0.03031635110635089,-0.0454006454993805,0.1910823743995791,1193.7823974609375,1168.595126953125,1007.7705038452149,-0.0034580008841792464,0.01802092909353692,0.1804813619130501,0.012931227938497254,0.013545430538375824,11910913.45,0.40326621632868975,True,True
2021-11-16,1140.402099609375,1162.010498046875,1188.362060546875,1151.442138671875,1187.0006103515625,11337581,-0.023236833507633392,-0.001506887881080221,-0.07006203663388133,0.15890739335044635,1189.4050720214843,1170.6580322265625,1008.8511059570312,-0.023032165087416456,-0.007386900308743449,0.1518156556358745,0.013688882520602125,0.013961834709089821,11798068.55,0.9609692427155798,True,True
2021-11-17,1115.9898681640625,1137.1356201171875,1153.2650146484375,1135.7510986328125,1153.2650146484375,10202029,-0.021406758348136767,-0.03368758369277547,-0.09804706599987412,0.146980089177269,1183.2244384765625,1171.3548974609375,1010.0579281616211,-0.0389518817061586,-0.029213415522421737,0.1258122810707074,0.013912403600583418,0.014192064137611484,11866499.55,0.8597336524569286,True,True
2021-11-18,1120.2017822265625,1141.427490234375,1148.673095703125,1130.6976318359375,1135.28955078125,8505625,0.0037742816610961682,-0.03180606578199541,-0.08409867618753764,0.1438018004903978,1177.9841064453126,1171.795166015625,1011.3923547363281,-0.031033199863155114,-0.025915515494493113,0.12857041571364003,0.013958755343218733,0.014182716506589315,11656252.3,0.7297049498491037,True,True
2021-11-22,1070.5848388671875,1090.8702392578125,1130.213134765625,1084.986083984375,1124.259765625,24124307,-0.04429300276111392,-0.0884462483823365,-0.09866539797053675,0.08245177187040564,1172.0134521484374,1171.0830712890624,1012.5165682983398,-0.06923402862132677,-0.06849457053713204,0.07738507537822881,0.015706749830075615,0.015369371794154867,11820884.2,2.0408208550084606,True,True
2021-11-23,1080.59423828125,1101.0693359375,1108.176513671875,1065.6031494140625,1076.7021484375,25326999,0.009349504929776709,-0.07446277558967862,-0.09193503863722807,0.08319711248631578,1166.4396850585938,1170.66310546875,1013.7716168212891,-0.056042631229414996,-0.059448161649703346,0.08611182012565655,0.01596740034302898,0.015375160167693178,12535860.4,2.0203638355768545,False,True
2021-11-24,1064.9912109375,1085.1707763671875,1112.16845703125,1081.5479736328125,1098.36962890625,16820296,-0.014439199286914839,-0.06612652967321797,-0.09624097559448175,0.05422680040709382,1160.6617126464844,1169.9782397460938,1014.8240673828125,-0.06504129106418621,-0.07248635957307292,0.06931911771248789,0.01607977708943483,0.015438353923380842,12516954.35,1.3438010181765982,False,True
2021-11-25,1129.1015625,1150.4959716796875,1154.672607421875,1087.8243408203125,1095.13916015625,42401936,0.060198078251967324,0.011749127655611646,-0.06317055722431242,0.11921971023841449,1156.7828063964844,1171.098759765625,1016.1327651977539,-0.005434758091176217,-0.017592699090605013,0.13222997140121207,0.020921248268526135,0.01722145653430433,14149542.25,2.996700193605203,False,True
2021-11-26,1092.7098388671875,1113.41455078125,1143.4119873046875,1108.2918701171875,1138.8892822265625,15763138,-0.03223081332853328,-0.024542022767800153,-0.0817537933021556,0.06270242232190859,1151.8263000488282,1171.5062646484375,1017.2448645019531,-0.033348560686580875,-0.04958719865200256,0.09453936769332527,0.021832480700589237,0.01762656477180661,14442884.25,1.0914120564249485,False,True
2021-11-29,1105.799072265625,1126.7518310546875,1153.7496337890625,1107.1842041015625,1125.644287109375,24325354,0.01197871921476068,0.032892630585730886,-0.06045560164995234,0.08119475559660994,1148.201220703125,1172.089599609375,1018.4383029174804,-0.018680862954755018,-0.03868114568186365,0.10635256728554454,0.022050708782352713,0.017660055815746034,15164842.9,1.6040623803626741,False,True
2021-11-30,1089.4486083984375,1110.0916748046875,1142.62744140625,1102.453857421875,1138.9815673828125,32172299,-0.014786003262497793,0.008194160506254988,-0.051591979779245345,0.06100305763157743,1145.1818542480469,1171.8791552734374,1019.549709777832,-0.030641578290113936,-0.05272512971214416,0.08880583669293118,0.021679773827077725,0.01778038238331803,16061806.6,2.0030311534195664,False,True
2021-12-01,1117.3487548828125,1138.5201416015625,1141.7506103515625,1119.1832275390625,1122.8291015625,10104610,0.025609116293820344,0.04916218386655413,-0.027898183361502515,0.07522667157315754,1143.54814453125,1172.5847900390625,1020.7393411254883,-0.004396844115162835,-0.029050904230443875,0.11538773488068621,0.022566398323336342,0.0180061863046403,15792981.4,0.639816494686684,False,True
2021-12-02,1124.5272216796875,1145.8348388671875,1151.995849609375,1136.0279541015625,1139.76611328125,12720411,0.006424741204257733,-0.004051411675692229,-0.007177714920269529,0.03950175299410996,1143.1339477539063,1173.4016430664062,1021.9547009277344,0.0023627074662493364,-0.023493067665372847,0.1212188151069653,0.022397781448037883,0.017253379170452134,15900545.45,0.7999984050861602,False,True
2021-12-03,1090.7396240234375,1111.406982421875,1153.057373046875,1107.599609375,1153.01123046875,19222481,-0.030046089783191676,-0.0018030735793477248,-0.030339053721092135,-0.0071529207523467475,1141.395245361328,1173.4344091796875,1022.9560403442383,-0.026273337883022108,-0.05285973061005933,0.08646602453011742,0.02334463513075257,0.017593387323508698,16262198.0,1.1820346179526287,False,True
2021-12-06,1070.0638427734375,1090.3394775390625,1119.1370849609375,1087.8243408203125,1114.983642578125,10332254,-0.01895570678969838,-0.032316214193804815,-0.05452511752462563,-0.03207838507737737,1138.2512756347655,1172.8076904296875,1023.664211730957,-0.04209246158673019,-0.07031691006426699,0.0651339228665242,0.023597798816643475,0.017742328182858747,16693527.9,0.6189377141784391,False,True
2021-12-07,1078.7825927734375,1099.223388671875,1109.445556640625,1089.1396484375,1096.5928955078125,11235122,0.008147839563567683,-0.009790440176686066,-0.04800257197224744,-0.020359056559970057,1135.4799682617188,1171.8103881835937,1024.4493383789063,-0.03193062018112758,-0.06194432157598018,0.07298950518264924,0.023706282003589686,0.017770028693245277,16238424.85,0.6918849644459204,False,True
2021-12-08,1095.2008056640625,1115.9527587890625,1122.2752685546875,1110.507080078125,1118.7218017578125,8744178,0.015219263244935721,-0.019821680783577822,-0.04108341105879065,-0.003092067383187347,1133.0893981933593,1171.214130859375,1025.3388793945312,-0.015123819384084025,-0.04718297928130755,0.08837456690225132,0.02392587166823612,0.017878191207029732,15891508.9,0.5502421484973022,False,True
2021-12-09,1112.5703125,1133.6512451171875,1142.1658935546875,1119.1370849609375,1123.7520751953125,13213547,0.01585953006409513,-0.01063294057461639,-0.03664852763473336,0.03579931424604643,1130.933038330078,1170.5864916992186,1026.254841003418,0.0024035081609457,-0.03155277020873193,0.10464886480707158,0.024082031425848735,0.017746270649099814,16039512.75,0.823812244545895,False,True
2021-12-10,1113.7025146484375,1134.8050537109375,1138.05859375,1121.6060791015625,1126.1749267578125,8364414,0.0010177809081228784,0.021052658170345184,-0.03742342030218426,0.03821065428898107,1128.727069091797,1169.7640991210938,1027.1217684936523,0.00538481337568264,-0.02988555165646034,0.10483984325949058,0.024076691300164734,0.017744261332828724,15921609.55,0.5253497753309746,False,True
2021-12-13,1091.3736572265625,1112.0531005859375,1141.7967529296875,1109.445556640625,1141.5198974609375,12901733,-0.02004921730882203,0.019914552755517345,-0.07074541099696019,0.013181682041885079,1124.493963623047,1168.6731127929688,1027.9108178710937,-0.011063521405687005,-0.048448117430987425,0.08185757096039792,0.02407434948705894,0.017940258027091264,16131079.15,0.7998059447870232,False,True
2021-12-14,1078.012451171875,1098.4388427734375,1110.36865234375,1095.32373046875,1098.36962890625,12991523,-0.01224245299556892,-0.0007137274429589446,-0.07667391639837595,-0.019788304423419945,1119.9331909179687,1167.3892211914062,1028.602721557617,-0.019192527124687664,-0.05906374426483041,0.06789416336568443,0.024150827994335263,0.017805716862226085,16540491.85,0.7854375261519203,False,True
2021-12-15,1074.86474609375,1095.2314453125,1109.9071044921875,1089.647216796875,1100.215576171875,9366969,-0.002919959979600817,-0.018568271204461695,-0.05746854511780941,-0.007257686084634729,1116.59423828125,1166.000107421875,1029.4451898193358,-0.0191321003067626,-0.06069352966514785,0.06390457320482446,0.023709299792666318,0.01769588346626516,16441961.25,0.5696990071668001,False,True
2021-12-16,1088.7691650390625,1109.3994140625,1114.7528076171875,1093.131591796875,1110.2301025390625,9761279,0.012936050010833533,-0.021392673592644962,-0.024391291209248323,0.003988468527068134,1115.2074279785156,1164.5948388671875,1030.323077697754,-0.005208012222931102,-0.047394529807788466,0.07674906840041018,0.023525281878904538,0.017773267947391303,16419923.75,0.5944777301417128,False,True
2021-12-17,1060.03173828125,1080.1173095703125,1111.2916259765625,1070.6795654296875,1106.69970703125,21049821,-0.026394555577562095,-0.04819131176918012,-0.05371360089765609,-0.02671851153172422,1112.1419189453125,1162.11427734375,1030.9679083251954,-0.028795434134314513,-0.07055843764423786,0.047673066104414685,0.02416346450398945,0.018092653916117148,17047133.55,1.2348012021059105,False,True
2021-12-20,1031.4527587890625,1050.9967041015625,1069.6873779296875,1037.0362548828125,1069.6873779296875,14325846,-0.026960595123074804,-0.05490420956715514,-0.03655204232483089,-0.06301173226217016,1110.1482421875,1159.5068041992188,1031.2748059082032,-0.053282557984672296,-0.09358297830136131,0.019123804906676645,0.022860638921153063,0.018355930680099275,16557210.5,0.8652330656785453,False,True
2021-12-21,1046.806396484375,1066.6414794921875,1082.6785888671875,1057.8499755859375,1066.6876220703125,12836561,0.014885655996418112,-0.02894777755761546,-0.031267655288936935,-0.0717499317191902,1108.4268493652344,1157.0963891601561,1031.7950314331056,-0.03769790482518198,-0.07817404886521395,0.03377264572662475,0.023033245289455082,0.018172753571959827,15932688.6,0.8056745049294443,False,True
2021-12-22,1071.64892578125,1091.9547119140625,1094.6314697265625,1071.6026611328125,1072.94091796875,17658543,0.02373171577194455,-0.0029918182247794523,0.006251491188866698,-0.046965026626573425,1108.766046142578,1154.279853515625,1032.405133972168,-0.015162201518528207,-0.05399482752101836,0.057680435695605325,0.023467815781827595,0.018450629111376182,15974600.95,1.1054137161404336,False,True
2021-12-23,1071.26416015625,1091.5625,1098.36962890625,1088.23974609375,1095.6005859375,9072401,-0.00035918331573936424,-0.016077991241389977,-0.05122440506562276,-0.06306318388860299,1105.8193725585938,1151.6271533203126,1033.0033532714845,-0.012892587082831586,-0.05215633649062301,0.056688244566739154,0.018815119351955085,0.01830798039358302,14308124.2,0.6340734028573781,False,True
2021-12-24,1074.68359375,1095.046875,1103.9075927734375,1078.7789306640625,1093.754638671875,7886494,0.0031920984826796506,0.01382217033039379,-0.016496708946691863,-0.06877805085031674,1104.9009887695313,1148.904306640625,1033.3972436523438,-0.008918549145752186,-0.04687721277510326,0.059657243839520424,0.01748508862345709,0.018266655078050534,13914292.0,0.566790893852163,False,True
2021-12-27,1073.5286865234375,1093.8699951171875,1097.4466552734375,1083.6478271484375,1089.85498046875,4017223,-0.0010747301414038013,0.04079298331603698,-0.02918285555988065,-0.06234550933172556,1103.2568969726562,1145.9073266601563,1033.8458215332032,-0.0085083554711749,-0.045411465946933016,0.05805911513475759,0.017229237616266893,0.018244163805286172,12898885.45,0.31143954379407257,False,True
2021-12-28,1086.2784423828125,1106.8612060546875,1109.837890625,1095.1622314453125,1096.3389892578125,6374613,0.011876375616380441,0.037706884024093945,-0.002910091862970088,-0.047970594772756336,1103.0953735351563,1143.1198681640626,1034.3527792358398,0.003413877539403032,-0.031719037626044666,0.07010028713067862,0.017165334245355518,0.018315263398870386,11609001.15,0.5491095157657039,False,True
2021-12-29,1088.13525390625,1108.75341796875,1116.3681640625,1099.3387451171875,1103.4461669921875,15425312,0.0017095295270190825,0.015384068470423395,-0.026145100596059234,-0.048024670486694565,1101.6070373535156,1140.3037963867187,1034.840584716797,0.006487232173464363,-0.027668397244613563,0.07142436655804407,0.016086308148336566,0.018315137395900676,11875036.25,1.2989696768294077,False,True
2021-12-30,1068.478759765625,1088.7242431640625,1109.884033203125,1082.4940185546875,1107.599609375,29333171,-0.018064589006075993,-0.0026001780346407433,-0.04984190894351448,-0.07708863533778332,1098.7515075683593,1136.8633154296874,1035.2283599853515,-0.009126052920271355,-0.04234376429626485,0.05167544210194164,0.01640427339579339,0.018363439300674304,12705674.25,2.3086670115125925,False,True
2021-12-31,1072.57763671875,1092.90087890625,1100.16943359375,1089.1396484375,1095.13916015625,9477290,0.003836265949263007,-0.0019597298916997907,-0.016651059250409106,-0.09238461414472043,1097.8262023925781,1133.796650390625,1035.6580166625977,-0.004486432802928153,-0.03606975860290751,0.05527197329878941,0.015099236645216407,0.01814973003386292,12218414.7,0.7756562723313034,False,True
2022-01-03,1088.7467041015625,1109.3763427734375,1111.2685546875,1090.7779541015625,1091.4471435546875,5421611,0.015074984552739812,0.014175676931872383,0.017459576238899377,-0.060941107811228745,1098.7780456542969,1131.7785107421876,1036.2723880004883,0.009645530470013597,-0.01979377391965087,0.07054511499047567,0.014852784579933137,0.018125911188467635,11972882.55,0.4528242031406213,False,True
2022-01-04,1113.3175048828125,1134.4127197265625,1135.7510986328125,1109.445556640625,1114.9375,10847728,0.022567974444573258,0.024891570434634636,0.032012902397577925,-0.04443327990187995,1100.5375122070313,1130.2158715820312,1037.0781665039062,0.0307806023363959,0.0037133155267556894,0.09385459685336994,0.015553002156795578,0.018363448909633172,11953512.85,0.9074928965337583,False,True
2022-01-05,1118.526123046875,1139.719970703125,1143.1351318359375,1122.8060302734375,1136.212646484375,11643813,0.004678412789519637,0.027929161013190873,0.02129768641806362,-0.07548906588865811,1101.7258728027343,1128.9956665039062,1037.9296334838866,0.034485981348278294,0.009498977292293764,0.09807055693898215,0.015246052165170151,0.017651076738496797,12098494.6,0.9624183326080916,False,True
2022-01-06,1094.4761962890625,1115.21435546875,1132.5206298828125,1111.7530517578125,1131.2283935546875,14447422,-0.021501435321219176,0.024331333182865178,-0.01626328178780556,-0.08902415944118369,1100.8040283203125,1126.7384716796876,1038.762986755371,0.013090728937852791,-0.010227853668436482,0.07359847211362314,0.015634728702326156,0.017831038723958414,12160188.35,1.18809195911838,False,True
2022-01-07,1103.3079833984375,1124.213623046875,1134.3896484375,1112.929931640625,1121.883056640625,13112115,0.008069540652875018,0.02865103756889842,-0.009333260042707181,-0.0868880145771791,1100.2744567871093,1124.9718505859375,1039.7480581665038,0.021757449799998163,-0.0006739968992713896,0.08123656901011023,0.01575463176466634,0.017849561675528907,12397573.4,1.0576356014960153,False,True
2022-01-10,1104.2138671875,1125.1365966796875,1133.9051513671875,1115.0067138671875,1131.59765625,9246731,0.0008209948837936132,0.014206408861080932,0.011765172082930597,-0.09534500801193813,1100.9286315917968,1123.4895141601562,1040.5695278930664,0.02198867791537884,0.001466041737614665,0.08126998390761209,0.015056928346635365,0.01778785074745,12214823.3,0.7570089859588881,False,True
2022-01-11,1112.16259765625,1133.2359619140625,1142.18896484375,1123.7520751953125,1124.213623046875,16205164,0.007198561719773844,-0.0010373277661974711,0.03167870416232388,-0.0906717013659315,1102.6684875488281,1122.7446533203124,1041.476721496582,0.027721363864477766,0.009344340730302214,0.08810493650364482,0.01480328091781901,0.017817816081610136,12375505.35,1.3094547286507374,False,True
2022-01-12,1141.851318359375,1163.4871826171875,1165.2640380859375,1137.5970458984375,1140.5045166015625,14800442,0.02669454704916885,0.020853553965014537,0.06232083419154599,-0.06888027016605791,1106.0812744140626,1122.5905102539064,1042.477252807617,0.05190026224206279,0.036430623624309044,0.11607920411084693,0.01577006089667682,0.018177767253464358,12647179.0,1.170256386819543,False,True
2022-01-13,1148.2828369140625,1170.04052734375,1172.671142578125,1157.626220703125,1163.5565185546875,11856712,0.005632502724973065,0.04916200334594456,0.054661209040294034,-0.07194756028485527,1109.113330078125,1122.9089453125,1043.6033123779298,0.05493324767932717,0.041972754984273,0.12115447839823679,0.015615226004818126,0.018151876181285508,12751950.65,0.9297959445914261,False,True
2022-01-14,1149.9586181640625,1171.748046875,1184.8084716796875,1165.6793212890625,1169.902099609375,19930176,0.0014593678520917752,0.04228237663523049,0.08483406060878673,-0.05976893277109263,1113.6948669433593,1123.4202856445313,1044.8667834472656,0.052126647661556724,0.043018416035403906,0.1214329572322348,0.01403872184336347,0.018102722730176574,12695968.4,1.5698035291266161,False,True
2022-01-17,1155.9595947265625,1177.8629150390625,1183.7470703125,1170.8250732421875,1171.28662109375,8036453,0.00521858618016946,0.046862148573757256,0.12071037943544338,-0.026787455037454166,1120.0381774902344,1123.9131665039063,1046.1534448242187,0.05162747012642099,0.04800170524113945,0.12589880659139308,0.011975018516678258,0.0177408362760775,12381498.75,0.6490694836115862,False,True
2022-01-18,1142.1683349609375,1163.810302734375,1182.5240478515625,1161.0181884765625,1179.0167236328125,6215029,-0.011930600857928741,0.026979677532181112,0.0910979228826243,-0.04019181799639715,1124.8966186523437,1124.0963818359376,1047.2898883056641,0.034593120324826865,0.035329640358395586,0.1112589892538931,0.012395974814708314,0.017801614384133146,12050422.15,0.5157519730543215,True,True
2022-01-19,1142.0777587890625,1163.718017578125,1173.132568359375,1157.903076171875,1167.5946044921875,9755485,-7.929570311693279e-05,0.00019839922982067826,0.0657200384604506,-0.03082474836784499,1128.4847839355468,1124.095458984375,1048.486326904297,0.031221717956801953,0.035248393076464435,0.10990290261014168,0.011561102629009118,0.01776049151190084,11655269.25,0.8370021138722299,True,True
2022-01-20,1122.08154296875,1143.3427734375,1158.341552734375,1132.9820556640625,1153.772705078125,16494486,-0.017508746820839804,-0.02281780270197975,0.04743683796163767,-0.06899528576595937,1131.073797607422,1123.4267456054688,1049.5376235961915,0.010847193044371428,0.017727927441586244,0.08937759612646334,0.012445144723107922,0.01763184262335558,12026373.5,1.3715261712102989,True,True
2022-01-21,1122.2625732421875,1143.52734375,1154.7879638671875,1131.59765625,1131.59765625,13338594,0.00016143042732941204,-0.024084275796544596,0.04427250545781436,-0.05691941521967925,1133.497821044922,1122.7188037109374,1050.6573373413087,0.008848294649417499,0.018534062109126337,0.08839228843506586,0.01245335750210531,0.017566344296963566,12298978.5,1.0845286053634455,True,True
2022-01-24,1076.9935302734375,1097.4005126953125,1155.9417724609375,1086.8782958984375,1142.2120361328125,21868937,-0.04033732232709242,-0.06831219602586902,0.0032275476920333723,-0.0849302605665716,1133.6743469238281,1120.732509765625,1051.565569152832,-0.0319966966941988,-0.020818524373128033,0.04358733766778444,0.015680284825733165,0.01824973548203883,13191564.2,1.6577971094587858,True,True
2022-01-25,1074.887451171875,1095.2545166015625,1102.361572265625,1063.757080078125,1084.31689453125,24510205,-0.0019555267825410727,-0.05890632345472502,-0.010486129055417903,-0.06426812190021358,1133.094012451172,1118.8445141601562,1052.4202670288087,-0.03339484229358247,-0.021084250099131285,0.04070070761149758,0.015445113674149271,0.018005689449205567,14098343.8,1.7385166192357997,True,True
2022-01-27,1058.96728515625,1079.03271484375,1087.3397216796875,1066.5491943359375,1078.0635986328125,20020431,-0.014810988233261768,-0.07277132557474542,-0.026805512067280657,-0.07869028927635469,1131.607977294922,1117.1849584960937,1053.1880871582032,-0.046460667922164745,-0.034150337741480685,0.02453942273054266,0.01576411366093589,0.018092934616124056,14328099.75,1.397284451484922,True,True
2022-01-28,1057.9482421875,1077.994384765625,1096.4774169921875,1074.5562744140625,1091.4471435546875,14667727,-0.0009622785888149243,-0.05715555316399368,-0.00985544178501463,-0.06595888684601403,1131.071484375,1116.0021337890626,1054.0044802856446,-0.04692638824565887,-0.03405705766385336,0.022760723439694486,0.015259133610338914,0.01800751547741256,13594827.55,1.0789196807428425,True,True
2022-01-31,1080.9339599609375,1101.41552734375,1110.55322265625,1087.3858642578125,1089.23193359375,12143683,0.02172659051764647,-0.03682624349685559,0.0077908697868569465,-0.03905622388376817,1131.497216796875,1115.20189453125,1055.101580810547,-0.02658573879508286,-0.012362216433729034,0.04389524892723973,0.016024707760129035,0.018225969397093034,13728147.2,0.8845828080864402,True,True
2022-02-01,1077.3558349609375,1097.7696533203125,1117.1064453125,1083.186279296875,1111.2916259765625,13200509,-0.0033101712595519084,0.00033637730320834613,-0.010462355294244219,-0.048082129154247144,1130.9168823242187,1115.3398828125,1056.1328021240233,-0.029310048794906396,-0.015753251329882922,0.03942387842944739,0.015668641088504076,0.018208435202174824,14117092.1,0.9350728114892727,True,True
2022-02-02,1079.552490234375,1100.0079345703125,1110.830078125,1096.1082763671875,1110.830078125,10017691,0.0020389352567999897,0.004340012204194554,-0.030328278727818625,-0.04732310528223771,1129.1966430664063,1115.3186547851562,1057.1463711547851,-0.025849092516632033,-0.01372766442052653,0.040544587376965646,0.014728461252870471,0.01821013766519905,14075590.25,0.7117066369561305,True,True
2022-02-03,1065.6025390625,1085.793701171875,1108.268798828125,1083.232421875,1103.9075927734375,9572839,-0.012921937153107854,0.006265784378098438,-0.047315367737200686,-0.06699850506988159,1126.5003295898437,1115.33111328125,1058.1170205688477,-0.03613547848032128,-0.026483088078191774,0.026156540406228723,0.014869107153703296,0.01824296655296171,13972041.55,0.6851424658123779,True,True
2022-02-04,1055.8875732421875,1075.89453125,1083.809326171875,1071.187255859375,1080.37109375,11061241,-0.009116989637341866,-0.0019479262093573535,-0.03525763816250638,-0.0857288912673626,1124.5343383789063,1113.8390844726562,1059.1083221435547,-0.04325328757770441,-0.0340664587476035,0.015849378911942935,0.01427399591900373,0.018201546528912968,13802732.5,0.8013805237477434,True,True
2022-02-07,1049.4560546875,1069.34130859375,1087.662841796875,1063.757080078125,1080.8326416015625,10714467,-0.006090952659306037,-0.029120906645789146,-0.04880950855621957,-0.09295178410621352,1121.79072265625,1112.9576196289063,1060.0681265258788,-0.0467550791811745,-0.03918955247343492,0.008747722750859221,0.014114431345493554,0.018206983637031986,13682850.1,0.7830581290954872,True,True
2022-02-08,1067.09716796875,1087.316650390625,1089.1396484375,1066.0645751953125,1075.5946044921875,12060849,0.016809732919149667,-0.009522036702391379,-0.03361364869000827,-0.09141570079474748,1119.899725341797,1112.168916015625,1061.105693359375,-0.02909463607666085,-0.022345765348337432,0.024701551594043636,0.014745383760112704,0.01823480371245193,13823556.0,0.8724852707942876,True,True
2022-02-09,1079.5299072265625,1099.98486328125,1101.6923828125,1088.2166748046875,1094.2852783203125,11486225,0.011650895703725128,-2.0973747858921143e-05,-0.029341725598480473,-0.07537436197162062,1118.2371704101563,1111.9667797851562,1062.2113314819335,-0.016322393506389643,-0.010775426677963496,0.035561220898121304,0.01491787788990345,0.018302578449643375,13587609.05,0.8453455613664421,True,True
2022-02-10,1078.42041015625,1098.854248046875,1105.6151123046875,1091.4932861328125,1105.6151123046875,12464491,-0.001027846175085001,0.012028571229418583,-0.05555104992641602,-0.05435084287633718,1115.0055236816406,1111.1734619140625,1063.2340155029297,-0.014485377239599417,-0.0110866703439505,0.033501780440213125,0.01338055634633255,0.018071246506700292,13470811.5,0.925296222874175,True,True
2022-02-11,1076.3140869140625,1096.708251953125,1100.4464111328125,1081.8017578125,1095.2545166015625,15943370,-0.001952939707485668,0.01934550283376124,-0.06267498746996858,-0.03555193193217909,1111.3389099121093,1110.1909301757812,1064.128748474121,-0.013164893110906517,-0.012144467997519559,0.03061612941640801,0.013236650653762998,0.0178680952449304,13675144.4,1.165864837229799,True,True
2022-02-14,1059.1712646484375,1079.240478515625,1086.80908203125,1067.4490966796875,1080.0250244140625,10719633,-0.015927456920645677,0.009257259438422816,-0.07894834440397713,-0.05448178903241663,1106.7135314941406,1109.5476000976562,1064.916182861328,-0.024823996632104994,-0.02731484577981491,0.013451101490268513,0.013486788391849476,0.01796995957164683,13214617.25,0.8111951180424843,False,True
2022-02-15,1095.1328125,1115.883544921875,1118.6295166015625,1077.9251708984375,1085.078369140625,11212671,0.03395264274802634,0.026272838295069878,-0.0526201897740638,0.022929680143332742,1103.6145629882812,1110.0584814453125,1065.8251068115235,0.011117089557401982,0.005247528462624995,0.046966840798209564,0.01584639006796231,0.01759349638120624,13373428.15,0.8384290754947527,False,True
2022-02-16,1092.8682861328125,1113.5760498046875,1122.8291015625,1105.7305908203125,1121.444580078125,10392840,-0.0020678637369360153,0.012355794136016618,-0.04316360906211436,0.011358697821276298,1101.102850341797,1110.3455346679686,1066.7906799316406,0.011327914970902686,0.0029094683014012634,0.04385618542903358,0.01569279297747203,0.01755819241472126,13582318.7,0.7651742113811539,False,True
2022-02-17,1106.704833984375,1127.6748046875,1132.9359130859375,1112.214599609375,1116.875732421875,12853252,0.012660792125769316,0.026227824747323103,-0.030972462698168446,0.03916805469329243,1099.3006896972656,1110.5799755859375,1067.908547668457,0.025811059027033068,0.015392704242252586,0.0559657071286952,0.016033434890848682,0.0175201078690037,13737207.05,0.9356524913119075,False,True
2022-02-18,1098.05419921875,1118.8602294921875,1133.628173828125,1116.8988037109375,1128.0902099609375,6775458,-0.007816593186858678,0.020198605690813443,-0.021413126941542515,-0.027497481926262446,1098.0765625,1110.2841552734376,1069.0802960205078,0.018927338677431793,0.007724215623556185,0.046563325184252324,0.015664732814713818,0.01571896756248297,13251255.65,0.5113068662289373,False,True
2022-02-21,1086.957763671875,1107.553466796875,1124.9058837890625,1100.4925537109375,1113.1375732421875,11107193,-0.010105607829535845,0.026234179355643983,-0.03145869414469349,-0.0052640626802141766,1096.2778686523438,1109.7391235351563,1070.1874340820314,0.01028534686957805,-0.001969523009442753,0.034915409698203836,0.015793580811371312,0.015209483069667244,13139685.6,0.8453164967661022,False,True
2022-02-22,1082.02099609375,1102.5230712890625,1105.70751953125,1083.2093505859375,1085.8629150390625,13494914,-0.004541898570694536,-0.011972999954711128,0.004667902497301091,-0.021503190940409533,1096.5339965820312,1109.5485229492188,1071.2442684936523,0.005461823095042728,-0.006331811105910301,0.02919857189937969,0.012926103968933449,0.01513880715463586,12720984.45,1.0608388095309715,False,True
2022-02-23,1075.2498779296875,1095.6236572265625,1110.6224365234375,1092.8316650390625,1108.1072998046875,7310110,-0.006257840985071872,-0.01612138890852921,0.00033703638688975524,-0.013033173661689323,1096.5524536132812,1109.4922192382812,1072.2648751831055,-0.0008470150093213835,-0.012499918224969764,0.021784525991740855,0.013001398061443362,0.015039721330377063,11860979.7,0.6163158680728541,False,True
2022-02-24,1021.669677734375,1041.0281982421875,1079.863525390625,1035.3287353515625,1063.757080078125,24846650,-0.049830485700333216,-0.07683651890167387,-0.0352209122844489,-0.08563040722514803,1094.6522277832032,1108.408154296875,1073.0253112792968,-0.04898727484400278,-0.060789841533988254,-0.029819532401301196,0.016891039196752767,0.01597754334400144,12102290.65,2.0530534853746882,False,True
2022-02-25,1034.4420166015625,1054.0426025390625,1065.1185302734375,1050.489013671875,1052.2657470703125,14570089,0.012501490659763359,-0.057931835670433585,-0.02221883765356536,-0.08010948281069374,1093.454638671875,1107.3010180664062,1073.8347821044922,-0.03604359498687837,-0.04809750434470361,-0.018431307958419074,0.017185807881809314,0.016046864236523645,12097408.75,1.204397511987846,False,True
2022-02-28,1068.6824951171875,1088.931884765625,1092.5316162109375,1035.1441650390625,1035.1441650390625,21297446,0.03310044787802546,-0.016813257860232245,-0.011334180668608695,-0.020222203037877584,1092.8304565429687,1107.4773095703124,1074.8648495483399,-0.0035674076925676923,-0.016745647648422568,0.013087259503551607,0.01813855820841181,0.016197172926300622,12555096.9,1.6963187277351877,False,True
2022-03-02,1086.3463134765625,1106.930419921875,1108.0611572265625,1074.9254150390625,1077.3482666015625,21471786,0.016528614331211333,0.003997511478521121,0.008344889634956498,0.01521630897952897,1093.2884948730468,1108.5959838867188,1075.9291833496093,0.012477882199256385,-0.001502408441896419,0.028813454502416125,0.01851041215209308,0.016148885571993676,12968660.75,1.655667182133668,False,True
2022-03-03,1077.1746826171875,1097.5850830078125,1114.452880859375,1093.7777099609375,1107.599609375,10186748,-0.008442569420688661,0.0017902367919062634,-0.002202576441820314,-0.0014904210381130323,1093.1673522949218,1109.2148559570312,1076.8936026000977,0.004041220864871686,-0.010484689135527803,0.019214043390875846,0.018614993103229643,0.016155670916551648,12977113.6,0.7849779476385258,False,True
2022-03-04,1053.283203125,1073.240966796875,1091.1240234375,1070.8411865234375,1085.9090576171875,10805667,-0.02217970760337329,0.03094322383301429,-0.011560883399353017,-0.0382738352101345,1092.5397155761718,1108.8405810546874,1077.6726144409179,-0.01766411646566024,-0.03210525919240026,-0.004112239268826534,0.019064351922100795,0.016283572017713667,13038755.0,0.8287345685995327,False,True
2022-03-07,1014.3323974609376,1033.552001953125,1067.0338134765625,1025.45263671875,1051.61962890625,17983310,-0.03698047882220068,-0.019440011757189013,-0.03935565063954771,-0.08829809308215864,1090.422589111328,1107.68037109375,1078.232183227539,-0.05215463043970081,-0.06692216552273911,-0.04143836732889028,0.020683629574339165,0.01680332844578032,13384858.45,1.3435562331254987,False,True
2022-03-08,1012.4979248046876,1031.682861328125,1036.5286865234375,1006.0696411132812,1020.6068725585938,21289374,-0.0018084630685905045,-0.052573557849141306,-0.03521648978018832,-0.09087216526362085,1088.5396667480468,1106.4130908203124,1078.809288635254,-0.05223218515295669,-0.06754279221044035,-0.0436837426258595,0.02065903201725968,0.016800397457145202,13913603.8,1.5301121338527692,False,True
2022-03-09,1066.2139892578125,1086.416748046875,1092.3701171875,1031.059814453125,1031.9136962890625,20414228,0.05305301538913709,-0.0185320337266075,-0.0008276359452664694,-0.023053173023441786,1088.4946716308593,1106.2640258789063,1079.620489807129,-0.001908988291941749,-0.017940814640757252,0.006295043771316511,0.023720423762838647,0.01803390549083717,14331272.75,1.4244532468339213,False,True
2022-03-10,1083.4927978515625,1104.02294921875,1109.9071044921875,1089.1396484375,1107.599609375,17980493,0.016205752721988986,0.005865482604132444,0.003671037731787008,0.0050836753288996395,1088.6965759277343,1106.2072607421876,1080.5587188720704,0.014077727100368032,-0.001974595178458771,0.021714905388179773,0.023857365500868966,0.018086584798982727,14655986.15,1.226836107510923,False,True
2022-03-11,1086.617919921875,1107.207275390625,1112.6761474609375,1096.546630859375,1096.546630859375,12257423,0.002884293459776588,0.03164835264826271,0.007601578970638512,0.010934519940402065,1089.1142272949219,1106.176337890625,1081.5647882080077,0.01661262670366681,0.0009319829621070586,0.023708692685070698,0.023860621324254556,0.01808488894591405,14645632.75,0.8369336586020839,False,True
2022-03-14,1095.540283203125,1116.298828125,1118.8602294921875,1095.6005859375,1101.553955078125,8340678,0.008211247285353496,0.08006063170068511,0.017863069906683293,0.0062190532778767516,1090.0937561035157,1106.7278295898439,1082.600393676758,0.024039282744956703,0.008648014696353234,0.031127306663721432,0.023910482885440554,0.018039352010078037,14265498.15,0.5846748506290332,False,True
2022-03-15,1070.4488525390625,1090.7318115234375,1120.49853515625,1080.3018798828125,1120.49853515625,15925769,-0.0229033803112616,0.057235563765493325,0.010647611201182405,0.009827175121698284,1090.6683227539063,1106.6844482421875,1083.494203491211,5.821088612067982e-05,-0.014414801567048774,0.006679877020943525,0.02422167606299728,0.017957352454873267,14525804.95,1.0963777260412684,False,True
2022-03-16,1088.5203857421875,1109.1456298828125,1111.2454833984375,1097.03125,1099.2926025390625,11149828,0.016882076936636015,0.020920960466412897,-0.00603818836627279,0.05532741021386767,1090.3314270019532,1106.679833984375,1084.2061822509766,0.017255489858337913,0.0022281023135299893,0.02300249531879439,0.023274502026321444,0.017718804702931988,14522662.8,0.7677536932138919,False,True
2022-03-17,1124.0064697265625,1145.30419921875,1152.5496826171875,1114.5682373046875,1122.7137451171875,21422098,0.03260038029429713,0.03739165932122357,0.02849212626261788,0.0737480411543836,1091.9178344726563,1106.8976635742188,1084.9478128051758,0.048892291215187234,0.03469745840867966,0.05563068167999741,0.024380649988770757,0.018096769249500943,15074125.7,1.421117113279744,False,True
2022-03-21,1117.52978515625,1138.7047119140625,1146.3656005859375,1125.59814453125,1127.9056396484375,11999466,-0.005762213488075263,0.028447642301054454,0.009781106379883164,0.042813130883471384,1092.4693298339844,1106.8773583984375,1085.6366012573242,0.04232190398160118,0.028754182452224608,0.048882020553910666,0.02429212666556907,0.017877691243333653,15031436.4,0.7982913728723889,False,True
2022-03-22,1146.4031982421875,1168.1253662109375,1169.8790283203125,1132.3360595703125,1135.335693359375,22557065,0.025836947883900008,0.04642711859958526,0.044031538006413795,0.07014061605353561,1094.9325866699219,1107.9355786132812,1086.3978454589844,0.06684683644645273,0.054326071623217675,0.07522798493532035,0.024825966431542484,0.018165074344679066,15820516.75,1.4258108857284955,False,True
2022-03-23,1150.04931640625,1171.84033203125,1183.6778564453125,1164.3641357421875,1164.3641357421875,15462187,0.0031802800690501343,0.07436156133974614,0.05804402871880954,0.070128008932266,1098.1469299316407,1108.8881127929687,1087.1582815551758,0.06710705106118797,0.056770578124174076,0.07789302800962594,0.024649457118267486,0.018165053463857484,16038266.45,0.9640809403063634,False,True
2022-03-24,1167.9166259765625,1190.0465087890625,1192.5848388671875,1158.3646240234375,1158.3646240234375,13168266,0.015536397118414813,0.07293981667204297,0.07938467663780324,0.08792316646510767,1102.5231018066406,1110.1863110351562,1088.0539370727538,0.07938464676069135,0.07193405013203891,0.0937385254913965,0.024729984207606588,0.018254725694308693,16021934.05,0.8218899140956082,False,True
2022-03-25,1175.7069091796875,1197.984375,1207.2835693359375,1189.2850341796875,1191.8233642578125,14222488,0.0066702151153863465,0.04599666692672999,0.09342689626888045,0.08232574097534173,1107.6411376953124,1111.481279296875,1088.9041354370117,0.08156363485439533,0.07782685800866296,0.10017432757678968,0.02461319145368826,0.018217238220403914,16367552.95,0.8689440653375128,False,True
2022-03-28,1187.5281982421875,1210.029541015625,1213.629150390625,1193.6693115234375,1204.5145263671875,9891424,0.010054526809354147,0.06263680860832799,0.16234079255374856,0.09134233221342769,1116.0912048339844,1112.4121264648438,1089.8440954589844,0.08416725781439482,0.08775292198674745,0.11027764985598698,0.020999339120024108,0.018250824808105758,15619791.65,0.6332622240835075,True,True
2022-03-29,1187.7999267578125,1210.306396484375,1217.4365234375,1203.314697265625,1217.4365234375,8684065,0.00022880058656893354,0.03611001994611307,0.14825187669729067,0.11167396527055296,1123.90439453125,1113.2174438476563,1090.8768167114258,0.07687664749203238,0.08721472446671896,0.10948035373323228,0.021032732272409364,0.018068268059078522,15325490.45,0.5666418982369338,True,True
2022-03-30,1210.626953125,1233.5660400390625,1240.5115966796875,1207.791259765625,1218.3134765625,15811550,0.019217979531671148,0.05267416244397238,0.13282204084286464,0.12870806845135574,1131.1361022949218,1114.4538037109376,1092.007376098633,0.09055491866657261,0.10687947399120712,0.129631600517361,0.020349021475450806,0.018204431478935554,15051195.65,1.0505178703194917,True,True
2022-03-31,1193.325439453125,1215.9366455078125,1232.066162109375,1213.0985107421875,1229.8740234375,13223718,-0.014291407155381575,0.021755567137535348,0.09847613149309864,0.09605424113153038,1136.5864135742188,1115.2152783203126,1092.9802175903321,0.06981451738813349,0.09031562707713436,0.1124964806669233,0.020709452344769595,0.018246664598323904,14638792.25,0.9033339481950774,True,True
2022-04-01,1202.882080078125,1225.67431640625,1229.96630859375,1210.0526123046875,1216.5135498046875,7922880,0.008008370283445698,0.02311377509097312,0.116700960482647,0.08044831928690388,1142.9908752441406,1116.45255859375,1093.9284841918945,0.07233954614418803,0.09782928703219818,0.12043367927445336,0.02047660334249094,0.018060213182364955,14525598.85,0.5454425722351544,True,True
2022-04-04,1206.4375,1229.297119140625,1234.5120849609375,1219.12109375,1225.48974609375,7929162,0.0029557629509584515,0.01592322953440295,0.1454064438198861,0.07859575223748805,1150.793682861328,1117.764140625,1094.8830966186524,0.06821677721075625,0.09978221206243121,0.12276563857555733,0.019417270169580524,0.018056364141882546,14381773.6,0.551334085804271,True,True
2022-04-05,1189.3851318359375,1211.921630859375,1232.158447265625,1209.45263671875,1223.482177734375,13149870,-0.014134490360960816,0.001334566502905199,0.17257924958703685,0.08671631145742986,1159.7121643066407,1119.1357177734376,1095.8394396972656,0.04501933165799721,0.08290854416704563,0.10592992637149301,0.017244933377911737,0.01792239329684881,14140101.6,0.9299699798479525,True,True
2022-04-06,1186.2147216796875,1208.691162109375,1215.8212890625,1193.9462890625,1193.9462890625,12257215,-0.002665575617879945,-0.02016501518548597,0.1715723963402671,0.07514367139009281,1168.5625793457032,1120.438994140625,1096.7702850341798,0.03434012304770229,0.0787657056120572,0.10204586922384329,0.017271978715165823,0.017909734007763124,13688493.65,0.8954392874339391,True,True
2022-04-07,1165.2899169921875,1187.369873046875,1202.6685791015625,1184.6700439453125,1197.63818359375,15496499,-0.017639980940450273,-0.023493635598923146,0.09292301980937823,0.055311751969351786,1173.6102355957032,1122.2383813476563,1097.5714489746094,0.01172419687034143,0.05803712721089127,0.08181556121577183,0.014615004209126002,0.018077050838569433,13442607.2,1.1527896909760185,True,True
2022-04-08,1184.6749267578125,1207.1220703125,1211.4371337890625,1181.4395751953125,1181.4395751953125,15152495,0.016635252177099158,-0.01513635869285923,0.09338494382449847,0.06519922671148048,1178.7651916503905,1124.475732421875,1098.4446069335938,0.024056426897376415,0.07349766251746748,0.09893759111102463,0.0146333305097218,0.01817218035782907,13301207.3,1.1391819297485875,True,True
2022-04-11,1182.20654296875,1204.60693359375,1217.6904296875,1192.0540771484375,1199.8995361328125,9254209,-0.0020835810897723572,-0.020084798998093567,0.08796876643423635,0.03534181690258609,1183.6351745605468,1126.987216796875,1099.331725463867,0.01771809378763134,0.06887364438567989,0.095762912769084,0.014705530328624887,0.01786548860147074,13151046.6,0.7036861233538629,True,True
2022-04-12,1159.9453125,1181.9241943359375,1201.0994873046875,1179.316650390625,1193.9000244140625,13217742,-0.018829992278180052,-0.02475196065455676,0.05878834999868787,0.010156628522232536,1186.9164428710938,1129.0658129882813,1100.1525030517578,-0.00420606569665527,0.046816032103351723,0.07432759645353704,0.01554855017300173,0.01803022064320345,13394899.8,0.9867742347725512,True,True
2022-04-13,1155.68798828125,1177.5860595703125,1196.4844970703125,1174.747802734375,1188.13134765625,10354235,-0.003670400171529087,-0.025734532951145916,0.07962933429581076,0.004982310583646621,1191.2591552734375,1130.5892236328125,1101.0712338256835,-0.011477851517528559,0.04156844497994561,0.06949125850720606,0.014417411296297675,0.01803692720654318,13116323.1,0.7894159758842781,True,True
2022-04-18,1152.1551513671875,1173.986328125,1181.3472900390625,1163.810302734375,1168.9791259765625,9974224,-0.0030568733521064706,-0.011271588765791929,0.0584600403186355,-0.003291203810363519,1194.5011901855469,1132.1135571289062,1102.0851489257811,-0.017174417429722477,0.03698637007959271,0.06524103810790116,0.014162242507939196,0.01802987222885412,13057542.9,0.7638668374583705,True,True
2022-04-19,1196.0655517578125,1218.728759765625,1231.2816162109375,1177.3092041015625,1180.5166015625,26141820,0.038111544034830525,0.009615174586378172,0.06410922146008047,0.04718849532627356,1198.1724182128905,1134.4879736328126,1103.3653494262696,0.017156413584778374,0.07425445495297756,0.10455594821728109,0.014808601945705466,0.018611743156217164,13293529.0,1.9665071629963722,True,True
2022-04-20,1231.2344970703125,1254.564208984375,1261.7406005859375,1222.5592041015625,1226.251220703125,25072240,0.029403957961606997,0.04147184778489166,0.10174674422446439,0.07806546777999945,1203.9653930664062,1137.8633837890625,1104.8205737304688,0.04202680260526215,0.10256136796203164,0.13553661002916617,0.015744726474189195,0.018970163249592373,13947167.7,1.7976581725621612,True,True
2022-04-21,1260.0628662109375,1283.938720703125,1287.123046875,1260.8175048828125,1269.5399169921875,21708633,0.02341411584069486,0.08631224139083149,0.09914462765914656,0.1229692009535499,1209.7560607910157,1142.024267578125,1106.369944152832,0.061320345742764015,0.12426570709040696,0.1604967465798799,0.015584254238606106,0.01901330971458336,13904746.1,1.5612390793672961,True,True
2022-04-22,1249.5098876953125,1273.185791015625,1293.12255859375,1266.4478759765625,1273.23193359375,15054154,-0.008374955528727579,0.0811827982068638,0.086484016818831,0.11338464967565409,1214.8233337402344,1146.1011572265625,1107.894855041504,0.04804192976414323,0.11088430806281813,0.14919370301428914,0.01586123679165105,0.01906003590910518,13884344.45,1.0842538554277945,True,True
2022-04-25,1220.6138916015625,1243.7420654296875,1273.0010986328125,1229.2740478515625,1265.6171875,17063215,-0.023126024334948148,0.05941784468316258,0.045120553057429014,0.1333529108483349,1217.5081115722655,1149.2296655273437,1109.2007843017577,0.021547251807254142,0.08223978438546053,0.12129569599306,0.016747687652635866,0.018534793491872172,14079091.9,1.2119542312242453,True,True
2022-04-26,1257.1414794921875,1280.9620361328125,1289.89208984375,1249.6031494140625,1250.66455078125,12227666,0.029925795498656038,0.051064091060881944,0.06926439347993374,0.16955649734043288,1221.6569946289062,1152.849208984375,1110.6440097045897,0.04854475664171254,0.11112713280282405,0.1533506910765441,0.01783600244820916,0.018866012388075497,13979350.8,0.8746948391909587,True,True
2022-04-27,1258.3646240234375,1282.2081298828125,1305.12158203125,1271.455078125,1271.8243408203125,19338945,0.0009727796100513775,0.02203468001117015,0.05965027003109791,0.188294026903979,1225.2659240722655,1156.5162866210937,1112.1520761108397,0.04647334484035537,0.10868142949282888,0.15290719446089907,0.017775963986508853,0.0187259765438205,14451726.85,1.338175375214762,True,True
2022-04-28,1277.16064453125,1301.3603515625,1315.736083984375,1285.78466796875,1296.79150390625,25614076,0.014936905509589815,0.013568895912598133,0.0752321522406334,0.20720513015050512,1229.818621826172,1160.6093286132811,1113.7899392700194,0.0581725861575384,0.12127338586653535,0.16840735014666652,0.017956430267782906,0.01878063149060847,15298227.4,1.6743165943526241,True,True
2022-04-29,1263.754150390625,1287.699951171875,1318.11279296875,1281.7235107421875,1318.11279296875,18214862,-0.010497015968116252,0.011399876010768306,0.04388408028085644,0.16913183008903232,1232.5253173828125,1164.7785180664061,1115.3997662353515,0.04476551760106817,0.10553202278277318,0.15447392957420414,0.017841276406254127,0.01870583058355041,15418393.0,1.1813722740106574,True,True
2022-05-02,1259.315673828125,1283.17724609375,1294.73779296875,1272.839599609375,1274.66259765625,9467006,-0.003512235186472701,0.03170688019660939,0.05529942767524343,0.16889480613046093,1235.8873474121094,1168.1243920898437,1117.0363601684571,0.03826392331037565,0.09849366624223133,0.14873364184871973,0.01747270918226436,0.018706963636106275,15230557.4,0.621579745991437,True,True
2022-05-04,1220.0023193359375,1243.1190185546875,1287.5845947265625,1235.112060546875,1285.277099609375,19247660,-0.031218000210811003,-0.029542653498437765,0.014232738595344241,0.13010004699673128,1236.7595825195312,1170.7152514648437,1118.442896118164,0.005142014765877834,0.061845753695656924,0.11147294409865993,0.018996968143463373,0.019214968221358396,15796796.4,1.2184533821047412,True,True
2022-05-05,1196.11083984375,1218.77490234375,1259.89453125,1214.6676025390625,1256.894775390625,17210669,-0.019583093692220332,-0.049471865027762685,-0.00855953913259866,0.12247372684917135,1236.2334716796875,1172.5372534179687,1119.691714477539,-0.014122388477490588,0.03943384211546164,0.08849148974228527,0.01952828057372804,0.019322886881514508,16260871.75,1.058409983462295,True,True
2022-05-06,1186.9393310546875,1209.4295654296875,1227.1280517578125,1196.9228515625,1205.5299072265625,19649948,-0.007667812075955127,-0.07064206775812265,-0.002056292557399475,0.12411535731531531,1236.108868408203,1174.3486401367188,1120.9254190063477,-0.021583295501205968,0.02987266650973819,0.07895632030701472,0.019338902447396944,0.019309516031222836,16585875.65,1.1847398602677937,True,True
2022-05-09,1140.583251953125,1162.195068359375,1198.561279296875,1156.9801025390625,1188.3389892578125,18083752,-0.039055186362614625,-0.09746438422886006,-0.038468134133500476,0.08683266887700558,1233.7840637207032,1175.4414721679686,1121.9313732910157,-0.058023926119971425,-0.011269301043260072,0.03588784129483069,0.02122960778367126,0.020003992505833294,16877202.5,1.0714898988739396,True,True
2022-05-10,1120.813232421875,1142.050537109375,1166.0255126953125,1134.3665771484375,1151.442138671875,19511677,-0.017333175641880194,-0.1099822408899418,-0.0381678337696133,0.05033849771277432,1231.5180969238281,1176.232021484375,1122.7672647094726,-0.07264818928599703,-0.029060154587412068,0.017174772551720396,0.02121762578448829,0.02004914336677504,17077961.4,1.1425062127145926,True,True
2022-05-11,1109.3319091796875,1130.3515625,1146.8040771484375,1117.7294921875,1141.1275634765625,16643899,-0.010243832675729148,-0.09071332219323347,-0.06359796552524766,0.02760647008193029,1227.6795715332032,1176.9265795898436,1123.5756970214843,-0.07927802277564489,-0.039573426157199165,0.006030626593720445,0.020841030310079372,0.020051554647683854,17152531.6,0.9703464997551731,True,True
2022-05-12,1086.7313232421875,1107.32275390625,1123.682861328125,1093.754638671875,1120.2908935546875,20490321,-0.020373138196772334,-0.09144604817770152,-0.08076010271439193,0.007706668900290481,1222.815362548828,1178.252470703125,1124.280869140625,-0.09444811717269075,-0.060199081742258076,-0.015083522009351147,0.021193548238590532,0.02023371833887216,17714337.2,1.156708307438113,True,True
2022-05-13,1099.050537109375,1119.87548828125,1143.5965576171875,1114.68359375,1119.5986328125,19308778,0.011336111653732717,-0.07404654202960603,-0.05249804205044595,0.021124338480053018,1219.7129272460938,1179.5691284179688,1124.9867330932618,-0.08185322688204999,-0.05060630928581489,-0.004543382301014254,0.021155137999487015,0.020280994599876905,18018889.0,1.071585379098567,True,True
2022-05-16,1099.3223876953125,1120.1524658203125,1144.9810791015625,1115.2835693359375,1123.498291015625,13437911,0.0002473288700046705,-0.03617516859576109,-0.0487723111896865,0.03790812902139984,1216.8412475585938,1180.1935400390626,1125.7285943603515,-0.07945882992729947,-0.05087392209989794,-0.004953350717014859,0.02116167760062266,0.020165424695353446,18173072.8,0.7394407730540759,True,True
2022-05-17,1145.497314453125,1167.2022705078125,1172.1634521484375,1122.3675537109375,1123.7982177734375,16551828,0.04200303630367341,0.02202331033624705,-0.005778651296580617,0.04598932013961221,1216.5020446777344,1181.3989770507812,1126.7722760009765,-0.040525845711161135,-0.012016860365334892,0.035881247141015926,0.023359656577367566,0.020414853002988616,18501953.0,0.8945989647687463,True,True
2022-05-18,1149.6640625,1171.4481201171875,1186.0545654296875,1157.5570068359375,1172.048095703125,17276788,0.003637629669386966,0.0363573236686594,-0.03879504710919446,0.051969571653997404,1214.1380126953125,1182.8762377929688,1127.887605895996,-0.03516065894630549,-0.009661296178460788,0.03862132538160745,0.021602796772826494,0.020413825848618432,18058701.4,0.9567015710221556,True,True
2022-05-19,1123.16845703125,1144.4503173828125,1159.518310546875,1138.0816650390625,1146.3656005859375,14699118,-0.023046520175109664,0.03352912540231778,-0.08777063048108513,0.014876197131992619,1208.6323181152343,1184.3004248046875,1128.9086740112305,-0.053102998960435244,-0.03364864741009188,0.013766962491624346,0.02078941477078631,0.020589310163058205,17540045.3,0.838031929142167,True,True
2022-05-20,1188.660400390625,1211.1832275390625,1220.39013671875,1154.672607421875,1159.518310546875,21793091,0.05831001061615182,0.08153383140651527,-0.056665861065564926,0.08251522005458822,1204.9945434570313,1187.8530493164062,1130.2267175292968,0.005135860668942449,0.019640626621350687,0.07162855801775647,0.0243961654615222,0.021869132937001445,17544268.2,1.2421772599212773,True,True
2022-05-23,1180.7117919921875,1203.083984375,1224.6129150390625,1196.6690673828125,1214.436767578125,15252755,-0.006687050299168162,0.07403592018516414,-0.055060154719999255,0.08625363961381138,1201.489453125,1191.2810717773436,1131.5456842041015,0.0013271287948910526,0.009907747950739232,0.0632217516000837,0.024378169645072344,0.02184267236665715,17554198.25,0.868894994962245,True,True
2022-05-24,1184.7652587890625,1207.21435546875,1217.4365234375,1198.838134765625,1203.130126953125,13527818,0.0034331527535840234,0.03428033509867112,-0.029369200396320072,0.09495609380516923,1199.663067626953,1193.6970239257812,1132.7994638061523,0.006294507220876655,0.011323921625031375,0.06569114308420243,0.023917284411271007,0.021828842818073454,17377428.4,0.7784706510429358,True,True
2022-05-25,1183.021728515625,1205.4376220703125,1226.066650390625,1200.591796875,1216.0521240234375,12714544,-0.0014717629809394284,0.029014944297938605,-0.05895913534682573,0.1002296400953322,1195.8868469238282,1195.7253173828126,1134.0091705322266,0.007986353534242596,0.008122521574401409,0.06298754312944599,0.02276812282453274,0.02180783318527519,17401772.3,0.7306464985753204,True,True
2022-05-26,1171.7440185546875,1193.9462890625,1216.0059814453125,1175.901611328125,1211.16015625,17882023,-0.00953291385420374,0.04324868535392379,-0.06883581437623487,0.14689140128818812,1191.4737548828125,1197.46009765625,1135.1245004272462,0.0020751897971353905,-0.002934384703613402,0.051819680231652177,0.022797897352883272,0.02078660266549449,17328926.2,1.0319175460508339,False,True
2022-05-27,1166.3089599609375,1188.408203125,1202.2762451171875,1172.2557373046875,1196.692138671875,16521973,-0.00463847158639652,-0.018803946336292898,-0.08679544316982002,0.1274764419030756,1185.8261474609376,1198.90228515625,1136.1417611694335,0.0021774318854337338,-0.008753075343318928,0.04600345110258819,0.022389569617238907,0.02076455401095491,16874321.05,0.9791192754389368,False,True
2022-05-30,1206.9356689453125,1229.8048095703125,1234.050537109375,1197.222900390625,1206.822021484375,13853398,0.03483365929018101,0.022210274213893655,-0.04496011788217813,0.12936798598289556,1182.9313903808593,1201.6837451171875,1137.4703039550782,0.039624799519743625,0.023401385403929664,0.08117531094585906,0.023967494640229396,0.02080941047968001,16656247.85,0.831723814676545,False,True
2022-05-31,1192.374267578125,1214.967529296875,1236.2657470703125,1207.1451416015625,1219.005615234375,70620653,-0.012064744061800803,0.006422367157085773,-0.05315689395562395,0.09760063273229491,1179.5209045410156,1203.8001831054687,1138.7521197509766,0.030051713894509335,0.009276744054480535,0.06692888489425175,0.024071438915759948,0.02080406604319686,19713930.2,3.5822716365303964,False,True
2022-06-01,1192.75927734375,1215.35986328125,1225.3743896484375,1207.3758544921875,1215.72900390625,9776989,0.00032291725903332846,0.008231235718274776,-0.022330247433356543,0.10730355404492964,1178.1329467773437,1205.2012963867187,1140.0107455444336,0.03159823057808242,0.008428937908536493,0.06609509430617866,0.02310156183119752,0.02076191068468234,19240396.65,0.5081490354825924,False,True
2022-06-02,1233.8843994140625,1257.2640380859375,1261.0252685546875,1215.590576171875,1215.590576171875,22126569,0.03447882069394148,0.05303232616364628,0.03158018405873908,0.17146482195725876,1180.0574035644531,1207.5724829101562,1141.4113977050781,0.06542616849678318,0.04114995652768472,0.1014994598913177,0.023945250749596213,0.02093542798474172,19486191.65,1.1354999169373357,False,True
2022-06-03,1258.8853759765625,1282.73876953125,1300.20654296875,1265.4324951171875,1266.3555908203125,23939791,0.02026203778491542,0.0793755598103425,0.060614694891733656,0.2410974649627997,1183.7228637695312,1209.8647509765624,1142.955114440918,0.0836478780568668,0.0602331942441221,0.12230021400158653,0.024175853592667475,0.0203864401638641,19700683.8,1.2151756377106058,False,True
2022-06-06,1253.472900390625,1277.223876953125,1298.6605224609375,1269.9552001953125,1282.9696044921875,11093152,-0.004299310747534646,0.03855820615905747,0.09897547470764234,0.23800047943890967,1189.4743041992188,1211.972421875,1144.3901483154298,0.07377172625261652,0.05383905928913535,0.11607381349204182,0.0221405247701766,0.020400603704076124,19351153.8,0.5732553270286136,False,True
2022-06-07,1255.8282470703125,1279.6236572265625,1288.0921630859375,1270.0706787109375,1278.308349609375,12358255,0.0018789033909718533,0.05321634230595884,0.120461499423131,0.17783866966983775,1196.352960205078,1213.76396484375,1145.772917175293,0.06960378733648165,0.05426070825169926,0.11682135093684676,0.021530830461704918,0.01934771652209636,18993482.7,0.650657659534973,False,True
2022-06-08,1233.7711181640625,1257.148681640625,1283.4310302734375,1253.572021484375,1279.6236572265625,12479250,-0.017563738728189393,0.03438390522997259,0.11217494038773879,0.13869796142392943,1202.6928161621095,1214.9472509765626,1147.064655456543,0.045278282822282634,0.034735195812115593,0.09597020155787761,0.021879434763775664,0.019445443158588867,18785250.25,0.6643110863002744,False,True
2022-06-09,1267.60400390625,1291.6226806640625,1293.583984375,1250.66455078125,1250.66455078125,17278305,0.02742237217195953,0.027328104151004506,0.16643740599357004,0.16655906204046156,1211.9078125,1216.5791137695312,1148.5093807983399,0.06577634646947406,0.06168408288879079,0.12460786325162032,0.021505616681245718,0.019713036384183567,18624649.45,0.9277116890916839,False,True
2022-06-10,1229.3323974609375,1252.6259765625,1287.5384521484375,1246.7418212890625,1279.2314453125,18093057,-0.03019202487332684,-0.023475390066953428,0.11854039995552657,0.12212424218565476,1218.5453369140625,1217.4255053710938,1149.815425415039,0.027968298442424766,0.028913860467114638,0.08941483030665576,0.023106029212748982,0.020151625575816238,18563863.4,0.9746385550326772,True,True
2022-06-13,1206.0751953125,1228.9278564453125,1233.4967041015625,1207.4219970703125,1222.974609375,17620803,-0.018918751934412836,-0.03781327720166394,0.09710766520104142,0.12670029741669953,1223.9841064453126,1217.3327416992188,1150.970443725586,0.004039063884871519,0.009525016742676806,0.06773189802110435,0.023740101777146454,0.02007417817786515,18773008.0,0.9386243802804537,True,True
2022-06-14,1190.3135986328125,1212.86767578125,1233.058349609375,1206.106689453125,1222.9976806640625,14714312,-0.013068448713105751,-0.05216844895631145,0.03912381463546155,0.0935152635541614,1226.2673767089843,1217.2713623046875,1151.9958959960939,-0.010927226135376777,-0.003617670356673708,0.05284027486271747,0.022365108766845915,0.02007494510034408,18681132.2,0.7876563284531545,True,True
2022-06-15,1175.910888671875,1198.1920166015625,1217.113525390625,1192.7001953125,1207.9989013671875,11195535,-0.012099967269912137,-0.04689712990998163,0.022829774554335103,0.046177965137025545,1227.6045715332032,1216.7217163085938,1152.904358520508,-0.023959307104001848,-0.015229201105449564,0.03928136600955434,0.022585952029331603,0.019734849484082228,18377069.55,0.6092122016265645,True,True
2022-06-16,1159.469970703125,1181.4395751953125,1227.151123046875,1178.6705322265625,1210.5140380859375,17111475,-0.013981433004173205,-0.08530595437678556,0.03232054485081437,0.03752936370081095,1229.454034423828,1215.7645654296875,1153.664794921875,-0.03905348055652769,-0.02823325437375579,0.024075260331852588,0.022157104741877685,0.01981055968764311,18497687.4,0.9250602321239357,True,True
2022-06-17,1173.0572509765625,1195.2845458984375,1211.3677978515625,1179.6397705078125,1181.4395751953125,24457187,0.011718729416048346,-0.045776977116042894,-0.013126570182885322,0.023250226793376294,1228.6591003417968,1215.4318237304688,1154.501494140625,-0.02716339661186329,-0.01657623030652111,0.03532524813938864,0.01795644297651375,0.01959083281831546,18630892.2,1.3127222645837648,True,True
2022-06-20,1151.79296875,1173.6171875,1207.791259765625,1163.4871826171875,1202.20703125,12066797,-0.01812736429395667,-0.04500725462054311,-0.02449271809590914,0.0015162948570561774,1227.1857604980469,1214.7303442382813,1155.1309802246094,-0.043651560116136245,-0.03384550071815495,0.016003559416089885,0.018341714260307965,0.01973530993643523,18471594.3,0.6532623445503023,True,True
2022-06-21,1170.3851318359375,1192.561767578125,1196.8536376953125,1166.81005859375,1181.4395751953125,11720049,0.016142043828175412,-0.016742063960147435,-0.012137519591485901,0.002113580242861124,1226.4531311035157,1214.8341821289061,1155.883109741211,-0.02763363936695773,-0.018333707495578055,0.03173215139818586,0.01872251136812727,0.01974343241269937,18381205.85,0.6376104536144999,True,True
2022-06-22,1134.8311767578125,1156.333984375,1180.655029296875,1154.2110595703125,1180.562744140625,10617206,-0.030378118926868702,-0.03493432742548608,-0.040735112955059494,-0.03476705664462443,1223.99794921875,1213.8184204101562,1156.4334484863282,-0.05528110965131783,-0.04735834871885691,-8.600936911529189e-05,0.01988556246633376,0.02011430670114817,18276338.95,0.5809263019823782,True,True
2022-06-23,1116.419921875,1137.573974609375,1165.287109375,1128.3670654296875,1160.6951904296875,19446323,-0.01622369490053932,-0.03712894125684396,-0.04721511760582564,-0.05987917149975963,1221.1793334960937,1212.4777612304688,1156.8269921875,-0.06846280197632093,-0.06177745193864714,-0.016642953274904726,0.02007626873985116,0.020169000068905547,18354553.95,1.0594821891599278,True,True
2022-06-24,1132.3175048828125,1153.772705078125,1158.8260498046875,1138.9815673828125,1144.5196533203125,14240234,0.014239716124230473,-0.03472967249744707,-0.029144445448793244,-0.04671023103774852,1219.44755859375,1211.9147314453126,1157.0843939208985,-0.05385623436842202,-0.04797534418766258,-0.0028620979248985545,0.020398027575771714,0.020262361738321362,18240467.0,0.780694595154828,True,True
2022-06-27,1128.9658203125,1150.3575439453125,1174.4940185546875,1145.23486328125,1174.4940185546875,15474529,-0.00295999473534192,-0.019818765268966754,-0.06460152457263402,-0.06745362095985963,1215.4751953125,1211.3701611328124,1157.239111328125,-0.05357382167757507,-0.05036661719522961,-0.005946538891962283,0.018542482517830132,0.020096378248567127,18321523.55,0.8446092901482529,True,True
2022-06-28,1144.8404541015625,1166.5330810546875,1169.41748046875,1145.48876953125,1145.48876953125,13572847,0.014061312671448833,-0.021825860287553067,-0.039864808790583406,-0.04063004814900739,1213.0534729003907,1211.2210961914063,1157.4394018554688,-0.03834982783938923,-0.03689501056185107,0.007856721643172637,0.018801391478265306,0.020111079428831415,15469133.25,0.8774148351201254,True,True
2022-06-29,1168.59619140625,1190.73876953125,1198.51513671875,1154.2110595703125,1157.0723876953125,19205146,0.020750108907908293,0.029753328727812,-0.020258274519225572,-0.028503123878317993,1211.8224182128906,1210.6612963867187,1157.7827575683593,-0.01739829892958511,-0.016455904648912556,0.028464763140977123,0.019469433751117884,0.02026903210319242,15940541.1,1.2047988759929862,True,True
2022-06-30,1175.6165771484375,1197.89208984375,1207.2374267578125,1184.2086181640625,1190.6695556640625,23112959,0.006007464017750985,0.05302346623663512,-0.04722313407816514,-0.025547143003824435,1208.8538208007812,1209.5278540039062,1158.1751477050782,-0.009067871374034198,-0.009620087806691102,0.03429269071899088,0.01771245250544874,0.02028111822188574,15989860.6,1.4454759536802966,False,True
2022-07-01,1090.943359375,1111.6146240234375,1196.20751953125,1091.4471435546875,1188.31591796875,81997149,-0.07202440566375745,-0.03653932951363492,-0.13340529620878794,-0.0827669085869931,1200.2976135253907,1206.0813720703125,1158.2608709716797,-0.07388416714541546,-0.07832535203219082,-0.04027266060460977,0.02281928781602218,0.02223651138253115,18892728.5,4.3401432990475675,False,True
2022-07-04,1093.2078857421875,1113.922119140625,1126.9825439453125,1091.9547119140625,1097.885009765625,41857728,0.0020758049303415405,-0.031673130668337324,-0.12785680001697408,-0.07840633400790453,1192.1325256347657,1202.8960986328125,1158.3652850341796,-0.06560546316148586,-0.07396647108034815,-0.038367142444400204,0.022901623703511922,0.022239622808928248,20430957.3,2.0487404180517768,False,True
2022-07-05,1102.0625,1122.9444580078125,1137.5509033203125,1115.4912109375,1118.214111328125,17647327,0.008099613709213527,-0.037365955372191895,-0.12244162440567419,-0.0542589268108532,1184.298565673828,1200.480146484375,1158.4920819091797,-0.05180628385808017,-0.06458723095390362,-0.030684390904757164,0.02306396497492937,0.022163610167477196,20695410.9,0.8527169180293975,False,True
2022-07-06,1092.3699951171875,1113.068359375,1126.95947265625,1102.0616455078125,1116.875732421875,23943726,-0.00879482378882157,-0.06522875725867727,-0.11460881625997887,-0.07791565844964743,1177.094549560547,1197.1222729492188,1158.454354248047,-0.05439341317946833,-0.07021330692239514,-0.039178060582721,0.022920494273379697,0.022069685530172054,21268634.7,1.1257763527247002,False,True
2022-07-07,1081.61328125,1102.1077880859375,1122.9444580078125,1096.0621337890625,1119.552490234375,23301033,-0.00984716814267994,-0.0799607097917362,-0.1467262037243645,-0.08508928734290355,1167.6188049316406,1193.5202661132812,1158.448701171875,-0.056106510591475534,-0.07659063748035877,-0.04863479326183673,0.02155030350640932,0.022098223315908366,21569771.1,1.080263341320298,False,True
2022-07-08,1083.1080322265625,1103.6307373046875,1115.9066162109375,1099.54638671875,1115.9066162109375,19010108,0.001381851426161207,-0.007182243329844518,-0.11894631122587007,-0.06624236766321467,1160.16904296875,1189.565673828125,1158.4418939208983,-0.04873281700344889,-0.07224059874465905,-0.047314549744653434,0.020962533350525482,0.021979281161319027,21615623.65,0.8794614630515184,False,True
2022-07-11,1097.827880859375,1118.6295166015625,1120.8907470703125,1093.754638671875,1096.75439453125,13847467,0.013590396488507794,0.004225966411879112,-0.08975168010495682,-0.05006559180079162,1154.6541259765625,1186.1842651367188,1158.4861981201173,-0.03119948092207414,-0.05695131061898717,-0.03440410561923868,0.02117534163489116,0.022055284700330764,21426956.85,0.6462638207067655,False,True
2022-07-12,1096.2650146484375,1117.0372314453125,1125.921142578125,1109.445556640625,1109.445556640625,10778989,-0.001423424943306939,-0.005260479732880019,-0.07901145875143367,-0.048509165154113965,1149.8626037597655,1182.86146484375,1158.4630072021484,-0.028547212690561596,-0.05564830316552116,-0.03575925644521449,0.021086437940415974,0.022053228837234193,21230190.7,0.5077198388048394,False,True
2022-07-13,1076.8348388671875,1097.2388916015625,1123.2906494140625,1095.13916015625,1120.1986083984375,14224132,-0.017723974892164818,-0.014221469544176024,-0.08425454651778919,-0.09968573170245554,1144.8149475097657,1179.9438623046874,1158.2037591552735,-0.04155785702457149,-0.07009229281601925,-0.052637428493735205,0.021238640305589338,0.021565148480115745,21381620.55,0.6652504176069105,False,True
2022-07-14,1085.7120361328125,1106.2843017578125,1123.267578125,1096.9620361328125,1102.0616455078125,16970315,0.008243792874537137,0.003789569148339389,-0.06361330280059019,-0.11819236206857964,1141.0571838378905,1177.6940502929688,1158.0063525390624,-0.030474267698943125,-0.060635229088057296,-0.04466473838234419,0.021279710608653128,0.021221145523118642,21374562.55,0.7939491140603483,False,True
2022-07-15,1087.818359375,1108.4302978515625,1114.5220947265625,1099.80029296875,1114.5220947265625,9603210,0.0019398233260112807,0.004348882633150142,-0.07266407680490072,-0.1366953266706129,1136.7144714355468,1175.6740649414062,1157.7233380126954,-0.0248823906924176,-0.05719592623079173,-0.04257756455505812,0.021033193463680214,0.020967018570259267,20631863.7,0.46545528506956935,False,True
2022-07-18,1097.080322265625,1117.8680419921875,1119.1370849609375,1104.0460205078125,1117.2911376953125,15160908,0.008514512963889498,-0.0006807210055465029,-0.04750198454963617,-0.12199142506887384,1133.9270141601562,1174.7875244140625,1157.4330548095704,-0.014162262621340571,-0.048450874084881246,-0.03418341359180588,0.02090453943505595,0.02099647520829025,20786569.25,0.7293607625991481,False,True
2022-07-19,1103.806396484375,1124.7213134765625,1129.2901611328125,1107.738037109375,1107.738037109375,16439888,0.0061306623205379385,0.00687898470609416,-0.05688632316239184,-0.09569568744304369,1130.5349914550782,1174.4409399414062,1157.2236492919922,-0.005142413125163947,-0.04233471839573666,-0.028086477350609873,0.020558804038530856,0.02083542725187527,21022561.2,0.7820116608817388,False,True
2022-07-20,1133.6534423828125,1155.134033203125,1173.36328125,1147.4039306640625,1172.2095947265625,23924246,0.02704022708750453,0.0527643907308617,-0.0010377202331587343,-0.09822929905835354,1130.4749938964844,1174.9365893554686,1157.18615234375,0.021812989619210077,-0.016854148838114424,-0.001773369942656866,0.02050178287944011,0.020764962946453736,21687913.2,1.1031142452193141,False,True
2022-07-21,1126.0897216796875,1147.427001953125,1153.7496337890625,1138.6585693359375,1150.9805908203125,16523230,-0.006671980071982442,0.03718998826064834,0.008661438784351105,-0.10511641970481489,1130.9676452636718,1175.7386743164063,1157.0998516845702,0.014553340016739247,-0.02407990226207557,-0.008359563539277026,0.020209357363599835,0.020772929177544586,21541758.55,0.7670325503671566,False,True
2022-07-22,1133.6988525390625,1155.1802978515625,1161.2720947265625,1151.442138671875,1153.7496337890625,10969995,0.006757114731690939,0.042176761218647885,0.0012199913962622766,-0.11232865173387518,1131.0380249023438,1176.4447705078126,1156.9774389648437,0.021345235454222067,-0.018075198419277516,-0.0015533069641263664,0.020012475262252916,0.020688989097311292,21378246.6,0.5131382009598485,False,True
2022-07-25,1096.2425537109375,1117.01416015625,1138.727783203125,1108.984130859375,1138.727783203125,23110452,-0.033039117587354117,-0.0007638485079292101,-0.02898523503806194,-0.13255090276293935,1129.3708557128907,1176.3820043945314,1156.541782836914,-0.010941220498239979,-0.05046646753903483,-0.034177427281274375,0.021352369103563536,0.021051601724656973,21760042.75,1.0620591266990962,False,True
2022-07-26,1096.74072265625,1117.5218505859375,1127.8594970703125,1112.837646484375,1117.3372802734375,11303288,0.0004545067088643773,-0.0064011082606509895,-0.04201443685115036,-0.12909782807644143,1126.9202941894532,1175.3883959960938,1156.2225402832032,-0.008339936419616611,-0.04923185017588738,-0.033471661681830245,0.02105363287862299,0.02105347482706257,21646564.8,0.5221746778038425,False,True
2022-07-27,1095.6990966796875,1116.46044921875,1120.06005859375,1108.5225830078125,1116.8065185546875,8655086,-0.0009497813099860197,-0.033479737305579405,-0.06238003012343396,-0.10188772550772907,1123.2063781738282,1174.288642578125,1155.8690313720704,-0.006005956773541543,-0.04924529733372407,-0.03409433169650766,0.02037156849074063,0.02070323207723981,21119061.8,0.40982341365183184,False,True
2022-07-28,1112.8646240234375,1133.9512939453125,1138.95849609375,1117.2911376953125,1124.213623046875,12496073,0.015666336177696083,-0.01174428350115031,-0.05337775951653356,-0.06959743611007951,1120.0093383789062,1174.078662109375,1155.3748803710937,0.012448070822860924,-0.0341777509966571,-0.01854254129092725,0.020708349468468213,0.020683765189506934,20588217.5,0.6069526417233546,False,True
2022-07-29,1136.5748291015625,1158.1107177734375,1161.6412353515625,1137.1356201171875,1142.0736083984375,15130683,0.02130552163670818,0.0025367641114768524,0.04182752974381487,-0.04243227478734357,1122.3341430664063,1173.0172119140625,1155.0444464111329,0.03187693694257887,-0.012707822177904338,0.0026546782436225325,0.013476741323565604,0.02086266553856809,17244894.2,0.8774007439257007,False,True
2022-08-01,1166.1956787109375,1188.2928466796875,1194.2462158203125,1157.2569580078125,1162.5872802734375,15700044,0.02606152282596752,0.0638118020934193,0.06676474617133787,0.022455592035125038,1126.0526794433595,1172.7213891601561,1154.8299645996094,0.05527287343882992,0.013278053648090093,0.028976458098469937,0.014499397739199015,0.020514201146489906,15937010.0,0.9851310879518805,False,True
2022-08-02,1170.6341552734375,1192.8155517578125,1203.499267578125,1182.1549072265625,1187.2083740234375,13917913,0.003806052599544252,0.06737559639876145,0.06222132648836132,0.04445076027627293,1129.5462341308594,1172.4334130859374,1154.5754473876952,0.056013039320728986,0.017384474413969286,0.033120489836015565,0.01445689066196178,0.02038248056292409,15750539.3,0.8836467586859073,False,True
2022-08-03,1180.4625244140625,1202.830078125,1204.5145263671875,1184.8778076171875,1199.8995361328125,14250977,0.008395704057035047,0.07736022262740039,0.08064349147468541,0.06412033037287901,1134.0343200683594,1172.3812622070313,1154.3584271240234,0.06066461732171713,0.025971769508366327,0.04199012183914075,0.014220174868850693,0.020351309684790736,15265901.85,0.9335168757160587,False,True
2022-08-04,1164.859619140625,1186.931396484375,1208.0911865234375,1169.902099609375,1204.5145263671875,14467127,-0.013217728696482411,0.04672167386901682,0.07696489337558643,0.07189289870301452,1138.2755004882813,1172.2409643554688,1154.0452990722656,0.04274527210259915,0.012531921828020653,0.028496366163916154,0.014411377692584812,0.02024318519350207,14824206.55,0.9759124005190011,False,True
2022-08-05,1147.694091796875,1169.4405517578125,1190.11572265625,1166.18701171875,1188.8236083984375,13942438,-0.014736188442204368,0.009783031803865416,0.059630284141820145,0.044259441335423366,1141.5659912109375,1171.861611328125,1153.5887603759766,0.02441782670602044,-0.002065994437319807,0.013741284525578656,0.014993408960991557,0.020305148021811638,14570823.05,0.956873743655819,False,True
2022-08-08,1162.708251953125,1184.7392578125,1192.307861328125,1168.0560302734375,1168.0560302734375,10165178,0.013082072476186646,-0.0029904992503463346,0.05909887074299758,0.05765892944304607,1144.8714782714844,1170.9603002929687,1153.2812860107422,0.03482293016960081,0.011767228586728296,0.02727692904007184,0.014974944020395497,0.02036539939371671,14386708.6,0.7065673103297582,False,True
2022-08-10,1169.66064453125,1191.8233642578125,1195.2384033203125,1180.078125,1189.2388916015625,10724688,0.00597946459408516,-0.000831802954394667,0.0669504388101152,0.02109411056858912,1148.6107849121095,1170.4974169921875,1153.1889862060548,0.03762160334321574,0.018219559442024247,0.03350220866994502,0.014951799968502976,0.01965903503236751,14383993.55,0.7455987770517318,False,True
2022-08-11,1173.5555419921875,1195.792236328125,1204.4683837890625,1190.7618408203125,1201.3302001953125,8198226,0.0033300841293575356,-0.0058510690120467945,0.08981940530991483,0.020781215824139165,1153.5384521484375,1170.106064453125,1153.1052239990233,0.03662971451102548,0.021952003032310596,0.03701918215326527,0.014107133848605017,0.01965825350623188,14082698.25,0.5821488080240589,False,True
2022-08-12,1192.5328369140625,1215.1290283203125,1218.9825439453125,1191.6849365234375,1195.4229736328125,12650587,0.01617069538063265,0.023756749479757033,0.0983876625470983,0.06175778001366772,1158.9806884765626,1169.2633642578126,1153.177218017578,0.048446311834198674,0.0392261191657306,0.05372271437102749,0.014330263550152947,0.019512364477924798,13866711.85,0.9122989744681252,False,True
2022-08-16,1200.8212890625,1223.574462890625,1226.343505859375,1212.49853515625,1221.2208251953125,6607378,0.006950236866603898,0.04629043438885594,0.10388038405503974,0.01023068605130839,1164.7378967285156,1168.080078125,1153.1547198486328,0.0505148551681609,0.047509058501112866,0.061067037952405645,0.01432140565347866,0.018034559524793933,13716920.25,0.481695444719087,False,True
2022-08-17,1207.0943603515625,1229.96630859375,1235.388916015625,1225.535888671875,1229.8970947265625,6595965,0.005223912313456314,0.03817468736940244,0.10027862179670932,0.02234451174471852,1170.3428100585938,1167.1349267578125,1153.2418280029297,0.05094532817454667,0.05383386307397808,0.06652939455351192,0.014298410614081412,0.018021543460289086,13288673.1,0.4963599413097159,True,True
2022-08-18,1209.2833251953125,1228.1895751953125,1231.7430419921875,1218.451904296875,1227.589599609375,7410035,-0.0014445382658235806,0.030513087784737714,0.09199457721568827,0.01737489256281921,1175.5162231445313,1166.1062451171874,1153.3865087890624,0.04480869852215119,0.05323985729266556,0.06485515985858514,0.01436391376909643,0.018019227001408105,12837180.45,0.5772322846797717,True,True
2022-08-19,1187.72216796875,1206.2913818359375,1228.3741455078125,1202.1839599609375,1222.974609375,9460724,-0.017829652524035344,0.008780074990327513,0.04428693741362277,0.0007082571092800194,1178.0740905761718,1165.0890991210938,1153.5655706787109,0.023952051475782055,0.03536406163779704,0.04570681762477102,0.014162108429811688,0.018171877805884192,12114004.35,0.7809741293348637,True,True
2022-08-22,1184.4278564453125,1202.9454345703125,1214.344482421875,1193.4385986328125,1207.7451171875,9471680,-0.002773747136063043,-0.010026584392310633,0.048385154369459116,0.007537311845810635,1180.8500122070313,1163.3155541992187,1153.724326171875,0.018711455421831502,0.03406632037888757,0.042662798453557915,0.014059091053175151,0.018131574946865285,11761426.85,0.8053172562136881,True,True
2022-08-23,1202.694580078125,1221.497802734375,1224.451416015625,1195.9075927734375,1197.130615234375,9678484,0.015422451950773075,-0.0016972078277476266,0.05740879151605305,0.02784363110450072,1184.1658874511718,1162.6929907226563,1154.0612213134766,0.03152591683210648,0.05057638816173582,0.05843414558557525,0.014329422932930793,0.018223904214198353,11696851.3,0.8274435360223823,True,True
2022-08-24,1199.490966796875,1218.244140625,1232.20458984375,1216.213623046875,1218.40576171875,10369622,-0.0026636659534643448,-0.009530478913810425,0.09062551226261073,-0.009400409605937132,1189.2273864746094,1162.47931640625,1154.4215368652344,0.024399668625534332,0.04797059477251109,0.055285354371568785,0.011686581572982203,0.017665218682445707,11059809.8,0.9375949665969843,True,True
2022-08-25,1195.9920654296875,1214.690673828125,1228.9278564453125,1210.3294677734375,1222.489990234375,7871946,-0.002916875754519932,-0.010990893946515423,0.08695026696009567,-0.00022787067314489207,1194.0858276367187,1162.5157763671875,1154.7288958740235,0.017255749724612857,0.044881023141020826,0.05192714772129792,0.011770676480916554,0.01759869330301972,10888242.7,0.7229767205685084,True,True
2022-08-26,1189.60791015625,1208.20654296875,1222.974609375,1203.130126953125,1215.1290283203125,10742038,-0.005338092239516534,0.0015876438824404815,0.08217585657799154,-0.00588576316251499,1198.6731323242188,1162.7160668945312,1154.9966809082032,0.007953303021021263,0.03912432051938364,0.04606927702918284,0.011912616006683101,0.01761292305218442,10992590.3,0.9772071647207664,True,True
2022-08-29,1180.3609619140625,1198.8150634765625,1225.2821044921875,1189.7696533203125,1192.97705078125,19838975,-0.007773074518460432,-0.0034335481685628944,0.057201548141959435,-0.046489021270629705,1201.9163208007812,1163.0635766601563,1155.1719354248046,-0.0025802605976367188,0.030739064943525962,0.037780633958795606,0.011859794038850367,0.017048942953248002,11359735.4,1.7464293226407368,True,True
2022-08-30,1198.673095703125,1217.4134521484375,1220.782470703125,1189.1004638671875,1206.360595703125,23139054,0.015513976457669498,-0.0033437232361732683,0.05120644638278993,-0.050926438753140846,1204.8814575195313,1163.5061547851562,1155.3751104736327,0.010401018748106283,0.04633176811448436,0.0536954112239556,0.011449091622185124,0.016961034900406638,11760153.95,1.9675808750785955,True,True
2022-09-01,1163.4346923828125,1181.6241455078125,1202.1839599609375,1177.1475830078125,1191.892578125,19909939,-0.029397824196427003,-0.03005965216331774,-0.005612001444348147,-0.07484962751664959,1204.5480224609375,1163.6662939453124,1155.388609008789,-0.01903110255935725,0.015432131751118794,0.022707110226342753,0.012152501555475023,0.0173555432418856,11970648.7,1.663229746270977,True,True
2022-09-02,1149.8482666015625,1167.8253173828125,1188.5235595703125,1165.610107421875,1181.6241455078125,12999345,-0.011677848812974179,-0.038582132435095784,-0.02095062756196686,-0.08736814079075417,1203.2985107421875,1163.1715649414064,1155.2441595458984,-0.029479961159010637,0.004000916615977124,0.010890475171810854,0.012374319735846868,0.017403682443793762,11924720.3,1.090117392522825,True,True
2022-09-05,1167.7060546875,1185.9622802734375,1191.36181640625,1168.0560302734375,1168.0560302734375,11327815,0.01553054435510215,-0.018410976852231697,-0.014023425385118804,-0.05662528419016166,1202.4551208496093,1163.764130859375,1155.2256994628906,-0.013715971839779462,0.019074440279982285,0.026606559068792723,0.012755953706813703,0.017406226487106515,11778562.2,0.9617315600710586,True,True
2022-09-06,1179.9974365234375,1198.44580078125,1202.6685791015625,1186.9775390625,1187.4390869140625,10899618,0.010526068759062257,-0.0003080230692477093,0.00970098552534715,-0.07213939587597473,1203.0308410644532,1164.9815673828125,1155.4078759765625,-0.003811240848278108,0.028725118349826273,0.03724911842782053,0.012626851289966141,0.017075097596832498,11600186.75,0.9396071145147727,True,True
2022-09-07,1173.1361083984375,1191.4771728515625,1197.5458984375,1186.0545654296875,1188.362060546875,7488501,-0.00581472097039748,-0.021304413263303235,0.018843729217895122,-0.04881649020144396,1204.1326721191406,1165.7356567382812,1155.6795837402344,-0.010510053884100534,0.022081778115379702,0.03097535823508535,0.012208741005194609,0.016656053573182384,11277489.9,0.6640219646749583,True,True
2022-09-08,1174.7945556640625,1193.16162109375,1198.9765625,1186.51611328125,1194.4769287109375,7057077,0.001413747808660215,0.009764082453629364,0.0071090438049643545,-0.029103608616226406,1204.5537902832032,1166.59173828125,1155.9382543945312,-0.009457584444423017,0.02277564801859966,0.03220186420659288,0.01187548794527685,0.016484958419059358,11122084.85,0.6345102645031521,True,True
2022-09-09,1167.4788818359375,1185.7315673828125,1204.5145263671875,1183.2855224609375,1204.5145263671875,8314850,-0.006227198042228821,0.015332986649175595,-0.005111325266553668,-0.022373511093003784,1204.249200439453,1166.9757080078125,1156.4125610351562,-0.015376911232229284,0.01607219348808786,0.025353413942003078,0.011888478597099288,0.01641906942218345,11001592.95,0.7557860064255514,True,True
2022-09-12,1180.542724609375,1198.9996337890625,1205.4376220703125,1186.308349609375,1186.308349609375,7435419,0.011189772433516154,0.010993059165945063,0.002682236398177551,0.0006740298519019028,1204.4095703125,1167.1409252929689,1156.9022125244142,-0.004491774772292567,0.027296368249700942,0.03638805493576669,0.012138201542109673,0.016409281403554146,10963452.6,0.6782004968033519,True,True
2022-09-13,1190.403076171875,1209.01416015625,1213.6060791015625,1200.361083984375,1208.20654296875,8888657,0.008352401522875974,0.008818387421534402,-0.0050322788951188135,0.023339818252134492,1204.103826904297,1167.3633666992187,1157.5214294433595,0.004077998210982647,0.03567937340264593,0.04448533686123879,0.011715466285650638,0.0163365319129296,10775356.1,0.824906102175129,True,True
2022-09-14,1176.135009765625,1194.5230712890625,1204.5145263671875,1187.32373046875,1188.362060546875,8678219,-0.011985871915110358,0.0025564051976003643,-0.023743051594040443,-0.000637065552288707,1202.6512573242187,1169.0215356445312,1157.7415649414063,-0.006758556136415295,0.021814427593475516,0.03177004908648828,0.011872450188912219,0.01634769979344348,10878898.15,0.797711209383829,True,True
2022-09-15,1164.479736328125,1182.6856689453125,1201.537841796875,1179.939697265625,1192.0540771484375,10365600,-0.009909731028447832,-0.008779994229813015,-0.038440597370910545,0.007726950100850116,1200.2872253417968,1170.396806640625,1158.0879205322265,-0.014664453661474286,0.01049974011802024,0.021239966307378122,0.011928074408387175,0.016226177876297355,11067379.9,0.9365902402970734,True,True
2022-09-16,1135.625732421875,1153.38037109375,1178.2091064453125,1149.5960693359375,1173.940185546875,20217708,-0.024778602312562237,-0.027283743790737724,-0.0609101441767782,-0.03285481519665456,1196.5467651367187,1171.0055249023437,1158.2210632324218,-0.03607581024051032,-0.01505129859234744,-0.004179419881349844,0.012977220783589701,0.016406300250892562,11707763.55,1.7268633683672232,True,True
2022-09-19,1137.1024169921875,1154.8802490234375,1164.2255859375,1145.142578125,1153.38037109375,7580254,0.0013004191568346535,-0.03679682922520966,-0.042619166137333964,-0.0012571933119722711,1193.9762084960937,1171.8417626953126,1158.4450061035157,-0.03274433711028513,-0.014474235525505197,-0.003077191460359785,0.012528306573296379,0.01592870812744943,11613740.05,0.6526970611848678,True,True
2022-09-20,1137.2841796875,1155.0648193359375,1171.148193359375,1151.3035888671875,1164.1102294921875,8411448,0.00015981770634310166,-0.04462258805417152,-0.03980281553791154,0.015375566879128444,1191.582177734375,1172.9009033203124,1158.5277294921875,-0.030646109920735798,-0.0152068123861816,-0.002989061088566225,0.012537177777497953,0.01578379819438892,11560728.45,0.7275880612869167,True,True
2022-09-21,1140.4195556640625,1158.249267578125,1168.9791259765625,1151.442138671875,1152.249755859375,9207309,0.0027569433237679686,-0.030366766940543743,-0.051779491551000256,0.0038799344795532598,1188.4197509765625,1173.9932739257813,1158.589801635742,-0.025387059894995345,-0.013410644419630358,-0.0002939211592716262,0.011917863786165104,0.015682176742485437,11537169.7,0.7980561298322586,True,True
2022-09-22,1129.673095703125,1147.334716796875,1155.134033203125,1140.873779296875,1147.28857421875,10308170,-0.009423317662934583,-0.029890403745200134,-0.05820625067135232,-0.002627728365278803,1184.8742797851562,1174.5673779296876,1158.7694403076173,-0.03168231738061522,-0.023185269440066825,-0.009867988499685287,0.012015601502400323,0.01572630175032578,11534097.1,0.893712781384509,True,True
2022-09-23,1108.498291015625,1125.828857421875,1151.8804931640625,1124.259765625,1146.8271484375,9528051,-0.018744189520421672,-0.023887621432076123,-0.07315592217910094,-0.03489332989683491,1180.4311889648438,1174.7432104492189,1158.9468872070313,-0.04625625962225832,-0.041638336440045554,-0.02857596853723654,0.01252542940359079,0.015802067818944762,11616902.35,0.8201886107788451,True,True
2022-09-26,1080.257568359375,1097.1466064453125,1115.8143310546875,1096.13134765625,1104.8536376953125,12479523,-0.0254765640332264,-0.04999102082397233,-0.09192131690542416,-0.07860008045491063,1174.878192138672,1174.7413647460937,1158.9365032958985,-0.06616139972081858,-0.06605263135307438,-0.053316032996511775,0.013438829564818944,0.015876823407073776,11703776.6,1.0662817162795128,True,True
2022-09-27,1088.8455810546875,1105.8690185546875,1119.5986328125,1089.185791015625,1104.83056640625,16154822,0.007950088035759473,-0.04259137665497714,-0.07753159578453372,-0.07682083559051278,1170.230889892578,1174.7330590820313,1158.8860845947265,-0.05499929278383575,-0.05862101180770041,-0.04574829808106595,0.01370822310288992,0.015893819225873667,11519568.95,1.4023807722423502,False,True
2022-09-28,1059.8551025390625,1076.42529296875,1097.4466552734375,1073.956298828125,1089.3011474609375,16997059,-0.02662496651223567,-0.07064452954972911,-0.11580959527831558,-0.03165605264108651,1163.1814819335937,1174.092958984375,1158.5999548339844,-0.07458525630981172,-0.08318563301845394,-0.07092582864549579,0.01379931776184318,0.013340782596678764,11212469.2,1.5159068619782698,False,True
2022-09-29,1056.6063232421875,1073.1256103515625,1092.600830078125,1067.4490966796875,1089.1396484375,14671827,-0.0030654079189156302,-0.06467956156028232,-0.09182152850272185,-0.0366242020766554,1157.7565551757812,1173.1981103515625,1158.2915576171874,-0.07309908498973627,-0.08529889292952586,-0.07352721057626155,0.012663262361830867,0.013340807521434997,10950563.6,1.3398239155471414,False,True
2022-09-30,1080.4393310546875,1097.331298828125,1108.5225830078125,1066.526123046875,1066.526123046875,18613024,0.022556249001114193,-0.025312513892217003,-0.06036349572611599,-0.022808927901142306,1154.2318542480468,1172.6503100585937,1158.2179486083985,-0.04929733589530083,-0.06422972866199583,-0.052569250764442854,0.013925172697122434,0.013626857643710856,11231247.55,1.6572534722556265,False,True
2022-10-03,1076.6905517578125,1093.52392578125,1115.4219970703125,1090.524169921875,1103.6768798828125,11852723,-0.003469665953154677,-0.0033019111965353343,-0.07794375591007396,-0.0175590595394558,1149.6099365234375,1171.4181079101563,1158.1933740234374,-0.04878699197033598,-0.06649562748169546,-0.055836486110719785,0.013223762065655122,0.013587831082817706,11257492.95,1.0528741214978954,False,True
2022-10-04,1096.5477294921875,1113.69140625,1115.9066162109375,1103.0538330078125,1106.5843505859375,8948850,0.018442651315874636,0.007073520972253888,-0.07072025658231673,0.010510422201244207,1145.372216796875,1170.7433959960938,1158.285673828125,-0.02765983850688536,-0.048731421369712424,-0.03850023235696365,0.013786873218269829,0.013737549618718627,11159954.55,0.8018715452564276,False,True
2022-10-06,1100.591796875,1117.7987060546875,1130.674560546875,1115.975830078125,1120.983154296875,13352162,0.0036880052962944276,0.0384359354580297,-0.06183791723054188,0.012837598909759773,1141.6882934570312,1169.9957641601563,1158.327670288086,-0.0209247896639162,-0.04461303169156072,-0.03498920493138058,0.013868940318678887,0.013743945332714435,11453137.6,1.165808223591062,False,True
2022-10-07,1105.2493896484375,1122.5291748046875,1127.8594970703125,1114.360595703125,1114.360595703125,7714340,0.004231950461542677,0.04603707522825795,-0.05919771893460246,0.003486103437510213,1138.156671142578,1170.106064453125,1158.5397296142578,-0.013730531774858612,-0.04066032225093519,-0.03108271031979215,0.013931334612678807,0.013643363353124953,11486000.75,0.6716297663483959,False,True
2022-10-10,1093.1851806640625,1110.2763671875,1115.7220458984375,1102.0616455078125,1109.9071044921875,6329527,-0.010915357829625605,0.011796864240726013,-0.06363598833913131,-0.006052496790160511,1134.3839111328125,1169.9611547851562,1158.8361279296876,-0.02125166242990728,-0.05101433270117095,-0.0419039064901624,0.014028413560674977,0.013716748403528744,11386734.6,0.555868492798629,False,True
2022-10-11,1071.419677734375,1088.17041015625,1114.060546875,1085.0322265625,1114.060546875,9215177,-0.019910319344405902,-0.004895654771499669,-0.09243474352245751,-0.008264819552719183,1128.8424499511718,1169.3953540039063,1158.9437725830078,-0.03602986386335938,-0.06945892470801196,-0.061067123445532556,0.01407436914820461,0.013767418717625001,11475722.5,0.8030149735670238,False,True
2022-10-12,1079.303466796875,1096.177490234375,1099.1541748046875,1081.3402099609375,1085.4476318359375,7417103,0.007358296093509242,-0.01572600445449923,-0.09332948582446066,-0.00913581753567183,1123.200616455078,1168.6398779296876,1158.9648864746093,-0.024059037917901427,-0.06200574622156818,-0.0541754085675743,0.014027362999543276,0.013758854924738148,11402144.8,0.6505006847483641,False,True
2022-10-13,1082.7340087890625,1099.661865234375,1104.83056640625,1089.185791015625,1094.4007568359375,7328492,0.0031786595063678647,-0.016225498134925576,-0.0794134565792175,-0.007910675695335212,1118.4575561523438,1167.4709008789061,1159.0053833007812,-0.016805010449058688,-0.058081992102314906,-0.051202107359846094,0.01402794671807867,0.013762835130800906,11334658.45,0.6465560503942667,False,True
2022-10-14,1077.23583984375,1094.07763671875,1115.1451416015625,1093.3392333984375,1114.5220947265625,9106089,-0.005078132371567512,-0.025345923049962527,-0.0749210331647806,-0.021281944182821366,1114.0271545410155,1165.5865966796875,1159.000537109375,-0.017907568716747146,-0.06135019068050318,-0.0560162815390467,0.013962899226140494,0.013731490012604784,11271682.9,0.8078730639237554,False,True
2022-10-17,1094.525634765625,1111.6376953125,1114.060546875,1081.571044921875,1086.8321533203125,16729355,0.016050102848655712,0.0012261164564355553,-0.036191595441896984,-0.01163276449667383,1111.9400207519532,1163.9630395507813,1159.0893756103515,-0.00027189006044470165,-0.04495447231595573,-0.04093875873278918,0.013715735620827455,0.013868830240526733,11097265.25,1.507520512767774,False,True
2022-10-18,1113.83740234375,1131.25146484375,1136.674072265625,1116.8988037109375,1117.7525634765625,12415820,0.01764403061713038,0.039590356699107376,-0.020459943097708932,-0.020675149093434597,1110.7585815429688,1162.5314672851562,1159.2113269042968,0.018449448549219705,-0.026906800651559037,-0.024119728138970453,0.014378037214423777,0.013607766489513336,11339043.55,1.0949618409393973,False,True
2022-10-19,1133.2174072265625,1150.9344482421875,1166.6024169921875,1126.8441162109375,1132.7513427734375,19247142,0.017399299810989532,0.04995263859697108,-0.0035758781884852597,0.003056792530672814,1110.5520629882812,1161.8115283203124,1159.4222320556642,0.036362442248087934,-0.009362172618350928,-0.007320701275865482,0.014952387185820981,0.013769304376573626,11880828.25,1.6200168536229786,False,True
2022-10-20,1136.2618408203125,1154.0264892578125,1162.51806640625,1146.8271484375,1146.8271484375,8717053,0.00268654832631654,0.049437582353417886,-0.0036458286126459516,-0.0009988125627625744,1110.3409240722656,1161.5032470703125,1159.7487432861328,0.039344280876657756,-0.006437138967418932,-0.004934046328092023,0.014951694336890559,0.013746179465081264,11856315.45,0.7352244495147943,False,True
2022-10-21,1123.084228515625,1140.6429443359375,1161.5028076171875,1138.5201416015625,1157.3031005859375,8243452,-0.011597259721899733,0.04256124616242185,-0.0058324500801471,0.021153522508955636,1110.0063354492188,1160.6213208007812,1159.9874536132813,0.02760039101427303,-0.017213518403280226,-0.016676481471490923,0.015030916281150785,0.013135832266949369,11753079.55,0.7013865570236866,False,True
2022-10-24,1126.8331298828125,1144.4503173828125,1154.9033203125,1133.12060546875,1135.28955078125,3370033,0.0033379183782105137,0.02951737082025474,0.016540222644124025,0.02409659084764737,1110.9374084472656,1159.6738598632812,1160.162823486328,0.030166334017311724,-0.013127434365264978,-0.013543362867204256,0.014393379383958935,0.01314118202473549,11445178.65,0.29445001280080496,False,False
2022-10-25,1109.4296875,1126.77490234375,1153.2880859375,1125.1365966796875,1153.2880859375,12233241,-0.01544445815654416,-0.003957177196334816,0.02700486491448162,0.009238529794958428,1112.4188232421875,1158.2935131835939,1160.1246343994142,0.01290528243644884,-0.02721124696037902,-0.028746680371052546,0.013576715149647828,0.013300216835145692,11432864.55,1.0700066415113787,False,False
2022-10-27,1113.7919921875,1131.205322265625,1139.1893310546875,1122.73681640625,1134.3665771484375,12513059,0.003931947643366573,-0.017141832887784925,0.02291076364907174,-0.0024215957901803087,1113.6856384277344,1156.6150390625,1160.0820611572265,0.015731264939919942,-0.02196903545147655,-0.024891979505997863,0.013504550062192833,0.013155023778183384,11250776.4,1.11219515481616,False,False
2022-10-28,1147.8717041015625,1165.81787109375,1169.902099609375,1135.0357666015625,1137.5970458984375,17609592,0.030597936684740423,0.010217600675284988,0.08304578005451524,0.006654936528978972,1118.1552673339843,1155.4599072265626,1160.3350787353515,0.04262610493568353,0.008964364581069306,0.004725180216368363,0.013355625708007735,0.01346071485806937,11281403.05,1.560939886816649,False,False
2022-10-31,1158.5272216796875,1176.6400146484375,1181.8780517578125,1168.60986328125,1172.671142578125,12419943,0.009282876702288334,0.03155857886225455,0.09646065968266582,-0.009806363863764878,1123.330987548828,1154.3933813476563,1160.5972106933593,0.04745620631006786,0.019271275858157022,0.013822886878638974,0.013293137710265409,0.01308333098726255,11168808.85,1.1120203744914123,False,False
2022-11-01,1149.5528564453125,1167.525390625,1199.8995361328125,1157.441650390625,1199.8995361328125,13963166,-0.00774631485413213,0.020162581889056286,0.06396800298308958,-0.021202071934376843,1126.8406921386718,1153.18009765625,1160.809154663086,0.03610510231851083,0.012439768079509639,0.005785822703873622,0.01287083303787692,0.013110151589942349,10936315.95,1.2767705380713696,False,False
2022-11-02,1156.7322998046875,1174.8170166015625,1176.9168701171875,1160.672119140625,1168.656005859375,8981896,0.0062453682250620535,0.04263683381470629,0.07434047751834427,-0.023289292505143333,1130.9053466796875,1152.5506103515625,1161.0170599365235,0.03882877559187303,0.019319243814558407,0.01188609292769005,0.012789595055527878,0.01308897611071038,10792774.6,0.8322138034829338,False,False
2022-11-03,1161.0491943359375,1179.2012939453125,1181.23193359375,1165.3101806640625,1167.525390625,6693449,0.003731881034914286,0.04242905397895336,0.05882229792532567,-0.006512678459731247,1134.180841064453,1152.0757275390624,1161.095630493164,0.039694245618367985,0.023544950872450565,0.015593602263801687,0.01230923797442517,0.012988154518339963,10680004.55,0.6267271674523771,False,False
2022-11-04,1178.1343994140625,1196.5537109375,1199.8995361328125,1177.332275390625,1178.6243896484375,12575815,0.01471539853397763,0.02636418655592765,0.07045544466658149,0.023184726353924656,1138.1185913085938,1151.576845703125,1161.2281964111328,0.05134361223439665,0.039056764124944854,0.03042082050327699,0.012588611917133515,0.01297931032761895,10641187.2,1.1818056353712112,False,False
2022-11-07,1184.4278564453125,1202.9454345703125,1204.653076171875,1187.900634765625,1195.74609375,11789748,0.005341777451682184,0.022356387335454198,0.07163845855464457,0.015367243583561452,1142.139404296875,1151.2708715820313,1161.3841833496094,0.05323871153090187,0.044884800148962345,0.03578596283344759,0.012594522431698289,0.012889939805410465,10844957.6,1.0871179431812625,False,False
2022-11-09,1183.2464599609375,1201.74560546875,1210.029541015625,1195.3076171875,1204.653076171875,11254205,-0.0009974094144935552,0.029310039095107987,0.08238420719784889,0.008325261534972928,1146.7128662109376,1151.0119702148438,1161.5035968017578,0.047991734356008564,0.0440774175827523,0.034646477873852444,0.012183941596372613,0.01286962085157022,11091191.5,1.0146975642788243,False,False
2022-11-10,1168.93310546875,1187.2083740234375,1198.307373046875,1182.8240966796875,1195.2845458984375,5966242,-0.012096762725121168,0.010547478668397225,0.09101328518293994,-0.007178389392329287,1151.6647644042969,1150.5920068359376,1161.620587158203,0.03086280896813376,0.031823936695156485,0.022027663032240685,0.0114806498459475,0.012960211807610169,10928744.75,0.545921982485683,True,False
2022-11-11,1195.878662109375,1214.5753173828125,1216.5135498046875,1194.361572265625,1199.8995361328125,12310132,0.023051508023506084,0.02999829089327699,0.10800972306329948,-0.00045568077512347926,1157.5846557617188,1150.9072119140626,1161.8748736572265,0.04923239206517693,0.05531992919121964,0.045358106040886303,0.01220496960696025,0.013135321465693905,11173396.2,1.101735925197032,True,False
2022-11-14,1190.0849609375,1208.691162109375,1219.2825927734375,1202.2762451171875,1214.0906982421875,9043112,-0.00484461950545545,0.010143674338166875,0.09914802024326108,-0.012163788337073544,1163.0361206054688,1150.7327661132813,1162.201615600586,0.03925505037637045,0.050366512280565434,0.0400012750668608,0.012405522480861424,0.01311896943406473,11259127.2,0.8031805520413696,True,False
2022-11-15,1184.7459716796875,1203.2685546875,1212.0831298828125,1195.2845458984375,1210.1910400390625,7086433,-0.0044863465472947395,0.000268607459575243,0.09980180044281384,-0.021706085540484588,1168.4956665039062,1151.165654296875,1162.5003216552734,0.029758679625772944,0.0452609927999017,0.035069438066199554,0.012381377082142885,0.013111830138572846,11158144.4,0.6350906338871184,True,False
2022-11-16,1177.9527587890625,1196.369140625,1207.260498046875,1191.2926025390625,1204.5145263671875,9716161,-0.005733893764299225,-0.0044738793462472115,0.07622217712640689,-0.025908406334789413,1172.7322387695312,1151.7365307617188,1162.995164794922,0.02015541235590934,0.038752447865626705,0.028696573158980554,0.012301246462368989,0.013129962057518263,10807484.7,0.8990214901715291,True,False
2022-11-17,1180.9970703125,1199.461181640625,1205.8990478515625,1190.6695556640625,1192.9539794921875,6661451,0.0025845208728885183,0.010320688335159645,0.06029580417497726,-0.005662147884134883,1176.142724609375,1152.0065087890625,1163.5161981201172,0.019826213726735098,0.04119305966547415,0.030893410490188122,0.011859033187877817,0.012932412386794774,10519766.25,0.6332318458121634,True,False
2022-11-18,1180.3609619140625,1198.8150634765625,1204.0531005859375,1186.562255859375,1203.0146484375,5303197,-0.0005386736761073818,-0.01297593791071805,0.041601513715661786,-0.0034335481685628944,1178.5367553710937,1152.0138940429688,1164.1151098632813,0.01720634338560245,0.04062552515694584,0.029808008949696152,0.01138123715823809,0.012927541495932773,9822569.0,0.5398991852335168,True,False
2022-11-21,1159.117919921875,1177.239990234375,1194.361572265625,1173.6402587890625,1194.361572265625,6390268,-0.017996998786134588,-0.026020850371828885,0.020115223690828632,-0.03623241269933275,1179.6974304199218,1151.729150390625,1164.611337890625,-0.0020831105690143348,0.022150034003305175,0.010843662544641974,0.012233084729466624,0.012972755375896048,9706229.75,0.6583676839093985,True,False
2022-11-22,1165.547607421875,1183.7701416015625,1185.3623046875,1170.5943603515625,1174.51708984375,6611488,0.005547000969519766,-0.016204539718069344,0.03780955072731618,-0.028298103700093447,1181.8537902832031,1151.5413208007812,1165.023110961914,0.00162147918305533,0.027987550440977005,0.0160915525737253,0.011894961954040556,0.012993178233414084,9624631.55,0.6869341403515856,True,False
2022-11-23,1161.912353515625,1180.078125,1189.700439453125,1177.8629150390625,1188.362060546875,6413408,-0.0031188627519929124,-0.01361704767517602,0.031130934280015676,-0.02849494902191252,1183.6351806640625,1151.428251953125,1165.4346533203125,-0.0030051959608592416,0.02488203064175054,0.012564815743180802,0.011942098889676917,0.012993868802268412,9776800.3,0.655982305376535,True,False
2022-11-24,1171.9320068359375,1190.2542724609375,1197.130615234375,1175.993896484375,1184.2086181640625,9389439,0.008623282853359893,-0.007675870899877091,0.05633722404106378,-0.014858610568107888,1186.809149169922,1151.2533447265625,1165.8858850097656,0.0029028452413137895,0.033876928925351546,0.02090117717735973,0.011331020892029326,0.013028875045305182,9634610.2,0.9745530753283616,True,False
2022-11-25,1189.42626953125,1208.02197265625,1211.390869140625,1191.638671875,1194.8231201171875,7349922,0.014927650844366536,0.0076800079179748515,0.06790690326383308,0.0076800079179748515,1190.6499816894532,1151.2335009765625,1166.4970263671876,0.01459034244652413,0.04932836964135889,0.035597987264814,0.011650839254400792,0.013133409665589723,9376453.35,0.7838701613121127,True,False
2022-11-28,1230.299072265625,1249.533935546875,1255.76416015625,1154.672607421875,1204.0069580078125,31527484,0.0343635826419173,0.061409692086748624,0.07180887043238071,0.026384202788093614,1194.8357849121094,1152.3337182617188,1167.365223388672,0.045778801844965855,0.08435075338399489,0.0703881788765992,0.012134658208118567,0.013718070273073207,10072347.95,3.130102748287206,True,False
2022-11-29,1232.4119873046875,1251.6798095703125,1260.656005859375,1243.280517578125,1247.8724365234375,11058913,0.0017173395314775686,0.05736727560713151,0.0637746413411715,0.05928760370108477,1198.5877746582032,1153.7136010742188,1168.2769158935546,0.044295491773432616,0.0849138021818221,0.07138966159659788,0.012064017490672532,0.013143762787399586,10004296.45,1.1054163633865528,True,False
2022-11-30,1241.1136474609375,1260.517578125,1267.0247802734375,1245.2188720703125,1251.818359375,26164986,0.0070607263032560486,0.068164515061238,0.07964896373707075,0.07937168287284435,1203.2373840332032,1155.8563452148437,1169.1429205322265,0.047605065178240924,0.09054865108752108,0.07815525030179993,0.011810884727919366,0.013058674500957058,10614387.45,2.4650490782678185,True,False
2022-12-01,1237.4556884765625,1256.802490234375,1271.4320068359375,1253.43359375,1265.3402099609375,9485801,-0.0029472717835090645,0.0559109253486183,0.06978573894850015,0.05973226226436523,1207.3366577148438,1157.8947900390624,1169.9270086669922,0.040971035049293114,0.08542028260786627,0.07425718093846578,0.011893586931446076,0.012936072016585665,10639582.7,0.891557617198652,True,False
2022-12-02,1236.93310546875,1256.271728515625,1268.2015380859375,1246.326416015625,1259.89453125,11589592,-0.0004223111609613639,0.03994112437647246,0.0653581665539511,0.04825076586415422,1211.1901794433593,1159.9189282226562,1170.714096069336,0.037220867405797886,0.08306856449063238,0.07308157707637442,0.011924550774212702,0.012877216592802597,10884389.85,1.064790232591678,True,False
2022-12-05,1218.8936767578125,1237.9501953125,1253.7796630859375,1235.8966064453125,1251.5875244140625,14828536,-0.014584052786711377,-0.009270448688778687,0.03459642805550778,0.03900454286481514,1213.2600036621093,1161.5129467773438,1171.4203057861328,0.020350288953617346,0.06580834828163895,0.05679420887426012,0.012235937036053857,0.01300348648252753,10997025.9,1.3484133014545323,True,False
2022-12-06,1222.415283203125,1241.52685546875,1244.6650390625,1228.051025390625,1229.9432373046875,8594245,0.0028891793626213413,-0.008111462711096973,0.03207246130180352,0.040535358764443474,1215.1890747070313,1163.3967895507812,1172.2317376708984,0.021673812997428765,0.06715685191819798,0.05911383864724029,0.012210546483353749,0.013006213665590984,10837250.75,0.7930281579947756,True,False
2022-12-07,1204.3758544921875,1223.205322265625,1243.7420654296875,1219.351806640625,1239.1270751953125,8462111,-0.014757258872348356,-0.029600742192644747,0.017857121090536054,0.031603910964035364,1216.262060546875,1165.3443188476563,1172.7683465576172,0.005708688895243563,0.049651422744467766,0.04300676758206645,0.012743565639745049,0.013129755647982324,10697646.05,0.7910255172445156,True,False
2022-12-08,1203.8076171875,1222.62841796875,1229.8970947265625,1218.40576171875,1227.589599609375,7757008,-0.000471633246171943,-0.027191283062505733,0.029834732234303774,0.019707082065585135,1218.0330627441406,1167.853955078125,1173.3136083984375,0.003772767230354468,0.04690180878563788,0.042030373821051015,0.012376421356056834,0.013056497249360723,10787184.35,0.7190947839878161,True,False
2022-12-09,1185.5638427734375,1204.0992431640625,1227.589599609375,1200.7532958984375,1221.1285400390625,12655763,-0.015155197222940009,-0.041529618288240866,-0.008625298134103399,-0.004065226987541859,1217.509259033203,1169.8185595703126,1173.6957305908204,-0.011014302987551128,0.029304273994713803,0.025904083810492695,0.011817866764836784,0.013166335404486938,10804465.9,1.1713455451786838,True,False
2022-12-12,1187.38134765625,1205.9451904296875,1210.5140380859375,1192.97705078125,1193.2078857421875,9479842,0.0015330524257903821,-0.02585322495525222,-0.0022718555126152173,0.009562074952892186,1217.3719604492187,1172.4089575195312,1174.131155395508,-0.009386424520008374,0.02860455193135758,0.02709581028319019,0.011776665950572852,0.013072787860835149,10826302.4,0.8756306308236873,True,False
2022-12-13,1192.7886962890625,1211.4371337890625,1215.1290283203125,1202.9915771484375,1205.9451904296875,8333348,0.004554057185151228,-0.024236061867809466,0.00678865833378639,0.024310318116384844,1217.7803894042968,1175.1751879882813,1174.6505737304688,-0.005208866615381447,0.030856629863719398,0.031317023871845207,0.011770852707602765,0.013015638573831702,10888648.15,0.765324389694785,True,True
2022-12-14,1188.4718017578125,1207.0528564453125,1217.875,1204.97607421875,1217.2750244140625,7268947,-0.003619071284398534,-0.013205032324740795,0.008930116514649589,0.04653493912044371,1218.3145751953125,1177.369619140625,1175.17322265625,-0.009243687122592825,0.025211485689900615,0.027127603977399106,0.01172221340059133,0.012599566987481048,10766287.45,0.6751581762755183,True,True
2022-12-15,1171.5911865234375,1189.9080810546875,1206.822021484375,1186.51611328125,1201.0533447265625,8688551,-0.014203831505038789,-0.026762290515399134,-0.007964493334307599,0.030330271957520694,1217.8369201660157,1179.2973022460938,1175.6446447753906,-0.022933151926056716,0.008997543527305973,0.012132438439356852,0.012158769525313803,0.012747999376070015,10867642.45,0.7994881171306847,True,True
2022-12-16,1165.797607421875,1184.02392578125,1208.5758056640625,1180.5858154296875,1186.51611328125,15837349,-0.004945050266590312,-0.016672477369938155,-0.012338131331465108,0.0250714124095317,1217.09736328125,1180.7039526367187,1176.359623413086,-0.02717402773007016,0.0028118590922958653,0.006515271533994671,0.012202593555171875,0.01276785615072703,11394350.05,1.389930003072005,True,True
2022-12-19,1181.1107177734375,1199.5765380859375,1201.74560546875,1184.5316162109375,1191.131103515625,7729933,0.013135386849911335,-0.0052810462650303425,0.018973657059607296,0.03568080866930057,1218.2141906738282,1182.3395092773437,1177.0872930908204,-0.01529915899073686,0.01457874719853458,0.019105842979635357,0.011840187852425247,0.012868951935830184,11461333.3,0.674435756963808,True,True
2022-12-20,1191.334716796875,1209.9603271484375,1211.8985595703125,1184.2086181640625,1192.469482421875,7467588,0.008656212198905333,-0.0012190534691683963,0.022124384309475387,0.05458355738280152,1219.523699951172,1184.0881323242188,1177.6924353027343,-0.007841891718149752,0.02184988947861055,0.027399252027468846,0.011923065941801165,0.01284034759053464,11504138.3,0.649121890337497,True,True
2022-12-21,1174.3856201171875,1192.746337890625,1215.1290283203125,1188.8697509765625,1209.591064453125,8527550,-0.014226903867485818,-0.011852437511990277,0.010735062893081793,0.059438412888074055,1220.1571105957032,1185.7375317382812,1178.121514892578,-0.022464953461358572,0.005910925449132964,0.012413679584979409,0.01238281736783075,0.012735630174740479,11609845.4,0.7345102114796463,True,True
2022-12-22,1171.3411865234375,1189.654296875,1202.0455322265625,1184.5546875,1198.9765625,7451122,-0.0025923709990954835,-0.0002132804909288355,-0.0005040734570916916,0.08431661720160322,1220.1271118164063,1187.7672094726563,1178.5818609619141,-0.0249751150075187,0.0015887687311906262,0.009394710948672724,0.01225393859046505,0.012261840640644858,11512929.55,0.6471960040787359,True,True
2022-12-23,1136.9888916015625,1154.764892578125,1195.515380859375,1150.1729736328125,1182.9625244140625,10257115,-0.029327346934754916,-0.024711521926230606,-0.04408618492345884,0.04421488729953005,1217.4642578125,1188.9389575195312,1178.9894805908202,-0.051499963824014894,-0.02874333011402297,-0.02054690767941003,0.01337002062467934,0.012855577852866446,11658289.2,0.8798130518155272,True,True
2022-12-26,1146.9173583984375,1164.8486328125,1173.132568359375,1150.2421875,1160.5567626953125,5990242,0.008732288536986932,-0.02895013712826522,-0.06777351164721379,0.08214535687830327,1213.2299926757812,1190.2426928710938,1179.6459637451171,-0.03987814359631514,-0.021335195091463643,-0.012543874507601305,0.010632243304736907,0.01237854282092441,10381427.1,0.5770152737478647,True,True
2022-12-27,1156.30078125,1174.378662109375,1176.270751953125,1160.7874755859375,1167.5946044921875,5763271,0.008181345651636196,-0.029407298934271076,-0.061757924726351665,0.09435340167181483,1209.3649353027345,1191.8487133789063,1180.3594427490234,-0.028929458901999272,-0.014657943641188664,-0.0050669147236365175,0.010892605463739002,0.01239504796251047,10116645.0,0.5696820438000938,True,True
2022-12-28,1156.1871337890625,1174.2633056640625,1176.7322998046875,1163.671875,1171.28662109375,7459393,-9.822764073841306e-05,-0.015496197003002199,-0.06842766333273942,0.07010827716123247,1205.0522216796876,1193.1012255859375,1180.7986755371094,-0.025549860380913003,-0.015789037441164,-0.005534702916290213,0.010655294769154748,0.012086424682543829,9181365.35,0.8124492072412738,True,True
2022-12-29,1155.6644287109375,1173.7325439453125,1176.31689453125,1165.517822265625,1166.2100830078125,6930648,-0.0004519954904406154,-0.013383512312367563,-0.06609626169150185,0.07334875467563151,1200.8987243652343,1193.9508471679687,1181.1472235107422,-0.022621541574441406,-0.016933949392149317,-0.006277523595569101,0.010676490987324757,0.012072928040549538,9053607.7,0.7655122940659336,True,True
2022-12-30,1157.4366455078125,1175.5323486328125,1189.2850341796875,1172.71728515625,1174.563232421875,7289476,0.0015334027302764675,0.01798414221644906,-0.0642690415219419,0.05552789761666754,1196.8617553710938,1194.4428051757814,1181.4888488769532,-0.017821111454654148,-0.0158320318570514,-0.005041520493234031,0.010713692007322686,0.011860325364639485,8838601.9,0.8247317938372131,True,True
2023-01-02,1170.4779052734375,1188.7774658203125,1190.2081298828125,1175.993896484375,1176.8245849609375,5316175,0.011267335350579222,0.02054243987910853,-0.03972108868222657,0.06349869558907195,1194.4031188964843,1195.1378247070313,1181.8512420654297,-0.004710012044651601,-0.005321862261599808,0.005860486927930397,0.01083445257961259,0.01192992300399301,8362983.85,0.6356792139446736,False,True
2023-01-03,1161.912353515625,1180.078125,1187.4390869140625,1175.809326171875,1183.7701416015625,7658932,-0.007317888394115513,0.004853173064629734,-0.04949448350478847,0.05126722003045092,1191.3306823730468,1195.9265283203124,1182.2979736328125,-0.009445368561004863,-0.013251987429839573,-0.0018775712065137729,0.010833998702656649,0.01197158071447487,8316218.2,0.9209633292209672,False,True
2023-01-04,1144.418212890625,1162.3104248046875,1181.9241943359375,1160.2105712890625,1180.0550537109375,9264891,-0.01505637619993383,-0.010179046557718618,-0.049783054694487294,0.046865860748705135,1188.2859375,1196.28373046875,1182.563797607422,-0.02185964831828413,-0.02839903678264566,-0.01712666398524232,0.01085203230074839,0.012052537334975081,8356357.2,1.1087236672936862,False,True
2023-01-05,1142.37353515625,1160.233642578125,1170.5482177734375,1155.5955810546875,1164.5948486328125,13637099,-0.0017867707130919674,-0.01150083248251188,-0.05103331026305313,0.06622421612395013,1185.1661987304688,1196.9529052734374,1182.6384448242188,-0.021037181265421756,-0.030677282734799083,-0.018944760627517043,0.010843116099087145,0.011747045011337717,8650361.75,1.5764773074374607,False,True
2023-01-06,1152.7562255859375,1170.7789306640625,1175.8785400390625,1162.195068359375,1166.048583984375,6349597,0.009088934934264659,-0.004043630083237049,-0.027672397179191677,0.06805598645684374,1183.5001831054688,1197.7443774414062,1182.7988159179688,-0.010748838591664645,-0.02251352399161055,-0.010162239843449328,0.010715288506241429,0.011764691459998252,8335053.45,0.7617943949717563,False,True
2023-01-09,1179.974609375,1198.4227294921875,1200.8226318359375,1173.755615234375,1174.655517578125,10722753,0.023611459092832687,0.008113599011754014,-0.006237813291348426,0.08981021110226761,1183.1240600585938,1198.396474609375,1182.950302734375,0.012930739852282214,2.1908344499221855e-05,0.01307952390057987,0.012078245673012711,0.01211447385711044,8397199.0,1.276944014307628,False,True
2023-01-10,1162.52587890625,1180.701171875,1202.6685791015625,1174.9786376953125,1202.6685791015625,8047142,-0.01478740112405641,0.0005279708705725472,-0.025371487349020172,0.07917494357716959,1181.5872619628906,1198.4776977539063,1182.9946069335938,-0.0007499150646043118,-0.014832587967403721,-0.0019386690735121448,0.012442730139047415,0.01226779412040161,8382888.7,0.9599485676101127,False,True
2023-01-11,1147.8717041015625,1165.81787109375,1180.5166015625,1163.4871826171875,1177.9783935546875,11509553,-0.012605476420096018,0.0030176502027432495,-0.034161706450036244,0.04873905950627111,1179.5255126953125,1198.4435473632811,1182.873463745117,-0.01162131844883918,-0.02722337346745407,-0.014418780346434623,0.01269400696691579,0.012243358436993123,8594919.0,1.3391112819096957,False,True
2023-01-12,1123.084228515625,1140.6429443359375,1168.748291015625,1137.5970458984375,1165.2178955078125,17688773,-0.021594219287609517,-0.016885132031385974,-0.04140247259694496,0.008301849574607667,1177.062255859375,1197.7600659179689,1182.586756591797,-0.030940854098535087,-0.047686613711116266,-0.03546785216565518,0.013176769657374255,0.012379220155570326,9044930.1,1.9556561304990074,False,True
2023-01-13,1121.266845703125,1138.7969970703125,1141.242919921875,1123.5675048828125,1134.5511474609375,20618583,-0.001618339266280855,-0.027316799744260822,-0.03819764763714173,-0.010545736284470753,1174.8009094238282,1196.9519799804686,1182.2305938720704,-0.030646820295000876,-0.04858589474166297,-0.036738684506127606,0.013159009470166195,0.012173474597259083,9283991.8,2.220874753465422,False,True
2023-01-16,1110.5885009765625,1127.9517822265625,1144.3580322265625,1120.06005859375,1141.150634765625,13623855,-0.00952339606764907,-0.05880307969082488,-0.05970836673219748,-0.022594548109566737,1171.2196716308595,1195.57994140625,1181.8188208007812,-0.03694259108886788,-0.0565651503822846,-0.04557977722652884,0.012769406326741922,0.012227967677398041,9578687.9,1.4223091035255464,False,True
2023-01-17,1126.3560791015625,1143.9658203125,1145.904052734375,1130.9515380859375,1134.3665771484375,10751000,0.014197449162521858,-0.031113166004707926,-0.05454270305826425,0.0029131605057155507,1167.9199462890624,1194.4003491210938,1181.3708197021485,-0.020510075243319603,-0.04222581552802318,-0.03166236948283452,0.013091580332595491,0.012277659452158399,9742858.5,1.1034749196039335,False,True
2023-01-18,1124.492919921875,1142.0736083984375,1149.6422119140625,1135.451171875,1141.5198974609375,13448286,-0.0016540808129613671,-0.020367042986771167,-0.042484078871122266,-0.0020767253486461135,1165.3863098144532,1193.2069091796875,1181.0015045166015,-0.02000426915923481,-0.042853674738108416,-0.03296176674567208,0.012808696727065281,0.01227241317423309,9988895.3,1.346323652025865,False,True
2023-01-19,1123.2889404296875,1140.8507080078125,1145.05029296875,1133.7435302734375,1141.242919921875,11940054,-0.0010707719551806827,0.00018214610707634193,-0.04102333677555359,0.012492118554277454,1162.9461303710937,1192.279755859375,1180.5773864746093,-0.018999523525849438,-0.043135050812376896,-0.033650211262666097,0.01281007511744281,0.012104180763722903,10213341.9,1.169064358846148,False,True
2023-01-20,1109.9296875,1127.2825927734375,1142.2120361328125,1124.79052734375,1142.2120361328125,14930286,-0.011892980509314866,-0.010111024463971274,-0.023799043408161302,-0.0034677431364369404,1161.5720153808593,1190.5339013671876,1180.0673138427735,-0.02951984220812942,-0.05312852369942045,-0.04473026279954129,0.011365321387913574,0.012195297857390234,10447000.45,1.4291457219186778,False,True
2023-01-23,1104.3177490234375,1121.5830078125,1138.15087890625,1119.1370849609375,1130.213134765625,10954118,-0.005056039184384908,-0.005646317967148096,-0.037142701447428594,-0.0379432022600148,1159.4087341308593,1188.79173828125,1179.615620727539,-0.032625014116971496,-0.05653532768146596,-0.04919620586174234,0.01115098398622183,0.011530362103295179,10695194.25,1.0242093545893287,False,True
2023-01-24,1097.7972412109375,1114.9605712890625,1127.7440185546875,1101.7615966796875,1126.0595703125,16488755,-0.005904544271184808,-0.025354996196926605,-0.05059534265854926,-0.052419977725986056,1156.4378295898437,1187.0255786132811,1179.1469677734376,-0.03586639699904315,-0.06071057660645118,-0.05443460250385679,0.010927875377209328,0.011476770667070901,11231468.45,1.4680854131767607,False,True
2023-01-25,1082.620361328125,1099.54638671875,1114.3836669921875,1098.36962890625,1113.3453369140625,12385018,-0.013824869656593686,-0.037236848279266876,-0.06362876075997204,-0.05822486127677229,1152.7019836425782,1185.0891235351562,1178.707850341797,-0.046113911208736424,-0.07218253472889002,-0.06715952863136698,0.011194513824140849,0.011565324096831073,11477749.7,1.079045834219577,False,True
2023-01-27,1062.081787109375,1078.6866455078125,1101.7615966796875,1066.8260498046875,1100.4002685546875,25830975,-0.018971224372976936,-0.05448921761950143,-0.08097747559935464,-0.08182582456273058,1147.949688720703,1182.6736328125,1178.0656732177733,-0.060336305583286176,-0.08792534509913563,-0.08435779937337162,0.011707466226130567,0.011756616834197323,12422766.05,2.079325562119879,False,True
2023-01-30,1072.26025390625,1089.0242919921875,1094.6314697265625,1061.9111328125,1076.0792236328125,21772103,0.009583549149724035,-0.03393851819100979,-0.07359053686717942,-0.07647295030640211,1143.624285888672,1180.4778173828124,1177.4877600097657,-0.04774294719883165,-0.07747161703841476,-0.07512899158870623,0.012046558958615101,0.011823602206718525,13146897.4,1.6560639622851243,False,True
2023-01-31,1069.5792236328125,1086.3013916015625,1101.900146484375,1080.37109375,1099.2926025390625,22691594,-0.0025003118944609826,-0.03145698175273681,-0.08620290774778161,-0.09214155480705899,1138.5004821777343,1178.6590454101563,1177.0096459960937,-0.04584898416232985,-0.07835824462404617,-0.07706670434103835,0.011525605715956417,0.011636853973592251,14015668.35,1.6190161919748909,False,True
2023-02-01,1063.240478515625,1079.863525390625,1098.3465576171875,1063.757080078125,1098.3465576171875,19347800,-0.005926408877600653,-0.03147828434673705,-0.08492200430321084,-0.10231711733762217,1133.4897521972657,1176.5809130859375,1176.5210333251953,-0.0473107292789251,-0.0822020709494955,-0.08215535906008209,0.011511473167832536,0.01161476000787978,14600111.75,1.3251816377364372,False,True
2023-02-02,1057.35595703125,1073.8870849609375,1083.6015625,1066.526123046875,1069.756591796875,13662663,-0.005534440500271187,-0.0233362612689626,-0.07607549408206371,-0.10639399880138556,1129.068585205078,1174.4570922851562,1176.020537109375,-0.04887347054662561,-0.08563106135153764,-0.0868466569465518,0.011239702159042532,0.011624666994249902,14820000.35,0.9219070632478089,False,False
2023-02-03,1058.28759765625,1074.8331298828125,1084.0631103515625,1058.2191162109375,1084.0631103515625,24699575,0.0008809538126715033,-0.003572414325372364,-0.07360630614498154,-0.09465502989992092,1124.7985595703126,1172.1486694335938,1175.301058959961,-0.04442166934014169,-0.08302320523710205,-0.08548271807570207,0.011281707929905802,0.011550458522593609,15373124.15,1.6066724472526945,False,False
2023-02-06,1050.31298828125,1066.7337646484375,1071.14111328125,1064.1263427734375,1068.3720703125,14837879,-0.0075354629562432995,-0.02046834722389268,-0.0888683279913578,-0.12172283646677962,1119.5963012695313,1169.3229052734375,1174.3619067382813,-0.04721571209296782,-0.08773379890391386,-0.09164818909085226,0.010891244335122029,0.011111069880629496,15797538.25,0.9392526079181989,False,False
2023-02-07,1047.7911376953125,1064.1724853515625,1074.0947265625,1058.2191162109375,1066.9876708984375,15135435,-0.0024010483044184516,-0.020370871676206548,-0.1120224448659376,-0.11956625587102199,1112.8837890625,1165.6156762695311,1173.2630755615235,-0.04377034169216554,-0.08702970711807023,-0.0929805023973419,0.008674198261460014,0.011105317014532528,16018172.35,0.9448915063022156,False,False
2023-02-08,1068.7159423828125,1085.424560546875,1089.093505859375,1064.68017578125,1067.4490966796875,21160332,0.019970517456379788,0.005149757377200359,-0.0806949409365132,-0.09793656925675265,1108.1199584960937,1162.2905712890624,1172.3242694091796,-0.02048099375452106,-0.06613321370828773,-0.07412600005807246,0.010152981833434686,0.011457970010895416,16673831.85,1.2690743309852919,False,False
2023-02-09,1070.578857421875,1087.316650390625,1094.1468505859375,1077.140625,1086.1168212890625,13172763,0.0017431795009288376,0.012505565638845528,-0.06733574999109981,-0.09115287792980387,1104.1948974609375,1158.826552734375,1171.5421423339844,-0.015285568796888582,-0.06170889178800287,-0.07189284012913322,0.010030193874792209,0.01145348114353094,16756992.35,0.7861054492872642,False,False
2023-02-10,1061.763671875,1078.3636474609375,1086.7860107421875,1071.279541015625,1086.7860107421875,10790445,-0.008234034608474938,0.003284712277625834,-0.054600168426288676,-0.1009599443760657,1101.0809326171875,1155.2577758789062,1170.529150390625,-0.020631803242884827,-0.06656014789380538,-0.0787383235171294,0.009164432274298652,0.011472793601793391,16412075.95,0.6574698431126869,False,False
2023-02-13,1055.7200927734375,1072.2257080078125,1084.524658203125,1067.7030029296875,1080.001953125,10352493,-0.005691901305813762,0.00514837304431337,-0.05845755585390755,-0.10559539942853324,1097.7523681640625,1151.57685546875,1169.47923828125,-0.023253568743324293,-0.06890651464911346,-0.08315968944978303,0.009182887593089785,0.011483178846314081,15898771.45,0.6511505013175091,False,False
2023-02-14,1080.5985107421875,1097.4927978515625,1099.2464599609375,1072.3641357421875,1075.2716064453125,14321920,0.023565084902409383,0.031311007340123265,-0.027003800033787217,-0.06774081159690792,1096.2294189453125,1148.7677075195313,1168.4599005126954,0.0011524767392809832,-0.04463470667945901,-0.06073559103739379,0.010781136786989458,0.011739873119833984,15933674.7,0.8988460144727318,False,False
2023-02-15,1105.0675048828125,1122.344482421875,1124.7674560546875,1095.13916015625,1096.5235595703125,33503591,0.022644052534068315,0.03401426798044671,-0.018900335575339655,-0.0518898534614014,1095.1483520507813,1146.3840600585938,1167.6331231689453,0.024833284294466518,-0.020969916168836256,-0.03878670435809273,0.011558141734748957,0.012105752004918416,17071304.25,1.9625677399546084,False,False
2023-02-16,1104.2041015625,1121.4676513671875,1137.0433349609375,1119.16015625,1130.4207763671875,17264487,-0.0007812494901702216,0.031408514680883126,-0.018042582264155782,-0.049666604601125486,1094.1180541992187,1144.349306640625,1166.8245751953125,0.0249969343463452,-0.01999534158028138,-0.03887210193574542,0.011556754742489642,0.01210197545969162,17262114.3,1.0001374512970291,False,False
2023-02-17,1108.816162109375,1126.15185546875,1129.5208740234375,1112.491455078125,1116.82958984375,11809520,0.004176851731614306,0.04431548496681281,-0.012884115718111877,-0.053856069644388715,1093.3831115722655,1142.419775390625,1166.2397393798828,0.029970047597830174,-0.014239879484152507,-0.03437362195567828,0.011610848109269992,0.012056967767582355,17255587.6,0.6843881688503033,False,False
2023-02-20,1097.093017578125,1114.2452392578125,1130.5592041015625,1112.2607421875,1128.3670654296875,8836937,-0.010572833630844158,0.039189072726181884,-0.01156529303229048,-0.07762833418686688,1092.7312438964843,1140.6226953125,1165.7170910644531,0.01968827694961206,-0.023125487650814014,-0.04415466857369321,0.011546751795623412,0.011940225209967311,16950920.15,0.5213249146241775,False,False
2023-02-21,1106.044677734375,1123.3367919921875,1129.19775390625,1113.299072265625,1118.6756591796875,13311592,0.008159382166560425,0.023548212973439897,0.0015636686428657232,-0.10099537112567947,1092.8189331054687,1138.97052734375,1165.2866271972657,0.027925814572040908,-0.013726198331069028,-0.03599958518873203,0.011651081518287485,0.011061440993097504,17068793.85,0.7798788899193365,False,False
2023-02-22,1080.9617919921875,1097.8619384765625,1121.444580078125,1096.085205078125,1119.5755615234375,11024335,-0.022677841318137992,-0.02181375177475131,-0.015335638992804435,-0.12288915257533306,1091.9640014648437,1136.6990234375,1164.9649615478515,0.005401219274451252,-0.03416655082845943,-0.05760089383472222,0.012668511289125741,0.011377070064979952,16795572.85,0.6563833873638909,False,False
2023-02-23,1075.78173828125,1092.600830078125,1105.1767578125,1089.7626953125,1097.4466552734375,9851910,-0.004792140262862232,-0.025740217521094566,-0.006316747273711454,-0.13321253980182368,1091.6167236328124,1134.4099829101563,1164.7177130126954,0.0009015127965772418,-0.036855416879157055,-0.061917906913281695,0.012332394867969297,0.011317719228939281,16668917.45,0.5910347825257243,False,False
2023-02-24,1083.1429443359375,1100.0771484375,1105.8228759765625,1092.8316650390625,1094.6776123046875,9434053,0.0068426804680721265,-0.023153810833439148,0.019830136044390878,-0.12470164804308115,1092.6862487792969,1132.6133642578125,1164.5663409423828,0.006763972427089593,-0.0287266748274978,-0.055376143236887,0.011598332653937695,0.011378881339762148,15849071.35,0.5952432664138395,False,False
2023-02-27,1075.9407958984375,1092.7623291015625,1102.8231201171875,1085.3092041015625,1099.2926025390625,11199715,-0.006649369406797612,-0.019280235085913033,0.003432464396672774,-0.13015448465696233,1092.8731506347656,1130.7881323242189,1164.4935388183594,-0.0001014038391726757,-0.033627699244152987,-0.06159863264641585,0.011537253987491497,0.011391213366562122,15320451.95,0.731030327078569,False,False
2023-02-28,1055.3565673828125,1071.8564453125,1092.3701171875,1067.7491455078125,1087.3397216796875,21994038,-0.01913122664674094,-0.04582806069085421,-0.013297365170236941,-0.13416836204632,1092.1509033203124,1128.23373046875,1164.2534436035157,-0.018582100647551614,-0.0499695086521007,-0.07936158471220411,0.012317663718715467,0.011489316490893537,15285574.15,1.4388754903262826,False,False
2023-03-01,1065.0579833984375,1081.70947265625,1082.4478759765625,1072.179443359375,1081.755615234375,11551145,0.00919248784372173,-0.014712656714127692,0.0017094264434547313,-0.1287264807108498,1092.2432006835938,1125.6687133789062,1164.0612286376954,-0.009644123232583346,-0.039051667866564665,-0.07074520992149347,0.01243675011745145,0.011566437360323286,14895741.4,0.7754662685000694,False,False
2023-03-02,1056.947021484375,1073.4716796875,1085.2861328125,1071.41796875,1078.525146484375,9333535,-0.007615531875228232,-0.017507903951763604,-0.00038682397735756435,-0.12241088217372031,1092.222430419922,1123.2832202148438,1163.5925756835939,-0.01716752028724855,-0.044344595940653875,-0.07745055948225621,0.012495457126317269,0.011471676134051255,14679285.0,0.63583035549756,False,False
2023-03-03,1083.91552734375,1100.8616943359375,1104.5767822265625,1080.625,1084.13232421875,14643807,0.02551535840834762,0.0007131735256493688,0.02421637715611058,-0.09959421999622198,1093.523858642578,1121.5073681640624,1163.2396435546875,0.006710265748081756,-0.018408861514590313,-0.05362433232427699,0.013733968327387006,0.012012380227654265,14176496.6,1.0329637436656953,False,False
2023-03-06,1094.5028076171875,1111.6146240234375,1118.9525146484375,1107.599609375,1107.599609375,10171916,0.009767738983766261,0.017251962681926303,0.04207315907900533,-0.07680813659312602,1095.7679016113282,1120.6443627929686,1163.0754650878907,0.01446175087699375,-0.008057631010632504,-0.04424548759659763,0.013693939203421752,0.011969211861507376,13943198.45,0.7295252976909327,False,False
2023-03-08,1098.4334716796875,1115.606689453125,1116.3681640625,1100.6771240234375,1111.6146240234375,15782657,0.0035912314784403154,0.04081726086730719,0.04833258217963654,-0.0749109509233784,1098.3396118164062,1119.6595239257813,1162.5975823974609,0.015721073382906514,-0.0036197025846269604,-0.040418880664996104,0.013654586877064714,0.011980298364289873,13975559.55,1.129304121494012,False,False
2023-03-09,1072.032958984375,1088.79345703125,1115.39892578125,1086.8782958984375,1114.983642578125,16235128,-0.024034664434487207,0.006548878931053936,0.0031037592172022954,-0.10123816856613499,1098.508056640625,1117.9478198242186,1162.0261297607422,-0.008843448667170906,-0.026078464733311768,-0.0630215369981143,0.014216839465936054,0.012310467214936496,13729299.35,1.182516863105618,False,False
2023-03-10,1055.4248046875,1071.9256591796875,1081.755615234375,1068.3951416015625,1080.6019287109375,13334091,-0.015492192520659476,-0.0014402061433633762,-0.0141550220953649,-0.11194803652887686,1097.738507080078,1115.9010668945311,1161.349686279297,-0.02351456902887672,-0.039407980706769874,-0.07700008718829898,0.01463775910589798,0.012436573470647347,13737365.75,0.9706439533358133,False,False
2023-03-13,1038.06689453125,1054.29638671875,1081.755615234375,1049.912109375,1074.8331298828125,12771592,-0.016446357366264208,-0.04229896258246746,-0.022318316088320578,-0.11396821022993364,1096.5351440429688,1113.51234375,1160.593980102539,-0.03852020389285726,-0.0531794347531227,-0.09158895807334588,0.014974176300374465,0.012477476907897543,13836423.1,0.9230414470340966,False,False
2023-03-14,1034.181884765625,1050.3505859375,1063.7340087890625,1047.166259765625,1052.2196044921875,16027522,-0.0037425915814151,-0.05511265933529663,-0.020401601926665514,-0.11289749888757428,1095.441387939453,1111.0087084960937,1159.876001586914,-0.04116222236843703,-0.05459734212228007,-0.09442855572454645,0.014948499216970158,0.012473530433480033,14120174.55,1.1350795943241367,False,False
2023-03-15,1016.505859375,1032.398193359375,1060.6650390625,1027.9447021484375,1054.11181640625,21728555,-0.01709180993325332,-0.07458587052264731,-0.05931210174646784,-0.13936446689205406,1092.1866577148437,1107.881123046875,1159.095951538086,-0.054741983829543095,-0.06813269773918362,-0.10930739427619152,0.014188067628255792,0.012465652297598578,14490506.3,1.4995028158539911,False,False
2023-03-16,1011.4392700195312,1027.25244140625,1040.2205810546875,1016.31494140625,1035.1441650390625,18363159,-0.004984270590769779,-0.05652221293908244,-0.0847262516143249,-0.15100320369411002,1087.4320556640625,1104.824609375,1158.0831896972657,-0.05534103390125156,-0.07021220138518869,-0.1129718050092896,0.012845763540271414,0.012384310858273389,13733484.7,1.3371084907532609,False,False
2023-03-17,1010.1671142578124,1025.9603271484375,1039.2745361328125,1021.1607055664062,1035.9517822265625,34014213,-0.0012578351783166797,-0.04288108194594942,-0.08516279903599222,-0.1398335970053356,1082.656689453125,1102.097607421875,1157.1381536865235,-0.05236781230560361,-0.06908397201908878,-0.11336401459079626,0.012839258175871358,0.012291644812402093,14570971.0,2.3343820394673767,False,False
2023-03-20,1000.238525390625,1015.8765258789062,1024.5296630859375,1006.0696411132812,1022.22216796875,19524589,-0.009828646393723828,-0.03644123353150863,-0.09792225538175103,-0.14607417587829974,1077.1429229736327,1099.2104650878907,1156.1407369995118,-0.05687861451625231,-0.07581254168856666,-0.12132105256028591,0.012730495682033438,0.012328679696768876,14956724.45,1.3054054091368916,False,False
2023-03-21,1031.341796875,1047.4661865234375,1049.45068359375,1023.1451416015624,1024.0450439453125,21400360,0.031095964755363248,-0.0027461301518558745,-0.05993209607864769,-0.09291822668347038,1073.803970336914,1096.7442102050782,1155.0917477416992,-0.024527553018092174,-0.0449311910864123,-0.09317490271112983,0.014990338485257269,0.012570074781801418,15584895.6,1.3731474723513708,False,False
2023-03-22,1034.477294921875,1050.6505126953125,1057.5037841796875,1047.6046142578125,1054.527099609375,10920094,0.00304002765229483,0.01767953436313685,-0.06470568739048344,-0.09803687526460736,1070.1696563720702,1093.7887658691407,1153.9313064575194,-0.018239298377164426,-0.03943929076611963,-0.08950341600426026,0.014833017304721198,0.012512530455114204,15465320.7,0.7061020079590073,False,False
2023-03-23,1021.3906860351562,1037.359375,1047.5584716796875,1035.167236328125,1046.681640625,16249370,-0.012650389006345963,0.009838802212934317,-0.055109446239222315,-0.11667385616770831,1067.1445281982421,1090.9219299316405,1152.7319839477539,-0.02791107709518137,-0.04909843084279819,-0.10008623908624281,0.014301171486145221,0.012524361263877898,15726572.45,1.033242942902031,False,False
2023-03-24,1001.1699829101562,1016.8225708007812,1038.3746337890625,1014.3766479492188,1036.1824951171875,12375945,-0.019797193426066784,-0.008906539664212731,-0.06935584999686051,-0.1340761770412695,1063.355615234375,1087.9420239257813,1151.417978515625,-0.04376056680091667,-0.0653706278100824,-0.11689535010419094,0.014799748148720678,0.01273046564317537,15852774.2,0.7806800780648223,False,False
2023-03-27,1016.73291015625,1032.62890625,1040.2205810546875,1015.3919677734376,1023.3759155273438,14054323,0.015544831422035443,0.01649056745021249,-0.06131228367328645,-0.12021787963807784,1059.983203125,1085.7817431640624,1150.2953796386719,-0.025806349378325266,-0.04895351874233067,-0.10229239851909433,0.015240674656601585,0.012936036625236033,16083787.7,0.873819231026035,False,False
2023-03-28,1021.4815673828124,1037.45166015625,1041.3743896484375,1032.3751220703125,1036.067138671875,12576424,0.004670365004369126,-0.00956071565462746,-0.050615460903367104,-0.11746226178901453,1057.2176696777344,1083.7548364257811,1149.0245245361327,-0.018696253466431,-0.04272477013550302,-0.09710224803506717,0.015309951934303588,0.012957088470873448,16152623.15,0.7785994809146526,False,False
2023-03-29,1015.4380493164062,1031.313720703125,1035.974853515625,1020.4223022460938,1033.298095703125,18804065,-0.005916361878683163,-0.018404590069233784,-0.03782477101917758,-0.13245855481330993,1055.1905334472656,1081.8220751953124,1147.917963256836,-0.022627963374667548,-0.0466882268815495,-0.10157889874193204,0.01483130371486912,0.012848361223680925,15993124.5,1.1757593083202722,False,False
2023-03-31,1059.218994140625,1075.7791748046875,1081.5018310546875,1040.543701171875,1040.68212890625,28171201,0.04311535201068306,0.037036152302269976,-0.0054823388363236525,-0.08838308920887128,1054.8940185546876,1080.4583422851563,1147.1522198486327,0.01979834550452253,-0.004330724561367516,-0.062217588746298125,0.01779989933145576,0.014102025205477169,16824127.3,1.6744524395033553,False,False
2023-04-03,1059.4007568359375,1075.9637451171875,1084.0631103515625,1068.3720703125,1082.2171630859375,10293043,0.00017156895840964026,0.058162727711512874,0.002321500861963033,-0.07428882839281903,1055.018621826172,1079.1361450195313,1146.4677001953125,0.01985284700924117,-0.0029397587292254723,-0.06149667807136128,0.017712399856098026,0.013989466834245656,16872102.7,0.6100628465235693,False,False
2023-04-05,1056.856201171875,1073.37939453125,1083.6015625,1065.3955078125,1083.6015625,16262928,-0.00240189374192723,0.03946285837497587,-0.024964352875649243,-0.07485927390786429,1053.6445068359376,1077.78671875,1145.8436370849608,0.01873011966301208,-0.004089235970416882,-0.06324095208841995,0.016688055513639072,0.013990136872655289,16953058.75,0.9592916676467013,False,False
2023-04-06,1063.9447021484375,1080.5787353515625,1086.37060546875,1069.8258056640625,1069.8258056640625,18435046,0.006707172558922281,0.04157020211314433,-0.027919647691879046,-0.07704289251373764,1052.0927124023438,1076.8526416015625,1145.3393328857421,0.027075582421033806,0.0034601705062062837,-0.056542716795564774,0.016596623819569393,0.01396380110079263,17366215.25,1.0615465566108309,False,False
2023-04-10,1056.401611328125,1072.9178466796875,1084.709228515625,1071.3948974609375,1084.524658203125,12961408,-0.007089616352095374,0.04034090223118314,-0.03826513696719025,-0.10472505212387007,1049.958270263672,1075.8793383789061,1144.7274993896485,0.021867132310172455,-0.002752624382285185,-0.06273078330716164,0.016603287908484386,0.013595354558282393,17225152.8,0.7524698416608531,False,False
2023-04-11,1061.6273193359375,1078.22509765625,1080.37109375,1072.5487060546875,1077.140625,10542367,0.004946558576676363,0.0022736291135274644,-0.009706486851800311,-0.08679255738860148,1049.4298522949218,1075.14462890625,1144.2505389404296,0.0274389424870638,0.0028651668502810423,-0.0577019097105419,0.015808026675980955,0.013513104141823478,16940514.75,0.6223168041573235,False,False
2023-04-12,1066.3076171875,1082.9786376953125,1092.7392578125,1075.3177490234375,1078.22509765625,18179087,0.004408671296369571,0.006519636567643872,0.010311329354764753,-0.0710567537626775,1049.9825012207032,1074.8132739257812,1143.7026232910157,0.03142541560097256,0.007597006817479102,-0.053094208546072386,0.01542784184449954,0.013452846694217969,17182764.55,1.0579838271717457,False,False
2023-04-13,1070.3291015625,1087.0628662109375,1091.8162841796875,1080.8326416015625,1085.9090576171875,12378208,0.003771291855134473,0.012748029028136099,0.031079001981753507,-0.04697357607922903,1051.6208251953126,1074.9807983398437,1143.3562677001953,0.03370230045514977,0.011239333660427064,-0.049235223595257116,0.014903886927822598,0.013195243027212434,17163095.35,0.7212106993276127,False,False
2023-04-17,1075.759033203125,1092.5777587890625,1119.114013671875,1084.086181640625,1119.114013671875,17929479,0.005073204825170485,0.011104256492328712,0.04020293168482625,-0.04058602051125382,1053.7321838378907,1075.0518676757813,1143.1312866210938,0.036864751354266145,0.01630236795101947,-0.04422372865102753,0.014866773343522752,0.013215754150404383,17258193.2,1.0388966441747796,False,False
2023-04-18,1063.4449462890625,1080.0711669921875,1096.985107421875,1073.4486083984375,1096.985107421875,10405576,-0.011446866546813483,0.0066671649974292535,0.046176924697714616,-0.042449168474080756,1056.1158325195313,1074.9272631835938,1142.7627789306641,0.0226824877868812,0.0047853505858239664,-0.054859690124961946,0.014533561538441103,0.01324006498480933,16692044.25,0.6233853591659392,False,False
2023-04-19,1068.7386474609375,1085.4476318359375,1088.17041015625,1076.3099365234375,1079.47119140625,12273475,0.004977880169436011,0.006698540217054072,0.056651304084536,-0.05115379099401496,1059.0255920410157,1075.0389453125,1142.4382293701171,0.024949387430760472,0.009682148324786422,-0.04988505817561917,0.014439063481991293,0.0131179190311496,16387560.05,0.7489507261942878,False,False
2023-04-20,1066.0347900390625,1082.70166015625,1088.6781005859375,1076.2637939453125,1086.416748046875,7007330,-0.0025298057678222463,-0.00025575531171317945,0.05530558200580704,-0.05198609599730308,1061.8626586914063,1075.2152368164063,1142.019072265625,0.01962494988808139,0.006962720656759069,-0.05194082441346326,0.01446092500991798,0.013119383016432529,15037215.9,0.4659991614538167,False,False
2023-04-21,1067.3753662109375,1084.0631103515625,1089.60107421875,1078.2481689453125,1084.8245849609375,7647317,0.0012574564586111947,-0.002759505409131391,0.0671209371765562,-0.04977653715569341,1065.271987915039,1075.3998364257814,1141.4856939697265,0.01763974144603342,0.008055863161161136,-0.05030512771339812,0.014161016164430516,0.013122027435796846,14443352.3,0.5294696716634129,False,False
2023-04-24,1071.465087890625,1088.2166748046875,1098.784912109375,1083.6015625,1096.0621337890625,12936186,0.0038314784568012072,-0.003991554788016716,0.03890386993445749,-0.03465494652289158,1067.3095123291016,1075.8294946289063,1140.9373168945312,0.01958865936644938,0.011514073779929301,-0.04620818454193598,0.01257239597250795,0.0130528851158448,14020143.6,0.9226856991678745,False,False
2023-04-25,1079.666748046875,1096.546630859375,1098.646484375,1084.75537109375,1091.9085693359375,9236126,0.0076546851813150685,0.015254053964859349,0.043683525215556074,-0.022322357577398755,1069.6043182373046,1076.4769775390625,1140.8619769287109,0.025189046232041212,0.01864382958397659,-0.03884374005402147,0.01263498207710449,0.013080877624239913,13935945.2,0.6627556199058533,False,False
2023-04-26,1073.328125,1090.1087646484375,1101.184814453125,1086.3936767578125,1097.9080810546875,8617834,-0.005871037336453333,0.004294203309114231,0.050849677478875144,-0.022289404020711334,1072.2417877197265,1076.5706616210937,1140.74291015625,0.016663197735193425,0.0125752108151993,-0.044386991194078074,0.01230173284791617,0.013080634690830976,13554368.4,0.6357975337308966,False,False
2023-04-27,1080.121337890625,1097.0081787109375,1100.215576171875,1090.985595703125,1096.0621337890625,9167125,0.0063291061279788785,0.013213721823076119,0.07885899685232944,-0.002308413759047445,1076.2510681152344,1076.7644921875,1140.6132287597657,0.019286494769341855,0.018800477421308193,-0.038229479502216224,0.011135226919665678,0.012985656524124214,13393927.4,0.684423972613141,False,False
2023-04-28,1099.86474609375,1117.060302734375,1118.6295166015625,1099.17724609375,1099.2926025390625,15565210,0.018278919348623468,0.0304384422527868,0.08176354155239385,0.035574425053253034,1080.472637939453,1077.5384252929687,1140.6331884765625,0.03386264816913598,0.03667792861369268,-0.02066649119132824,0.011301763661986873,0.012951556629555865,13469471.75,1.1555917179899797,True,False
2023-05-02,1109.20263671875,1126.544189453125,1128.736328125,1120.5677490234375,1124.305908203125,12981805,0.008490040059193849,0.03522048093530317,0.08587631859729905,0.03445276449462953,1084.927264404297,1078.624794921875,1140.7553704833983,0.0383591844488107,0.044426379550009054,-0.012457693733452513,0.011345930368958711,0.01293955732741938,13489740.8,0.9623465115059883,True,False
2023-05-03,1099.6829833984375,1116.875732421875,1128.3670654296875,1113.6221923828125,1128.3670654296875,7061872,-0.00858240371018515,0.01853920388827235,0.08296409715214104,0.028145357316753383,1089.2053649902343,1079.0124536132812,1140.8215954589843,0.025404178423128476,0.03509067822322276,-0.02099001555758173,0.01148569290902404,0.012988358505019684,12902631.15,0.5473203037351029,True,False
2023-05-04,1112.360595703125,1129.7515869140625,1131.9898681640625,1114.3375244140625,1117.3603515625,8635233,0.011528457569999429,0.03636593297037649,0.050170530693879556,0.04619848744811628,1091.903985595703,1079.160595703125,1140.877205810547,0.03466202323431511,0.04687994670336826,-0.00975181100982736,0.00720646838212154,0.013036341249356131,11925832.75,0.7240779894385153,True,False
2023-05-05,1109.5206298828125,1126.8671875,1135.91259765625,1124.213623046875,1126.5211181640625,8746585,-0.002553127118804288,0.027218583569859067,0.04730962601092892,0.049334891238578926,1094.4491577148438,1079.2685864257812,1140.9263555908203,0.029620407267564097,0.044102646619087915,-0.01232259034242389,0.007277712697393567,0.013017316223255922,11848509.85,0.7382012684067609,True,False
2023-05-08,1123.220703125,1140.781494140625,1146.2041015625,1127.974853515625,1130.674560546875,9153782,0.012347778686762956,0.021235372296539934,0.06279429244941848,0.061356839889186165,1097.8192626953125,1079.5611791992187,1141.1440686035157,0.03913415705590162,0.05670851835077784,-0.00031772891159520533,0.007515452929374138,0.013101150299262627,11493052.55,0.7964622070748297,True,False
2023-05-09,1126.6968994140625,1144.3118896484375,1147.6578369140625,1136.7894287109375,1142.2120361328125,6464721,0.003094716670936304,0.015771862623460642,0.058980574216222825,0.07272491747326226,1101.0059204101562,1080.1625122070313,1141.3342065429688,0.039333093887586434,0.05938863524372229,0.0026089493229928262,0.0074668552615685686,0.013054504506522424,10894536.3,0.5933911111021769,True,False
2023-05-10,1134.4442138671875,1152.1805419921875,1153.680419921875,1145.0733642578125,1149.1346435546875,10872255,0.006876317912040131,0.03161032919370199,0.07387582894421119,0.08270093227560804,1104.9690551757812,1080.7393872070313,1141.5529577636719,0.042726523964868646,0.06610396144604525,0.00930976014405438,0.0071292809871300695,0.01306541677879211,10790078.65,1.007615917609646,True,False
2023-05-11,1127.03759765625,1144.6580810546875,1158.1337890625,1142.9273681640625,1153.2650146484375,10557860,-0.0065288907973513055,0.013194488339991928,0.06161327865845778,0.05457175252969093,1108.290704345703,1081.6753100585938,1141.6869079589844,0.03281393281237932,0.05822705798164329,0.0026024412428575783,0.007468422365340834,0.01287380617103778,10790853.3,0.9784082598917362,True,False
2023-05-12,1128.8779296875,1146.527099609375,1147.9346923828125,1133.67431640625,1139.812255859375,6955341,0.0016328182062588237,0.017446521051865282,0.05867933096935318,0.0544555711507575,1111.4681274414063,1082.7538354492187,1141.7959368896484,0.031542939741038056,0.05889913484693188,0.004143614955063546,0.007467057839462719,0.012873701272432972,10229666.0,0.6799186796519066,True,False
2023-05-15,1131.1043701171875,1148.7884521484375,1155.849365234375,1141.3582763671875,1149.0885009765625,6833343,0.001972349837900067,0.007018835814692315,0.05678198368844156,0.06530710197188005,1114.5544067382812,1083.7280615234374,1141.764208984375,0.030715454717317403,0.06003387098193458,0.006152096123516415,0.00746661157936089,0.012817395946843712,9952422.75,0.6866009585454959,True,False
2023-05-16,1114.99609375,1132.4283447265625,1153.56494140625,1130.7437744140625,1150.9805908203125,8717229,-0.014241183736900087,-0.010384882853507693,0.036473912833140165,0.05614735430155471,1116.5469360351562,1084.5213818359375,1141.6892156982422,0.014223682121058845,0.04417336872558986,-0.008111551588946053,0.008352482406224727,0.01294149737852486,9491810.25,0.9183947814380297,True,False
2023-05-17,1108.4073486328125,1125.736572265625,1137.5970458984375,1120.983154296875,1136.674072265625,8798967,-0.005909223742146197,-0.02295123790308018,0.04227999660486059,0.025734815271090783,1118.8302062988282,1085.598984375,1141.5419970703124,0.006172845466555277,0.03697275740703909,-0.01384567965545802,0.007972477115455,0.012625711252669525,9411479.8,0.9349185449030023,True,False
2023-05-18,1106.0218505859375,1123.313720703125,1133.9051513671875,1120.1292724609375,1130.4669189453125,10525531,-0.0021522366974574547,-0.01864693108346893,0.03488522868960553,0.0008635835934778235,1120.7235107421875,1086.4310693359375,1141.573494873047,0.00231119445261041,0.03394845048911521,-0.015995268155689413,0.007996528838457214,0.012290004744879287,9324082.6,1.1288543282531625,True,False
2023-05-19,1109.6114501953125,1126.95947265625,1128.8055419921875,1116.298828125,1123.313720703125,8050447,0.003245533180920246,-0.01706686824916026,0.04087720018237806,0.00489699482848871,1122.9364013671875,1087.5008251953125,1141.6206829833984,0.003582635030946024,0.036283786225036474,-0.012842453317186142,0.007938048825266978,0.012296169363248096,9376238.45,0.8586009243397602,True,False
2023-05-22,1115.541259765625,1132.9820556640625,1138.05859375,1122.5291748046875,1123.7520751953125,7434906,0.005344099015040182,-0.013759188173257053,0.045125551128324615,0.006065079200592738,1125.3823486328124,1088.143232421875,1141.703291015625,0.0067530000274864665,0.041206728954597205,-0.007638793213781692,0.007969513154797126,0.012303560888856868,9365617.9,0.7938510923021961,True,False
2023-05-23,1115.3369140625,1132.7744140625,1138.9815673828125,1131.34375,1135.589599609375,6092034,-0.00018326998254247773,0.00030559932339113693,0.04094565015355034,0.016629350659850717,1127.6102355957032,1088.5664282226562,1141.6974066162109,0.004579754868993868,0.040611197161411594,-0.007815549463458082,0.00797785897766222,0.012222580217066934,9023410.3,0.675136539008982,True,False
2023-05-24,1108.839111328125,1126.1749267578125,1137.1356201171875,1123.0367431640625,1128.782470703125,8112254,-0.005825950182807849,0.0003893934895491391,0.027019640628704877,0.0025265216859777784,1129.091650390625,1088.77779296875,1141.5377276611327,-0.0025832478982583673,0.034347810940460466,-0.013457987879907152,0.008047571574577668,0.012204427901374862,8967216.7,0.9046568485403058,True,False
2023-05-25,1108.7027587890625,1126.0364990234375,1130.213134765625,1115.0067138671875,1123.2445068359375,11487863,-0.00012291850145651484,0.0024238805866345636,0.032957935519935644,0.025663118065620383,1130.888037109375,1089.5226538085938,1141.2264459228516,-0.004290025118966145,0.03351361725908486,-0.013310195319852336,0.007876382115408677,0.011832163622745627,9110718.15,1.2609173954086155,True,False
2023-05-26,1138.9427490234375,1156.7493896484375,1157.903076171875,1131.020751953125,1134.3665771484375,12626260,0.027275217678677244,0.02643388490446119,0.05445830951570496,0.05871179831130613,1133.87509765625,1091.2191284179687,1141.0461151123047,0.020173555305579294,0.06005233919008868,0.013762173437299907,0.00971012911147571,0.01230430789013552,9283674.9,1.3600497794251714,True,False
2023-05-29,1145.349609375,1163.2564697265625,1167.5946044921875,1157.0723876953125,1163.4410400390625,10010304,0.00562531533308408,0.026721000488181268,0.04135512369306027,0.057431718656095754,1136.1849060058594,1093.398330078125,1140.8482470703125,0.02382672360599325,0.06389084172411907,0.01964172072297443,0.009030003212897509,0.01229555310988557,9005929.6,1.1115236787993545,True,False
2023-05-30,1145.0543212890625,1162.95654296875,1171.148193359375,1160.3720703125,1163.2564697265625,11342504,-0.0002578337328165148,0.02664443028688024,0.032322170631674085,0.06423557254659307,1138.0055236816406,1095.65044921875,1140.7283728027344,0.02192521808364223,0.06143026162951171,0.019485944854165105,0.008913607595837625,0.012255736863182836,8923964.55,1.2710162547653776,True,False
2023-05-31,1122.3118896484375,1139.8583984375,1158.29541015625,1135.7510986328125,1153.7496337890625,27107927,-0.019861571501447517,0.012150396314612788,0.020577639345595422,0.06344315362601938,1139.1546569824218,1097.7996533203125,1140.5804620361328,0.0006177751640346063,0.038311858625551753,-0.0006330667784224531,0.0098963385078096,0.012276527763055507,9926267.3,2.7309285737247877,True,False
2023-06-01,1119.2901611328125,1136.7894287109375,1146.781005859375,1134.3665771484375,1144.5888671875,14592692,-0.0026924131372541016,0.009549361585371008,0.006229548051442935,0.050919361849936395,1139.5065490722657,1099.9903930664063,1140.340712890625,-0.0023844710357657783,0.03345396094046582,-0.0031142308079883385,0.009611792239348068,0.012239556770584019,10224140.25,1.4272781518230837,True,False
2023-06-02,1115.6322021484375,1133.0743408203125,1145.8348388671875,1131.1361083984375,1140.3660888671875,15800644,-0.0032680528132968956,-0.020466878167379354,0.005508327324787343,0.0555232730034978,1139.8169067382812,1102.1326733398437,1140.0469677734375,-0.005915481581391324,0.02807435822286708,-0.006116087450978247,0.009624494979841237,0.012201091211399895,10576843.2,1.4938903509508397,True,False
2023-06-05,1125.6517333984375,1143.25048828125,1146.250244140625,1134.57421875,1138.6124267578125,10908682,0.008981006006693493,-0.017198255041740884,0.002164300659947882,0.038505103923052175,1139.9403564453125,1104.6801525878907,1139.7842590332032,0.0029037763398951366,0.034915387592510116,0.003041127494590068,0.009430510612894601,0.01181811157480133,10664588.2,1.0228882536692792,True,False
2023-06-06,1126.6058349609375,1144.2196044921875,1148.0731201171875,1136.212646484375,1146.11181640625,7493309,0.0008476849307053058,-0.0161114691600871,-8.06468560580198e-05,0.02933119065197065,1139.9357421875,1106.6152209472657,1139.4297119140624,0.003757985775993733,0.03398144434768602,0.0042037631001203835,0.009406940015863048,0.011758037982661698,10716017.6,0.6992624760153436,True,False
2023-06-07,1135.148681640625,1152.8958740234375,1153.7496337890625,1141.1044921875,1147.7501220703125,10312545,0.007582696098884512,0.011437802804110664,0.000620850643782811,0.03342502776546796,1139.9715087890625,1108.660128173828,1139.0763189697266,0.01133744583503149,0.039900186473264876,0.012132246824523962,0.009435250293345817,0.011786795706502708,10688032.1,0.9648684531926135,True,False
2023-06-08,1135.830078125,1153.5880126953125,1161.52587890625,1149.5960693359375,1156.5185546875,12071109,0.0006003479476941465,0.014777216923475223,0.007801396581586184,0.05951041976384941,1140.4180053710938,1110.9847009277344,1138.6944274902344,0.011548403534661134,0.03834734333605305,0.013079527611200126,0.009306490608579512,0.01133392729115887,10763694.55,1.1214652128901224,True,False
2023-06-09,1127.7874755859375,1145.4195556640625,1157.6954345703125,1143.5965576171875,1156.9801025390625,5877018,-0.007080913585574389,0.010895326457408316,-0.0009659989246567635,0.06856249391456659,1140.3626281738282,1113.556640625,1138.2805773925782,0.0044344907183888616,0.028613645571884838,0.00627172106181173,0.009450058664851957,0.01117707969652579,10709778.4,0.5487525306779457,True,False
2023-06-12,1128.7869873046875,1146.434814453125,1148.765380859375,1137.5970458984375,1142.44287109375,6391969,0.0008863641135181677,0.002785326754298767,-0.0020487999256180167,0.08739328797391988,1140.2449462890625,1115.8327587890626,1137.9812945556641,0.005428542511157319,0.02742530672542065,0.007428522716413921,0.009441208388610659,0.010935519770874822,10687709.7,0.5980672360515181,True,False
2023-06-13,1145.46337890625,1163.371826171875,1164.57177734375,1147.4039306640625,1151.442138671875,11248016,0.014773636935327517,0.0167382394118194,0.02732489131820892,0.10760334858431753,1141.7921203613282,1118.351162109375,1137.7834265136719,0.018899855258869502,0.04025628584995111,0.022489692732306388,0.009376484901188729,0.011047036646193047,10814249.05,1.040110686187683,True,False
2023-06-14,1159.549560546875,1177.6783447265625,1179.132080078125,1161.5950927734375,1163.4410400390625,13277380,0.012297460049177644,0.02149584473456212,0.046140254958938476,0.14072104378103645,1144.389208984375,1121.2784545898437,1137.5643292236327,0.029088998289079404,0.05029962887974104,0.03526307433559106,0.009513306683600033,0.010846531817961526,11038169.7,1.2028606517980966,True,False
2023-06-15,1159.8677978515625,1178.00146484375,1182.616455078125,1170.1328125,1177.6552734375,11813494,0.0002743704328387331,0.021163059844386156,0.04868430175177951,0.14674973488613285,1147.1235961914062,1123.322900390625,1137.3631158447265,0.026917647544573375,0.048675732003781835,0.03573032080334437,0.00946889637717219,0.010808230500839669,11102567.85,1.064032587740502,True,False
2023-06-16,1171.1595458984375,1189.4697265625,1191.7772216796875,1181.5318603515625,1181.5318603515625,24171579,0.009735354378588301,0.03845767315619053,0.05546805845547653,0.15937204888664835,1150.2491088867187,1125.5930200195312,1137.2370111083985,0.03409749885721847,0.05674938046600575,0.0459294895821174,0.009608769309651672,0.010839310577750245,11908624.45,2.029754074577438,True,False
2023-06-19,1159.52685546875,1177.6552734375,1192.515625,1173.4326171875,1192.515625,6798554,-0.009932537887402226,0.027232650815186332,0.03942976638518214,0.1592504043920373,1152.4827697753906,1127.6785375976563,1137.0842547607422,0.021841978311758492,0.04431824688825903,0.03567987025314534,0.009991004286143813,0.010841325553467378,11876806.85,0.572422713096492,True,False
2023-06-20,1161.9351806640625,1180.1011962890625,1183.2855224609375,1169.902099609375,1175.6939697265625,6921096,0.002076942978757268,0.014380071565112784,0.04177952965660059,0.12662462184659473,1154.8491088867188,1129.6689868164062,1136.9906854248047,0.02186613576442631,0.04464335133673325,0.03791632721085203,0.009977989449383946,0.010171650288022487,11918259.95,0.5807136300966484,True,False
2023-06-21,1165.206787109375,1183.424072265625,1185.9853515625,1175.901611328125,1180.0550537109375,6961603,0.002815755112367979,0.004878859804793745,0.05083503827653946,0.12637271667978212,1157.7115661621094,1131.879111328125,1136.8207385253907,0.02220976869804825,0.04553928102535454,0.04099444368043903,0.009802462102614616,0.01017131759360471,11860727.4,0.5869457045273632,True,False
2023-06-22,1152.1202392578125,1170.1328125,1187.5775146484375,1168.517578125,1179.5936279296875,7619166,-0.011231189289718668,-0.006679662613826798,0.03916064311841172,0.12799174586916906,1159.9163818359375,1133.717265625,1136.7632818603515,0.008807902728205086,0.032120483633037766,0.02935486320866909,0.010264375533730549,0.010138182336499612,11667292.55,0.6530363378948615,True,False
2023-06-23,1142.6915283203125,1160.5567626953125,1169.1636962890625,1159.28759765625,1167.0869140625,6628570,-0.008183728977079308,-0.024307439879738935,0.0032914415870426428,0.14135621692714384,1160.1067504882812,1135.268828125,1136.7269390869142,0.0003879058602511698,0.022274842701422326,0.02096354259672939,0.008589580434960145,0.009819682731206477,11367408.05,0.5831206173688821,True,False
2023-06-26,1133.96728515625,1151.6959228515625,1160.856689453125,1148.53466796875,1156.9801025390625,12641159,-0.007634990487816684,-0.022043250831938144,-0.009938089471978162,0.11530474876396335,1159.5287231445313,1136.5614892578126,1136.5556072998047,-0.006755158485187818,0.013315983109398521,0.013321227271692937,0.008660202987700458,0.009743566587256478,11498950.8,1.0993315146630593,True,True
2023-06-27,1134.3760986328125,1152.111328125,1158.1337890625,1147.588623046875,1152.157470703125,9689466,0.00036069006166927764,-0.023718193195701565,-0.009325554690173377,0.11052049205982395,1158.9864624023437,1137.7521606445312,1136.3239349365235,-0.0059320229358788,0.012620646197968544,0.013893391402829414,0.008662080586847976,0.009738431625127851,11416298.9,0.848739690934336,True,True
2023-06-28,1149.3939208984375,1167.3638916015625,1171.2174072265625,1152.75732421875,1159.7491455078125,11354006,0.013238793078603983,-0.013570943029167726,0.024130622892954534,0.13191928718419632,1160.3617370605468,1139.4980151367188,1136.2033685302733,0.006034458322241587,0.02445451952937394,0.027425128224709105,0.007881507715509512,0.009795166700837079,10628602.85,1.068250094602039,True,True
2023-06-30,1158.8226318359375,1176.93994140625,1179.8935546875,1169.186767578125,1175.1632080078125,11151555,0.008203140317754487,0.005817398532484974,0.03531921715778186,0.09403488092240564,1162.3692626953125,1141.327861328125,1136.122260131836,0.012535326921111922,0.031202322561971307,0.03592719085503848,0.007972700861951239,0.008230195402524756,10456546.0,1.0664664029594475,True,True
2023-07-03,1188.5628662109375,1207.1451416015625,1210.0526123046875,1179.2935791015625,1180.5396728515625,12154387,0.025664181435819167,0.04014312819827248,0.06537152780957411,0.12191990397416919,1166.072802734375,1143.8167309570313,1136.2293280029296,0.035222791210699045,0.05536587193609632,0.06241329267857987,0.00949120604163119,0.008797245152744309,10274233.15,1.1829970006082644,True,True
2023-07-04,1176.3167724609375,1194.707763671875,1211.4371337890625,1187.554443359375,1211.4371337890625,8061643,-0.010303133816358168,0.03734652521284998,0.045009624678127524,0.11303400247739037,1168.6456665039063,1146.0296240234375,1136.2078686523437,0.022301111376158644,0.04247546365995336,0.05148696522311358,0.009847329258382097,0.008921856408874126,10131881.2,0.7956708967333728,True,True
2023-07-05,1174.3856201171875,1192.746337890625,1204.0531005859375,1188.7313232421875,1204.0531005859375,10248062,-0.001641761978026901,0.0352700375160413,0.04241033207954348,0.103803266591739,1171.072003173828,1148.1202172851563,1136.1265295410155,0.018508114495142447,0.03886885705313303,0.049835829793080544,0.00988165544919728,0.008909526148237258,10269618.85,0.9979009104120744,True,True
2023-07-06,1199.0367431640625,1217.78271484375,1220.4132080078125,1188.8466796875,1188.8466796875,19117987,0.02099052930013756,0.04319032274761847,0.05628161422233813,0.13501953445212012,1174.3163452148438,1150.5449389648438,1136.242827758789,0.03701419111300375,0.05843993885141119,0.07176272984340537,0.01069290577216822,0.009174298003420841,10709890.95,1.7850776529148507,True,True
2023-07-07,1196.6966552734375,1215.406005859375,1229.8740234375,1212.821533203125,1216.0521240234375,13375267,-0.0019516691733302283,0.032683115849704514,0.05358758281444631,0.12722845025710927,1177.407244873047,1153.0508837890625,1136.4064294433595,0.03227325222584754,0.05407837845404195,0.06951700938080019,0.010735620861110207,0.009181932854727922,10775098.85,1.2413126957067313,True,True
2023-07-10,1242.7950439453125,1262.22509765625,1271.8935546875,1234.5120849609375,1240.9268798828125,33240016,0.038521359587795345,0.04562827961317972,0.10197620724614653,0.1655124613929524,1183.2475219726562,1156.3552221679688,1136.9506530761719,0.06674645348246844,0.0915548037996432,0.1101845926567977,0.013131468043234258,0.010317089823093817,12143248.75,2.737324803628024,True,True
2023-07-11,1256.2677001953125,1275.9085693359375,1278.3544921875,1263.4019775390625,1270.462890625,20069348,0.010840753923444746,0.06796708628936665,0.11293599361301188,0.17372105054350717,1189.721209716797,1159.5321875,1137.5557946777344,0.0724433244656173,0.10036494294035081,0.12162284725330585,0.013158041781982143,0.010370829797071653,12827117.7,1.5646030908408988,True,True
2023-07-12,1257.653564453125,1277.316162109375,1293.12255859375,1274.5009765625,1276.64697265625,18733835,0.0011032081822055506,0.07090344487522127,0.09794317979354772,0.16908490204400994,1195.4184265136719,1162.547626953125,1138.1670513916015,0.06850968144647918,0.098721577073829,0.1222571946250246,0.013002125218231951,0.010368262565830254,13201408.65,1.4190784859917203,True,True
2023-07-13,1246.4072265625,1265.89404296875,1291.738037109375,1263.240478515625,1284.7694091796875,14682934,-0.008942280290075044,0.03950731730592261,0.07490644507237643,0.1720468814050904,1199.8292114257813,1165.5279931640625,1138.7052752685547,0.055061862900022795,0.08611208859276176,0.11169595018359679,0.013219851991760529,0.01031541421166244,13271686.35,1.1063352171519636,True,True
2023-07-14,1245.3623046875,1264.8326416015625,1274.1549072265625,1257.6331787109375,1269.12451171875,15124144,-0.000838459879863529,0.040666769379043455,0.07371058470570735,0.1652636244295005,1204.1707702636718,1168.2296142578125,1139.2927648925781,0.05037646888290426,0.08269181517464164,0.11019105938131823,0.013237360265150135,0.010320984868184516,13437218.85,1.125541242487094,True,True
2023-07-17,1270.8084716796875,1290.6766357421875,1299.1451416015625,1258.9715576171875,1267.7401123046875,22220040,0.020432738127236005,0.022540779880520168,0.08508573771958838,0.1920889043025238,1209.2311157226563,1171.5058032226561,1140.1170037841796,0.06735314611124443,0.10172449183922794,0.13205629900991145,0.013704302315452133,0.010550562034651382,13339641.9,1.6657148794976273,True,True
2023-07-18,1281.600341796875,1301.63720703125,1309.482666015625,1288.968994140625,1300.0450439453125,25867313,0.008492112575323452,0.02016495406775376,0.10527862982505454,0.20070242645663683,1215.4302124023438,1174.7229174804688,1141.1394567871093,0.07092714476671991,0.10803763820576973,0.1406469203124603,0.013319611227255963,0.010571780212834845,14293079.85,1.8097788070497627,True,True
2023-07-19,1291.3243408203125,1311.5133056640625,1318.0435791015625,1290.8150634765625,1306.0445556640625,39122156,0.007587443397794269,0.026772653920086542,0.11135664448797922,0.20519500944005675,1222.0008178710937,1178.0669458007812,1142.1676782226561,0.07325075931529468,0.11327570163898648,0.14826687067955513,0.013310763122662517,0.010587248208825189,15903132.85,2.460028245315199,True,True
2023-07-20,1289.7606201171875,1309.925048828125,1315.4749755859375,1290.0,1290.0,38717624,-0.0012110108445551049,0.034782536582693924,0.10689403699581512,0.1945912850067517,1228.3258666992188,1181.2218359375,1143.335177001953,0.06643121694423093,0.10895769869380811,0.14570519229803014,0.013381795184524639,0.010585466365732817,17490933.9,2.213582431982091,True,True
2023-07-21,1249.8345947265625,1269.375,1307.449951171875,1261.800048828125,1304.5,30249238,-0.030956006883295806,0.0035912722751096915,0.08481275496237739,0.16444802680710136,1233.2879760742187,1183.7161743164063,1144.3164239501953,0.029260825229686427,0.07236432815751748,0.10928670901891002,0.015250889767664666,0.011406232548649115,18622437.5,1.6243436445953974,True,True
2023-07-24,1224.554931640625,1243.699951171875,1257.4749755859375,1234.6500244140625,1240.5,23727866,-0.020226527880354506,-0.03639694348639011,0.0716407772106451,0.13371985305826128,1237.445135498047,1185.6596313476562,1145.048267211914,0.005054620600460469,0.048951923713763,0.08615504410147601,0.01598515021252556,0.011768708633273095,19477402.3,1.2182253893272,True,True
2023-07-25,1223.767333984375,1242.9000244140625,1252.5999755859375,1240.0,1247.0,12026020,-0.0006431830740676325,-0.0451256174146667,0.07919113001345135,0.11265257692145458,1242.0053405761719,1187.5418627929687,1145.795147705078,0.0007203542598903656,0.04661575592029865,0.08474889852996537,0.015802232093763847,0.011581534574291697,19446645.35,0.6184110309802096,True,True
2023-07-26,1243.65625,1263.0999755859375,1273.5,1242.5,1242.5,12911012,0.016252273533744477,-0.03691409753072361,0.09633500231402614,0.12121653763009754,1247.5547729492187,1190.1552954101562,1146.5421905517578,0.012460537183445641,0.0612900521949471,0.1016602668394504,0.016011146477841482,0.01169975517802875,19607722.65,0.6584656581726996,True,True
2023-07-27,1232.0872802734375,1251.3499755859375,1268.824951171875,1245.175048828125,1267.0250244140625,17226898,-0.009302509878166498,-0.04471635479800118,0.07194507607148148,0.12040215331070314,1251.7540771484375,1192.6675634765625,1147.209946899414,-0.0003228282374926339,0.049202656219071494,0.09077678324528549,0.016173262294776215,0.011711133262573508,19901367.25,0.865613793444267,True,True
2023-07-28,1244.4686279296875,1263.925048828125,1271.425048828125,1250.2750244140625,1256.0250244140625,20827852,0.010049205647923776,-0.0042934130354505,0.07390785575510517,0.11876368528108006,1256.1033325195312,1195.4797900390624,1147.9169262695314,0.006226968837750535,0.05725338007330616,0.1010596846372791,0.016206128898024384,0.011692198167517515,20385182.1,1.0217152781774756,True,True
2023-07-31,1255.00390625,1274.625,1276.949951171875,1258.9749755859375,1263.925048828125,8551174,0.008465653229830172,0.024865361455539192,0.05590036862419834,0.13112265060073902,1259.4773254394531,1198.4331005859376,1148.7386694335937,0.01202695297055989,0.06357626418763851,0.10958656996240657,0.015416136593820491,0.011706969353536129,20205021.45,0.42322023865013025,True,True
2023-08-01,1237.25634765625,1256.5999755859375,1279.5,1252.6500244140625,1277.5,9536632,-0.014141433295331907,0.011022568913644948,0.05180531490298512,0.10152556124042067,1262.5719360351563,1200.905458984375,1149.5808172607422,-0.004729996191719987,0.046377103363877126,0.09309407108949852,0.015610973490015546,0.01181381841867132,20278770.9,0.4702766280573741,True,True
2023-08-02,1224.0379638671875,1243.175048828125,1256.0,1231.800048828125,1254.5999755859375,12748214,-0.010683532562980158,-0.015774623658407982,0.04227949341406756,0.08639529141837454,1265.0933715820313,1203.1134716796876,1150.3158050537108,-0.017325458536310956,0.03329825331646141,0.08072500035768737,0.01587038860208498,0.011919317802229266,20403778.5,0.6247967257633188,True,True
2023-08-03,1218.8934326171875,1237.949951171875,1250.449951171875,1229.0250244140625,1237.6500244140625,10168350,-0.004203026485429695,-0.01070845460942138,0.016560619626394102,0.07444094571445126,1266.1017333984375,1205.3489721679687,1151.0072454833985,-0.022235008043941518,0.027046921478075747,0.07553619321654437,0.01528895023070463,0.01191967451600309,19956296.65,0.5095309103856202,True,True
2023-08-04,1235.4593505859375,1254.7750244140625,1258.0,1235.800048828125,1249.4000244140625,22885610,0.01359107710797236,-0.007239372637282693,0.03239166037101393,0.09620073031582788,1268.0701843261718,1207.9237426757813,1151.810732421875,-0.010484561561688421,0.03878662210455164,0.089393412558058,0.015527798301991282,0.0119795033183494,20431813.8,1.1200968364345607,True,True
2023-08-07,1242.4993896484375,1261.925048828125,1264.199951171875,1252.5,1260.5,5982870,0.005698252096945744,-0.009963676510248098,-0.00023771419906171154,0.10064999707208533,1268.0551818847657,1210.027255859375,1152.562169189453,-0.0048342794100878494,0.04288977187699117,0.09488675106834554,0.01295347983462923,0.011991170462519593,19068956.5,0.3137492080387304,True,True
2023-08-08,1235.0162353515625,1254.324951171875,1267.2249755859375,1249.7750244140625,1264.0,9844072,-0.006022622075144479,-0.001810460336036268,-0.016916273377876934,0.0918676531140834,1266.9760009765625,1211.8486254882812,1153.1775366210939,-0.009985232391881427,0.03505085106357986,0.08771191888384466,0.012762801496991511,0.012032105684916557,18557692.7,0.5304577545892869,True,True
2023-08-09,1243.1640625,1262.5999755859375,1264.5,1240.550048828125,1252.425048828125,11486586,0.0065971934994448755,0.015625254686476575,-0.011521177731858456,0.11494911043648104,1266.2401916503907,1213.841494140625,1153.7358642578124,-0.00287482271409234,0.04016873840668356,0.0943579156206229,0.012864075975114696,0.011868594051953027,18195330.25,0.6312930758703871,True,True
2023-08-10,1248.7025146484375,1268.2249755859375,1275.0,1254.2249755859375,1262.4749755859375,15470598,0.004455092752072565,0.024455774149353404,0.0018413331116726717,0.12657348693357662,1266.35673828125,1216.4088256835937,1154.306856689453,0.0014752851611332662,0.04259764382523645,0.09868963199543068,0.012749648400293887,0.011828600511937199,18234713.45,0.8484146483804493,True,True
2023-08-11,1253.969970703125,1273.574951171875,1279.425048828125,1256.175048828125,1266.2249755859375,22179330,0.004218475182974357,0.014982707172221055,0.006911831085607334,0.1337660421121678,1266.7938537597656,1219.1445361328124,1154.9715167236327,0.005352960461548983,0.04464640034537548,0.10268948864184191,0.01277871453773176,0.011818766643923229,18587472.75,1.1932407540449521,True,True
2023-08-14,1268.788330078125,1288.625,1291.1500244140625,1262.5,1269.5,9575812,0.011817167740521883,0.02115811172515336,-0.0015895815306269379,0.14345283150484844,1266.6912719726563,1222.2555493164064,1155.6923901367188,0.017315764711306247,0.054300797178391536,0.11502421491895021,0.012200803447484084,0.0118837002553246,17955261.35,0.5333150998662572,True,True
2023-08-16,1267.7545166015625,1287.574951171875,1291.4000244140625,1275.5,1275.5,10203112,-0.0008148598918420458,0.026508282378450376,-0.010803514054002705,0.13644778814895053,1265.9881591796875,1225.1420385742188,1156.4963903808593,0.01705133798895475,0.05095973416299859,0.11334108941563459,0.01203590049959633,0.011883611887190289,17172051.3,0.5941696668469654,True,True
2023-08-17,1249.4654541015625,1269.0,1289.050048828125,1266.425048828125,1283.550048828125,13673744,-0.014426306720994542,0.0050689248675872545,-0.03241545890572317,0.12025835351360947,1263.8624938964845,1227.637646484375,1157.1853637695312,0.004064924885678556,0.03369264019727303,0.09662638305952354,0.0122643268016277,0.012072843066942335,15899630.7,0.8600038741780336,True,True
2023-08-18,1258.720703125,1278.4000244140625,1288.800048828125,1254.2750244140625,1265.625,18639978,0.0074074266462274,0.00802306296122568,-0.02406628107636022,0.13517002913081777,1262.2862426757813,1230.1477294921874,1157.7482745361328,0.012765552846494943,0.03922479696141368,0.104212420378057,0.012428080745403868,0.01204893884868745,14895748.4,1.251362301473889,True,True
2023-08-21,1244.986328125,1260.0,1277.7249755859375,1257.824951171875,1269.9749755859375,9221746,-0.01439301006153837,-0.010658933861241615,-0.00738552437223039,0.11896905747970266,1261.8174926757813,1232.2759692382813,1158.1650744628905,-0.0014403768265465189,0.022498232095572,0.08792781597591892,0.010779441789465194,0.012234702581204382,13844373.8,0.6661006220447471,True,True
2023-08-22,1244.68994140625,1259.699951171875,1268.9749755859375,1249.5,1258.449951171875,7713044,-0.0002381339905753732,-0.022446443944611483,0.012864839292567432,0.08899988402390813,1262.6174926757812,1234.5615771484374,1158.625947265625,-0.002310708920817528,0.020362187264487464,0.08723609560513146,0.009709738721735783,0.011776387759694206,13043632.7,0.5913263718319821,True,True
2023-08-23,1246.0732421875,1261.0999755859375,1271.425048828125,1258.4749755859375,1262.0999755859375,9517952,0.0011113951483130435,-0.020561890833494023,0.014643133650636964,0.08411172291384239,1263.527490234375,1236.8548803710937,1159.057362060547,-0.0019212202878048368,0.019602214940179108,0.08803931269111787,0.00970504008491649,0.011763933879895999,12918229.3,0.7367845684547494,True,True
2023-08-24,1225.1258544921875,1239.9000244140625,1269.949951171875,1235.5,1269.949951171875,14140020,-0.016810682406067756,-0.022931422841558358,-0.018367470208455083,0.06616195756454846,1262.3674926757812,1238.3854443359376,1159.3608557128907,-0.01779788246455516,0.0012230280039644548,0.06946859410019357,0.0097452142350516,0.011995635975287411,12979679.7,1.0893966821076486,True,True
2023-08-25,1219.4691162109375,1234.175048828125,1252.5,1221.300048828125,1228.0,22222400,-0.004617288066143033,-0.03459400402171253,-0.013725118546288773,0.08274418166318975,1261.5087463378907,1239.5153784179688,1159.5489624023437,-0.021667465714458434,-0.004308401237151149,0.06435785710261999,0.009587156128805,0.0117011243179069,13229454.8,1.6797668789797746,True,True
2023-08-28,1207.315673828125,1221.875,1242.0,1215.550048828125,1236.0,12580826,-0.0099662109032298,-0.03025793650793651,-0.03326941646350989,0.07484725767158595,1259.4062438964843,1240.3928491210938,1159.6436102294922,-0.029800744659138845,-0.014929019571674473,0.053664237203180365,0.009455618794060986,0.011781572236676321,12817103.5,0.981565452756155,True,True
2023-08-29,1195.755126953125,1210.175048828125,1226.7249755859375,1204.074951171875,1226.0250244140625,16876644,-0.009575407608695685,-0.03931484025039289,-0.05056385303275468,0.06804558644580538,1256.1837463378906,1240.8069555664063,1159.685757446289,-0.03662577042880322,-0.024687084965846595,0.04353704532253366,0.009299286821056536,0.011850701997153944,13233377.0,1.2753089404163427,True,True
2023-08-30,1194.61865234375,1209.0250244140625,1221.5,1207.5,1216.0,12168946,-0.0009502959222107421,-0.04129327744033906,-0.03786006055721225,0.057532917595073396,1253.804998779297,1241.4343505859374,1159.7948406982423,-0.035715262268719794,-0.026106355246717783,0.04244732084355696,0.008892784449859826,0.011808989712837307,13364992.7,0.9105089896532454,True,True
2023-08-31,1189.1595458984375,1203.5,1212.5,1199.949951171875,1211.5,21638600,-0.004569818078612675,-0.029357225338602633,-0.03191428983836553,0.05180858226434726,1251.8212463378907,1241.9023266601562,1159.739464111328,-0.03860075588208045,-0.030922179494929702,0.03773307474899479,0.00867707282398333,0.011830873495105261,13809512.0,1.5669344434473862,True,True
2023-09-01,1191.950927734375,1206.324951171875,1212.824951171875,1200.824951171875,1203.2750244140625,18112842,0.002347279743975861,-0.02256575976211339,-0.025546267011895774,0.0463433674734024,1250.2399963378907,1242.3603442382812,1159.7276330566406,-0.03512529217962024,-0.02900558862292102,0.0401795359419177,0.008696636327245082,0.011800098419121056,14206736.6,1.274947407696712,True,True
2023-09-04,1190.9874267578125,1205.3499755859375,1211.824951171875,1202.6500244140625,1206.324951171875,9347626,-0.0008082196965174537,-0.013524316656010282,-0.03938957013525579,0.04487040635043105,1247.7687438964845,1243.0646875,1159.7380401611329,-0.033995697133816005,-0.030340104013341973,0.03932951567102805,0.00796824411160468,0.01180195102479539,13529837.4,0.6908897515649375,True,True
2023-09-05,1197.3607177734375,1211.800048828125,1216.9749755859375,1206.2249755859375,1210.0,8675876,0.005351203694223372,0.0013427809485691,-0.039721059540380854,0.05795299446025104,1245.2624938964843,1244.0895532226561,1159.8151947021483,-0.026871800309068772,-0.025954324840112397,0.0448216701793831,0.007951009213832778,0.011770333025894334,13664487.7,0.6349214248259011,True,True
2023-09-06,1199.88037109375,1214.3499755859375,1218.074951171875,1208.625,1210.550048828125,8200370,0.00210424711591517,0.004404334951177535,-0.031869712508381665,0.059240316393574854,1243.2637451171875,1245.3426342773437,1159.889638671875,-0.023256344154493624,-0.024886852692866168,0.04695303337343537,0.007941967573411243,0.011771171069736358,13582302.6,0.6037540350485197,False,True
2023-09-07,1201.5107421875,1216.0,1219.125,1205.5,1210.8499755859375,13652572,0.0013587717274554656,0.010386373078520972,-0.036907949063052836,0.04523762106333651,1240.9337463378906,1246.6204077148439,1159.9755633544921,-0.02009272969767517,-0.024562735797798774,0.04829794559076128,0.007741670409393979,0.011632234456584086,13690601.9,0.9972221893326692,False,True
2023-09-08,1209.5140380859375,1224.0999755859375,1228.0,1211.4749755859375,1220.0,23109288,0.006661164133172193,0.014734855974582128,-0.03479272278139267,0.03941792006895861,1238.7274963378907,1247.7551293945312,1160.20986328125,-0.011808505740929509,-0.018958169957652093,0.05506772035534735,0.007851174750375615,0.011560380219322835,14072536.4,1.6421551412721873,False,True
2023-09-11,1222.5570068359375,1237.300048828125,1238.425048828125,1226.0,1226.0,13271074,0.010783492774655956,0.026506885045280093,-0.028482738538765817,0.05033829392753808,1236.913751220703,1248.9623315429687,1160.4775128173828,0.00031230763425571517,-0.00933757761968379,0.06619907336613018,0.008240953246537385,0.011633050994935177,13627123.6,0.9738719915918279,False,True
2023-09-12,1204.89501953125,1219.425048828125,1241.5,1217.9749755859375,1241.5,16255666,-0.014446778707339236,0.006292292203960326,-0.05370061202589971,0.025183761802996196,1233.4537536621094,1249.2079296875,1160.6742474365235,-0.011373515052618188,-0.02384141194718914,0.05061782108232271,0.008113630587822652,0.011739649724054573,13961116.3,1.1643528820113045,False,True
2023-09-13,1210.9222412109375,1225.5250244140625,1231.324951171875,1213.125,1220.0,12803338,0.005002337447307381,0.009202494382011261,-0.0481913124368708,0.0406483561499571,1230.3512573242188,1249.8242749023439,1160.850601196289,-0.003922646383645256,-0.01944213356728086,0.05571296009247417,0.008288087547994068,0.011673228335727303,14091127.6,0.9086098971951684,False,True
2023-09-14,1212.0338134765625,1226.6500244140625,1232.9000244140625,1222.5,1230.0,9209636,0.0009179739112532559,0.008758243761564533,-0.03337271519774432,0.039444776660999104,1228.2337585449218,1250.5023486328125,1160.9437414550782,-0.0012894403201679783,-0.019074193858834465,0.05659730149940834,0.0078162972213517,0.011671922372811394,13867922.2,0.6640963128564422,False,True
2023-09-15,1214.28173828125,1228.925048828125,1234.0,1224.75,1234.0,25468592,0.0018546646303203573,0.003941731344188515,-0.03870069981312285,0.03844858122193662,1225.760009765625,1250.7251953125,1160.8406970214844,0.0025821033785440317,-0.017430005061126352,0.0586509001461899,0.007571817667292516,0.011669645256331596,14209352.9,1.7923822554931406,False,True
2023-09-18,1203.709228515625,1218.2249755859375,1225.5,1216.0250244140625,1220.0250244140625,7516300,-0.008706855843154004,-0.015416691577967656,-0.03315478128100202,0.04109974745788736,1223.6712585449218,1250.7815747070313,1160.6734228515625,-0.0044507729677826235,-0.026029004407679635,0.04958462182495871,0.007176202148058219,0.01163040105783135,14124080.6,0.53216207219888,False,True
2023-09-20,1176.8826904296875,1191.074951171875,1213.800048828125,1177.5,1211.5250244140625,57081884,-0.022286543912797385,-0.023248741432279618,-0.05447725860127206,0.026296161857422673,1220.240008544922,1249.3585717773437,1160.326209716797,-0.023901082712264876,-0.04665083501412581,0.026500083508915084,0.008514977268356653,0.011951824296664743,16592522.6,3.440217342238244,False,True
2023-09-21,1168.31103515625,1182.4000244140625,1195.050048828125,1180.0,1187.4749755859375,12226182,-0.007283275287820801,-0.035188999931371145,-0.06240579866422491,0.026659902977235195,1216.3050109863282,1247.4884008789063,1159.9541973876953,-0.027875398247986682,-0.05217553639696082,0.01935061494403567,0.00852087980038766,0.011947850969464359,16727934.1,0.7308841562210602,False,True
2023-09-22,1163.4447021484375,1177.4749755859375,1191.2249755859375,1175.0,1188.0,19176786,-0.004165298313965837,-0.0400888989111744,-0.05034684055081384,0.02201492758708956,1213.1837585449218,1245.4915771484375,1159.5602136230468,-0.029433944122210343,-0.05461024611521226,0.015449617667474103,0.00790314184180711,0.011963078676023527,16979772.4,1.1293900500103289,False,True
2023-09-25,1156.2811279296875,1170.2249755859375,1180.3499755859375,1167.550048828125,1175.199951171875,14254884,-0.006157243381238131,-0.04776538105245931,-0.05181604773399806,0.0024508929948567904,1209.9862548828125,1243.5781958007813,1159.221587524414,-0.032860934689482035,-0.05898561140950942,0.009492048957630228,0.007931795151497969,0.01187290089153962,16581396.6,0.8596913965618553,False,True
2023-09-26,1157.2938232421875,1171.25,1175.0999755859375,1167.800048828125,1169.2750244140625,10087782,0.0008759208147555153,-0.03856018102349579,-0.04143222506393862,-0.004834521462031005,1207.4550048828125,1241.70654296875,1158.8702032470703,-0.029984558212441503,-0.05674170227072983,0.01068264307619815,0.007772682712191538,0.011825835548509332,16456744.4,0.6129877061224819,False,True
2023-09-27,1170.3365478515625,1184.449951171875,1185.9000244140625,1169.25,1171.75,11722778,0.01126996898345789,-0.005562202440309694,-0.02125733602024016,-0.018800713888950438,1206.16875,1239.5820092773438,1158.6764263916016,-0.018006434695083118,-0.04447632967633164,0.022243936437490452,0.008105828251625214,0.011435694141444571,16199051.1,0.7236706599437791,False,True
2023-09-28,1153.14404296875,1167.050048828125,1191.5,1162.5,1191.5,14518346,-0.014690280772551745,-0.012982049449418942,-0.03471803704499843,-0.023150192611744114,1204.070001220703,1236.8902661132813,1158.3985345458984,-0.03074568119382315,-0.05646436001523192,0.007468512799541749,0.008660868877530004,0.011514801141122475,16316521.1,0.8897942098698969,False,True
2023-09-29,1158.529052734375,1172.5,1184.550048828125,1167.050048828125,1170.9000244140625,12342014,0.004669852143314168,-0.00422512213770132,-0.025758205234732046,-0.016974554645399875,1202.520001220703,1234.11,1158.2405383300782,-0.024964242748751864,-0.049922616298385014,0.012311312890568304,0.008747377247462636,0.01153138780285305,15851691.8,0.778592856568155,False,True
2023-10-03,1145.263916015625,1159.074951171875,1167.800048828125,1158.0,1164.9749755859375,8859056,-0.011449935034648195,-0.00952810326790332,-0.03916855069117098,-0.04820873457660102,1200.1575012207031,1231.092998046875,1158.0061871337891,-0.03423096552497673,-0.05849927421344803,0.000922934652647367,0.00898805067775806,0.011277761192258666,15389002.5,0.5756744792263176,False,True
2023-10-04,1143.2877197265625,1157.074951171875,1159.5,1147.550048828125,1154.5,10286386,-0.001725513952292701,-0.012102496331376722,-0.040050628773270036,-0.04799306108929091,1197.74375,1228.8469970703125,1157.734376220703,-0.033954507237566545,-0.05840600666278939,-0.0005695823345772677,0.008984218384182696,0.011277394181141537,15435940.5,0.666391918263743,False,True
2023-10-05,1143.2630615234375,1157.050048828125,1164.699951171875,1154.5,1159.625,10953682,-2.1521806970903334e-05,-0.02313301825597691,-0.04518072107105964,-0.0833251129480932,1195.00625,1227.1139990234376,1157.4843621826171,-0.03176234531984656,-0.05709652913345531,-0.00037522179018745216,0.008831775500049342,0.01003096590371567,15549830.8,0.7044245137381173,False,True
2023-10-06,1145.18994140625,1159.0,1162.4000244140625,1156.0250244140625,1158.5250244140625,5431026,0.0016852781552967322,-0.006897775152152508,-0.045579920697268905,-0.09162770134601728,1192.238751220703,1225.4359985351562,1157.3298217773438,-0.027879274337183513,-0.05421417243705218,0.001443130723177255,0.008821340337472736,0.009910527770413319,15411363.6,0.35240398844395576,False,True
2023-10-09,1135.4324951171875,1149.125,1155.9749755859375,1147.5,1154.050048828125,7576878,-0.008520276100086321,-0.019936034115138557,-0.05499588815789469,-0.10035977458993284,1188.895001220703,1223.1564990234374,1157.1553271484374,-0.03345123091599267,-0.0605249606919015,-0.0069397141075489,0.008882492289557013,0.00994464379980721,15107578.9,0.5015282759833873,False,True
2023-10-10,1140.447021484375,1154.199951171875,1158.949951171875,1151.875,1153.2750244140625,10236032,0.004416361293919202,-0.004205940258713348,-0.05710319892834215,-0.08823336551527816,1185.4,1221.2134985351563,1156.9284442138671,-0.026320270649675237,-0.05487455505827932,-0.002358393948768467,0.008770299665343038,0.009929560000265732,14463916.1,0.7076943705446411,False,True
2023-10-11,1158.5537109375,1172.5250244140625,1174.8499755859375,1156.5,1157.2249755859375,9814118,0.015876861910782303,0.013352698739645064,-0.05235191292153618,-0.07298010357371687,1182.1612487792968,1219.385498046875,1156.7412677001953,-0.008151362071108892,-0.038429580889612236,0.013645019119312707,0.009249378483918533,0.0101794808584347,14291068.3,0.6867308863116972,False,True
2023-10-12,1160.70263671875,1174.699951171875,1179.675048828125,1169.074951171875,1171.925048828125,12554450,0.0018549086053829544,0.015254225486292627,-0.03667720102947791,-0.08985727436184787,1179.9249938964845,1217.3869970703124,1156.6510357666016,-0.004428283790611776,-0.035064483193237184,0.015604460504642148,0.008864843048916687,0.00978487456785604,14106007.5,0.8900073248933122,False,True
2023-10-13,1160.6534423828125,1174.6500244140625,1178.75,1164.574951171875,1170.0,10150316,-4.250171097963662e-05,0.01350304090945853,-0.0415128202088928,-0.09755958260198905,1177.3812438964844,1215.747998046875,1156.576014404297,-0.0023197409476161113,-0.033804681314579366,0.015627170012750602,0.008730991286580553,0.009698503746328186,13973356.4,0.7264050031673135,False,True
2023-10-16,1158.0596923828125,1172.0250244140625,1177.2750244140625,1168.0,1172.5,5929036,-0.002234708164509991,0.01992822748966594,-0.044531854166059204,-0.10635674121458683,1174.6499938964844,1214.3249975585939,1156.6623150634766,-0.0022346822424222923,-0.03483414508436844,0.01328193125211552,0.008702402659796373,0.009622314583139873,13809326.4,0.42935012384094273,False,True
2023-10-17,1163.593017578125,1177.625,1179.8499755859375,1170.6500244140625,1178.0,7928180,0.00477803414542044,0.020295485894225918,-0.041743838549831436,-0.10099818225972723,1172.0849914550781,1213.1184985351563,1156.7261968994142,0.004726626981243376,-0.029258063889071706,0.018067199616127683,0.00879879729492185,0.009659799654827148,12932305.8,0.6130523143057752,False,True
2023-10-18,1148.154052734375,1162.0,1183.5,1160.5,1177.625,8918320,-0.013268230548774018,-0.008976375083612487,-0.046153195602392394,-0.08458887247661251,1169.2737426757812,1211.262998046875,1156.6643035888671,-0.0062207354961515415,-0.04067076937569314,0.004613003439785768,0.00903519929230389,0.009000033887322144,13002406.8,0.6858976293527441,False,True
2023-10-19,1139.33544921875,1153.074951171875,1160.9000244140625,1150.5,1156.0,12032556,-0.007680764912327831,-0.01840895624318961,-0.03190395361988985,-0.07286725380555714,1167.3737426757812,1209.08599609375,1156.5583618164062,-0.01224868350313535,-0.046325112608063046,-0.0030118762351606376,0.007848890915829637,0.008696605330317072,10749940.4,1.119313740567343,False,True
2023-10-20,1135.8525390625,1149.550048828125,1157.3499755859375,1148.1500244140625,1150.0,8913312,-0.003056958561251877,-0.02136804585557972,-0.02778245509781374,-0.07510658440122342,1165.7312438964843,1206.990498046875,1156.4374493408204,-0.013880725212677025,-0.04758981061714973,-0.005955705184591986,0.007743749279655582,0.008699460578183877,10584296.9,0.8421260367327753,False,True
2023-10-23,1118.1163330078125,1131.5999755859375,1153.125,1127.625,1145.0,7853962,-0.015614868844106566,-0.034491626019960586,-0.03896048829162724,-0.10410894033862894,1163.4374938964843,1204.370498046875,1156.217787475586,-0.027365044084937784,-0.06042204004411367,-0.021291673728180083,0.008359307298204577,0.008583995052378635,10018155.7,0.7839728424264758,False,True
2023-10-25,1115.522705078125,1128.9749755859375,1140.5999755859375,1121.5,1125.0250244140625,11620688,-0.0023197243342469864,-0.04131198336827302,-0.035249632216528215,-0.09779438397535323,1161.3749938964843,1201.585498046875,1155.9187750244141,-0.027897981686210382,-0.06042892709587688,-0.023309422790461665,0.008301539145742613,0.008527625045932767,9886445.9,1.1754161321006167,False,True
2023-10-26,1099.985107421875,1113.25,1129.0,1110.1500244140625,1125.5,15222534,-0.013928542196230964,-0.041953528399311546,-0.04951974386339386,-0.11921201258557745,1158.4749938964844,1198.3789990234375,1155.584634399414,-0.03903838592525155,-0.07103679144311548,-0.03663481941451774,0.008704400099501975,0.008530577972704012,10143183.5,1.5007649225709068,False,True
2023-10-27,1119.40087890625,1132.9000244140625,1136.75,1117.9749755859375,1120.0,11771084,0.017651043713507786,-0.01749663084546993,-0.04352224989060105,-0.11118954640457979,1155.8974975585938,1195.2644995117187,1155.437582397461,-0.019895772067250794,-0.05217629664658563,-0.019505647320761765,0.009330152835087077,0.008801123029139381,10145598.8,1.1602157972183957,False,True
2023-10-30,1142.4725341796875,1156.25,1162.5,1134.9749755859375,1137.0,16813304,0.02061079979057645,0.005828324898689674,-0.009254143675303084,-0.07985833004584098,1155.3574951171875,1192.6380004882812,1155.4176641845704,0.0007724923987462162,-0.030510515741896116,0.0007203765713734711,0.010142833232246476,0.009121197462281355,10260346.7,1.6386682138138666,False,True
2023-10-31,1130.319091796875,1143.949951171875,1164.0,1141.449951171875,1164.0,12808438,-0.010637880067567607,0.010913729102497216,-0.024349721815032033,-0.07981586965551168,1153.9299926757812,1190.1369995117188,1155.2835192871094,-0.008648740883113848,-0.038808177847418523,-0.009810204963564217,0.01031495653552941,0.009120407142418059,10283667.9,1.2455126054780512,False,True
2023-11-01,1135.0125732421875,1148.699951171875,1158.75,1137.5999755859375,1144.574951171875,10309190,0.004152279560075245,0.017471579098288004,-0.008951103627518164,-0.07209499860274127,1153.4112426757813,1187.542998046875,1155.0349053955078,-0.004084658905332494,-0.03270874986327599,-0.005484643099563868,0.010084908802193503,0.009139787217095866,10356174.6,0.9954631317243339,False,True
2023-11-02,1146.2767333984375,1160.0999755859375,1162.1500244140625,1153.9749755859375,1156.9749755859375,10562104,0.009924283884954033,0.04208396639203915,0.0026143720516971225,-0.0754518116682591,1153.5624938964843,1185.5449975585936,1154.9318994140624,0.005667210683463653,-0.021462721385569816,0.004474788664593055,0.01033766869627242,0.009051002766542611,10369960.5,1.0185288555342136,False,True
2023-11-03,1146.0296630859375,1159.8499755859375,1167.4749755859375,1157.875,1163.5999755859375,8850156,-0.00021549866844339238,0.02378846375770327,0.0024198838768023645,-0.08088838028611811,1153.702490234375,1183.547998046875,1154.9020599365235,0.005328484079386575,-0.02002286557033983,0.004284272944916179,0.010337959885544885,0.009005962783830564,10264784.2,0.8621862698292284,False,True
2023-11-06,1155.564697265625,1169.5,1170.0,1162.800048828125,1166.1500244140625,10647304,0.008320062609121104,0.011459459459459476,0.009059534081104381,-0.06762597769631051,1154.227490234375,1181.7159985351564,1155.0463452148438,0.013231802131591808,-0.01033750795478705,0.012513484714301804,0.010494363087747274,0.009070355398675982,10525598.1,1.0115628488608168,False,True
2023-11-07,1148.0552978515625,1161.9000244140625,1169.550048828125,1159.7750244140625,1167.0250244140625,6960204,-0.006498482758390378,0.015691309942186926,0.011117175602360474,-0.07975602179553576,1154.8662414550781,1180.1559985351562,1155.1618603515626,0.006090560713007065,-0.015469119458574543,0.005833090836680821,0.01041228372763432,0.009038872232333496,10494764.4,0.6632072655199387,False,True
2023-11-08,1154.033203125,1167.949951171875,1170.5,1160.875,1166.0,7884494,0.005206925407255536,0.01675807505725202,0.011913013846551745,-0.07906722099344721,1155.5537414550781,1178.8314965820311,1155.361851196289,0.01072750601905148,-0.009230789507836068,0.010895374434037208,0.01042900423739556,0.009047564826741053,10377187.5,0.7597910320113229,False,True
2023-11-09,1141.50927734375,1155.2750244140625,1167.949951171875,1152.0999755859375,1167.925048828125,14513610,-0.010852285875002532,-0.0041590822113740655,-0.014711839526512671,-0.0928880759227867,1154.6912414550782,1177.4994970703126,1155.4183972167968,0.0005055749433491297,-0.018874294818423176,-0.00012408734626323525,0.010081020946818234,0.009099919096815722,10612162.1,1.3676393050950475,False,True
2023-11-10,1143.658203125,1157.449951171875,1158.175048828125,1149.0250244140625,1152.7750244140625,7734954,0.0018826051908424901,-0.002069254183369784,-0.014684600933873804,-0.10179458634445626,1153.8287414550782,1176.4449951171875,1155.495278930664,0.003138429115771668,-0.016146138599043014,0.0016916315253316938,0.010081391212736721,0.008940963868137366,10371187.3,0.7458118126938079,False,True
2023-11-13,1143.5101318359375,1157.300048828125,1162.300048828125,1155.8499755859375,1161.449951171875,3854810,-0.0001295108644638887,-0.01043176671387347,-0.014770336036550091,-0.10117850011386242,1152.9612426757812,1175.4104956054687,1155.5775256347656,0.0037631847383474692,-0.015407763368673,0.001490616730723593,0.01008111530483472,0.00894261424470308,10056412.0,0.38331862298402253,False,True
2023-11-15,1164.185791015625,1178.2249755859375,1180.9749755859375,1163.5,1170.0,12220648,0.01808081385549154,0.01405022018147184,0.0052899477764773994,-0.07153272215450157,1153.271240234375,1174.9049951171876,1155.832237548828,0.021637351631599966,0.002825743768685607,0.01937369222768659,0.010907497412609156,0.00914326571394609,10370992.6,1.1783489267941432,False,True
2023-11-16,1166.285400390625,1180.3499755859375,1187.074951171875,1173.4749755859375,1175.550048828125,13134910,0.0018035604778647851,0.010616914193644078,0.002313958676095851,-0.07669747102286306,1153.407489013672,1174.3854956054688,1156.1260723876953,0.02335903557840191,0.0050788093030675885,0.020952648484272585,0.010863706415535563,0.009082320475654474,10631329.1,1.2354908663301563,False,True
2023-11-17,1163.7412109375,1177.7750244140625,1186.625,1176.0250244140625,1176.449951171875,7758634,-0.0021815149956662117,0.019475881954092777,0.013575752507799077,-0.06525791713169637,1154.196240234375,1173.8339965820312,1156.4401446533202,0.020428748039327926,0.003357397931484929,0.01844875401410251,0.01041544197087688,0.008919041050376067,10573344.8,0.7337918271614484,False,True
2023-11-20,1160.6781005859375,1174.675048828125,1179.199951171875,1168.199951171875,1174.2750244140625,4490186,-0.0026320608959081726,0.014881937347537288,0.018732605052514284,-0.0674961543537832,1155.2762451171875,1173.0914965820311,1156.8157879638673,0.016791484974201687,0.0013498966199207985,0.015438292812109733,0.010261008081722995,0.008920542931837116,10196226.3,0.4403772403521487,False,True
2023-11-21,1175.2769775390625,1189.449951171875,1194.0,1180.0999755859375,1183.0,8214450,0.012577863434223513,0.027780092445606197,0.03470914762208466,-0.05681549900972138,1157.271240234375,1172.59349609375,1157.3696044921876,0.027805677544516794,0.014375361226442784,0.02771832485938064,0.010529465219512694,0.009090469994923368,10161283.2,0.8084067571308318,False,True
2023-11-22,1179.87158203125,1194.0999755859375,1197.2249755859375,1186.0999755859375,1187.5,8534814,0.0039093905628238,0.013473657687578022,0.05523153176778539,-0.03693850143262045,1160.396240234375,1172.1554956054688,1157.8949829101562,0.029045022883523952,0.018721475147914113,0.0312679415751389,0.009706745761892758,0.008867945217624115,10195325.8,0.8371300895553528,False,True
2023-11-23,1183.4781494140625,1197.75,1200.0,1194.0999755859375,1194.0999755859375,8531542,0.003056715927216569,0.01474141125425521,0.06091811235972555,-0.029513681112506185,1163.8349914550781,1171.62849609375,1158.4522259521484,0.02914073626753555,0.022295039761613733,0.033922654009794995,0.009633527904363016,0.008864192599878315,10040868.5,0.8496816784324982,False,True
2023-11-24,1182.6876220703125,1196.949951171875,1201.300048828125,1195.5250244140625,1195.800048828125,6749486,-0.0006679597813609162,0.01628063625084253,0.07518522449752973,-0.020399016943734027,1168.0199890136719,1170.821494140625,1159.0376580810546,0.024768379334529023,0.022316345542006122,0.032710147790701916,0.008829511563113991,0.00877603148075373,9617216.1,0.7018128666153192,False,True
2023-11-28,1182.9346923828125,1197.199951171875,1199.8499755859375,1187.625,1196.949951171875,13792174,0.00020886420501975422,0.019175432700491157,0.05675692944844668,-0.01072167011608316,1171.2349853515625,1170.3769921875,1159.6542224121094,0.022168878273832293,0.02291822136236754,0.03237665851952798,0.00821576100459951,0.0086913595995429,9718270.6,1.419200449100481,True,True
2023-11-29,1186.047119140625,1200.3499755859375,1205.9749755859375,1199.0250244140625,1204.0,12531306,0.002631159825039253,0.009163920182874152,0.038140519425675645,-0.007175243401044806,1173.4399841308593,1169.8734912109376,1160.281806640625,0.02293256733961546,0.02605109407467099,0.03453313558481286,0.007067236140858012,0.008698013627031315,9504170.7,1.318505990217537,True,True
2023-11-30,1174.5606689453125,1188.7249755859375,1200.3499755859375,1184.949951171875,1197.3499755859375,28439984,-0.009684675500014395,-0.0045012981407712704,0.03914071972134314,-0.012276713264696704,1175.6787353515624,1169.114990234375,1160.8917626953125,0.011096773159271267,0.016773358921376325,0.023975717448457834,0.006980941459809743,0.008767522515586261,10285748.0,2.7649893814236943,True,True
2023-12-01,1182.88525390625,1197.1500244140625,1198.199951171875,1188.800048828125,1189.0,14342842,0.007087466824672539,-0.00050091887784387,0.04217817994399664,-0.007605684313252037,1178.1012390136718,1168.4794897460938,1161.556650390625,0.01616905641856259,0.024536617817912054,0.03064282229495019,0.00706019843300278,0.008811816795277217,10487430.6,1.3676221132752955,True,True
2023-12-04,1195.680908203125,1210.0999755859375,1225.0,1199.300048828125,1225.0,15590990,0.010817316884083272,0.010986277580936399,0.043099733688681585,0.003940764173236078,1180.6012390136718,1168.3169897460937,1162.1800274658203,0.024986198216182087,0.035763398295632465,0.041232809881106336,0.007114955861160751,0.008922850017939646,10738874.9,1.451827136937781,True,True
2023-12-05,1204.3514404296875,1218.875,1220.425048828125,1210.824951171875,1219.5,12693624,0.00725148714246826,0.018104785927286704,0.05089022343966865,0.005838381652746083,1183.552490234375,1168.8729907226561,1162.837819213867,0.029844480964786202,0.04277796618983398,0.04819002259835048,0.007180674523653273,0.008945132606149375,10931048.3,1.161244891763949,True,True
2023-12-06,1215.8873291015625,1230.550048828125,1236.4749755859375,1217.5,1223.550048828125,16422442,0.009578544828735547,0.02515939005825829,0.052201837390444705,0.01334053079250963,1186.6049926757812,1169.8359912109374,1163.5987512207032,0.03703427545273352,0.051899632147870856,0.05753813119615736,0.007239545994654596,0.009024692432945444,11219805.2,1.4637011701415281,True,True
2023-12-07,1213.886474609375,1228.5250244140625,1230.4749755859375,1221.0,1230.0,8142096,-0.001645625398163153,0.03348129268379085,0.0573414223255555,0.010300184551038205,1189.9362426757812,1170.8569921875,1164.3802478027344,0.032429285161957644,0.04925284010886921,0.05508920022679331,0.006996779984578149,0.00902683262066472,11278899.8,0.7218874308999536,True,True
2023-12-08,1213.2442626953125,1227.875,1238.3499755859375,1222.5,1231.925048828125,10204894,-0.0005291096242606708,0.02566510041293757,0.051307891034199304,0.0030839183803230696,1192.9324951171875,1172.0099926757812,1165.0321588134766,0.02929126754936795,0.04766598209344197,0.05394086395909059,0.007011118249402811,0.008987390834908153,11394919.8,0.8955652324994863,True,True
2023-12-11,1215.022705078125,1229.675048828125,1233.800048828125,1226.199951171875,1228.0,7066138,0.0014659870329838398,0.016176409914155254,0.06440027079421795,-0.00616261189613776,1196.6524963378906,1173.1784936523438,1165.5688116455078,0.027595774538801354,0.0481568282076974,0.054999959283497324,0.006276375419347477,0.008879354698674803,11022546.2,0.6410622257133294,True,True
2023-12-12,1197.5831298828125,1212.0250244140625,1232.4749755859375,1210.074951171875,1230.0,9197124,-0.014353405341421599,-0.005619916386780832,0.0471511301088503,-0.006068453670993512,1199.38125,1173.7299951171874,1166.0215985107423,0.010541914352973691,0.03262677911971701,0.039453322272997804,0.007397918257498436,0.008876799063644887,11095654.7,0.828894215678864,True,True
2023-12-13,1202.4739990234375,1216.9749755859375,1219.175048828125,1203.1500244140625,1211.0,10031182,0.004084033804721221,-0.011031711595245741,0.051563919675142955,-0.006976641568141706,1202.3649963378907,1174.7284936523438,1166.4757141113282,0.012151035078819872,0.035962762597377074,0.04329216704960026,0.007384105791028605,0.008868706062480513,11404473.3,0.87958310183426,True,True
2023-12-14,1217.39404296875,1232.074951171875,1237.4749755859375,1221.324951171875,1227.0,16972354,0.012407794645627135,0.002889584409976109,0.04570432362389676,0.00442255464055763,1205.0574951171875,1175.9199926757813,1167.0648626708985,0.02242005561075744,0.047754063920891765,0.05570392064773255,0.006845113717984687,0.009013441688124487,11642058.6,1.4578481850280327,True,True
2023-12-15,1232.9317626953125,1247.800048828125,1250.0,1235.0250244140625,1239.0,15932152,0.012763101499055018,0.01622726159269061,0.05714413067082469,0.015358951319283998,1208.429998779297,1177.6944946289063,1167.687178955078,0.03257950405782539,0.05952779308975975,0.06860816091578315,0.007234321729180332,0.009158013382089984,11781920.7,1.3522542211644661,True,True
2023-12-18,1245.4803466796875,1260.5,1267.449951171875,1245.4749755859375,1247.800048828125,14165188,0.010177873597458253,0.025067558458839123,0.07023835101877185,0.03470214883234446,1212.5662475585937,1179.7629956054689,1168.5003692626954,0.03953083185179951,0.06843493540250933,0.07873307801807106,0.007313192602854113,0.009167893273902277,12102248.4,1.1704592016141397,True,True
2023-12-19,1263.8094482421875,1279.050048828125,1286.949951171875,1262.5999755859375,1277.5,16820604,0.014716421125049672,0.05530003346792678,0.08885436027957372,0.07386193250869155,1217.7849975585937,1182.2029956054687,1169.4326153564452,0.05030859420370182,0.08192083219435231,0.09373557059400817,0.007580877547930879,0.008840278748851287,12718769.3,1.3225024845760822,True,True
2023-12-20,1248.518798828125,1263.574951171875,1299.425048828125,1260.0,1285.5250244140625,17736722,-0.01209889923418428,0.03829164651762951,0.062318721293796564,0.06865267682824916,1221.4912475585938,1184.2944946289062,1170.2501043701172,0.03445272628632767,0.06694319436806206,0.07974777908863295,0.008148348181613502,0.008940146754277374,13194882.9,1.3442121566687038,True,True
2023-12-21,1266.0079345703125,1281.2750244140625,1286.75,1259.125,1263.5,13765454,0.014007932988677751,0.03993269499991969,0.07300481585333651,0.08815478118885012,1225.85,1186.9374951171876,1171.1926678466798,0.0452135452249971,0.0794797785771868,0.09399167155799981,0.008508746202534391,0.009064125458437934,13456414.9,1.0229659312897672,True,True
2023-12-22,1267.242919921875,1282.5250244140625,1290.449951171875,1273.824951171875,1279.800048828125,16541784,0.0009755907015915888,0.0278289583483744,0.07077856348491962,0.0959644950082319,1230.0887512207032,1189.5039965820313,1172.2460107421875,0.04262804057131908,0.07820152609770248,0.09407497458835778,0.008527976908953442,0.009009279092320077,13856927.0,1.193755585202982,True,True
2023-12-26,1273.66552734375,1289.0250244140625,1295.9749755859375,1281.3499755859375,1284.0,7465664,0.005068127230476227,0.02262992813491671,0.07692474789947679,0.1005549834911954,1234.6925048828125,1191.8339965820312,1173.2825885009765,0.044004899451792534,0.08154745384907458,0.09864838790539121,0.008478163276879967,0.009020068205669349,13892735.9,0.537378962195632,True,True
2023-12-27,1278.01318359375,1293.425048828125,1299.949951171875,1286.550048828125,1291.0,9204156,0.003413451508486043,0.011238809625292223,0.08037512661277701,0.0920048141742349,1239.503759765625,1194.2084985351562,1174.3823553466798,0.043502319890256436,0.0830814304325167,0.1013662142823184,0.008437973028672854,0.008934495229516212,13663335.0,0.6736390493243414,True,True
2023-12-28,1287.251708984375,1302.7750244140625,1306.0,1293.425048828125,1294.9000244140625,12302636,0.007228849939475701,0.031023148413817703,0.08532932137406624,0.11629747646403299,1244.6250122070312,1196.7709985351562,1175.3919219970703,0.046720909219007956,0.08857502898102876,0.10837500244221498,0.008463982089531889,0.008706181785559779,13651901.5,0.9011664785304816,True,True
2023-12-29,1277.074462890625,1292.4749755859375,1307.0,1289.6500244140625,1305.550048828125,10864584,-0.007906237558367057,0.008741254577249613,0.08727838829907686,0.10232407299440305,1249.8125122070312,1199.1799975585936,1176.2962237548827,0.0341350906333695,0.07779897781590983,0.09876657723187954,0.008319238813526966,0.008788688354229227,12773131.5,0.8505810810763202,True,True
2024-01-01,1279.69287109375,1295.125,1303.425048828125,1286.574951171875,1290.2750244140625,4030540,0.0020503487217313765,0.009824350672372972,0.08184018175490637,0.11737812873151343,1254.7112609863282,1201.5299975585938,1177.1938153076171,0.03220959297193415,0.07789651746654958,0.10017992208153581,0.008304270015253554,0.00861845387804528,12257516.4,0.3288219137116553,True,True
2024-01-02,1290.2900390625,1305.8499755859375,1307.5,1286.5,1292.5,7448800,0.008281035101582956,0.013052462794136188,0.07912569368794276,0.1285785542789466,1259.498760986328,1204.4069970703124,1178.2790979003905,0.036801318139694894,0.08422649383670344,0.10826881161930912,0.008213126243724543,0.008644125262677743,11850406.9,0.6285691337737948,True,True
2024-01-03,1276.2593994140625,1291.6500244140625,1317.0,1288.5999755859375,1305.0,9037536,-0.01087410608979289,-0.001372344238787293,0.059706716779048374,0.11633029679421569,1263.1375122070312,1207.1784985351562,1179.3777197265624,0.022572769735270004,0.0699743459491764,0.09519622323671695,0.008796955506607486,0.008800436738859364,11667602.5,0.7745838101700843,True,True
2024-01-04,1282.8546142578125,1298.324951171875,1304.925048828125,1289.550048828125,1294.0,9612778,0.005167751814846744,-0.0034158416908467437,0.05507691654499802,0.12021134699902936,1266.5262573242187,1210.1539965820311,1180.597862548828,0.025107015084580464,0.07285928471820502,0.09971819563427164,0.008676244361786708,0.008810650157256147,11327119.3,0.8486516072978944,True,True
2024-01-05,1288.3138427734375,1303.8499755859375,1309.925048828125,1299.0,1301.449951171875,8086406,0.004255501990526822,0.008800944091658769,0.061313322622631006,0.13464590500244755,1270.2925048828124,1213.5989965820313,1181.8653594970704,0.02641712091832016,0.07436639224166153,0.10321363183093579,0.00862012481130857,0.008707543527057696,11324334.8,0.7140733776256774,True,True
2024-01-08,1278.26025390625,1293.675048828125,1315.9749755859375,1284.4749755859375,1305.0,7734652,-0.007803755760504516,-0.0011195453503523023,0.05358855651277605,0.12084136506386,1273.5825073242188,1216.892998046875,1183.1717437744142,0.015776395630715978,0.06309679725701933,0.09339582831922288,0.008925612789448487,0.008795975867202401,11200822.7,0.6905432044737214,True,True
2024-01-09,1274.8758544921875,1290.25,1303.4000244140625,1288.5999755859375,1300.0,5403074,-0.002647534117031669,-0.011946223438827897,0.049260941929010205,0.10040295357002504,1276.6112548828125,1220.432998046875,1184.4867315673828,0.010683553873602314,0.05720674716666707,0.08929037836723164,0.009001438212535776,0.008621921306340591,11117669.5,0.48598980208936776,True,True
2024-01-10,1309.26123046875,1325.050048828125,1329.5,1287.5250244140625,1288.5,11102740,0.026971554991765068,0.02585841658557153,0.09325304522380051,0.1279902135913613,1282.2625061035155,1224.2759985351563,1185.9821801757812,0.033368785658898004,0.08231317971890695,0.11725966121323328,0.009661133265627451,0.009221772344431748,11212950.3,0.9901711595029543,True,True
2024-01-11,1343.6961669921875,1359.9000244140625,1362.5,1328.5,1329.5,23725852,0.0263008749116751,0.04742655002248042,0.1174428823068534,0.15770654760970704,1289.408758544922,1228.3489990234375,1187.702297668457,0.05466944861510692,0.10709580542273467,0.14498391312675052,0.010817401967006042,0.009733335796960773,11897683.8,1.9941572157094978,True,True
2024-01-12,1354.3919677734375,1370.7249755859375,1373.324951171875,1345.75,1359.9000244140625,15012164,0.007960108079664963,0.05129041013322633,0.11253375801706467,0.16953558757946507,1296.341259765625,1232.8844995117188,1189.3185916137695,0.05737973335336166,0.11180323552515281,0.15252967981104226,0.010715815018532382,0.009738441770433327,11799674.3,1.272252404458316,True,True
2024-01-15,1377.51318359375,1394.125,1396.449951171875,1366.0,1375.0,8610594,0.017071276026074944,0.07764697267901055,0.11726634512420198,0.18384460248381274,1303.6575073242188,1237.7930004882812,1191.035964050293,0.06939513803856912,0.1262989849272449,0.17051461255550415,0.0109130947365939,0.009911539727859249,11433596.4,0.7530958500511702,True,True
2024-01-16,1358.24560546875,1374.625,1396.300048828125,1370.5,1389.9749755859375,9069024,-0.01398726799964134,0.06539430342956787,0.0905394684648948,0.18298192771084332,1309.3637573242188,1242.0835009765624,1192.722292175293,0.049841949810148556,0.10670900862883181,0.1525105290796167,0.011691399346717424,0.009931790719644128,11178788.2,0.811270760099024,True,True
2024-01-17,1345.35107421875,1361.574951171875,1386.2750244140625,1355.0250244140625,1359.5,12197382,-0.009493533747840344,0.027564922831445182,0.06452046377650333,0.1808208562575231,1313.4900024414062,1246.1180004882813,1194.4460540771483,0.03660853804832365,0.09265330461348986,0.13992167877673944,0.011820474707167707,0.009967072054485063,10947627.1,1.114157605897994,True,True
2024-01-18,1351.6500244140625,1367.949951171875,1371.0,1351.25,1351.4000244140625,10279438,0.0046820779087579645,0.005919498943520507,0.08260293534878937,0.18998729334698505,1318.7087524414062,1250.0869995117187,1196.1226593017577,0.03734046554199755,0.0942837992125296,0.14365357142420687,0.011259867934973907,0.009939732259141234,10574762.9,0.9720726693550736,True,True
2024-01-19,1351.156005859375,1367.449951171875,1376.0,1359.0,1376.0,10422704,-0.00036551044836963253,-0.0023892644202112567,0.06725716580421204,0.20842168670409822,1323.0174987792968,1254.197998046875,1197.772650756836,0.03358417589606666,0.09029830481420298,0.14166069020512806,0.011046587677368663,0.009647613991056719,10407625.4,1.0014488031054614,True,True
2024-01-23,1312.7442626953125,1328.574951171875,1371.75,1322.550048828125,1371.75,20055420,-0.0284288283945493,-0.047018774376849315,0.03590567504041564,0.17679751978766856,1325.3199951171875,1257.410498046875,1199.2589569091797,0.0024559774746322205,0.056596038632999335,0.10782991739830594,0.013134175217070264,0.010456015662193938,10583307.2,1.895004994280049,True,True
2024-01-24,1327.862060546875,1343.875,1349.5,1323.925048828125,1335.2249755859375,21919128,0.011516135250502435,-0.02236973720105484,0.04255152114744254,0.2071637098585224,1328.0624938964843,1261.1824975585937,1200.5994360351563,0.011906447306649248,0.06556743580051494,0.11933669104326339,0.013295546527019789,0.010281790558606016,11305980.4,1.9387197947026336,True,True
2024-01-25,1336.9522705078125,1353.074951171875,1364.1500244140625,1335.199951171875,1342.949951171875,11808872,0.006845838468514609,-0.006242770545010545,0.04611778811442857,0.1943462988904845,1331.044989013672,1265.0949975585938,1201.9849920654297,0.01655087719801851,0.0695441478964558,0.12570037072328177,0.013334542601181557,0.010117611220355932,11436216.2,1.032585585431657,True,True
2024-01-29,1430.7957763671875,1448.050048828125,1452.5,1360.175048828125,1364.5,23893438,0.0701920448486566,0.05855484521756882,0.11151198149458041,0.25236760979729733,1338.308740234375,1270.9099975585937,1203.858345336914,0.08199999394349877,0.1393804845424269,0.20284089439349362,0.02020945152023954,0.013149598837178391,12015756.3,1.9885088714723682,True,True
2024-01-30,1390.852294921875,1407.625,1459.9749755859375,1404.425048828125,1459.949951171875,14093978,-0.027916886478364544,0.029379538749257916,0.08909265292495094,0.23049526647386398,1344.0662414550782,1275.497998046875,1205.4935766601564,0.04728841227059877,0.10358856082522006,0.16767523880123258,0.02136959448320333,0.013651692624898503,12177226.0,1.1574046502873478,True,True
2024-01-31,1409.6258544921875,1426.625,1434.25,1402.5,1404.0,15130226,0.013497913151585106,0.07380091634396657,0.10153460090724842,0.2419474716130987,1350.6412414550782,1280.4234985351563,1207.2621124267578,0.056257543611701655,0.11418214491697687,0.18170278460266887,0.021453985336782624,0.013711828586081373,12732210.3,1.1883424514280918,True,True
2024-02-01,1409.650634765625,1426.6500244140625,1443.3499755859375,1418.050048828125,1435.0,13349362,1.7540989441844346e-05,0.06159428846735193,0.09250683546088201,0.22976472238394563,1356.6812438964844,1285.4009985351563,1209.004237060547,0.05157348554228025,0.1098871294171031,0.18002069858967396,0.02146827979644154,0.013695351873272579,13027238.4,1.024726929078077,True,True
2024-02-02,1440.3306884765625,1457.699951171875,1474.9000244140625,1433.175048828125,1433.175048828125,19652588,0.021764221236084236,0.07732387618984893,0.12855643836892927,0.2568004326899851,1364.983740234375,1291.0614965820312,1210.8778436279297,0.06792477317098311,0.12907088859129034,0.20383733077850175,0.021466762608352206,0.013885734139490565,13557991.0,1.449520655383235,True,True
2024-02-05,1421.878173828125,1439.0250244140625,1470.5,1431.5250244140625,1460.75,8814432,-0.012811228224847926,-0.006232536245115439,0.10837046081197999,0.23046175666016455,1372.0187438964845,1296.052998046875,1212.6376544189452,0.04883772967072053,0.11031341047213616,0.18669003817434193,0.02188810166521691,0.014039116691059766,13518073.7,0.6520479319475821,True,True
2024-02-06,1410.7869873046875,1427.800048828125,1441.8499755859375,1419.824951171875,1441.8499755859375,9047984,-0.007800403325514127,0.014332687205843131,0.09506467428239618,0.22884931476626313,1378.2162475585938,1300.7269995117188,1214.3137658691405,0.03597679345122007,0.09769386609496711,0.1758081716270279,0.022085845616228884,0.014055919041882635,13566152.6,0.6669528396724654,True,True
2024-02-07,1424.9659423828125,1442.1500244140625,1449.5,1429.25,1435.925048828125,9296568,0.010050409787921932,0.010882344283930534,0.11476991515020218,0.23477039659710242,1385.6399963378906,1305.615,1216.12416015625,0.04078261902479885,0.10457525718842264,0.18585755604820187,0.021910653310117573,0.01407956589421892,13644248.4,0.6813543500131528,True,True
2024-02-08,1432.845947265625,1450.125,1459.4749755859375,1427.5250244140625,1450.0,14694634,0.005529920917331621,0.01645461408489357,0.12391009494284044,0.2552205919412833,1393.6337463378907,1310.6785009765624,1217.9475469970703,0.040535222263778925,0.10639260422715302,0.19063009205558856,0.021823378549363847,0.013952491017572287,14108826.4,1.0415206469618195,True,True
2024-02-09,1443.3443603515625,1460.75,1471.9749755859375,1450.949951171875,1454.0,12556798,0.007326954572881572,0.002092370810380384,0.10241118914103509,0.26204161011112825,1400.4187438964843,1315.949501953125,1219.837788696289,0.04308086875190753,0.11003499589609089,0.19749528464861532,0.021268622964369852,0.01395691851295243,14181529.3,0.885433279752135,True,True
2024-02-12,1435.04443359375,1452.3499755859375,1461.0,1442.3499755859375,1460.75,6674430,-0.005750487362014334,0.009259707750600477,0.06798290279589403,0.2549467850248328,1405.041241455078,1320.989501953125,1221.679223022461,0.03367070854223897,0.09944096712244255,0.18881450074332284,0.020789000984580183,0.014003760579473033,13328958.2,0.5007465624732772,True,True
2024-02-13,1447.642333984375,1465.0999755859375,1479.0,1454.0,1455.5,7715594,0.008778875762955218,0.02612405482716329,0.06885042709582057,0.24348066451174621,1409.759991455078,1326.517001953125,1223.5636395263673,0.03925489761823964,0.10447131354424188,0.19740398313329033,0.020799060310903356,0.013895027584825434,12964129.7,0.5951493990375614,True,True
2024-02-14,1463.7235107421875,1481.375,1483.6500244140625,1457.5,1457.5,7117888,0.011108473609491076,0.027198956365080296,0.06258405810095935,0.2550303135852827,1414.122491455078,1332.2015014648437,1225.4877813720702,0.04755776741498652,0.11197517670647428,0.20880438182862626,0.020636933723425562,0.013925034381843886,12889494.4,0.5522239879323738,True,True
2024-02-15,1453.076904296875,1470.5999755859375,1484.7249755859375,1466.5250244140625,1483.3499755859375,10006782,-0.007273664274111913,0.014119455623437638,0.06981902379626259,0.24862553976940882,1418.921240234375,1337.4115014648437,1227.3902374267577,0.03642114437798272,0.09958675693697483,0.1981519249078212,0.020395190030902424,0.01397806355421899,12936382.3,0.7735379001593049,True,True
2024-02-16,1443.17138671875,1460.574951171875,1477.0,1458.550048828125,1476.4749755859375,9767498,-0.006816962179037267,-0.00011983489859657137,0.072709915759535,0.2433863753460741,1423.871240234375,1342.2455004882813,1229.2080712890624,0.02577740872935852,0.08815783002479649,0.18822434157968027,0.02031355254041178,0.014021087931063405,12814888.1,0.7621992423016164,True,True
2024-02-19,1456.4364013671875,1474.0,1479.5,1453.5250244140625,1462.050048828125,6729828,0.00919161924374623,0.014906892125176707,0.07752480179357124,0.23922826559266275,1429.1737426757813,1347.1144995117188,1230.9927697753906,0.031365155953881674,0.09419058330548191,0.19740752032926157,0.020349936622607936,0.013991663906390178,12637407.6,0.5325323209484831,True,True
2024-02-20,1453.4969482421875,1471.0250244140625,1475.5,1461.800048828125,1475.0250244140625,7117496,-0.0020183009402561236,0.004044125948302835,0.07574322786250853,0.2319111083577734,1434.3524963378907,1351.9644995117187,1232.7151739501953,0.025567305226436465,0.08806483080387406,0.1933210976061981,0.02037165475338717,0.01401090178112431,12472147.2,0.5706712634052299,True,True
2024-02-21,1450.2115478515625,1467.699951171875,1488.5250244140625,1457.550048828125,1474.0,12720292,-0.0022603784347665634,-0.009231321460214326,0.10471746428553708,0.22538088179659788,1441.3087463378906,1356.7609985351562,1234.4692950439453,0.018310583975182038,0.08176749829667518,0.18893192164785844,0.018982330100528105,0.0140310497465108,12105390.8,1.0507956504799498,True,True
2024-02-22,1464.0941162109375,1481.75,1484.949951171875,1458.0,1468.1500244140625,18493728,0.009572834568064792,0.007581956071786244,0.10259510743186673,0.23793814315234418,1448.2024963378906,1361.8024975585938,1236.229287109375,0.02316492600098541,0.08807995480728303,0.1986045108708887,0.018953025846092934,0.01404191439276838,11934120.8,1.5496514833334014,True,True
2024-02-23,1475.82763671875,1493.625,1497.550048828125,1483.3499755859375,1489.5,14438584,0.008014172431246802,0.022628108746906683,0.1038745479002452,0.2475986141980464,1455.229998779297,1367.4344970703125,1238.063076171875,0.026384146322512736,0.09228266743309965,0.20642076219438632,0.018960614220358992,0.014045562784743566,12065606.4,1.1966728833455067,True,True
2024-02-26,1469.6026611328125,1487.324951171875,1494.5250244140625,1482.5,1493.550048828125,7513106,-0.0042179588773119114,0.009039994010769936,0.02712261387341841,0.23907608732682628,1457.1937438964844,1372.8414965820311,1239.7957934570313,0.020677557395230695,0.08339160411079782,0.19965316790165621,0.011254360988346994,0.014082917149647984,11246589.8,0.6680341448925255,True,True
2024-02-27,1467.94775390625,1485.6500244140625,1499.949951171875,1478.050048828125,1483.0250244140625,10826044,-0.0011261337050070264,0.009942047046973546,0.05543026332585921,0.24978447910692458,1461.0949951171874,1377.912998046875,1241.5024841308593,0.01680590884161215,0.07818855509738243,0.19665489469731012,0.008937214340488372,0.013988331701186098,11083193.1,0.976798283880843,True,True
2024-02-28,1438.2803955078125,1455.625,1491.2750244140625,1450.175048828125,1483.0,8647950,-0.02021002518806836,-0.008227125143823733,0.02032769648646271,0.2159085915004233,1462.5449951171875,1382.0694970703125,1243.0197064208985,-0.004731475024898679,0.053221276560700526,0.1710393588137622,0.009925209244825919,0.014320162354743756,10759079.3,0.8037816023904573,True,True
2024-02-29,1443.3939208984375,1460.800048828125,1478.9749755859375,1454.5250244140625,1465.0,23628976,0.003555207438814989,-0.014138654409903806,0.02393721223121159,0.20717302561781903,1464.2524963378905,1386.075498046875,1244.6004162597656,-0.002357822519271857,0.053910880674642,0.1737100757350507,0.009937291675681952,0.01428673920571397,11273060.0,2.096056971221656,True,True
2024-03-01,1474.345458984375,1492.125,1500.0,1462.5,1463.5,12132926,0.021443695320933376,-0.0010042681395933117,0.023616004652020406,0.22418213516562413,1465.9737487792968,1390.3369970703125,1246.3284057617188,0.017838826406324948,0.07321102951599001,0.1972165547234379,0.009902630910647336,0.014470554349394031,10897076.9,1.1134110653105513,True,True
2024-03-04,1489.4384765625,1507.4000244140625,1512.449951171875,1487.2249755859375,1490.4749755859375,10024420,0.010237094354737408,0.013497435934474389,0.04751480956895837,0.2249806709199571,1469.3924987792968,1395.2134985351563,1248.1214636230468,0.025866149219041512,0.08040814255072193,0.2077350388946777,0.009518161492541059,0.014475508677459463,10957576.3,0.914839169315207,True,True
2024-03-05,1482.32421875,1500.199951171875,1507.4000244140625,1486.050048828125,1505.7750244140625,7107668,-0.004776484758905464,0.009793643535630725,0.05070731185586719,0.22113910694443217,1473.0124938964843,1399.5919970703126,1249.9603216552734,0.01845704458586983,0.07188377349410358,0.20019805843534222,0.009371036494610692,0.014499954960548563,10860560.5,0.6544476226618322,True,True
2024-03-06,1485.0908203125,1503.0,1509.0,1478.5,1493.449951171875,7805676,0.0018664504194509934,0.032546157148990895,0.04219392889492246,0.22406596762699782,1476.0549926757812,1404.0014965820312,1251.8466387939452,0.0182547448827588,0.07051167940986924,0.20062630151567218,0.009201966905534027,0.014492144833281265,10786015.9,0.7236848223077439,True,True
2024-03-07,1461.3028564453125,1478.925048828125,1503.0999755859375,1475.550048828125,1502.9749755859375,8315726,-0.01601793158474718,0.012407584470263577,0.019860390537453698,0.2026958262164742,1477.4949951171875,1407.7994970703126,1253.6246954345704,0.0009678907310437523,0.050522501184172564,0.17971914099494812,0.010006587756259691,0.014707445069331441,10467070.5,0.7944654619456323,True,True
2024-03-11,1449.1246337890625,1466.5999755859375,1489.0,1463.5,1489.0,11277130,-0.008333805186377496,-0.017106492025844022,0.004004775345498812,0.21004100249080748,1477.7874938964844,1411.2629956054689,1255.3228979492187,-0.007570451338066775,0.03921096220391407,0.16830496598275668,0.010100319890255572,0.01460595612828588,10403087.1,1.0840176470309473,True,True
2024-03-12,1457.8446044921875,1475.425048828125,1488.0,1465.0250244140625,1466.5999755859375,9432678,0.00601736900933858,-0.02121200415819713,0.015888094212882953,0.2123709019717117,1478.9412475585937,1414.71599609375,1257.035112915039,-0.00237751076066961,0.04291253714667964,0.17373415719998797,0.010075204109261243,0.014609878675781007,10540999.5,0.8948561282068176,True,True
2024-03-13,1415.10986328125,1432.175048828125,1483.0999755859375,1427.7750244140625,1479.7750244140625,13522134,-0.029313586640237532,-0.045343890519802144,-0.022472819129387256,0.16240902995871065,1477.2950012207032,1417.5099975585938,1258.5321160888673,-0.030542276495415632,0.010345642214015571,0.13797258768325027,0.011925416076021253,0.015152705003865865,10831326.5,1.2484282511472626,True,True
2024-03-14,1414.4180908203125,1431.4749755859375,1448.5250244140625,1425.5,1439.699951171875,18571102,-0.0004888182088916837,-0.047588173262849254,-0.03368493758438107,0.14719900590668455,1474.8,1420.2369970703126,1260.0586163330079,-0.02937688121376625,0.007912748744615783,0.13603840093707809,0.011579113364743088,0.01509887949448321,11403987.2,1.6284744689997548,True,True
2024-03-15,1401.3260498046875,1418.2249755859375,1433.2249755859375,1412.9000244140625,1425.949951171875,19223818,-0.009256186958194301,-0.04104337355722332,-0.03561471567353458,0.1251288977278362,1472.18125,1422.4844970703125,1261.5195587158203,-0.03665056487715934,-0.0029944238360050113,0.12421956979377913,0.011638145586815422,0.015137642998808843,11864839.0,1.620234206296436,True,True
2024-03-18,1422.3228759765625,1439.4749755859375,1441.7249755859375,1416.5250244140625,1420.0,9169392,0.014983518387990946,-0.01849515917874134,-0.014446349068911624,0.12542505815530447,1471.1262512207031,1425.44099609375,1262.9331866455077,-0.021514996152439125,0.009845359808400289,0.13978711685401546,0.012148036067662451,0.015141461430459177,11834933.7,0.7747734150804749,True,True
2024-03-19,1408.267333984375,1425.25,1437.5999755859375,1417.25,1428.75,8275764,-0.009882058269298666,-0.03400718245089929,-0.03307327001356852,0.12795050161304866,1468.6887512207031,1427.9794970703124,1264.243154296875,-0.02957655336067555,-0.0019114399582853547,0.1273543346118975,0.012082700660397622,0.015108940038054203,11912230.5,0.6947283298455315,True,True
2024-03-20,1426.546875,1443.75,1445.0,1424.0250244140625,1427.949951171875,8488806,0.012980178915979579,0.008082078501050693,-0.018541509465433204,0.1268072603383794,1467.325,1430.7774975585937,1265.6471215820313,-0.01606665190056744,0.009066750395181566,0.1407208023318094,0.01251381831896173,0.015095810320731115,11980796.0,0.7085343912040569,True,True
2024-03-21,1433.685791015625,1450.9749755859375,1457.9000244140625,1444.675048828125,1452.5250244140625,13006936,0.0050043120941558605,0.01362231288187088,-0.011395364272229869,0.13134242838562415,1466.488751220703,1433.92349609375,1267.2027044677734,-0.010578857575178735,0.01189148482372926,0.14502200040312307,0.012576329002818186,0.015099673039969246,11995128.2,1.0843515619949773,True,True
2024-03-22,1437.6876220703125,1455.0250244140625,1460.0,1447.3499755859375,1449.9749755859375,19527608,0.002791260287924313,0.025947962743302577,-0.018036089479289696,0.12877950144952122,1465.1525024414063,1437.2189965820312,1268.793882446289,-0.006912234740389378,0.012389223823493278,0.1467780894472095,0.012380423938865414,0.01509512515071985,12046822.2,1.6209758619995238,True,True
2024-03-26,1424.3978271484375,1441.574951171875,1452.4000244140625,1439.0,1445.0,11415906,-0.009243877607949647,0.0014588482756241472,-0.03484813713490664,0.11454077101566695,1462.55,1439.5494946289064,1270.3363854980469,-0.014341423423558153,0.0014070072272789336,0.13479781231857935,0.012332415751619632,0.015165187283400399,11895688.3,0.9596675460973535,True,True
2024-03-27,1475.061767578125,1492.8499755859375,1500.0,1447.0,1448.0,16326644,0.03556875372479262,0.04743025826061209,0.0037147392771896826,0.14590005765374814,1462.8262512207032,1442.2084936523438,1272.0843829345704,0.020524463749662658,0.035113842524492345,0.17354634300444993,0.014855626672987095,0.015762876739219726,12336365.2,1.323456604543452,True,True
2024-03-28,1468.1451416015625,1485.8499755859375,1505.949951171875,1478.6500244140625,1492.875,21854364,-0.004689017727486311,0.029160156249999902,0.00013458834085366966,0.14961604955820085,1462.836248779297,1444.5109936523438,1273.792534790039,0.01573226451412113,0.02861797668224808,0.1664772205866727,0.014894812463718802,0.015732691638783235,12887781.2,1.69574294138389,True,True
2024-04-01,1467.0830078125,1484.7750244140625,1493.9749755859375,1482.5,1492.4749755859375,5013880,-0.0007234587539372006,0.023294715206563676,0.02002577890188917,0.14643376076754167,1464.29375,1446.323994140625,1275.4519305419922,0.013987135036301668,0.02658535046726107,0.16411680351067437,0.014112308923152407,0.0157379499826812,12706077.7,0.39460485905890536,True,True
2024-04-02,1469.2320556640625,1486.949951171875,1494.0,1475.0,1484.0,8910166,0.0014648190615078605,0.021941153053823603,0.017901082605198404,0.13868359993243295,1465.6012451171875,1448.5704931640626,1277.118740234375,0.0145665174110714,0.026494711986008612,0.1643004713085583,0.014100796130035747,0.015719370845084603,11970137.2,0.744366238341863,True,True
2024-04-03,1454.0650634765625,1471.5999755859375,1484.449951171875,1468.9000244140625,1482.074951171875,7008292,-0.010323128612257704,0.020827931554758816,-0.013755566332621316,0.13931788624670727,1464.5749938964843,1450.7709936523438,1278.7496423339844,0.004796600869692025,0.014357181129708296,0.1508116419879979,0.01344865535247028,0.01571171132537369,11713905.5,0.5982882480996624,True,True
2024-04-04,1445.493408203125,1462.925048828125,1479.75,1450.0,1479.75,14490272,-0.005894894605688261,-0.020045501723016113,-0.029504428065287636,0.12677881412329106,1462.3512451171875,1452.6704956054687,1280.3320935058593,0.00039238432822030767,0.0070591047685470976,0.142613745487143,0.013246299171372107,0.01574231879929659,11937198.1,1.2138754738433972,True,True
2024-04-05,1442.7020263671875,1460.0999755859375,1470.800048828125,1456.0,1460.875,7442298,-0.0019311127692088759,-0.017330148011642676,-0.02672975396020616,0.11983740685333277,1460.3462463378905,1454.52349609375,1281.8157342529296,-0.0001686386037356158,0.003833887528914781,0.13908726236452074,0.013223537370702199,0.015748297358962004,11953929.6,0.6225817157230038,True,True
2024-04-08,1468.2686767578125,1485.9749755859375,1490.9749755859375,1461.0,1462.9749755859375,8357118,0.01772138924227873,0.0008081703639570836,-0.011327361552935789,0.14864623611007044,1459.4949951171875,1457.6714965820313,1283.3572174072265,0.018143248560180014,0.01941691188328276,0.15788102909341228,0.013880461651367273,0.015823328368422946,11981501.7,0.6975017163332707,True,True
2024-04-09,1446.2098388671875,1463.6500244140625,1489.800048828125,1462.5,1489.0,7071414,-0.015023773306190424,-0.015669610627748187,-0.010328464195103138,0.13439257850343922,1458.7312438964843,1460.0669970703125,1284.7854602050782,0.003371958020477628,0.0024540157067720614,0.13921745672653696,0.01382354656161656,0.0159706719225113,11919286.1,0.5932749613250747,False,True
2024-04-10,1461.945068359375,1479.574951171875,1487.0,1466.3499755859375,1466.3499755859375,9138330,0.01088028319077683,0.005419255040937543,0.0088469765457031,0.11661816282366977,1459.3799926757813,1462.5969970703125,1286.235986328125,0.013838039850790462,0.011608087624664032,0.1503137580497056,0.01391261844558079,0.015680586557240226,11812346.1,0.7736253173279439,False,True
2024-04-12,1449.6680908203125,1467.1500244140625,1486.4749755859375,1463.074951171875,1475.875,15551012,-0.008397632541677913,0.0028880328416838186,-0.00560856982917235,0.07886609167921055,1458.966241455078,1462.9789965820312,1287.6834600830077,0.005609302481750733,0.0028510510689327972,0.13937164675508518,0.013986686111631385,0.015405070953175958,12118262.8,1.283270734151763,False,True
2024-04-15,1447.3707275390625,1464.824951171875,1482.125,1446.324951171875,1461.0,12902062,-0.0015847549354170987,0.00323606305386126,0.022797424358471874,0.06864978552368828,1460.5987365722656,1464.1229956054688,1289.1070788574218,0.0028934809361313985,0.0004794375667298567,0.13630975672726708,0.01220906314534277,0.015385250219476551,12087259.2,1.06741005438189,False,True
2024-04-16,1448.2847900390625,1465.75,1471.175048828125,1450.925048828125,1453.3499755859375,9366184,0.0006315081043539728,-0.013610576165969834,0.023943851620621626,0.05137631130637499,1462.3124877929688,1464.9054956054688,1290.5187084960937,0.0023507370932867033,0.0005764906999561337,0.13578361193082755,0.012203486357264233,0.015243944249356262,11627013.3,0.8055537357990292,False,True
2024-04-18,1446.876708984375,1464.324951171875,1486.0,1459.3499755859375,1463.5,19005692,-0.0009722318458980084,0.00046112577908274943,0.03250540385307432,0.0652541247044649,1464.6174865722655,1465.658994140625,1291.989669189453,-0.00019973501823689066,-0.00091020010390086,0.13338750772716224,0.011966269693836946,0.015119913690918092,11616107.0,1.6361498736194493,False,True
2024-04-19,1452.607666015625,1470.125,1474.0,1443.0250244140625,1456.7750244140625,15741778,0.003960902819748702,-0.006386936440354263,0.02129250242894032,0.07972388793925633,1466.1499877929687,1465.9074951171874,1293.5375103759766,0.0027111906968093624,0.0028770607264514414,0.1365151672893481,0.011567923341934405,0.015058808437162993,11944726.3,1.317885199261535,True,True
2024-04-22,1462.2166748046875,1479.8499755859375,1482.824951171875,1467.800048828125,1472.449951171875,10350362,0.006615067144588149,0.008656204860131522,0.03830905145478858,0.0818012561923056,1468.8799865722656,1466.723994140625,1295.1782806396484,0.007468267737292145,0.008949183007674888,0.14258399612375028,0.011328041685693582,0.015068037628212705,12048456.2,0.8590612629691098,True,True
2024-04-23,1441.936279296875,1459.324951171875,1493.5,1455.550048828125,1479.0,14605554,-0.013869665677384457,-0.003754714852173935,0.01078784496753249,0.0671871024758639,1469.6587341308593,1467.3544921875,1296.7143487548828,-0.0070314166949074774,-0.005472120784974499,0.12540202286890123,0.011540029165073372,0.01519549545694695,12354293.6,1.1822249391903719,True,True
2024-04-24,1432.8953857421875,1450.175048828125,1468.550048828125,1449.5,1463.5,10462776,-0.006269955390266202,-0.01062592609372337,-0.0005513029316646101,0.09152671254940659,1469.6187377929687,1467.5149926757813,1298.1284045410157,-0.013230430767400048,-0.011815854648298818,0.11712758441709714,0.011588785095589874,0.014725279280439107,12227085.6,0.8557048132549264,True,True
2024-04-25,1442.5784912109375,1459.9749755859375,1467.9749755859375,1441.5,1442.5,15943926,0.0067577543591939015,-0.002970635433382607,0.003401969786649195,0.08639194537136086,1469.8662353515624,1467.7119921875,1299.5435797119142,-0.006729360487186864,-0.005271481491427532,0.12345210917019656,0.01167206855945212,0.014683534399411419,12047901.5,1.3233778513212446,True,True
2024-04-26,1435.2420654296875,1452.550048828125,1465.0,1450.0,1463.949951171875,9413848,-0.005085653440623283,-0.011954732537624357,0.007613268839978149,0.07351780296434907,1470.414990234375,1467.5479931640625,1300.7706042480468,-0.012149591458804676,-0.010219730057074106,0.11668425169234142,0.011530535593465487,0.014690511780884229,11947798.6,0.7879148548754412,True,True
2024-04-29,1447.5684814453125,1465.0250244140625,1467.9000244140625,1450.0,1450.0,7247974,0.008588327538870066,-0.010017874390277348,-0.01863881275876622,0.011722644255062198,1469.0237426757812,1467.801494140625,1302.1221905517577,-0.0027220242570314968,-0.0018915839353250696,0.12510564296064786,0.008341953165685931,0.011626285521880981,11493865.1,0.6305950119425014,True,True
2024-04-30,1449.5198974609375,1467.0,1483.074951171875,1462.875,1468.0,11474262,0.0013480831747070265,0.0052593144672554715,-0.012686324928937842,0.04218097859870351,1468.0812438964845,1467.8394946289063,1303.4934588623046,-0.0007365014034337314,-0.0005719253583094108,0.12543717808941257,0.008307061164752471,0.01102231482778218,10974860.0,1.0455041795521764,True,True
2024-05-02,1449.0753173828125,1466.550048828125,1477.324951171875,1464.125,1472.0,14512646,-0.0003067151819189373,0.011291740271791584,-0.012274570413877806,0.02798566464777008,1467.1699951171875,1467.5429956054688,1304.7372955322267,-0.0004225456430582142,-0.0006766048969721883,0.12401941283505047,0.008307272131273125,0.010895016505806876,11449798.3,1.267502327966773,False,True
2024-05-03,1416.9130859375,1434.0,1474.949951171875,1416.1500244140625,1471.0,17226958,-0.022194979880935328,-0.017791384112945452,-0.03560977363773732,0.005151912143944504,1464.5224975585938,1466.81099609375,1305.8302655029297,-0.020841262329172716,-0.022368932453553092,0.09815190984848776,0.009586243402944734,0.011282807348222417,11865637.9,1.4518358090128471,False,True
2024-05-06,1402.610595703125,1419.5250244140625,1440.0,1418.0,1435.5,7394208,-0.010094125234266005,-0.022735894326468165,-0.03538662138883264,-0.02618846678777953,1461.91875,1465.9899975585938,1306.6167651367186,-0.0289986879133588,-0.031695286613082185,0.08641268219570852,0.00957561733842081,0.010994247849064696,11884933.7,0.6221497053870818,False,True
2024-05-07,1384.775634765625,1401.4749755859375,1420.75,1392.0,1415.9749755859375,14517472,-0.012715555215784602,-0.04337813195617046,-0.04200493613217715,-0.026094090228496514,1458.8462463378905,1464.5394970703126,1307.2445971679688,-0.039326468362221756,-0.043060990577946434,0.07208320357346332,0.009848351039791184,0.010992421532410698,11886293.7,1.2213623831287292,False,True
2024-05-08,1401.6470947265625,1418.550048828125,1432.949951171875,1397.5,1397.5,9439002,0.012183644759727885,-0.03302655158273693,-0.028456905316458614,-0.006478498167577396,1456.76875,1463.4899975585938,1307.9507666015625,-0.026235256056855283,-0.03070738358679459,0.08455920899372371,0.010353647542885733,0.011066320029928163,11986128.9,0.7874937837519835,False,True
2024-05-09,1377.51318359375,1394.125,1423.75,1390.0,1413.0,11009612,-0.01721832010671931,-0.04938464178975521,-0.061811253281516376,-0.03330099060503422,1452.176251220703,1462.0184985351561,1308.5919213867187,-0.039975348152061496,-0.04643819391011872,0.06536268275494295,0.009896611772054904,0.011203648292064609,12118753.6,0.908477254624601,False,True
2024-05-10,1390.65478515625,1407.425048828125,1410.0,1388.074951171875,1396.75,10505096,0.009540069095758996,-0.018532044052911423,-0.03841422105564196,-0.029445703764761633,1449.3650024414062,1460.5319995117188,1309.3048834228516,-0.028936778204685987,-0.036361374280980074,0.07494065488304202,0.009868150302136114,0.011252102375024046,12290437.7,0.8547373377922904,False,True
2024-05-13,1385.986083984375,1402.699951171875,1406.9749755859375,1384.0,1399.9000244140625,8456620,-0.003357264147163197,-0.011852607705265639,-0.051957489506775145,-0.03973989308788295,1445.5212524414062,1458.7134985351563,1309.865,-0.02962343251419397,-0.03839927951549793,0.07087367871641348,0.009399299067496852,0.01121163919550036,12256352.2,0.6899785402707341,False,True
2024-05-14,1403.1539306640625,1420.074951171875,1427.074951171875,1400.0250244140625,1400.9749755859375,7188300,0.012386825839328042,0.013271714379460287,-0.032086066495475074,-0.022222621927639352,1443.167498779297,1457.3684985351563,1310.457188720703,-0.01600129411655593,-0.02558964832900268,0.08364848801980562,0.009864609745417254,0.01131483317117511,11838216.6,0.6072113936486008,False,True
2024-05-15,1399.3994140625,1416.2750244140625,1429.9749755859375,1413.0250244140625,1420.5,5046534,-0.002675863520215427,-0.0016037674637859878,-0.0331438420126392,-0.03332533750971389,1440.7400024414062,1455.9809985351562,1310.9809973144531,-0.01698084177983994,-0.027270942519882713,0.08031697432327722,0.009867637503255451,0.011255332222582836,11445440.2,0.4409209180089028,False,True
2024-05-16,1408.3660888671875,1425.3499755859375,1427.5,1398.0250244140625,1418.550048828125,14711774,0.006407619293879341,0.022397543682193044,-0.0275626978775797,-0.03781960976394394,1438.7200012207031,1455.375498046875,1311.5581219482422,-0.00929300046111936,-0.020630773639677136,0.08676081656881829,0.010020876711416436,0.011189306592556226,11712719.7,1.2560510604552417,False,True
2024-05-17,1418.5927734375,1435.699951171875,1437.199951171875,1413.25,1423.050048828125,10916476,0.007261357395177859,0.02008981037199309,-0.019548256674238762,-0.023731827140930806,1437.288751220703,1454.87349609375,1312.3897467041015,-0.0011054146548343802,-0.013178839928938757,0.09395852472746857,0.010204595389840717,0.011199288664555074,11308258.9,0.9653542686398876,False,True
2024-05-21,1419.0126953125,1436.125,1441.824951171875,1425.5999755859375,1425.5999755859375,11176128,0.000296056866045058,0.023829079626188188,-0.023127285094804884,-0.0167399496699967,1435.5887512207032,1453.75349609375,1313.3518719482422,0.0003735392735844112,-0.012126193430397891,0.09348075765075414,0.01014474602448992,0.01116715098657272,11079976.4,1.0086779607220102,False,True
2024-05-22,1443.2454833984375,1460.6500244140625,1468.7750244140625,1436.2750244140625,1436.2750244140625,10281604,0.017077221282313593,0.02857248711323601,-0.012974255153312297,-0.009056971225194999,1434.6287536621094,1452.81849609375,1314.440621948242,0.018137982168229927,0.005390575864341995,0.1112331740395478,0.010812370536656275,0.011325081082778998,11076538.5,0.9282325881862822,False,True
2024-05-23,1468.343017578125,1486.050048828125,1492.2249755859375,1455.0,1458.550048828125,14608260,0.017389534788972982,0.04926657832078174,0.018313328799585804,0.010213982879079264,1435.9650085449218,1452.535498046875,1315.555372314453,0.034879011664744386,0.02307313716347359,0.1295990120231283,0.011049501614267779,0.011544075564231314,11076673.8,1.3188309291910356,False,True
2024-05-24,1462.6119384765625,1480.25,1488.5,1476.0999755859375,1483.625,7094776,-0.0039029969634595263,0.03851687329737663,0.02073884197371778,0.008550827311879727,1437.4687561035157,1452.080498046875,1316.6998724365235,0.02976151218232359,0.01939940794674566,0.12421215417969989,0.01098038118313548,0.01155203829923355,10908273.8,0.6504031829490748,False,True
2024-05-27,1448.77880859375,1466.25,1484.9000244140625,1461.550048828125,1480.2249755859375,6629010,-0.009457861847660842,0.021278853428384314,0.004298035595811545,-0.010460604015522179,1437.7825073242188,1451.8269970703125,1317.711497192383,0.019799582016587935,0.009934381271867965,0.11272460104059556,0.011136962737303312,0.011551797617087991,10442528.0,0.6348089274934192,False,True
2024-05-28,1438.8486328125,1456.199951171875,1478.5,1452.75,1468.0,7820162,-0.00685425325021316,0.013978554214901129,0.0025127549626910994,-0.02505652277387227,1437.9650024414063,1451.6189965820313,1318.6193719482421,0.012681079650415095,0.003155755470705568,0.10433684060045278,0.011188656566362679,0.011534035255062403,10362843.7,0.7546347533930287,False,True
2024-05-29,1423.607421875,1440.7750244140625,1458.0,1438.449951171875,1446.5,7383556,-0.010592588432240535,-0.013606955579912317,-0.01655261828015453,-0.03129775152439651,1436.7525024414062,1450.92599609375,1319.5402471923828,0.0027997320107819856,-0.006996202223281123,0.09187652857094264,0.011252324542808697,0.011599372014172544,10369622.8,0.7120370858619852,False,True
2024-05-30,1407.8720703125,1424.8499755859375,1440.4000244140625,1420.0999755859375,1435.5,13206858,-0.011053112774911833,-0.041183049851146625,-0.028732122981637742,-0.04092487990373406,1434.645001220703,1450.7794946289061,1320.4486218261718,-0.0068274908611059,-0.017872818811518365,0.07906506321721118,0.011468833387422874,0.011679500661981652,10456252.6,1.2630584307039407,False,True
2024-05-31,1413.35595703125,1430.4000244140625,1442.25,1422.25,1431.300048828125,31069832,0.00389518119326393,-0.03367672730007598,-0.02464970386994214,-0.017329309118720437,1432.8375,1450.7579956054688,1321.4108721923828,-0.0017011528424804023,-0.01403264448865571,0.08247938208715766,0.011528134116949912,0.011405924331741845,11284111.9,2.753414028090239,False,True
2024-06-03,1492.32861328125,1510.324951171875,1514.5,1459.0,1483.0,21527942,0.05587592658952323,0.030059642742966686,0.05322521002222813,0.03390258809443458,1436.6537475585938,1452.5999951171875,1322.6886218261718,0.05127972118436741,0.03973905841162462,0.14185978940882005,0.016278296292693516,0.013506602035065578,11499161.1,1.8721315244465964,False,True
2024-06-04,1380.625732421875,1397.2750244140625,1498.050048828125,1359.300048828125,1498.050048828125,36709098,-0.07485139318535128,-0.040464859726435765,-0.015674256964356204,-0.06356704403849378,1435.5412475585938,1451.75599609375,1323.3653717041016,-0.02665630347411485,-0.03752763675595605,0.05584977081181086,0.023706610946867622,0.016403676412140977,12964905.6,2.831420384580355,False,True
2024-06-05,1403.821044921875,1420.75,1431.1500244140625,1384.0999755859375,1422.0,17464890,0.01680054046323609,-0.013898786468905078,0.013753384648201639,-0.05748309872009194,1436.5049987792968,1451.66599609375,1324.1974969482421,-0.010967590640258762,-0.021296907261684872,0.07291397489745566,0.023825763567769595,0.016501209107627545,13112276.5,1.331949490235353,False,True
2024-06-06,1414.5416259765625,1431.5999755859375,1443.699951171875,1421.3499755859375,1435.0,17855722,0.007636794359273225,0.004737340853884886,0.009199482787789703,-0.0457272215829303,1437.1574951171874,1451.4229956054687,1325.0424969482422,-0.0038670219166179187,-0.013657645000492713,0.08041815932931362,0.0237345254669877,0.01652895195548033,13533112.5,1.3194098549021889,False,True
2024-06-07,1452.4345703125,1469.949951171875,1472.0,1426.5,1428.5,18558696,0.02678819240007413,0.02764955682520598,0.05438891862055062,-0.021989387111194247,1440.9487426757812,1451.8024951171874,1326.0511218261718,0.02012646781747396,0.012499948247590487,0.10851680374700257,0.024021119589010702,0.01690203328224112,13910566.7,1.334143777190616,False,True
2024-06-10,1453.867431640625,1471.4000244140625,1493.3499755859375,1468.074951171875,1469.949951171875,9251760,0.000986477968880184,-0.025772550951773887,0.04545533393711132,-0.005088171587887547,1444.1474914550781,1452.1299951171875,1327.0402471923828,0.018871017759775732,0.013270181982102613,0.10878326978183317,0.023973345011096103,0.016774882279225554,13847899.9,0.6680984168581403,False,True
2024-06-11,1439.3179931640625,1456.675048828125,1473.675048828125,1454.675048828125,1469.0,11774902,-0.010007459114866668,0.04251133339978752,0.038479432191579566,-0.0067673032340309636,1446.8462463378905,1452.4319970703125,1327.8804974365235,0.006793259833318244,0.0029213428004692954,0.09699257699788477,0.024104661471314015,0.01679045183753372,14013814.0,0.8402353563419637,False,True
2024-06-12,1445.8885498046875,1463.324951171875,1476.0,1455.175048828125,1457.5,10081742,0.0045651240811048766,0.029966532586222172,0.030456138927251075,-0.00820109273992653,1449.0087463378907,1451.8414965820311,1328.7592474365235,0.009879998909714027,0.00790957870874931,0.10127169688185367,0.023993374497147345,0.01678271475359425,14158486.1,0.7120635588292169,False,True
2024-06-13,1447.790771484375,1465.25,1472.25,1460.0999755859375,1472.0,9181160,0.0013155306526984045,0.023505186496171726,0.034580130795005326,0.023094209886520778,1451.4574951171876,1451.4294970703124,1329.7404974365234,0.009502520693311034,0.009521993977374743,0.10190672753421604,0.02397095722322968,0.01633575792611515,14365217.4,0.6391243337535567,True,True
2024-06-14,1459.9442138671875,1477.550048828125,1479.675048828125,1457.2249755859375,1470.0,8157998,0.00839450525720875,0.005170310492674357,0.03662263593944992,0.032187131474881614,1454.0674987792968,1451.2849975585937,1330.7362475585937,0.016149559816543535,0.01809779010581347,0.11032524404357358,0.023994383644471033,0.016366750319795773,14037528.6,0.581156287011946,True,True
2024-06-18,1463.3778076171875,1481.0250244140625,1487.4000244140625,1471.3499755859375,1487.3499755859375,7196766,0.0023518496640391184,0.006541389044650181,0.0315700179589693,0.04428073818272682,1456.3337524414062,1451.1664990234376,1331.841372680664,0.016954404806771572,0.020575533827936532,0.11201307812891326,0.023963659420107905,0.016316062787430807,13851543.1,0.5195642065323394,True,True
2024-06-19,1441.26953125,1458.6500244140625,1487.5,1456.0,1487.5,8725874,-0.015107779835693336,0.0013558106782471935,0.015684584847462713,0.01332086292109369,1457.4600036621093,1450.9075,1332.836123046875,0.0008165031966318459,0.005336332201785865,0.0943956268829027,0.024261335966228502,0.016336866434231708,13729030.4,0.6355783144015764,True,True
2024-06-20,1456.139892578125,1473.699951171875,1482.8499755859375,1450.0999755859375,1459.0,16113776,0.010317709187204205,0.007090017833490281,0.00893432823721585,0.033994001874671165,1458.1125,1451.122998046875,1333.8991229248047,0.010690156741592238,0.015558262914575405,0.10480614751476325,0.0240728485408621,0.01633050341261114,14020639.0,1.1492897007047966,True,True
2024-06-21,1436.8724365234375,1454.199951171875,1474.699951171875,1440.574951171875,1473.625,31170360,-0.013232001524118742,-0.007541408516038239,-0.021432722054931075,0.007238061417748964,1456.5199951171876,1451.0049975585937,1334.9706225585937,-0.0015928678995759116,0.0022018901510725275,0.08931232388078114,0.023930508039151942,0.016346742253979484,14848744.0,2.0991916892095386,True,True
2024-06-24,1424.298828125,1441.4749755859375,1449.5,1437.5,1445.5250244140625,8878386,-0.008750499252653032,-0.024415466177135192,-0.026194916003420055,-0.006547321738725187,1454.5812438964845,1450.1149975585938,1336.007122192383,-0.00901033776252902,-0.005958163309256581,0.07894258319557634,0.023987999432895972,0.016375402028651995,14937924.5,0.5943520466983214,True,True
2024-06-25,1436.822998046875,1454.1500244140625,1455.925048828125,1441.0,1443.0,7045386,0.008793110558837691,-0.01814621600376576,-0.008252327765345235,-0.0006013642276374576,1453.9762451171875,1449.9249975585938,1337.1684973144531,0.00011952003855530968,0.0029139623515581636,0.08748450725136969,0.02399842088140637,0.01641088809173901,14958743.3,0.47098782689853363,True,True
2024-06-26,1495.9844970703125,1514.0250244140625,1518.9749755859375,1445.125,1446.050048828125,22014882,0.04117525633170227,0.03796318450153535,0.039709569551662716,0.050257583335012734,1456.867498779297,1450.6139990234376,1338.6877471923829,0.03923316683408595,0.043713231385684725,0.13097697920176898,0.025637906038424998,0.017195207538799502,15668479.3,1.405042670605564,True,True
2024-06-27,1512.312744140625,1530.550048828125,1537.5,1506.0,1513.75,28383030,0.01091463096553369,0.038576439940194884,0.062310230877698825,0.025253758822878725,1461.35625,1451.8819995117187,1340.295372314453,0.04734902856721268,0.054183500685911934,0.14194981229035797,0.025521002569664126,0.016639868429169532,16718453.0,1.697706719634885,True,True
2024-06-28,1546.7474365234375,1565.4000244140625,1581.0,1531.0250244140625,1531.0250244140625,28957336,0.022769575952528154,0.0764682141218449,0.09864199827095965,0.05353841244756552,1468.3837524414062,1453.8935009765626,1342.1048724365235,0.06607010722595663,0.07669511099857207,0.1663768283414082,0.02563737901294668,0.01686926618073737,17505976.9,1.6541399640485075,True,True
2024-07-01,1541.5599365234375,1560.1500244140625,1579.4000244140625,1555.675048828125,1562.5250244140625,7724306,-0.003353775340565135,0.08232889979923885,0.09070889106923063,0.05076526663003733,1474.8712524414063,1455.7815014648438,1343.8739978027343,0.05782116359749456,0.0716924365670264,0.16093475055321016,0.025705440778338702,0.01687726500150307,16338700.6,0.4727613406417399,True,True
2024-07-02,1546.5250244140625,1565.175048828125,1573.5,1557.0,1569.5,7749246,0.0032208597477345613,0.07635046078467678,0.03631675263902068,0.05260775427888498,1477.6137573242188,1457.7985034179687,1345.6731231689453,0.05925857895534836,0.07365664401383332,0.16311682375157455,0.022706312823412317,0.01687966559407521,15649765.8,0.49516689891934357,True,True
2024-07-03,1533.927001953125,1552.425048828125,1575.0,1542.7750244140625,1566.324951171875,9049620,-0.008146053701498901,0.025362873000678077,0.11103757077395948,0.0549232635112038,1485.3712585449218,1459.4445043945314,1347.3762481689453,0.045142781575624014,0.06370954438734744,0.15218377267510586,0.014077661873504725,0.016857246318843555,14266791.9,0.6343135908500915,True,True
2024-07-04,1535.5079345703125,1554.0250244140625,1567.5,1550.800048828125,1557.0,6837176,0.00103062984402702,0.015337607289556576,0.09380610551755231,0.062272483240965126,1492.035009765625,1460.9280053710938,1349.0746234130859,0.041547292283828474,0.06372457691323463,0.1519192470483679,0.013843524952255553,0.01683270198849961,13735406.2,0.49777748837162167,True,True
2024-07-05,1569.6956787109375,1588.625,1598.5,1548.0,1553.824951171875,12269710,0.022264748020375924,0.01483644769625636,0.10968498679234329,0.08802481101507142,1499.8862609863281,1463.5140063476563,1350.937748413086,0.05916364548556974,0.08548670741086428,0.17594241619654172,0.014389024075318512,0.01704616773681225,13456105.6,0.9118321723039986,True,True
2024-07-08,1581.824462890625,1600.9000244140625,1608.800048828125,1582.5250244140625,1589.0,9500806,0.007726823142064632,0.026119282993508408,0.08908471552911812,0.077339827868103,1506.4337646484375,1466.528505859375,1352.8217486572266,0.06270853852487224,0.09162557564876428,0.18337839113177434,0.013495360830821972,0.016933936786349833,13003211.1,0.7306507544125005,True,True
2024-07-09,1571.3260498046875,1590.2750244140625,1600.5,1580.5,1597.5999755859375,6960002,-0.006636891647177512,0.01603652933563593,0.08079040235665214,0.08651316768890238,1512.3775146484375,1469.1345068359376,1354.5866235351561,0.05150665691015166,0.08245706367555417,0.17399286009765436,0.01370178246161462,0.01683049756263431,12888623.2,0.5400112868533545,True,True
2024-07-10,1565.3480224609375,1584.2249755859375,1597.5,1563.1500244140625,1595.0,7134578,-0.0038044041032173626,0.020484033533095358,0.0875623749170582,0.07072978920816153,1518.7550109863282,1471.7680053710938,1356.4106231689452,0.043107653391109446,0.07640944075726708,0.16795382498904043,0.013436122550419344,0.01679888014572979,12656607.0,0.5637038425859316,True,True
2024-07-11,1561.815673828125,1580.6500244140625,1604.25,1570.5,1587.5,11940946,-0.002256593114593919,0.017132928737771724,0.08017704690146243,0.07736086842606893,1524.6212646484375,1474.0805053710938,1358.1862481689452,0.036749297064635034,0.07229558945706316,0.1637947494646146,0.013515137508410486,0.016757577516180386,12749567.2,0.936576576497436,True,True
2024-07-12,1577.6990966796875,1596.7249755859375,1605.1500244140625,1574.5,1584.5,12924784,0.010169835778691017,0.0050987335500432,0.08972869857426202,0.09004490557628819,1531.1950134277345,1476.6750048828126,1360.0366229248048,0.042796614137024624,0.08129748949915494,0.174030867016012,0.013569232213081052,0.016790984017211477,12936748.4,0.9990751617307483,True,True
2024-07-15,1578.1932373046875,1597.2249755859375,1605.8499755859375,1585.5,1604.449951171875,5329688,0.0003131409651913053,-0.00229561419956259,0.08099551473923272,0.08969809011491559,1537.178759765625,1479.2885034179687,1361.8781225585938,0.039062610928521924,0.07972513265361747,0.17281051008088144,0.013564097455162922,0.016791338430077567,12795332.9,0.41653375036455675,True,True
2024-07-16,1557.468017578125,1576.25,1600.0,1569.125,1593.5,9386838,-0.013132135989949001,-0.008819244595273723,0.06429666887202745,0.07643457057707947,1541.940008544922,1482.1335034179688,1363.668247680664,0.02225118439429763,0.0635006875999955,0.1558896400799068,0.014093941772900893,0.016895631955876674,12904836.5,0.727389145922151,True,True
2024-07-18,1567.76904296875,1586.675048828125,1593.9000244140625,1557.824951171875,1576.0,12298374,0.0066138295499602595,0.0015465437547981242,0.08776952817416905,0.07927900609004346,1548.341259765625,1485.47650390625,1365.6462481689452,0.02475797168145144,0.06812530838135822,0.16184923508231686,0.013429019623311002,0.016905995746037267,13083461.5,0.9399938999323688,True,True
2024-07-19,1536.61962890625,1555.1500244140625,1589.9749755859375,1552.800048828125,1586.0,13140390,-0.019868607902636448,-0.01613260342652556,0.05526910221949799,0.05088356932824256,1552.4137634277345,1488.5500048828126,1367.5099981689452,0.00176258485385139,0.04474153996357888,0.13721290995777835,0.014379763256549067,0.017112370815971247,12934792.2,1.015894944180085,True,True
2024-07-22,1482.7935791015625,1500.675048828125,1537.5,1499.2750244140625,1537.25,19674376,-0.035028759110531604,-0.06015433354298594,0.031959221026515605,0.028335085768967927,1554.7375183105469,1490.1925048828125,1369.1259985351562,-0.03477273098880951,0.007034355568804163,0.0960825011238664,0.01634914826312025,0.017633513492478405,12359993.0,1.5917788950204097,True,True
2024-07-23,1470.1707763671875,1487.9000244140625,1505.75,1463.0,1501.0,18052044,-0.00851285188225026,-0.06844680795939184,0.032206628359437106,0.026014084035181018,1557.058770751953,1492.0680053710937,1370.714373779297,-0.0444162722929794,-0.0027934255959027876,0.08549239205222925,0.016341237093143574,0.017650736206729637,12818675.9,1.4082612073841416,True,True
2024-07-24,1477.8778076171875,1495.699951171875,1509.5,1476.4000244140625,1485.0,11913362,0.005242238476932615,-0.05110233073949244,0.02857334254390609,0.024469580769081123,1559.1362670898438,1493.8335034179688,1372.3366235351561,-0.04068683235518211,0.0012494349267409,0.08989290639124192,0.016279433229213713,0.017642832300795806,13062074.7,0.9120574084605412,True,True
2024-07-25,1474.6171875,1492.4000244140625,1500.4749755859375,1477.074951171875,1481.0,12519876,-0.0022062759012775324,-0.05941671830264894,-0.014283119269028588,0.027434493990817987,1558.0550170898437,1495.6275048828124,1373.8763739013673,-0.04213907208386802,-0.0021579440457019095,0.08626951650396752,0.013345479867941526,0.017631134900836076,12587324.4,0.9946415617921153,True,True
2024-07-26,1491.044189453125,1509.0250244140625,1512.425048828125,1490.3499755859375,1492.4000244140625,9859940,0.011139774677052294,-0.02965951790881305,-0.014063587421099588,0.03003361667326998,1556.9787658691407,1497.4065063476562,1375.586248779297,-0.03079922636472776,0.007759094151891466,0.09700502295161773,0.013355825034135859,0.01765377749660781,11661169.9,0.8455360898223427,True,True
2024-07-29,1501.987060546875,1520.0999755859375,1527.5,1511.7750244140625,1511.949951171875,7538550,0.007339143481848609,0.012944125893864511,-0.028938321273555,0.0361963023762355,1554.7137634277344,1499.4830053710937,1377.3242486572265,-0.022263768840305787,0.013749385715606355,0.1036616665014829,0.012340496604267205,0.01767473543416164,10590230.6,0.7118400235779568,True,True
2024-07-30,1495.1199951171875,1513.1500244140625,1525.0,1510.0,1517.0250244140625,8228208,-0.004572035578907285,0.016970226215261563,-0.030125307992512784,0.0317752371445994,1552.3637634277343,1501.2390063476562,1379.0946240234375,-0.025260663729411603,0.007934125090037769,0.09720536796780865,0.012353677497406873,0.017687621373885146,10615425.7,0.7751180435467605,True,True
2024-07-31,1487.487060546875,1505.425048828125,1510.449951171875,1501.1500244140625,1504.0,10057346,-0.005105227810394353,0.006502037824251072,-0.038174643816828,0.04980826278111916,1549.3762634277343,1502.6335083007812,1380.8363745117188,-0.028367037521521477,0.0018577653911768799,0.09022696433562771,0.012328070095615559,0.01744906187412289,10730830.7,0.9372383444647954,True,True
2024-08-01,1497.244384765625,1515.300048828125,1518.0,1504.300048828125,1512.0,10764222,0.00655960919986498,0.015344427793783533,-0.02391419800139427,0.06746976824420226,1547.5200134277343,1504.2170092773438,1382.6276245117188,-0.020820386373060606,0.0073679791429202,0.0959567290312604,0.012372603870786007,0.01740261323716449,10816560.8,0.9951612346135011,True,True
2024-08-02,1481.4595947265625,1499.324951171875,1509.324951171875,1493.2750244140625,1505.0,10268248,-0.010542530945342854,-0.00642804001607189,-0.03519896551396395,0.06981928132182857,1544.785009765625,1504.9905078125,1384.3292492675782,-0.029428081128679007,-0.0037645132053755193,0.08306961798657264,0.012535491090266313,0.01737531946187803,10988114.4,0.9344868124052294,True,True
2024-08-05,1430.079345703125,1447.324951171875,1483.9000244140625,1433.25,1480.0,17046704,-0.03468227481931563,-0.047875156623175874,-0.08894487297387677,0.020284728316439127,1537.7200073242188,1504.216005859375,1385.8202490234376,-0.05878512064731467,-0.037821067230964234,0.04438144282548806,0.013249256257256916,0.017921460841832104,11226964.1,1.518371649553952,True,True
2024-08-06,1438.7003173828125,1456.050048828125,1477.5,1451.324951171875,1455.1500244140625,10236186,0.006028430346056934,-0.03773583231315636,-0.09048033817036971,0.044418577120505676,1530.4775085449219,1503.7320068359375,1387.3294995117187,-0.04863022115728943,-0.031709079670480644,0.04953441078027465,0.013171560546965616,0.017782792988753546,11263733.1,0.9087738415960869,True,True
2024-08-07,1447.3707275390625,1464.824951171875,1472.5,1461.5,1469.0,8174568,0.006026511486203701,-0.026969192314060697,-0.0788857721565549,0.04078362992867235,1524.2050048828125,1503.703505859375,1388.7909991455078,-0.03895804929173741,-0.0258551998688602,0.05474830415314402,0.013373696695009138,0.017759567111620977,11324461.4,0.7218504890660848,True,True
2024-08-08,1431.8577880859375,1449.125,1465.0,1445.925048828125,1457.5250244140625,12387192,-0.010717970880626315,-0.043671251036586645,-0.0852782765503175,0.03309692054194446,1517.4500061035155,1503.5620068359376,1390.1631243896484,-0.04502619910290118,-0.036205362059190116,0.042413638065848414,0.01345708479430933,0.01781427173888343,11587092.1,1.0690509657725082,True,True
2024-08-09,1456.7330322265625,1474.300048828125,1476.5,1456.0,1460.0,6249776,0.017372586097213816,-0.016690779623316776,-0.06728243060974914,0.03818467300722572,1512.1325073242188,1504.2325073242187,1391.6613745117188,-0.025019274642167355,-0.019898824384096403,0.0593813091531703,0.014307471373520847,0.017881210471467103,11302533.6,0.5529535430887814,True,True
2024-08-12,1443.220703125,1460.625,1473.0,1457.75,1470.0,8184584,-0.009275621227167963,0.009189400636917311,-0.08523695543497967,0.03131452212417973,1505.3275085449218,1504.9480078125,1393.1043743896485,-0.029696201186233617,-0.029451520971096712,0.048467743588798795,0.013995668227239688,0.017923101256060725,11065523.6,0.7396472409132091,True,True
2024-08-13,1446.1851806640625,1463.625,1470.074951171875,1458.0,1460.75,6265064,0.0020539152759948553,0.005202397526081981,-0.08364505791485433,0.02685307122436953,1498.647509765625,1505.6125073242188,1394.5343743896485,-0.023369411110623517,-0.027887326333944418,0.0495438670277244,0.014031564337487286,0.01790829995868493,11112292.4,0.5637958194836558,False,True
2024-08-14,1444.43115234375,1461.8499755859375,1472.0,1453.699951171875,1463.550048828125,6267466,-0.001212759015500886,-0.002030942730431695,-0.07257733507632835,0.018214129207650753,1492.927508544922,1504.6430078125,1396.033624267578,-0.02081650500852117,-0.02844065469640955,0.04714524791828678,0.013887441912281893,0.0178882862230844,10956323.8,0.5720409614034956,False,True
2024-08-16,1460.58642578125,1478.199951171875,1480.4000244140625,1458.050048828125,1468.6500244140625,9416902,0.011184441535722067,0.0200637979276288,-0.06836629701611985,0.029297554998259256,1487.5037536621094,1506.2615063476562,1397.6592492675782,-0.006254641352890111,-0.018629935809635123,0.057625420463895516,0.014101491534261944,0.017941748551844782,10812250.2,0.8709474740049948,False,True
2024-08-19,1475.65625,1488.4000244140625,1498.300048828125,1480.5,1482.5,13797742,0.006900333905505152,0.009563843938786398,-0.04292190396559947,0.018998390809688903,1484.1662536621093,1507.6145068359374,1399.3534991455078,0.002852625668793296,-0.012744957238572052,0.06363404623844482,0.013725361768921022,0.01783149988746314,10845117.8,1.2722537693412606,False,True
2024-08-20,1483.1416015625,1495.949951171875,1503.925048828125,1490.0250244140625,1497.2249755859375,8411808,0.005072511847602712,0.024184818945228947,-0.003148648110022134,0.006661890258377934,1483.929998779297,1508.9015063476563,1401.1752490234376,0.008100080463678161,-0.008583433127541173,0.06763943497752445,0.011392747222538599,0.017703874268744757,10281989.4,0.818110938725535,False,True
2024-08-21,1485.8433837890625,1498.675048828125,1507.875,1490.0,1493.25,7769996,0.0018216502859038641,0.02394742425698171,0.007241766407192429,0.01244725473948649,1484.46875,1509.4760083007814,1403.0237493896484,0.009569954792328916,-0.007155436332383358,0.06817511070649185,0.011223988967651423,0.017696448523197624,9767887.0,0.795463338181533,False,True
2024-08-22,1485.2979736328125,1498.125,1506.5,1490.6500244140625,1503.0,10445782,-0.0003670234108155146,0.02481446456194858,0.0016213471333104135,0.021739130434782705,1484.5900024414063,1510.0105078125,1404.9481243896485,0.009116993605194246,-0.007871142452987367,0.06632050962794822,0.011167122105563598,0.017649806106496815,9694508.0,1.0774948042747503,False,True
2024-08-23,1487.1322021484375,1499.9749755859375,1511.324951171875,1498.425048828125,1503.75,9249654,0.0012348606330829792,0.014730770621931066,0.005075684165074312,0.030061135751882517,1484.96875,1510.8765063476562,1406.783499145508,0.01010541507081375,-0.007215368506901854,0.06624436275875767,0.01115555898631219,0.01762345073751797,9530996.9,0.9704812725308933,False,True
2024-08-26,1499.649169921875,1512.5999755859375,1523.0,1503.0,1506.9749755859375,8816114,0.008416807083777123,0.016259037069958238,0.002369046976714806,0.04985160761034502,1485.1474975585938,1511.8620068359376,1408.5652490234374,0.0184846811999968,0.0004881191184533673,0.07385864917129514,0.011032404150091657,0.01758878498330396,9478805.6,0.9300870143385999,False,True
2024-08-27,1487.6031494140625,1500.449951171875,1513.4749755859375,1499.449951171875,1510.5,6251156,-0.008032543045199958,0.003008122027394533,-0.012926797401261902,0.05305820042903031,1484.1649963378907,1512.566005859375,1410.3477490234375,0.01097246928351403,-0.008010265099549385,0.06388651466337048,0.011042605550156482,0.017558100095530254,9414435.9,0.663996873142447,False,True
2024-08-28,1485.4716796875,1498.300048828125,1507.4749755859375,1493.0,1505.0,9610286,-0.001432838424281213,-0.000250221020422825,-0.009813947953830837,0.04746925563139337,1483.4224975585937,1512.981005859375,1412.0957495117189,0.010029206981838623,-0.009703332014344257,0.06104706380301361,0.011005300290291519,0.01755676068851705,9483539.8,1.0133648619263451,False,True
2024-08-29,1507.90283203125,1520.925048828125,1537.0,1494.0,1503.0999755859375,38335358,0.015100446681354462,0.015219056372548945,0.010296095452952514,0.007018421862146518,1484.1974975585938,1513.7790063476561,1413.8998748779297,0.02474573049068307,0.004720664278275555,0.07569501621140984,0.011471557209919759,0.016124457740162582,10897440.4,3.5178313982795446,False,True
2024-08-30,1496.6995849609375,1509.625,1539.7249755859375,1503.324951171875,1534.0,41620730,-0.0074297210351237375,0.006433456938368609,-0.0037451650796909153,0.08040648664213457,1483.9137451171875,1514.798505859375,1415.64875,0.01732665053303495,-0.0034153095869604577,0.06638387523741329,0.011513888102913677,0.012811093792446075,12440265.8,3.34564636070718,False,True
2024-09-02,1503.2679443359375,1516.25,1526.800048828125,1506.625,1510.875,11240852,0.004388507079572834,0.002413079778510907,0.01128844605360313,0.06721801865212029,1484.7599975585938,1515.6495068359375,1417.3825,0.021208816571826716,0.00039619526899459245,0.06975357745703792,0.011284582122587011,0.012656998457147428,12488896.0,0.9000677081465007,False,True
2024-09-03,1496.203857421875,1509.125,1523.0,1507.5,1521.25,10923800,-0.004699093157460865,0.0057816315841456856,0.04269949797941819,0.0541527142610716,1487.85,1516.7480078125,1419.1186248779297,0.014299156500991339,-0.0050258894511383545,0.0634241377318352,0.007801605768351095,0.012650255961542897,12182750.8,0.896661203970453,False,True
2024-09-04,1501.5823974609375,1514.550048828125,1517.5,1499.5,1500.699951171875,11983304,0.0035948306655346762,0.010845624688265776,0.04017719036998946,0.0303412355098851,1490.775,1518.2095092773438,1420.851625366211,0.015948113449799628,-0.002410379085927783,0.06594525549968244,0.007756312580587703,0.012193703557318875,12270106.7,0.9766259000828412,False,True
2024-09-05,1480.192138671875,1492.9749755859375,1525.7750244140625,1487.050048828125,1519.050048828125,16264168,-0.014245203226450731,-0.018377022104884788,0.01921732995573433,0.014662872647746905,1492.1825012207032,1518.9860083007814,1422.5401251220703,0.0005310840762347002,-0.017123944903179922,0.04951343671787334,0.008492082022828855,0.012342562407454915,12674586.7,1.283210915271896,False,True
2024-09-06,1452.2830810546875,1464.824951171875,1497.0,1461.625,1492.5,19394228,-0.01885498744077385,-0.029676276444895233,0.010834090345467118,0.005594866439365687,1492.9674987792969,1518.0020068359374,1424.0770001220703,-0.018850073849854265,-0.03503095214933383,0.028613586938284863,0.009243978370731295,0.012519590229811672,13024938.5,1.489007260955589,False,True
2024-09-09,1449.928466796875,1462.449951171875,1469.925048828125,1455.5999755859375,1466.5,9010298,-0.0016213541407115173,-0.03548230755358617,-0.008037778785715433,-0.0005979533112582258,1492.3749938964843,1516.6400048828125,1425.602749633789,-0.020051959358068028,-0.035730333854093854,0.02584675257364033,0.008361475592776842,0.01250825063015205,13162964.6,0.684518896297875,False,True
2024-09-10,1449.011474609375,1461.5250244140625,1472.050048828125,1457.574951171875,1460.5,10768260,-0.0006324501956948003,-0.03154143996417624,0.0006161912976037076,-0.0025422116266422545,1492.4199951171875,1514.5625048828124,1427.0192498779297,-0.020701257557661612,-0.035018350380233154,0.02418031469378179,0.008096123932836314,0.012507483120822394,13292148.4,0.8101218611131366,False,True
2024-09-11,1439.072265625,1451.5,1468.75,1447.550048828125,1463.050048828125,9760202,-0.006859290293768083,-0.04162955781943922,-0.008284225809206625,-0.017630569501713933,1491.8137451171874,1512.3895043945313,1428.375,-0.027023309879760204,-0.040260464792704176,0.01618972608733693,0.00822499975683758,0.012489690010200028,13466905.3,0.7247546323801652,False,True
2024-09-12,1467.1298828125,1479.800048828125,1486.0,1445.875,1457.0,22349376,0.01949710563425766,-0.00882461325424544,0.012279011897231573,-0.0008271133611817971,1492.711248779297,1510.6820043945313,1429.8851251220703,-0.008649495983721223,-0.02044239322145336,0.0349083453132597,0.009342809324783794,0.012743086305157325,14271000.8,1.5660692836622923,False,True
2024-09-13,1460.016357421875,1472.625,1483.1500244140625,1469.5,1476.4000244140625,8711328,-0.004848661029445811,0.005324901669571336,-0.0037714459180270277,0.009580759847826581,1492.4325012207032,1509.0860034179686,1431.3748748779296,-0.013271957830255032,-0.02416098442062753,0.028818533737074548,0.009075533156097005,0.012604104345988295,14235722.1,0.611934395656684,False,True
2024-09-16,1458.7523193359375,1471.3499755859375,1480.9000244140625,1464.75,1477.550048828125,5481774,-0.0008658174444019506,0.006085695039977912,-0.011455286581869784,-0.0015946092581932136,1491.5799987792968,1507.4325024414063,1432.784375,-0.013562814740017637,-0.02393641293857618,0.0269165418459687,0.00892286622046917,0.01253500562670708,13819923.7,0.3966573274207006,False,True
2024-09-17,1459.6942138671875,1472.300048828125,1477.4749755859375,1466.625,1474.0,5935328,0.0006457153348640166,0.0073724529064305155,-0.01580928715243679,0.01244677366524738,1490.3975036621093,1505.1060034179689,1434.175375366211,-0.012142703399271926,-0.021796441257522225,0.02658299264982089,0.008830794804959333,0.012413204154515453,13696099.7,0.4333589948969195,False,True
2024-09-18,1450.9197998046875,1463.449951171875,1482.0,1460.550048828125,1470.0,8574714,-0.006011069321972928,0.008232828916207469,-0.023504159680108105,0.015244784653306143,1488.636248779297,1502.357001953125,1435.5038751220702,-0.016919040919549766,-0.025897340466127128,0.01946778168566654,0.008883828022372333,0.012384423258941912,13736335.6,0.6242359133974567,False,True
2024-09-19,1457.0916748046875,1469.675048828125,1476.5,1455.550048828125,1466.25,16955902,0.004253714075609594,-0.006842140604075619,-0.018990372079682905,0.010676356739957482,1487.2137512207032,1499.9450024414064,1436.8675006103515,-0.011792993695884268,-0.02018070900200475,0.02283268861174581,0.008965005599391927,0.012345635784573558,14061841.6,1.2058094865753572,False,True
2024-09-20,1473.2025146484375,1485.925048828125,1495.0,1471.375,1474.0,30897320,0.011056865946630356,0.009031524541634806,-0.009366774103897413,-0.018559782786161216,1486.5112548828124,1497.97900390625,1438.3111260986327,-0.00039435022961442634,-0.008046811768851359,0.03310404951023593,0.009350019728968512,0.011213928900394387,15144224.9,2.0402047779942833,False,True
2024-09-23,1480.5887451171875,1493.375,1501.5,1488.949951171875,1491.0,8832314,0.005013678972402014,0.014969262771959757,-0.012709887542137754,-0.02428868553275232,1485.5500061035157,1496.2335034179687,1439.7762512207032,0.005267405246766943,-0.0019104661213900087,0.037227137712442016,0.009210492372321417,0.011139985022969732,15145034.9,0.5831821490223176,False,True
2024-09-24,1476.6229248046875,1489.375,1500.5,1487.875,1488.5,17137444,-0.0026784966937306587,0.011597466960261205,-0.007381086695511074,-0.048565876599190094,1484.9962585449218,1494.08650390625,1441.2795013427735,0.002948654873628165,-0.00315343448584271,0.03337000117771605,0.009059641091880274,0.010721476779520574,15689349.3,1.0922979450779389,False,True
2024-09-25,1481.15869140625,1493.949951171875,1496.5,1480.199951171875,1483.9000244140625,7069002,0.0030717255035668245,0.020841163700594523,-0.0029033554791995098,-0.042431863735059694,1484.7787536621095,1492.0210034179688,1442.7635009765625,0.006176810846158398,0.0012928422250673144,0.03547806009832244,0.009086770118380444,0.010727345633841992,15562285.1,0.4542393327571155,False,True
2024-09-26,1485.12451171875,1497.949951171875,1504.0,1488.050048828125,1490.6500244140625,18818998,0.0026774658661505857,0.01923888029962506,-0.015106002543618047,-0.04295052985069159,1483.6299987792968,1490.4550024414064,1444.2027508544923,0.009651970103300878,0.005028631336197131,0.037215827407600655,0.008390499502746033,0.010724237974354334,14586467.1,1.2901683369237504,False,True
2024-09-27,1513.10791015625,1526.175048828125,1533.4749755859375,1492.0,1499.0,20597478,0.01884248377869291,0.027087503526334045,0.010963019841434107,-0.016909028889874778,1484.457501220703,1489.2450024414063,1445.7392510986328,0.028102891172779643,0.024797831334788523,0.05563644873608298,0.009293894752194597,0.010968749355007313,13535304.5,1.5217594846129985,False,True
2024-09-30,1463.9324951171875,1476.574951171875,1524.9749755859375,1474.4000244140625,1519.4000244140625,27008814,-0.032499612475210826,-0.011249718810161569,-0.02616656146949714,-0.049838369411965955,1482.4737487792968,1487.6735009765625,1446.9693756103516,-0.003979023313079866,-0.007460339783831649,0.020460402314344428,0.01181732905397863,0.011731352792743463,14323702.6,1.885602818924766,False,True
2024-10-01,1452.2830810546875,1464.824951171875,1487.949951171875,1462.824951171875,1480.6500244140625,16431642,-0.007957604854853195,-0.016483457039446092,-0.029354790907396677,-0.07792905741010303,1480.2587463378907,1486.9564990234376,1448.1508752441407,-0.010426417141056188,-0.014883789718191154,0.011514046093383135,0.011889508739752133,0.01136816635038051,14599094.7,1.1255247217486712,False,True
2024-10-03,1394.928466796875,1406.9749755859375,1449.4000244140625,1402.074951171875,1436.574951171875,37757294,-0.03949275682371256,-0.05821813208515658,-0.07102774406525758,-0.12113501522314152,1474.8799926757813,1485.337998046875,1449.0463751220702,-0.04604104566273759,-0.052757704013483786,-0.029033853062562343,0.014540898585491579,0.012327541220779831,15887794.2,2.376496921139626,False,True
2024-10-04,1374.653564453125,1386.5250244140625,1417.3499755859375,1381.7750244140625,1403.925048828125,37072876,-0.0145346943099387,-0.07438494635327608,-0.07130055956235792,-0.12812249257015895,1469.5574951171875,1483.1544995117188,1449.830625,-0.056501682294848754,-0.06515132113981947,-0.043664135309555596,0.014552218363237663,0.012418912886228525,16928229.6,2.190003141261742,False,True
2024-10-07,1358.98876953125,1370.7249755859375,1396.5,1361.375,1393.5,22181340,-0.011395429977761884,-0.10185599178911353,-0.06423974107667718,-0.13476621268455602,1464.8524963378907,1480.7209985351562,1450.6241247558594,-0.0642573371634827,-0.07428544814184124,-0.055079153728653796,0.014232459768338973,0.012474018781451086,17067585.2,1.2996179447810814,False,True
2024-10-08,1385.3857421875,1397.3499755859375,1401.0,1365.0999755859375,1372.9749755859375,17020808,0.019424027776701713,-0.05365455747644987,-0.04451432716297221,-0.11596498022772195,1461.5974975585937,1478.4874975585938,1451.5259997558594,-0.043957055263144085,-0.05487873391329823,-0.037323495534378415,0.015107712851424792,0.012786358581520413,17468110.7,0.9743931838032147,False,True
2024-10-09,1362.8306884765625,1374.5999755859375,1400.9749755859375,1372.5,1397.5250244140625,14310610,-0.01628081754569788,-0.06159437379446364,-0.05947558021661237,-0.13911287378622517,1457.2512451171874,1475.5774975585937,1452.2386248779296,-0.05671724063245065,-0.06843254396311127,-0.05346135818314168,0.015426040162843092,0.012816619096942178,17645228.2,0.8110186979616393,False,True
2024-10-10,1359.31103515625,1371.050048828125,1386.0,1369.425048828125,1380.0250244140625,22358646,-0.0025825162380781475,-0.025533451114048034,-0.05542538833749566,-0.14160492743036457,1453.2287475585938,1472.735498046875,1452.8548748779297,-0.05654904561207452,-0.0690452897710444,-0.05630626118570725,0.015398572230534776,0.012811635114576466,18275150.4,1.223445252740574,False,True
2024-10-11,1360.35205078125,1372.0999755859375,1383.2750244140625,1368.824951171875,1370.0,7980122,0.000765782954976757,-0.010403742142498285,-0.07278015251281866,-0.12951627242763675,1447.8437438964843,1470.0689965820313,1453.4128747558593,-0.05231487764467091,-0.0666424645536201,-0.05594618059481593,0.014519889225099671,0.012740856706580003,17556687.7,0.45453459880134456,False,True
2024-10-14,1360.7734375,1372.5250244140625,1380.074951171875,1368.25,1379.449951171875,12221432,0.00030977977967205916,0.0013132093309640158,-0.06797383963054915,-0.13496778976402757,1442.8387451171875,1467.21349609375,1453.8802496337892,-0.04873290306423961,-0.06453626001381696,-0.05595730820349121,0.014543642767284287,0.012692604619737093,17732192.9,0.6892228202638152,False,True
2024-10-15,1332.5174560546875,1344.0250244140625,1371.699951171875,1340.699951171875,1358.5250244140625,33762794,-0.02076464872628958,-0.038161485743408496,-0.08653614251168917,-0.13575860636310377,1436.4724975585937,1464.1074975585936,1454.2825,-0.06435728724472867,-0.08201752490494674,-0.07581572052605845,0.015032721110751409,0.012714094877291313,19146243.9,1.763416060943421,False,True
2024-10-16,1342.4814453125,1354.074951171875,1364.0,1337.625,1340.0,20034438,0.007477484849803151,-0.014931634496292978,-0.08029959501145922,-0.09768943501175009,1430.5612426757812,1462.2424975585936,1454.646499633789,-0.05346593296547242,-0.0739737400378655,-0.06913813664504276,0.015229898426180843,0.01202798931444286,19851199.4,1.0092306059854501,False,True
2024-10-17,1344.811279296875,1356.425048828125,1368.449951171875,1352.050048828125,1365.699951171875,15543660,0.0017355742783780048,-0.010667006658509948,-0.07313191835364685,-0.0883627753401729,1425.2099975585938,1460.2499975585938,1455.0159997558594,-0.04826302709656716,-0.07110080390621798,-0.06775935862167648,0.015276243785421206,0.012001474197616255,20199646.7,0.7695015774706595,False,True
2024-10-18,1347.66162109375,1359.300048828125,1368.425048828125,1341.324951171875,1352.175048828125,12082452,0.002119542102590799,-0.009328712911277792,-0.07510163562211236,-0.09119469599292374,1419.6912475585937,1458.1394995117187,1455.3673748779297,-0.042538262340013566,-0.0677846328946522,-0.06600898694589907,0.015225292252900747,0.011978625453313439,19955974.2,0.6054553828797794,False,True
2024-10-21,1357.4769287109375,1369.199951171875,1374.0,1357.7249755859375,1367.125,14067408,0.007283088345567901,-0.0024225957144985433,-0.07855382594721405,-0.08255164247304114,1413.8549926757812,1456.5409985351562,1455.7462493896485,-0.031583890664342196,-0.05996470229888484,-0.0594515000495861,0.015054101453645465,0.012031954088603405,19114478.6,0.7359556226660559,False,True
2024-10-22,1331.84814453125,1343.3499755859375,1376.0,1340.2249755859375,1369.199951171875,15831960,-0.018879620587053725,-0.0005022591215660954,-0.10046038296748139,-0.10978946415580804,1406.353741455078,1453.9219970703125,1455.9491241455078,-0.04479937302541959,-0.07605086222450741,-0.07733728239003845,0.015250162536331952,0.012127007116034379,19464460.9,0.813377780218922,False,False
2024-10-23,1327.064453125,1338.5250244140625,1357.4749755859375,1335.0,1337.5,17214742,-0.0035917305687749312,-0.011483800615582518,-0.10128407928556438,-0.11944934812717511,1398.8112426757812,1451.4799975585938,1456.1793743896485,-0.04309817967033014,-0.07782055097867202,-0.08079660517434561,0.01524368213951503,0.01206838000934472,19468325.8,0.8842435747608045,False,False
2024-10-24,1328.3287353515625,1339.800048828125,1343.699951171875,1323.125,1335.2750244140625,22155934,0.0009525592654651138,-0.012256482593242524,-0.10318277544895849,-0.11456231886396318,1391.1037475585938,1449.0034985351563,1456.402749633789,-0.036879850852610696,-0.07536451762706475,-0.08006212624563058,0.015190331612217691,0.012069852858506336,20222672.4,1.0955987201770623,False,False
2024-10-25,1316.4808349609375,1327.8499755859375,1344.3499755859375,1322.0,1343.5,18597496,-0.008919296019312628,-0.023136961754177232,-0.11355517949906468,-0.11795676801074761,1382.5987487792968,1446.3234985351562,1456.512749633789,-0.039598454173126685,-0.08191357125097487,-0.08833618111492758,0.015090007557850506,0.012096746804219656,20211597.3,0.9201398446623513,False,False
2024-10-28,1322.9251708984375,1334.3499755859375,1353.0,1322.0999755859375,1337.0,10824350,0.004895131317174339,-0.025452802241272332,-0.12569008606809595,-0.1194153417880025,1373.0074951171875,1443.4464990234376,1456.7262493896485,-0.028155359434473115,-0.07558057989077482,-0.08400773573963205,0.014181330073407987,0.01207863958254904,19722940.9,0.54882028267904,False,False
2024-10-29,1328.52685546875,1340.0,1343.199951171875,1320.300048828125,1328.0999755859375,12008361,0.004234289742150565,-0.002493747457341766,-0.09249442506354522,-0.10626445657917338,1366.1787475585938,1440.4784985351562,1456.934624633789,-0.019162022250291955,-0.06975355663922389,-0.08026072183107147,0.012977671658176596,0.012053058004417815,18972918.25,0.6329211374744631,False,False
2024-10-30,1332.3935546875,1343.9000244140625,1350.0,1325.3499755859375,1335.0,11984423,0.002910465980643595,0.0040156141289573455,-0.08255247609010985,-0.07145936831536759,1360.132501220703,1437.4375,1457.1348748779296,-0.011934481965596766,-0.06507237746749861,-0.07771061719551065,0.013063986075298767,0.0112661029414403,18750557.3,0.6391502294174477,False,False
2024-10-31,1320.64501953125,1332.050048828125,1343.0,1326.1500244140625,1340.0,9331650,-0.008817602031895189,-0.005784445228807611,-0.05325249422194578,-0.08516190779279809,1356.3862548828124,1434.105,1457.3267498779296,-0.017941943872610278,-0.07116281665001867,-0.08596335794995746,0.010188760857442743,0.011268310466663939,17329275.1,0.538490499236174,False,False
2024-11-01,1327.1884765625,1338.6500244140625,1341.949951171875,1333.0,1333.050048828125,2127335,0.004954750455318013,0.008133485730087209,-0.034528767355087364,-0.0861365220853667,1353.9925048828125,1430.9155004882812,1457.56875,-0.01133128906801284,-0.0644800311707674,-0.0815870438947991,0.009924144106594993,0.011257150915791611,15581998.05,0.13652517431806507,False,False
2024-11-04,1291.0009765625,1302.1500244140625,1340.0,1285.0999755859375,1337.8499755859375,19796890,-0.027266275228266856,-0.02413156350359691,-0.05002823498022391,-0.10142325581708789,1350.5637573242188,1426.9590014648438,1457.4542498779297,-0.035847054718894045,-0.08746500559767922,-0.10655855954097693,0.011281224406799307,0.011683048526949099,15462775.55,1.280293433477407,False,False
2024-11-05,1294.1240234375,1305.300048828125,1309.550048828125,1286.1500244140625,1293.0,16267479,0.00241909484698577,-0.02589548594916047,-0.06587464011599109,-0.11463066838689506,1345.9612609863282,1422.8130029296874,1457.18125,-0.0302097938007565,-0.08259198774511733,-0.10422945064100642,0.010123091113796346,0.011425668311384743,15425109.1,1.0546103041825488,False,False
2024-11-06,1314.0023193359375,1325.3499755859375,1328.300048828125,1300.199951171875,1310.0,21625209,0.015360396849607882,-0.013803146432870061,-0.035828605321345686,-0.09261447970154046,1343.498760986328,1419.3110034179688,1456.954375,-0.013508598539433425,-0.06620185963876513,-0.09032842872245916,0.010463015953930852,0.011599741282445833,15790839.05,1.3694781468879578,False,False
2024-11-07,1294.4710693359375,1305.6500244140625,1324.0,1302.5999755859375,1324.0,9611974,-0.014863961621280897,-0.019819093462207338,-0.04770068347976186,-0.10793405113054066,1340.228759765625,1415.4580029296876,1456.5120001220703,-0.025800621796542744,-0.07757770155550126,-0.10357757141401103,0.01086584388564828,0.011715649283536076,15153505.45,0.6343069616278126,False,False
2024-11-08,1272.7584228515625,1283.75,1301.6500244140625,1275.0,1297.6500244140625,19814406,-0.016773273085864293,-0.041011484266093134,-0.0643903339100409,-0.12183191063402499,1335.811260986328,1410.714501953125,1456.0576251220702,-0.03897351557576134,-0.0900001394877159,-0.11833846555875471,0.011297425688888136,0.011872842703564708,15745219.65,1.2584394781688548,False,False
2024-11-11,1261.802978515625,1272.699951171875,1286.0,1267.0,1278.949951171875,9056552,-0.008607632972249313,-0.022616497861250195,-0.07273096771754917,-0.13902043484515436,1330.8200073242188,1405.9760009765625,1455.6132501220702,-0.04367236428102805,-0.09479254959694672,-0.12566064436061963,0.011325009422951485,0.011772215418519558,15586975.65,0.5810333064836731,False,False
2024-11-12,1263.33984375,1274.25,1289.300048828125,1267.5,1275.550048828125,10671091,0.0012179216528591663,-0.0237876715441796,-0.051914974160902516,-0.14387934755535015,1327.3312561035157,1401.1360009765624,1455.144750366211,-0.039990963717180805,-0.09055937531269309,-0.12431392156738075,0.010627656048552397,0.011718674628871826,14432390.5,0.7393848579693018,False,False
2024-11-13,1241.3299560546875,1252.050048828125,1275.449951171875,1249.5,1270.25,14633633,-0.01742197462968409,-0.05530609130271913,-0.07534656944613982,-0.16304014860436167,1322.2300109863281,1395.994501953125,1454.5677508544923,-0.05307696964603903,-0.10311247854028693,-0.13922878594510113,0.010840310575274946,0.011831019746893918,14162350.25,1.0332771568052415,False,False
2024-11-14,1256.746826171875,1267.5999755859375,1272.5999755859375,1251.0999755859375,1253.5999755859375,12612633,0.012419572821682934,-0.029142609517585516,-0.06548468956609688,-0.1541862416558376,1317.7887573242188,1391.0555004882813,1454.2628759765626,-0.0380856047369762,-0.08874953217826964,-0.12835568003156084,0.011380014474569078,0.011980757092270582,14015798.9,0.8998868412702468,False,False
2024-11-18,1249.9554443359375,1260.75,1272.9000244140625,1243.9000244140625,1267.5999755859375,13620611,-0.005403893750290711,-0.017916260954235597,-0.07250058507177026,-0.15844806007509382,1312.8612548828125,1386.4110009765625,1453.8472509765625,-0.039692888101465096,-0.09063762541414433,-0.13281811472756666,0.011314947948631965,0.011981666142694499,14092706.85,0.9665006974866578,False,False
2024-11-19,1231.0189208984375,1241.6500244140625,1281.5,1235.1500244140625,1260.75,14183746,-0.015149693108021056,-0.024396894750583153,-0.0931565376179313,-0.17221950724275592,1306.4837585449218,1381.9475024414062,1453.2901263427734,-0.0496246001581121,-0.10152156849626215,-0.14562825281233172,0.011281254809728584,0.01207450352740935,14098523.75,1.0060447640838992,False,False
2024-11-21,1212.5286865234375,1223.0,1243.949951171875,1217.25,1241.6500244140625,19433843,-0.015020355210691116,-0.04021973710025506,-0.0895894426420365,-0.1914584029222629,1300.466259765625,1377.1585034179689,1452.1648760986327,-0.05956806582554952,-0.11193955019365087,-0.1578091302650868,0.011058862587924321,0.01207560675434917,14278617.9,1.3610451050728096,False,False
2024-11-22,1254.5655517578125,1265.4000244140625,1268.8499755859375,1222.449951171875,1229.4000244140625,20471957,0.03466886705974037,0.010662493562803244,-0.05463102942883746,-0.15665296038314025,1296.810009765625,1373.2360034179687,1451.4537512207032,-0.024220961524841433,-0.0785269092388371,-0.12818439902075118,0.014129677701157861,0.01302293392049223,14441478.65,1.417580394373259,False,False
2024-11-25,1275.9805908203125,1287.0,1304.449951171875,1282.449951171875,1290.0,28923341,0.017069681657339464,0.01530453201933435,-0.039408902003181256,-0.1410265246893574,1294.1700073242187,1369.9460034179688,1450.755626220703,-0.005540236045991409,-0.060546914411970465,-0.1128760924727863,0.01479359571826686,0.013271391163066873,14779849.0,1.9569442827189913,False,False
2024-11-26,1284.606201171875,1295.699951171875,1297.8499755859375,1284.199951171875,1294.949951171875,9247557,0.006759868820415793,0.027721555559686584,-0.024212090978030676,-0.1480842845147342,1292.5625061035157,1366.2640014648437,1450.1008758544922,0.0024273062645281396,-0.05164744896836426,-0.1064759888456962,0.014817729529162006,0.013127414951687353,14312352.05,0.6461241987126777,False,False
2024-11-27,1282.1275634765625,1293.199951171875,1303.8499755859375,1286.0,1293.5,9572746,-0.0019294590524132627,0.041517275999039205,-0.0308390041345733,-0.1433634504119401,1290.5050048828125,1362.6755004882812,1449.2783758544922,0.002088288134385996,-0.05098466163918802,-0.10769388909883759,0.014750328719352439,0.013112188010488314,14249771.85,0.6717824047126761,False,False
2024-11-28,1259.91943359375,1270.800048828125,1296.5999755859375,1269.050048828125,1289.949951171875,15027412,-0.017321298476273173,0.03908425905815616,-0.05164175460587683,-0.16187960505976917,1287.0450073242187,1358.664501953125,1448.4372509765626,-0.01262190397666596,-0.064669720154381,-0.1226405921476208,0.015095678908687358,0.013218247280901178,14400724.4,1.04351778303597,False,False
2024-11-29,1281.1361083984375,1292.199951171875,1299.5,1275.25,1280.0,13202307,0.01683970846828653,0.021179015521374023,-0.038470178066057126,-0.14374226709392857,1284.4600036621093,1355.0625,1447.7592504882812,0.006025837696540526,-0.046390885164429685,-0.10744832006007987,0.015670737058367436,0.01345755997872694,14461618.6,0.9129204251037294,False,False
2024-12-02,1297.941162109375,1309.1500244140625,1311.3499755859375,1277.050048828125,1288.0,11024152,0.01311722170149876,0.01721058618031268,-0.01719156456186377,-0.13561785203003995,1283.3150024414062,1351.9765014648438,1447.0942504882812,0.02013147350689981,-0.031676938914529607,-0.09532497695134456,0.015922487445354818,0.013586114659291498,14546243.7,0.7578693322730459,False,False
2024-12-03,1311.9698486328125,1323.300048828125,1326.800048828125,1307.0,1317.0,16869482,0.010808558339519214,0.02130130330813662,-0.01146675778283146,-0.11364887525406875,1282.5475036621094,1349.0490014648437,1446.4601257324218,0.0317746867462243,-0.01908674377932873,-0.08514585000532537,0.016085771278087788,0.013598856572695495,15283351.05,1.1037816212433331,False,False
2024-12-04,1297.74267578125,1308.949951171875,1328.4000244140625,1304.050048828125,1326.0,19608540,-0.010844175263923006,0.012179091087753058,0.005222076281780508,-0.10641203228774765,1282.8875,1345.5094995117188,1445.7011254882811,0.020315461154524428,-0.027171527479450064,-0.09459159428282171,0.015029544650126906,0.01346844462815805,15273933.55,1.2837911030456197,False,False
2024-12-05,1310.7305908203125,1322.050048828125,1329.949951171875,1306.1500244140625,1314.3499755859375,16858723,0.010008096676669576,0.040328925110807434,0.012832298608306925,-0.09600321859305083,1283.725,1342.0830004882812,1445.0496258544922,0.029854562954001018,-0.014926760604871525,-0.08511789133444791,0.015179128871228732,0.013554229735900494,15303495.75,1.101625620407677,False,False
2024-12-06,1300.3204345703125,1311.550048828125,1323.9000244140625,1310.0,1323.9000244140625,9037514,-0.00794221066691636,0.01497453829703499,-0.010412288838434147,-0.10261540040757344,1283.0350036621094,1338.5265014648437,1444.2818762207032,0.022224682167381493,-0.02015384275708887,-0.09190160838956285,0.014889947124043372,0.013578306270081318,14674111.0,0.6158815344929583,False,False
2024-12-09,1284.0609130859375,1295.1500244140625,1315.0,1293.0999755859375,1303.0,14650002,-0.012504306967710432,-0.010693961531464624,-0.008041971281478766,-0.10771613888111431,1282.5100036621093,1334.5505029296876,1443.3507513427735,0.00985568979256346,-0.02952340764109762,-0.10267824836813733,0.01477839208825389,0.01363401967216884,14926012.4,0.9815080952230751,False,False
2024-12-10,1273.8489990234375,1284.8499755859375,1294.9000244140625,1280.199951171875,1289.25,16043729,-0.007952784336922591,-0.029056201786010427,0.0008568456365627419,-0.1317408209281864,1282.5650024414062,1330.2885034179687,1442.4220013427735,0.0017815651761756701,-0.03415689733113081,-0.10924128002079114,0.014387367729101097,0.01336495965558816,14737478.55,1.0886345955020915,False,False
2024-12-11,1267.2559814453125,1278.199951171875,1290.0,1276.050048828125,1285.0,11724373,-0.005175720543583173,-0.02349211287449926,0.004321521341252188,-0.13202617694805197,1282.8400024414063,1325.3290014648437,1441.5101263427734,-0.003617014795844198,-0.03556026484056296,-0.1132910356899326,0.01429772439510998,0.013366098560523747,14870869.6,0.7884120643489471,False,False
2024-12-12,1252.0870361328125,1262.9000244140625,1278.199951171875,1260.5999755859375,1270.0,20906813,-0.01196990090931016,-0.04474113855711703,-0.008907181154355515,-0.14167258275099626,1282.2725036621093,1321.0555029296875,1440.4546264648438,-0.015107926897535373,-0.04402197968719279,-0.12326289130434809,0.014555532097595827,0.013423094204107415,15382655.7,1.3591159685125112,False,False
2024-12-13,1261.951904296875,1272.8499755859375,1275.199951171875,1239.5999755859375,1260.0,28630222,0.007878653083795317,-0.029507126530753602,0.01661269593598158,-0.13546836013551689,1283.3125,1317.2160034179688,1439.4637512207032,-0.008152748776359964,-0.03368166475119372,-0.11574711450251718,0.014085300138359168,0.013483745085977187,16082485.15,1.7802113126776304,False,False
2024-12-16,1257.44091796875,1268.300048828125,1281.0,1266.550048828125,1275.0,9486781,-0.003574597827774695,-0.020731170196352067,0.0005522824673958038,-0.133349215111512,1283.3475036621094,1314.4425048828125,1438.4667517089845,-0.011725160013983382,-0.035104202643539195,-0.1182972791541349,0.013849983457194213,0.013476148493973921,15926192.55,0.5956716252309784,False,False
2024-12-17,1234.6376953125,1245.300048828125,1263.9000244140625,1242.800048828125,1261.050048828125,17462791,-0.018134510064279685,-0.030781746903778662,-0.012254571621554633,-0.15266980287847298,1282.5750061035155,1311.6180053710937,1437.284501953125,-0.02906259446660553,-0.05056194430954419,-0.13357442654123974,0.014398795734961852,0.013601181069991027,16118301.55,1.0834138414540333,False,False
2024-12-18,1242.5196533203125,1253.25,1259.949951171875,1240.6500244140625,1240.6500244140625,12670179,0.006383964394248709,-0.019519599534486343,0.009342387434343014,-0.15658599268625573,1283.1550048828126,1309.268505859375,1436.082626953125,-0.02330583972241429,-0.04278610965487606,-0.127313445286246,0.014047971941299753,0.013534486126323556,16042623.2,0.7897822470828836,False,False
2024-12-19,1219.914794921875,1230.449951171875,1244.9000244140625,1229.0,1239.0,14244653,-0.018192737943846016,-0.025694886859506605,0.006091538161794752,-0.17606096849627517,1283.5275024414063,1305.9305053710937,1434.798251953125,-0.041352874144552576,-0.057798293162445225,-0.14242302045118882,0.01424959519463431,0.013640213168124658,15783163.7,0.9025220336528601,False,False
2024-12-20,1194.980224609375,1205.300048828125,1239.5,1201.5,1224.0,20312896,-0.020439597985921654,-0.05306982602306831,-0.0474948430744393,-0.19073433565883335,1280.5225036621093,1302.5445068359375,1433.3965020751953,-0.05874356336484443,-0.07465730153362116,-0.15913004735036285,0.012494242300658955,0.01382175135424853,15775210.65,1.2876465773216157,False,False
2024-12-23,1211.834716796875,1222.300048828125,1227.199951171875,1213.199951171875,1215.0,10052824,0.014104371784045444,-0.03626902012855926,-0.0502719123324592,-0.1818333352671313,1277.2875061035156,1299.5695068359375,1432.2298773193359,-0.04305018017684603,-0.05945773396602738,-0.1465755126433549,0.012267123631139167,0.013982123562728497,14831684.8,0.6777937999329651,False,False
2024-12-24,1212.28076171875,1222.75,1233.550048828125,1221.0,1222.300048828125,6734917,0.0003681184274730853,-0.01810812490479341,-0.056301577464672015,-0.1837177209803177,1273.6400085449218,1296.5825073242188,1431.0396270751953,-0.0399563520331474,-0.05694393292146771,-0.14555126436359023,0.01209512874740647,0.01396872257441116,14706052.8,0.45796904795554655,False,False
2024-12-26,1206.1339111328125,1216.550048828125,1227.699951171875,1214.25,1224.25,10016178,-0.005070497789306905,-0.029283822997705933,-0.05927150111186685,-0.2028764657355301,1269.8075134277344,1293.4630078125,1429.6617523193358,-0.0419413683069535,-0.059462820753142354,-0.1490644225079676,0.012103297101077744,0.013664625992224387,14728224.4,0.6800669060962976,False,False
2024-12-27,1210.595458984375,1221.050048828125,1227.9000244140625,1217.0,1218.300048828125,7000397,0.003698984685697626,-0.007639402427378372,-0.03914856632707653,-0.1730524428448107,1267.3200134277345,1291.0035083007813,1428.2300024414062,-0.03651008751488316,-0.05418533646336021,-0.1450606367735794,0.011698354083344202,0.013160434312539042,14326873.65,0.48861999980016574,False,False
2024-12-30,1200.333984375,1210.699951171875,1223.199951171875,1208.0999755859375,1216.4000244140625,8818766,-0.00847639100967501,0.004480131191399339,-0.06307073446805889,-0.17348489305612758,1263.2450134277344,1288.1360083007812,1426.7825024414062,-0.041595305500776725,-0.06011481445274902,-0.15144743568118235,0.010903169781771707,0.013163865538322937,14107696.6,0.6251031794942344,False,False
2024-12-31,1205.043212890625,1215.449951171875,1219.0999755859375,1206.1500244140625,1208.0,6405475,0.003923350286255678,-0.005604268495953635,-0.07157321276766959,-0.13612539507627097,1258.560009765625,1285.3165063476563,1425.3447521972657,-0.034253478784677216,-0.05435747135490654,-0.14725897064680227,0.010359461440613798,0.01229313090741161,13876762.75,0.46159721221723704,False,False
2025-01-01,1210.7935791015625,1221.25,1226.300048828125,1211.5999755859375,1214.8499755859375,5892590,0.004771935547434936,-0.0012267429973420452,-0.07711784558498092,-0.11920089540677914,1253.4575073242188,1282.5555053710937,1424.056376953125,-0.02569493352269503,-0.0477994949258399,-0.1424145702623406,0.009997486671546901,0.012221564387329098,13327918.15,0.442123813613006,False,False
2025-01-02,1231.167724609375,1241.800048828125,1244.449951171875,1220.0,1221.25,15486276,0.016827061476458516,0.020755414069748124,-0.051300588142145664,-0.09405601346302273,1250.1000122070313,1280.0075073242188,1422.932377319336,-0.006639439483128173,-0.0298494018804345,-0.12729510648457265,0.010870781930502066,0.012397228509578244,13121804.95,1.1801940403023596,False,False
2025-01-03,1240.437744140625,1251.1500244140625,1262.050048828125,1235.5,1243.9000244140625,15521102,0.007529372860599404,0.02465089421586386,-0.05362885049390442,-0.10462658154809812,1246.5550109863282,1278.1635083007814,1421.8110021972657,0.0036861697937411453,-0.021134607357575996,-0.12003070557160112,0.010733049487448843,0.012148439941585149,13054923.9,1.1889078878506523,False,False
2025-01-06,1207.5714111328125,1218.0,1262.0,1215.0,1253.949951171875,14816766,-0.02649564302217655,0.00602961024410642,-0.07132785280417797,-0.11392403489545033,1241.877508544922,1275.7530078125,1420.740126953125,-0.019226943382603556,-0.04526974066204836,-0.14270035955689875,0.01194374213289147,0.012423729217498547,13343886.5,1.1103785992184512,False,False
2025-01-07,1230.2257080078125,1240.8499755859375,1244.5,1221.25,1222.0,10070505,0.018760242681393757,0.020897630864662897,-0.0419256825885409,-0.09496376398036899,1239.1625061035156,1273.7740063476563,1419.787001953125,0.0013617822312330663,-0.025847623359910754,-0.12603089486030883,0.012739893165219186,0.012707263925166377,13114911.65,0.7678667816263939,False,False
2025-01-08,1254.664794921875,1265.5,1271.050048828125,1245.3499755859375,1249.0,19346579,0.019865434902734735,0.036233367451381726,-0.015060105034530036,-0.07769111397324768,1238.1950073242188,1272.5270068359375,1419.0233770751954,0.022052255512472252,-0.005522088567227912,-0.10818946294713516,0.013555346303496576,0.01300287179526766,13280054.15,1.4568147675813505,False,False
2025-01-09,1244.0067138671875,1254.75,1269.75,1248.050048828125,1267.0,12794704,-0.008494666139865714,0.010428370641550444,-0.0183460742197461,-0.08580901791888362,1237.022509765625,1270.9350073242188,1418.0997521972656,0.01433077417300499,-0.012734724616874082,-0.11518918323211358,0.013633488100094923,0.013034453916488112,13333570.7,0.9595857169752736,False,False
2025-01-10,1231.266845703125,1241.9000244140625,1256.75,1236.0,1253.8499755859375,8120332,-0.010241064423939017,-0.007393198113337274,-0.016628394642515865,-0.07598444831376716,1235.972509765625,1268.9730078125,1417.1830023193359,0.0047958304910531435,-0.021334562068508367,-0.12368408146189191,0.0135644910848388,0.012838946417830713,12694246.65,0.6396860108275901,False,False
2025-01-13,1229.234375,1239.8499755859375,1245.25,1226.4000244140625,1230.0,13764861,-0.0016507357982316062,0.01793922461899622,-0.025926071911820503,-0.08435646452737511,1234.322509765625,1266.8920068359375,1416.1635021972656,0.00447813742079628,-0.02134517473003683,-0.12450082659083272,0.013411939551871975,0.01278793616147613,11950978.6,1.1517768929818015,False,False
2025-01-14,1228.143798828125,1238.75,1253.3499755859375,1227.25,1244.0999755859375,13095266,-0.0008871844235974757,-0.0016923686402506855,-0.023298941646677784,-0.08675381579674424,1232.8450073242188,1265.026005859375,1415.102377319336,0.004789728344358091,-0.020771119121400727,-0.12462163879153731,0.013400637915287974,0.012781561360617503,12131402.85,1.0794519118619492,False,False
2025-01-15,1241.478515625,1252.199951171875,1257.0,1241.8499755859375,1244.949951171875,9578856,0.010857680058022234,-0.010509718552449643,0.005540754896976807,-0.07879062297436301,1233.1900024414062,1263.2970043945313,1414.088251953125,0.015415263416694858,-0.008784199744045873,-0.11448245932151091,0.013022884173110157,0.012872164019447978,11737206.1,0.8161104029688974,False,False
2025-01-16,1255.6065673828125,1266.449951171875,1275.0,1251.300048828125,1258.9000244140625,14117603,0.011379971694348123,0.009324527732117893,0.010532576239277835,-0.07504382388566255,1233.85,1262.5830029296876,1413.212626953125,0.026421324449386052,0.003062727942016119,-0.1038503852726459,0.013191399378643028,0.012929126715719313,11809577.3,1.1954367748623822,False,False
2025-01-17,1291.19921875,1302.3499755859375,1326.0,1285.0,1322.25,29366277,0.028346974454729557,0.04867537642604991,0.058433928454859396,-0.030520713697200774,1237.445001220703,1262.5240014648436,1412.260126953125,0.05245079522823848,0.031544726337785045,-0.0778257130322817,0.013791750793191546,0.013268719675840566,12565658.5,2.3370265076040386,False,False
2025-01-20,1294.272705078125,1305.449951171875,1316.0,1300.25,1316.0,14040244,0.002380293810458234,0.052909607515163826,0.08309126216424079,-0.024710089567930194,1242.4524963378906,1262.1260009765624,1411.3581268310547,0.050704115464911936,0.0343261688308385,-0.0750399020955631,0.012653239132700224,0.013266999555085514,12252025.9,1.1459528501323197,False,False
2025-01-21,1262.7945556640625,1273.699951171875,1313.0,1270.199951171875,1310.5,14562976,-0.024321116233907425,0.02821388591069618,0.04205178785113306,-0.04933579284018197,1245.0224914550781,1261.4869995117188,1410.3027514648438,0.023033688076816272,0.009681393200947408,-0.09686062099154469,0.013905509660226911,0.01362204206813589,12477533.5,1.167135796509783,False,False
2025-01-22,1266.1654052734375,1277.0999755859375,1282.9000244140625,1268.699951171875,1278.300048828125,10273590,0.0026694076661730737,0.019885022668112873,0.044448967970507125,-0.038219679130246376,1247.739990234375,1261.3539990234376,1409.2535015869141,0.02353053166633501,0.012483392112516256,-0.09377555269663185,0.013899477589030373,0.013586382782205596,12654467.15,0.8118548081259984,False,False
2025-01-23,1252.83056640625,1263.6500244140625,1277.3499755859375,1261.5999755859375,1270.0,8720682,-0.010531635290106478,-0.002210846749389206,0.0387160196420262,-0.0529845636193228,1250.094989013672,1261.1730004882813,1408.2137518310547,0.010843204332084744,0.0019640635541851026,-0.10265751717665061,0.014103391351044318,0.013627334805952402,12589692.35,0.6926842815186028,False,False
2025-01-24,1235.6292724609375,1246.300048828125,1273.0,1243.5,1266.0,14235970,-0.01373004807559941,-0.04303753047071335,0.020678923050069242,-0.06992533669542911,1251.357489013672,1260.6140014648438,1407.1306268310548,-0.004041563046490615,-0.011354746671134786,-0.1142968356570635,0.014524776853890387,0.01371158806920553,12951471.0,1.0991778462847965,False,False
2025-01-27,1218.82421875,1229.3499755859375,1240.449951171875,1220.0,1239.0999755859375,9536019,-0.013600314994872464,-0.05829405831883805,0.015404332341808269,-0.08523703158504559,1252.289990234375,1260.16,1405.9768768310546,-0.01831845245696173,-0.024449295656156833,-0.12562575114550834,0.014746526059782328,0.013794855200342465,12987333.65,0.7342553334648486,False,False
2025-01-28,1223.8311767578125,1234.4000244140625,1244.75,1218.5,1238.0,10568025,0.004107901678460646,-0.030854933080317948,0.015590994284805149,-0.07330807464777345,1253.2374938964845,1259.4960009765625,1404.7190020751952,-0.015031045252128283,-0.01992541186557295,-0.12124772101005254,0.014748596173985488,0.013777815445446274,13195461.15,0.800883340102138,False,False
2025-01-29,1224.921630859375,1235.5,1242.75,1228.050048828125,1236.0,5928156,0.000891101396777394,-0.03257378152156909,0.011668372569089147,-0.07705525905414456,1253.9499938964843,1258.9910009765624,1403.578251953125,-0.01471350052736431,-0.018658593237236065,-0.1197498263593344,0.014720159514440896,0.013757145908807162,13197239.45,0.4491966689291222,False,False
2025-01-30,1242.3214111328125,1253.050048828125,1257.0,1232.4000244140625,1235.550048828125,9269259,0.014204814915520059,-0.008388379204006702,0.009059429503660121,-0.03770684995227902,1254.5124938964843,1259.2190014648438,1402.4456274414063,-0.0011657477111424175,-0.004899030771885138,-0.10652504146334396,0.014579806819430212,0.013466221734410717,12886388.6,0.7193061832699971,False,False
2025-01-31,1254.2681884765625,1265.0999755859375,1267.0,1249.0,1255.8499755859375,6584612,0.009616476827148057,0.015084591206980802,0.011149702992978794,-0.030797572771316784,1255.2099914550781,1260.0610009765626,1401.4353771972656,0.007879147073546422,0.003998992592794792,-0.09728268875585655,0.014639721766314907,0.013525059447053959,12439564.1,0.529328194064292,False,False
2025-02-01,1253.7724609375,1264.5999755859375,1270.550048828125,1241.0,1265.0999755859375,7118453,-0.000395225681486866,0.028673689917469547,0.03825942166333118,-0.04583694957487916,1257.539990234375,1260.045,1400.4342523193359,0.005614123929567283,0.0036149308841648686,-0.09699439763661577,0.013182761439502342,0.013365265607714128,12054648.45,0.5905151883545804,False,False
2025-02-03,1235.232666015625,1245.9000244140625,1256.0,1237.550048828125,1251.0,9252345,-0.014787246190804848,0.009316266828055753,0.00406983029978325,-0.045762646101748516,1257.7924926757812,1259.2230004882813,1399.3350024414062,-0.00945503199531672,-0.010580315058613565,-0.10964849572092972,0.013066558670400302,0.013363890660415675,12013740.45,0.7701469029156528,False,False
2025-02-04,1274.196044921875,1285.199951171875,1288.800048828125,1246.5999755859375,1248.050048828125,16691069,0.03154340315250814,0.040226589374241284,0.015566930993184513,0.0011294653724440717,1258.777490234375,1259.0130004882812,1398.4393774414064,0.020990573109613164,0.020799587195237557,-0.08097557040814662,0.014199447991422726,0.01382622028763589,11880964.95,1.4048580288085102,False,False
2025-02-05,1267.2559814453125,1278.199951171875,1290.5,1276.699951171875,1282.6500244140625,10112028,-0.005446623300613407,0.020070947977912423,0.018688942954273813,0.004321521341252188,1259.9499877929688,1258.7130004882813,1397.4797521972657,0.014484672848701141,0.015481647266719412,-0.08535350929975649,0.014109744548372397,0.013798424146455858,11746831.15,0.8608302844295161,True,False
2025-02-06,1270.577392578125,1281.550048828125,1288.0,1270.3499755859375,1273.699951171875,9956001,0.0026209496043076985,0.013002982815305542,0.03192690525372166,0.005728898432901808,1261.9324890136718,1258.9280004882812,1396.4882525634766,0.015545649220733093,0.017969294773862998,-0.08230517050491781,0.0138603638675308,0.013801426870513259,11838614.6,0.8409768656545337,True,False
2025-02-07,1255.8544921875,1266.699951171875,1283.699951171875,1262.0,1276.1500244140625,8764283,-0.011587606484685709,0.001660584869902726,0.021655826200463135,0.011700732217104104,1263.2749877929687,1258.4180004882812,1395.5251275634766,0.0027111780190391954,0.00658123984270742,-0.09231304678585373,0.014160273360087957,0.013695392595041378,11588585.7,0.7562858166549177,True,False
2025-02-10,1242.916259765625,1253.6500244140625,1266.5,1245.550048828125,1264.5,6970972,-0.010302303040068406,0.006220402799690827,0.012028273997225059,-0.01100501060314929,1264.0199890136719,1257.3080004882813,1394.5425024414062,-0.00820395617928571,-0.002909371508650449,-0.10103132588693797,0.014386834168855967,0.013668310372568469,11282371.0,0.6178640996648666,True,False
2025-02-11,1224.2772216796875,1234.8499755859375,1264.550048828125,1230.0999755859375,1264.550048828125,8859714,-0.014996249720420907,-0.03917676431595507,-0.013855595162498235,-0.02054334674920677,1263.152490234375,1255.5389990234376,1393.4168774414063,-0.022406253296611833,-0.016478200560549716,-0.11379717328143002,0.014585855616992804,0.013787067359635684,11246413.9,0.7877812499858288,True,False
2025-02-12,1206.1339111328125,1216.550048828125,1226.9000244140625,1193.3499755859375,1219.449951171875,21131654,-0.014819554698641935,-0.048231814034438325,-0.03940140097725653,-0.020215016383366313,1260.6574951171874,1253.6910009765625,1392.2368774414062,-0.0349876524431898,-0.02962528415654775,-0.12619032828389876,0.014630027909490353,0.013781085913126831,11597116.45,1.8221472631673024,True,False
2025-02-13,1205.687744140625,1216.0999755859375,1228.0,1212.0,1217.050048828125,8511216,-0.0003699586733986182,-0.0510710239541845,-0.0662264380672295,-0.005641884230631611,1256.3449951171874,1251.5719995117188,1390.9922521972655,-0.032033414139956085,-0.02834197628232349,-0.12573202786360704,0.012799162786154283,0.013644005176987214,10554363.4,0.8064168038784792,True,False
2025-02-14,1206.827880859375,1217.25,1224.0,1205.449951171875,1219.0,10298145,0.0009456660119644411,-0.03903840931400282,-0.06756287446539011,-0.03805122766325075,1251.9349975585938,1249.6859985351562,1389.7435021972656,-0.027705110589793525,-0.025955318834632535,-0.12411894851427141,0.012769386451287938,0.012863809348362357,10367258.45,0.9933334882762569,True,False
2025-02-17,1214.412353515625,1224.9000244140625,1227.5,1204.5,1211.0999755859375,8166683,0.006284678097401963,-0.022933035089627407,-0.03831351859039789,-0.04825172928200272,1249.4950012207032,1248.2809985351562,1388.5352520751953,-0.01968393373531907,-0.01873053755406917,-0.11784737003729395,0.011938953206301207,0.012687357354457631,10047443.8,0.8128120109514819,True,False
2025-02-18,1214.908203125,1225.4000244140625,1229.9000244140625,1216.0999755859375,1224.8499755859375,6673250,0.0004081965793405473,-0.007652711955872249,-0.040482305348220615,-0.054256332026740295,1246.9100036621094,1247.0919995117188,1387.4922521972655,-0.017250626897589383,-0.01739404559258617,-0.11682387957591112,0.011904218457080942,0.012650121896925418,9867426.8,0.6762908035963336,False,False
2025-02-19,1216.9405517578125,1227.449951171875,1232.75,1217.550048828125,1219.5,6217338,0.00167286332378902,0.008959682632251553,-0.028647230279580715,-0.05084287231871487,1245.1,1246.0769995117187,1386.5318768310547,-0.014175607443679183,-0.014948553217130844,-0.11473369514068765,0.011755587023323218,0.012653463330625897,9742259.6,0.6381823370832779,False,False
2025-02-20,1222.4429931640625,1233.0,1239.3499755859375,1222.0,1223.949951171875,7795582,0.0045216090666884146,0.013896903834670127,-0.010671626660554878,-0.029745079773157435,1244.4349975585938,1245.4789990234376,1385.689501953125,-0.009188907079138442,-0.010019437528229869,-0.11019027115231061,0.011451466682439288,0.012482872916402776,9420240.2,0.8275353743103069,False,False
2025-02-21,1217.634521484375,1228.1500244140625,1240.0,1222.1500244140625,1228.699951171875,6904025,-0.003933475738797654,0.008954630859776103,-0.0009760858955587537,-0.04956657574528356,1244.375,1244.585,1384.7375018310547,-0.013038654413611295,-0.013205185331606528,-0.11308098264828881,0.011065803909814178,0.012282331579371844,9288640.5,0.7432761554287735,False,False
2025-02-24,1204.1510009765625,1214.550048828125,1223.25,1210.5,1216.550048828125,7172498,-0.01107354583364184,-0.008449649260876213,-0.01608066687730325,-0.072260607128108,1243.382501220703,1243.51,1383.8396270751953,-0.02318872299093122,-0.02328887678577174,-0.1223332349608105,0.011288292566117537,0.012215509531694736,9118864.15,0.7865560756270286,False,False
2025-02-25,1193.6912841796875,1204.0,1221.0,1201.5,1211.0,11552182,-0.008686384590165241,-0.017463704902646038,-0.025495750708215303,-0.09015343794007535,1241.8075012207032,1242.6839990234375,1382.8225018310548,-0.030445541022693368,-0.031129393356506885,-0.12931703208059475,0.011417415280783758,0.012150429138618978,9400065.45,1.2289469750447324,False,False
2025-02-27,1196.7647705078125,1207.0999755859375,1215.0,1200.6500244140625,1212.800048828125,11509215,0.0025747305531043096,-0.016579067493960875,-0.0366705809438026,-0.07781044301560447,1239.5099975585938,1241.7609985351562,1381.844501953125,-0.026147447004455704,-0.02791279722112916,-0.12645744591392183,0.010873176567771842,0.012098926070966144,9512063.25,1.209959889617008,False,False
2025-02-28,1189.82470703125,1200.0999755859375,1217.3499755859375,1193.300048828125,1202.0,23007298,-0.0057990225677886365,-0.0266829070673662,-0.05137933859329569,-0.09224315928907911,1236.2599975585938,1241.1539990234376,1380.7446270751952,-0.029249528451997353,-0.03307730021399613,-0.13083132676888543,0.01056245747939219,0.012020870507863457,10333197.55,2.226541967157107,False,False
2025-03-03,1161.2216796875,1171.25,1206.449951171875,1156.0,1204.0,17944938,-0.02403964350707677,-0.04632986466063782,-0.07381779012188017,-0.10697269917643148,1231.5924987792969,1240.472998046875,1379.519501953125,-0.0489955069059822,-0.055803712096810454,-0.15097249561043302,0.011579190591175039,0.012341525086585507,10874521.8,1.6501818038564233,False,False
2025-03-04,1151.9517822265625,1161.9000244140625,1174.0,1159.550048828125,1162.199951171875,11377373,-0.00798290338180363,-0.043349407021030184,-0.06742114002245447,-0.10288383390973066,1227.3924987792968,1239.2649975585937,1378.2022521972656,-0.05335903097857442,-0.06242811125703018,-0.15694519976175692,0.011335646019609215,0.012288804560589135,10980773.2,1.03611765699705,False,False
2025-03-05,1165.5345458984375,1175.5999755859375,1183.0,1157.0,1161.0,8664095,0.011790989658326145,-0.023588060144570155,-0.08527854011043312,-0.08502938247726399,1221.9125,1238.3219970703126,1376.9017523193359,-0.037901670057440606,-0.050650817503659074,-0.14619908529734493,0.008677674199519475,0.012383429841057824,10579424.5,0.818957118130575,False,False
2025-03-06,1199.243408203125,1209.5999755859375,1213.949951171875,1185.1500244140625,1197.0,14468014,0.028921402437979582,0.0020710794884959416,-0.053669205293775724,-0.053669205293775724,1218.4825012207032,1238.1829956054687,1375.7691271972656,-0.00728982617794427,-0.02308464913585262,-0.12078273042065568,0.011428608494739433,0.012975648608131215,10797223.8,1.3399753740401306,False,False
2025-03-07,1239.0992431640625,1249.800048828125,1254.800048828125,1212.0,1216.0,16474965,0.03323418820566215,0.041413277437925,-0.02477468595864274,-0.010372931611918657,1216.895001220703,1238.7579956054688,1374.714877319336,0.027040169919684054,0.008913809849727228,-0.09086599014247387,0.013949689813844517,0.013614839180823124,11123172.0,1.4811391031263383,False,False
2025-03-10,1227.7967529296875,1238.4000244140625,1258.0,1235.4000244140625,1245.0,11931051,-0.009121478611520129,0.057331931196638264,-0.02234146036844098,-0.027065209437598048,1215.4800048828124,1239.3119970703126,1373.4766271972655,0.018856763944430144,-0.0007358701105177889,-0.09834648810794988,0.013863314150611558,0.013623234628724595,11281510.4,1.0575756771008251,False,False
2025-03-11,1236.62060546875,1247.300048828125,1249.5,1229.75,1240.0,10089838,0.007186712078977475,0.07350032069852919,-0.005065190014976739,-0.01655759614564667,1215.1625061035156,1239.9489990234374,1372.3118774414063,0.02644711514977538,0.005928509810062543,-0.09109578563610365,0.013799659098677888,0.013651089683740708,11437453.7,0.8821751995376385,False,False
2025-03-12,1246.287109375,1257.050048828125,1263.0,1244.0,1258.0,11977555,0.007816884164448146,0.06928383373059499,0.01797795171972494,0.009435477025040884,1216.272509765625,1240.665,1371.265877685547,0.03352664697680119,0.013206666447530102,-0.08329225624005021,0.013447482360509517,0.013482884595356726,11593345.75,1.0331404978584375,False,False
2025-03-13,1237.215576171875,1247.9000244140625,1264.1500244140625,1243.8499755859375,1260.050048828125,9505270,-0.0072789658793558365,0.0316634007946075,0.025769573242084176,-0.004268881377169409,1217.8400085449218,1240.7869995117187,1370.2243780517579,0.024683058249216572,0.005732672009896023,-0.08927322823698502,0.013082036159291738,0.01349282995810979,11012026.55,0.8631717292762974,False,False
2025-03-17,1228.2427978515625,1238.8499755859375,1257.4000244140625,1233.0999755859375,1242.1500244140625,16640917,-0.007252222654915319,-0.008761460085119133,0.018707343521686015,0.006826790806129468,1218.9775085449219,1240.5409985351562,1369.2147528076173,0.01630257072153629,-0.0013631334645251014,-0.09521134427916644,0.013219553609751314,0.01331531780729884,11418511.6,1.457363059472655,False,False
2025-03-18,1228.2427978515625,1238.8499755859375,1238.8499755859375,1238.8499755859375,1238.8499755859375,0,0.0,0.00036333265746502086,0.017744896763965956,0.02783533178351072,1220.0575073242187,1240.957998046875,1368.2847528076172,0.015402936459063765,-0.0016987057291667496,-0.0945963747356603,0.013221485072006097,0.013036869359422353,10903604.35,0.0,False,False
2025-03-19,1236.471923828125,1247.1500244140625,1253.25,1238.800048828125,1241.050048828125,16162399,0.006699801422040075,-0.00012027932990421597,0.018164747780655244,0.020330503635144437,1221.1700073242187,1241.0839990234374,1367.3685028076172,0.021274693068142225,0.004887683182925651,-0.08791959018122053,0.013230603156692588,0.012940992757476276,11303390.15,1.4298718159347972,False,False
2025-03-20,1258.2835693359375,1269.1500244140625,1273.0,1250.050048828125,1251.8499755859375,15971477,0.01764021935559512,0.009625691194409924,0.03570262700208415,0.03794727001763443,1223.3575073242187,1241.1569995117188,1366.1626281738281,0.03743183559645069,0.02255397577692131,-0.07101102149854877,0.01374239353677004,0.013130593171650728,11768301.5,1.3571607593500217,False,False
2025-03-21,1265.4217529296875,1276.3499755859375,1281.0,1270.0999755859375,1275.0,21780769,0.005673049705214428,0.02279826157166176,0.0398387114418608,0.04915533628510915,1225.802508544922,1241.5889990234375,1365.5580029296875,0.04123622417857309,0.0279971686200835,-0.06532716087662471,0.013768846946293604,0.013123745994122471,12546473.05,1.7360073156176745,False,False
2025-03-24,1290.9512939453125,1302.0999755859375,1306.0,1284.25,1291.0,20299319,0.02017471735225196,0.05105541530166691,0.05604215375988453,0.06637723558964548,1229.2575073242188,1242.792998046875,1364.9647528076173,0.059257289727909335,0.04772072069304145,-0.04605597111014936,0.01434968632989164,0.01335398086701369,13171659.9,1.5411359808948604,False,False
2025-03-25,1274.4439697265625,1285.449951171875,1307.699951171875,1282.5999755859375,1307.699951171875,13713899,-0.012787055315449214,0.037615511566602144,0.04665547825490601,0.06174114397844588,1232.1225036621095,1243.7049975585937,1364.2340026855468,0.04328096220243194,0.0335649962774347,-0.05774966124475889,0.014701479209768668,0.01341813951954879,13512153.6,1.0149306621262801,False,False
2025-03-26,1262.150146484375,1273.050048828125,1293.800048828125,1268.75,1291.0,12074747,-0.009646351717113255,0.020767368726333446,0.048165985466341654,0.0473899378585807,1235.0475036621094,1244.3909985351563,1363.249503173828,0.03077010807546432,0.023030583093822443,-0.06616503738729163,0.014636034603188604,0.013483723551393881,13757266.05,0.8776996066017055,False,False
2025-03-27,1267.2559814453125,1278.199951171875,1285.0,1271.300048828125,1278.1500244140625,15028056,0.004045325907249708,0.007130698958927706,0.06162786642182305,0.046632508636131,1238.757501220703,1244.9109985351563,1362.2835028076172,0.03184033187472468,0.026740026135112283,-0.06172250597063611,0.014400889531355906,0.013480477393917632,13931059.75,1.0787446374996705,False,False
2025-03-28,1264.1824951171875,1275.0999755859375,1295.75,1269.0,1280.0,18147129,-0.002425266550116323,-0.0009793552112743464,0.05633336208708983,0.02681585235017292,1242.1575012207031,1245.0839990234374,1361.3756274414063,0.02652036825673143,0.024107591605098566,-0.06337387721390075,0.014453654826711413,0.013321903650074868,14262955.45,1.2723259960823898,False,False
2025-04-01,1241.8751220703125,1252.5999755859375,1277.9000244140625,1249.300048828125,1264.5999755859375,12099648,-0.01764567518688931,-0.038015514114210225,0.043746355360408495,0.0011588947317122678,1244.7825012207031,1244.0889990234375,1360.3220025634766,0.006280193011685364,0.0068411315984473475,-0.07918862355717315,0.015056607783058297,0.013493008489035617,13717572.95,0.8820545765714336,True,False
2025-04-02,1240.437744140625,1251.1500244140625,1255.550048828125,1243.9000244140625,1247.550048828125,10142590,-0.001157553249349852,-0.026683206706370144,0.0682177369597119,0.027216768812859282,1248.7775024414063,1243.0030004882813,1359.251502685547,0.001899875652802585,0.0065543075298939435,-0.07953015174741573,0.013768012798842285,0.013034985842360982,13327455.55,0.7610297375930847,True,False
2025-04-03,1238.0086669921875,1248.699951171875,1251.800048828125,1233.050048828125,1233.050048828125,7434366,-0.0019582569591004573,-0.019127368699027092,0.07470515959545243,0.006326289027995369,1253.117498779297,1242.5030004882813,1358.1072521972656,-0.003525246125543058,0.0049874734154835565,-0.08055866048015115,0.013570478316320241,0.012816479533499884,13130305.2,0.5661990248330252,True,False
2025-04-04,1194.38525390625,1204.699951171875,1245.449951171875,1193.1500244140625,1241.0999755859375,17908652,-0.035236647489820916,-0.05750274042227432,0.02475329720165531,-0.04804428986813514,1254.5724975585938,1241.055,1356.7256268310548,-0.039752622095391876,-0.02929366452584703,-0.11205336779424646,0.01595816431595961,0.013345655210914386,13592533.05,1.3175360276206942,True,False
2025-04-07,1155.7191162109375,1165.699951171875,1171.25,1114.8499755859375,1132.199951171875,22156106,-0.03237320625941975,-0.08579721316659161,-0.03629301033409582,-0.07097035172594146,1252.3774963378905,1239.0959985351562,1355.2608764648437,-0.06921039815828023,-0.059233544011157435,-0.13987043275936106,0.01626604455913643,0.013924520248879704,13976937.65,1.5851903009669646,True,False
2025-04-08,1172.0780029296875,1182.199951171875,1196.5999755859375,1163.300048828125,1172.0,19555040,0.01415458582065865,-0.0562031181432292,-0.05408873020899241,-0.04807156137254642,1248.997491455078,1237.8139965820312,1353.8033764648437,-0.05348092429343798,-0.044929242651741697,-0.12675653516323238,0.014580237287648323,0.01400990923810299,14130941.4,1.383845523554432,True,False
2025-04-09,1175.2010498046875,1185.3499755859375,1189.800048828125,1168.0,1169.5,10223104,0.0026645445306776594,-0.05259165371390251,-0.04283757088362872,-0.04395693113938559,1246.344989013672,1236.9339965820313,1352.459126586914,-0.048939109127404956,-0.04170313140283466,-0.12355948340020861,0.01454409094224639,0.01401614783154635,14045544.05,0.727853898973746,True,False
2025-04-11,1208.5133056640625,1218.949951171875,1222.6500244140625,1195.1500244140625,1195.1500244140625,11224242,0.02834603811362002,-0.023824778700503924,-0.022729172249200014,-0.01598389410948542,1244.9274841308593,1236.6249951171876,1351.3465014648436,-0.02086670371577537,-0.014292969990985505,-0.09797379883653257,0.015955183897124598,0.014507334476508017,14102264.25,0.7959177193832544,True,False
2025-04-15,1229.4822998046875,1240.0999755859375,1251.0,1237.0999755859375,1251.0,13378535,0.017351019534254997,0.02938493056269076,-0.013484008260442049,-0.009662974011948933,1244.07998046875,1236.7169946289061,1350.2762512207032,-0.003199155155051092,0.0027354527929379646,-0.08159535912385485,0.016370364835983045,0.014614778592970185,14172313.25,0.9439909183491975,True,False
2025-04-16,1228.689208984375,1239.300048828125,1240.9000244140625,1229.0,1234.0999755859375,8248464,-0.0006450502165638028,0.06313811507177292,-0.00689155815184439,-0.02143780124799055,1243.6499816894532,1236.4419946289063,1348.9026263427734,-0.003497714731132695,0.002311514985445351,-0.08125314264663386,0.016293889001916743,0.01453752951669236,14109472.95,0.58460468574767,True,False
2025-04-17,1263.5877685546875,1274.5,1280.199951171875,1227.5999755859375,1240.199951171875,15398401,0.028403090280807897,0.07807482036911861,0.028776708331613055,-0.02138440212540227,1245.4324829101563,1236.6299951171875,1347.622376098633,0.023339295777738744,0.03062355355469437,-0.05426028640925529,0.01739708253340869,0.014539402635899309,14047347.15,1.096178576322861,True,False
2025-04-21,1284.4078369140625,1295.5,1300.9000244140625,1267.0,1270.0,10429964,0.0164770498234601,0.09292616246911689,0.045727913412008325,-0.007621855715681081,1248.2649841308594,1237.2479956054688,1346.2728759765625,0.037840535839455125,0.047081914540523906,-0.03771365885963707,0.01770651654378869,0.014695787837756652,14568845.35,0.7159087593719292,True,False
2025-04-22,1280.144775390625,1291.199951171875,1303.9000244140625,1286.300048828125,1300.0,13051707,-0.0033192194736588743,0.05927232691591655,0.035320471391169006,0.013739499623831364,1250.46748046875,1238.153994140625,1344.9281256103516,0.032573794472332995,0.04284277826690541,-0.03994873288421552,0.01771982221313323,0.014353323790650872,14413310.75,0.9055315067011929,True,False
2025-04-23,1288.869384765625,1300.0,1306.0,1285.4000244140625,1297.0,10480888,0.006815403625238803,0.04830257688357764,0.02430758774966746,0.017931269948976203,1252.0099792480469,1238.4499951171874,1343.602250366211,0.03833038198367689,0.049699224938822395,-0.032451754493806995,0.017375286853537085,0.014374748063639486,14138781.3,0.7412865209252512,True,False
2025-04-24,1290.4556884765625,1301.5999755859375,1304.5,1290.300048828125,1292.4000244140625,10468940,0.0012307504507211853,0.050270252806592586,0.01978297526774231,0.030032010793076935,1253.272479248047,1238.9179956054688,1342.348125,0.03856104489495116,0.05059413149442182,-0.030355873156274193,0.017345423015856547,0.01430319895761005,13573189.85,0.7712954814376224,True,False
2025-04-25,1289.2659912109375,1300.4000244140625,1325.199951171875,1288.0999755859375,1303.5,14431012,-0.000921904728320877,0.020321713938064034,-0.0013055458134926257,0.04340846783790697,1253.187481689453,1239.2949951171875,1341.08,0.037673966117951485,0.04930628263458536,-0.030333742644687467,0.016757383306737005,0.014180854879872666,13279774.5,1.0866910428335963,True,False
2025-04-28,1357.0804443359375,1368.800048828125,1374.5999755859375,1320.199951171875,1340.0,31104496,0.052599218032837625,0.056580508551234976,0.0648411846608763,0.11343399032950097,1257.3549865722657,1241.3369970703125,1339.9808752441406,0.08863452521047765,0.10268206946110436,0.021507152912711325,0.020151818788516518,0.01555008590952146,14149304.35,2.198305671472817,True,False
2025-04-29,1387.7156982421875,1399.699951171875,1410.9000244140625,1370.0,1371.0,32538970,0.022574445676126542,0.08403036253333718,0.09948540708225462,0.13391114994207487,1263.687481689453,1244.2579956054688,1338.9748748779298,0.10763141318815928,0.1249274315418536,0.04535191618101231,0.020346169246957813,0.015775432738415675,15172515.5,2.1445995556900237,True,False
2025-04-30,1392.9703369140625,1405.0,1412.4000244140625,1369.0,1402.0,25480745,0.003786560700875574,0.0807692307692307,0.09920204480673989,0.13719142047753952,1270.0274841308594,1247.66099609375,1338.0484997558594,0.10627527164225792,0.12610717526544146,0.05003667673956258,0.020346856363838876,0.015775732770473474,15695149.95,1.6234789142616635,True,False
2025-05-02,1407.6436767578125,1419.800048828125,1426.699951171875,1409.0999755859375,1414.0,13007841,0.010533842582295394,0.09081136713219262,0.11348135519781066,0.1330752910914832,1277.2624877929688,1251.72599609375,1337.2263751220703,0.11159613814498881,0.13427383729257225,0.0617499589016981,0.02030639966544464,0.015735715614614468,15438185.55,0.8425757649997929,True,False
2025-05-05,1419.0452880859375,1431.300048828125,1439.5,1426.9000244140625,1431.0,12685649,0.00809973207811332,0.10066135185828196,0.1426633216710671,0.13137307442062918,1286.197491455078,1256.0299975585938,1336.4796252441406,0.11281514568100426,0.13954288640415613,0.0709479005837168,0.019558575668981705,0.01572482251563697,15467485.6,0.8201493977793004,True,False
2025-05-06,1408.7342529296875,1420.9000244140625,1432.0,1410.5999755859375,1431.0,14084117,-0.007266138516922038,0.03806251733446531,0.1356751761880013,0.12359643511435725,1294.684991455078,1260.102998046875,1335.6005004882813,0.0974870596260895,0.12760625648571455,0.06386604669180374,0.019737431381466598,0.01576885160228639,15664561.95,0.8991069807732479,True,False
2025-05-07,1393.9617919921875,1406.0,1424.4000244140625,1402.699951171875,1420.9000244140625,13440169,-0.010486328494650254,0.004500999534114758,0.12597105387927865,0.1285014627567982,1302.5499938964845,1263.7249975585937,1334.6443756103515,0.07942114052302296,0.11258383170093911,0.05346414797351273,0.020021352773502286,0.0157005715686303,15964852.1,0.8418599130022633,True,False
2025-05-08,1394.9532470703125,1407.0,1420.800048828125,1398.0,1404.0999755859375,16106175,0.0007112375533429027,0.00142348754448407,0.16792567197445063,0.09477128342330299,1312.6649963378907,1267.3569970703124,1333.7981256103515,0.07186525421587975,0.11018442573994025,0.05488227414935909,0.01757557015543689,0.015218986185315688,15874728.25,1.0145795724093734,True,False
2025-05-09,1365.4083251953125,1377.199951171875,1394.800048828125,1374.5,1385.5,13668904,-0.02117984991337951,-0.030004293697138085,0.18143605461026202,0.07745267077285933,1323.2399963378907,1270.3519970703126,1332.7507501220703,0.040778660698981506,0.08410893543519848,0.03335147329366239,0.016360625332034147,0.015476231460385237,15450368.15,0.8846976245028828,True,False
2025-05-12,1424.2005615234375,1436.5,1439.0,1400.0,1400.0,10674081,0.043058416301616775,0.0036330266153015156,0.2151074770186261,0.12090823242803839,1335.9549987792968,1274.4219970703125,1332.1575,0.07526076949640825,0.12717765646095125,0.07832594869600618,0.018073642523569265,0.016385780433694673,15006320.2,0.7113056937169714,True,False
2025-05-13,1403.57861328125,1415.699951171875,1447.699951171875,1412.4000244140625,1433.5,11407896,-0.01447967200008704,-0.0036597038164819518,0.1943307717807745,0.11762848799524628,1347.4724975585937,1278.1729956054687,1331.7326245117188,0.050633652068519774,0.10759651161403228,0.06305118994208225,0.01882778291441354,0.016430724786927708,15065559.8,0.7572168675736828,True,False
2025-05-14,1412.204345703125,1424.4000244140625,1429.9000244140625,1415.5,1420.0,5570160,0.0061454217293615,0.01308678834570598,0.16854676686657388,0.13620228666274392,1357.7450012207032,1282.3699951171875,1331.4151245117187,0.04909244602884333,0.11075588935929193,0.0698391494812296,0.018278845590068368,0.01635926876863423,14782855.7,0.37679864520357864,True,False
2025-05-15,1441.7491455078125,1454.199951171875,1461.4000244140625,1412.699951171875,1425.0,20177211,0.02092103780331711,0.03354651824582455,0.1726473508595765,0.17763289462094844,1368.45,1287.373994140625,1331.2076245117187,0.06266210031194053,0.12958624128694884,0.09239154313382891,0.018392310896375278,0.01637422391459721,15122789.5,1.3342254747379774,True,False
2025-05-16,1443.9302978515625,1456.4000244140625,1461.0,1447.300048828125,1453.199951171875,9036695,0.001512909720849942,0.057508042441328344,0.17517951023339817,0.19715586367941018,1379.304998779297,1292.3599951171875,1331.0276245117188,0.05589411022434887,0.12693059976837207,0.09419218474021984,0.018344248483504064,0.01621027682970651,15162201.05,0.5960015284192528,True,False
2025-05-19,1428.4638671875,1440.800048828125,1454.5999755859375,1438.199951171875,1452.0999755859375,6195791,-0.010711326094775098,0.002993420694831217,0.13048258048499406,0.18477105316437759,1387.6200012207032,1297.1739965820314,1330.686499633789,0.03832464764174537,0.11072227212736219,0.08274942988047118,0.018168003165031713,0.01630285393017181,14702070.55,0.4214230219429875,True,False
2025-05-20,1412.4024658203125,1424.5999755859375,1445.0,1421.800048828125,1438.199951171875,11270560,-0.01124380392363522,0.006286660112331921,0.09965262492160365,0.1703429661827378,1394.075,1302.24099609375,1330.208999633789,0.021896221929191384,0.09396031906476598,0.0709595078503713,0.01840698162011905,0.016404010118867392,14744100.35,0.764411509176957,True,False
2025-05-21,1416.9630126953125,1429.199951171875,1436.199951171875,1418.0999755859375,1423.9000244140625,6136364,0.0032289594726726545,0.003369788455168665,0.10687732746175604,0.16678906252413572,1400.975,1307.5869946289063,1329.789249267578,0.02014664870670435,0.0930056333096847,0.07475673454199638,0.018310718804143276,0.016397612392202592,14398333.2,0.4261857198859657,True,False
2025-05-22,1397.332763671875,1409.4000244140625,1423.800048828125,1396.9000244140625,1421.199951171875,12134466,-0.013853853508445368,-0.030807267406184558,0.0841538649338942,0.15015504842019367,1406.445001220703,1312.2629956054689,1329.309124145508,0.00210105847778963,0.0740225314086338,0.060250019212075845,0.01879440696016663,0.016534279477208157,14481012.1,0.8379570375471201,True,False
2025-05-23,1414.5838623046875,1426.800048828125,1433.800048828125,1406.5999755859375,1406.5999755859375,6474883,0.012345696120798832,-0.0203240696853505,0.09618936354529861,0.16240996015024955,1412.7050048828125,1316.6069970703124,1328.8666241455078,0.009977344099861618,0.0836947183199026,0.07369695566369616,0.01886577957881454,0.016582922623151395,14281309.25,0.45338161135331484,True,False
2025-05-26,1422.5152587890625,1434.800048828125,1441.0,1425.0999755859375,1432.0,4842944,0.005606952429368484,-0.004164352996017806,0.10335283135250695,0.16366589523773323,1419.4250061035157,1320.3069970703125,1328.543999633789,0.010831880978915187,0.08671699234486074,0.07997932264465857,0.018818556263861145,0.01658559547073955,13801905.85,0.35088951139309504,True,False
2025-05-27,1409.9239501953125,1422.0999755859375,1437.0,1413.9000244140625,1426.0999755859375,12640414,-0.008851458607462614,-0.0017548785924776933,0.03893916193489644,0.15792040655978212,1422.0900024414063,1323.98099609375,1328.4178747558594,7.013019228008233e-06,0.07410905427017145,0.07052155997772558,0.015351475291992659,0.01663084197567712,12878701.75,0.9814975333208567,True,False
2025-05-28,1400.8028564453125,1412.9000244140625,1422.5999755859375,1410.699951171875,1420.0999755859375,5944611,-0.0064692717318164394,-0.011404930950667413,0.009430644925818576,0.16331148788583727,1422.7500061035157,1327.2929956054688,1328.202124633789,-0.006923199189736273,0.0644974614437277,0.06376883322907378,0.01466332158208877,0.016577302427115685,11548983.8,0.5147302224114297,True,False
2025-05-29,1405.660888671875,1417.800048828125,1420.0,1408.5999755859375,1412.0999755859375,13771917,0.003468061667062816,0.005960000190545323,0.009110355037811324,0.17757479138548593,1423.3900085449218,1330.5079956054688,1327.9670001220702,-0.003927215789937377,0.06560806362004046,0.06764704898374507,0.014659817461086626,0.016510447974648616,10963542.4,1.2561557658590348,True,True
2025-05-30,1408.7342529296875,1420.9000244140625,1430.5999755859375,1409.699951171875,1418.0,13788484,0.0021864688102526397,-0.004135144527720125,0.0007747397859616534,0.17711875830694512,1423.4450073242188,1333.9679956054688,1327.8258752441407,-0.0017879039211640135,0.06516800185235061,0.07009514643839032,0.014478454582009113,0.016510638166893153,11002574.55,1.2532052327698155,True,True
2025-06-02,1401.5958251953125,1413.699951171875,1417.5,1395.5999755859375,1412.0999755859375,8098668,-0.005067262381923454,-0.014705949915100436,-0.012296581468476897,0.17798515118013336,1422.5650024414062,1337.4649951171875,1327.5228747558594,-0.006231737217151423,0.05699958977095165,0.0649156998005509,0.014396458361383112,0.016504406738849075,10773225.5,0.7517403214107047,True,True
2025-06-03,1393.466064453125,1405.5,1426.5,1403.4000244140625,1422.300048828125,11252626,-0.005800347637472614,-0.011672861170747062,-0.010838218136010713,0.19999999999999996,1421.7950012207032,1340.7979956054687,1327.2472497558595,-0.011460865460008574,0.04825634033358894,0.05895868328868992,0.014364008387033186,0.016164908367504276,10631650.95,1.0584081487362977,True,True
2025-06-04,1411.3118896484375,1423.5,1425.699951171875,1406.0999755859375,1414.699951171875,8126827,0.012806830309498363,0.007502282824528583,0.012446657183499354,0.22514843798016138,1422.6700012207032,1344.3249951171874,1327.0466247558593,0.0005834092084493481,0.05889573218558719,0.07268273280291537,0.014451296241334528,0.0161445792579421,10365983.85,0.7839899345395951,True,True
2025-06-05,1430.0501708984375,1442.4000244140625,1454.699951171875,1423.5999755859375,1428.0,13716817,0.013277150975807839,0.017350807404944435,0.02515993206401035,0.22694798772443625,1424.4400024414062,1347.7899951171876,1326.949375,0.012608479080813417,0.07019641757219652,0.0870045621853981,0.014721676906250022,0.01615862213712417,10246515.95,1.3386810762735406,True,True
2025-06-06,1431.140625,1443.5,1451.5,1437.0,1441.0,8182161,0.0007626009202157391,0.015905394607377055,0.04814119313009679,0.19336973308118655,1427.7550048828125,1351.1329956054688,1326.7758752441407,0.011027798931427801,0.06836262950794114,0.08797576661874462,0.0137395359043144,0.015814260013708597,9972178.8,0.8204988261943317,True,True
2025-06-09,1436.3953857421875,1448.800048828125,1457.5,1445.300048828125,1457.0,7885125,0.0036716652775372616,0.024828534249544232,0.0085625122367734,0.15922546985543184,1428.3700073242187,1354.0669970703125,1326.577875366211,0.014303045708848217,0.06996186448881692,0.09213343274564556,0.00989680680128501,0.015311142955325749,9832731.0,0.8019262400242618,True,True
2025-06-10,1426.1834716796875,1438.5,1453.9000244140625,1436.0,1450.0,7913181,-0.0071093653237078724,0.023479188900747072,0.016105142060117927,0.16157943446473433,1429.510009765625,1357.127998046875,1326.2906256103515,0.006288861339172502,0.05995897370788339,0.08460391125663747,0.009437286334338784,0.015287264367030269,9657995.25,0.8193399142539441,True,True
2025-06-11,1436.4945068359375,1448.9000244140625,1468.5999755859375,1443.0999755859375,1445.800048828125,8195700,0.007229770187043849,0.017843361021469883,0.017200224361185512,0.16162909299598494,1430.735009765625,1360.6449975585938,1326.0417504882812,0.012696281648558516,0.0648626401550918,0.09265038139300064,0.009472411552023078,0.015287483696316854,9789272.25,0.8372123882855541,True,True
2025-06-12,1429.2569580078125,1441.5999755859375,1457.0,1434.4000244140625,1453.5,8828114,-0.0050383385362128275,-0.0005546650128835928,-0.00866454133476191,0.14681191646256075,1430.1050109863281,1363.912998046875,1325.759125366211,0.00803784652966244,0.05695889521568498,0.08737699632105356,0.008288554308541923,0.015303407205857787,9221817.4,0.9573073958285055,True,True
2025-06-13,1415.67431640625,1427.9000244140625,1435.5,1414.300048828125,1424.0,9757276,-0.009503295923896427,-0.010807049245540323,-0.019568799452242547,0.1442423242875701,1428.6800109863282,1366.9689990234374,1325.3987506103515,-0.0005459491042554276,0.0445738165489884,0.07733617807962223,0.00851745148429732,0.015329922845346169,9257846.45,1.0539466227591192,True,True
2025-06-16,1425.489501953125,1437.800048828125,1442.4000244140625,1424.4000244140625,1426.9000244140625,8458093,0.006933275610892187,-0.007592490080944869,-0.002082176498008903,0.16059254725180927,1428.530010986328,1370.6730004882813,1325.0247509765625,0.006489214626577144,0.0489737875597831,0.08511184245309034,0.00836597679110666,0.015288452242216961,9370961.55,0.9025853915706227,True,True
2025-06-17,1418.9459228515625,1431.199951171875,1448.0,1425.800048828125,1448.0,10366599,-0.004590414127214282,-0.005074764565954126,0.004632862346654942,0.15526494682696512,1428.860009765625,1374.2739990234375,1324.6785009765624,0.001637628172289629,0.04142256361459884,0.08041305880391669,0.0080235891482255,0.015313146109651971,9325763.5,1.1116086098473332,True,True
2025-06-18,1417.85546875,1430.0999755859375,1442.800048828125,1425.699951171875,1430.0,6681735,-0.0007685687698890664,-0.012975394099898452,0.0006297400257566643,0.14669442135305966,1428.905010986328,1377.9019995117187,1324.3375006103515,0.0008362799419288081,0.03788221230008815,0.07986066612690723,0.007995523143982247,0.01530897076882952,9353032.05,0.7143923985591388,True,True
2025-06-19,1421.028076171875,1433.300048828125,1439.9000244140625,1425.699951171875,1430.0999755859375,10007230,0.0022376570147666364,-0.00575744096724129,0.016957587625981985,0.12933855041278264,1430.1000122070313,1382.4740014648437,1323.8993756103516,0.0022376313501004663,0.03676455926796951,0.08263518756275334,0.0073009770300953205,0.015177630512133666,9246670.25,1.08225228427498,True,True
2025-06-20,1453.6463623046875,1466.199951171875,1471.0,1428.0999755859375,1431.0,29010635,0.022953953270739902,0.026822554872865778,0.02761417227039642,0.14874445036031947,1432.0700073242188,1388.4840014648437,1323.6822503662108,0.02383259454712494,0.055971800629349255,0.10766760736289638,0.008470506931501608,0.015407994956900704,10373457.85,2.796621475644209,True,True
2025-06-23,1444.326904296875,1456.800048828125,1463.800048828125,1442.0,1453.0,5989078,-0.006411064422855217,0.013214633019025035,0.015333146955193167,0.11880813773348953,1433.1700073242187,1393.9760034179687,1323.3850006103517,0.016487954243491698,0.04506824023951239,0.10081348070005447,0.008581669782938114,0.01527070024784206,10430764.55,0.5741744022014187,True,True
2025-06-24,1438.378173828125,1450.800048828125,1475.0,1443.0999755859375,1465.0,16402744,-0.004118616006930087,0.013694870266171666,0.020181473690246365,0.12863207743367155,1434.6050109863281,1399.2850048828125,1323.0933758544923,0.011288847953111691,0.036815261912727326,0.09652128512181246,0.008364137091697723,0.015169228506389677,10618881.05,1.5446772520349494,True,True
2025-06-25,1454.737060546875,1467.300048828125,1472.4000244140625,1460.5,1464.0,7525851,0.011373035183813052,0.026012218640131035,0.0385023876240802,0.15258630261929773,1437.3250122070312,1404.2520068359374,1322.857125854492,0.020854738049167265,0.044897953989218475,0.10919011596231964,0.008472705722519082,0.015135304246169486,10697943.05,0.7034857976739743,True,True
2025-06-26,1482.4971923828125,1495.300048828125,1498.800048828125,1465.0999755859375,1469.0999755859375,14657893,0.019082668212518916,0.04325681845241802,0.05466215074830694,0.16984830695479913,1441.2000122070312,1409.3560083007812,1322.8687512207032,0.03753818773443229,0.06098107222103799,0.1303464893613273,0.009301308536346134,0.015285396663517905,10742241.85,1.3645096810029465,True,True
2025-06-27,1502.425048828125,1515.4000244140625,1522.0,1496.9000244140625,1499.4000244140625,11117052,0.013442101872256362,0.03355618256763937,0.0665071422171093,0.18845584928954429,1445.9250122070312,1414.8780078125,1323.121626586914,0.04804883491225187,0.07104641958282776,0.14532178596698175,0.009603852585368557,0.015331849690932502,10608670.25,1.047921345278877,True,True
2025-06-30,1487.7518310546875,1500.5999755859375,1524.800048828125,1496.0,1513.800048828125,8409527,-0.009766430374611779,0.030065846574515165,0.06146992106919669,0.1979881884350121,1450.2700134277343,1419.4000073242187,1323.3123767089844,0.034703856311038006,0.05720724802220678,0.13397259936301587,0.009872244417311774,0.015185090093685178,10624213.2,0.7915435093113531,True,True
2025-07-01,1515.3138427734375,1528.4000244140625,1531.4000244140625,1500.0999755859375,1500.5999755859375,10368523,0.018525955804624017,0.053487712278903254,0.08744220876133935,0.22159612723489452,1456.4150146484376,1424.0580078125,1323.6467517089843,0.04942616564757207,0.07327090331231845,0.15468875849294195,0.010219094105033369,0.015303103897503681,10580008.05,0.9800108800484324,True,True
2025-07-02,1505.796142578125,1518.800048828125,1530.0,1508.699951171875,1528.4000244140625,6361002,-0.006281062177827312,0.035098479033740304,0.06694769850939575,0.2163050438199885,1461.1800170898437,1428.610009765625,1323.983251953125,0.03943390346457121,0.06313132236648444,0.14714445714294988,0.010269055069046905,0.015339158614559601,10491716.8,0.6062880004538437,True,True
2025-07-03,1504.8045654296875,1517.800048828125,1531.9000244140625,1513.0,1520.800048828125,11283291,-0.0006584145166255162,0.015047147238197,0.05227400383932457,0.25989882157103184,1464.950018310547,1432.9660107421876,1324.173251953125,0.03607633697873691,0.059201709914946665,0.1462246700644383,0.010026008887525405,0.014489606532690097,10370040.5,1.0880662423642415,True,True
2025-07-04,1514.223388671875,1527.300048828125,1530.0,1517.199951171875,1524.0,6603501,0.006259058963224318,0.007852728139333243,0.05805337639634578,0.31019997666872534,1469.1400207519532,1437.4800122070312,1324.4466271972656,0.03958780460313349,0.06248437255359729,0.15316088807604777,0.010048347417714333,0.013683639741181247,10291107.5,0.6416705879323484,True,True
2025-07-07,1528.3016357421875,1541.5,1544.800048828125,1525.0,1526.5999755859375,7251074,0.009297420754206254,0.027255781073894925,0.06398395088877606,0.3039249396618253,1473.7750183105468,1442.30201171875,1324.797377319336,0.04595340594596942,0.06877754275821779,0.16357416340840847,0.010150103139746349,0.013640479684540498,10259404.95,0.7067733494621441,True,True
2025-07-08,1524.43505859375,1537.5999755859375,1544.9000244140625,1530.199951171875,1536.0,7171261,-0.002530019081454782,0.006019334614576488,0.06889118914559433,0.29716961847143675,1478.7300170898438,1445.6780102539062,1325.123876953125,0.03981116080401903,0.06358398251896147,0.1603443288044597,0.009956182672448627,0.0136689303693996,10222308.95,0.7015304502218161,True,True
2025-07-09,1505.9942626953125,1519.0,1551.0,1510.0999755859375,1536.699951171875,8870660,-0.012096758507588734,0.00013165075417886918,0.04838151315118244,0.2461545271318668,1482.2350158691406,1448.0640112304689,1325.4016271972657,0.024803748216204013,0.048986776979047075,0.14606770418120218,0.010486964849965983,0.013465558393126058,10256056.95,0.8649191441941048,True,True
2025-07-10,1504.209716796875,1517.199951171875,1524.699951171875,1507.5,1519.699951171875,10047129,-0.0011850222699967272,-0.0003953733278064808,0.052441715362272934,0.2234497065085499,1486.0150146484375,1450.3080102539063,1325.6392517089844,0.020985613345781307,0.04612257564947031,0.14450439606094556,0.010377611191283057,0.013360739986823808,10317007.7,0.9738413784454188,True,True
2025-07-11,1482.3980712890625,1495.199951171875,1515.0,1490.300048828125,1512.0,7234991,-0.014500395931997812,-0.0210175450991964,0.047132100011994194,0.20648744634983873,1489.3800109863282,1451.8160083007813,1325.6856262207032,0.003907626087779059,0.029882535130516086,0.12786917320241864,0.01073848063022159,0.013551155872261153,10190893.45,0.709946682839668,True,True
2025-07-14,1470.9964599609375,1483.699951171875,1500.0,1479.0999755859375,1492.199951171875,10311846,-0.007691279009865437,-0.03749597718334419,0.031923703425355,0.16414276278687723,1491.6750061035157,1452.8640063476562,1325.6372509765624,-0.0053463756508682625,0.02122424720379512,0.119235258422975,0.010907268076595795,0.013211275995862897,10283581.1,1.002748546418329,True,True
2025-07-15,1472.6820068359375,1485.4000244140625,1496.5,1482.4000244140625,1486.199951171875,8132454,0.0011458335904404038,-0.033948980229388304,0.03787037108113944,0.14658434921965457,1494.385009765625,1454.1540063476561,1325.6173760986328,-0.006012496975576376,0.021487420128825097,0.12053451561240025,0.010810112480306005,0.01308641255692796,10171873.85,0.7995040166566754,True,True
2025-07-16,1472.8802490234375,1485.5999755859375,1491.0,1471.5,1473.0,10409983,0.0001346109927216066,-0.021988166171206358,0.03880847559434475,0.1505576454193851,1497.160009765625,1455.746005859375,1325.575626220703,-0.00772130841345231,0.020507677580017702,0.12072064859963794,0.010800191650030273,0.013068567580639113,10358286.25,1.004990859371163,True,True
2025-07-17,1463.759033203125,1476.4000244140625,1489.5999755859375,1473.9000244140625,1487.4000244140625,11854613,-0.006192751294470389,-0.02689159509021799,0.030070448697170127,0.13569232647235574,1499.315008544922,1457.1340063476562,1325.4678765869141,-0.015283635527065353,0.013221857414951854,0.11387084552799531,0.010952256391340082,0.013102320367179001,10450655.4,1.1343415839737667,True,True
2025-07-18,1463.3624267578125,1476.0,1484.800048828125,1469.0999755859375,1484.800048828125,10296318,-0.0002709458191869629,-0.012841059255537579,0.00668397841664925,0.13398895796348897,1499.8050109863282,1459.1100073242187,1325.2170013427735,-0.015872070577143238,0.011575544401038584,0.11377985530252466,0.009724626702930856,0.013105649073216805,9514939.55,1.0821212206229938,True,True
2025-07-21,1416.3682861328125,1428.5999755859375,1476.0,1423.0999755859375,1465.0,22442744,-0.03211383767890408,-0.037136872278264677,-0.019357545508645546,0.09858501135420972,1498.3950073242188,1458.9520068359375,1324.9771264648436,-0.046579861383093335,-0.020803995681684673,0.0782072739606976,0.012081717565288839,0.013829485457896373,10337622.85,2.170977247443304,True,True
2025-07-22,1400.70361328125,1412.800048828125,1431.9000244140625,1410.699951171875,1427.4000244140625,20396320,-0.011059727724923252,-0.048875706471444014,-0.026192444665751324,0.03214494333023277,1496.4950073242187,1458.8940087890626,1324.717001953125,-0.05592732223393315,-0.03159513966281713,0.06649197281014207,0.012276938530485509,0.0122014410054769,10537301.65,1.93563026640696,True,True
2025-07-23,1412.4024658203125,1424.5999755859375,1426.0,1414.4000244140625,1426.0,8354596,0.008352156249994636,-0.0410608515094657,-0.029101118940390136,0.017789544390006906,1494.3600036621094,1458.8980078125,1324.805126953125,-0.04668221038117759,-0.023509547646849982,0.07532794567479328,0.012131124191166538,0.011901781257492671,10578738.9,0.789753493207021,True,True
2025-07-24,1390.8883056640625,1402.9000244140625,1423.0,1396.0,1419.199951171875,14740507,-0.015232311907733775,-0.04978325574680875,-0.06179363431872886,-0.001494644545151247,1489.7400024414062,1457.8720092773438,1324.887001953125,-0.05829203611706013,-0.037707003436145525,0.05888277441467227,0.01149065972422432,0.012061259994202485,10582869.6,1.3928648426320966,True,True
2025-07-25,1379.7841796875,1391.699951171875,1401.0,1384.0999755859375,1398.9000244140625,11854722,-0.007983514895771204,-0.057113854219596916,-0.08162865992431056,-0.019791588033429952,1483.554998779297,1456.5780078125,1324.9918768310547,-0.061915498706149985,-0.04454142263074479,0.05034602513968922,0.010845860031231957,0.012025213041647116,10619753.1,1.116289793968939,True,True
2025-07-28,1375.7193603515625,1387.5999755859375,1407.800048828125,1385.0,1392.300048828125,7748361,-0.0029460197814084044,-0.028699426501938685,-0.07530321327366207,-0.03053173461285552,1477.9049987792969,1455.5140063476563,1324.9431268310548,-0.061103401956112524,-0.046659826333197874,0.04729021758446561,0.010768321669694922,0.011979490547802202,10586694.8,0.7318961343818091,True,True
2025-07-29,1404.966796875,1417.0999755859375,1420.199951171875,1383.0,1383.0,10750072,0.021259729402591798,0.0030435494119491757,-0.07282128176541591,-0.002674395638561533,1472.3399963378906,1455.3640063476562,1325.1556268310546,-0.03751852214118345,-0.026291725365494734,0.06938381190347909,0.011080155576694022,0.012266856960817562,10605772.25,1.0136057749118645,True,True
2025-07-30,1398.0267333984375,1410.0999755859375,1423.300048828125,1401.300048828125,1418.0999755859375,7209849,-0.004939665599179577,-0.010178295836370643,-0.07156970618091452,0.0029160566045074443,1466.9049926757812,1454.9820068359375,1325.3508764648439,-0.03872440094857521,-0.030847138342007585,0.06394465090418011,0.011067856167167817,0.012207023455380625,10648214.6,0.677094637067138,True,True
2025-07-31,1378.2969970703125,1390.199951171875,1402.5999755859375,1382.199951171875,1388.0999755859375,17065827,-0.014112491850652997,-0.009052728648637598,-0.08406910894143693,-0.011940333211176268,1460.5249877929687,1454.5980053710937,1325.4413763427735,-0.04815051930563907,-0.044272062770215004,0.048858120762599544,0.01128338247319658,0.012344125232012417,10937341.4,1.5603268084874813,True,True
2025-08-01,1381.76708984375,1393.699951171875,1405.9000244140625,1384.300048828125,1386.9000244140625,10321171,0.0025176234519714846,0.0014370913775745287,-0.08747468957311921,0.011980831095702582,1453.8449829101562,1453.9360034179688,1325.5472509765625,-0.041369631869478396,-0.04142964484302514,0.05141476484154195,0.011128706716455241,0.01203428387370477,11123224.9,0.9278937621768305,False,True
2025-08-04,1399.4146728515625,1411.5,1416.0999755859375,1391.699951171875,1395.0999755859375,6312820,0.0127717941104597,0.01722400175451888,-0.08433344145313004,-0.017403411068569463,1447.3449829101562,1453.4700024414062,1325.8846258544922,-0.0247660256078569,-0.028875726620369746,0.0645722655471106,0.011379824806759434,0.010778771460448783,11076312.2,0.5699387924439328,False,True
2025-08-05,1379.7841796875,1391.699951171875,1411.0,1388.0999755859375,1411.0,9315972,-0.014027664773733628,-0.017923946688066406,-0.0948881547415894,-0.016952744810179277,1440.049981689453,1452.862001953125,1326.0727508544921,-0.03357524470147499,-0.04209763260311583,0.049489894332791495,0.011572696752880007,0.010768800555627785,11183547.75,0.8330068604571389,False,True
2025-08-06,1380.8748779296875,1392.800048828125,1395.9000244140625,1383.300048828125,1391.9000244140625,5834312,0.0007904704281433972,-0.012268581701537773,-0.08308094218029949,-0.022184762036167704,1433.7399841308593,1452.4600024414062,1326.2546258544921,-0.028554644325939127,-0.041075109478402316,0.05017545023132963,0.01151000225535587,0.010737228615155747,11031730.35,0.5288664438756882,False,True
2025-08-07,1377.50390625,1389.4000244140625,1393.699951171875,1366.0,1387.699951171875,9976705,-0.0024411432329595195,-0.0005754041043795066,-0.0842340699122095,-0.044560534268752505,1427.3499877929687,1451.892001953125,1326.4051257324218,-0.026587707081979328,-0.04304175341898464,0.04749295479905191,0.011495734378246749,0.010371367168420506,11028209.15,0.904653227400933,False,True
2025-08-08,1356.0888671875,1367.800048828125,1397.199951171875,1365.0,1385.0,8793606,-0.015546261124507077,-0.01858355689972757,-0.08520592997872911,-0.06083491767420357,1420.9799926757812,1450.8300024414064,1326.398126220703,-0.037424836466216194,-0.057229278050192955,0.031213797568749646,0.011546713958894136,0.010541919131330922,11106139.9,0.791778788956188,False,True
2025-08-11,1374.331298828125,1386.199951171875,1388.0,1361.199951171875,1370.0,9997486,0.01345218722540209,-0.017924228712805523,-0.06571409530814587,-0.03789568004294486,1416.1049926757812,1450.2800024414062,1326.612376098633,-0.021117813762805526,-0.04418460653229628,0.044917095714484656,0.012178161232584528,0.010625500232069268,11090421.9,0.9014522702693574,False,True
2025-08-12,1368.5810546875,1380.4000244140625,1401.9000244140625,1375.199951171875,1381.9000244140625,12244664,-0.004184047729124063,-0.00811951365543806,-0.07068802899839643,-0.031026219240033015,1410.8549926757812,1449.7780029296875,1326.8217510986328,-0.021586178891396024,-0.04785420828252818,0.040380912711949435,0.012133478669607244,0.010544281604001655,11296032.4,1.0839791854704666,False,True
2025-08-13,1370.7620849609375,1382.5999755859375,1391.800048828125,1377.5,1388.0,7457021,0.0015937055440207182,-0.00732342969887867,-0.06933225746680272,-0.03260563754408741,1405.7049926757813,1448.9600024414062,1327.0357507324218,-0.01643660455801832,-0.04579838418152071,0.041870932883947276,0.012161397736504757,0.01053666808629954,11148384.3,0.6688880468535696,False,True
2025-08-14,1367.4774169921875,1373.800048828125,1380.699951171875,1370.0999755859375,1377.300048828125,7126128,-0.006364767042674857,-0.01122785037557228,-0.06949334454708933,-0.02525895769069375,1400.5749938964843,1447.5880029296875,1327.2655010986327,-0.019117109176617353,-0.05097303511235751,0.035060466569027504,0.012163451347945633,0.010419475123714135,10911960.05,0.6530566431096858,False,True
2025-08-18,1375.3409423828125,1381.699951171875,1394.9000244140625,1377.0,1390.0,11785109,0.005750401851047249,0.010162232671112159,-0.0638889219702744,-0.03160926276480869,1395.8599914550782,1446.352001953125,1327.5022509765624,-0.0101443127318539,-0.044700080405008724,0.04082682357445533,0.012321704452623641,0.010317312585509438,10986399.6,1.0726998315262446,False,True
2025-08-19,1413.564208984375,1420.0999755859375,1421.0,1389.0999755859375,1390.0,14384719,0.027791869270527236,0.02445536402263171,-0.005949881104060473,-0.01024538105793471,1395.434991455078,1445.7780004882814,1327.9027508544923,0.017675480607763916,-0.01776069693526372,0.06943070542787666,0.01220976920793684,0.010919225330904203,10583498.35,1.3591648549744424,False,True
2025-08-20,1406.4969482421875,1413.0,1424.9000244140625,1410.0,1413.0,8725641,-0.0049996308062804085,0.02361632498505295,0.00014152828777214133,-0.006398970355222855,1395.4449890136718,1445.2680004882814,1328.2482507324219,0.012580224318793354,-0.02232665531747724,0.06380716046179202,0.012000209005516153,0.01087822520136616,9999964.4,0.8725672063392546,False,True
2025-08-21,1418.24267578125,1424.800048828125,1431.9000244140625,1420.300048828125,1425.0,11021323,0.00835106074177272,0.030522258055373896,0.00014044169985694133,0.008422410792297663,1395.4549926757813,1444.7860009765625,1328.712000732422,0.02102902372800619,-0.013833157391425877,0.07231668566456584,0.01200016923864214,0.010898210104175994,10133300.75,1.0876340564549019,False,True
2025-08-22,1402.71435546875,1409.199951171875,1423.4000244140625,1407.9000244140625,1420.0,5818868,-0.010948973274587437,0.025767870931396875,0.004490645554335648,-0.006065804316594869,1395.7699890136719,1444.1380004882812,1329.064750366211,0.00962190207835989,-0.02419301292853815,0.06029442943512242,0.0117481766692458,0.010983492424674201,9687218.8,0.6006747777803882,False,True
2025-08-25,1406.0987548828125,1412.5999755859375,1419.5,1405.699951171875,1414.699951171875,5979407,0.0024127338432242684,0.022363773254717723,0.015017622438273204,-0.005841402410804886,1396.814990234375,1443.8319995117188,1329.6170001220703,0.011300698705211998,-0.021631342106521734,0.06241118717363614,0.011591830704798573,0.010984309384811158,9393453.05,0.6365504749076273,False,True
2025-08-26,1378.5262451171875,1384.9000244140625,1410.0,1381.5999755859375,1408.0,12145259,-0.01960919697764063,-0.024786952874463197,-0.0019457705530262492,-0.020372022177647442,1396.6799926757812,1442.7739990234375,1330.015,-0.008434264343652909,-0.04011298696022236,0.041266470238352504,0.01244347489263646,0.011254265272028576,9613297.95,1.2633811063767144,False,True
2025-08-28,1379.521728515625,1385.9000244140625,1392.199951171875,1366.5,1389.9000244140625,13161813,0.0007220737832127622,-0.019179034384952276,-0.022016760785684597,-0.01394519785552295,1395.1199951171875,1441.8680004882813,1330.3177502441406,-0.006608729525341306,-0.03881629667574671,0.04178120164127819,0.011398121612593083,0.0112315244836894,9733885.0,1.3521644235575003,False,True
2025-08-29,1350.9537353515625,1357.199951171875,1403.5,1350.0,1381.0999755859375,18758842,-0.02070861731481788,-0.04744532238881516,-0.03751508781643731,-0.04657537676721113,1392.4749938964844,1440.41,1330.5754998779296,-0.025332622042928965,-0.05776830820955492,0.020009726089491364,0.012198562639227343,0.011407148872794183,10311334.65,1.8192448055208836,False,True
2025-09-01,1347.6689453125,1353.9000244140625,1363.199951171875,1340.5999755859375,1356.0,11232238,-0.002431422691227758,-0.039242072575879416,-0.026111299117233644,-0.06135607217280159,1390.6599975585937,1438.8219995117188,1330.92625,-0.026433472746081765,-0.05902187701221939,0.017261493199989486,0.011854810345080905,0.011259513236888492,10019655.2,1.1210204119598848,False,True
2025-09-02,1360.2109375,1366.5,1384.5,1354.5,1354.800048828125,11517006,0.009306429838784158,-0.03263484099015046,-0.019516360855867387,-0.05334257014201593,1389.3,1436.8280004882813,1331.3952502441407,-0.016411142301878567,-0.04894670793190381,0.02636688823204225,0.012063878346517728,0.011335852572744864,10079446.95,1.1426228102723435,False,True
2025-09-03,1366.2828369140625,1372.5999755859375,1376.5,1360.5,1369.699951171875,7847563,0.004463941153265649,-0.008881542791024932,-0.027559351338336868,-0.05259530002350743,1387.354998779297,1435.1439990234376,1331.8870001220703,-0.010635362402803938,-0.04358031213596614,0.030567890113902818,0.011705473134546632,0.011341668924295296,10156184.1,0.7726881398299978,False,True
2025-09-04,1353.0440673828125,1359.300048828125,1374.0,1357.0999755859375,1371.800048828125,13223177,-0.009689586911244885,-0.019193286036042534,-0.023280810146229958,-0.05505731746393816,1385.7350036621094,1433.3139990234374,1332.4232501220704,-0.01907648631529424,-0.05163833622342384,0.020171367246550442,0.011496147248694433,0.011370709747856696,10351544.35,1.2774110367406193,False,True
2025-09-05,1368.671875,1375.0,1381.0,1359.300048828125,1363.0,5777575,0.011550026195769059,0.0131152737021214,-0.012780046097142006,-0.05100422608105604,1384.8450012207031,1431.467998046875,1332.9602502441405,-0.007109099727424351,-0.039447614703172595,0.03153863721604577,0.011836691881792857,0.011436422738633815,10348707.5,0.5582895255277048,False,True
2025-09-08,1372.15576171875,1378.5,1386.0,1372.4000244140625,1380.0,6986720,0.0025454545454546285,0.01816971352562291,-0.007845130432223235,-0.04377079401675943,1384.3,1429.1319970703125,1333.5490002441406,-0.004189843242071722,-0.03542849588009156,0.03370779757446485,0.011847860626757913,0.011430781414238096,10199208.25,0.6850257224623294,False,True
2025-09-09,1369.8662109375,1376.199951171875,1381.199951171875,1368.699951171875,1376.5999755859375,9754452,-0.0016685156533369216,0.007098390905140972,0.006141177104757922,-0.03620706797270534,1384.7199951171874,1426.3479956054687,1334.2217498779296,-0.00615290020751913,-0.0351583516702082,0.031462686991713396,0.011303497425917795,0.011372900625745778,10247250.55,0.9519091928517351,False,True
2025-09-10,1370.66259765625,1377.0,1388.5,1374.0999755859375,1383.9000244140625,7790815,0.0005813463570054633,0.0032056130644939618,-0.006636813948880493,-0.04228685962118306,1384.2599975585938,1423.87599609375,1334.9917498779296,-0.005244677713289514,-0.03292140342441985,0.03146704848618853,0.010877660946630788,0.011331541654304719,10136917.0,0.7685586258622814,False,True
2025-09-11,1376.9337158203125,1383.300048828125,1385.5,1375.0,1376.0,9766072,0.0045751988584785686,0.017656145911780774,0.002100857985201321,-0.03346835101868839,1384.4049987792969,1420.9739965820313,1335.58125,-0.0007981406829260518,-0.026512763670922923,0.03572886249198626,0.010888394314948029,0.01133939093466677,10012987.4,0.9753404862968268,False,True
2025-09-12,1388.579833984375,1395.0,1396.300048828125,1380.5,1383.300048828125,7403368,0.008457999536533478,0.014545454545454639,0.008968627681920305,-0.02454372154754869,1385.025,1418.4979956054688,1336.12125,0.007202036064331008,-0.01656540628063341,0.04406692132169887,0.011043013247095787,0.011398151416427565,10010304.75,0.7395746867746459,False,True
2025-09-15,1392.8599853515625,1399.300048828125,1400.800048828125,1388.5999755859375,1393.0,5396697,0.0030824722782258895,0.015088900129216487,0.01856165314723346,-0.023721481086809826,1386.3,1416.1279956054686,1336.6392504882813,0.009377514843919021,-0.011883069065482865,0.046879364283933356,0.010935248028009392,0.011401923579313923,9923833.2,0.5438117400038526,False,True
2025-09-16,1398.8323974609375,1405.300048828125,1408.0,1398.199951171875,1404.699951171875,8686961,0.004287858065198158,0.02114525409732093,0.017080479474747,-0.041535878032921136,1387.4800048828124,1413.6879956054688,1337.1997509765624,0.012843460001297657,-0.005933379078989276,0.050927543025511834,0.01090649753613169,0.011003369782485681,9768925.8,0.8892442401394839,False,True
2025-09-17,1407.2933349609375,1413.800048828125,1416.199951171875,1406.9000244140625,1407.0,7519417,0.006048530352708692,0.02672479943945172,-0.00443625580319662,-0.02951674804966542,1387.1650085449219,1411.1339965820312,1337.9147509765626,0.019201061242989592,0.00188929772264812,0.056719083032885864,0.00900273601303859,0.011010317465541071,9425660.7,0.7977602036958534,False,True
2025-09-18,1408.4876708984375,1415.0,1422.0,1410.699951171875,1420.4000244140625,9332642,0.0008487417813216602,0.022916178741358317,0.0014154281670204494,-0.024676073630575224,1387.2650085449218,1408.6819970703125,1338.528751220703,0.019992569036372476,0.00448504555522633,0.057130822710798945,0.008932779879651666,0.01100085615518609,9456010.75,0.9869534042143512,False,True
2025-09-19,1400.9227294921875,1407.4000244140625,1417.0,1403.5999755859375,1414.9000244140625,13461373,-0.005371007481227874,0.008888906390009055,-0.012212257030994489,-0.04082329613626223,1386.3950073242188,1406.4499975585939,1339.020001220703,0.015150817031853059,0.0006754785858849033,0.0510672156734191,0.008792273445219184,0.010910260280624034,9578013.25,1.4054452263364743,False,True
2025-09-22,1384.199951171875,1390.5999755859375,1410.699951171875,1388.0,1403.9000244140625,7757970,-0.011936939417859782,-0.0062174465365548715,-0.013198961276197907,-0.07001944079667588,1385.4650085449218,1403.917998046875,1339.3565008544922,0.0037063130496588492,-0.009486325041395238,0.03825977228523736,0.008856156106135401,0.010692823283018054,9674968.35,0.8018599874799591,False,True
2025-09-23,1383.40380859375,1389.800048828125,1395.0,1376.800048828125,1391.0,14014702,-0.0005752385818038608,-0.011029672996115902,-0.016140398663362032,-0.08288238983927787,1384.3250122070312,1401.81,1339.7607513427733,0.003955022536481501,-0.008567460049418218,0.0373494278252291,0.008827341090976265,0.010520277920680322,10076733.1,1.390798174459935,False,True
2025-09-24,1376.635009765625,1383.0,1396.0,1380.4000244140625,1385.300048828125,5922759,-0.0048928252908457814,-0.021785293368503322,-0.0013719578168586155,-0.07836863754447176,1384.2300109863281,1399.7960009765625,1340.065501098633,-0.0008885885846757757,-0.011998891956288449,0.03203910470508187,0.007718563037402048,0.010473188795999526,9765608.1,0.6064915711700535,False,True
2025-09-25,1366.0838623046875,1372.4000244140625,1384.5,1369.0,1381.300048828125,11411143,-0.007664479816296144,-0.030105989813383416,-0.009740962379813478,-0.10206751996081997,1383.5550109863282,1397.5360009765625,1340.3697509765625,-0.008062553699482722,-0.01798592418723788,0.023896595259750963,0.007900632525060257,0.010174165952191441,9678074.6,1.179071609966718,False,True
2025-09-26,1371.2598876953125,1377.5999755859375,1382.699951171875,1366.0,1372.0,9879109,0.0037889471578049783,-0.021173829978105574,0.015030964594751284,-0.09296817797124424,1384.5750122070312,1395.3760009765624,1340.782000732422,-0.005037673336293569,-0.012739236863887782,0.027460075413753504,0.00634116651736962,0.010181071076229018,9234087.95,1.0698521666127299,False,True
2025-09-29,1366.48193359375,1372.800048828125,1389.0,1368.0,1381.5999755859375,14231999,-0.003484267452727674,-0.012800177671736579,0.013959689839168066,-0.09553300522816077,1385.5200134277343,1393.3040014648439,1341.221751098633,-0.009180642990598509,-0.014716065277327939,0.023544427089424502,0.006373390094467854,0.010183300225718893,9384076.0,1.5166116514827885,False,True
2025-09-30,1357.722412109375,1364.0,1377.0999755859375,1362.800048828125,1377.0999755859375,14604684,-0.00641029175052632,-0.018563856613675878,-0.0018294914013904373,-0.10692073830117577,1385.3950134277343,1391.0640014648438,1341.6507513427734,-0.015443258579947439,-0.019455611989343757,0.01665802268948058,0.006225229275384968,0.010148426889904446,9538459.9,1.5311364888161871,False,True
2025-10-01,1362.4007568359375,1368.699951171875,1378.5999755859375,1362.699951171875,1367.0,12045916,0.0034457120028408283,-0.010339876231471479,-0.0028413408738388046,-0.11209863693034383,1385.2000122070312,1389.8660009765624,1342.1797509765624,-0.01191168126606268,-0.01522884205370556,0.019759052523342424,0.006190236379633162,0.01006745158678272,9748377.55,1.2356841882883371,False,True
2025-10-03,1357.125244140625,1363.4000244140625,1371.5999755859375,1356.9000244140625,1363.199951171875,12842347,-0.003872234198061264,-0.0065578547361527795,0.003016240299168693,-0.11329341437163598,1385.405010986328,1388.8780004882813,1342.632501220703,-0.01588343220774069,-0.018344286586195135,0.01546776439157993,0.005844109641916229,0.010070298998989261,9729336.05,1.319961293761664,False,True
2025-10-06,1368.671875,1375.0,1377.4000244140625,1359.0,1360.0,12396580,0.008508123352075403,-0.0018873226132510856,0.0,-0.09479921000658331,1385.405010986328,1387.8860009765624,1343.1660009765626,-0.00751044705614301,-0.009284624938572295,0.02370071830309306,0.005565192855747755,0.010069814297351291,10060286.3,1.232229345202631,False,True
2025-10-07,1378.4267578125,1384.800048828125,1395.9000244140625,1375.9000244140625,1376.0,11244040,0.007127308238636276,0.008741258430347232,0.004570220404878533,-0.08726595478828303,1385.7200134277343,1387.5240014648436,1343.8635009765626,-0.0006638892349787318,-0.001963175147848162,0.030461834718938707,0.005765553788435767,0.010132724380737918,10273152.3,1.0945072818593373,False,True
2025-10-08,1361.1068115234375,1367.4000244140625,1389.0,1364.5,1384.800048828125,8525081,-0.012565008521473686,0.0024926865205736615,-0.006394366422058928,-0.08547346905519115,1385.2800170898438,1387.0380029296875,1344.4342510986328,-0.012907132460730275,-0.014158212301426443,0.017082109665580658,0.006432086604364795,0.010093545542036649,10211683.75,0.834835978934424,False,True
2025-10-09,1371.458984375,1377.800048828125,1380.0,1369.0999755859375,1374.0,8826633,0.00760569272222944,0.006648716286179912,0.0005810085897786088,-0.07137555154605668,1385.32001953125,1386.8420043945312,1345.1710015869141,-0.005428327460155757,-0.006519816632143072,0.024256430745769775,0.006670174165467737,0.010126053011421443,10263474.65,0.8600043650909197,False,True
2025-10-10,1375.3409423828125,1381.699951171875,1388.0,1375.0999755859375,1377.800048828125,6373084,0.002830528527754783,0.01342227257600137,-0.0011567249329641482,-0.06981289318551986,1385.2400146484374,1386.13400390625,1346.0530010986329,-0.0025555596424644555,-0.0031988629684283065,0.026482575384585427,0.006619094045961145,0.010134951518492795,10093825.25,0.6313844198957179,False,True
2025-10-13,1368.671875,1375.0,1377.699951171875,1367.800048828125,1376.9000244140625,7600682,-0.00484906376828953,0.0,-0.014336917562724039,-0.0744480192538477,1384.2400146484374,1385.4320043945313,1346.8165008544922,-0.0066751535504369075,-0.007529784472598777,0.020926012658462945,0.00638490099673643,0.010144622219883468,10103690.95,0.7522678630624584,False,True
2025-10-14,1369.5677490234375,1375.9000244140625,1388.0,1370.0999755859375,1380.0,9768174,0.0006545632102272769,-0.006426938258410675,-0.016722663901612367,-0.06807098234767728,1383.0700134277345,1385.146005859375,1347.5822509765626,-0.005184111392815383,-0.006675095192998137,0.021013762549171755,0.006332014493697475,0.010126435697122143,10322264.8,0.9463208113010237,False,True
2025-10-15,1367.97509765625,1374.300048828125,1384.0,1372.699951171875,1383.0,10882743,-0.0011628574442528183,0.005046090603237463,-0.022059345992231916,-0.06890240594300479,1381.5200134277343,1384.7580078125,1348.3710009765625,-0.005226102068326632,-0.007552192459168605,0.019229906185154633,0.00621667745935529,0.010125817222651875,10432053.9,1.043202336214923,False,True
2025-10-16,1391.8646240234375,1398.300048828125,1400.5,1375.0,1375.0999755859375,12315932,0.017463435310553166,0.01487879175025153,-0.010963360775696485,-0.021209524902438215,1380.7450134277344,1384.4940087890625,1349.2572509765625,0.012714176208979966,0.009971903057303777,0.036347996511463254,0.00733124079782446,0.009562466437350363,10671879.65,1.1540546186725409,False,True
2025-10-17,1410.279541015625,1416.800048828125,1423.300048828125,1399.0999755859375,1401.0,19335561,0.013230350678671732,0.02540356003232125,0.001272119313162623,0.0028312569802908527,1380.8350158691405,1384.9960107421875,1350.2877514648437,0.026045858155144597,0.022963270535988345,0.04925786914020813,0.00795006075640071,0.009613787027190693,11172025.6,1.7307121995853645,False,True
2025-10-20,1460.04931640625,1466.800048828125,1473.800048828125,1433.300048828125,1440.0,24721978,0.035290794944111026,0.06676367187499999,0.04220550190681727,0.0296224020534821,1383.8050170898437,1386.4760107421876,1351.544501953125,0.05997595811064538,0.057933954474221006,0.08527691593465359,0.011067219628019048,0.010585945262898196,11735055.85,2.1066774897368723,False,True
2025-10-21,1458.4566650390625,1465.199951171875,1474.0,1460.0,1468.0,2066169,-0.0010908764678105864,0.06490291821590866,0.053645891626385556,0.044407958994677976,1387.5350158691406,1387.9920092773436,1352.7642517089844,0.05597331556644414,0.05562563860488612,0.08311551648474413,0.010597592935097832,0.010384302805272787,11450465.8,0.18044410036140188,False,True
2025-10-23,1441.7340087890625,1448.4000244140625,1482.9000244140625,1444.5999755859375,1475.0,18707090,-0.011465961860274265,0.053918338756607787,0.04216432114486457,0.040741593182096025,1390.4650146484375,1389.6040087890624,1353.7972515869142,0.04166592410113479,0.04231134571656603,0.06987957223007757,0.011043479564780337,0.010443661226106512,11685085.2,1.6009374069433402,True,True
2025-10-24,1444.9193115234375,1451.5999755859375,1459.800048828125,1441.0,1450.0,9700837,0.0022093006889927214,0.038117660656939556,0.04960229615758305,0.04612280277172465,1393.8950134277343,1390.9120092773437,1354.7995013427735,0.04139835611887355,0.04363177965522391,0.0714500368115154,0.010919452502707936,0.010434198836488707,11873989.1,0.8169821378731096,True,True
2025-10-27,1477.2696533203125,1484.0999755859375,1485.0,1458.0,1463.0,14113867,0.022389088279559433,0.047501358299273155,0.08139022820227981,0.047279656449289664,1399.4800109863281,1392.9860083007814,1356.1300012207032,0.06046528991862532,0.06540910442905346,0.09436409064768414,0.011502370012680679,0.010472670926540315,12009125.3,1.175261865241759,True,True
2025-10-28,1480.056884765625,1486.9000244140625,1492.0,1477.5999755859375,1484.0999755859375,17631577,0.0018866982509178065,0.013703282599421884,0.07934091954497613,0.054464257965973095,1404.9450134277345,1395.0720092773438,1357.3602514648437,0.05833325162411662,0.06582313638726522,0.09543507172058519,0.011511912638586053,0.01044604201344155,12396748.7,1.4222742935815098,True,True
2025-10-29,1497.277099609375,1504.199951171875,1508.300048828125,1488.0999755859375,1490.0,11884745,0.011634895738622308,0.0266175275045617,0.09571670867575954,0.08200259243564445,1411.5150085449218,1397.6800073242186,1358.5537512207031,0.06566344818571834,0.07621196789641638,0.10720679974590941,0.011498791251490727,0.010345672353270424,12279386.0,0.9678615038243769,True,True
2025-10-30,1481.6494140625,1488.5,1503.0999755859375,1484.0,1500.0,9318663,-0.01043740970716267,0.02768570485364341,0.09127565982404695,0.06802041483061938,1417.740008544922,1399.8160083007813,1359.7225012207032,0.049910414482625454,0.06335403451120047,0.09470866199808103,0.011735359297157398,0.010455847727673521,12015084.95,0.7755802841826765,True,True
2025-10-31,1479.5592041015625,1486.4000244140625,1497.5,1482.300048828125,1490.4000244140625,8758053,-0.0014107998561890822,0.02397358047218079,0.0859940654936191,0.053064133484989284,1423.6250122070312,1401.1420092773437,1360.945001220703,0.04409518775573629,0.060848946482370936,0.09218228736711054,0.011807077558839816,0.0103484411634635,11850691.8,0.7390330579688182,True,True
2025-11-03,1477.866943359375,1484.699951171875,1495.0,1479.300048828125,1486.0,8452085,-0.0011437521624487745,0.0004042689817447265,0.08896869927073858,0.0668247490572158,1429.690008544922,1402.5760083007813,1362.169251098633,0.03847683224906895,0.058552222756602434,0.08995262517812463,0.01172438622339149,0.010165183063874168,11631178.7,0.7266748468063688,True,True
2025-11-04,1466.3203125,1473.0999755859375,1492.800048828125,1470.0999755859375,1483.9000244140625,10007806,-0.007813010013761779,-0.009281087229494944,0.07134543678977279,0.05765359272163684,1434.5950073242188,1403.5420068359374,1363.3410009765626,0.026840305497463968,0.04955887918652868,0.08050735254844854,0.011983787020013348,0.01023051334379695,11511740.0,0.8693565004074102,True,True
2025-11-06,1489.2144775390625,1496.0999755859375,1501.5999755859375,1476.199951171875,1484.0,16772678,0.015613332686976289,-0.005384906161994607,0.08037256126037762,0.07679570267524105,1440.1600036621094,1405.2800073242188,1364.5605010986328,0.03884288674979253,0.0646276669335446,0.09639695299797979,0.012265185895419467,0.010392246179248825,11788171.9,1.4228396177358085,True,True
2025-11-07,1471.19775390625,1478.0,1498.4000244140625,1475.9000244140625,1494.5999755859375,7821765,-0.012098105662256109,-0.007054081289889158,0.08088340910578107,0.08056729583120714,1445.6900024414062,1406.5880078125,1365.6182513427734,0.022349187933810466,0.05076965805968903,0.08229367800754339,0.012232511205334742,0.01030676438695345,11753006.1,0.6655118642370143,True,True
2025-11-10,1482.44580078125,1489.300048828125,1501.0,1475.5,1477.9000244140625,7068438,0.007645499883710993,0.0019510389978671938,0.08092611122697768,0.07437606498910254,1451.2650024414063,1408.6760083007812,1366.5530017089843,0.02620820203252605,0.05723391330033145,0.08982238300719825,0.012233137669083124,0.010218025933278758,11665096.35,0.6059476739769921,True,True
2025-11-11,1486.5269775390625,1493.4000244140625,1498.800048828125,1480.199951171875,1497.0,7127506,0.002752954711284339,0.005859819174453662,0.08084249633753715,0.08186032889123207,1456.8500061035156,1410.8260083007813,1367.4927520751953,0.025088388068380096,0.058528844540323144,0.09207161950057907,0.012233529871827109,0.010194746850729991,11702817.45,0.6090418850376924,True,True
2025-11-12,1504.5435791015625,1511.5,1524.699951171875,1500.0,1505.0,12384459,0.012119978096986506,0.026067493754990068,0.09927272727272718,0.09323016540589446,1463.6750061035157,1413.9120092773437,1368.6817523193358,0.03267459900391434,0.06901984712085008,0.10434730165624528,0.012178380117470338,0.010288920156289995,11942006.3,1.0370501144351263,True,True
2025-11-13,1503.9464111328125,1510.9000244140625,1522.0999755859375,1506.800048828125,1515.0,7196443,-0.0003969405133559256,0.009892419670903818,0.09811759401450026,0.09979616444393491,1470.4250061035157,1417.0520092773438,1369.8507525634766,0.02752606773044608,0.06622764339085796,0.10296689006932525,0.012199530529769046,0.0102399531714662,11813419.75,0.6091752559626098,True,True
2025-11-14,1511.9095458984375,1518.9000244140625,1520.9000244140625,1505.5,1505.5,7682823,0.0052948572842219654,0.027672546964859546,0.10521717998135771,0.09929802279128874,1477.6550048828126,1420.100009765625,1371.1270025634765,0.027912482544950157,0.06957257514894577,0.10777486080742893,0.012119693317191989,0.0102370207680046,11653423.75,0.6592760346503318,True,True
2025-11-17,1511.3123779296875,1518.300048828125,1523.699951171875,1511.5,1520.9000244140625,5871416,-0.00039500663394154145,0.019472234639902775,0.08581849088868188,0.0691501126191274,1483.6550048828126,1423.0140112304687,1372.4870025634766,0.023351145536727236,0.06696071637078482,0.1062400197541431,0.01181360751627852,0.009645789604515535,11331197.95,0.5181637480792576,True,True
2025-11-18,1512.4072265625,1519.4000244140625,1527.800048828125,1510.5,1521.699951171875,11045042,0.0007244783972617519,0.017409936771764167,0.0724166939934825,0.07530079576366777,1488.7850036621094,1426.2160107421876,1373.9372528076171,0.020563762179660827,0.0653365359595024,0.10587293656183694,0.011639648791326581,0.009612077709403791,10916672.0,1.0117590782245725,True,True
2025-11-19,1511.9095458984375,1518.9000244140625,1522.300048828125,1512.0,1517.4000244140625,5692366,-0.0003290772620546667,0.004895815027497585,0.03551948040059161,0.06604433770432094,1491.3900024414063,1429.0940112304688,1375.3597528076173,0.018445894050263423,0.06284122141570614,0.10436561875060435,0.00894245268657031,0.009568704726611284,9965191.4,0.5712249540937065,True,True
2025-11-20,1541.9705810546875,1549.0999755859375,1550.9000244140625,1526.699951171875,1530.0,18171724,0.019882777461620593,0.025282911214915993,0.05726182583268491,0.09927620583418495,1495.5850036621093,1432.5060107421875,1376.927752685547,0.03578196611546036,0.08139160601730544,0.12504085458702363,0.009778242734444428,0.009736460843410526,10770469.15,1.6871803583412148,True,True
2025-11-21,1539.4820556640625,1546.5999755859375,1557.800048828125,1540.0999755859375,1541.0,9615271,-0.0016138403197988316,0.018236849513884712,0.06779891571156305,0.09486054248614706,1500.4950012207032,1435.9140112304688,1378.395502319336,0.03072650980358227,0.07708397821163349,0.12202918029228549,0.009254085045219889,0.00974481361280483,10315878.2,0.9320845800602804,True,True
2025-11-24,1528.831298828125,1535.9000244140625,1550.0,1531.800048828125,1550.0,18433951,-0.006918370193185419,0.011591895554190268,0.05807388415950987,0.10903314126511532,1504.7100036621093,1439.09201171875,1379.7495025634767,0.02072826037977027,0.06727020364715375,0.11317309523248187,0.009532919060018668,0.009409547256285058,10752533.9,1.7143820397534388,True,True
2025-11-25,1532.61376953125,1539.699951171875,1559.5999755859375,1525.0999755859375,1535.9000244140625,15033482,0.002474071682668333,0.01336048863474315,0.03746376692984321,0.11097476300488318,1507.4900024414062,1442.220009765625,1381.1250024414062,0.02136660852032457,0.06759020173495678,0.11481578311170737,0.008353891386840805,0.009408959964350948,10798514.65,1.3921805440158384,True,True
2025-11-26,1562.6748046875,1569.9000244140625,1571.5999755859375,1540.5,1542.300048828125,14054299,0.019614258751649682,0.033576930133814464,0.05582083437836216,0.15671977666852377,1511.6400024414063,1445.7180102539062,1382.7450024414063,0.03854093691524585,0.08589642881902448,0.13535035139683083,0.009247980781791397,0.009212090257213005,10619650.75,1.3234238423518778,True,True
2025-11-27,1556.2047119140625,1563.4000244140625,1575.5,1556.0,1575.0,9794643,-0.004140391043325198,0.009231198149568076,0.03935651852406097,0.15473816103272986,1514.6000061035156,1449.000009765625,1384.1360028076172,0.03221973994050775,0.0789510102673785,0.12951330016907403,0.009123098823667797,0.009230128664053242,10515145.65,0.931479536852635,True,True
2025-11-28,1560.285888671875,1567.5,1581.300048828125,1563.0,1568.0,8959508,0.0026224737891213934,0.013513529512467759,0.0530735639905946,0.1470911086717892,1518.5500061035157,1452.2440087890625,1385.5825030517578,0.032234693424476824,0.07936406727340706,0.13129315399665287,0.00864294138326665,0.009186110765791042,10497187.9,0.8535150637819867,True,True
2025-12-01,1558.892333984375,1566.0999755859375,1577.5,1563.5999755859375,1575.0,8920233,-0.0008931575209329967,0.01966270635577083,0.05361944958477283,0.14097333778357268,1522.5350036621094,1455.2900073242188,1387.0052526855468,0.028613445220663225,0.07614287716127488,0.12912331986747994,0.008630988812789363,0.009191060441480861,10505296.9,0.8491176484502784,True,True
2025-12-02,1539.1834716796875,1546.300048828125,1567.5,1542.0,1561.0999755859375,11389150,-0.012642824255459595,0.004286612889236485,0.04148993041161542,0.13757080356262463,1525.615008544922,1457.9160083007812,1388.403253173828,0.0135584929142325,0.06062354760090494,0.11372545785480681,0.0092573025540975,0.009263659363699621,10652150.15,1.0691878953658946,True,True
2025-12-03,1531.718017578125,1538.800048828125,1552.4000244140625,1533.0,1545.199951171875,6090883,-0.004850287630582373,-0.019810163132868985,0.04459987396039078,0.11912730823863638,1528.9000122070313,1460.5440087890624,1389.8290032958985,0.006475267540094087,0.05358006302319129,0.10718660006299352,0.00911332791627953,0.0092247456120067,10456304.0,0.5825082170526029,True,True
2025-12-04,1528.53271484375,1535.5999755859375,1560.5,1517.5999755859375,1536.0,11867930,-0.0020795900316122884,-0.017781788661890285,0.026401978908214385,0.11396443640619336,1530.8750122070312,1463.4440087890625,1391.3327532958983,0.003086446209670912,0.04930558761628401,0.10368994904223139,0.008588772616736422,0.009238736177691472,10211066.6,1.162261540826695,True,True
2025-12-05,1533.5096435546875,1540.5999755859375,1545.800048828125,1520.5999755859375,1530.4000244140625,10183266,0.0032560563164194534,-0.017161100104665095,0.042354516634599104,0.11945940288260504,1534.0050109863282,1466.4600073242189,1392.9530029296875,0.004299180610478404,0.05055710206308217,0.10599565982895043,0.007989844378173185,0.00922888992508819,10329141.65,0.9858772727741613,True,True
2025-12-08,1535.898681640625,1543.0,1551.0,1535.0,1539.199951171875,11301491,0.0015578504816928795,-0.01475000060407694,0.036057174116209456,0.12055192447349317,1536.690008544922,1469.6600073242187,1394.5875030517577,0.004106222738477383,0.04990269335103559,0.10642035485293899,0.007882962666879927,0.009227342793207912,10540794.3,1.0721669238911151,True,True
2025-12-09,1522.3612060546875,1529.4000244140625,1542.5,1520.0999755859375,1540.300048828125,11503971,-0.008813982881359372,-0.01092933058294232,0.024106066299365958,0.10561698144210108,1538.490008544922,1472.8000073242188,1396.1482531738282,-0.005908380347205866,0.038430212390258234,0.09544242234828326,0.008226357821928314,0.009323937621073367,10759617.55,1.0691802888477202,True,True
2025-12-10,1529.8267822265625,1536.9000244140625,1547.5,1531.4000244140625,1534.0,7991629,0.004903883797748421,-0.0012347441862310404,0.01680451499441782,0.10172044760864685,1539.760009765625,1475.9860083007814,1397.708253173828,-0.001857422801880504,0.04127004983157523,0.09958571177079789,0.007873998155942778,0.00929162097760405,10539976.05,0.7582207931108154,True,True
2025-12-11,1537.889404296875,1545.0,1550.0,1524.0,1536.9000244140625,4706197,0.005270333435660968,0.006121401773580892,0.022569313015374126,0.10412345178855298,1541.4650085449218,1479.4300073242186,1399.3062530517577,0.002293267401778376,0.04432111850588649,0.10411855634211431,0.007928064391109641,0.009301593819715334,10415463.75,0.45184709130210354,True,True
2025-12-12,1549.3365478515625,1556.5,1559.800048828125,1546.0999755859375,1550.800048828125,5106655,0.007443365695792847,0.010320670301202206,0.02475474026043445,0.10759264635190191,1543.3450073242188,1483.2800073242188,1400.9515032958984,0.008523688879253699,0.049363567441232714,0.11103060765355255,0.008001453547449026,0.009325396023405505,10286655.35,0.496434927218593,True,True
2025-12-15,1549.037841796875,1556.199951171875,1558.5999755859375,1546.5,1551.199951171875,5774543,-0.000192771492531274,0.008554731802900228,0.024962063574325954,0.10072138734312741,1545.2400024414062,1487.0300073242188,1402.5675030517577,0.007092716156165135,0.04651549969198099,0.10953658043968528,0.007999387935819084,0.009311400189089476,10281811.7,0.5616269941998646,True,True
2025-12-16,1535.201904296875,1542.300048828125,1551.699951171875,1538.800048828125,1545.0,11731856,-0.00893195140719727,0.008434696095290573,0.015071754670330284,0.08996469881846281,1546.3850036621093,1490.6080078125,1404.1382531738282,-0.0026416156547757197,0.03467849410757173,0.09839614820122189,0.008318696030927816,0.009410625634729775,10316152.4,1.1372317454325316,True,True
2025-12-17,1537.292236328125,1544.4000244140625,1550.0,1539.300048828125,1550.0,7116649,0.001361586928259051,0.004879953074930388,0.016788465066907232,0.09734261590412907,1547.6600036621094,1493.9960083007813,1405.7875030517578,-0.0021063923861397438,0.03373771806164916,0.09860133274865324,0.008315412007007628,0.009367592014510595,10387366.55,0.6851254324899124,True,True
2025-12-18,1537.292236328125,1544.4000244140625,1551.5,1535.199951171875,1535.199951171875,6580829,0.0,-0.00038833371258095717,-0.003033988280903066,0.11059977817367672,1547.4250061035157,1497.1880078125,1407.489503173828,-0.0019548486534221032,0.031533792920598325,0.09727285420708798,0.007007891999990452,0.00920066110363911,9807821.8,0.670977627264802,True,True
2025-12-19,1557.8968505859375,1565.0999755859375,1574.199951171875,1551.0,1554.4000244140625,13937275,0.013403231575140895,0.005525201147406067,0.011961722676861575,0.12613319945241397,1548.3500061035156,1501.1420068359375,1409.279503173828,0.010817947761419866,0.0426062081127212,0.11056747228721298,0.007618299613373242,0.009315980272667721,10023922.0,1.3904013818144236,True,True
2025-12-22,1568.1495361328125,1575.4000244140625,1577.5,1565.300048828125,1573.5,10184852,0.006581080434985509,0.012337793242911399,0.025717819761783778,0.1391178773782087,1550.3250061035155,1505.0940063476562,1411.1560034179688,0.016174039773485305,0.046712044410444964,0.11638969794854526,0.007512333293399653,0.009289313490843342,9611467.05,1.0596563403918655,True,True
2025-12-23,1563.4710693359375,1570.699951171875,1580.9000244140625,1568.0999755859375,1580.9000244140625,7506564,-0.0029834157479688983,0.018413993026408226,0.020133792935698835,0.14449134598527524,1551.8750061035157,1508.8740063476562,1413.153253173828,0.01213045186907502,0.04097488893315426,0.11148592528390666,0.007566257845379209,0.009224360024211807,9235121.15,0.8128278858583247,True,True
2025-12-24,1551.0286865234375,1558.199951171875,1575.699951171875,1553.5999755859375,1572.699951171875,8815745,-0.00795823542916263,0.008935461369892206,-0.007452750532031094,0.131097545576772,1551.2900024414062,1512.5380053710937,1415.1347528076171,0.004454324284688171,0.030188957658342064,0.10109651966388178,0.0064269312515158415,0.009316286998975321,8973193.45,0.9824534653267729,True,True
2025-12-26,1552.0240478515625,1559.199951171875,1561.0,1554.300048828125,1554.699951171875,2311495,0.0006417661605289116,0.009582962007157025,-0.0026864994093636074,0.1357808098148512,1551.0799987792968,1516.20400390625,1417.052752685547,0.005235031332341711,0.028357626780336265,0.10031186080894727,0.006367342783039919,0.009289576445478499,8599036.05,0.2688086183799636,True,True
2025-12-29,1538.4866943359375,1545.5999755859375,1558.0999755859375,1543.5999755859375,1554.9000244140625,5972105,-0.00872240636982824,-0.012459267972769417,-0.013971307441188241,0.13313781201315056,1549.9849975585937,1519.6300024414063,1418.732752685547,-0.0028290738165615004,0.01708966860538963,0.08942291820657622,0.0066112789980575706,0.009330462905870435,8449665.9,0.7067859333941239,True,True
2025-12-30,1532.71337890625,1539.800048828125,1553.5999755859375,1537.800048828125,1547.0,8815884,-0.003752540663449322,-0.022597419724668444,-0.016793261712409358,0.12500920856302722,1548.6700012207032,1522.4600024414062,1420.1827526855468,-0.005727464460205667,0.011389492242103172,0.08422669259740223,0.006646896036320973,0.009359462643947014,8444448.45,1.043985767951488,True,True
2025-12-31,1563.172607421875,1570.4000244140625,1577.0,1541.0,1541.0,5771830,0.019872694256131362,-0.00019095102001420727,0.01558557513090797,0.15182631384282153,1549.875,1525.532001953125,1421.8427526855469,0.013243019220300134,0.02941139379802804,0.10448220905435823,0.007523096791579753,0.009605395164862874,8163582.45,0.7070217071183007,True,True
