Date,Cash,Market_Value,Portfolio_Equity,Exposure,Active_Positions
2019-10-29,100000.0,0.0,100000.0,0.0,0
2019-10-30,39400.0,59490.10762521534,98890.10762521534,0.6015779439807825,2
2019-10-31,9333.1404547208,87805.61969226209,97138.76014698288,0.9039195019516555,3
2019-11-01,9333.1404547208,87834.09898794767,97167.23944266848,0.9039476627281602,3
2019-11-04,9333.1404547208,88290.2598392699,97623.40029399071,0.904396482537852,3
2019-11-05,9333.1404547208,88008.53144148033,97341.67189620112,0.9041197847446769,3
2019-11-06,9333.1404547208,88936.59898162598,98269.73943634678,0.9050252854209893,3
2019-11-07,9333.1404547208,89449.21832802598,98782.35878274677,0.9055181454489533,3
2019-11-08,9333.1404547208,89674.62837859672,99007.76883331753,0.905733251393298,3
2019-11-11,9333.1404547208,89992.75328308326,99325.89373780406,0.906035172667482,3
2019-11-13,9333.1404547208,90032.29344522783,99365.43389994864,0.9060725637839173,3
2019-11-14,0.0,100313.66253388404,100313.66253388404,1.0,4
2019-11-15,0.0,100553.27361662172,100553.27361662172,1.0,4
2019-11-18,0.0,99755.71662264022,99755.71662264022,1.0,4
2019-11-19,0.0,100524.73799658334,100524.73799658334,1.0,4
2019-11-20,0.0,101420.19029095622,101420.19029095622,1.0,4
2019-11-21,0.0,101697.06009271294,101697.06009271294,1.0,4
2019-11-22,0.0,101150.38834083045,101150.38834083045,1.0,4
2019-11-25,0.0,101709.78679828295,101709.78679828295,1.0,4
2019-11-26,0.0,102437.64932543485,102437.64932543485,1.0,4
2019-11-27,0.0,102418.17314168991,102418.17314168991,1.0,4
2019-11-28,63153.486180060696,38724.481633096824,101877.96781315752,0.3801065378936187,2
2019-11-29,31249.070849775875,68879.03794800409,100128.10879777996,0.6879091073927411,3
2019-12-02,601.014950417135,99473.37382060483,100074.38877102197,0.9939943180488235,4
2019-12-03,601.014950417135,99115.21582771643,99716.23077813355,0.9939727470069103,4
2019-12-04,601.014950417135,99813.18980443056,100414.20475484768,0.9940146421327097,4
2019-12-05,601.014950417135,99746.23866660378,100347.2536170209,0.9940106487347334,4
2019-12-06,601.014950417135,99649.70051585199,100250.71546626912,0.9940048811859168,4
2019-12-09,601.014950417135,99750.83435830443,100351.84930872158,0.9940109230217753,4
2019-12-10,601.014950417135,99630.48035632898,100231.4953067461,0.9940037315758106,4
2019-12-11,601.014950417135,100030.68602398809,100631.70097440522,0.9940275783416401,4
2019-12-12,9178.903830818224,91976.95098725636,101155.85481807459,0.9092597868178153,3
2019-12-13,9178.903830818224,92366.80808936984,101545.71192018806,0.9096081591507028,3
2019-12-16,9178.903830818224,92027.75858100422,101206.66241182244,0.90930534006281,3
2019-12-17,9178.903830818224,92392.38943908748,101571.2932699057,0.9096309248871421,3
2019-12-18,9178.903830818224,93166.85912936654,102345.76296018476,0.91031476472173,3
2019-12-19,9178.903830818224,93668.82083801468,102847.7246688329,0.9107524851874549,3
2019-12-20,9178.903830818224,93996.54378038677,103175.44761120499,0.9110359679232312,3
2019-12-23,9178.903830818224,93314.53616657734,102493.43999739556,0.9104439871366259,3
2019-12-24,9178.903830818224,92506.0695940535,101684.97342487171,0.909731954273461,3
2019-12-26,9178.903830818224,91323.09675164406,100502.00058246228,0.9086694416268172,3
2019-12-27,9178.903830818224,92580.58256228383,101759.48639310205,0.9097980526812051,3
2019-12-30,70848.1709773476,30539.929894295357,101388.10087164296,0.3012180880373607,1
2019-12-31,70451.35458455735,30050.163146956053,100501.5177315134,0.29900208300569253,1
2020-01-01,9513.643044786193,90318.17707840313,99831.82012318932,0.9047032996789335,3
2020-01-02,9513.643044786193,90587.07278235347,100100.71582713966,0.904959290588741,3
2020-01-03,9513.643044786193,90654.0275665757,100167.6706113619,0.905022818373226,3
2020-01-06,-1.8189894035458565e-12,98596.9708630409,98596.9708630409,1.0,4
2020-01-07,-1.8189894035458565e-12,98842.26669999433,98842.26669999433,1.0,4
2020-01-08,-1.8189894035458565e-12,99499.25509652126,99499.25509652126,1.0,4
2020-01-09,-1.8189894035458565e-12,100516.26722349352,100516.26722349352,1.0,4
2020-01-10,-1.8189894035458565e-12,100568.73152344924,100568.73152344924,1.0,4
2020-01-13,-1.8189894035458565e-12,100678.83635644914,100678.83635644914,1.0,4
2020-01-14,-1.8189894035458565e-12,100962.6140377307,100962.6140377307,1.0,4
2020-01-15,-1.8189894035458565e-12,100903.01200412863,100903.01200412863,1.0,4
2020-01-16,-1.8189894035458565e-12,101228.4669893253,101228.4669893253,1.0,4
2020-01-17,-1.8189894035458565e-12,100456.10813414276,100456.10813414276,1.0,4
2020-01-20,-1.8189894035458565e-12,99391.83908383014,99391.83908383014,1.0,4
2020-01-21,-1.8189894035458565e-12,98865.16062779156,98865.16062779156,1.0,4
2020-01-22,-1.8189894035458565e-12,98921.22459259156,98921.22459259156,1.0,4
2020-01-23,-1.8189894035458565e-12,99242.93553448716,99242.93553448716,1.0,4
2020-01-24,-1.8189894035458565e-12,99453.52309161855,99453.52309161855,1.0,4
2020-01-27,-1.8189894035458565e-12,98646.39608195404,98646.39608195404,1.0,4
2020-01-28,29705.495286586316,69125.14480351307,98830.64009009939,0.6994303056268262,3
2020-01-29,88481.79647787711,9969.895303022182,98451.6917808993,0.10126687640076135,1
2020-01-30,88481.79647787711,9856.271070604575,98338.06754848169,0.10022843967058159,1
2020-01-31,88481.79647787711,9796.302725717504,98278.09920359461,0.09967940777347874,1
2020-02-03,98255.75295043975,0.0,98255.75295043975,0.0,0
2020-02-04,68484.25980645651,30156.133625747683,98640.39343220419,0.30571789686214174,1
2020-02-05,38675.66508721092,60103.92807799381,98779.59316520473,0.6084650295883737,2
2020-02-06,38675.66508721092,59738.14233181562,98413.80741902653,0.6070097672114485,2
2020-02-07,38675.66508721092,59678.593264423645,98354.25835163456,0.606771829350405,2
2020-02-10,38675.66508721092,59382.19615882149,98057.86124603241,0.6055832281496369,2
2020-02-11,38675.66508721092,59719.14877272463,98394.81385993554,0.6069339066765703,2
2020-02-12,38675.66508721092,60538.97587367175,99214.64096088267,0.610181877264873,2
2020-02-13,38675.66508721092,60504.65185895418,99180.3169461651,0.6100469702249086,2
2020-02-14,38675.66508721092,60550.41967769455,99226.08476490546,0.6102268352233744,2
2020-02-17,38675.66508721092,60430.94824650857,99106.61333371949,0.6097569699311668,2
2020-02-18,38675.66508721092,60722.5036872246,99398.16877443551,0.6109016336611021,2
2020-02-19,38675.66508721092,61030.50480325027,99706.16989046118,0.612103592689393,2
2020-02-20,38675.66508721092,61021.179808698675,99696.8448959096,0.61206731138191,2
2020-02-24,38675.66508721092,60020.43361702733,98696.09870423825,0.6081338006772694,2
2020-02-25,38675.66508721092,60179.40692992283,98855.07201713375,0.6087639784379746,2
2020-02-26,38675.66508721092,59175.932067653084,97851.597154864,0.6047518261147931,2
2020-02-27,38675.66508721092,58522.56311076366,97198.22819797457,0.6020949578583281,2
2020-02-28,38675.66508721092,55746.383339882406,94422.04842709332,0.5903958267006483,2
2020-03-02,38675.66508721092,56597.972000890775,95273.63708810169,0.5940570102152535,2
2020-03-03,38675.66508721092,57308.264154698525,95983.92924190944,0.5970610351891703,2
2020-03-04,67243.74717819397,28358.695732595534,95602.4429107895,0.29663149673966155,1
2020-03-05,95396.17469145232,0.0,95396.17469145232,0.0,0
2020-03-06,95396.17469145232,0.0,95396.17469145232,0.0,0
2020-03-09,95396.17469145232,0.0,95396.17469145232,0.0,0
2020-03-11,95396.17469145232,0.0,95396.17469145232,0.0,0
2020-03-12,95396.17469145232,0.0,95396.17469145232,0.0,0
2020-03-13,95396.17469145232,0.0,95396.17469145232,0.0,0
2020-03-16,95396.17469145232,0.0,95396.17469145232,0.0,0
2020-03-17,95396.17469145232,0.0,95396.17469145232,0.0,0
2020-03-18,95396.17469145232,0.0,95396.17469145232,0.0,0
2020-03-19,95396.17469145232,0.0,95396.17469145232,0.0,0
2020-03-20,95396.17469145232,0.0,95396.17469145232,0.0,0
2020-03-23,95396.17469145232,0.0,95396.17469145232,0.0,0
2020-03-24,95396.17469145232,0.0,95396.17469145232,0.0,0
2020-03-25,95396.17469145232,0.0,95396.17469145232,0.0,0
2020-03-26,95396.17469145232,0.0,95396.17469145232,0.0,0
2020-03-27,95396.17469145232,0.0,95396.17469145232,0.0,0
2020-03-30,95396.17469145232,0.0,95396.17469145232,0.0,0
2020-03-31,95396.17469145232,0.0,95396.17469145232,0.0,0
2020-04-01,95396.17469145232,0.0,95396.17469145232,0.0,0
2020-04-03,95396.17469145232,0.0,95396.17469145232,0.0,0
2020-04-07,95396.17469145232,0.0,95396.17469145232,0.0,0
2020-04-08,95396.17469145232,0.0,95396.17469145232,0.0,0
2020-04-09,95396.17469145232,0.0,95396.17469145232,0.0,0
2020-04-13,95396.17469145232,0.0,95396.17469145232,0.0,0
2020-04-15,95396.17469145232,0.0,95396.17469145232,0.0,0
2020-04-16,95396.17469145232,0.0,95396.17469145232,0.0,0
2020-04-17,95396.17469145232,0.0,95396.17469145232,0.0,0
2020-04-20,95396.17469145232,0.0,95396.17469145232,0.0,0
2020-04-21,95396.17469145232,0.0,95396.17469145232,0.0,0
2020-04-22,95396.17469145232,0.0,95396.17469145232,0.0,0
2020-04-23,95396.17469145232,0.0,95396.17469145232,0.0,0
2020-04-24,95396.17469145232,0.0,95396.17469145232,0.0,0
2020-04-27,95396.17469145232,0.0,95396.17469145232,0.0,0
2020-04-28,95396.17469145232,0.0,95396.17469145232,0.0,0
2020-04-29,95396.17469145232,0.0,95396.17469145232,0.0,0
2020-04-30,95396.17469145232,0.0,95396.17469145232,0.0,0
2020-05-04,66491.13375994227,28523.4563035004,95014.59006344267,0.30020080373398295,1
2020-05-05,66491.13375994227,29029.252268028136,95520.38602797041,0.30390635418420264,1
2020-05-06,66491.13375994227,29031.242284937754,95522.37604488002,0.3039208558976567,1
2020-05-07,66491.13375994227,29949.42812696755,96440.56188690983,0.3105480468071876,1
2020-05-08,66491.13375994227,31039.530203141243,97530.66396308351,0.3182540643308864,1
2020-05-11,66491.13375994227,31337.64269626956,97828.77645621182,0.3203315407946075,1
2020-05-12,66491.13375994227,29398.912502446892,95890.04626238917,0.30658982499602766,1
2020-05-13,66491.13375994227,30022.663402597347,96513.79716253962,0.3110712072807161,1
2020-05-14,66491.13375994227,28808.875142101235,95300.00890204351,0.3022966679018168,1
2020-05-15,66491.13375994227,29279.344326449445,95770.47808639171,0.30572411155802537,1
2020-05-18,66491.13375994227,28905.176040391438,95396.3098003337,0.30300098715443524,1
2020-05-19,66491.13375994227,28266.181610713313,94757.31537065559,0.2983007855398442,1
2020-05-20,66491.13375994227,28763.736251879356,95254.87001182162,0.3019660438181232,1
2020-05-21,66491.13375994227,28915.208378971787,95406.34213891406,0.303074279243098,1
2020-05-22,66491.13375994227,28720.60064534649,95211.73440528876,0.3016498000455618,1
2020-05-26,66491.13375994227,28570.131486776503,95061.26524671877,0.3005444058905229,1
2020-05-27,66491.13375994227,29001.476938681637,95492.6106986239,0.30370388584526953,1
2020-05-28,66491.13375994227,29537.14703705655,96028.28079699882,0.30758800211676474,1
2020-05-29,66491.13375994227,29379.657098829433,95870.79085877171,0.3064505553324257,1
2020-06-01,66491.13375994227,30502.15930364758,96993.29306358985,0.31447699464797046,1
2020-06-02,96800.49194691578,0.0,96800.49194691578,0.0,0
2020-06-03,67469.9428870003,28977.180436688282,96447.12332368859,0.3004462905486278,1
2020-06-04,67469.9428870003,29694.25518343509,97164.19807043539,0.3056090182714151,1
2020-06-05,37942.62337392901,58359.0187309274,96301.64210485641,0.6060023220308556,2
2020-06-08,37942.62337392901,58458.17154820103,96400.79492213004,0.6064075674419694,2
2020-06-09,37942.62337392901,57854.30861401911,95796.93198794812,0.6039265288923612,2
2020-06-10,37942.62337392901,59025.14440399349,96967.7677779225,0.6087089118022603,2
2020-06-11,37942.62337392901,57803.145089296915,95745.76846322592,0.6037148796972471,2
2020-06-12,37942.62337392901,58370.17121480912,96312.79458873812,0.6060479447622046,2
2020-06-15,37942.62337392901,58719.99109506491,96662.61446899391,0.607473648603828,2
2020-06-16,37942.62337392901,59001.43937779528,96944.0627517243,0.6086132322399068,2
2020-06-17,37942.62337392901,58985.22255715223,96927.84593108125,0.6085477500355531,2
2020-06-18,37942.62337392901,59611.82737471212,97554.45074864113,0.6110620983178717,2
2020-06-19,37942.62337392901,61648.08889557255,99590.71226950156,0.619014439104996,2
2020-06-22,37942.62337392901,61166.316518793945,99108.93989272296,0.6171624536091427,2
2020-06-23,37942.62337392901,60794.44596596324,98737.06933989224,0.6157205836916689,2
2020-06-24,7945.368608100656,90607.84397839462,98553.21258649528,0.9193799126423463,3
2020-06-25,7945.368608100656,89490.51099596755,97435.8796040682,0.9184554125196308,3
2020-06-26,7945.368608100656,93349.24367376383,101294.6122818645,0.9215617846880966,3
2020-06-29,7945.368608100656,92079.59919823107,100024.96780633173,0.9205661468096198,3
2020-06-30,7945.368608100656,91622.97500001974,99568.3436081204,0.92020186014772,3
2020-07-01,39951.55751843688,59562.94201010777,99514.49952854465,0.5985353118619945,2
2020-07-02,9688.112128189416,91758.22109956479,101446.3332277542,0.9045001251406601,3
2020-07-03,39627.72499175679,62333.366629766155,101961.09162152294,0.6113446378266141,2
2020-07-06,8613.060386403144,95003.82680388962,103616.88719029276,0.9168759010238821,3
2020-07-07,8613.060386403144,95858.84513329582,104471.90551969896,0.9175562047657005,3
2020-07-08,8613.060386403144,93905.30502206071,102518.36540846385,0.9159851959004015,3
2020-07-09,8613.060386403144,94443.94071411993,103057.00110052308,0.916424306020686,3
2020-07-10,0.0,104055.84060557207,104055.84060557207,1.0,4
2020-07-13,0.0,105442.28776473661,105442.28776473661,1.0,4
2020-07-14,0.0,103728.72528477747,103728.72528477747,1.0,4
2020-07-15,0.0,105269.19118926114,105269.19118926114,1.0,4
2020-07-16,0.0,108658.79286771537,108658.79286771537,1.0,4
2020-07-17,0.0,109308.08276909262,109308.08276909262,1.0,4
2020-07-20,0.0,111103.06470359677,111103.06470359677,1.0,4
2020-07-21,0.0,112373.27335222052,112373.27335222052,1.0,4
2020-07-22,38510.50459509604,73554.80819177728,112065.31278687331,0.6563566045781212,3
2020-07-23,4558.096248899412,107569.08561533802,112127.18186423743,0.9593488735459497,4
2020-07-24,4558.096248899412,109356.54131592912,113914.63756482853,0.9599867379088538,4
2020-07-27,4558.096248899412,110855.04277787684,115413.13902677625,0.9605062622216529,4
2020-07-28,4558.096248899412,113241.57306862246,117799.66931752187,0.9613063748369841,4
2020-07-29,4558.096248899412,110891.32345460751,115449.41970350692,0.9605186733670438,4
2020-07-30,40281.04020987964,75057.57453969188,115338.61474957151,0.6507584186151388,3
2020-07-31,5130.58230780725,109137.18886757975,114267.771175387,0.9551003554630253,4
2020-08-03,36709.20050705509,75840.32317489316,112549.52368194825,0.6738395747387524,3
2020-08-04,36709.20050705509,78214.5452863117,114923.74579336678,0.6805777582897591,3
2020-08-05,36709.20050705509,77520.4317883266,114229.63229538169,0.678636797042905,3
2020-08-06,1825.5332821155898,113747.49687030358,115573.03015241917,0.9842045044617411,4
2020-08-07,9640.834854965946,105085.90642762303,114726.74128258898,0.915966977295911,3
2020-08-10,9640.834854965946,104474.0876035341,114114.92245850005,0.9155164403807748,3
2020-08-11,9640.834854965946,104553.19464351478,114194.02949848073,0.9155749657201281,3
2020-08-12,9640.834854965946,104347.4390231041,113988.27387807005,0.9154225735071797,3
2020-08-13,9640.834854965946,104074.39075041005,113715.22560537599,0.9152194897064851,3
2020-08-14,9640.834854965946,103839.9791197223,113480.81397468824,0.9150443628548847,3
2020-08-17,9640.834854965946,103784.45164764143,113425.28650260737,0.9150027727305382,3
2020-08-18,9640.834854965946,104849.32159629416,114490.1564512601,0.9157933297167764,3
2020-08-19,9640.834854965946,104560.76663713549,114201.60149210143,0.9155805634158928,3
2020-08-20,44492.87653154867,68717.23524704989,113210.11177859856,0.6069884939380505,2
2020-08-21,10052.843519619957,101997.02615224264,112049.8696718626,0.9102824166680457,3
2020-08-24,10052.843519619957,102168.64592078321,112221.48944040317,0.9104196213243216,3
2020-08-25,10052.843519619957,101531.94734742671,111584.79086704667,0.9099084790901484,3
2020-08-26,10052.843519619957,103054.87723061611,113107.72075023607,0.9111215091866399,3
2020-08-27,10052.843519619957,102405.21883572999,112458.06235534995,0.9106080674958231,3
2020-08-28,44596.87023806853,67099.63233329274,111696.50257136127,0.6007317220198883,2
2020-08-31,10746.160119714572,99225.26096473022,109971.4210844448,0.9022822473898666,3
2020-09-01,10746.160119714572,98649.12635080636,109395.28647052092,0.9017676129710546,3
2020-09-02,10746.160119714572,99914.60597892333,110660.76609863789,0.9028909657996048,3
2020-09-03,11368.972054145474,98635.15167354932,110004.1237276948,0.89664958304392,3
2020-09-04,11368.972054145474,97179.24179921749,108548.21385336296,0.89526338895356,3
2020-09-07,11368.972054145474,97215.00643884334,108583.97849298881,0.8952978863739133,3
2020-09-08,0.0,109468.74548407375,109468.74548407375,1.0,4
2020-09-09,0.0,109332.4120771478,109332.4120771478,1.0,4
2020-09-10,0.0,111964.77323646656,111964.77323646656,1.0,4
2020-09-11,0.0,112113.73108989875,112113.73108989875,1.0,4
2020-09-14,0.0,112968.5375169964,112968.5375169964,1.0,4
2020-09-15,0.0,113728.86995244146,113728.86995244146,1.0,4
2020-09-16,0.0,115230.47308960087,115230.47308960087,1.0,4
2020-09-17,0.0,114664.81133093084,114664.81133093084,1.0,4
2020-09-18,35438.85693014159,78155.63958674528,113594.49651688687,0.6880231171685921,3
2020-09-21,1044.608062121515,111584.74540660405,112629.35346872557,0.9907252591802226,4
2020-09-22,1044.608062121515,110686.80382080146,111731.41188292298,0.9906507217216936,4
2020-09-23,1044.608062121515,111484.2831209038,112528.89118302532,0.9907169789807801,4
2020-09-24,1044.608062121515,108068.43453258771,109113.04259470923,0.9904263684956378,4
2020-09-25,1044.608062121515,110441.04433275951,111485.65239488104,0.9906301121293928,4
2020-09-28,35033.91223156066,76779.1811988749,111813.09343043555,0.6866743316304277,3
2020-09-29,1030.174572824777,111244.5243680247,112274.69894084947,0.9908245171659956,4
2020-09-30,1030.174572824777,111543.5122550689,112573.68682789367,0.9908488866106008,4
2020-10-01,32472.41512689796,80450.91719641944,112923.3323233174,0.7124383910853402,3
2020-10-05,32472.41512689796,82188.46616239566,114660.88128929363,0.7167960444594101,3
2020-10-06,32472.41512689796,82441.27385431973,114913.6889812177,0.7174190871880766,3
2020-10-07,45553.35461527248,70442.5384861923,115995.89310146478,0.6072847633025618,2
2020-10-08,0.0,116624.85147106103,116624.85147106103,1.0,4
2020-10-09,0.0,117677.95596871717,117677.95596871717,1.0,4
2020-10-12,0.0,118350.13189305855,118350.13189305855,1.0,4
2020-10-13,0.0,119566.64544279124,119566.64544279124,1.0,4
2020-10-14,0.0,119074.81312994895,119074.81312994895,1.0,4
2020-10-15,0.0,115507.94146485598,115507.94146485598,1.0,4
2020-10-16,0.0,116456.36167439117,116456.36167439117,1.0,4
2020-10-19,0.0,116071.45692810343,116071.45692810343,1.0,4
2020-10-20,2633.294754557108,112868.44509283011,115501.73984738722,0.9772012546474496,4
2020-10-21,0.0,115419.43353046544,115419.43353046544,1.0,5
2020-10-22,0.0,114196.89679819031,114196.89679819031,1.0,5
2020-10-23,0.0,114787.96192948763,114787.96192948763,1.0,5
2020-10-26,0.0,111981.05399930432,111981.05399930432,1.0,5
2020-10-27,0.0,112431.74234345349,112431.74234345349,1.0,5
2020-10-28,30586.06748897702,79934.78664705456,110520.85413603157,0.7232552378636977,4
2020-10-29,30586.06748897702,79910.09381441593,110496.16130339295,0.7231933930718566,4
2020-10-30,30586.06748897702,79454.45920851159,110040.5266974886,0.7220472456201442,4
2020-11-02,30586.06748897702,81687.33771292116,112273.40520189817,0.7275751329179432,4
2020-11-03,30586.06748897702,84739.22333434441,115325.29082332143,0.7347843888307645,4
2020-11-04,30586.06748897702,84578.31689459202,115164.38438356903,0.7344138324301167,4
2020-11-05,75947.55291005495,39324.16672720468,115271.71963725964,0.34114322967464267,2
2020-11-06,40983.12242582386,75455.13266410807,116438.25508993192,0.6480269959888162,3
2020-11-09,40983.12242582386,78079.11114307054,119062.23356889439,0.6557840282568754,3
2020-11-10,40983.12242582386,81201.91354264933,122185.03596847318,0.6645814923163051,3
2020-11-11,40983.12242582386,81399.21159851248,122382.33402433633,0.6651222355534243,3
2020-11-12,40983.12242582386,80062.74378099423,121045.86620681809,0.6614248490254068,3
2020-11-13,40983.12242582386,80467.55584815223,121450.67827397608,0.6625533672741494,3
2020-11-14,40983.12242582386,80899.98556007474,121883.10798589859,0.6637505959352018,3
2020-11-17,81737.46857379806,41073.23311762645,122810.7016914245,0.3344434365404694,2
2020-11-18,47127.9988906911,76034.36767890728,123162.36656959838,0.6173506550472191,2
2020-11-19,47127.9988906911,73670.25156920857,120798.25045989967,0.6098619085022613,2
2020-11-20,47127.9988906911,74580.61869244189,121708.61758313299,0.612780098677069,2
2020-11-23,47127.9988906911,73432.19453593087,120560.19342662198,0.6090915454662472,2
2020-11-24,7.275957614183426e-12,121829.5418736421,121829.5418736421,1.0,4
2020-11-25,7.275957614183426e-12,119772.82644258987,119772.82644258987,1.0,4
2020-11-26,7.275957614183426e-12,120735.64810028,120735.64810028,1.0,4
2020-11-27,7.275957614183426e-12,120358.47602906896,120358.47602906896,1.0,4
2020-12-01,7.275957614183426e-12,122211.52538227336,122211.52538227336,1.0,4
2020-12-02,7.275957614183426e-12,121396.79419385857,121396.79419385857,1.0,4
2020-12-03,7.275957614183426e-12,120052.42708477381,120052.42708477381,1.0,4
2020-12-04,7.275957614183426e-12,122126.62984339785,122126.62984339785,1.0,4
2020-12-07,37215.470954157994,85145.72297885576,122361.19393301375,0.6958556078283161,3
2020-12-08,100.83446085546893,122482.295178758,122583.12963961347,0.9991774197546439,4
2020-12-09,100.83446085546893,124102.23914929689,124203.07361015235,0.9991881484256021,4
2020-12-10,100.83446085546893,122810.69103239969,122911.52549325515,0.999179617530164,4
2020-12-11,100.83446085546893,123271.37668539156,123372.21114624702,0.9991826809301818,4
2020-12-14,100.83446085546893,123914.93048530852,124015.76494616398,0.9991869222360622,4
2020-12-15,100.83446085546893,123331.2012908051,123432.03575166056,0.999183077065517,4
2020-12-16,100.83446085546893,124102.84162155524,124203.6760824107,0.9991881523636341,4
2020-12-17,38467.696425369795,86368.78771846858,124836.48414383837,0.6918553362889749,3
2020-12-18,474.2505376995832,124220.86073315765,124695.11127085723,0.9961967190785095,4
2020-12-21,474.2505376995832,120925.69951572295,121399.95005342254,0.9960934865501108,4
2020-12-22,474.2505376995832,122689.11364977354,123163.36418747313,0.9961494187753941,4
2020-12-23,49741.56802540198,73620.68278125724,123362.25080665923,0.5967845293017556,2
2020-12-24,0.0,123901.30978467816,123901.30978467816,1.0,4
2020-12-28,0.0,125055.04576126522,125055.04576126522,1.0,4
2020-12-29,0.0,126281.58971464452,126281.58971464452,1.0,4
2020-12-30,0.0,126171.165519279,126171.165519279,1.0,4
2020-12-31,0.0,126517.05651524759,126517.05651524759,1.0,4
2021-01-01,0.0,126309.91223784628,126309.91223784628,1.0,4
2021-01-04,0.0,127864.42366235984,127864.42366235984,1.0,4
2021-01-05,0.0,129119.20107472115,129119.20107472115,1.0,4
2021-01-06,0.0,127703.77209248478,127703.77209248478,1.0,4
2021-01-07,0.0,126683.32143136633,126683.32143136633,1.0,4
2021-01-08,0.0,128913.87592595056,128913.87592595056,1.0,4
2021-01-11,0.0,130143.91043473562,130143.91043473562,1.0,4
2021-01-12,0.0,131427.68513694924,131427.68513694924,1.0,4
2021-01-13,0.0,131869.59344346914,131869.59344346914,1.0,4
2021-01-14,0.0,132500.88641049134,132500.88641049134,1.0,4
2021-01-15,0.0,130654.17964833115,130654.17964833115,1.0,4
2021-01-18,0.0,130468.42231271947,130468.42231271947,1.0,4
2021-01-19,0.0,132060.65529325308,132060.65529325308,1.0,4
2021-01-20,0.0,133334.46956334106,133334.46956334106,1.0,4
2021-01-21,0.0,133441.22039921005,133441.22039921005,1.0,4
2021-01-22,12925.945307429705,115892.56591076677,128818.51121819648,0.8996577030335697,3
2021-01-25,0.0,127303.23699489885,127303.23699489885,1.0,5
2021-01-27,0.0,123707.7780992781,123707.7780992781,1.0,5
2021-01-28,0.0,122522.25979449351,122522.25979449351,1.0,5
2021-01-29,0.0,122653.84570154299,122653.84570154299,1.0,5
2021-02-01,0.0,130922.02300325017,130922.02300325017,1.0,5
2021-02-02,0.0,134878.53178671052,134878.53178671052,1.0,5
2021-02-03,0.0,135766.2509736711,135766.2509736711,1.0,5
2021-02-04,36422.15983675703,99343.01024813738,135765.1700848944,0.7317267763596353,4
2021-02-05,36422.15983675703,98724.8095102776,135146.96934703464,0.7304996182102236,4
2021-02-08,36422.15983675703,100296.01752502618,136718.17736178322,0.7335968008088871,4
2021-02-09,36422.15983675703,100678.32507717064,137100.48491392768,0.7343396716676601,4
2021-02-10,36422.15983675703,99819.6124341001,136241.77227085712,0.7326652521493371,4
2021-02-11,36422.15983675703,99429.64849226282,135851.80832901984,0.731897865146218,4
2021-02-12,36422.15983675703,100954.39865420049,137376.5584909575,0.7348735458447634,4
2021-02-15,36422.15983675703,103668.5439279962,140090.70376475324,0.7400101587188911,4
2021-02-16,36718.007786588685,101778.69490870117,138496.70269528986,0.7348817186834193,4
2021-02-17,0.0,137685.49840178277,137685.49840178277,1.0,5
2021-02-18,0.0,135753.61065968213,135753.61065968213,1.0,5
2021-02-19,0.0,134214.4981260908,134214.4981260908,1.0,5
2021-02-22,44228.99970185974,87763.40325314619,131992.40295500593,0.6649125350272114,4
2021-02-23,15641.264803990562,115878.31987612857,131519.58468011912,0.8810727326881916,3
2021-02-24,15641.264803990562,119993.1049961349,135634.36980012548,0.8846806688670432,3
2021-02-25,15641.264803990562,120856.11920501365,136497.38400900422,0.8854097833628901,3
2021-02-26,15641.264803990562,116075.1395447274,131716.40434871794,0.8812504419526938,3
2021-03-01,15641.264803990562,117639.1654547987,133280.43025878927,0.8826439502512102,3
2021-03-02,15641.264803990562,118075.68216935135,133716.94697334192,0.8830270570931533,3
2021-03-03,15641.264803990562,121870.52404977288,137511.78885376343,0.886255099040096,3
2021-03-04,15641.264803990562,119813.9396754359,135455.20447942647,0.8845281370760012,3
2021-03-05,15641.264803990562,118644.97830485093,134286.24310884147,0.8835229548322905,3
2021-03-08,15641.264803990562,118573.49765899031,134214.76246298087,0.8834609210122862,3
2021-03-09,15641.264803990562,120643.00663336526,136284.27143735584,0.8852305945577864,3
2021-03-10,15641.264803990562,120336.86599651922,135978.13080050977,0.8849722031630405,3
2021-03-12,15641.264803990562,118513.05636658301,134154.3211705736,0.8834084160129055,3
2021-03-15,15641.264803990562,116793.86092434597,132435.1257283365,0.8818948921747891,3
2021-03-16,0.0,131162.03299969688,131162.03299969688,1.0,4
2021-03-17,42702.131923687826,87279.25433889808,129981.3862625859,0.6714750230665967,3
2021-03-18,76288.10172485009,52457.738260367594,128745.83998521768,0.4074519088647111,2
2021-03-19,76288.10172485009,53061.850591519906,129349.95231636999,0.4102193285834294,2
2021-03-22,37072.00985743986,91166.9073533864,128238.91721082626,0.710914512819123,3
2021-03-23,37072.00985743986,92485.59173215747,129557.60158959733,0.7138569300250421,3
2021-03-24,74304.96035383728,53508.98832255033,127813.9486763876,0.41864748626168996,2
2021-03-25,74304.96035383728,52238.9911997626,126543.95155359988,0.41281302313082796,2
2021-03-26,74304.96035383728,52325.80039944618,126630.76075328345,0.4132155574852251,2
2021-03-30,74304.96035383728,53524.02793929248,127828.98829312975,0.41871588482382727,2
2021-03-31,74304.96035383728,52840.08585313917,127145.04620697645,0.415589025522253,2
2021-04-01,74304.96035383728,53383.23450405964,127688.19485789692,0.41807494078422347,2
2021-04-05,74304.96035383728,53110.8218098396,127415.78216367688,0.4168307952747489,2
2021-04-06,74304.96035383728,52968.060034091264,127273.02038792854,0.41617665607875465,2
2021-04-07,74304.96035383728,53529.803230835874,127834.76358467314,0.4187421459529642,2
2021-04-08,35525.40573575569,92636.06690844463,128161.47264420032,0.7228074474894596,3
2021-04-09,35525.40573575569,92270.17326071678,127795.57899647247,0.722013812882085,3
2021-04-12,35525.40573575569,89881.11616721381,125406.5219029695,0.7167180366963476,3
2021-04-13,35525.40573575569,88275.51773001997,123800.92346577566,0.713044097400642,3
2021-04-15,35525.40573575569,89452.30103396339,124977.70676971908,0.7157460586053643,3
2021-04-16,50624.10129397833,73740.39382303678,124364.49511701512,0.5929376688551995,2
2021-04-19,50624.10129397833,72778.85756720454,123402.95886118288,0.5897659038230529,2
2021-04-20,50624.10129397833,72566.0020454732,123190.10333945154,0.5890570758392569,2
2021-04-22,13335.784694350696,109160.00449241904,122495.78918676975,0.8911327092720095,3
2021-04-23,48712.77935019524,72837.79656743068,121550.57591762592,0.5992385969178163,2
2021-04-26,48712.77935019524,73001.19014023592,121713.96949043116,0.5997765946330021,2
2021-04-27,48712.77935019524,73502.34744177977,122215.12679197501,0.6014177571233853,2
2021-04-28,48712.77935019524,73613.85506184032,122326.63441203556,0.6017810872968606,2
2021-04-29,48712.77935019524,73519.47099255021,122232.25034274545,0.6014735946233328,2
2021-04-30,48712.77935019524,72530.35363069997,121243.13298089521,0.5982223640008452,2
2021-05-03,48712.77935019524,72483.5664448301,121196.34579502534,0.5980672599437835,2
2021-05-04,48712.77935019524,72016.38861260789,120729.16796280313,0.5965119268841169,2
2021-05-05,48712.77935019524,72885.47178147733,121598.25113167257,0.5993957240598251,2
2021-05-06,48712.77935019524,73617.8382183812,122330.61756857645,0.6017940535378423,2
2021-05-07,48712.77935019524,73623.21912139398,122335.99847158922,0.6018115684770572,2
2021-05-10,85282.42012218441,36483.35685052886,121765.77697271327,0.2996191356681811,1
2021-05-11,85282.42012218441,36240.959959900756,121523.38008208518,0.298222119360251,1
2021-05-12,85282.42012218441,36141.54960690358,121423.96972908798,0.29764757063650515,1
2021-05-14,85282.42012218441,35852.85364347395,121135.27376565836,0.29597368734092194,1
2021-05-17,48546.24774276026,73806.34799160417,122352.59573436443,0.6032266626516255,2
2021-05-18,48546.24774276026,74673.87003351346,123220.11777627372,0.6060201157175981,2
2021-05-19,48546.24774276026,74124.88375350606,122671.13149626632,0.6042569498575315,2
2021-05-20,48546.24774276026,73774.50964735447,122320.75739011473,0.6031233882248387,2
2021-05-21,84879.12695477952,38735.979440736686,123615.10639551621,0.3133595930969625,1
2021-05-24,84879.12695477952,39031.41858323687,123910.54553801639,0.3149967455454534,1
2021-05-25,84879.12695477952,39209.287071104,124088.41402588353,0.31597863006715005,1
2021-05-26,84879.12695477952,39341.93494409286,124221.06189887239,0.3167090535429563,1
2021-05-27,84879.12695477952,39326.861405800104,124205.98836057962,0.31662612990632283,1
2021-05-28,84879.12695477952,38772.15446061408,123651.2814153936,0.3135604743986685,1
2021-05-31,84879.12695477952,39959.950014095855,124839.07696887538,0.3200916811012516,1
2021-06-01,84879.12695477952,39197.22750445718,124076.3544592367,0.31591214680098295,1
2021-06-02,47313.22171306447,76137.8877305325,123451.10944359697,0.6167452692299926,2
2021-06-03,9784.508628194104,113627.36383990846,123411.87246810256,0.9207166342061374,3
2021-06-04,9784.508628194104,112368.9813434004,122153.4899715945,0.9198998847231513,3
2021-06-07,9784.508628194104,113290.83703818807,123075.34566638217,0.9204998484853597,3
2021-06-08,9784.508628194104,112313.1780822121,122097.68671040621,0.919863275940672,3
2021-06-09,9784.508628194104,111203.08005067866,120987.58867887277,0.9191279970529513,3
2021-06-10,0.0,121304.33522557186,121304.33522557186,1.0,4
2021-06-11,0.0,121809.6543797779,121809.6543797779,1.0,4
2021-06-14,37945.703967763955,83943.24312265952,121888.94709042348,0.6886862601281322,3
2021-06-15,0.0,122010.33497732058,122010.33497732058,1.0,5
2021-06-16,0.0,121186.88451717875,121186.88451717875,1.0,5
2021-06-17,0.0,120936.56923405672,120936.56923405672,1.0,5
2021-06-18,0.0,121302.51850634535,121302.51850634535,1.0,5
2021-06-21,0.0,121582.64760575243,121582.64760575243,1.0,5
2021-06-22,0.0,121496.38029220563,121496.38029220563,1.0,5
2021-06-23,0.0,120729.53509999019,120729.53509999019,1.0,5
2021-06-24,0.0,121669.60090328545,121669.60090328545,1.0,5
2021-06-25,0.0,121651.3678947342,121651.3678947342,1.0,5
2021-06-28,0.0,120947.58246085717,120947.58246085717,1.0,5
2021-06-29,0.0,120485.2404318896,120485.2404318896,1.0,5
2021-06-30,36529.4005583688,83746.45801053641,120275.85856890521,0.6962865117488115,4
2021-07-01,71609.02340595513,48270.99202548151,119880.01543143664,0.40266087597468897,3
2021-07-02,71609.02340595513,48507.404114740144,120116.42752069527,0.4038365535503679,3
2021-07-05,71609.02340595513,48782.26247187948,120391.28587783461,0.4051976197129467,3
2021-07-06,71609.02340595513,48406.286811765116,120015.31021772025,0.40333426396974753,3
2021-07-07,35209.162768671835,84772.57260224063,119981.73537091247,0.7065456449698284,4
2021-07-08,45769.77047928917,73229.97784832469,118999.74832761387,0.6153792665738915,3
2021-07-09,9805.219950599872,108177.20818004811,117982.42813064798,0.9168925397963327,4
2021-07-12,9805.219950599872,107621.9687152726,117427.18866587247,0.9164995767845583,4
2021-07-13,47075.280942719306,70639.72994244882,117715.01088516813,0.6000910963798695,2
2021-07-14,11375.84505956914,106778.91079143868,118154.75585100782,0.9037208026233494,3
2021-07-15,11375.84505956914,107539.97007017293,118915.81512974207,0.9043369879173967,3
2021-07-16,11375.84505956914,106616.8488806437,117992.69394021283,0.903588564006062,3
2021-07-19,11375.84505956914,104860.85411909936,116236.6991786685,0.9021320706803346,3
2021-07-20,11375.84505956914,103650.14359636614,115025.98865593527,0.9011019579792836,3
2021-07-22,11375.84505956914,105449.5145345893,116825.35959415844,0.9026252082673841,3
2021-07-23,11375.84505956914,106420.67863085459,117796.52369042372,0.9034280070143196,3
2021-07-26,11375.84505956914,106541.16850041653,117917.01355998567,0.9035266861318352,3
2021-07-27,11375.84505956914,106669.81690970706,118045.6619692762,0.9036318245855579,3
2021-07-28,11375.84505956914,106617.96231261626,117993.8073721854,0.9035894737790218,3
2021-07-29,11375.84505956914,107031.97826594872,118407.82332551786,0.903926575625873,3
2021-07-30,11375.84505956914,106808.91257068535,118184.75763025449,0.9037452435688965,3
2021-08-02,11375.84505956914,107142.62955784559,118518.47461741473,0.9040162717560186,3
2021-08-03,11375.84505956914,108447.48134812235,119823.3264076915,0.9050615151438584,3
2021-08-04,11375.84505956914,110325.00439300641,121700.84945257555,0.9065261655055079,3
2021-08-05,45498.89894429874,75346.5735113583,120845.47245565704,0.6234952123589564,2
2021-08-06,45498.89894429874,75013.62343419419,120512.52237849293,0.6224550109290665,2
2021-08-09,83130.13621419069,37527.06715160156,120657.20336579224,0.3110221860341985,1
2021-08-10,46550.78110424056,73840.98193658968,120391.76304083024,0.6133391527088685,2
2021-08-11,46550.78110424056,73455.0584815395,120005.83958578005,0.6120957008015756,2
2021-08-12,83208.34922531829,36686.18224275297,119894.53146807126,0.30598711879134166,1
2021-08-13,46831.621276668186,73078.84326828747,119910.46454495566,0.609445085094216,2
2021-08-16,46831.621276668186,72799.96651021957,119631.58778688776,0.6085346508976021,2
2021-08-17,10630.528800922482,110107.89343046471,120738.4222313872,0.9119540523682694,3
2021-08-18,10630.528800922482,109349.92931864053,119980.458119563,0.9113978312174059,3
2021-08-20,10630.528800922482,108941.12757777024,119571.65637869271,0.9110949105927347,3
2021-08-23,10630.528800922482,109970.79731999805,120601.32612092054,0.9118539642734623,3
2021-08-24,10630.528800922482,109931.57090390984,120562.09970483233,0.9118252848370357,3
2021-08-25,10630.528800922482,110548.99661718142,121179.5254181039,0.9122745466757347,3
2021-08-26,0.0,121463.46877024823,121463.46877024823,1.0,4
2021-08-27,0.0,121555.5382943183,121555.5382943183,1.0,4
2021-08-30,0.0,121970.60342072533,121970.60342072533,1.0,4
2021-08-31,0.0,123393.83748185233,123393.83748185233,1.0,4
2021-09-01,0.0,122062.38043701777,122062.38043701777,1.0,4
2021-09-02,0.0,123897.21591154573,123897.21591154573,1.0,4
2021-09-03,0.0,124071.32013279747,124071.32013279747,1.0,4
2021-09-06,0.0,124588.95999466065,124588.95999466065,1.0,4
2021-09-07,0.0,123509.29976016078,123509.29976016078,1.0,4
2021-09-08,-7.275957614183426e-12,122172.31315418119,122172.31315418117,1.0000000000000002,4
2021-09-09,-7.275957614183426e-12,122176.36408936516,122176.36408936515,1.0000000000000002,4
2021-09-13,-7.275957614183426e-12,121190.56512883522,121190.56512883521,1.0000000000000002,4
2021-09-14,0.0,120887.41414889267,120887.41414889267,1.0,4
2021-09-15,0.0,122258.8596699461,122258.8596699461,1.0,4
2021-09-16,3183.4803142996825,119050.93027126904,122234.41058556872,0.9739559400740831,4
2021-09-17,0.0,121136.38176905095,121136.38176905095,1.0,5
2021-09-20,0.0,120450.55976929076,120450.55976929076,1.0,5
2021-09-21,0.0,121317.77914350943,121317.77914350943,1.0,5
2021-09-22,0.0,121110.64869197187,121110.64869197187,1.0,5
2021-09-23,0.0,123470.38373405547,123470.38373405547,1.0,5
2021-09-24,10614.978554385201,113453.55545301647,124068.53400740167,0.9144426212551852,4
2021-09-27,-1.8189894035458565e-12,124074.06738020258,124074.06738020258,1.0,5
2021-09-28,-1.8189894035458565e-12,122944.19677287959,122944.19677287959,1.0,5
2021-09-29,-1.8189894035458565e-12,122238.66148502594,122238.66148502594,1.0,5
2021-09-30,-1.8189894035458565e-12,121309.16460217004,121309.16460217004,1.0,5
2021-10-01,-1.8189894035458565e-12,120616.77243186504,120616.77243186504,1.0,5
2021-10-04,-1.8189894035458565e-12,121833.86967911344,121833.86967911344,1.0,5
2021-10-05,-1.8189894035458565e-12,122866.27252571342,122866.27252571342,1.0,5
2021-10-06,-1.8189894035458565e-12,121456.71665340028,121456.71665340028,1.0,5
2021-10-07,37927.1762540872,84712.92169117655,122640.09794526375,0.690744080528909,4
2021-10-08,607.4123353774266,123626.31600007466,124233.72833545209,0.99511072923983,5
2021-10-11,607.4123353774266,123173.0495028918,123780.46183826923,0.9950928254236838,5
2021-10-12,35470.26863797906,87589.72564687958,123059.99428485864,0.711764421540012,4
2021-10-13,35470.26863797906,88111.85182997011,123582.12046794916,0.7129821975568205,4
2021-10-14,71116.00790223983,52476.211006921934,123592.21890916176,0.4245915436269583,3
2021-10-18,0.0,124233.36956953656,124233.36956953656,1.0,4
2021-10-19,0.0,125430.25931196136,125430.25931196136,1.0,4
2021-10-20,0.0,124388.07705050393,124388.07705050393,1.0,4
2021-10-21,0.0,122743.77701758344,122743.77701758344,1.0,4
2021-10-22,0.0,122318.56892766524,122318.56892766524,1.0,4
2021-10-25,0.0,125624.19960827811,125624.19960827811,1.0,4
2021-10-26,10625.666337557706,115001.86490873132,125627.53124628903,0.9154192856283516,3
2021-10-27,0.0,125787.08332856373,125787.08332856373,1.0,4
2021-10-28,0.0,122735.90214248167,122735.90214248167,1.0,4
2021-10-29,0.0,121181.41886453299,121181.41886453299,1.0,4
2021-11-01,0.0,122118.06475792736,122118.06475792736,1.0,4
2021-11-02,0.0,121406.9975938761,121406.9975938761,1.0,4
2021-11-03,0.0,120353.52252350186,120353.52252350186,1.0,4
2021-11-04,0.0,120590.74505119043,120590.74505119043,1.0,4
2021-11-08,0.0,121184.73691286838,121184.73691286838,1.0,4
2021-11-09,35445.24012660583,85669.26448096675,121114.50460757258,0.7073410799024179,3
2021-11-10,35445.24012660583,85231.56575282582,120676.80587943165,0.7062795964120958,3
2021-11-11,35445.24012660583,84574.78130085085,120020.02142745668,0.7046722729671409,3
2021-11-12,35445.24012660583,85847.15384540825,121292.39397201408,0.707770298154193,3
2021-11-15,35445.24012660583,85856.94940115338,121302.18952775921,0.7077938966757528,3
2021-11-16,110689.57275564276,9853.683099747841,120543.2558553906,0.08174396012306807,1
2021-11-17,37683.17730349977,81943.92637963619,119627.10368313597,0.6849946530235018,3
2021-11-18,37683.17730349977,81912.36424927124,119595.541552771,0.6849115208289581,3
2021-11-22,37683.17730349977,80838.29383488125,118521.47113838102,0.6820561123519774,3
2021-11-23,37683.17730349977,80378.79157552414,118061.96887902392,0.6808186610701615,3
2021-11-24,37683.17730349977,79966.68613184281,117649.86343534259,0.6797006286011585,3
2021-11-25,37683.17730349977,80114.6408887014,117797.81819220117,0.6801029265073892,3
2021-11-26,47135.838416629966,68410.99066075182,115546.82907738179,0.5920628995793293,2
2021-11-29,47135.838416629966,68325.25751817165,115461.09593480162,0.5917599946977244,2
2021-11-30,47135.838416629966,68461.53046144606,115597.36887807603,0.5922412519064726,2
2021-12-01,47135.838416629966,69141.00514491647,116276.84356154644,0.5946240285437356,2
2021-12-02,47135.838416629966,69561.67187606494,116697.5102926949,0.5960853123737928,2
2021-12-03,47135.838416629966,69015.86877364764,116151.70719027761,0.5941872955908182,2
2021-12-06,47135.838416629966,67883.72322580454,115019.5616424345,0.5901928529065094,2
2021-12-07,47135.838416629966,69405.5946540164,116541.43307064637,0.5955443727205874,2
2021-12-08,47135.838416629966,71136.95911236899,118272.79752899896,0.601465092553739,2
2021-12-09,47135.838416629966,71416.59379221048,118552.43220884044,0.6024051338432596,2
2021-12-10,47135.838416629966,71474.40964337402,118610.24806000399,0.6025989390665104,2
2021-12-13,47135.838416629966,70990.04689870425,118125.88531533422,0.6009694378941417,2
2021-12-14,47135.838416629966,71362.13373731637,118497.97215394634,0.6022224046552158,2
2021-12-15,47135.838416629966,70696.22750638687,117832.06592301684,0.5999744377950125,2
2021-12-16,117958.66924181992,0.0,117958.66924181992,0.0,0
2021-12-17,117958.66924181992,0.0,117958.66924181992,0.0,0
2021-12-20,82217.19246154849,35332.60677077927,117549.79923232776,0.30057564539899556,1
2021-12-21,46587.10572563267,71111.9325626068,117699.03828823948,0.6041844827011839,2
2021-12-22,46587.10572563267,71590.2903312416,118177.39605687428,0.6057866624239031,2
2021-12-23,46587.10572563267,72551.08912928708,119138.19485491974,0.6089658250877144,2
2021-12-24,46587.10572563267,72747.715396952,119334.82112258466,0.6096101264711592,2
2021-12-27,46587.10572563267,73047.90414051487,119635.00986614753,0.6105896946240387,2
2021-12-28,46587.10572563267,73579.9621436076,120167.06786924027,0.6123138680863346,2
2021-12-29,46587.10572563267,73415.15762064134,120002.263346274,0.6117814412282986,2
2021-12-30,46587.10572563267,73943.05164669381,120530.15737232647,0.6134817481261418,2
2021-12-31,46587.10572563267,73888.1776861778,120475.28341181047,0.6133056971828164,2
2022-01-03,46587.10572563267,74880.16566392314,121467.2713895558,0.6164637174056221,2
2022-01-04,46587.10572563267,75553.64551349792,122140.7512391306,0.6185785231136893,2
2022-01-05,46587.10572563267,74248.84637784775,120835.9521034804,0.6144598944713341,2
2022-01-06,46587.10572563267,73194.68089726285,119781.78662289551,0.6110668655135267,2
2022-01-07,46587.10572563267,73579.37806003206,120166.48378566472,0.6123119836914935,2
2022-01-10,46587.10572563267,74554.76164934557,121141.86737497823,0.6154334852588281,2
2022-01-11,46587.10572563267,75004.99309102305,121592.09881665572,0.6168574588396597,2
2022-01-12,46587.10572563267,74882.73771433064,121469.8434399633,0.6164718385542464,2
2022-01-13,9444.440046851865,112577.62292208988,122022.06296894175,0.9226005542189877,3
2022-01-14,9444.440046851865,113698.14796945667,123142.58801630852,0.923304843604545,3
2022-01-17,47139.18983540594,76274.17054011556,123413.3603755215,0.6180381954435803,2
2022-01-18,49121.98982657534,73814.42247474364,122936.41230131898,0.6004276608774248,2
2022-01-19,7.275957614183426e-12,120096.84245039902,120096.84245039904,0.9999999999999999,4
2022-01-20,7.275957614183426e-12,118378.55885284385,118378.55885284385,1.0,4
2022-01-21,7.275957614183426e-12,117436.0433321351,117436.0433321351,1.0,4
2022-01-24,7.275957614183426e-12,114887.05863230582,114887.05863230582,1.0,4
2022-01-25,7.275957614183426e-12,114695.1191501554,114695.1191501554,1.0,4
2022-01-27,7.275957614183426e-12,112474.74065550632,112474.74065550632,1.0,4
2022-01-28,7.275957614183426e-12,112241.89674025103,112241.89674025105,0.9999999999999999,4
2022-01-31,7.275957614183426e-12,114314.13451394734,114314.13451394736,0.9999999999999999,4
2022-02-01,7.275957614183426e-12,116281.1652216101,116281.1652216101,1.0,4
2022-02-02,7.275957614183426e-12,117108.50611303058,117108.5061130306,0.9999999999999999,4
2022-02-03,7.275957614183426e-12,115472.06883285394,115472.06883285395,0.9999999999999999,4
2022-02-04,7.275957614183426e-12,115081.4550196436,115081.45501964362,0.9999999999999999,4
2022-02-07,7.275957614183426e-12,113389.95498148724,113389.95498148724,1.0,4
2022-02-08,7.275957614183426e-12,113866.33036510274,113866.33036510274,1.0,4
2022-02-09,7.275957614183426e-12,115079.8867882318,115079.88678823182,0.9999999999999999,4
2022-02-10,7.275957614183426e-12,115857.96708918046,115857.96708918046,1.0,4
2022-02-11,35336.23680001422,78347.53944440378,113683.776244418,0.6891708037209991,3
2022-02-14,35336.23680001422,77465.86390136318,112802.1007013774,0.6867413232528324,3
2022-02-15,35336.23680001422,79816.60659763413,115152.84339764836,0.6931362200237614,3
2022-02-16,68436.95817944327,46304.98798143835,114741.94616088163,0.40355763110827264,2
2022-02-17,114418.33969258187,0.0,114418.33969258187,0.0,0
2022-02-18,114418.33969258187,0.0,114418.33969258187,0.0,0
2022-02-21,114418.33969258187,0.0,114418.33969258187,0.0,0
2022-02-22,114418.33969258187,0.0,114418.33969258187,0.0,0
2022-02-23,114418.33969258187,0.0,114418.33969258187,0.0,0
2022-02-24,114418.33969258187,0.0,114418.33969258187,0.0,0
2022-02-25,114418.33969258187,0.0,114418.33969258187,0.0,0
2022-02-28,114418.33969258187,0.0,114418.33969258187,0.0,0
2022-03-02,114418.33969258187,0.0,114418.33969258187,0.0,0
2022-03-03,114418.33969258187,0.0,114418.33969258187,0.0,0
2022-03-04,114418.33969258187,0.0,114418.33969258187,0.0,0
2022-03-07,114418.33969258187,0.0,114418.33969258187,0.0,0
2022-03-08,114418.33969258187,0.0,114418.33969258187,0.0,0
2022-03-09,114418.33969258187,0.0,114418.33969258187,0.0,0
2022-03-10,114418.33969258187,0.0,114418.33969258187,0.0,0
2022-03-11,114418.33969258187,0.0,114418.33969258187,0.0,0
2022-03-14,114418.33969258187,0.0,114418.33969258187,0.0,0
2022-03-15,114418.33969258187,0.0,114418.33969258187,0.0,0
2022-03-16,114418.33969258187,0.0,114418.33969258187,0.0,0
2022-03-17,114418.33969258187,0.0,114418.33969258187,0.0,0
2022-03-21,114418.33969258187,0.0,114418.33969258187,0.0,0
2022-03-22,114418.33969258187,0.0,114418.33969258187,0.0,0
2022-03-23,79749.58276572956,33880.374596806556,113629.95736253611,0.29816410551586586,1
2022-03-24,79749.58276572956,34139.126396071886,113888.70916180144,0.2997586560364865,1
2022-03-25,79749.58276572956,33955.467728563126,113705.0504942927,0.29862761223845097,1
2022-03-28,79749.58276572956,33907.516532948706,113657.09929867827,0.2983317077611097,1
2022-03-29,45311.48167823004,68023.89511148553,113335.37678971558,0.600200017314084,2
2022-03-30,45311.48167823004,69000.13292456952,114311.61460279956,0.6036143673092661,2
2022-03-31,45311.48167823004,68558.85574735697,113870.337425587,0.6020782698756769,2
2022-04-01,45311.48167823004,68771.87084203206,114083.3525202621,0.6028212646522431,2
2022-04-04,45311.48167823004,68500.58480070836,113812.06647893839,0.6018745368566417,2
2022-04-05,45311.48167823004,67618.57690980512,112930.05858803517,0.5987650919094559,2
2022-04-06,45311.48167823004,66944.54852266367,112256.0302008937,0.5963559231772183,2
2022-04-07,0.0,110162.55036964602,110162.55036964602,1.0,4
2022-04-08,0.0,110759.31780859061,110759.31780859061,1.0,4
2022-04-11,0.0,109614.56975007604,109614.56975007604,1.0,4
2022-04-12,0.0,108472.89755646644,108472.89755646644,1.0,4
2022-04-13,0.0,107871.69440291848,107871.69440291848,1.0,4
2022-04-18,0.0,103656.75701238023,103656.75701238023,1.0,4
2022-04-19,0.0,102723.79580439214,102723.79580439214,1.0,4
2022-04-20,0.0,104877.03972963791,104877.03972963791,1.0,4
2022-04-21,0.0,106984.58528794386,106984.58528794386,1.0,4
2022-04-22,0.0,105126.34136029631,105126.34136029631,1.0,4
2022-04-25,0.0,104235.0662368201,104235.0662368201,1.0,4
2022-04-26,0.0,105416.07091462809,105416.07091462809,1.0,4
2022-04-27,0.0,104906.58085676137,104906.58085676137,1.0,4
2022-04-28,35956.45332945879,69509.06182332212,105465.5151527809,0.6590690968761584,3
2022-04-29,3904.0700148896103,100334.8024412209,104238.87245611052,0.9625468894386457,4
2022-05-02,3904.0700148896103,100391.67824794578,104295.74826283539,0.9625673138175204,4
2022-05-04,3904.0700148896103,97728.19872957192,101632.26874446153,0.9615863144341903,4
2022-05-05,3904.0700148896103,97470.2556213027,101374.32563619231,0.9614885722751896,4
2022-05-06,3904.0700148896103,95887.90638424421,99791.97639913383,0.9608779166846574,4
2022-05-09,3904.0700148896103,94523.74255852055,98427.81257341016,0.9603357027570043,4
2022-05-10,43211.58858576724,54233.55334179703,97445.14192756427,0.5565547165205165,2
2022-05-11,43211.58858576724,54060.89798846892,97272.48657423616,0.5557676162335057,2
2022-05-12,43211.58858576724,52814.80595420548,96026.39453997272,0.5500030091437034,2
2022-05-13,43211.58858576724,52423.50016445464,95635.08875022188,0.548161776702832,2
2022-05-16,43211.58858576724,52642.55033387224,95854.13891963949,0.5491943376384173,2
2022-05-17,43211.58858576724,54790.24342654765,98001.83201231489,0.55907366527253,2
2022-05-18,43211.58858576724,54792.853874224194,98004.44245999143,0.5590854097924428,2
2022-05-19,43211.58858576724,53501.951096939505,96713.53968270675,0.5532002165618817,2
2022-05-20,43211.58858576724,55832.218195805646,99043.80678157289,0.5637123613285151,2
2022-05-23,69616.50579695529,28965.586352849026,98582.09214980432,0.2938219885700257,1
2022-05-24,69616.50579695529,29065.02963539549,98681.53543235078,0.2945336177437213,1
2022-05-25,69616.50579695529,29022.25280073821,98638.7585976935,0.29422767696325053,1
2022-05-26,69616.50579695529,28745.586164933848,98362.09196188913,0.29224252546470303,1
2022-05-27,69616.50579695529,28612.25058027349,98228.75637722877,0.29128181640001233,1
2022-05-30,98381.53371730066,0.0,98381.53371730066,0.0,0
2022-05-31,98381.53371730066,0.0,98381.53371730066,0.0,0
2022-06-01,98381.53371730066,0.0,98381.53371730066,0.0,0
2022-06-02,98381.53371730066,0.0,98381.53371730066,0.0,0
2022-06-03,98381.53371730066,0.0,98381.53371730066,0.0,0
2022-06-06,98381.53371730066,0.0,98381.53371730066,0.0,0
2022-06-07,98381.53371730066,0.0,98381.53371730066,0.0,0
2022-06-08,98381.53371730066,0.0,98381.53371730066,0.0,0
2022-06-09,98381.53371730066,0.0,98381.53371730066,0.0,0
2022-06-10,98381.53371730066,0.0,98381.53371730066,0.0,0
2022-06-13,68571.92900095857,29658.131841377875,98230.06084233645,0.3019252109492274,1
2022-06-14,68571.92900095857,29270.546066482304,97842.47506744087,0.29915991031815886,1
2022-06-15,68571.92900095857,28916.373417105413,97488.30241806398,0.29661377519019544,1
2022-06-16,68571.92900095857,28512.081079450498,97084.01008040906,0.29368462485053504,1
2022-06-17,68571.92900095857,28846.206442709008,97418.13544366758,0.29610714998122134,1
2022-06-20,68571.92900095857,28323.300750023343,96895.2297509819,0.2923085153192108,1
2022-06-21,68571.92900095857,28780.496712088814,97352.42571304739,0.29563204513178953,1
2022-06-22,68571.92900095857,27906.199360194627,96478.1283611532,0.28924897108007147,1
2022-06-23,68571.92900095857,27453.457695941204,96025.38669689978,0.28589791346112386,1
2022-06-24,68571.92900095857,27844.387140159975,96416.31614111854,0.2887933106612981,1
2022-06-27,68571.92900095857,27761.967900816282,96333.89690177485,0.288184832065117,1
2022-06-28,68571.92900095857,28152.337611844385,96724.26661280295,0.29105764869266,1
2022-06-29,68571.92900095857,28736.501683302355,97308.43068426092,0.29531358671834296,1
2022-06-30,68571.92900095857,28909.135183160834,97481.0641841194,0.2965615468513772,1
2022-07-01,68571.92900095857,26826.971903340454,95398.90090429902,0.2812083959987377,1
2022-07-04,68571.92900095857,26882.659463883538,95454.5884648421,0.2816277341532406,1
2022-07-05,68571.92900095857,27100.398621017328,95672.3276219759,0.2832626663803712,1
2022-07-06,68571.92900095857,26862.055390538655,95433.98439149722,0.2814726385135813,1
2022-07-07,68571.92900095857,26597.54021445004,95169.46921540861,0.27947555485728937,1
2022-07-08,68571.92900095857,26634.29406332776,95206.22306428633,0.2797537094328742,1
2022-07-11,94775.59050754856,0.0,94775.59050754856,0.0,0
2022-07-12,94775.59050754856,0.0,94775.59050754856,0.0,0
2022-07-13,94775.59050754856,0.0,94775.59050754856,0.0,0
2022-07-14,94775.59050754856,0.0,94775.59050754856,0.0,0
2022-07-15,66058.58658376135,28355.296945051075,94413.88352881242,0.30032973843722727,1
2022-07-18,66058.58658376135,29140.427164352135,95199.01374811349,0.30610009512760944,1
2022-07-19,66058.58658376135,29466.936758144697,95525.52334190605,0.30847186937334325,1
2022-07-20,66058.58658376135,29559.41424995848,95618.00083371984,0.30914068472695266,1
2022-07-21,66058.58658376135,29668.880506710855,95727.4670904722,0.30993069605268825,1
2022-07-22,66058.58658376135,30199.22072166039,96257.80730542174,0.3137326889842775,1
2022-07-25,66058.58658376135,30231.30677119927,96289.89335496063,0.3139613693386838,1
2022-07-26,66058.58658376135,30057.670719242877,96116.25730300423,0.31272202604068094,1
2022-07-27,66058.58658376135,30216.20718272524,96274.79376648659,0.31385377211001153,1
2022-07-28,66058.58658376135,30748.434270265596,96807.02085402695,0.3176260771068499,1
2022-07-29,66058.58658376135,30899.420939510943,96958.0075232723,0.31868869553754314,1
2022-08-01,66058.58658376135,31080.606785704353,97139.1933694657,0.31995949016675784,1
2022-08-02,66058.58658376135,30867.3371938458,96925.92377760715,0.3184631726045731,1
2022-08-03,66058.58658376135,31133.45073761598,97192.03732137734,0.32032923267849017,1
2022-08-04,66058.58658376135,30961.703862124145,97020.2904458855,0.3191260685762788,1
2022-08-05,66058.58658376135,31639.25700113739,97697.84358489874,0.32384805887392076,1
2022-08-08,66058.58658376135,31592.073666998218,97650.66025075957,0.32352135239917623,1
2022-08-10,36410.96273915071,61490.99883344915,97901.96157259986,0.6280875055588144,2
2022-08-11,36410.96273915071,62294.01042352259,98704.9731626733,0.63111318941202,2
2022-08-12,36410.96273915071,62837.840535290125,99248.80327444084,0.6331344909170559,2
2022-08-16,69350.04509787989,30173.632089159633,99523.67718703952,0.3031804384845318,1
2022-08-17,39207.45671090143,60222.52801956597,99429.9847304674,0.6056777357737293,2
2022-08-18,9168.11472233589,90077.75363342416,99245.86835576005,0.9076222025739998,3
2022-08-19,9168.11472233589,88675.07279255375,97843.18751488964,0.9062978736159766,3
2022-08-22,9168.11472233589,87523.75208564161,96691.8668079775,0.9051821520775574,3
2022-08-23,9168.11472233589,88276.13300601007,97444.24772834596,0.9059142541908204,3
2022-08-24,9168.11472233589,88657.05298912812,97825.167711464,0.9062806132939398,3
2022-08-25,9168.11472233589,88378.11147205767,97546.22619439356,0.9060126149415012,3
2022-08-26,9168.11472233589,88175.26944958844,97343.38417192432,0.905816766076845,3
2022-08-29,9168.11472233589,86923.83097350951,96091.9456958454,0.9045901854110102,3
2022-08-30,9168.11472233589,89376.90347688762,98545.0181992235,0.9069652135656298,3
2022-09-01,9168.11472233589,87791.30376776843,96959.41849010432,0.9054437942687168,3
2022-09-02,9168.11472233589,87659.15228268103,96827.26700501691,0.9053147423663124,3
2022-09-05,9168.11472233589,88630.54193172055,97798.65665405644,0.9062552080365859,3
2022-09-06,9168.11472233589,88859.10820986584,98027.22293220172,0.9064737891363422,3
2022-09-07,9168.11472233589,88296.51883787444,97464.63356021032,0.9059339332900468,3
2022-09-08,9168.11472233589,89409.54514868974,98577.65987102562,0.9069960198453583,3
2022-09-09,38921.68677804831,59230.214720560514,98151.90149860882,0.6034545822976239,2
2022-09-12,9138.457914098195,89114.59428373248,98253.05219783068,0.9069905951043833,3
2022-09-13,9138.457914098195,89836.31966110345,98974.77757520165,0.9076688209058642,3
2022-09-14,9138.457914098195,90065.06800225608,99203.52591635428,0.9078817226536535,3
2022-09-15,39964.097956083,58549.27826387837,98513.37621996137,0.5943282070969644,2
2022-09-16,38527.45126545998,58461.38367455502,96988.834940015,0.6027640574372486,2
2022-09-19,38527.45126545998,58337.95915869126,96865.41042415124,0.6022579050998992,2
2022-09-20,38527.45126545998,59255.85470427803,97783.30596973801,0.6059915250013794,2
2022-09-21,38527.45126545998,59161.61657284329,97689.06783830328,0.605611435158422,2
2022-09-22,38527.45126545998,58146.13491041725,96673.58617587722,0.6014686866444843,2
2022-09-23,38527.45126545998,56685.360694940275,95212.81196040026,0.5953543386421163,2
2022-09-26,38527.45126545998,55623.043603069615,94150.4948685296,0.5907886483309603,2
2022-09-27,38527.45126545998,55099.18094204791,93626.6322075079,0.5884990161766123,2
2022-09-28,38527.45126545998,54523.78982994277,93051.24109540274,0.5859544610914013,2
2022-09-29,38527.45126545998,54202.89502065571,92730.3462861157,0.5845216500477082,2
2022-09-30,38527.45126545998,55549.276342600264,94076.72760806025,0.5904677783226906,2
2022-10-03,38527.45126545998,54951.88921810863,93479.34048356861,0.587850630244528,2
2022-10-04,38527.45126545998,56352.43312608884,94879.88439154883,0.5939344623728092,2
2022-10-06,38527.45126545998,56607.96746657511,95135.41873203509,0.5950251569924864,2
2022-10-07,38527.45126545998,56393.20475663006,94920.65602209004,0.5941088812482098,2
2022-10-10,38527.45126545998,56056.972174115646,94584.42343957562,0.592666002874428,2
2022-10-11,65796.09048777641,27882.53337564359,93678.62386342,0.29764029642766,1
2022-10-12,65796.09048777641,27810.473070274325,93606.56355805074,0.29709960512573963,1
2022-10-13,65796.09048777641,27338.077735075804,93134.16822285221,0.2935343521795462,1
2022-10-14,65796.09048777641,27871.324776712725,93667.41526448913,0.2975562493959327,1
2022-10-17,93444.18845185635,0.0,93444.18845185635,0.0,0
2022-10-18,93444.18845185635,0.0,93444.18845185635,0.0,0
2022-10-19,93444.18845185635,0.0,93444.18845185635,0.0,0
2022-10-20,93444.18845185635,0.0,93444.18845185635,0.0,0
2022-10-21,93444.18845185635,0.0,93444.18845185635,0.0,0
2022-10-24,93444.18845185635,0.0,93444.18845185635,0.0,0
2022-10-25,93444.18845185635,0.0,93444.18845185635,0.0,0
2022-10-27,93444.18845185635,0.0,93444.18845185635,0.0,0
2022-10-28,93444.18845185635,0.0,93444.18845185635,0.0,0
2022-10-31,93444.18845185635,0.0,93444.18845185635,0.0,0
2022-11-01,65130.59935094387,27655.826497069847,92786.42584801372,0.29805896977183627,1
2022-11-02,65130.59935094387,27537.12001077217,92667.71936171604,0.29715978984315683,1
2022-11-03,65130.59935094387,27657.349875612872,92787.94922655674,0.29807049413370473,1
2022-11-04,65130.59935094387,27555.38197550144,92685.98132644531,0.2972982707972829,1
2022-11-07,65130.59935094387,27926.724073152505,93057.32342409638,0.3001023782500188,1
2022-11-09,65130.59935094387,27713.659148343715,92844.25849928759,0.29849620855721914,1
2022-11-10,65130.59935094387,27719.747089179706,92850.34644012357,0.2985422042238189,1
2022-11-11,8582.920092294953,85122.19374175828,93705.11383405323,0.9084049979652674,3
2022-11-14,8582.920092294953,84702.50158288225,93285.4216751772,0.907992911023322,3
2022-11-15,0.0,93742.31529567984,93742.31529567984,1.0,4
2022-11-16,0.0,93938.4313655387,93938.4313655387,1.0,4
2022-11-17,0.0,93849.08762118722,93849.08762118722,1.0,4
2022-11-18,0.0,93806.06275503093,93806.06275503093,1.0,4
2022-11-21,0.0,92899.08044618108,92899.08044618108,1.0,4
2022-11-22,0.0,93169.60839517908,93169.60839517908,1.0,4
2022-11-23,0.0,93262.57613578285,93262.57613578285,1.0,4
2022-11-24,0.0,94569.31924030674,94569.31924030674,1.0,4
2022-11-25,0.0,94619.2140053182,94619.2140053182,1.0,4
2022-11-28,0.0,95422.55911374826,95422.55911374826,1.0,4
2022-11-29,0.0,95744.15954434553,95744.15954434553,1.0,4
2022-11-30,0.0,95707.55031689451,95707.55031689451,1.0,4
2022-12-01,0.0,96649.81530432332,96649.81530432332,1.0,4
2022-12-02,0.0,96004.1739246365,96004.1739246365,1.0,4
2022-12-05,0.0,95581.90531706663,95581.90531706663,1.0,4
2022-12-06,0.0,95149.09279925734,95149.09279925734,1.0,4
2022-12-07,0.0,94629.39356652123,94629.39356652123,1.0,4
2022-12-08,0.0,94607.56632978146,94607.56632978146,1.0,4
2022-12-09,28783.15638477874,64223.726075071536,93006.88245985028,0.6905265973493518,3
2022-12-12,772.5656159515165,92117.42970273797,92889.99531868949,0.9916830051148029,4
2022-12-13,9022.103582706335,84324.37852226058,93346.48210496691,0.9033482207442901,3
2022-12-14,1.8189894035458565e-12,93358.07523187465,93358.07523187465,1.0,4
2022-12-15,1.8189894035458565e-12,91815.54032692374,91815.54032692374,1.0,4
2022-12-16,1.8189894035458565e-12,91157.60600329889,91157.60600329889,1.0,4
2022-12-19,1.8189894035458565e-12,91174.53446506117,91174.53446506117,1.0,4
2022-12-20,1.8189894035458565e-12,91506.0556561615,91506.0556561615,1.0,4
2022-12-21,1.8189894035458565e-12,90785.8009947082,90785.8009947082,1.0,4
2022-12-22,1.8189894035458565e-12,90545.80506029757,90545.80506029757,1.0,4
2022-12-23,1.8189894035458565e-12,89425.05009279575,89425.05009279575,1.0,4
2022-12-26,1.8189894035458565e-12,90681.3187743549,90681.3187743549,1.0,4
2022-12-27,1.8189894035458565e-12,91060.85514903188,91060.85514903188,1.0,4
2022-12-28,26899.78547832046,63733.59205147237,90633.37752979284,0.7032022174228472,3
2022-12-29,26899.78547832046,64202.331156524095,91102.11663484455,0.7047293029849113,3
2022-12-30,26899.78547832046,63468.74482287113,90368.53030119158,0.7023323784434087,3
2023-01-02,26899.78547832046,63927.62254174183,90827.40802006228,0.7038362531233002,3
2023-01-03,26899.78547832046,64012.13545266888,90911.92093098935,0.7041115708165497,3
2023-01-04,26899.78547832046,63313.36643031103,90213.1519086315,0.7018196913731076,3
2023-01-05,26899.78547832046,62515.60154185834,89415.38702017881,0.6991593239735141,3
2023-01-06,53326.715200289065,35802.59178173989,89129.30698202895,0.4016926978794834,2
2023-01-09,80292.65813304018,8794.431308279098,89087.08944131929,0.09871723684577097,1
2023-01-10,80292.65813304018,8664.384524865614,88957.0426579058,0.09739964668323642,1
2023-01-11,88850.61795115207,0.0,88850.61795115207,0.0,0
2023-01-12,88850.61795115207,0.0,88850.61795115207,0.0,0
2023-01-13,88850.61795115207,0.0,88850.61795115207,0.0,0
2023-01-16,88850.61795115207,0.0,88850.61795115207,0.0,0
2023-01-17,88850.61795115207,0.0,88850.61795115207,0.0,0
2023-01-18,88850.61795115207,0.0,88850.61795115207,0.0,0
2023-01-19,88850.61795115207,0.0,88850.61795115207,0.0,0
2023-01-20,88850.61795115207,0.0,88850.61795115207,0.0,0
2023-01-23,88850.61795115207,0.0,88850.61795115207,0.0,0
2023-01-24,88850.61795115207,0.0,88850.61795115207,0.0,0
2023-01-25,61928.880711952996,25981.477711953412,87910.35842390641,0.29554512321141885,1
2023-01-27,35371.54682320775,51643.43674899576,87014.9835722035,0.5935005056473169,2
2023-01-30,35371.54682320775,51790.886432149724,87162.43325535746,0.5941881668266343,2
2023-01-31,35371.54682320775,51047.81272598708,86419.35954919484,0.5906988086035022,2
2023-02-01,35371.54682320775,51807.88586476166,87179.43268796941,0.5942672975424288,2
2023-02-02,35371.54682320775,51825.99083002008,87197.53765322783,0.5943515404772627,2
2023-02-03,35371.54682320775,52867.92465561611,88239.47147882386,0.5991414473544712,2
2023-02-06,35371.54682320775,52585.285261524776,87956.83208473252,0.597853333449608,2
2023-02-07,35371.54682320775,52720.599800419295,88092.14662362705,0.5984710535624431,2
2023-02-08,35371.54682320775,53082.39312508263,88453.93994829038,0.600113382808208,2
2023-02-09,35371.54682320775,53187.2797842633,88558.82660747104,0.6005869976124582,2
2023-02-10,8595.065828470495,79704.22196814891,88299.2877966194,0.9026598510254398,3
2023-02-13,8595.065828470495,78625.10152752115,87220.16735599165,0.9014555223978247,3
2023-02-14,8595.065828470495,79426.91805701613,88021.98388548662,0.9023531912249062,3
2023-02-15,8595.065828470495,79593.51673276603,88188.58256123653,0.9025376576100173,3
2023-02-16,8595.065828470495,79863.29063063185,88458.35645910235,0.9028348912129707,3
2023-02-17,8595.065828470495,78999.13707434117,87594.20290281167,0.9018763166552588,3
2023-02-20,8595.065828470495,78789.95782353992,87385.02365201042,0.9016414315718646,3
2023-02-21,8595.065828470495,78395.42357908169,86990.48940755219,0.9011953388582234,3
2023-02-22,8595.065828470495,77215.94665411401,85811.01248258451,0.8998372635421953,3
2023-02-23,33760.52951057151,51688.94667430426,85449.47618487576,0.604906536377961,2
2023-02-24,59765.38188637226,25487.370116165297,85252.75200253756,0.29896243250196386,1
2023-02-27,59765.38188637226,24807.71828276632,84573.10016913858,0.29332870892935364,1
2023-02-28,59765.38188637226,24450.2228509805,84215.60473735275,0.2903288877071486,1
2023-03-01,59765.38188637226,24589.933709379555,84355.31559575182,0.2915042583352971,1
2023-03-02,59765.38188637226,24197.09924742108,83962.48113379334,0.2881894260468941,1
2023-03-03,59765.38188637226,24314.621135475536,84080.0030218478,0.289184351351147,1
2023-03-06,59765.38188637226,24777.30902021611,84542.69090658837,0.2930745254795909,1
2023-03-08,59765.38188637226,24534.869589464808,84300.25147583707,0.2910414756769406,1
2023-03-09,59765.38188637226,24332.700962926043,84098.08284929831,0.28933716606274656,1
2023-03-10,59765.38188637226,24187.237705758747,83952.61959213101,0.28810581281761277,1
2023-03-13,83591.14491291544,0.0,83591.14491291544,0.0,0
2023-03-14,83591.14491291544,0.0,83591.14491291544,0.0,0
2023-03-15,83591.14491291544,0.0,83591.14491291544,0.0,0
2023-03-16,83591.14491291544,0.0,83591.14491291544,0.0,0
2023-03-17,83591.14491291544,0.0,83591.14491291544,0.0,0
2023-03-20,83591.14491291544,0.0,83591.14491291544,0.0,0
2023-03-21,83591.14491291544,0.0,83591.14491291544,0.0,0
2023-03-22,83591.14491291544,0.0,83591.14491291544,0.0,0
2023-03-23,83591.14491291544,0.0,83591.14491291544,0.0,0
2023-03-24,83591.14491291544,0.0,83591.14491291544,0.0,0
2023-03-27,83591.14491291544,0.0,83591.14491291544,0.0,0
2023-03-28,83591.14491291544,0.0,83591.14491291544,0.0,0
2023-03-29,83591.14491291544,0.0,83591.14491291544,0.0,0
2023-03-31,83591.14491291544,0.0,83591.14491291544,0.0,0
2023-04-03,83591.14491291544,0.0,83591.14491291544,0.0,0
2023-04-05,83591.14491291544,0.0,83591.14491291544,0.0,0
2023-04-06,83591.14491291544,0.0,83591.14491291544,0.0,0
2023-04-10,83591.14491291544,0.0,83591.14491291544,0.0,0
2023-04-11,83591.14491291544,0.0,83591.14491291544,0.0,0
2023-04-12,83591.14491291544,0.0,83591.14491291544,0.0,0
2023-04-13,58263.02800430206,25299.666031512646,83562.69403581471,0.302762690018937,1
2023-04-17,58263.02800430206,25364.39230853007,83627.42031283214,0.3033023404721484,1
2023-04-18,58263.02800430206,25239.160025244146,83502.1880295462,0.3022574691852815,1
2023-04-19,58263.02800430206,25099.85845514322,83362.88645944529,0.3010915231126732,1
2023-04-20,58263.02800430206,25170.213477477795,83433.24148177986,0.3016808771953858,1
2023-04-21,32981.47709328584,50039.19643802529,83020.67353131113,0.6027317571586923,2
2023-04-24,32981.47709328584,50779.92831588016,83761.40540916601,0.6062449414241002,2
2023-04-25,32981.47709328584,50664.81822663863,83646.29531992447,0.605703074270766,2
2023-04-26,32981.47709328584,50821.76436516597,83803.24145845181,0.6064415108616356,2
2023-04-27,32981.47709328584,51055.424698328236,84036.90179161407,0.6075357802329522,2
2023-04-28,32981.47709328584,51134.71142542662,84116.18851871246,0.6079057114440131,2
2023-05-02,32981.47709328584,51254.69314602182,84236.17023930766,0.6084641906251398,2
2023-05-03,32981.47709328584,51364.28672187509,84345.76381516093,0.6089729276082801,2
2023-05-04,32981.47709328584,51851.59671662719,84833.07380991302,0.6112191199485708,2
2023-05-05,32981.47709328584,50467.322115824296,83448.79920911013,0.6047699019534215,2
2023-05-08,32981.47709328584,51057.43398860108,84038.91108188691,0.6075451636784189,2
2023-05-09,32981.47709328584,50959.68757695804,83941.16467024387,0.6070881643964445,2
2023-05-10,7545.599208819371,76370.89373295104,83916.49294177041,0.9100820477083658,3
2023-05-11,7545.599208819371,76311.17925004652,83856.7784588659,0.9100180170584456,3
2023-05-12,7545.599208819371,76703.37636013138,84248.97556895076,0.9104369025514865,3
2023-05-15,33839.02993080787,50309.67443092778,84148.70436173564,0.5978662988637143,2
2023-05-16,8345.593005276882,74667.7435337237,83013.33653900058,0.8994668404713979,3
2023-05-17,8345.593005276882,74202.37093095551,82547.9639362324,0.8989000744861039,3
2023-05-18,8345.593005276882,74437.48111040634,82783.07411568322,0.8991872059061913,3
2023-05-19,8345.593005276882,74753.11802296774,83098.71102824462,0.8995701268766939,3
2023-05-22,32770.17269438667,50080.36831416035,82850.541008547,0.604466400635742,2
2023-05-23,7635.859902310756,74974.94467942684,82610.8045817376,0.9075682661490653,3
2023-05-24,7635.859902310756,74538.97419738752,82174.83409969827,0.9070778786964562,3
2023-05-25,7635.859902310756,74440.53831517004,82076.39821748079,0.9069664353194722,3
2023-05-26,7635.859902310756,75668.379347084,83304.23924939476,0.9083376791972056,3
2023-05-29,7635.859902310756,75678.8768855322,83314.73678784295,0.9083492285193782,3
2023-05-30,7635.859902310756,75688.88891898745,83324.7488212982,0.9083602409809006,3
2023-05-31,7635.859902310756,74960.4424997597,82596.30240207045,0.9075520370737644,3
2023-06-01,7635.859902310756,74806.14470840406,82442.00461071481,0.9073790122114724,3
2023-06-02,7635.859902310756,74640.69218010781,82276.55208241857,0.9071927577293016,3
2023-06-05,7635.859902310756,74966.49776283266,82602.35766514341,0.9075588140805219,3
2023-06-06,7635.859902310756,74438.14016989156,82074.00007220231,0.9069637169433278,3
2023-06-07,32538.01776940842,49632.00238813227,82170.02015754068,0.6040159451461151,2
2023-06-08,7701.186736084626,73810.07619944576,81511.26293553038,0.9055199679316008,3
2023-06-09,7701.186736084626,73436.0085450751,81137.19528115973,0.9050843856581661,3
2023-06-12,7701.186736084626,73684.828273812,81386.01500989663,0.9053745691425222,3
2023-06-13,32318.920095743597,49153.14534369891,81472.06543944251,0.6033128665460682,2
2023-06-14,32318.920095743597,49512.670056751114,81831.59015249471,0.6050556999379252,2
2023-06-15,7537.211466027107,73426.53762136992,80963.74908739702,0.9069063432587466,3
2023-06-16,7537.211466027107,73556.98437138864,81094.19583741574,0.9070560921383533,3
2023-06-19,7537.211466027107,73284.77873438559,80821.99020041269,0.9067430603065177,3
2023-06-20,31488.222978427202,49233.54284355871,80721.76582198591,0.6099165738288289,2
2023-06-21,31488.222978427202,49282.026802048305,80770.24978047551,0.6101507292102145,2
2023-06-22,31488.222978427202,49026.8031712275,80515.0261496547,0.6089149506093497,2
2023-06-23,31488.222978427202,48764.50180928614,80252.72478771335,0.6076367118783731,2
2023-06-26,31488.222978427202,48679.12323337951,80167.34621180671,0.6072188432527938,2
2023-06-27,31488.222978427202,48913.57355690159,80401.79653532879,0.6083641866809384,2
2023-06-28,31488.222978427202,49273.10017142868,80761.32314985589,0.6101076387765523,2
2023-06-30,31488.222978427202,49402.37691624297,80890.59989467017,0.6107307521587321,2
2023-07-03,31488.222978427202,50251.98736753077,81740.21034595797,0.6147768296025155,2
2023-07-04,31488.222978427202,50043.612061827094,81531.8350402543,0.6137922939808642,2
2023-07-05,31488.222978427202,50348.81101514721,81837.03399357441,0.6152325977393125,2
2023-07-06,31488.222978427202,50917.67357229287,82405.89655072008,0.6178887155357081,2
2023-07-07,57086.43249957352,24685.01900085123,81771.45150042475,0.3018782050202815,1
2023-07-10,7539.2558126157455,74147.58733498806,81686.8431476038,0.9077053840972567,3
2023-07-11,7539.2558126157455,74209.1947062536,81748.45051886936,0.9077749392830935,3
2023-07-12,7539.2558126157455,73994.51778617811,81533.77359879386,0.9075321124014886,3
2023-07-13,7539.2558126157455,74183.83820425,81723.09401686574,0.9077463243002056,3
2023-07-14,32322.150900480443,49285.475990759136,81607.62689123958,0.6039322287418437,2
2023-07-17,7553.017197974405,74700.33793410826,82253.35513208267,0.9081737494373847,3
2023-07-18,7553.017197974405,74932.29481061167,82485.31200858607,0.9084319739593372,3
2023-07-19,0.0,82477.92830459987,82477.92830459987,1.0,5
2023-07-20,0.0,82473.74752919728,82473.74752919728,1.0,5
2023-07-21,0.0,80525.18305034284,80525.18305034284,1.0,5
2023-07-24,0.0,80235.12670876039,80235.12670876039,1.0,5
2023-07-25,0.0,80524.08818884219,80524.08818884219,1.0,5
2023-07-26,0.0,80802.96279814474,80802.96279814474,1.0,5
2023-07-27,0.0,80358.79803320151,80358.79803320151,1.0,5
2023-07-28,0.0,79870.42738584512,79870.42738584512,1.0,5
2023-07-31,0.0,80703.37214083443,80703.37214083443,1.0,5
2023-08-01,0.0,80733.66067124484,80733.66067124484,1.0,5
2023-08-02,0.0,80017.45670589348,80017.45670589348,1.0,5
2023-08-03,0.0,79389.81835840172,79389.81835840172,1.0,5
2023-08-04,0.0,80431.11666315571,80431.11666315571,1.0,5
2023-08-07,48979.76083681449,31570.214431684344,80549.97526849883,0.3919332603945652,3
2023-08-08,48979.76083681449,31485.41143800249,80465.17227481699,0.39129241320044267,3
2023-08-09,24621.33059759569,55492.69706958385,80114.02766717954,0.6926714170472001,4
2023-08-10,24621.33059759569,55090.27302370838,79711.60362130406,0.6911198686383562,4
2023-08-11,464.5077723369104,78858.47746836088,79322.9852406978,0.9941440961793431,5
2023-08-14,24263.81542221261,55011.36241389791,79275.17783611052,0.6939292211696529,4
2023-08-16,24263.81542221261,54974.09687920088,79237.91230141348,0.6937852762965869,4
2023-08-17,31415.79140440737,47274.65941932527,78690.45082373264,0.6007674238036957,2
2023-08-18,31415.79140440737,47356.65074384447,78772.44214825184,0.6011829702412678,2
2023-08-21,31415.79140440737,46990.856313873024,78406.6477182804,0.5993223493333611,2
2023-08-22,7637.166464364127,70305.56661862745,77942.73308299157,0.9020156701942662,3
2023-08-23,7637.166464364127,70500.39754110569,78137.56400546982,0.902259987733563,3
2023-08-24,7637.166464364127,69920.74015948697,77557.9066238511,0.9015294920039075,3
2023-08-25,7637.166464364127,69508.23638122423,77145.40284558835,0.9010029608679285,3
2023-08-28,7637.166464364127,69473.17319350307,77110.3396578672,0.9009579454811163,3
2023-08-29,7637.166464364127,69439.43231469402,77076.59877905814,0.9009145890537251,3
2023-08-30,7637.166464364127,69350.94670781592,76988.11317218005,0.9008007061131114,3
2023-08-31,0.0,76467.46870418212,76467.46870418212,1.0,4
2023-09-01,0.0,76767.61216817277,76767.61216817277,1.0,4
2023-09-04,0.0,77277.00319780431,77277.00319780431,1.0,4
2023-09-05,0.0,77405.88562346641,77405.88562346641,1.0,4
2023-09-06,0.0,77750.77145108757,77750.77145108757,1.0,4
2023-09-07,23045.549760834998,54619.86726858926,77665.41702942425,0.7032714090480713,3
2023-09-08,23045.549760834998,54698.33900809268,77743.88876892767,0.7035709156596018,3
2023-09-11,45971.81061866276,31880.803665220985,77852.61428388374,0.4095020309654602,2
2023-09-12,45971.81061866276,32704.16681001739,78675.97742868015,0.41568173512256323,2
2023-09-13,45971.81061866276,32600.00601834488,78571.81663700764,0.4149071182731207,2
2023-09-14,45971.81061866276,32591.306571840687,78563.11719050346,0.4148423298023141,2
2023-09-15,45971.81061866276,32880.66764715853,78852.4782658213,0.41698965422892353,2
2023-09-18,45971.81061866276,32830.70140824054,78802.5120269033,0.4166199853760002,2
2023-09-20,70513.51199096948,7851.862954198949,78365.37494516843,0.10019556417222313,1
2023-09-21,23035.908372439648,54403.41263488875,77439.3210073284,0.7025295667267064,3
2023-09-22,23035.908372439648,54278.23065733879,77314.13902977844,0.7020479221327538,3
2023-09-25,23035.908372439648,54133.857583410994,77169.76595585064,0.701490498421122,3
2023-09-26,23035.908372439648,53935.24660442512,76971.15497686477,0.7007202454040925,3
2023-09-27,23035.908372439648,53857.96794338472,76893.87631582437,0.7004194680233727,3
2023-09-28,23035.908372439648,53356.634612758746,76392.5429851984,0.698453442282933,3
2023-09-29,30505.934353021643,45942.10753326662,76448.04188628827,0.6009585909551832,2
2023-10-03,30505.934353021643,45567.27723385433,76073.21158687597,0.5989924216860002,2
2023-10-04,30505.934353021643,45477.97061834641,75983.90497136806,0.5985211030610131,2
2023-10-05,30505.934353021643,46074.96744182521,76580.90179484685,0.6016508863431222,2
2023-10-06,30505.934353021643,46389.2167329197,76895.15108594134,0.6032788293903357,2
2023-10-09,7195.7422595950775,69587.54652750434,76783.28878709942,0.906285047524507,3
2023-10-10,7195.7422595950775,70138.23184227172,77333.9741018668,0.9069523796861052,3
2023-10-11,7195.7422595950775,70047.54217106396,77243.28443065904,0.9068431344856307,3
2023-10-12,7195.7422595950775,69178.68894092749,76374.43120052257,0.9057833603931856,3
2023-10-13,7195.7422595950775,68752.10798488789,75947.85024448296,0.9052541680056599,3
2023-10-16,7195.7422595950775,68495.24795448342,75690.9902140785,0.9049326447012623,3
2023-10-17,7195.7422595950775,68574.63023235908,75770.37249195416,0.9050322438317276,3
2023-10-18,7195.7422595950775,68171.56907112336,75367.31133071844,0.9045243603288496,3
2023-10-19,7195.7422595950775,67664.01268368388,74859.75494327895,0.9038770262466492,3
2023-10-20,51698.84398116018,22486.22459335458,74185.06857451476,0.3031098444125373,1
2023-10-23,51698.84398116018,22193.18327021126,73892.02725137144,0.3003461144016637,1
2023-10-25,51698.84398116018,21585.04333654624,73283.88731770642,0.2945400977839639,1
2023-10-26,51698.84398116018,21418.03953440231,73116.88351556248,0.2929287806672396,1
2023-10-27,51698.84398116018,21747.31796703934,73446.16194819951,0.29609876663640233,1
2023-10-30,51698.84398116018,21695.327850228834,73394.17183138902,0.2956001452004972,1
2023-10-31,51698.84398116018,21559.047316536344,73257.89129769652,0.29428976093411296,1
2023-11-01,51698.84398116018,21334.539556539636,73033.38353769982,0.2921203773275375,1
2023-11-02,51698.84398116018,21586.618444956992,73285.46242611717,0.2945552600793038,1
2023-11-03,51698.84398116018,21884.387016541852,73583.23099770203,0.29740997670006214,1
2023-11-06,51698.84398116018,22108.894776538564,73807.73875769874,0.2995471091333553,1
2023-11-07,73535.17769031375,0.0,73535.17769031375,0.0,0
2023-11-08,73535.17769031375,0.0,73535.17769031375,0.0,0
2023-11-09,73535.17769031375,0.0,73535.17769031375,0.0,0
2023-11-10,73535.17769031375,0.0,73535.17769031375,0.0,0
2023-11-13,73535.17769031375,0.0,73535.17769031375,0.0,0
2023-11-15,73535.17769031375,0.0,73535.17769031375,0.0,0
2023-11-16,73535.17769031375,0.0,73535.17769031375,0.0,0
2023-11-17,73535.17769031375,0.0,73535.17769031375,0.0,0
2023-11-20,73535.17769031375,0.0,73535.17769031375,0.0,0
2023-11-21,73535.17769031375,0.0,73535.17769031375,0.0,0
2023-11-22,73535.17769031375,0.0,73535.17769031375,0.0,0
2023-11-23,73535.17769031375,0.0,73535.17769031375,0.0,0
2023-11-24,73535.17769031375,0.0,73535.17769031375,0.0,0
2023-11-28,73535.17769031375,0.0,73535.17769031375,0.0,0
2023-11-29,51254.018850148685,21993.674936530486,73247.69378667917,0.3002644015057066,1
2023-11-30,51254.018850148685,21780.67333171739,73034.69218186608,0.2982236616741072,1
2023-12-01,51254.018850148685,21935.043131374965,73189.06198152364,0.29970384286264523,1
2023-12-04,51254.018850148685,22172.321443793084,73426.34029394177,0.30196686032604114,1
2023-12-05,51254.018850148685,22333.103747661422,73587.12259781011,0.3034920100045607,1
2023-12-06,6608.31283551448,66372.71575844492,72981.0285939594,0.9094516347216645,3
2023-12-07,0.0,72790.7317371831,72790.7317371831,1.0,4
2023-12-08,0.0,73456.16609208369,73456.16609208369,1.0,4
2023-12-11,0.0,73583.928664361,73583.928664361,1.0,4
2023-12-12,0.0,72953.48312953755,72953.48312953755,1.0,4
2023-12-13,0.0,72834.87030896146,72834.87030896146,1.0,4
2023-12-14,0.0,74034.69975199358,74034.69975199358,1.0,4
2023-12-15,0.0,74832.73436924926,74832.73436924926,1.0,4
2023-12-18,0.0,74643.8923604998,74643.8923604998,1.0,4
2023-12-19,0.0,74788.35428521295,74788.35428521295,1.0,4
2023-12-20,0.0,74271.01731584538,74271.01731584538,1.0,4
2023-12-21,0.0,74945.1480457466,74945.1480457466,1.0,4
2023-12-22,0.0,74653.5950242595,74653.5950242595,1.0,4
2023-12-26,0.0,74862.42493289078,74862.42493289078,1.0,4
2023-12-27,0.0,75482.98910167755,75482.98910167755,1.0,4
2023-12-28,616.1943474454492,74373.46822790313,74989.66257534857,0.991782942791264,4
2023-12-29,0.0,74702.46952391289,74702.46952391289,1.0,5
2024-01-01,0.0,74756.69173581734,74756.69173581734,1.0,5
2024-01-02,0.0,74160.85429848707,74160.85429848707,1.0,5
2024-01-03,0.0,73101.21190908122,73101.21190908122,1.0,5
2024-01-04,43694.23506055908,29041.84333178226,72736.07839234134,0.399277002193181,3
2024-01-05,28294.881115069275,44489.41229720964,72784.29341227892,0.6112501779086331,3
2024-01-08,6255.5683348739985,65622.67149636504,71878.23983123904,0.9129699287355774,4
2024-01-09,6255.5683348739985,65615.14540804437,71870.71374291836,0.9129608152042267,4
2024-01-10,6255.5683348739985,65704.7940434051,71960.3623782791,0.9130692491237062,4
2024-01-11,6255.5683348739985,65397.70316611098,71653.27150098498,0.9126966821774773,4
2024-01-12,6255.5683348739985,67865.91192968196,74121.48026455595,0.9156038396353325,4
2024-01-15,6255.5683348739985,68971.26997136889,75226.83830624289,0.916843928633448,4
2024-01-16,6255.5683348739985,68499.25867831033,74754.82701318433,0.9163188708366522,4
2024-01-17,6255.5683348739985,66923.65227917227,73179.22061404627,0.9145171500545705,4
2024-01-18,6255.5683348739985,66403.74126440777,72659.30959928177,0.913905480668979,4
2024-01-19,6255.5683348739985,66679.6205712733,72935.1889061473,0.9142311354958765,4
2024-01-23,6255.5683348739985,65356.233289591815,71611.80162446582,0.912646125457388,4
2024-01-24,0.0,72121.17503812796,72121.17503812796,1.0,5
2024-01-25,0.0,71642.24790292972,71642.24790292972,1.0,5
2024-01-29,22283.691332749273,49237.28321644775,71520.97454919702,0.6884313801202327,4
2024-01-30,1266.3787518176214,69795.35736493519,71061.73611675281,0.9821791751648595,4
2024-01-31,0.0,71594.72681672787,71594.72681672787,1.0,5
2024-02-01,0.0,71786.35760980907,71786.35760980907,1.0,5
2024-02-02,0.0,72696.78012490708,72696.78012490708,1.0,5
2024-02-05,0.0,72612.00444962949,72612.00444962949,1.0,5
2024-02-06,18498.08960277953,55464.32391951112,73962.41352229065,0.7498987834245753,4
2024-02-07,42927.5341829502,30472.22195279594,73399.75613574614,0.41515426694933905,3
2024-02-08,20670.448082700168,52527.853140547886,73198.30122324805,0.7176102759590388,4
2024-02-09,20670.448082700168,52368.58754854911,73039.03563124928,0.7169945097980395,4
2024-02-12,20670.448082700168,52339.426084734674,73009.87416743484,0.7168814722883063,4
2024-02-13,20670.448082700168,52713.61628082725,73384.06436352742,0.7183251123799355,4
2024-02-14,20670.448082700168,52228.7835894765,72899.23167217667,0.716451770360847,4
2024-02-15,20670.448082700168,52331.9767538912,73002.42483659137,0.7168525822399886,4
2024-02-16,20670.448082700168,52832.66523864121,73503.11332134137,0.7187813257333336,4
2024-02-19,20670.448082700168,52805.127699196426,73475.5757818966,0.7186759292086679,4
2024-02-20,20670.448082700168,52231.73038429499,72902.17846699516,0.716463231725534,4
2024-02-21,20670.448082700168,51641.720048429124,72312.16813112929,0.7141497950218166,4
2024-02-22,26960.283393396927,46199.3813620273,73159.66475542422,0.631487056651691,3
2024-02-23,4655.940591464841,67858.10015169675,72514.04074316159,0.935792564533043,4
2024-02-26,4655.940591464841,67201.22867527968,71857.16926674452,0.935205621944537,4
2024-02-27,26988.852261028536,44798.2782243349,71787.13048536344,0.6240433058327739,3
2024-02-28,6510.55161566551,64978.567933590035,71489.11954925554,0.9089294754682246,3
2024-02-29,9.094947017729282e-13,71438.77229533988,71438.77229533988,1.0,4
2024-03-01,9.094947017729282e-13,72039.64157557365,72039.64157557365,1.0,4
2024-03-04,9.094947017729282e-13,71920.31466259764,71920.31466259764,1.0,4
2024-03-05,9.094947017729282e-13,71040.11125050034,71040.11125050034,1.0,4
2024-03-06,9.094947017729282e-13,71657.58421108298,71657.58421108298,1.0,4
2024-03-07,20770.50274511395,50603.52357892775,71374.0263240417,0.7089907377395972,3
2024-03-11,20770.50274511395,50430.812251036696,71201.31499615064,0.7082848435280041,3
2024-03-12,20770.50274511395,50799.661936899494,71570.16468201345,0.7097882499307164,3
2024-03-13,20770.50274511395,50528.07335524037,71298.57610035432,0.7086827832875792,3
2024-03-14,20770.50274511395,50826.44789518409,71596.95064029803,0.7098968243848173,3
2024-03-15,20770.50274511395,50762.437251076175,71532.93999619012,0.7096372280208224,3
2024-03-18,20770.50274511395,50521.87317357099,71292.37591868493,0.7086574479043245,3
2024-03-19,20770.50274511395,49593.167462579855,70363.67020769381,0.7048121184724268,3
2024-03-20,20770.50274511395,49652.20796537511,70422.71071048906,0.705059596037102,3
2024-03-21,20770.50274511395,49639.0732748681,70409.57601998205,0.7050045758091295,3
2024-03-22,20770.50274511395,49505.47276231106,70275.97550742501,0.7044437648123512,3
2024-03-26,42857.93184032974,26767.880286488617,69625.81212681835,0.3844534012433905,2
2024-03-27,21735.1880810277,47715.27486895659,69450.4629499843,0.6870404147387671,3
2024-03-28,21735.1880810277,48055.245961792025,69790.43404281972,0.6885649390331613,3
2024-04-01,42061.140592561336,27754.519623531487,69815.66021609283,0.3975400295238337,2
2024-04-02,48525.53555871626,20865.36183809049,69390.89739680676,0.3006930681235242,1
2024-04-03,27536.347219272415,41422.66495451998,68959.0121737924,0.6006853005684804,2
2024-04-04,27536.347219272415,41332.86950104902,68869.21672032143,0.6001646522117742,2
2024-04-05,27536.347219272415,41381.065237566436,68917.41245683885,0.6004442674553735,2
2024-04-08,27536.347219272415,41816.248359238336,69352.59557851075,0.6029514542379335,2
2024-04-09,27536.347219272415,41887.24950970293,69423.59672897535,0.6033575251542742,2
2024-04-10,27536.347219272415,42155.89644267253,69692.24366194494,0.6048864870409032,2
2024-04-12,27536.347219272415,41885.184781388925,69421.53200066133,0.603345728253158,2
2024-04-15,27536.347219272415,41349.86040342133,68886.20762269374,0.6002632722925382,2
2024-04-16,27536.347219272415,41144.76145991725,68681.10867918967,0.5990695585900477,2
2024-04-18,27536.347219272415,40900.91709227525,68437.26431154767,0.5976410293971072,2
2024-04-19,27536.347219272415,41209.96560752505,68746.31282679747,0.5994498310236839,2
2024-04-22,27536.347219272415,41720.71559905907,69257.06281833148,0.6024037679521129,2
2024-04-23,27536.347219272415,41502.391134316786,69038.7383535892,0.6011464305989762,2
2024-04-24,27536.347219272415,41499.532129992935,69035.87934926535,0.601129912752166,2
2024-04-25,27536.347219272415,41965.016590917956,69501.36381019038,0.6038013398632761,2
2024-04-26,27536.347219272415,41748.01086781768,69284.35808709009,0.6025604049811739,2
2024-04-29,48705.07986916859,20542.303745933994,69247.38361510259,0.29665097327162837,1
2024-04-30,27710.48312669556,41185.587730537896,68896.07085723346,0.5977929832295188,2
2024-05-02,27710.48312669556,40983.04926328286,68693.53238997841,0.5966071016790776,2
2024-05-03,27710.48312669556,40573.2333419055,68283.71646860105,0.5941860730524577,2
2024-05-06,47637.5094713079,20542.118181166974,68179.62765247488,0.30129407989545254,1
2024-05-07,47637.5094713079,20284.064451144222,67921.57392245212,0.29863949375353227,1
2024-05-08,47637.5094713079,20124.572742567703,67762.0822138756,0.29698870053976595,1
2024-05-09,47637.5094713079,19993.7531845393,67631.2626558472,0.2956288615559464,1
2024-05-10,47637.5094713079,20017.947430748358,67655.45690205626,0.29588075149249266,1
2024-05-13,47637.5094713079,20214.174580246097,67851.684051554,0.29791706518127514,1
2024-05-14,47637.5094713079,20080.668717123233,67718.17818843113,0.2965329141201525,1
2024-05-15,47637.5094713079,20148.764801231897,67786.2742725398,0.2972395963262751,1
2024-05-16,47637.5094713079,20268.832576247867,67906.34204755577,0.2984821736098422,1
2024-05-17,47637.5094713079,20258.975499085296,67896.4849703932,0.2983803286417461,1
2024-05-21,47637.5094713079,20087.835114101614,67725.34458540952,0.296607351901599,1
2024-05-22,47637.5094713079,19911.319931384147,67548.82940269205,0.29476928182845186,1
2024-05-23,47637.5094713079,20330.656969228014,67968.16644053592,0.29912027988889367,1
2024-05-24,47637.5094713079,20284.959156994086,67922.46862830198,0.2986487323951847,1
2024-05-27,47637.5094713079,20246.432116828266,67883.94158813616,0.2982506855548686,1
2024-05-28,47637.5094713079,20195.357319315688,67832.8667906236,0.29772230298996083,1
2024-05-29,47637.5094713079,19748.24502431844,67385.75449562634,0.2930626090355669,1
2024-05-30,67099.56622608154,0.0,67099.56622608154,0.0,0
2024-05-31,67099.56622608154,0.0,67099.56622608154,0.0,0
2024-06-03,67099.56622608154,0.0,67099.56622608154,0.0,0
2024-06-04,46768.39765957884,18626.951923496978,65395.34958307582,0.2848360325658018,1
2024-06-05,46768.39765957884,19273.66806275754,66042.06572233638,0.29183926716936276,1
2024-06-06,46768.39765957884,19304.09147715078,66072.48913672962,0.29216534338827654,1
2024-06-07,46768.39765957884,19500.53853678861,66268.93619636745,0.2942636423045152,1
2024-06-10,46768.39765957884,19537.048331795675,66305.44599137452,0.2946522422055225,1
2024-06-11,26699.181548812194,39422.58154362395,66121.76309243614,0.5962118930269966,2
2024-06-12,26699.181548812194,39565.45427021133,66264.63581902353,0.597082497793683,2
2024-06-13,26699.181548812194,39437.6416832813,66136.82323209349,0.5963038403716951,2
2024-06-14,6612.118956598322,59604.65645204949,66216.77540864781,0.9001443529106857,3
2024-06-18,6612.118956598322,60089.8846021535,66702.00355875182,0.9008707594401674,3
2024-06-19,6612.118956598322,60801.8264183707,67413.94537496901,0.9019176385565261,3
2024-06-20,0.0,67909.77104638849,67909.77104638849,1.0,4
2024-06-21,0.0,67706.82985949425,67706.82985949425,1.0,4
2024-06-24,0.0,67794.68467758963,67794.68467758963,1.0,4
2024-06-25,0.0,69011.63625800716,69011.63625800716,1.0,4
2024-06-26,0.0,70039.09026031311,70039.09026031311,1.0,4
2024-06-27,0.0,70368.34159589186,70368.34159589186,1.0,4
2024-06-28,0.0,70300.71971386988,70300.71971386988,1.0,4
2024-07-01,0.0,70819.77304156756,70819.77304156756,1.0,4
2024-07-02,0.0,70973.30091239404,70973.30091239404,1.0,4
2024-07-03,20598.937226316197,50615.773954794866,71214.71118111107,0.7107488483112764,3
2024-07-04,0.0,70689.80782305756,70689.80782305756,1.0,5
2024-07-05,0.0,70114.6102629407,70114.6102629407,1.0,5
2024-07-08,0.0,70145.44255864342,70145.44255864342,1.0,5
2024-07-09,0.0,70086.84459435029,70086.84459435029,1.0,5
2024-07-10,20606.721755201124,48831.49453943894,69438.21629464006,0.703236591392804,4
2024-07-11,0.0,69176.96301935698,69176.96301935698,1.0,5
2024-07-12,0.0,70276.8966779166,70276.8966779166,1.0,5
2024-07-15,21490.132504419274,48584.29364863049,70074.42615304976,0.6933241742503519,4
2024-07-16,245.3220849218087,69549.7074016182,69795.02948654,0.9964851066511962,5
2024-07-18,245.3220849218087,70199.11530302916,70444.43738795097,0.9965175094866502,5
2024-07-19,8127.2098573990115,62051.12402802187,70178.33388542089,0.8841920375216061,4
2024-07-22,-9.094947017729282e-13,69768.88517095952,69768.88517095952,1.0,5
2024-07-23,-9.094947017729282e-13,69332.04507562256,69332.04507562256,1.0,5
2024-07-24,-9.094947017729282e-13,69220.3582459079,69220.3582459079,1.0,5
2024-07-25,-9.094947017729282e-13,69126.95851199955,69126.95851199955,1.0,5
2024-07-26,-9.094947017729282e-13,69851.26456371261,69851.26456371261,1.0,5
2024-07-29,-9.094947017729282e-13,69826.43281903562,69826.43281903562,1.0,5
2024-07-30,-9.094947017729282e-13,69826.53364737928,69826.53364737928,1.0,5
2024-07-31,-9.094947017729282e-13,69783.50209669225,69783.50209669225,1.0,5
2024-08-01,-9.094947017729282e-13,70123.61800937854,70123.61800937854,1.0,5
2024-08-02,20849.80508789544,48777.11111015793,69626.91619805337,0.7005496404782845,3
2024-08-05,0.0,67470.21244530115,67470.21244530115,1.0,4
2024-08-06,0.0,67477.65788658515,67477.65788658515,1.0,4
2024-08-07,0.0,68197.3614468099,68197.3614468099,1.0,4
2024-08-08,0.0,67878.67225863234,67878.67225863234,1.0,4
2024-08-09,20547.553992711117,47969.784902229585,68517.33889494071,0.7001116166490764,3
2024-08-12,20547.553992711117,47747.20553585414,68294.75952856525,0.6991342507895235,3
2024-08-13,20547.553992711117,47793.36146619173,68340.91545890285,0.699337448807406,3
2024-08-14,39673.46767890023,29067.30170699076,68740.76938589099,0.42285388957192566,2
2024-08-16,39673.46767890023,29815.161042649215,69488.62872154945,0.4290653246608548,2
2024-08-19,39673.46767890023,30201.438918418142,69874.90659731838,0.43222152828719773,2
2024-08-20,47993.10593866226,22027.87395725451,70020.97989591677,0.31458962713743815,1
2024-08-21,26784.56926337275,43136.87936996944,69921.4486333422,0.6169334333470822,2
2024-08-22,26784.56926337275,42980.3710978141,69764.94036118685,0.6160740749622411,2
2024-08-23,26784.56926337275,42591.57323211198,69376.14249548473,0.6139224768065478,2
2024-08-26,26784.56926337275,42936.64937935362,69721.21864272637,0.6158333175352919,2
2024-08-27,26784.56926337275,43179.044296912405,69963.61356028516,0.6171642958336702,2
2024-08-28,26784.56926337275,43659.13222521548,70443.70148858822,0.619773397800344,2
2024-08-29,26784.56926337275,43622.74184397261,70407.31110734536,0.6195768757233735,2
2024-08-30,26784.56926337275,43942.93931572921,70727.50857910195,0.6212991267263887,2
2024-09-02,26784.56926337275,44016.625728272295,70801.19499164504,0.6216932600285421,2
2024-09-03,48581.316849600145,21739.34082298916,70320.65767258931,0.3091458689736211,1
2024-09-04,27342.530334235667,42568.10984877641,69910.64018301207,0.608893148987645,2
2024-09-05,27342.530334235667,42672.43663284207,70014.96696707774,0.6094759232394896,2
2024-09-06,27342.530334235667,42231.73450159674,69574.26483583241,0.6070022385611523,2
2024-09-09,27342.530334235667,42117.28516527855,69459.81549951421,0.6063546938959707,2
2024-09-10,27342.530334235667,42588.781206883505,69931.31154111917,0.609008758284786,2
2024-09-11,27342.530334235667,42430.83768251131,69773.36801674697,0.6081236851333747,2
2024-09-12,6106.834091499397,64328.031614077365,70434.86570557675,0.9132981367917072,3
2024-09-13,0.0,70266.65895709141,70266.65895709141,1.0,4
2024-09-16,0.0,70521.96491516096,70521.96491516096,1.0,4
2024-09-17,0.0,70593.42172288235,70593.42172288235,1.0,4
2024-09-18,21494.230805081537,48416.17874258569,69910.40954766722,0.6925460608205126,3
2024-09-19,244.08265675550865,69151.95048375617,69396.03314051167,0.9964827577930674,4
2024-09-20,244.08265675550865,70133.28680451884,70377.36946127434,0.9965318019325827,4
2024-09-23,244.08265675550865,69739.95057900793,69984.03323576343,0.9965123093730075,4
2024-09-24,244.08265675550865,69750.53013960189,69994.6127963574,0.9965128365312108,4
2024-09-25,244.08265675550865,69859.4711102931,70103.55376704861,0.9965182555856358,4
2024-09-26,244.08265675550865,70101.38005764077,70345.46271439627,0.996530228854326,4
2024-09-27,244.08265675550865,69756.5264885606,70000.6091453161,0.9965131352464547,4
2024-09-30,244.08265675550865,68579.62877290772,68823.71142966322,0.9964535092385282,4
2024-10-01,244.08265675550865,68989.99665963938,69234.07931639488,0.996474530185632,4
2024-10-03,20065.552128635256,48262.69528176517,68328.24741040042,0.7063359168556543,3
2024-10-04,20065.552128635256,48165.370852225606,68230.92298086087,0.7059170350917904,3
2024-10-07,20065.552128635256,48099.92905952815,68165.48118816341,0.7056347028014592,3
2024-10-08,20065.552128635256,48422.80272660928,68488.35485524454,0.7070224248918614,3
2024-10-09,20065.552128635256,48532.62490441211,68598.17703304737,0.7074914670258858,3
2024-10-10,20065.552128635256,48255.5752768331,68321.12740546836,0.7063053130029404,3
2024-10-11,40863.925974779726,27272.843514157874,68136.7694889376,0.4002661663991243,2
2024-10-14,46785.64703565172,21571.636435019685,68357.2834706714,0.3155718796852857,1
2024-10-15,26069.719886874136,41966.99179179933,68036.71167867347,0.6168286320185892,2
2024-10-16,26069.719886874136,41725.411249136196,67795.13113601033,0.6154632427132095,2
2024-10-17,26069.719886874136,41931.31646681503,68001.03635368917,0.6166276091546682,2
2024-10-18,46715.92028941933,20363.707417800528,67079.62770721986,0.3035751406773052,1
2024-10-21,46715.92028941933,20930.963242762413,67646.88353218175,0.30941504101670697,1
2024-10-22,46715.92028941933,20759.637336467953,67475.55762588728,0.30766158986885395,1
2024-10-23,46715.92028941933,21016.930667567536,67732.85095698686,0.3102915405246141,1
2024-10-24,46715.92028941933,21184.625084233598,67900.54537365293,0.3119949179738658,1
2024-10-25,46715.92028941933,21108.950575086663,67824.870864506,0.3112272873656641,1
2024-10-28,46715.92028941933,20997.556810811715,67713.47710023104,0.3100942044333457,1
2024-10-29,46715.92028941933,21211.261920246216,67927.18220966554,0.3122647109779273,1
2024-10-30,26170.12068732671,41162.709157095334,67332.82984442204,0.6113319349892928,2
2024-10-31,26170.12068732671,40870.276989052705,67040.39767637942,0.609636553564966,2
2024-11-01,26170.12068732671,40882.737646526366,67052.85833385307,0.6097090961129965,2
2024-11-04,26170.12068732671,40377.51223109951,66547.63291842621,0.6067460322832832,2
2024-11-05,26170.12068732671,41206.838273187954,67376.95896051466,0.6115864964659009,2
2024-11-06,26170.12068732671,41262.166825068474,67432.28751239518,0.6119051918190347,2
2024-11-07,26170.12068732671,40793.46166771336,66963.58235504007,0.6091887595174783,2
2024-11-08,26170.12068732671,40584.13144563389,66754.2521329606,0.6079632405258429,2
2024-11-11,26170.12068732671,40888.16989428367,67058.29058161037,0.6097407127389044,2
2024-11-12,47410.8051523328,19521.920128632442,66932.72528096524,0.2916648029298788,1
2024-11-13,27130.189392200336,38928.026806058464,66058.2161982588,0.5892987889534406,2
2024-11-14,27130.189392200336,39111.30028325415,66241.48967545449,0.5904350955100378,2
2024-11-18,27130.189392200336,39201.97553959408,66332.16493179442,0.5909949657138921,2
2024-11-19,27130.189392200336,39569.6631103609,66699.85250256123,0.5932496343802477,2
2024-11-21,27130.189392200336,39579.66071226966,66709.85010447,0.5933105928177999,2
2024-11-22,27130.189392200336,40053.64435220414,67183.83374440447,0.5961797968330451,2
2024-11-25,27130.189392200336,40873.34259254912,68003.53198474945,0.6010473485658865,2
2024-11-26,27130.189392200336,40934.21595738632,68064.40534958665,0.6014041516581751,2
2024-11-27,27130.189392200336,41181.79660207915,68311.98599427949,0.6028487680848241,2
2024-11-28,27130.189392200336,40737.33220917066,67867.521601371,0.6002478247024674,2
2024-11-29,46647.02393062292,21007.343732473062,67654.36766309598,0.31050979350047375,1
2024-12-02,46647.02393062292,21108.516565549762,67755.54049617267,0.3115393429226961,1
2024-12-03,26053.302921980736,41820.56866642472,67873.87158840545,0.6161512182483003,2
2024-12-04,5473.535686571107,62904.50140297848,68378.03708954959,0.9199518453651597,3
2024-12-05,5473.535686571107,63808.31722323054,69281.85290980164,0.9209961128825881,3
2024-12-06,5473.535686571107,63483.71184110619,68957.2475276773,0.9206242145269182,3
2024-12-09,5473.535686571107,63579.770985011986,69053.3066715831,0.9207346331349027,3
2024-12-10,0.0,69038.43572056493,69038.43572056493,1.0,4
2024-12-11,0.0,68981.28601352769,68981.28601352769,1.0,4
2024-12-12,0.0,69129.43674009005,69129.43674009005,1.0,4
2024-12-13,21566.72412886672,47752.60760938164,69319.33173824835,0.6888786491724525,3
2024-12-16,587.8918102044881,68211.40483040316,68799.29664060764,0.9914549735402747,4
2024-12-17,587.8918102044881,67243.28035287309,67831.17216307757,0.9913330141370534,4
2024-12-18,587.8918102044881,66784.19393535814,67372.08574556262,0.9912739556197694,4
2024-12-19,587.8918102044881,65715.67505991939,66303.56687012388,0.9911333305588815,4
2024-12-20,587.8918102044881,64946.974303184455,65534.86611338894,0.9910293276683085,4
2024-12-23,587.8918102044881,65356.18332642807,65944.07513663256,0.991084994232061,4
2024-12-24,587.8918102044881,65388.44374399877,65976.33555420325,0.991089353398212,4
2024-12-26,587.8918102044881,65254.41442055791,65842.30623076239,0.9910712147878895,4
2024-12-27,587.8918102044881,65503.494714167406,66091.38652437189,0.9911048649283868,4
2024-12-30,587.8918102044881,65016.51995638711,65604.4117665916,0.9910388372614923,4
2024-12-31,587.8918102044881,64382.01350502327,64969.90531522776,0.9909513211177992,4
2025-01-01,20428.600169413163,44541.50954574399,64970.10971515715,0.6855692523996572,3
2025-01-02,39695.71467665225,25448.541818292528,65144.25649494478,0.3906490485506937,2
2025-01-03,39695.71467665225,24899.01697482058,64594.73165147283,0.38546513528635207,2
2025-01-06,39695.71467665225,24465.510445087006,64161.225121739255,0.38131301886250213,2
2025-01-07,39695.71467665225,24478.24283120279,64173.95750785504,0.3814357689909742,2
2025-01-08,45035.96081574171,18868.96786631636,63904.928682058075,0.2952662377606879,1
2025-01-09,45035.96081574171,18573.84443242209,63609.8052481638,0.29199656185016,1
2025-01-10,45035.96081574171,18450.78298506905,63486.74380081076,0.2906241820018091,1
2025-01-13,45035.96081574171,18162.341319294577,63198.30213503628,0.28738653896883126,1
2025-01-14,63116.45882268094,0.0,63116.45882268094,0.0,0
2025-01-15,63116.45882268094,0.0,63116.45882268094,0.0,0
2025-01-16,63116.45882268094,0.0,63116.45882268094,0.0,0
2025-01-17,63116.45882268094,0.0,63116.45882268094,0.0,0
2025-01-20,63116.45882268094,0.0,63116.45882268094,0.0,0
2025-01-21,63116.45882268094,0.0,63116.45882268094,0.0,0
2025-01-22,63116.45882268094,0.0,63116.45882268094,0.0,0
2025-01-23,63116.45882268094,0.0,63116.45882268094,0.0,0
2025-01-24,63116.45882268094,0.0,63116.45882268094,0.0,0
2025-01-27,63116.45882268094,0.0,63116.45882268094,0.0,0
2025-01-28,63116.45882268094,0.0,63116.45882268094,0.0,0
2025-01-29,63116.45882268094,0.0,63116.45882268094,0.0,0
2025-01-30,63116.45882268094,0.0,63116.45882268094,0.0,0
2025-01-31,63116.45882268094,0.0,63116.45882268094,0.0,0
2025-02-01,63116.45882268094,0.0,63116.45882268094,0.0,0
2025-02-03,63116.45882268094,0.0,63116.45882268094,0.0,0
2025-02-04,63116.45882268094,0.0,63116.45882268094,0.0,0
2025-02-05,63116.45882268094,0.0,63116.45882268094,0.0,0
2025-02-06,63116.45882268094,0.0,63116.45882268094,0.0,0
2025-02-07,63116.45882268094,0.0,63116.45882268094,0.0,0
2025-02-10,63116.45882268094,0.0,63116.45882268094,0.0,0
2025-02-11,63116.45882268094,0.0,63116.45882268094,0.0,0
2025-02-12,63116.45882268094,0.0,63116.45882268094,0.0,0
2025-02-13,63116.45882268094,0.0,63116.45882268094,0.0,0
2025-02-14,63116.45882268094,0.0,63116.45882268094,0.0,0
2025-02-17,63116.45882268094,0.0,63116.45882268094,0.0,0
2025-02-18,63116.45882268094,0.0,63116.45882268094,0.0,0
2025-02-19,63116.45882268094,0.0,63116.45882268094,0.0,0
2025-02-20,63116.45882268094,0.0,63116.45882268094,0.0,0
2025-02-21,63116.45882268094,0.0,63116.45882268094,0.0,0
2025-02-24,63116.45882268094,0.0,63116.45882268094,0.0,0
2025-02-25,63116.45882268094,0.0,63116.45882268094,0.0,0
2025-02-27,63116.45882268094,0.0,63116.45882268094,0.0,0
2025-02-28,63116.45882268094,0.0,63116.45882268094,0.0,0
2025-03-03,43992.17179940862,18518.6476452733,62510.819444681925,0.2962470786622965,1
2025-03-04,43992.17179940862,18610.61183314981,62602.783632558436,0.2972808995584473,1
2025-03-05,43992.17179940862,18392.943858493087,62385.11565790171,0.29482904158346995,1
2025-03-06,43992.17179940862,18406.003405556537,62398.175204965155,0.29497662944623954,1
2025-03-07,43992.17179940862,18384.78130944346,62376.95310885208,0.2947367640314324,1
2025-03-10,43992.17179940862,18365.735361660998,62357.90716106962,0.29452135579570615,1
2025-03-11,43992.17179940862,18343.968564195326,62336.14036360395,0.2942750137752477,1
2025-03-12,43992.17179940862,18623.128007400548,62615.29980680917,0.2974213661015699,1
2025-03-13,43992.17179940862,18573.60801175019,62565.77981115881,0.2968652843105382,1
2025-03-17,43992.17179940862,18614.965458350922,62607.13725775955,0.2973297658014826,1
2025-03-18,43992.17179940862,18614.965458350922,62607.13725775955,0.2973297658014826,1
2025-03-19,43992.17179940862,18981.735464231548,62973.90726364017,0.30142222849162814,1
2025-03-20,43992.17179940862,19250.011508703934,63242.18330811255,0.30438562525456947,1
2025-03-21,43992.17179940862,19267.424680968496,63259.59648037712,0.3045771037591929,1
2025-03-24,24795.989141436014,38627.07721768228,63423.0663591183,0.6090383110612388,2
2025-03-25,24795.989141436014,38657.981353089584,63453.970494525594,0.6092287220454511,2
2025-03-26,24795.989141436014,38386.489518857634,63182.47866029365,0.6075495981290333,2
2025-03-27,24795.989141436014,38601.609241234866,63397.59838267088,0.60888125459002,2
2025-03-28,24795.989141436014,38796.622901351846,63592.61204278786,0.610080662754469,2
2025-04-01,24795.989141436014,37720.7064614815,62516.69560291752,0.6033701253353058,2
2025-04-02,43874.51041020485,18659.906399820928,62534.41681002578,0.2983941859809476,1
2025-04-03,24966.0803524973,37501.8231872779,62467.9035397752,0.6003374703202479,2
2025-04-04,24966.0803524973,37818.393644341035,62784.47399683834,0.6023526397026989,2
2025-04-07,24966.0803524973,36522.630788584094,61488.711141081396,0.5939729441520666,2
2025-04-08,24966.0803524973,36816.090519096935,61782.17087159424,0.5959015359886614,2
2025-04-09,24966.0803524973,36785.08492551171,61751.16527800901,0.5956986359674691,2
2025-04-11,24966.0803524973,37376.0032330385,62342.0835855358,0.5995308639589684,2
2025-04-15,24966.0803524973,38527.568434313696,63493.648786811,0.6067940521685171,2
2025-04-16,24966.0803524973,38752.168216372025,63718.24856886933,0.608180059665122,2
2025-04-17,24966.0803524973,39758.8802059756,64724.9605584729,0.6142743056607535,2
2025-04-21,24966.0803524973,40016.75927870955,64982.83963120685,0.6158050264625896,2
2025-04-22,24966.0803524973,40474.353183117695,65440.433535615,0.618491519636558,2
2025-04-23,24966.0803524973,40187.76984716505,65153.85019966235,0.6168134304267612,2
2025-04-24,24966.0803524973,39808.97543922192,64775.05579171922,0.6145726152243787,2
2025-04-25,44532.17488283348,20088.704276297623,64620.8791591311,0.31087017907677345,1
2025-04-28,24952.04849761676,39889.54659624823,64841.59509386499,0.6151845360760163,2
2025-04-29,5309.503657464749,59638.695889088034,64948.19954655279,0.9182501794578759,3
2025-04-30,5309.503657464749,59845.53838987719,65155.042047341936,0.9185097040746771,3
2025-05-02,5309.503657464749,60065.65310808217,65375.156765546926,0.9187840776197895,3
2025-05-05,5309.503657464749,60375.74516037328,65685.24881783803,0.9191674880886976,3
2025-05-06,5309.503657464749,60204.952298890006,65514.45595635475,0.9189567618328098,3
2025-05-07,25434.57665470501,39741.821028833125,65176.39768353813,0.6097578639095435,2
2025-05-08,5680.9220692206,59052.32305234288,64733.24512156348,0.9122410430907285,3
2025-05-09,5680.9220692206,57598.68514878658,63279.60721800718,0.9102250737801039,3
2025-05-12,5680.9220692206,59937.235310939635,65618.15738016024,0.9134245413764356,3
2025-05-13,5680.9220692206,59049.122000857256,64730.044070077856,0.9122367032058508,3
2025-05-14,5680.9220692206,58991.787572507164,64672.709641727764,0.9121588982324751,3
2025-05-15,5680.9220692206,59985.91770092452,65666.83977014512,0.9134887244596263,3
2025-05-16,5680.9220692206,60070.264337003675,65751.18640622427,0.9135997024582538,3
2025-05-19,5680.9220692206,59820.033598042544,65500.955667263144,0.9132696307809769,3
2025-05-20,5680.9220692206,59203.152543562275,64884.074612782875,0.9124450475232424,3
2025-05-21,5680.9220692206,59477.11526237236,65158.03733159296,0.9128131800485324,3
2025-05-22,5680.9220692206,59091.352015261335,64772.274084481935,0.9122939228316884,3
2025-05-23,5680.9220692206,59581.44758224179,65262.36965146239,0.9129525621034004,3
2025-05-26,5680.9220692206,59909.918201616754,65590.84027083736,0.9133884846456766,3
2025-05-27,25513.707425548375,39445.86033146924,64959.56775701761,0.6072371121528574,2
2025-05-28,25862.202636146314,38728.62066422368,64590.82330036999,0.5995994273694578,2
2025-05-29,6266.171260275783,58285.15509128016,64551.326351555945,0.9029273042950458,3
2025-05-30,6266.171260275783,58358.43826765129,64624.609527927074,0.9030373830333489,3
2025-06-02,6266.171260275783,58194.43240731669,64460.60366759248,0.90279068293265,3
2025-06-03,6266.171260275783,57837.86400150981,64104.0352617856,0.9022499717110438,3
2025-06-04,6266.171260275783,58158.79265019882,64424.9639104746,0.9027369069390042,3
2025-06-05,25561.30919423248,39315.43924955085,64876.748443783334,0.6060019990616248,2
2025-06-06,5934.660092589595,59175.40918620557,65110.06927879517,0.9088518848416833,3
2025-06-09,5934.660092589595,58916.524448088734,64851.184540678325,0.9084880232393128,3
2025-06-10,5934.660092589595,58479.574329096344,64414.234421685935,0.9078672572006599,3
2025-06-11,5934.660092589595,58582.082660775326,64516.74275336492,0.9080136436013725,3
2025-06-12,5934.660092589595,58334.07709926497,64268.73719185457,0.9076586789798982,3
2025-06-13,5934.660092589595,57765.98635836086,63700.64645095046,0.9068351669372886,3
2025-06-16,5934.660092589595,58224.68258046767,64159.34267305727,0.9075012329407519,3
2025-06-17,5934.660092589595,58026.43270264657,63961.09279523617,0.9072145294391903,3
2025-06-18,5934.660092589595,57912.24273990755,63846.902832497144,0.9070485829491335,3
2025-06-19,5934.660092589595,57952.78440290083,63887.44449549042,0.907107568013485,3
2025-06-20,5934.660092589595,58910.455695537166,64845.11578812676,0.9084794587771214,3
2025-06-23,5934.660092589595,58524.55430525997,64459.21439784956,0.9079315479093463,3
2025-06-24,5934.660092589595,58620.673660856024,64555.33375344562,0.9080686327909685,3
2025-06-25,24801.61178491712,39954.63324551757,64756.24503043469,0.617000464229193,2
2025-06-26,44784.94144873986,20210.019207123238,64994.9606558631,0.31094747966895064,1
2025-06-27,25118.121991992804,39820.930168142746,64939.05216013555,0.6132046718197685,2
2025-06-30,25118.121991992804,39494.78060555314,64612.902597545944,0.611252226997974,2
2025-07-01,25118.121991992804,39961.76644766197,65079.88843965477,0.6140417171230472,2
2025-07-02,25118.121991992804,39576.198744711815,64694.32073670462,0.6117414680923928,2
2025-07-03,25118.121991992804,39574.20756488756,64692.329556880366,0.6117295177953387,2
2025-07-04,44782.645894531845,19834.424745147182,64617.07063967903,0.3069533259368705,1
2025-07-07,25206.42823537425,39385.63602811074,64592.064263484994,0.6097596736875944,2
2025-07-08,25206.42823537425,39471.41510189839,64677.84333727264,0.6102772304275604,2
2025-07-09,25206.42823537425,39325.36304143959,64531.791276813834,0.6093951874472315,2
2025-07-10,25206.42823537425,39253.26257307686,64459.69080845111,0.6089582820017264,2
2025-07-11,25206.42823537425,38748.299670582055,63954.7279059563,0.6058707610727448,2
2025-07-14,25206.42823537425,38592.132966961,63798.561202335244,0.6049060079045857,2
2025-07-15,25206.42823537425,38736.021042216234,63942.44927759048,0.6057950779153499,2
2025-07-16,25206.42823537425,38746.414037185634,63952.84227255988,0.6058591402717136,2
2025-07-17,25206.42823537425,38535.33671773631,63741.764953110556,0.6045539646742369,2
2025-07-18,25206.42823537425,38242.67036321874,63449.09859859299,0.602729923795431,2
2025-07-21,25206.42823537425,38047.105868686594,63253.53410406085,0.6015016616477716,2
2025-07-22,25206.42823537425,37906.2340413835,63112.66227675775,0.6006121857949744,2
2025-07-23,25206.42823537425,38227.08604960125,63433.51428497549,0.6026323226845954,2
2025-07-24,5967.756646127633,56839.98859998638,62807.74524611402,0.9049837464672104,3
2025-07-25,23953.03302237048,38446.882146701086,62399.915169071566,0.6161367694576166,2
2025-07-28,23953.03302237048,38629.57046910591,62582.60349147639,0.6172573257417642,2
2025-07-29,23953.03302237048,38729.05775857638,62682.09078094686,0.6178648043812324,2
2025-07-30,23953.03302237048,38721.333160224596,62674.36618259508,0.6178177063237325,2
2025-07-31,23953.03302237048,38634.46799550597,62587.50101787645,0.617287275688976,2
2025-08-01,23953.03302237048,38450.52152210919,62403.55454447967,0.6161591563618806,2
2025-08-04,43345.16155720828,18734.49697014892,62079.6585273572,0.3017815724919463,1
2025-08-05,24574.596210606524,36995.24066637244,61569.83687697897,0.6008663095907113,2
2025-08-06,24574.596210606524,37057.03511624595,61631.63132685247,0.6012664977131712,2
2025-08-07,24574.596210606524,37109.273975051125,61683.87018565765,0.6016041772891147,2
2025-08-08,24574.596210606524,36851.793571830116,61426.38978243664,0.5999342253769727,2
2025-08-11,24574.596210606524,37063.76967927469,61638.365889881214,0.6013100630456398,2
2025-08-12,24574.596210606524,36636.398618529274,61210.9948291358,0.5985264366442011,2
2025-08-13,24574.596210606524,36718.332221798955,61292.928432405475,0.5990631082718186,2
2025-08-14,24574.596210606524,36902.59563102143,61477.19184162795,0.600264822213848,2
2025-08-18,24574.596210606524,37113.00618025079,61687.60239085731,0.6016282809161553,2
2025-08-19,24574.596210606524,37017.82969222838,61592.425902834904,0.6010126918953612,2
2025-08-20,24574.596210606524,36917.7159785242,61492.312189130724,0.6003631131152962,2
2025-08-21,24574.596210606524,37142.96109992621,61717.557310532735,0.6018216325873186,2
2025-08-22,42882.177835670605,18379.8322945566,61262.01013022721,0.30002006554283517,1
2025-08-25,42882.177835670605,18375.154540173276,61257.33237584388,0.29996661342404957,1
2025-08-26,42882.177835670605,18213.304923728138,61095.48275939874,0.2981121369554324,1
2025-08-28,42882.177835670605,17921.4123649907,60803.5902006613,0.2947426674288024,1
2025-08-29,42882.177835670605,17805.403827878257,60687.58166354886,0.29339451894114316,1
2025-09-01,42882.177835670605,17786.692810344954,60668.87064601556,0.2931765932173834,1
2025-09-02,42882.177835670605,17672.556060203762,60554.733895874364,0.2918443352520092,1
2025-09-03,42882.177835670605,17858.73091306609,60740.90874873669,0.2940148786206219,1
2025-09-04,60668.833906914355,0.0,60668.833906914355,0.0,0
2025-09-05,60668.833906914355,0.0,60668.833906914355,0.0,0
2025-09-08,60668.833906914355,0.0,60668.833906914355,0.0,0
2025-09-09,60668.833906914355,0.0,60668.833906914355,0.0,0
2025-09-10,60668.833906914355,0.0,60668.833906914355,0.0,0
2025-09-11,60668.833906914355,0.0,60668.833906914355,0.0,0
2025-09-12,60668.833906914355,0.0,60668.833906914355,0.0,0
2025-09-15,60668.833906914355,0.0,60668.833906914355,0.0,0
2025-09-16,60668.833906914355,0.0,60668.833906914355,0.0,0
2025-09-17,60668.833906914355,0.0,60668.833906914355,0.0,0
2025-09-18,60668.833906914355,0.0,60668.833906914355,0.0,0
2025-09-19,60668.833906914355,0.0,60668.833906914355,0.0,0
2025-09-22,60668.833906914355,0.0,60668.833906914355,0.0,0
2025-09-23,60668.833906914355,0.0,60668.833906914355,0.0,0
2025-09-24,60668.833906914355,0.0,60668.833906914355,0.0,0
2025-09-25,60668.833906914355,0.0,60668.833906914355,0.0,0
2025-09-26,60668.833906914355,0.0,60668.833906914355,0.0,0
2025-09-29,60668.833906914355,0.0,60668.833906914355,0.0,0
2025-09-30,60668.833906914355,0.0,60668.833906914355,0.0,0
2025-10-01,60668.833906914355,0.0,60668.833906914355,0.0,0
2025-10-03,60668.833906914355,0.0,60668.833906914355,0.0,0
2025-10-06,60668.833906914355,0.0,60668.833906914355,0.0,0
2025-10-07,60668.833906914355,0.0,60668.833906914355,0.0,0
2025-10-08,60668.833906914355,0.0,60668.833906914355,0.0,0
2025-10-09,60668.833906914355,0.0,60668.833906914355,0.0,0
2025-10-10,60668.833906914355,0.0,60668.833906914355,0.0,0
2025-10-13,60668.833906914355,0.0,60668.833906914355,0.0,0
2025-10-14,60668.833906914355,0.0,60668.833906914355,0.0,0
2025-10-15,60668.833906914355,0.0,60668.833906914355,0.0,0
2025-10-16,60668.833906914355,0.0,60668.833906914355,0.0,0
2025-10-17,60668.833906914355,0.0,60668.833906914355,0.0,0
2025-10-20,60668.833906914355,0.0,60668.833906914355,0.0,0
2025-10-21,60668.833906914355,0.0,60668.833906914355,0.0,0
2025-10-23,60668.833906914355,0.0,60668.833906914355,0.0,0
2025-10-24,23903.520559324257,36128.84091701888,60032.36147634314,0.6018227507384682,2
2025-10-27,23903.520559324257,36684.408239048935,60587.92879837319,0.6054738784870614,2
2025-10-28,23903.520559324257,36730.35606832418,60633.87662764844,0.6057728469826307,2
2025-10-29,23903.520559324257,37024.91878577936,60928.439345103616,0.6076787651833198,2
2025-10-30,23903.520559324257,36653.225741980525,60556.74630130478,0.6052707250751148,2
2025-10-31,23903.520559324257,36431.53738532579,60335.05794465005,0.6038203761857197,2
2025-11-03,23903.520559324257,36506.51245610261,60410.03301542687,0.6043120758894465,2
2025-11-04,23903.520559324257,36227.687723761934,60131.20828308619,0.6024772952043294,2
2025-11-06,23903.520559324257,36505.58655872333,60409.107118047585,0.6043060111348189,2
2025-11-07,23903.520559324257,36236.085722916745,60139.606282241,0.6025328059657937,2
2025-11-10,23903.520559324257,36417.53187213342,60321.052431457676,0.6037283900759916,2
2025-11-11,23903.520559324257,36598.61456645458,60502.135125778834,0.604914429720028,2
2025-11-12,23903.520559324257,36786.202596141906,60689.72315546616,0.6061356137991983,2
2025-11-13,23903.520559324257,36727.364567777586,60630.88512710184,0.6057533959925739,2
2025-11-14,23903.520559324257,36880.888801948284,60784.40936127254,0.6067491514599818,2
2025-11-17,23903.520559324257,36998.47624293157,60901.996802255824,0.6075084264160142,2
2025-11-18,23903.520559324257,36938.47301830169,60841.993577625944,0.6071213457391615,2
2025-11-19,23903.520559324257,36970.9019086351,60874.42246795936,0.6073306392039179,2
2025-11-20,23903.520559324257,37606.51426027392,61510.03481959818,0.6113882778731874,2
2025-11-21,23903.520559324257,37380.7057382578,61284.226297582056,0.6099563949252736,2
2025-11-24,60987.424434381544,0.0,60987.424434381544,0.0,0
2025-11-25,24029.045227146336,36378.94927339413,60407.994500540466,0.6022207751503594,2
2025-11-26,24029.045227146336,36995.653749635254,61024.69897678159,0.6062406594371108,2
2025-11-27,24029.045227146336,37020.273494105255,61049.31872125159,0.6063994532541491,2
2025-11-28,5528.302440628027,55294.70389125402,60823.00633188205,0.9091083658301479,3
2025-12-01,5528.302440628027,55223.44582618447,60751.7482668125,0.9090017555322266,3
2025-12-02,5528.302440628027,54728.32120832443,60256.62364895246,0.9082540290867402,3
2025-12-03,5528.302440628027,55041.13759872065,60569.44003934867,0.9087278595107271,3
2025-12-04,5528.302440628027,55164.095958118065,60692.398398746096,0.9089127701906365,3
2025-12-05,5528.302440628027,55552.523465832244,61080.825906460275,0.9094920155615753,3
2025-12-08,5528.302440628027,55514.26534155336,61042.56778218139,0.9094352901346695,3
2025-12-09,5528.302440628027,55104.803380309066,60633.1058209371,0.9088236967943828,3
2025-12-10,5528.302440628027,54894.91257544955,60423.21501607758,0.9085069796574538,3
2025-12-11,5528.302440628027,55337.24661936787,60865.5490599959,0.9091718956617196,3
2025-12-12,5528.302440628027,55498.447563698646,61026.75000432668,0.9094118162898059,3
2025-12-15,5528.302440628027,55497.12679734265,61025.429237970675,0.9094098557001504,3
2025-12-16,5528.302440628027,55136.0510220335,60664.35346266153,0.9088706608563683,3
2025-12-17,5528.302440628027,55079.87742244259,60608.17986307062,0.9087861992701665,3
2025-12-18,5528.302440628027,55291.78987030024,60820.092310928274,0.9091040110171833,3
2025-12-19,5528.302440628027,55783.35329851481,61311.655739142836,0.9098327654997804,3
2025-12-22,5528.302440628027,56541.90310517754,62070.20554580557,0.9109346844912839,3
2025-12-23,42041.97430015846,19526.644161645574,61568.61846180403,0.3171525470197049,1
2025-12-24,42041.97430015846,19469.291748820324,61511.26604897878,0.316515867732551,1
2025-12-26,42041.97430015846,19383.848212491495,61425.82251264995,0.3155651388876333,1
2025-12-29,61254.000507507895,0.0,61254.000507507895,0.0,0
2025-12-30,61254.000507507895,0.0,61254.000507507895,0.0,0
2025-12-31,61254.000507507895,0.0,61254.000507507895,0.0,0
