Date,Cash,Market_Value,Portfolio_Equity,Exposure,Active_Positions
2019-10-29,100000.0,0.0,100000.0,0.0,0
2019-10-30,39940.0,59490.10762521534,99430.10762521534,0.5983108039010986,2
2019-10-31,9978.900965520319,87964.09683608261,97942.99780160293,0.8981152181421487,3
2019-11-01,9978.900965520319,87993.8255648017,97972.72653032202,0.8981461339403276,3
2019-11-04,9978.900965520319,88449.5742257086,98428.4751912289,0.8986177430247386,3
2019-11-05,9978.900965520319,88168.18716843882,98147.08813395913,0.8983270807596422,3
2019-11-06,9978.900965520319,89098.46374417559,99077.36470969592,0.8992817280237595,3
2019-11-07,9978.900965520319,89611.99116736584,99590.89213288616,0.8998010686338137,3
2019-11-08,9978.900965520319,89836.35788797247,99815.25885349279,0.9000262977811119,3
2019-11-11,9978.900965520319,90155.66137559697,100134.5623411173,0.9003450883269823,3
2019-11-13,9978.900965520319,90194.2741368231,100173.17510234343,0.9003835013183397,3
2019-11-14,-1.8189894035458565e-12,101209.0440214427,101209.0440214427,1.0,4
2019-11-15,-1.8189894035458565e-12,101441.7301856062,101441.7301856062,1.0,4
2019-11-18,-1.8189894035458565e-12,100634.85799278317,100634.85799278317,1.0,4
2019-11-19,-1.8189894035458565e-12,101390.56746916354,101390.56746916354,1.0,4
2019-11-20,-1.8189894035458565e-12,102286.12330402162,102286.12330402162,1.0,4
2019-11-21,-1.8189894035458565e-12,102567.46029598343,102567.46029598343,1.0,4
2019-11-22,-1.8189894035458565e-12,102002.9465573635,102002.9465573635,1.0,4
2019-11-25,-1.8189894035458565e-12,102566.42528067721,102566.42528067721,1.0,4
2019-11-26,-1.8189894035458565e-12,103283.19536236869,103283.19536236869,1.0,4
2019-11-27,-1.8189894035458565e-12,103266.6973011877,103266.6973011877,1.0,4
2019-11-28,63727.60878169761,39578.99158204483,103306.60036374244,0.3831216151019125,2
2019-11-29,31783.52548770828,70570.07214034586,102353.59762805414,0.6894732943026839,3
2019-12-02,734.5963615312976,101832.38059518192,102566.97695671322,0.992837886195658,4
2019-12-03,734.5963615312976,101474.73720517472,102209.33356670602,0.9928128250532827,4
2019-12-04,734.5963615312976,102191.11493319529,102925.71129472659,0.9928628488228001,4
2019-12-05,734.5963615312976,102133.4795261193,102868.0758876506,0.9928588499863301,4
2019-12-06,734.5963615312976,102035.98736150084,102770.58372303213,0.9928520756142533,4
2019-12-09,734.5963615312976,102121.85313456986,102856.44949610115,0.9928580427855509,4
2019-12-10,734.5963615312976,101987.85530998484,102722.45167151613,0.992848726353608,4
2019-12-11,734.5963615312976,102402.27776381058,103136.87412534187,0.9928774614534221,4
2019-12-12,10072.575876935161,93680.31300924244,103752.8888861776,0.9029176345346362,3
2019-12-13,10072.575876935161,94076.72676909411,104149.30264602927,0.9032871500717706,3
2019-12-16,10072.575876935161,93731.15896227611,103803.73483921128,0.9029651881742283,3
2019-12-17,10072.575876935161,94103.67801679461,104176.25389372978,0.903312170475911,3
2019-12-18,10072.575876935161,94893.86875069706,104966.44462763223,0.9040400395319899,3
2019-12-19,10072.575876935161,95403.76954248708,105476.34541942224,0.904503935580229,3
2019-12-20,10072.575876935161,95738.00308743128,105810.57896436645,0.9048055877255214,3
2019-12-23,10072.575876935161,95045.32266886208,105117.89854579724,0.9041782986886215,3
2019-12-24,10072.575876935161,94221.60534820287,104294.18122513803,0.9034214971668297,3
2019-12-26,10072.575876935161,93016.40648625712,103088.98236319229,0.9022924114097031,3
2019-12-27,10072.575876935161,94295.5271410346,104368.10301796977,0.9034899017451634,3
2019-12-30,73343.8778058833,31217.565168045803,104561.44297392911,0.29855713808224177,1
2019-12-31,73136.39364451362,31075.056865372284,104211.45050988591,0.29819234559473273,1
2020-01-01,10512.363552507333,93568.05873624471,104080.42228875204,0.8989976854307652,3
2020-01-02,10512.363552507333,93846.2775744288,104358.64112693613,0.8992669563441261,3
2020-01-03,10512.363552507333,93915.97770906118,104428.34126156851,0.8993341900722494,3
2020-01-06,0.0,102881.75099835322,102881.75099835322,1.0,4
2020-01-07,0.0,103125.75666303336,103125.75666303336,1.0,4
2020-01-08,0.0,103796.96690122673,103796.96690122673,1.0,4
2020-01-09,0.0,104857.54220592283,104857.54220592283,1.0,4
2020-01-10,0.0,104923.32822401552,104923.32822401552,1.0,4
2020-01-13,0.0,105072.61539527062,105072.61539527062,1.0,4
2020-01-14,0.0,105369.09255389935,105369.09255389935,1.0,4
2020-01-15,0.0,105299.62699813141,105299.62699813141,1.0,4
2020-01-16,0.0,105636.31120890015,105636.31120890015,1.0,4
2020-01-17,0.0,104837.07770575235,104837.07770575235,1.0,4
2020-01-20,0.0,103733.67636315519,103733.67636315519,1.0,4
2020-01-21,0.0,103182.29227765522,103182.29227765522,1.0,4
2020-01-22,0.0,103249.29153204375,103249.29153204375,1.0,4
2020-01-23,0.0,103596.05272143625,103596.05272143625,1.0,4
2020-01-24,0.0,103811.87559615631,103811.87559615631,1.0,4
2020-01-27,0.0,102969.84422199654,102969.84422199654,1.0,4
2020-01-28,30997.894036859034,72442.8660814166,103440.76011827565,0.7003319194347025,3
2020-01-29,92497.83717910243,11115.561689867813,103613.39886897024,0.10727919179569217,1
2020-01-30,92497.83717910243,10988.880603806763,103486.7177829092,0.10618638641974182,1
2020-01-31,92497.83717910243,10922.021141718988,103419.85832082141,0.1056085486777356,1
2020-02-03,103494.0088113736,0.0,103494.0088113736,0.0,0
2020-02-04,72414.7579653181,31763.831281760304,104178.5892470784,0.3048978826774725,1
2020-02-05,41212.86182411033,63393.6389252957,104606.50074940603,0.6060200701786276,2
2020-02-06,41212.86182411033,63008.74837658259,104221.61020069293,0.6045651017600923,2
2020-02-07,41212.86182411033,62945.20856905535,104158.07039316569,0.6043238736226193,2
2020-02-10,41212.86182411033,62632.61366944604,103845.47549355637,0.6031328122074264,2
2020-02-11,41212.86182411033,62988.44908789704,104201.31091200738,0.6044880677277422,2
2020-02-12,41212.86182411033,63853.49642290872,105066.35824701906,0.6077444530130592,2
2020-02-13,41212.86182411033,63816.02734332988,105028.88916744021,0.6076045157593969,2
2020-02-14,41212.86182411033,63864.99573487192,105077.85755898224,0.6077873799341907,2
2020-02-17,41212.86182411033,63738.489478622374,104951.35130273271,0.6073146146996086,2
2020-02-18,41212.86182411033,64045.5250811537,105258.38690526402,0.6084600663583868,2
2020-02-19,41212.86182411033,64370.51692518061,105583.37874929095,0.6096652492816053,2
2020-02-20,41212.86182411033,64361.04339321889,105573.90521732921,0.6096302231193251,2
2020-02-24,41212.86182411033,63304.22746869547,104517.0892928058,0.6056830313303881,2
2020-02-25,41212.86182411033,63471.850345242565,104684.71216935289,0.6063144181221176,2
2020-02-26,41212.86182411033,62413.728977577906,103626.59080168823,0.602294531690423,2
2020-02-27,41212.86182411033,61724.20421690619,102937.06604101651,0.5996304984281506,2
2020-02-28,41212.86182411033,58797.15145851394,100010.01328262428,0.5879126452303886,2
2020-03-02,41212.86182411033,59695.54272549639,100908.40454960673,0.5915814742284422,2
2020-03-03,41212.86182411033,60445.07292818754,101657.93475229788,0.5945927691278544,2
2020-03-04,71577.53424519234,29951.117703398715,101528.65194859105,0.2950016288856513,1
2020-03-05,101581.1036047496,0.0,101581.1036047496,0.0,0
2020-03-06,101581.1036047496,0.0,101581.1036047496,0.0,0
2020-03-09,101581.1036047496,0.0,101581.1036047496,0.0,0
2020-03-11,101581.1036047496,0.0,101581.1036047496,0.0,0
2020-03-12,101581.1036047496,0.0,101581.1036047496,0.0,0
2020-03-13,101581.1036047496,0.0,101581.1036047496,0.0,0
2020-03-16,101581.1036047496,0.0,101581.1036047496,0.0,0
2020-03-17,101581.1036047496,0.0,101581.1036047496,0.0,0
2020-03-18,101581.1036047496,0.0,101581.1036047496,0.0,0
2020-03-19,101581.1036047496,0.0,101581.1036047496,0.0,0
2020-03-20,101581.1036047496,0.0,101581.1036047496,0.0,0
2020-03-23,101581.1036047496,0.0,101581.1036047496,0.0,0
2020-03-24,101581.1036047496,0.0,101581.1036047496,0.0,0
2020-03-25,101581.1036047496,0.0,101581.1036047496,0.0,0
2020-03-26,101581.1036047496,0.0,101581.1036047496,0.0,0
2020-03-27,101581.1036047496,0.0,101581.1036047496,0.0,0
2020-03-30,101581.1036047496,0.0,101581.1036047496,0.0,0
2020-03-31,101581.1036047496,0.0,101581.1036047496,0.0,0
2020-04-01,101581.1036047496,0.0,101581.1036047496,0.0,0
2020-04-03,101581.1036047496,0.0,101581.1036047496,0.0,0
2020-04-07,101581.1036047496,0.0,101581.1036047496,0.0,0
2020-04-08,101581.1036047496,0.0,101581.1036047496,0.0,0
2020-04-09,101581.1036047496,0.0,101581.1036047496,0.0,0
2020-04-13,101581.1036047496,0.0,101581.1036047496,0.0,0
2020-04-15,101581.1036047496,0.0,101581.1036047496,0.0,0
2020-04-16,101581.1036047496,0.0,101581.1036047496,0.0,0
2020-04-17,101581.1036047496,0.0,101581.1036047496,0.0,0
2020-04-20,101581.1036047496,0.0,101581.1036047496,0.0,0
2020-04-21,101581.1036047496,0.0,101581.1036047496,0.0,0
2020-04-22,101581.1036047496,0.0,101581.1036047496,0.0,0
2020-04-23,101581.1036047496,0.0,101581.1036047496,0.0,0
2020-04-24,101581.1036047496,0.0,101581.1036047496,0.0,0
2020-04-27,101581.1036047496,0.0,101581.1036047496,0.0,0
2020-04-28,101581.1036047496,0.0,101581.1036047496,0.0,0
2020-04-29,101581.1036047496,0.0,101581.1036047496,0.0,0
2020-04-30,101581.1036047496,0.0,101581.1036047496,0.0,0
2020-05-04,71076.2981922433,30372.7500531637,101449.048245407,0.2993892064880835,1
2020-05-05,71076.2981922433,30911.3388638968,101987.6370561401,0.3030890778151998,1
2020-05-06,71076.2981922433,30913.457901840666,101989.75609408396,0.3031035575114375,1
2020-05-07,71076.2981922433,31891.173532989553,102967.47172523284,0.3097208564865094,1
2020-05-08,71076.2981922433,33051.95143941723,104128.24963166052,0.31741579788706714,1
2020-05-11,71076.2981922433,33369.39179956042,104445.68999180372,0.31949036673680886,1
2020-05-12,71076.2981922433,31304.965701581856,102381.26389382515,0.30576850207716505,1
2020-05-13,71076.2981922433,31969.156954707818,103045.4551469511,0.31024325050646073,1
2020-05-14,71076.2981922433,30676.67377660894,101752.97196885223,0.30148184552289464,1
2020-05-15,71076.2981922433,31177.645425762494,102253.94361800578,0.3049040880245567,1
2020-05-18,71076.2981922433,30779.218260788595,101855.51645303189,0.3021850885708449,1
2020-05-19,71076.2981922433,30098.795177012606,101175.0933692559,0.29749214134314533,1
2020-05-20,71076.2981922433,30628.608345274166,101704.90653751747,0.30115172795499023,1
2020-05-21,71076.2981922433,30789.901037409614,101866.1992296529,0.3022582688885361,1
2020-05-22,71076.2981922433,30582.676078802884,101658.97427104617,0.30083596945669006,1
2020-05-26,71076.2981922433,30422.45138179114,101498.74957403443,0.29973227758437193,1
2020-05-27,71076.2981922433,30881.76274496825,101958.06093721154,0.3028869170431365,1
2020-05-28,71076.2981922433,31452.162553314698,102528.460745558,0.30676518816925036,1
2020-05-29,71076.2981922433,31284.46189043699,102360.76008268028,0.30562944105893175,1
2020-06-01,71076.2981922433,32479.740559974758,103556.03875221805,0.31364409986451974,1
2020-06-02,103644.14153509805,0.0,103644.14153509805,0.0,0
2020-06-03,72519.8058321081,31025.823630268078,103545.62946237618,0.29963431379343214,1
2020-06-04,72519.8058321081,31793.59448605905,104313.40031816716,0.3047891679217162,1
2020-06-05,41102.62995649819,62567.12560853488,103669.75556503306,0.6035234217301294,2
2020-06-08,41102.62995649819,62674.23161426863,103776.86157076682,0.6039326172099572,2
2020-06-09,41102.62995649819,62027.68851961501,103130.3184761132,0.6014495973265294,2
2020-06-10,41102.62995649819,63282.7736908095,104385.40364730768,0.6062415958521007,2
2020-06-11,41102.62995649819,61972.73119922876,103075.36115572695,0.6012370997720778,2
2020-06-12,41102.62995649819,62578.715352522806,103681.345309021,0.6035677408120786,2
2020-06-15,41102.62995649819,62952.881653877936,104055.51161037612,0.6049932452362327,2
2020-06-16,41102.62995649819,63254.8660964627,104357.4960529609,0.6061362957995962,2
2020-06-17,41102.62995649819,63237.58304607292,104340.21300257111,0.6060710556965668,2
2020-06-18,41102.62995649819,63908.098546968686,105010.72850346687,0.6085863745327583,2
2020-06-19,41102.62995649819,66088.58159736963,107191.21155386782,0.6165485084022724,2
2020-06-22,41102.62995649819,65572.08034457563,106674.71030107382,0.6146918998843118,2
2020-06-23,41102.62995649819,65174.21411652575,106276.84407302394,0.6132494306261471,2
2020-06-24,9102.898709704481,97262.75607589421,106365.65478559869,0.9144188156594985,3
2020-06-25,9102.898709704481,96062.18775873547,105165.08646843996,0.9134418178561925,3
2020-06-26,9102.898709704481,100209.01255004192,109311.91125974641,0.916725463814513,3
2020-06-29,9102.898709704481,98845.06659009783,107947.96529980231,0.9156732719841164,3
2020-06-30,9102.898709704481,98356.35982715618,107459.25853686067,0.9152897681070262,3
2020-07-01,43683.413337269485,64029.18030046662,107712.5936377361,0.5944446989718999,2
2020-07-02,11219.505451411573,98861.75939550203,110081.2648469136,0.8980797916247222,3
2020-07-03,43653.98174919482,67276.97706047734,110930.95880967216,0.6064761161571373,2
2020-07-06,10212.389625047748,102813.89232500576,113026.2819500535,0.9096458854626341,3
2020-07-07,10212.389625047748,103732.3422823919,113944.73190743965,0.9103741835704738,3
2020-07-08,10212.389625047748,101618.78929877588,111831.17892382364,0.908680300759378,3
2020-07-09,10212.389625047748,102198.90908229531,112411.29870734306,0.9091515733517574,3
2020-07-10,0.0,113564.72977919602,113564.72977919602,1.0,4
2020-07-13,0.0,115039.78223257126,115039.78223257126,1.0,4
2020-07-14,0.0,113166.18453172057,113166.18453172057,1.0,4
2020-07-15,0.0,114821.50849056001,114821.50849056001,1.0,4
2020-07-16,0.0,118478.57474101745,118478.57474101745,1.0,4
2020-07-17,0.0,119211.86155366818,119211.86155366818,1.0,4
2020-07-20,0.0,121177.55936086607,121177.55936086607,1.0,4
2020-07-21,0.0,122557.88407592509,122557.88407592509,1.0,4
2020-07-22,41827.472115768425,80762.43922066996,122589.91133643838,0.658801677399242,3
2020-07-23,5017.701558355999,117964.96714607335,122982.66870442935,0.959199929459855,4
2020-07-24,5017.701558355999,119895.04648152713,124912.74803988312,0.9598303484864978,4
2020-07-27,5017.701558355999,121497.22372910075,126514.92528745675,0.9603390544874039,4
2020-07-28,5017.701558355999,124100.63582070856,129118.33737906456,0.9611387378415115,4
2020-07-29,5017.701558355999,121531.34422445233,126549.04578280833,0.9603497479786003,4
2020-07-30,44034.10741202749,82737.74087559478,126771.84828762227,0.65265074220483,3
2020-07-31,5743.526719801623,120181.19214977339,125924.71886957501,0.9543892035546221,4
2020-08-03,40411.66889726795,83917.86190064042,124329.53079790837,0.6749632316802099,3
2020-08-04,40411.66889726795,86558.19302441816,126969.8619216861,0.6817223529612602,3
2020-08-05,40411.66889726795,85785.80396928747,126197.47286655541,0.6797743411232939,3
2020-08-06,2216.5745294617736,125806.50236849286,128023.07689795463,0.9826861329756309,4
2020-08-07,11651.385744213725,115517.22897240263,127168.61471661636,0.9083784488006119,3
2020-08-10,11651.385744213725,114843.60011385685,126494.98585807058,0.9078905328525293,3
2020-08-11,11651.385744213725,114930.85637715344,126582.24212136716,0.9079540261813157,3
2020-08-12,11651.385744213725,114701.5260916111,126352.91183582482,0.9077869629205474,3
2020-08-13,11651.385744213725,114401.88157746878,126053.2673216825,0.9075677609015886,3
2020-08-14,11651.385744213725,114142.71906748714,125794.10481170086,0.9073773309039045,3
2020-08-17,11651.385744213725,114081.90351584429,125733.28926005801,0.9073325305272592,3
2020-08-18,11651.385744213725,115251.80599627942,126903.19174049314,0.9081868187520462,3
2020-08-19,11651.385744213725,114935.10214702974,126586.48789124347,0.9079571134462314,3
2020-08-20,50122.81662983492,75722.08050921606,125844.89713905097,0.601709582435812,2
2020-08-21,12181.769188525155,112718.12536463657,124899.89455316172,0.9024677384067753,3
2020-08-24,12181.769188525155,112906.09834786778,125087.86753639294,0.9026143028221262,3
2020-08-25,12181.769188525155,112201.72424852016,124383.49343704531,0.9020628151540803,3
2020-08-26,12181.769188525155,113882.13934366492,126063.90853219008,0.9033683047720628,3
2020-08-27,12181.769188525155,113165.99386164144,125347.7630501666,0.9028162219085651,3
2020-08-28,50495.24177632838,74354.5976734674,124849.83944979578,0.5955522089667296,2
2020-08-31,12995.531997663922,110261.01840527586,123256.55040293979,0.8945651816866523,3
2020-09-01,12995.531997663922,109622.35902586895,122617.89102353287,0.8940160209151713,3
2020-09-02,12995.531997663922,111030.99061222354,124026.52260988747,0.8952197342616787,3
2020-09-03,13720.414550969726,110247.84559250098,123968.2601434707,0.889323165985464,3
2020-09-04,13720.414550969726,108622.008358519,122342.42290948873,0.8878523555061489,3
2020-09-07,13720.414550969726,108659.11058421443,122379.52513518416,0.887886355697052,3
2020-09-08,-1.8189894035458565e-12,123483.71415325625,123483.71415325625,1.0,4
2020-09-09,-1.8189894035458565e-12,123321.10294440134,123321.10294440134,1.0,4
2020-09-10,-1.8189894035458565e-12,126261.36184714352,126261.36184714352,1.0,4
2020-09-11,-1.8189894035458565e-12,126445.1658939652,126445.1658939652,1.0,4
2020-09-14,-1.8189894035458565e-12,127446.2226479145,127446.2226479145,1.0,4
2020-09-15,-1.8189894035458565e-12,128297.45350051572,128297.45350051572,1.0,4
2020-09-16,-1.8189894035458565e-12,129981.38697932783,129981.38697932783,1.0,4
2020-09-17,-1.8189894035458565e-12,129325.03379571011,129325.03379571011,1.0,4
2020-09-18,39750.54181053083,88728.4302036598,128478.97201419063,0.6906066324523491,3
2020-09-21,1193.8130051538537,126558.50298279426,127752.31598794812,0.9906552535198933,4
2020-09-22,1193.8130051538537,125578.99695650591,126772.80996165978,0.9905830516376902,4
2020-09-23,1193.8130051538537,126451.34949501089,127645.16250016473,0.990647408943897,4
2020-09-24,1193.8130051538537,122545.00251515904,123738.8155203129,0.9903521542522129,4
2020-09-25,1193.8130051538537,125259.1705983406,126452.98360349445,0.99055923418227,4
2020-09-28,39530.97734874662,87636.66570865843,127167.64305740505,0.6891428008074204,3
2020-09-29,1202.2798250633132,126856.05297823102,128058.33280329432,0.9906114674559282,4
2020-09-30,1202.2798250633132,127191.49879067412,128393.77861573742,0.990635996245102,4
2020-10-01,36862.021928417715,92260.51372495481,129122.53565337253,0.7145190671644395,3
2020-10-05,36862.021928417715,94300.70639335262,131162.72832177032,0.7189596282414372,3
2020-10-06,36862.021928417715,94590.02961224756,131452.05154066527,0.7195781922276482,3
2020-10-07,52935.22978722115,79890.26530849034,132825.4950957115,0.6014678526206355,2
2020-10-08,0.0,134010.36665158693,134010.36665158693,1.0,4
2020-10-09,0.0,135229.76685599893,135229.76685599893,1.0,4
2020-10-12,0.0,135980.34647407444,135980.34647407444,1.0,4
2020-10-13,0.0,137347.28241617355,137347.28241617355,1.0,4
2020-10-14,0.0,136796.2834068779,136796.2834068779,1.0,4
2020-10-15,0.0,132697.7320902059,132697.7320902059,1.0,4
2020-10-16,0.0,133798.9812870279,133798.9812870279,1.0,4
2020-10-19,0.0,133349.7219644581,133349.7219644581,1.0,4
2020-10-20,2981.6213816752716,130489.0698342149,133470.69121589017,0.9776608530718368,4
2020-10-21,-4.547473508864641e-13,133408.29757676413,133408.29757676413,1.0,5
2020-10-22,-4.547473508864641e-13,131998.11527345015,131998.11527345015,1.0,5
2020-10-23,-4.547473508864641e-13,132681.48798770536,132681.48798770536,1.0,5
2020-10-26,-4.547473508864641e-13,129456.91374410708,129456.91374410708,1.0,5
2020-10-27,-4.547473508864641e-13,129974.6472109144,129974.6472109144,1.0,5
2020-10-28,35102.54759875033,92979.3092439566,128081.85684270693,0.7259366122255816,4
2020-10-29,35102.54759875033,92943.95957314908,128046.50717189941,0.7258609518209974,4
2020-10-30,35102.54759875033,92423.05868259721,127525.60628134754,0.7247411823998159,4
2020-11-02,35102.54759875033,94998.25366873146,130100.80126748179,0.7301896125406563,4
2020-11-03,35102.54759875033,98532.58163590959,133635.12923465992,0.7373254487814268,4
2020-11-04,35102.54759875033,98353.26972013022,133455.81731888055,0.7369725179167276,4
2020-11-05,88772.26341463992,45289.772007811036,134062.03542245095,0.3378269758854228,2
2020-11-06,48471.09119055356,87305.71185866467,135776.80304921823,0.6430090405576636,3
2020-11-09,48471.09119055356,90338.47010886105,138809.5612994146,0.6508086997984196,3
2020-11-10,48471.09119055356,93953.49261619204,142424.5838067456,0.6596718775999834,3
2020-11-11,48471.09119055356,94179.0582988987,142650.14948945225,0.6602100217628053,3
2020-11-12,48471.09119055356,92633.7856524234,141104.87684297696,0.6564889019073896,3
2020-11-13,48471.09119055356,93096.36052702602,141567.45171757956,0.6576113322485234,3
2020-11-14,48471.09119055356,93597.63305838496,142068.72424893852,0.6588194097835315,3
2020-11-17,95860.7633276399,47715.30843491833,143576.07176255822,0.3323346839703796,2
2020-11-18,55736.705905221424,88664.65023729549,144401.35614251692,0.6140153569595836,2
2020-11-19,55736.705905221424,85906.19274909544,141642.89865431687,0.6064984094878749,2
2020-11-20,55736.705905221424,86965.63712328044,142702.34302850187,0.6094198264559036,2
2020-11-23,55736.705905221424,85624.33427029822,141361.04017551965,0.605713810283113,2
2020-11-24,-7.275957614183426e-12,143322.76529130805,143322.76529130805,1.0,4
2020-11-25,-7.275957614183426e-12,140907.76231447092,140907.76231447092,1.0,4
2020-11-26,-7.275957614183426e-12,142032.23592192348,142032.23592192348,1.0,4
2020-11-27,-7.275957614183426e-12,141573.91934326926,141573.91934326926,1.0,4
2020-12-01,-7.275957614183426e-12,143770.16556010104,143770.16556010104,1.0,4
2020-12-02,-7.275957614183426e-12,142828.18740454694,142828.18740454694,1.0,4
2020-12-03,-7.275957614183426e-12,141246.06887715447,141246.06887715447,1.0,4
2020-12-04,-7.275957614183426e-12,143677.72005987068,143677.72005987068,1.0,4
2020-12-07,43674.9412059298,100681.13203078716,144356.07323671697,0.6974499220804443,3
2020-12-08,279.028418644848,144740.26914797086,145019.2975666157,0.9980759221474185,4
2020-12-09,279.028418644848,146656.5536238153,146935.58204246016,0.9981010153240879,4
2020-12-10,279.028418644848,145131.30884561158,145410.33726425644,0.9980810964069372,4
2020-12-11,279.028418644848,145666.77531267997,145945.80373132482,0.9980881367500053,4
2020-12-14,279.028418644848,146419.86393520393,146698.8923538488,0.9980979514284823,4
2020-12-15,279.028418644848,145730.38396790845,146009.4123865533,0.9980889696487091,4
2020-12-16,279.028418644848,146654.28707556485,146933.3154942097,0.9981009860309329,4
2020-12-17,45549.67097808751,102541.85118453874,148091.52216262626,0.6924221568330745,3
2020-12-18,878.3699779683957,147458.13104840674,148336.50102637513,0.9940785310972636,4
2020-12-21,878.3699779683957,143551.5730467973,144429.9430247657,0.9939183665133914,4
2020-12-22,878.3699779683957,145652.73544240184,146531.10542037024,0.9940055732504814,4
2020-12-23,60203.51448024606,87096.77762474198,147300.29210498804,0.5912872023543844,2
2020-12-24,0.0,148450.72644640546,148450.72644640546,1.0,4
2020-12-28,0.0,149825.51154013173,149825.51154013173,1.0,4
2020-12-29,0.0,151285.27407668362,151285.27407668362,1.0,4
2020-12-30,0.0,151144.67876702663,151144.67876702663,1.0,4
2020-12-31,0.0,151546.79455323436,151546.79455323436,1.0,4
2021-01-01,0.0,151325.5615276229,151325.5615276229,1.0,4
2021-01-04,0.0,153223.25069242567,153223.25069242567,1.0,4
2021-01-05,0.0,154729.5756218564,154729.5756218564,1.0,4
2021-01-06,-7.275957614183426e-12,153824.51814158875,153824.51814158875,1.0,4
2021-01-07,-7.275957614183426e-12,152593.81525338534,152593.81525338534,1.0,4
2021-01-08,-7.275957614183426e-12,155306.72631519363,155306.72631519363,1.0,4
2021-01-11,-7.275957614183426e-12,156816.0493936626,156816.0493936626,1.0,4
2021-01-12,-7.275957614183426e-12,158352.48279001535,158352.48279001535,1.0,4
2021-01-13,-7.275957614183426e-12,158877.43972318206,158877.43972318206,1.0,4
2021-01-14,-7.275957614183426e-12,159648.19864538428,159648.19864538428,1.0,4
2021-01-15,-7.275957614183426e-12,157428.13855997432,157428.13855997432,1.0,4
2021-01-18,-7.275957614183426e-12,158044.1779608817,158044.1779608817,1.0,4
2021-01-19,-7.275957614183426e-12,159968.85149637735,159968.85149637735,1.0,4
2021-01-20,-7.275957614183426e-12,161513.97293638578,161513.97293638578,1.0,4
2021-01-21,-7.275957614183426e-12,161633.31061635597,161633.31061635597,1.0,4
2021-01-22,17032.84991048857,140018.858417524,157051.70832801255,0.8915462296346732,3
2021-01-25,-3.637978807091713e-12,155359.60884539355,155359.60884539355,1.0,5
2021-01-27,-3.637978807091713e-12,150992.80756554182,150992.80756554182,1.0,5
2021-01-28,-3.637978807091713e-12,149536.94902813432,149536.94902813432,1.0,5
2021-01-29,-3.637978807091713e-12,149663.6312762653,149663.6312762653,1.0,5
2021-02-01,-3.637978807091713e-12,159700.1737858507,159700.1737858507,1.0,5
2021-02-02,-3.637978807091713e-12,164503.87682851774,164503.87682851774,1.0,5
2021-02-03,-3.637978807091713e-12,165585.25471149068,165585.25471149068,1.0,5
2021-02-04,44147.3350084024,121835.16632445183,165982.5013328542,0.7340241612585944,4
2021-02-05,44147.3350084024,121069.20784719703,165216.54285559943,0.7327910737910336,4
2021-02-08,44147.3350084024,123007.05744602805,167154.39245443046,0.7358888727950249,4
2021-02-09,44147.3350084024,123463.32929668487,167610.66430508727,0.73660783941501,4
2021-02-10,44147.3350084024,122428.76417727572,166576.09918567812,0.7349719724244923,4
2021-02-11,44147.3350084024,121952.95232834955,166100.28733675194,0.7342127715956444,4
2021-02-12,44147.3350084024,123810.45057701638,167957.78558541878,0.737152196580073,4
2021-02-15,44147.3350084024,127091.39753488245,171238.73254328483,0.742188380206312,4
2021-02-16,44678.58398223541,125538.36417447284,170216.94815670824,0.7375197683540737,4
2021-02-17,-7.275957614183426e-12,169611.164748206,169611.164748206,1.0,5
2021-02-18,-7.275957614183426e-12,167253.29115565986,167253.29115565986,1.0,5
2021-02-19,-7.275957614183426e-12,165383.3691298616,165383.3691298616,1.0,5
2021-02-22,54254.69262374846,108864.4654494336,163119.15807318204,0.6673922716091538,4
2021-02-23,20566.48414410647,142546.8061799218,163113.2903240283,0.8739128853127132,3
2021-02-24,20566.48414410647,147611.6834260745,168178.167570181,0.8777101425158289,3
2021-02-25,20566.48414410647,148660.17479394813,169226.6589380546,0.8784678237272602,3
2021-02-26,20566.48414410647,142775.0503620085,163341.534506115,0.8740890722846948,3
2021-03-01,20566.48414410647,144700.82557174738,165267.30971585386,0.8755562477572444,3
2021-03-02,20566.48414410647,145237.83845842906,165804.32260253554,0.8759593005701772,3
2021-03-03,20566.48414410647,149905.6442113936,170472.12835550008,0.8793557378411008,3
2021-03-04,20566.48414410647,147375.11745590644,167941.60160001292,0.8775378825248449,3
2021-03-05,20566.48414410647,145933.20484565268,166499.68898975916,0.8764773419764679,3
2021-03-08,20566.48414410647,145844.11942072492,166410.6035648314,0.8764112159710181,3
2021-03-09,20566.48414410647,148394.923380018,168961.4075241245,0.8782770311547625,3
2021-03-10,20566.48414410647,148019.7254150125,168586.209559119,0.8780061299326246,3
2021-03-12,20566.48414410647,145774.90627077705,166341.39041488353,0.8763597917943923,3
2021-03-15,20566.48414410647,143659.87679099813,164226.3609351046,0.8747674610397445,3
2021-03-16,-3.637978807091713e-12,162825.9865996056,162825.9865996056,1.0,4
2021-03-17,52818.27860988278,109035.10645536953,161853.3850652523,0.6736659008485444,3
2021-03-18,94428.09255261242,66221.6678000437,160649.76035265613,0.41221143221549045,2
2021-03-19,94428.09255261242,66976.19999529028,161404.2925479027,0.4149592240578894,2
2021-03-22,45928.417258613445,114558.23531713696,160486.6525757504,0.7138178376738525,3
2021-03-23,45928.417258613445,116195.10883715143,162123.5260957649,0.7167072641173375,3
2021-03-24,92395.5146743594,67963.90227543135,160359.41694979073,0.42382233340690656,2
2021-03-25,92395.5146743594,66361.56039699493,158757.07507135434,0.41800694782999953,2
2021-03-26,92395.5146743594,66471.99968574928,158867.51436010867,0.41841152959110106,2
2021-03-30,92395.5146743594,68010.46840136447,160405.98307572387,0.42398959874993153,2
2021-03-31,92395.5146743594,67141.81329058435,159537.32796494375,0.4208533146884464,2
2021-04-01,92395.5146743594,67834.69134598409,160230.20602034347,0.4233576990930881,2
2021-04-05,92395.5146743594,67516.52501372673,159912.03968808614,0.42221039232205404,2
2021-04-06,92395.5146743594,67339.39325898422,159734.9079333436,0.421569675221427,2
2021-04-07,92395.5146743594,68057.23670181495,160452.75137617433,0.42415749258333246,2
2021-04-08,44155.18522042021,117148.73703404568,161303.9222544659,0.7262609327579589,3
2021-04-09,44155.18522042021,116693.6345762861,160848.81979670632,0.725486420875036,3
2021-04-12,44155.18522042021,113692.4848081643,157847.6700285845,0.7202671080768934,3
2021-04-13,44155.18522042021,111651.52895752879,155806.714177949,0.716602808464403,3
2021-04-15,44155.18522042021,113097.75115736865,157252.93637778886,0.7192091528622362,3
2021-04-16,64368.85677513147,92290.66742609884,156659.52420123032,0.5891162244789585,2
2021-04-19,64368.85677513147,91087.95776007182,155456.81453520327,0.5859373745204647,2
2021-04-20,64368.85677513147,90820.86794987196,155189.7247250034,0.5852247506128821,2
2021-04-22,17812.6414602508,136921.21737267234,154733.85883292314,0.884882070449207,3
2021-04-23,62359.085892747826,91590.19395976461,153949.27985251244,0.5949374628287348,2
2021-04-26,62359.085892747826,91796.50520130064,154155.59109404846,0.5954795706715347,2
2021-04-27,62359.085892747826,92426.15505535586,154785.2409481037,0.5971251166404454,2
2021-04-28,62359.085892747826,92567.05834146417,154926.144234212,0.59749152603659,2
2021-04-29,62359.085892747826,92448.63650531523,154807.72239806305,0.5971836228401998,2
2021-04-30,62359.085892747826,91206.89643912873,153565.98233187656,0.5939264351008315,2
2021-05-03,62359.085892747826,91147.88189856714,153506.96779131496,0.5937703233281119,2
2021-05-04,62359.085892747826,90558.651593007,152917.73748575483,0.5922050187372349,2
2021-05-05,62359.085892747826,91651.00335294107,154010.0892456889,0.5950973978512034,2
2021-05-06,62359.085892747826,92572.76322456403,154931.84911731185,0.597506347158288,2
2021-05-07,62359.085892747826,92578.3770231364,154937.4629158842,0.5975209305795678,2
2021-05-10,108676.65224934077,45960.73636214425,154637.38861148502,0.2972161957391637,1
2021-05-11,108676.65224934077,45655.37138076918,154332.02363010996,0.2958256511311751,1
2021-05-12,108676.65224934077,45530.13693360771,154206.78918294847,0.2952537769241242,1
2021-05-14,108676.65224934077,45166.445645046566,153843.09789438732,0.2935877284273952,1
2021-05-17,62437.386180534406,93363.8286907483,155801.2148712827,0.5992496834372062,2
2021-05-18,62437.386180534406,94462.63012004815,156900.01630058256,0.6020562161005806,2
2021-05-19,62437.386180534406,93766.25235932822,156203.63853986264,0.6002821268174198,2
2021-05-20,62437.386180534406,93320.63584562778,155758.0220261622,0.5991385524268728,2
2021-05-21,108624.65645824227,49194.76222136556,157819.41867960783,0.31171552039002737,1
2021-05-24,108624.65645824227,49569.970453505826,158194.62691174808,0.31334800316043215,1
2021-05-25,108624.65645824227,49795.86374686335,158420.52020510563,0.3143271066298299,1
2021-05-26,108624.65645824227,49964.32677955472,158588.983237797,0.31505547081183743,1
2021-05-27,108624.65645824227,49945.18335933267,158569.83981757495,0.31497278055392874,1
2021-05-28,108624.65645824227,49240.70456042385,157865.36101866612,0.3119158265162526,1
2021-05-31,108624.65645824227,50749.207008658836,159373.86346690112,0.3184286676917917,1
2021-06-01,108624.65645824227,49780.54807594839,158405.20453419065,0.3142608112046193,1
2021-06-02,61092.36509741475,96942.6693381205,158035.03443553526,0.6134251793241757,2
2021-06-03,13479.394518448484,144930.94214447058,158410.33666291906,0.9149083651836986,3
2021-06-04,13479.394518448484,143326.3298404236,156805.72435887207,0.9140376119968747,3
2021-06-07,13479.394518448484,144503.1503187174,157982.5448371659,0.9146779504511602,3
2021-06-08,13479.394518448484,143256.59241185512,156735.9869303036,0.9139993642657036,3
2021-06-09,13479.394518448484,141839.6136605785,155319.00817902698,0.9132147785613491,3
2021-06-10,0.0,155832.5659000045,155832.5659000045,1.0,4
2021-06-11,0.0,156498.746687048,156498.746687048,1.0,4
2021-06-14,48629.211985494796,108424.7393285594,157053.9513140542,0.6903661985030036,3
2021-06-15,0.0,157650.6547930212,157650.6547930212,1.0,5
2021-06-16,0.0,156600.8982004825,156600.8982004825,1.0,5
2021-06-17,0.0,156293.50858718733,156293.50858718733,1.0,5
2021-06-18,0.0,156764.28457457447,156764.28457457447,1.0,5
2021-06-21,0.0,157118.42550145026,157118.42550145026,1.0,5
2021-06-22,0.0,157018.96369072836,157018.96369072836,1.0,5
2021-06-23,0.0,156025.37682361164,156025.37682361164,1.0,5
2021-06-24,0.0,157280.7739577036,157280.7739577036,1.0,5
2021-06-25,0.0,157274.14821508853,157274.14821508853,1.0,5
2021-06-28,0.0,156369.24555680502,156369.24555680502,1.0,5
2021-06-29,0.0,155767.78752453267,155767.78752453267,1.0,5
2021-06-30,47060.336409326505,108875.10909442574,155935.44550375224,0.6982062913451317,4
2021-07-01,92374.514936895,63446.85703290457,155821.37196979957,0.40717686047072854,3
2021-07-02,92374.514936895,63757.434733936665,156131.94967083167,0.4083561043614363,3
2021-07-05,92374.514936895,64120.19922694464,156494.71416383964,0.4097275717556506,3
2021-07-06,92374.514936895,63622.9896868248,155997.50462371978,0.4078462013882162,3
2021-07-07,45482.56358367781,110893.15284095948,156375.7164246373,0.7091456101779243,4
2021-07-08,60295.38763765915,94932.87648000791,155228.26411766704,0.6115695296833722,3
2021-07-09,13799.09723879116,140526.56265767952,154325.65989647066,0.9105845570461305,4
2021-07-12,13799.09723879116,139802.2944665472,153601.39170533838,0.9101629413276234,4
2021-07-13,62429.99770945099,91983.28628220652,154413.28399165752,0.5956954214326282,2
2021-07-14,16018.450196331127,139384.3817407784,155402.83193710953,0.8969230483340632,3
2021-07-15,16018.450196331127,140376.0151338177,156394.46533014884,0.8975766171615078,3
2021-07-16,16018.450196331127,139168.876475585,155187.32667191615,0.8967799076132295,3
2021-07-19,16018.450196331127,136882.12619296496,152900.5763892961,0.8952361686620004,3
2021-07-20,16018.450196331127,135300.38225917623,151318.83245550736,0.8941410666709904,3
2021-07-22,16018.450196331127,137652.45705633043,153670.90725266156,0.8957613351628488,3
2021-07-23,16018.450196331127,138928.0094668732,154946.45966320432,0.8966194501562071,3
2021-07-26,16018.450196331127,139086.1151426727,155104.56533900384,0.8967248310111282,3
2021-07-27,16018.450196331127,139253.63852196504,155272.08871829617,0.896836254805635,3
2021-07-28,16018.450196331127,139191.3986894933,155209.84888582444,0.8967948856897952,3
2021-07-29,16018.450196331127,139732.3167064444,155750.76690277553,0.8971533141385406,3
2021-07-30,16018.450196331127,139438.4970864842,155456.94728281532,0.8969589299396858,3
2021-08-02,16018.450196331127,139873.8030462444,155892.25324257553,0.8972466568213259,3
2021-08-03,16018.450196331127,141578.12344715738,157596.57364348852,0.8983578778015332,3
2021-08-04,16018.450196331127,144033.38955455914,160051.83975089027,0.8999171129725047,3
2021-08-05,60775.76947730857,98560.13457023998,159335.90404754854,0.6185682703430607,2
2021-08-06,60775.76947730857,98123.94544225556,158899.71491956414,0.6175212176555912,2
2021-08-09,110310.494401592,49226.23454566864,159536.72894726065,0.3085573765395538,1
2021-08-10,62375.32416954924,97242.50870781882,159617.83287736806,0.6092208304978602,2
2021-08-11,62375.32416954924,96736.34077310644,159111.66494265568,0.6079776791222096,2
2021-08-12,110898.1333726547,48507.40533672994,159405.53870938465,0.3043018814118168,1
2021-08-13,62964.85127987948,96889.25118436996,159854.10246424944,0.6061105075863709,2
2021-08-16,62964.85127987948,96519.71235314402,159484.5636330235,0.6051978332852163,2
2021-08-17,15133.911590395248,146247.70262646017,161381.61421685544,0.9062228267833585,3
2021-08-18,15133.911590395248,145241.54014383777,160375.451734233,0.905634488154244,3
2021-08-20,15133.911590395248,144698.06310023874,159831.974690634,0.9053136168799265,3
2021-08-23,15133.911590395248,146069.01252791836,161202.9241183136,0.9061188767314926,3
2021-08-24,15133.911590395248,146018.80543325172,161152.71702364698,0.9060896280875329,3
2021-08-25,15133.911590395248,146839.05866677014,161972.97025716538,0.9065652030313018,3
2021-08-26,-1.8189894035458565e-12,162480.508953828,162480.508953828,1.0,4
2021-08-27,-1.8189894035458565e-12,162603.09958131894,162603.09958131894,1.0,4
2021-08-30,-1.8189894035458565e-12,163170.32477878587,163170.32477878587,1.0,4
2021-08-31,-1.8189894035458565e-12,165073.9333939738,165073.9333939738,1.0,4
2021-09-01,-1.8189894035458565e-12,163303.94986288092,163303.94986288092,1.0,4
2021-09-02,-1.8189894035458565e-12,165753.32829498636,165753.32829498636,1.0,4
2021-09-03,-1.8189894035458565e-12,165973.769416869,165973.769416869,1.0,4
2021-09-06,-1.8189894035458565e-12,166650.12376145352,166650.12376145352,1.0,4
2021-09-07,-1.8189894035458565e-12,165219.68499103826,165219.68499103826,1.0,4
2021-09-08,-7.275957614183426e-12,164316.30519499548,164316.30519499548,1.0,4
2021-09-09,-7.275957614183426e-12,164315.250516631,164315.250516631,1.0,4
2021-09-13,-7.275957614183426e-12,162983.79049309675,162983.79049309675,1.0,4
2021-09-14,-7.275957614183426e-12,163431.45303371295,163431.45303371295,1.0,4
2021-09-15,-7.275957614183426e-12,165271.37333677756,165271.37333677756,1.0,4
2021-09-16,4337.008106462796,161847.44560005236,166184.45370651517,0.9739024438824944,4
2021-09-17,-9.094947017729282e-13,164750.6860100935,164750.6860100935,1.0,5
2021-09-20,-9.094947017729282e-13,163808.15866676206,163808.15866676206,1.0,5
2021-09-21,-9.094947017729282e-13,164977.39360839815,164977.39360839815,1.0,5
2021-09-22,-9.094947017729282e-13,164682.96384486806,164682.96384486806,1.0,5
2021-09-23,-9.094947017729282e-13,167892.79721029304,167892.79721029304,1.0,5
2021-09-24,15386.258873276958,153452.52859399826,168838.78746727522,0.9088701174411172,4
2021-09-27,-1.8189894035458565e-12,168975.44282859805,168975.44282859805,1.0,5
2021-09-28,-1.8189894035458565e-12,167433.8543628538,167433.8543628538,1.0,5
2021-09-29,-1.8189894035458565e-12,166465.36358410708,166465.36358410708,1.0,5
2021-09-30,-1.8189894035458565e-12,165207.61106443795,165207.61106443795,1.0,5
2021-10-01,-1.8189894035458565e-12,164259.46792422608,164259.46792422608,1.0,5
2021-10-04,-1.8189894035458565e-12,165907.21937182036,165907.21937182036,1.0,5
2021-10-05,-1.8189894035458565e-12,167306.4729037484,167306.4729037484,1.0,5
2021-10-06,-1.8189894035458565e-12,165416.3542460639,165416.3542460639,1.0,5
2021-10-07,51523.329411290666,115957.77965463758,167481.10906592823,0.6923633375809046,4
2021-10-08,1013.7348640197524,169084.31535115355,170098.0502151733,0.9940402910983553,5
2021-10-11,1013.7348640197524,168486.5072726642,169500.24213668396,0.9940192718827959,5
2021-10-12,48636.17895959313,120316.34295128006,168952.52191087318,0.7121310862394232,4
2021-10-13,48636.17895959313,121034.88579663806,169671.0647562312,0.7133501871431677,4
2021-10-14,97406.23719072522,72751.29034596405,170157.52753668927,0.4275525825930766,3
2021-10-18,-2.9103830456733704e-11,171981.07824555712,171981.0782455571,1.0000000000000002,4
2021-10-19,-2.9103830456733704e-11,173639.62597449136,173639.62597449133,1.0000000000000002,4
2021-10-20,-2.9103830456733704e-11,172198.5901448085,172198.59014480846,1.0000000000000002,4
2021-10-21,-2.9103830456733704e-11,169945.34466228113,169945.3446622811,1.0000000000000002,4
2021-10-22,-2.9103830456733704e-11,169358.53413380706,169358.53413380703,1.0000000000000002,4
2021-10-25,-2.9103830456733704e-11,173923.06831238518,173923.06831238515,1.0000000000000002,4
2021-10-26,15681.502739527048,158360.77744252462,174042.28018205168,0.9098983148053226,3
2021-10-27,-1.8189894035458565e-12,174394.16296371142,174394.16296371142,1.0,4
2021-10-28,-1.8189894035458565e-12,170149.0721676991,170149.0721676991,1.0,4
2021-10-29,-1.8189894035458565e-12,168007.66435439922,168007.66435439922,1.0,4
2021-11-01,-1.8189894035458565e-12,169317.57040809072,169317.57040809072,1.0,4
2021-11-02,-1.8189894035458565e-12,168344.40919954225,168344.40919954225,1.0,4
2021-11-03,-1.8189894035458565e-12,166874.8564022367,166874.8564022367,1.0,4
2021-11-04,-1.8189894035458565e-12,167207.60202158886,167207.60202158886,1.0,4
2021-11-08,-1.8189894035458565e-12,168032.41115895688,168032.41115895688,1.0,4
2021-11-09,48843.91956158677,119517.82425632673,168361.7438179135,0.7098870654700963,3
2021-11-10,48843.91956158677,118901.1139374007,167745.03349898747,0.708820472697443,3
2021-11-11,48843.91956158677,117988.28593722593,166832.2054988127,0.7072272741611968,3
2021-11-12,48843.91956158677,119750.74938904929,168594.66895063606,0.7102878764459148,3
2021-11-15,48843.91956158677,119767.17208016058,168611.09164174736,0.7103160943565515,3
2021-11-16,153828.32341753523,14672.948434586362,168501.2718521216,0.08707915538740556,1
2021-11-17,52689.65033337079,115430.3722679804,168120.0226013512,0.6865950318225372,3
2021-11-18,52689.65033337079,115391.25215208653,168080.9024854573,0.6865220881478216,3
2021-11-22,52689.65033337079,113875.94630615789,166565.59663952867,0.6836702692729605,3
2021-11-23,52689.65033337079,113233.77236984379,165923.42270321457,0.6824459773372914,3
2021-11-24,52689.65033337079,112659.1859349916,165348.8362683624,0.6813424785895977,3
2021-11-25,52689.65033337079,112870.58691839025,165560.23725176105,0.6817493668286566,3
2021-11-26,66893.40564940934,95624.57561671443,162517.98126612377,0.588393818774606,2
2021-11-29,66893.40564940934,95504.73821491197,162398.1438643213,0.5880900849131827,2
2021-11-30,66893.40564940934,95695.21992322805,162588.6255726374,0.588572660517852,2
2021-12-01,66893.40564940934,96644.98658530385,163538.3922347132,0.5909620686902514,2
2021-12-02,66893.40564940934,97232.99265353377,164126.3983029431,0.5924275050139219,2
2021-12-03,66893.40564940934,96470.07152733988,163363.4771767492,0.5905241073129536,2
2021-12-06,66893.40564940934,94887.56356329485,161780.9692127042,0.5865186988621627,2
2021-12-07,66893.40564940934,97014.82861325785,163908.2342626672,0.5918850206011559,2
2021-12-08,66893.40564940934,99434.92208023948,166328.32772964882,0.5978231335426017,2
2021-12-09,66893.40564940934,99825.79418031126,166719.1998297206,0.5987660346394943,2
2021-12-10,66893.40564940934,99906.60891750532,166800.01456691464,0.5989604328087519,2
2021-12-13,66893.40564940934,99229.56884753647,166122.9744969458,0.5973259818398016,2
2021-12-14,66893.40564940934,99749.6701600769,166643.07580948624,0.5985827474410947,2
2021-12-15,66893.40564940934,98818.8694200477,165712.27506945704,0.5963279991094717,2
2021-12-16,166789.20275619574,0.0,166789.20275619574,0.0,0
2021-12-17,166789.20275619574,0.0,166789.20275619574,0.0,0
2021-12-20,116702.40516851016,49959.00133898047,166661.40650749064,0.29976346885525085,1
2021-12-21,66636.47115913908,100685.71338244318,167322.18454158225,0.6017475426722101,2
2021-12-22,66636.47115913908,101362.94017638317,167999.41133552225,0.6033529485049494,2
2021-12-23,66636.47115913908,102722.67901051066,169359.15016964974,0.6065375204564485,2
2021-12-24,66636.47115913908,103001.01050718132,169637.4816663204,0.6071830912332565,2
2021-12-27,66636.47115913908,103426.41658825957,170062.88774739864,0.6081657083342196,2
2021-12-28,66636.47115913908,104179.1210191599,170815.59217829898,0.609892338811885,2
2021-12-29,66636.47115913908,103945.64664999094,170582.11780913002,0.6093584016016214,2
2021-12-30,66636.47115913908,104693.54186104483,171330.0130201839,0.6110636427063785,2
2021-12-31,66636.47115913908,104616.12557356918,171252.59673270828,0.6108878205032677,2
2022-01-03,66636.47115913908,106021.7540610485,172658.22522018757,0.6140556230428124,2
2022-01-04,66636.47115913908,106976.55622425646,173613.02738339553,0.6161781626445376,2
2022-01-05,66636.47115913908,105130.72094194847,171767.19210108754,0.612053557236224,2
2022-01-06,66636.47115913908,103638.15242875551,170274.6235878946,0.6086529527710757,2
2022-01-07,66636.47115913908,104183.83652775042,170820.3076868895,0.6099031077658371,2
2022-01-10,66636.47115913908,105563.98655158665,172200.45771072572,0.6130296513434381,2
2022-01-11,66636.47115913908,106201.95659884266,172838.42775798176,0.614458011314201,2
2022-01-12,66636.47115913908,106026.98028906895,172663.451448208,0.6140673049204782,2
2022-01-13,14312.294513902358,159602.35247208172,173914.6469859841,0.9177050653183007,3
2022-01-14,14312.294513902358,161187.8167010972,175500.11121499958,0.9184485159877259,3
2022-01-17,68095.81508065184,108273.38442682414,176369.19950747598,0.6139018872296612,2
2022-01-18,71314.52353760987,105356.71257017175,176671.23610778162,0.5963433261195779,2
2022-01-19,0.0,173213.78320022312,173213.78320022312,1.0,4
2022-01-20,0.0,170719.92717127292,170719.92717127292,1.0,4
2022-01-21,0.0,169373.58943663377,169373.58943663377,1.0,4
2022-01-24,0.0,165681.24760850146,165681.24760850146,1.0,4
2022-01-25,0.0,165402.76974209846,165402.76974209846,1.0,4
2022-01-27,0.0,162190.37775970547,162190.37775970547,1.0,4
2022-01-28,0.0,161870.94396703763,161870.94396703763,1.0,4
2022-01-31,0.0,164861.14732477762,164861.14732477762,1.0,4
2022-02-01,0.0,167678.8966254274,167678.8966254274,1.0,4
2022-02-02,0.0,168874.952433582,168874.952433582,1.0,4
2022-02-03,0.0,166516.69908076726,166516.69908076726,1.0,4
2022-02-04,0.0,165950.55092500726,165950.55092500726,1.0,4
2022-02-07,0.0,163524.9353227188,163524.9353227188,1.0,4
2022-02-08,0.0,164209.48081011712,164209.48081011712,1.0,4
2022-02-09,0.0,165954.94199367033,165954.94199367033,1.0,4
2022-02-10,0.0,167069.80908619752,167069.80908619752,1.0,4
2022-02-11,50683.57265563773,113719.68252036505,164403.25517600277,0.6917118666453523,3
2022-02-14,50683.57265563773,112451.97739872454,163135.55005436228,0.6893161996956013,3
2022-02-15,50683.57265563773,115861.35020309247,166544.9228587302,0.6956762668854849,3
2022-02-16,98555.61047482489,67829.26425006337,166384.87472488824,0.40766484551084803,2
2022-02-17,166523.16426919732,0.0,166523.16426919732,0.0,0
2022-02-18,166523.16426919732,0.0,166523.16426919732,0.0,0
2022-02-21,166523.16426919732,0.0,166523.16426919732,0.0,0
2022-02-22,166523.16426919732,0.0,166523.16426919732,0.0,0
2022-02-23,166523.16426919732,0.0,166523.16426919732,0.0,0
2022-02-24,166523.16426919732,0.0,166523.16426919732,0.0,0
2022-02-25,166523.16426919732,0.0,166523.16426919732,0.0,0
2022-02-28,166523.16426919732,0.0,166523.16426919732,0.0,0
2022-03-02,166523.16426919732,0.0,166523.16426919732,0.0,0
2022-03-03,166523.16426919732,0.0,166523.16426919732,0.0,0
2022-03-04,166523.16426919732,0.0,166523.16426919732,0.0,0
2022-03-07,166523.16426919732,0.0,166523.16426919732,0.0,0
2022-03-08,166523.16426919732,0.0,166523.16426919732,0.0,0
2022-03-09,166523.16426919732,0.0,166523.16426919732,0.0,0
2022-03-10,166523.16426919732,0.0,166523.16426919732,0.0,0
2022-03-11,166523.16426919732,0.0,166523.16426919732,0.0,0
2022-03-14,166523.16426919732,0.0,166523.16426919732,0.0,0
2022-03-15,166523.16426919732,0.0,166523.16426919732,0.0,0
2022-03-16,166523.16426919732,0.0,166523.16426919732,0.0,0
2022-03-17,166523.16426919732,0.0,166523.16426919732,0.0,0
2022-03-21,166523.16426919732,0.0,166523.16426919732,0.0,0
2022-03-22,166523.16426919732,0.0,166523.16426919732,0.0,0
2022-03-23,116516.25803915737,49309.11600049847,165825.37403965584,0.2973556748239662,1
2022-03-24,116516.25803915737,49685.700457935796,166201.95849709318,0.298947743499694,1
2022-03-25,116516.25803915737,49418.40569958505,165934.6637387424,0.2978184580974135,1
2022-03-28,116516.25803915737,49348.61806898616,165864.87610814354,0.29752301528149316,1
2022-03-29,66707.03574388186,99135.3054022551,165842.34114613695,0.5977683667339153,2
2022-03-30,66707.03574388186,100558.68794354738,167265.72368742924,0.601191240660054,2
2022-03-31,66707.03574388186,99914.50488651879,166621.54063040065,0.5996493881193238,2
2022-04-01,66707.03574388186,100225.60352699652,166932.6392708784,0.6003954886519367,2
2022-04-04,66707.03574388186,99831.1782568206,166538.21400070246,0.5994490745313236,2
2022-04-05,66707.03574388186,98545.58880884416,165252.62455272602,0.5963329724751324,2
2022-04-06,66707.03574388186,97564.25756351503,164271.29330739687,0.5939215282182347,2
2022-04-07,0.0,161786.6251253473,161786.6251253473,1.0,4
2022-04-08,0.0,162656.69400977768,162656.69400977768,1.0,4
2022-04-11,0.0,160984.20870221674,160984.20870221674,1.0,4
2022-04-12,0.0,159318.00698620666,159318.00698620666,1.0,4
2022-04-13,0.0,158424.8182840333,158424.8182840333,1.0,4
2022-04-18,0.0,152235.57999963636,152235.57999963636,1.0,4
2022-04-19,0.0,150849.3381694493,150849.3381694493,1.0,4
2022-04-20,0.0,154007.67691413927,154007.67691413927,1.0,4
2022-04-21,0.0,157099.91854135832,157099.91854135832,1.0,4
2022-04-22,-7.275957614183426e-12,155126.09640431835,155126.09640431835,1.0,4
2022-04-25,-7.275957614183426e-12,153823.0651197193,153823.0651197193,1.0,4
2022-04-26,-7.275957614183426e-12,155549.9621561426,155549.9621561426,1.0,4
2022-04-27,-7.275957614183426e-12,154794.5506001204,154794.5506001204,1.0,4
2022-04-28,52949.8826020068,103149.35438334313,156099.23698534994,0.6607934566203152,3
2022-04-29,5931.5824653460295,148774.41074994055,154705.99321528658,0.9616590001326469,4
2022-05-02,5931.5824653460295,148859.7855638999,154791.36802924593,0.961680147020696,4
2022-05-04,5931.5824653460295,144910.78038326732,150842.36284861335,0.9606769454327694,4
2022-05-05,5931.5824653460295,144530.1246990643,150461.70716441033,0.960577461354572,4
2022-05-06,5931.5824653460295,142182.15242739272,148113.73489273875,0.9599525157498623,4
2022-05-09,5931.5824653460295,140163.03881666705,146094.62128201307,0.9593990359583737,4
2022-05-10,64850.749282325916,80317.44121444263,145168.19049676854,0.5532716288574976,2
2022-05-11,64850.749282325916,80062.07923190783,144912.82851423376,0.5524844146151209,2
2022-05-12,64850.749282325916,78216.54070666441,143067.28998899032,0.5467115558887258,2
2022-05-13,64850.749282325916,77636.17633604506,142486.92561837097,0.5448652639469636,2
2022-05-16,64850.749282325916,77960.75868671946,142811.50796904537,0.545899695307591,2
2022-05-17,64850.749282325916,81141.31981589031,145992.06909821622,0.555792655841479,2
2022-05-18,64850.749282325916,81145.01280096734,145995.76208329326,0.5558038921340238,2
2022-05-19,64850.749282325916,79233.23645661684,144083.98573894275,0.5499100823055718,2
2022-05-20,64850.749282325916,82683.52773680454,147534.27701913044,0.5604360519290249,2
2022-05-23,104333.89139121081,42872.24410155593,147206.13549276674,0.29123951904615103,1
2022-05-24,104333.89139121081,43019.43106444552,147353.32245565634,0.291947479347753,1
2022-05-25,104333.89139121081,42956.116658343795,147290.0080495546,0.29164311433733875,1
2022-05-26,104333.89139121081,42546.619698728675,146880.51108993948,0.2896682438194681,1
2022-05-27,104333.89139121081,42349.268412158905,146683.15980336972,0.288712545250106,1
2022-05-30,147296.33607105634,0.0,147296.33607105634,0.0,0
2022-05-31,147296.33607105634,0.0,147296.33607105634,0.0,0
2022-06-01,147296.33607105634,0.0,147296.33607105634,0.0,0
2022-06-02,147296.33607105634,0.0,147296.33607105634,0.0,0
2022-06-03,147296.33607105634,0.0,147296.33607105634,0.0,0
2022-06-06,147296.33607105634,0.0,147296.33607105634,0.0,0
2022-06-07,147296.33607105634,0.0,147296.33607105634,0.0,0
2022-06-08,147296.33607105634,0.0,147296.33607105634,0.0,0
2022-06-09,147296.33607105634,0.0,147296.33607105634,0.0,0
2022-06-10,147296.33607105634,0.0,147296.33607105634,0.0,0
2022-06-13,103063.24634891812,44404.005405122836,147467.25175404095,0.30111095770051916,1
2022-06-14,103063.24634891812,43823.71393782952,146886.96028674764,0.29834992740184957,1
2022-06-15,103063.24634891812,43293.448433535785,146356.6947824539,0.29580777632268623,1
2022-06-16,103063.24634891812,42688.14398474268,145751.39033366082,0.2928832712128441,1
2022-06-17,103063.24634891812,43188.39479337319,146251.6411422913,0.2953019498178095,1
2022-06-20,103063.24634891812,42405.5030276825,145468.7493766006,0.29150936685308193,1
2022-06-21,103063.24634891812,43090.01451611117,146153.2608650293,0.2948275957790929,1
2022-06-22,103063.24634891812,41781.02093058025,144844.26727949837,0.28845477777838185,1
2022-06-23,103063.24634891812,41103.17839436947,144166.42474328759,0.2851092303049101,1
2022-06-24,103063.24634891812,41688.47598650889,144751.722335427,0.2879998615139512,1
2022-06-27,103063.24634891812,41565.07831706439,144628.3246659825,0.28739237914190374,1
2022-06-28,103063.24634891812,42149.537879493895,145212.78422841203,0.29026051737424785,1
2022-06-29,103063.24634891812,43024.145380911395,146087.3917298295,0.2945096416019201,1
2022-06-30,103063.24634891812,43282.61138618171,146345.85773509982,0.2957556302312801,1
2022-07-01,103063.24634891812,40165.20702551659,143228.45337443473,0.28042756923803935,1
2022-07-04,103063.24634891812,40248.58216028834,143311.82850920648,0.2808461979654578,1
2022-07-05,103063.24634891812,40574.58012813021,143637.82647704834,0.2824783772024952,1
2022-07-06,103063.24634891812,40217.73384559788,143280.980194516,0.2806913645551483,1
2022-07-07,103063.24634891812,39821.703058102736,142884.94940702087,0.2786976740612964,1
2022-07-08,103063.24634891812,39876.730735265744,142939.97708418386,0.27897535419206426,1
2022-07-11,142651.89064535408,0.0,142651.89064535408,0.0,0
2022-07-12,142651.89064535408,0.0,142651.89064535408,0.0,0
2022-07-13,142651.89064535408,0.0,142651.89064535408,0.0,0
2022-07-14,142651.89064535408,0.0,142651.89064535408,0.0,0
2022-07-15,99813.52788455426,42679.09803948731,142492.62592404158,0.299517941807306,1
2022-07-18,99813.52788455426,43860.84019046001,143674.36807501427,0.3052795065544307,1
2022-07-19,99813.52788455426,44352.28752008278,144165.81540463705,0.30764774156478847,1
2022-07-20,99813.52788455426,44491.48041752324,144305.0083020775,0.30831556673617344,1
2022-07-21,99813.52788455426,44656.24402811084,144469.7719126651,0.3091044128948057,1
2022-07-22,99813.52788455426,45454.48790021617,145268.01578477042,0.31290086571817494,1
2022-07-25,99813.52788455426,45502.78235668487,145316.31024123915,0.31312921640486086,1
2022-07-26,99813.52788455426,45241.43330084541,145054.96118539968,0.3118916645878854,1
2022-07-27,99813.52788455426,45480.05514567777,145293.58303023202,0.31302177423909,1
2022-07-28,99813.52788455426,46281.1390522376,146094.66693679185,0.316788696142216,1
2022-07-29,99813.52788455426,46508.39729156641,146321.92517612068,0.3178498180336712,1
2022-08-01,99813.52788455426,46781.10995290941,146594.63783746367,0.31911883437904337,1
2022-08-02,99813.52788455426,46460.10630278326,146273.63418733753,0.3176246119876959,1
2022-08-03,99813.52788455426,46860.64825606317,146674.17614061743,0.31948806183262674,1
2022-08-04,99813.52788455426,46602.14270236376,146415.67058691802,0.3182865776289903,1
2022-08-05,99813.52788455426,47621.96474488889,147435.49262944315,0.32300203903126307,1
2022-08-08,99813.52788455426,47550.946545098646,147364.4744296529,0.3226757787393185,1
2022-08-10,55471.25666100873,92669.38272005919,148140.63938106791,0.6255500388497861,2
2022-08-11,55471.25666100873,93879.5730318993,149350.82969290804,0.6285842082359533,2
2022-08-12,55471.25666100873,94698.07779827618,150169.3344592849,0.6306086268495215,2
2022-08-16,105500.37192418273,45534.747124995825,151035.11904917855,0.30148449851699227,1
2022-08-17,60164.09736440419,91135.13231199575,151299.22967639993,0.6023502730775057,2
2022-08-18,14860.703686080975,136564.96709932014,151425.67078540113,0.9018613976811011,3
2022-08-19,14860.703686080975,134437.282047286,149297.98573336698,0.9004627985228086,3
2022-08-22,14860.703686080975,132693.5959819752,147554.2996680562,0.8992865425168077,3
2022-08-23,14860.703686080975,133838.0210919993,148698.7247780803,0.9000616601907026,3
2022-08-24,14860.703686080975,134414.57216932205,149275.27585540304,0.9004476555080966,3
2022-08-25,14860.703686080975,133992.26591316678,148852.96959924774,0.9001652185637279,3
2022-08-26,14860.703686080975,133683.74765441223,148544.45134049322,0.8999578674802378,3
2022-08-29,14860.703686080975,131788.03405778448,146648.73774386547,0.8986646328177984,3
2022-08-30,14860.703686080975,135504.66224094483,150365.3659270258,0.9011693710552133,3
2022-09-01,14860.703686080975,133097.1970022086,147957.90068828955,0.8995612696790775,3
2022-09-02,14860.703686080975,132892.9941073826,147753.6977934636,0.8994224584019961,3
2022-09-05,14860.703686080975,134367.3364896316,149228.04017571255,0.9004161438521686,3
2022-09-06,14860.703686080975,134716.42082852928,149577.12451461027,0.9006485534849987,3
2022-09-07,14860.703686080975,133863.15300472215,148723.85669080314,0.90007854814459,3
2022-09-08,14860.703686080975,135549.82103898257,150410.52472506353,0.9011990436623704,3
2022-09-09,60169.73156774389,90004.90985760684,150174.64142535074,0.5993349409949931,2
2022-09-12,15007.29000717889,135722.9955891076,150730.28559628647,0.9004361336687562,3
2022-09-13,15007.29000717889,136824.04575290583,151831.33576008474,0.9011581507068306,3
2022-09-14,15007.29000717889,137173.5442419467,152180.83424912562,0.9013851508882424,3
2022-09-15,62213.04841209862,89342.58259980637,151555.63101190497,0.5895035506320998,2
2022-09-16,60206.62155350354,89810.88671419966,150017.5082677032,0.5986693670043762,2
2022-09-19,60206.62155350354,89618.07545013429,149824.69700363782,0.5981528896264567,2
2022-09-20,60206.62155350354,91029.50018674595,151236.12174024948,0.6019031640013264,2
2022-09-21,60206.62155350354,90884.7136634023,151091.33521690583,0.6015216791414858,2
2022-09-22,60206.62155350354,89326.26805847939,149532.88961198292,0.5973687012286638,2
2022-09-23,60206.62155350354,87082.79203198304,147289.4135854866,0.5912359205737505,2
2022-09-26,60206.62155350354,85448.93745802669,145655.55901153022,0.5866507123923947,2
2022-09-27,60206.62155350354,84644.0152742196,144850.63682772312,0.5843537669419447,2
2022-09-28,60206.62155350354,83762.44041324095,143969.06196674448,0.5818086140798034,2
2022-09-29,60206.62155350354,83269.22338112493,143475.84493462846,0.5803710263498687,2
2022-09-30,60206.62155350354,85336.45423159726,145543.0757851008,0.5863312546561774,2
2022-10-03,60206.62155350354,84416.97343715673,144623.59499066026,0.5837012518089344,2
2022-10-04,60206.62155350354,86567.55470731438,146774.1762608179,0.5898009916504912,2
2022-10-06,60206.62155350354,86965.66358223578,147172.2851357393,0.5909106018298621,2
2022-10-07,60206.62155350354,86635.91223518162,146842.53378868516,0.5899919457931424,2
2022-10-10,60206.62155350354,86121.15371444222,146327.77526794575,0.5885496007626908,2
2022-10-11,102307.0668895948,43009.641002588556,145316.70789218336,0.2959717545658909,1
2022-10-12,102307.0668895948,42898.48582803127,145205.55271762607,0.29543281937333205,1
2022-10-13,102307.0668895948,42169.801905933506,144476.8687955283,0.2918792624556015,1
2022-10-14,102307.0668895948,42992.35140376826,145299.41829336307,0.2958879802048874,1
2022-10-17,145342.79351259032,0.0,145342.79351259032,0.0,0
2022-10-18,145342.79351259032,0.0,145342.79351259032,0.0,0
2022-10-19,145342.79351259032,0.0,145342.79351259032,0.0,0
2022-10-20,145342.79351259032,0.0,145342.79351259032,0.0,0
2022-10-21,145342.79351259032,0.0,145342.79351259032,0.0,0
2022-10-24,145342.79351259032,0.0,145342.79351259032,0.0,0
2022-10-25,145342.79351259032,0.0,145342.79351259032,0.0,0
2022-10-27,145342.79351259032,0.0,145342.79351259032,0.0,0
2022-10-28,145342.79351259032,0.0,145342.79351259032,0.0,0
2022-10-31,145342.79351259032,0.0,145342.79351259032,0.0,0
2022-11-01,101696.35262075946,43015.784572355544,144712.137193115,0.2972507034081874,1
2022-11-02,101696.35262075946,42831.14888112198,144527.50150188143,0.2963529323902719,1
2022-11-03,101696.35262075946,43018.15403049616,144714.50665125562,0.2972622097531983,1
2022-11-04,101696.35262075946,42859.553482978496,144555.90610373794,0.2964911959544642,1
2022-11-07,101696.35262075946,43437.13780058685,145133.4904213463,0.29929093329514583,1
2022-11-09,101696.35262075946,43105.737294206345,144802.0899149658,0.29768725934494417,1
2022-11-10,101696.35262075946,43115.20645801955,144811.559078779,0.2977331832644963,1
2022-11-11,14290.330606546893,132640.72521765786,146931.05582420476,0.9027412514911448,3
2022-11-14,14290.330606546893,131987.6572255459,146277.9878320928,0.9023070332157546,3
2022-11-15,0.0,147117.1413631128,147117.1413631128,1.0,4
2022-11-16,0.0,147428.46477668715,147428.46477668715,1.0,4
2022-11-17,0.0,147278.34926399283,147278.34926399283,1.0,4
2022-11-18,0.0,147215.06594289525,147215.06594289525,1.0,4
2022-11-21,0.0,145784.0669991613,145784.0669991613,1.0,4
2022-11-22,0.0,146216.6095967219,146216.6095967219,1.0,4
2022-11-23,0.0,146359.8908206331,146359.8908206331,1.0,4
2022-11-24,0.0,148426.66623409855,148426.66623409855,1.0,4
2022-11-25,0.0,148509.3681961667,148509.3681961667,1.0,4
2022-11-28,0.0,149753.4186737833,149753.4186737833,1.0,4
2022-11-29,0.0,150257.45252588732,150257.45252588732,1.0,4
2022-11-30,-7.275957614183426e-12,151007.08966115266,151007.08966115266,1.0,4
2022-12-01,-7.275957614183426e-12,152508.0633695216,152508.0633695216,1.0,4
2022-12-02,-7.275957614183426e-12,151481.33727161615,151481.33727161615,1.0,4
2022-12-05,-7.275957614183426e-12,150821.3012905923,150821.3012905923,1.0,4
2022-12-06,-7.275957614183426e-12,150120.73117619252,150120.73117619252,1.0,4
2022-12-07,-7.275957614183426e-12,149304.45591978467,149304.45591978467,1.0,4
2022-12-08,-7.275957614183426e-12,149273.86762663824,149273.86762663824,1.0,4
2022-12-09,45336.15434541088,102604.94107463447,147941.09542004534,0.6935526655613229,3
2022-12-12,1180.1771927635345,146961.68673182605,148141.8639245896,0.9920334660203526,4
2022-12-13,15164.918033966498,133818.6003487909,148983.5183827574,0.8982107672138208,3
2022-12-14,-1.8189894035458565e-12,149120.41228521083,149120.41228521083,1.0,4
2022-12-15,-1.8189894035458565e-12,146658.68705731572,146658.68705731572,1.0,4
2022-12-16,-1.8189894035458565e-12,145612.2193485095,145612.2193485095,1.0,4
2022-12-19,-1.8189894035458565e-12,145652.84944249762,145652.84944249762,1.0,4
2022-12-20,-1.8189894035458565e-12,146185.37080553186,146185.37080553186,1.0,4
2022-12-21,-1.8189894035458565e-12,145027.12061027458,145027.12061027458,1.0,4
2022-12-22,-1.8189894035458565e-12,144643.70319939798,144643.70319939798,1.0,4
2022-12-23,-1.8189894035458565e-12,142837.3074863888,142837.3074863888,1.0,4
2022-12-26,-1.8189894035458565e-12,144840.14776727912,144840.14776727912,1.0,4
2022-12-27,-1.8189894035458565e-12,145449.91768547273,145449.91768547273,1.0,4
2022-12-28,42987.076146041865,102172.7371964178,145159.81334245967,0.7038637956592906,3
2022-12-29,42987.076146041865,102916.7922000356,145903.86834607748,0.7053739792280322,3
2022-12-30,42987.076146041865,101753.43796845479,144740.51411449665,0.7030059178037945,3
2023-01-02,42987.076146041865,102492.16053347671,145479.23667951857,0.7045140108843186,3
2023-01-03,42987.076146041865,102619.98918471762,145607.06533075948,0.7047734184574569,3
2023-01-04,42987.076146041865,101495.07312455238,144482.14927059424,0.7024748291532316,3
2023-01-05,42987.076146041865,100226.97199650605,143214.04814254792,0.6998403668943515,3
2023-01-06,85297.13026018257,57852.300157541584,143149.43041772416,0.40413922702118243,2
2023-01-09,128578.44377503052,14915.139366220557,143493.5831412511,0.10394290141558811,1
2023-01-10,128578.44377503052,14694.583217591051,143273.02699262157,0.10256350079312422,1
2023-01-11,143224.4795739276,0.0,143224.4795739276,0.0,0
2023-01-12,143224.4795739276,0.0,143224.4795739276,0.0,0
2023-01-13,143224.4795739276,0.0,143224.4795739276,0.0,0
2023-01-16,143224.4795739276,0.0,143224.4795739276,0.0,0
2023-01-17,143224.4795739276,0.0,143224.4795739276,0.0,0
2023-01-18,143224.4795739276,0.0,143224.4795739276,0.0,0
2023-01-19,143224.4795739276,0.0,143224.4795739276,0.0,0
2023-01-20,143224.4795739276,0.0,143224.4795739276,0.0,0
2023-01-23,143224.4795739276,0.0,143224.4795739276,0.0,0
2023-01-24,143224.4795739276,0.0,143224.4795739276,0.0,0
2023-01-25,100214.16835787713,41881.347700946135,142095.51605882327,0.2947408114103229,1
2023-01-27,57669.902040692206,83363.14665757805,141033.04869827026,0.5910894462469383,2
2023-01-30,57669.902040692206,83601.59631892796,141271.49835962016,0.5917796391322478,2
2023-01-31,57669.902040692206,82401.2462549691,140071.14829566132,0.5882813645607948,2
2023-02-01,57669.902040692206,83628.1421780106,141298.04421870282,0.5918563320563018,2
2023-02-02,57669.902040692206,83659.08934830874,141328.99138900096,0.5919457043179576,2
2023-02-03,57669.902040692206,85339.39640526335,143009.29844595556,0.5967401933484335,2
2023-02-06,57669.902040692206,84883.03352051825,142552.93556121044,0.5954492146117225,2
2023-02-07,57669.902040692206,85101.58308681569,142771.48512750788,0.5960684867206659,2
2023-02-08,57669.902040692206,85686.39301283183,143356.29505352402,0.5977162912925424,2
2023-02-09,57669.902040692206,85856.16974080741,143526.0717814996,0.5981921519562845,2
2023-02-10,14660.048132475029,128831.3003683028,143491.34850077782,0.8978332262840532,3
2023-02-13,14660.048132475029,127084.02800540309,141744.07613787812,0.896573821411663,3
2023-02-14,14660.048132475029,128380.8320528339,143040.88018530892,0.8975114798407071,3
2023-02-15,14660.048132475029,128650.6249927652,143310.67312524022,0.8977044220588964,3
2023-02-16,14660.048132475029,129087.4400935444,143747.48822601943,0.8980152744691824,3
2023-02-17,14660.048132475029,127689.94216573724,142349.99029821227,0.8970140559773601,3
2023-02-20,14660.048132475029,127353.5234287339,142013.57156120893,0.8967700905532368,3
2023-02-21,14660.048132475029,126714.45945379307,141374.5075862681,0.896303453976458,3
2023-02-22,14660.048132475029,124808.96521761068,139469.0133500857,0.8948867007779258,3
2023-02-23,55594.78760319422,83659.04425704769,139253.83186024192,0.600766550833658,2
2023-02-24,98010.67402823878,41307.29807208638,139317.97210032516,0.29649654993786667,1
2023-02-27,98010.67402823878,40205.78855033131,138216.4625785701,0.2908900126674567,1
2023-02-28,98010.67402823878,39626.396863669215,137637.070891908,0.28790497070944965,1
2023-03-01,98010.67402823878,39852.82579868659,137863.49982692537,0.2890745255177625,1
2023-03-02,98010.67402823878,39216.16026045538,137226.83428869414,0.28577617827977775,1
2023-03-03,98010.67402823878,39406.627603211185,137417.30163144995,0.28676612868515533,1
2023-03-06,98010.67402823878,40156.50435715686,138167.17838539564,0.2906370733369585,1
2023-03-08,98010.67402823878,39763.58355815613,137774.2575863949,0.2886140288814211,1
2023-03-09,98010.67402823878,39435.929520913414,137446.6035491522,0.2869181813344027,1
2023-03-10,98010.67402823878,39200.17769187182,137210.8517201106,0.28569298419511496,1
2023-03-13,136976.0503059724,0.0,136976.0503059724,0.0,0
2023-03-14,136976.0503059724,0.0,136976.0503059724,0.0,0
2023-03-15,136976.0503059724,0.0,136976.0503059724,0.0,0
2023-03-16,136976.0503059724,0.0,136976.0503059724,0.0,0
2023-03-17,136976.0503059724,0.0,136976.0503059724,0.0,0
2023-03-20,136976.0503059724,0.0,136976.0503059724,0.0,0
2023-03-21,136976.0503059724,0.0,136976.0503059724,0.0,0
2023-03-22,136976.0503059724,0.0,136976.0503059724,0.0,0
2023-03-23,136976.0503059724,0.0,136976.0503059724,0.0,0
2023-03-24,136976.0503059724,0.0,136976.0503059724,0.0,0
2023-03-27,136976.0503059724,0.0,136976.0503059724,0.0,0
2023-03-28,136976.0503059724,0.0,136976.0503059724,0.0,0
2023-03-29,136976.0503059724,0.0,136976.0503059724,0.0,0
2023-03-31,136976.0503059724,0.0,136976.0503059724,0.0,0
2023-04-03,136976.0503059724,0.0,136976.0503059724,0.0,0
2023-04-05,136976.0503059724,0.0,136976.0503059724,0.0,0
2023-04-06,136976.0503059724,0.0,136976.0503059724,0.0,0
2023-04-10,136976.0503059724,0.0,136976.0503059724,0.0,0
2023-04-11,136976.0503059724,0.0,136976.0503059724,0.0,0
2023-04-12,136976.0503059724,0.0,136976.0503059724,0.0,0
2023-04-13,95842.14239908889,41457.12241011955,137299.26480920843,0.301947155126639,1
2023-04-17,95842.14239908889,41563.18567538638,137405.32807447528,0.3024859825876523,1
2023-04-18,95842.14239908889,41357.97466226801,137200.1170613569,0.3014427068146919,1
2023-04-19,95842.14239908889,41129.70910981357,136971.85150890244,0.30027855107982065,1
2023-04-20,95842.14239908889,41244.99587958588,137087.13827867477,0.30086699888462065,1
2023-04-21,54672.79804412304,82107.70533216106,136780.5033762841,0.6002880769219149,2
2023-04-24,54672.79804412304,83322.40126092399,137995.19930504702,0.6038065213901724,2
2023-04-25,54672.79804412304,83132.18145591361,137804.97950003666,0.6032596337049744,2
2023-04-26,54672.79804412304,83389.86871104772,138062.66675517077,0.6040001303098441,2
2023-04-27,54672.79804412304,83773.36618450766,138446.1642286307,0.6050970545212354,2
2023-04-28,54672.79804412304,83903.72757889825,138576.5256230213,0.6054685467230358,2
2023-05-02,54672.79804412304,84100.31152842176,138773.1095725448,0.6060274341871515,2
2023-05-03,54672.79804412304,84280.2884996326,138953.08654375563,0.6065377214423601,2
2023-05-04,54672.79804412304,85081.1190851635,139753.91712928654,0.6087923747171597,2
2023-05-05,54672.79804412304,82805.99644686926,137478.7944909923,0.6023183193702994,2
2023-05-08,54672.79804412304,83774.2289458111,138447.02698993415,0.6050995154406742,2
2023-05-09,54672.79804412304,83614.06079288758,138286.85883701063,0.6046421293829359,2
2023-05-10,13142.485362195664,125476.22445293798,138618.70981513365,0.9051896718724124,3
2023-05-11,13142.485362195664,125376.9989956723,138519.48435786797,0.9051217565303536,3
2023-05-12,13142.485362195664,126021.00037930164,139163.4857414973,0.9055608208419811,3
2023-05-15,56619.72019565036,82772.11069092344,139391.8308865738,0.5938089066229206,2
2023-05-16,14766.186364441637,123130.2054623854,137896.39182682705,0.8929182542862666,3
2023-05-17,14766.186364441637,122362.42870388072,137128.61506832237,0.8923187085563097,3
2023-05-18,14766.186364441637,122751.05150749684,137517.23787193847,0.892623015172887,3
2023-05-19,14766.186364441637,123272.79614320799,138038.98250764963,0.893028866946166,3
2023-05-22,55262.447378714896,82732.76961822003,137995.21699693493,0.5995336028208691,2
2023-05-23,13772.404107092072,124195.89831842249,137968.30242551456,0.9001770416467404,3
2023-05-24,13772.404107092072,123475.45656296704,137247.8606700591,0.8996530507663021,3
2023-05-25,13772.404107092072,123311.75222532949,137084.15633242155,0.8995332175828201,3
2023-05-26,13772.404107092072,125341.98059541619,139114.38470250825,0.9009994247787968,3
2023-05-29,13772.404107092072,125357.49173716908,139129.89584426116,0.9010104620324837,3
2023-05-30,13772.404107092072,125373.85274863662,139146.2568557287,0.9010221013607881,3
2023-05-31,13772.404107092072,124169.95105761146,137942.35516470353,0.9001582647284238,3
2023-06-01,13772.404107092072,123917.32433554169,137689.72844263376,0.8999750797472876,3
2023-06-02,13772.404107092072,123642.73407877717,137415.13818586923,0.8997752046178249,3
2023-06-05,13772.404107092072,124179.26610332838,137951.67021042045,0.9001650064396847,3
2023-06-06,13772.404107092072,123299.98286523571,137072.38697232777,0.8995245912667119,3
2023-06-07,55169.80180267479,82439.0825038935,137608.8843065683,0.599082558653944,2
2023-06-08,13945.76799744719,122934.28913895332,136880.05713640052,0.8981168748085027,3
2023-06-09,13945.76799744719,122309.62731808213,136255.3953155293,0.8976497923979253,3
2023-06-12,13945.76799744719,122724.75900386073,136670.52700130793,0.8979606773791562,3
2023-06-13,55095.7260510868,82094.40634244532,137190.1323935321,0.5983987689942319,2
2023-06-14,55095.7260510868,82696.00288772295,137791.72893880974,0.6001521537221325,2
2023-06-15,13738.765179217073,122968.20496028602,136706.9701395031,0.8995020870903853,3
2023-06-16,13738.765179217073,123191.32692526594,136930.09210448302,0.8996658443146751,3
2023-06-19,13738.765179217073,122730.3826836933,136469.14786291038,0.8993269512240356,3
2023-06-20,53993.625284604954,82672.86755590704,136666.492840512,0.6049241905430705,2
2023-06-21,53993.625284604954,82753.86192464811,136747.48720925307,0.6051581905707482,2
2023-06-22,53993.625284604954,82326.68464476778,136320.30992937274,0.6039209028164699,2
2023-06-23,53993.625284604954,81886.86768560178,135880.49297020675,0.6026388769693113,2
2023-06-26,53993.625284604954,81744.82407377815,135738.4493583831,0.6022230580957322,2
2023-06-27,53993.625284604954,82139.52369475087,136133.1489793558,0.6033763584445334,2
2023-06-28,53993.625284604954,82741.95101501467,136735.57629961963,0.6051237962657773,2
2023-06-30,53993.625284604954,82957.77381988527,136951.39910449024,0.6057460848325523,2
2023-07-03,53993.625284604954,84382.5261507731,138376.15143537807,0.6098054128220202,2
2023-07-04,53993.625284604954,84034.0687571796,138027.69404178456,0.6088203482682273,2
2023-07-05,53993.625284604954,84548.36058658248,138541.98587118744,0.6102724748380122,2
2023-07-06,53993.625284604954,85501.37841956473,139495.00370416968,0.6129350596734597,2
2023-07-07,97253.12395856011,41565.990372892964,138819.11433145308,0.2994255551411129,1
2023-07-10,13888.915901608474,125535.37184463868,139424.28774624714,0.9003838131352957,3
2023-07-11,13888.915901608474,125641.20089032927,139530.11679193773,0.9004593687661058,3
2023-07-12,13888.915901608474,125276.95262630709,139165.86852791556,0.9001988343224944,3
2023-07-13,13888.915901608474,125594.28655041187,139483.20245202034,0.9004258888708409,3
2023-07-14,55999.08630845897,83669.46036264626,139668.54667110523,0.5990572849567417,2
2023-07-17,13985.917539976406,127151.44449359275,141137.36203356914,0.9009056330764502,3
2023-07-18,13985.917539976406,127545.72221853689,141531.6397585133,0.9011816893816836,3
2023-07-19,-1.8189894035458565e-12,141620.4925346441,141620.4925346441,1.0,5
2023-07-20,-1.8189894035458565e-12,141616.23943654538,141616.23943654538,1.0,5
2023-07-21,-1.8189894035458565e-12,138249.3776671611,138249.3776671611,1.0,5
2023-07-24,-1.8189894035458565e-12,137758.40353018316,137758.40353018316,1.0,5
2023-07-25,-1.8189894035458565e-12,138250.2822465282,138250.2822465282,1.0,5
2023-07-26,-1.8189894035458565e-12,138729.9284541284,138729.9284541284,1.0,5
2023-07-27,-1.8189894035458565e-12,137974.53002021927,137974.53002021927,1.0,5
2023-07-28,-1.8189894035458565e-12,137139.89072321422,137139.89072321422,1.0,5
2023-07-31,-1.8189894035458565e-12,138568.1997840955,138568.1997840955,1.0,5
2023-08-01,-1.8189894035458565e-12,138624.2057794128,138624.2057794128,1.0,5
2023-08-02,-1.8189894035458565e-12,137398.70778339027,137398.70778339027,1.0,5
2023-08-03,-1.8189894035458565e-12,136318.18022899504,136318.18022899504,1.0,5
2023-08-04,-1.8189894035458565e-12,138099.75775131694,138099.75775131694,1.0,5
2023-08-07,83906.37650680661,55164.62392980413,139071.00043661075,0.3966651836588207,3
2023-08-08,83906.37650680661,55020.927451665004,138927.30395847163,0.3960411372275096,3
2023-08-09,42226.32517706841,96467.92833822277,138694.25351529117,0.6955438015143655,4
2023-08-10,42226.32517706841,95768.74376005196,137995.06893712038,0.6940012023450671,4
2023-08-11,778.8839906688736,136904.46869443747,137683.35268510634,0.9943429327113333,5
2023-08-14,41880.276336944655,96107.99740655386,137988.27374349852,0.6964939469074422,4
2023-08-16,41880.276336944655,96050.82000106982,137931.09633801447,0.6963681327210458,4
2023-08-17,55364.132994761734,81732.13278620606,137096.26578096778,0.5961660029222504,2
2023-08-18,55364.132994761734,81874.52401011932,137238.65700488107,0.5965849986946997,2
2023-08-21,55364.132994761734,81241.34925612292,136605.48225088464,0.5947151455233548,2
2023-08-22,14304.911822615388,121863.10324461837,136168.01506723376,0.8949466083092108,3
2023-08-23,14304.911822615388,122201.35907003685,136506.27089265225,0.8952069254469291,3
2023-08-24,14304.911822615388,121197.55654085662,135502.468363472,0.8944306181622916,3
2023-08-25,14304.911822615388,120484.15816689606,134789.06998951145,0.8938718708888745,3
2023-08-28,14304.911822615388,120421.90394332356,134726.81576593895,0.8938228314735254,3
2023-08-29,14304.911822615388,120362.67859952667,134667.59042214206,0.8937761359078763,3
2023-08-30,14304.911822615388,120211.42093159264,134516.33275420804,0.8936566918698733,3
2023-08-31,0.0,133729.74319549024,133729.74319549024,1.0,4
2023-09-01,0.0,134257.8666839172,134257.8666839172,1.0,4
2023-09-04,0.0,135159.8259923122,135159.8259923122,1.0,4
2023-09-05,0.0,135395.97813824916,135395.97813824916,1.0,4
2023-09-06,0.0,135990.46062397462,135990.46062397462,1.0,4
2023-09-07,40149.820762843156,96048.2115708104,136198.03233365354,0.7052099793594271,3
2023-09-08,40149.820762843156,96185.88190256018,136335.70266540334,0.7055076551636712,3
2023-09-11,80200.393349968,56693.04622053067,136893.43957049865,0.4141399792305924,2
2023-09-12,80200.393349968,58146.72993920428,138347.12328917228,0.4202959089916626,2
2023-09-13,80200.393349968,57963.11608663142,138163.50943659942,0.4195255051278904,2
2023-09-14,80200.393349968,57954.649859300735,138155.04320926874,0.4194899332883173,2
2023-09-15,80200.393349968,58462.40763287801,138662.800982846,0.42161565480067287,2
2023-09-18,80200.393349968,58359.950302834906,138560.3436528029,0.42118797315536505,2
2023-09-20,123346.9584861517,14839.283617127114,138186.2421032788,0.10738611450216877,1
2023-09-21,40374.42912036535,96932.55352830104,137306.9826486664,0.7059550188814997,3
2023-09-22,40374.42912036535,96708.08202462953,137082.51114499487,0.7054735226023069,3
2023-09-25,40374.42912036535,96438.83278672406,136813.2619070894,0.7048938929050326,3
2023-09-26,40374.42912036535,96079.61323884562,136454.04235921096,0.7041170168188867,3
2023-09-27,40374.42912036535,95947.58064253813,136322.00976290347,0.7038304438836684,3
2023-09-28,40374.42912036535,95045.19232130356,135419.62144166892,0.7018568750189841,3
2023-09-29,54620.41896642792,81010.95455466831,135631.37352109622,0.5972877251889497,2
2023-10-03,54620.41896642792,80350.00620071188,134970.4251671398,0.59531564860384,2
2023-10-04,54620.41896642792,80192.52944226965,134812.94840869756,0.594842931549563,2
2023-10-05,54620.41896642792,81245.23000680303,135865.64897323094,0.5979821288220575,2
2023-10-06,54620.41896642792,81799.35423850612,136419.77320493403,0.5996150874376882,2
2023-10-09,13634.404925445262,122955.92862087268,136590.33354631794,0.9001803087271779,3
2023-10-10,13634.404925445262,123930.30930816504,137564.7142336103,0.9008873387234205,3
2023-10-11,13634.404925445262,123770.26652013711,137404.67144558238,0.9007718967484666,3
2023-10-12,13634.404925445262,122233.29085737749,135867.69578282276,0.899649399020948,3
2023-10-13,13634.404925445262,121475.26112058414,135109.6660460294,0.8990863842354532,3
2023-10-16,13634.404925445262,121022.84191765351,134657.24684309878,0.8987473363291621,3
2023-10-17,13634.404925445262,121164.22704816022,134798.6319736055,0.8988535363762817,3
2023-10-18,13634.404925445262,120453.1761051006,134087.58103054587,0.8983171683711761,3
2023-10-19,13634.404925445262,119557.01756190261,133191.42248734788,0.8976330106637278,3
2023-10-20,92821.31741548616,39892.722176502684,132714.03959198884,0.30059157493169075,1
2023-10-23,92821.31741548616,39372.838723330824,132194.156138817,0.2978409929254772,1
2023-10-25,92821.31741548616,38293.940070628356,131115.2574861145,0.2920631878001215,1
2023-10-26,92821.31741548616,37997.659285310736,130818.97670079689,0.2904598418639004,1
2023-10-27,92821.31741548616,38581.83085121182,131403.14826669797,0.2936142045311236,1
2023-10-30,92821.31741548616,38489.59539046407,131310.91280595024,0.29311802475506016,1
2023-10-31,92821.31741548616,38247.820634275486,131069.13804976165,0.2918140853246043,1
2023-11-01,92821.31741548616,37849.52230460993,130670.83972009609,0.28965546089460836,1
2023-11-02,92821.31741548616,38296.73446423441,131118.0518797206,0.29207827538015446,1
2023-11-03,92821.31741548616,38825.00451018243,131646.3219256686,0.29491902198455777,1
2023-11-06,92821.31741548616,39223.30283984799,132044.62025533416,0.29704582257120393,1
2023-11-07,131913.25031866124,0.0,131913.25031866124,0.0,0
2023-11-08,131913.25031866124,0.0,131913.25031866124,0.0,0
2023-11-09,131913.25031866124,0.0,131913.25031866124,0.0,0
2023-11-10,131913.25031866124,0.0,131913.25031866124,0.0,0
2023-11-13,131913.25031866124,0.0,131913.25031866124,0.0,0
2023-11-15,131913.25031866124,0.0,131913.25031866124,0.0,0
2023-11-16,131913.25031866124,0.0,131913.25031866124,0.0,0
2023-11-17,131913.25031866124,0.0,131913.25031866124,0.0,0
2023-11-20,131913.25031866124,0.0,131913.25031866124,0.0,0
2023-11-21,131913.25031866124,0.0,131913.25031866124,0.0,0
2023-11-22,131913.25031866124,0.0,131913.25031866124,0.0,0
2023-11-23,131913.25031866124,0.0,131913.25031866124,0.0,0
2023-11-24,131913.25031866124,0.0,131913.25031866124,0.0,0
2023-11-28,131913.25031866124,0.0,131913.25031866124,0.0,0
2023-11-29,92299.70124796728,39454.00335534884,131753.70460331612,0.2994527058964824,1
2023-11-30,92299.70124796728,39071.90413567581,131371.6053836431,0.2974151379331519,1
2023-12-01,92299.70124796728,39348.82496001419,131648.5262079815,0.2988930153145048,1
2023-12-04,92299.70124796728,39774.473668622995,132074.17491659027,0.3011525432109801,1
2023-12-05,92299.70124796728,40062.89775302946,132362.59900099674,0.30267536339874807,1
2023-12-06,12710.434283237337,119276.52861095639,131986.9628941937,0.9036993199591498,3
2023-12-07,-1.8189894035458565e-12,131745.4591975137,131745.4591975137,1.0,4
2023-12-08,-1.8189894035458565e-12,132958.3685873003,132958.3685873003,1.0,4
2023-12-11,-1.8189894035458565e-12,133186.34603161213,133186.34603161213,1.0,4
2023-12-12,-1.8189894035458565e-12,132046.06581686376,132046.06581686376,1.0,4
2023-12-13,-1.8189894035458565e-12,131815.21573752904,131815.21573752904,1.0,4
2023-12-14,-1.8189894035458565e-12,134005.10952456525,134005.10952456525,1.0,4
2023-12-15,-1.8189894035458565e-12,135487.68675553214,135487.68675553214,1.0,4
2023-12-18,-1.8189894035458565e-12,135138.02735451137,135138.02735451137,1.0,4
2023-12-19,-1.8189894035458565e-12,135392.4140492235,135392.4140492235,1.0,4
2023-12-20,-1.8189894035458565e-12,134449.43076107727,134449.43076107727,1.0,4
2023-12-21,-1.8189894035458565e-12,135660.17894299823,135660.17894299823,1.0,4
2023-12-22,-1.8189894035458565e-12,135152.61418058092,135152.61418058092,1.0,4
2023-12-26,-1.8189894035458565e-12,135515.7114446725,135515.7114446725,1.0,4
2023-12-27,-1.8189894035458565e-12,136646.14036949648,136646.14036949648,1.0,4
2023-12-28,1366.3643319584517,135137.5357393399,136503.90007129835,0.9899902908909944,4
2023-12-29,-2.2737367544323206e-13,135981.1517665591,135981.1517665591,1.0,5
2024-01-01,-2.2737367544323206e-13,136086.30316739363,136086.30316739363,1.0,5
2024-01-02,-2.2737367544323206e-13,135003.31388931675,135003.31388931675,1.0,5
2024-01-03,-2.2737367544323206e-13,133057.3723604022,133057.3723604022,1.0,5
2024-01-04,79307.916423015,53820.39206356415,133128.30848657916,0.4042745879926045,3
2024-01-05,52298.34103806719,81378.70122553498,133677.04226360217,0.6087709590780864,3
2024-01-08,12181.071561250821,120199.3528151802,132380.42437643104,0.9079843442213685,4
2024-01-09,12181.071561250821,120184.24512554324,132365.31668679405,0.907973841893387,4
2024-01-10,12181.071561250821,120352.15915217155,132533.23071342235,0.9080904351634645,4
2024-01-11,12181.071561250821,119792.28263331835,131973.35419456917,0.907700523067011,4
2024-01-12,12181.071561250821,124309.46058895084,136490.53215020167,0.9107551903464914,4
2024-01-15,12181.071561250821,126339.34243524945,138520.41399650025,0.9120629861706986,4
2024-01-16,12181.071561250821,125473.7271229032,137654.79868415403,0.9115100114366516,4
2024-01-17,12181.071561250821,122583.46798908328,134764.5395503341,0.90961219025498,4
2024-01-18,12181.071561250821,121630.74787238342,133811.81943363423,0.9089686425847294,4
2024-01-19,12181.071561250821,122133.23037922065,134314.30194047146,0.9093091995024514,4
2024-01-23,12181.071561250821,119708.77095834212,131889.84251959296,0.9076420797193592,4
2024-01-24,0.0,132906.77549729726,132906.77549729726,1.0,5
2024-01-25,0.0,132042.457096307,132042.457096307,1.0,5
2024-01-29,40821.42324178992,91393.54904819322,132214.97228998312,0.6912496176888537,4
2024-01-30,2598.702507978829,129141.37857313192,131740.08108111075,0.9802740176971741,4
2024-01-31,-4.547473508864641e-13,132752.72242189507,132752.72242189507,1.0,5
2024-02-01,-4.547473508864641e-13,133104.74822076756,133104.74822076756,1.0,5
2024-02-02,-4.547473508864641e-13,134791.41037483068,134791.41037483068,1.0,5
2024-02-05,-4.547473508864641e-13,134631.98449875132,134631.98449875132,1.0,5
2024-02-06,34192.04776766949,103240.07629773318,137432.12406540266,0.7512077470955931,4
2024-02-07,79467.67758239183,57335.060514435325,136802.73809682715,0.4191075508580416,3
2024-02-08,38353.86412576841,98420.27204438695,136774.13617015537,0.7195824795555362,4
2024-02-09,38353.86412576841,98138.4156068911,136492.27973265952,0.7190034176226656,4
2024-02-12,38353.86412576841,98074.75299365015,136428.61711941857,0.7188722942768191,4
2024-02-13,38353.86412576841,98786.47707266433,137140.34119843272,0.7203312767738198,4
2024-02-14,38353.86412576841,97891.79102213326,136245.65514790168,0.7184947726653498,4
2024-02-15,38353.86412576841,98078.2003648763,136432.06449064473,0.718879397823681,4
2024-02-16,38353.86412576841,99011.42431726886,137365.28844303725,0.7207892578941222,4
2024-02-19,38353.86412576841,98977.10418181217,137330.96830758057,0.7207194808394045,4
2024-02-20,38353.86412576841,97917.08744094029,136270.95156670868,0.7185470293939128,4
2024-02-21,38353.86412576841,96822.06154827768,135175.9256740461,0.7162670502567722,4
2024-02-22,50824.12635818906,86034.25657188131,136858.38293007037,0.6286370971944165,3
2024-02-23,9473.214743626748,126556.07125672884,136029.28600035558,0.9303590056070574,4
2024-02-26,9473.214743626748,125333.95318340373,134807.16792703047,0.92972766293292,4
2024-02-27,51137.1020044422,83918.97641669834,135056.07842114053,0.6213639356165578,3
2024-02-28,13242.545804385183,121641.27680035644,134883.8226047416,0.9018225792488799,3
2024-02-29,-1.8189894035458565e-12,134892.02101411854,134892.02101411854,1.0,4
2024-03-01,-1.8189894035458565e-12,136042.70039788925,136042.70039788925,1.0,4
2024-03-04,-1.8189894035458565e-12,135832.44592022672,135832.44592022672,1.0,4
2024-03-05,-1.8189894035458565e-12,134178.8967261304,134178.8967261304,1.0,4
2024-03-06,-1.8189894035458565e-12,135338.23986946465,135338.23986946465,1.0,4
2024-03-07,39064.660451675525,96079.91411258059,135144.57456425612,0.7109417038928058,3
2024-03-11,39064.660451675525,95747.78256753659,134812.4430192121,0.710229563556619,3
2024-03-12,39064.660451675525,96448.86354403818,135513.5239957137,0.7117286946732257,3
2024-03-13,39064.660451675525,95903.74378789516,134968.4042395707,0.7105644045228894,3
2024-03-14,39064.660451675525,96464.72332729369,135529.3837789692,0.7117624284680222,3
2024-03-15,39064.660451675525,96335.06704224205,135399.72749391757,0.7114864174787178,3
2024-03-18,39064.660451675525,95898.1845484589,134962.84500013443,0.7105524824136848,3
2024-03-19,39064.660451675525,94139.41050603804,133204.07095771356,0.7067307314948592,3
2024-03-20,39064.660451675525,94264.27108759903,133328.93153927455,0.7070053738473987,3
2024-03-21,39064.660451675525,94245.59611783539,133310.2565695109,0.7069643292501928,3
2024-03-22,39064.660451675525,93995.32246539173,133059.98291706725,0.7064131559672341,3
2024-03-26,80757.20633559208,51449.49479472008,132206.70113031217,0.38915950821591,2
2024-03-27,41005.370092608,91263.71859634106,132269.08868894906,0.6899852376768212,3
2024-03-28,41005.370092608,91901.33522569035,132906.70531829834,0.6914725258262613,3
2024-04-01,79598.66167148485,53704.50356634832,133303.16523783316,0.4028749315181774,2
2024-04-02,92986.15202122652,39620.51175864521,132606.6637798717,0.29878220769067554,1
2024-04-03,53232.598106402766,78907.0834826365,132139.68158903928,0.5971490360332584,2
2024-04-04,53232.598106402766,78735.09426296901,131967.69236937177,0.5966240134183217,2
2024-04-05,53232.598106402766,78826.1295808939,132058.72768729666,0.5969020825912179,2
2024-04-08,53232.598106402766,79656.8974090731,132889.49551547586,0.5994220769676752,2
2024-04-09,53232.598106402766,79787.91089411837,133020.50900052112,0.5998166109393386,2
2024-04-10,53232.598106402766,80300.75167127437,133533.34977767713,0.6013535330684733,2
2024-04-12,53232.598106402766,79784.58727473357,133017.18538113634,0.5998066118007644,2
2024-04-15,53232.598106402766,78767.68177882922,132000.27988523198,0.5967235967023252,2
2024-04-16,53232.598106402766,78378.3843026566,131610.98240905936,0.5955307290317854,2
2024-04-18,53232.598106402766,77915.11361069052,131147.71171709328,0.5941019678541244,2
2024-04-19,53232.598106402766,78502.94447354577,131735.54257994852,0.5959131676700188,2
2024-04-22,53232.598106402766,79474.44877710345,132707.0468835062,0.5988713534321071,2
2024-04-23,53232.598106402766,79056.37891554213,132288.97702194488,0.5976036756443266,2
2024-04-24,53232.598106402766,79049.38928307343,132281.98738947618,0.5975824134719817,2
2024-04-25,53232.598106402766,79934.95322584498,133167.55133224773,0.6002584895956407,2
2024-04-26,53232.598106402766,79521.62206019615,132754.2201665989,0.5990138916894777,2
2024-04-29,93794.59355786086,39256.96840033702,133051.56195819788,0.295050789502725,1
2024-04-30,53815.2702565841,78920.45100355642,132735.72126014053,0.5945682914464683,2
2024-05-02,53815.2702565841,78531.36126244752,132346.63151903162,0.5933763508832078,2
2024-05-03,53815.2702565841,77748.67318081527,131563.94343739937,0.5909573029620351,2
2024-05-06,92242.61710894325,39469.390630501875,131712.00773944514,0.2996643305945262,1
2024-05-07,92242.61710894325,38973.56914879781,131216.18625774106,0.29701799953432634,1
2024-05-08,92242.61710894325,38667.12360639489,130909.74071533814,0.2953723947133632,1
2024-05-09,92242.61710894325,38415.76840570938,130658.38551465262,0.2940168612553479,1
2024-05-10,92242.61710894325,38462.254953309486,130704.87206225273,0.29426795150367846,1
2024-05-13,92242.61710894325,38839.2835512141,131081.90066015735,0.29629783635735296,1
2024-05-14,92242.61710894325,38582.766914682936,130825.38402362619,0.29491804822613893,1
2024-05-15,92242.61710894325,38713.605950871344,130956.2230598146,0.29562249923158523,1
2024-05-16,92242.61710894325,38944.30279880328,131186.91990774652,0.29686117202987733,1
2024-05-17,92242.61710894325,38925.3635236237,131167.98063256696,0.2967596461873039,1
2024-05-21,92242.61710894325,38596.53634776955,130839.1534567128,0.2949922506227384,1
2024-05-22,92242.61710894325,38257.38209710043,130499.99920604368,0.2931600178533079,1
2024-05-23,92242.61710894325,39063.09147947907,131305.70858842233,0.29749728248238094,1
2024-05-24,92242.61710894325,38975.28822637181,131217.90533531507,0.2970272092575637,1
2024-05-27,92242.61710894325,38901.26281259848,131143.87992154172,0.29663040956140374,1
2024-05-28,92242.61710894325,38803.12828155261,131045.74539049585,0.29610368628088873,1
2024-05-29,92242.61710894325,37944.0518381542,130186.66894709744,0.2914588117587763,1
2024-05-30,129976.7371103849,0.0,129976.7371103849,0.0,0
2024-05-31,129976.7371103849,0.0,129976.7371103849,0.0,0
2024-06-03,129976.7371103849,0.0,129976.7371103849,0.0,0
2024-06-04,90944.7229561363,36081.75983091642,127026.48278705272,0.28404911353330864,1
2024-06-05,90944.7229561363,37334.49600113982,128279.21895727613,0.2910408739982601,1
2024-06-06,90944.7229561363,37393.42836623541,128338.1513223717,0.29136642518955347,1
2024-06-07,90944.7229561363,37773.96060008954,128718.68355622585,0.29346136517617055,1
2024-06-10,90944.7229561363,37844.68272684068,128789.40568297698,0.29384934673895213,1
2024-06-11,52310.221738421205,76470.28257774762,128780.50431616884,0.593803254489558,2
2024-06-12,52310.221738421205,76747.67006682439,129057.8918052456,0.5946763037369324,2
2024-06-13,52310.221738421205,76500.53435917219,128810.7560975934,0.5938986516095877,2
2024-06-14,13536.892719625881,115777.42046909657,129314.31318872244,0.8953179088546059,3
2024-06-18,13536.892719625881,116718.5759937751,130255.46871340097,0.8960742849928943,3
2024-06-19,13536.892719625881,118097.85297922614,131634.74569885203,0.8971632250454984,3
2024-06-20,0.0,132710.91177330783,132710.91177330783,1.0,4
2024-06-21,0.0,132324.38101299954,132324.38101299954,1.0,4
2024-06-24,0.0,132490.11453544954,132490.11453544954,1.0,4
2024-06-25,0.0,134860.10077120984,134860.10077120984,1.0,4
2024-06-26,0.0,136857.53633502094,136857.53633502094,1.0,4
2024-06-27,0.0,137515.44706716677,137515.44706716677,1.0,4
2024-06-28,0.0,137384.93033461558,137384.93033461558,1.0,4
2024-07-01,0.0,138404.42863554033,138404.42863554033,1.0,4
2024-07-02,0.0,138721.0572131231,138721.0572131231,1.0,4
2024-07-03,40264.38087208126,99291.32932469517,139555.71019677643,0.7114816669607595,3
2024-07-04,-7.275957614183426e-12,138907.16771582578,138907.16771582578,1.0,5
2024-07-05,-7.275957614183426e-12,137790.07535722473,137790.07535722473,1.0,5
2024-07-08,-7.275957614183426e-12,137857.3872962709,137857.3872962709,1.0,5
2024-07-09,-7.275957614183426e-12,137743.10453971702,137743.10453971702,1.0,5
2024-07-10,40389.77158445096,96445.08999657558,136834.86158102655,0.7048283520896886,4
2024-07-11,-7.275957614183426e-12,136684.49502004645,136684.49502004645,1.0,5
2024-07-12,-7.275957614183426e-12,138872.36396759073,138872.36396759073,1.0,5
2024-07-15,42235.08191476973,96619.29093953656,138854.3728543063,0.6958318197217661,4
2024-07-16,511.77899469943077,138170.10498075368,138681.8839754531,0.9963096910711856,5
2024-07-18,511.77899469943077,139464.7617534602,139976.54074815963,0.9963438231008993,5
2024-07-19,16941.347804698285,122681.22585434477,139622.57365904306,0.8786632608129048,4
2024-07-22,-3.637978807091713e-12,138958.75972327948,138958.75972327948,1.0,5
2024-07-23,-3.637978807091713e-12,138109.2437537303,138109.2437537303,1.0,5
2024-07-24,-3.637978807091713e-12,137887.2290662911,137887.2290662911,1.0,5
2024-07-25,-3.637978807091713e-12,137698.13595843318,137698.13595843318,1.0,5
2024-07-26,-3.637978807091713e-12,139160.45821572954,139160.45821572954,1.0,5
2024-07-29,-3.637978807091713e-12,139107.39195997413,139107.39195997413,1.0,5
2024-07-30,-3.637978807091713e-12,139110.98948422435,139110.98948422435,1.0,5
2024-07-31,-3.637978807091713e-12,139019.97047237703,139019.97047237703,1.0,5
2024-08-01,-3.637978807091713e-12,139684.3801084463,139684.3801084463,1.0,5
2024-08-02,41495.003036549635,97564.60605523604,139059.60909178568,0.7016027636812855,3
2024-08-05,131.68588294224173,134978.19920283576,135109.88508577802,0.9990253423510896,4
2024-08-06,131.68588294224173,134994.81972362986,135126.5056065721,0.9990254622336965,4
2024-08-07,131.68588294224173,136444.79362244258,136576.4795053848,0.9990358084831361,4
2024-08-08,131.68588294224173,135783.22098138084,135914.90686432307,0.9990311152324617,4
2024-08-09,41137.006347797505,96433.76668763427,137570.77303543178,0.7009756837144286,3
2024-08-12,41137.006347797505,96003.95798674508,137140.96433454257,0.7000385220607929,3
2024-08-13,41137.006347797505,96095.57453790147,137232.58088569896,0.7002387765186715,3
2024-08-14,79381.20826067196,59011.92493702403,138393.133197696,0.42640789736818,2
2024-08-16,79381.20826067196,60525.12708931584,139906.3353499878,0.4326117679939725,2
2024-08-19,79381.20826067196,61300.99819632499,140682.20645699697,0.43574094933649743,2
2024-08-20,97038.67992127159,44093.36462125736,141132.04454252895,0.3124263151163391,1
2024-08-21,54672.24127651187,86638.20361076997,141310.44488728183,0.6131054479368322,2
2024-08-22,54672.24127651187,86326.09212155736,140998.33339806923,0.6122490248011646,2
2024-08-23,54672.24127651187,85545.01422816963,140217.2555046815,0.6100890644326832,2
2024-08-26,54672.24127651187,86237.9374042543,140910.17868076617,0.6120064441875946,2
2024-08-27,54672.24127651187,86726.85996567507,141399.10124218694,0.6133480284088242,2
2024-08-28,54672.24127651187,87693.91132689276,142366.15260340463,0.6159744414192703,2
2024-08-29,54672.24127651187,87620.1755986555,142292.41687516737,0.6157754399204869,2
2024-08-30,54672.24127651187,88262.72441562104,142934.96569213292,0.6175026802450129,2
2024-09-02,54672.24127651187,88413.45276951636,143085.69404602822,0.6179056079573914,2
2024-09-03,98699.60134781714,43817.23022855559,142516.83157637273,0.30745301971630323,1
2024-09-04,56038.379106507105,86033.37873469682,142071.75784120391,0.6055628510689495,2
2024-09-05,56038.379106507105,86243.48442939296,142281.86353590008,0.6061453110475482,2
2024-09-06,56038.379106507105,85354.21300175211,141392.5921082592,0.6036682101166904,2
2024-09-09,56038.379106507105,85123.15546591765,141161.53457242475,0.603019482068921,2
2024-09-10,56038.379106507105,86076.5390092055,142114.91811571261,0.6056826415585758,2
2024-09-11,56038.379106507105,85756.70188578372,141795.08099229084,0.6047932078154825,2
2024-09-12,13268.324854688872,130247.10353287758,143515.42838756644,0.9075477458851499,3
2024-09-13,-1.8189894035458565e-12,143279.62143122457,143279.62143122457,1.0,4
2024-09-16,-1.8189894035458565e-12,143800.43470540224,143800.43470540224,1.0,4
2024-09-17,-1.8189894035458565e-12,143944.17189849762,143944.17189849762,1.0,4
2024-09-18,43717.04028358354,99258.27605169782,142975.31633528136,0.6942336523245328,3
2024-09-19,645.5928208094774,141675.8267599986,142321.41958080808,0.9954638393664776,4
2024-09-20,645.5928208094774,143690.90982909268,144336.50264990216,0.9955271687414,4
2024-09-23,645.5928208094774,142901.43312569163,143547.02594650112,0.9955025691646855,4
2024-09-24,645.5928208094774,142927.93646917547,143573.52928998496,0.9955033993800797,4
2024-09-25,645.5928208094774,143155.153303987,143800.74612479648,0.9955105043735364,4
2024-09-26,645.5928208094774,143649.5179392816,144295.11076009108,0.9955258856837993,4
2024-09-27,645.5928208094774,142931.41887088615,143577.01169169563,0.9955035084432892,4
2024-09-30,645.5928208094774,140524.4471984541,141170.04001926357,0.9954268425459014,4
2024-10-01,645.5928208094774,141358.5985134532,142004.1913342627,0.995453705874851,4
2024-10-03,41183.09939256157,99320.11925486631,140503.2186474279,0.7068885696070458,3
2024-10-04,41183.09939256157,99111.78527439019,140294.88466695175,0.706453307329581,3
2024-10-07,41183.09939256157,98958.05680244672,140141.15619500828,0.7061312999640539,3
2024-10-08,41183.09939256157,99635.44367041369,140818.54306297525,0.7075449120777785,3
2024-10-09,41183.09939256157,99848.87057498383,141031.9699675454,0.7079874910487408,3
2024-10-10,41183.09939256157,99297.96339826653,140481.0627908281,0.706842341776116,3
2024-10-11,83833.22031557205,56653.13208443148,140486.35240000352,0.40326431085009834,2
2024-10-14,96933.04582665085,44116.17931137707,141049.22513802792,0.3127715112805892,1
2024-10-15,54568.52435598243,86200.04935193916,140768.5737079216,0.612352935611852,2
2024-10-16,54568.52435598243,85709.47284013488,140277.9971961173,0.6109972665229013,2
2024-10-17,54568.52435598243,86124.66249098461,140693.18684696703,0.6121452248051146,2
2024-10-18,97175.9439645597,42018.64805864361,139194.59202320332,0.30186983163569475,1
2024-10-21,97175.9439645597,43189.12857966376,140365.07254422345,0.3076914206421016,1
2024-10-22,97175.9439645597,42835.61323924876,140011.55720380845,0.3059434099207604,1
2024-10-23,97175.9439645597,43366.51449929433,140542.45846385404,0.30856521917501334,1
2024-10-24,97175.9439645597,43712.536592949604,140888.4805575093,0.3102633829250971,1
2024-10-25,97175.9439645597,43556.389163524436,140732.33312808414,0.309498096104771,1
2024-10-28,97175.9439645597,43326.538317557905,140502.4822821176,0.30836849010654294,1
2024-10-29,97175.9439645597,43767.49926820547,140943.4432327652,0.310532354427615,1
2024-10-30,54924.52810972891,85167.96101398219,140092.4891237111,0.6079409506299309,2
2024-10-31,54924.52810972891,84561.02827094772,139485.55638067663,0.6062350143277073,2
2024-11-01,54924.52810972891,84586.65997987805,139511.18808960696,0.606307358844573,2
2024-11-04,54924.52810972891,83541.5868232255,138466.11493295443,0.6033359631970356,2
2024-11-05,54924.52810972891,85256.28010536448,140180.8082150934,0.6081879623246805,2
2024-11-06,54924.52810972891,85371.44653275641,140295.97464248532,0.608509593737864,2
2024-11-07,54924.52810972891,84400.12620482003,139324.65431454894,0.6057802663861092,2
2024-11-08,54924.52810972891,83964.67559506345,138889.20370479237,0.6045442939793185,2
2024-11-11,54924.52810972891,84593.88257991527,139518.41068964417,0.6063277395561265,2
2024-11-12,99151.17638116138,40506.81037513792,139657.9867562993,0.29004292068037313,1
2024-11-13,57211.8829582447,81001.49260668154,138213.37556492625,0.5860611700973238,2
2024-11-14,57211.8829582447,81383.3211607717,138595.2041190164,0.5872015678903657,2
2024-11-18,57211.8829582447,81573.14289359041,138785.02585183512,0.5877661685251024,2
2024-11-19,57211.8829582447,82341.11416269779,139552.99712094248,0.5900347241653113,2
2024-11-21,57211.8829582447,82361.71608223321,139573.59904047791,0.5900952375552585,2
2024-11-22,57211.8829582447,83345.80076554048,140557.6837237852,0.5929650984383481,2
2024-11-25,57211.8829582447,85052.05376695964,142263.93672520434,0.5978469015042468,2
2024-11-26,57211.8829582447,85178.35556294696,142390.23852119167,0.5982036159751922,2
2024-11-27,57211.8829582447,85695.70078428133,142907.58374252604,0.5996581744652383,2
2024-11-28,57211.8829582447,84770.86502522546,141982.74798347015,0.5970504602086911,2
2024-11-29,98076.28884024252,43832.718904829875,141909.0077450724,0.30887904581484826,1
2024-12-02,98076.28884024252,44043.820337239966,142120.1091774825,0.30990561850918047,1
2024-12-03,55265.70091372683,87484.7487095781,142750.44962330494,0.6128509503152951,2
2024-12-04,12369.121039386395,131820.10742905815,144189.22846844455,0.9142160536486028,3
2024-12-05,12369.121039386395,133718.0641976996,146087.185237086,0.9153305540159976,3
2024-12-06,12369.121039386395,133037.97745882825,145407.09849821465,0.9149345446877322,3
2024-12-09,12369.121039386395,133237.82456517883,145606.94560456523,0.9150512979444121,3
2024-12-10,-1.8189894035458565e-12,145681.66398711386,145681.66398711386,1.0,4
2024-12-11,-1.8189894035458565e-12,145575.3634909285,145575.3634909285,1.0,4
2024-12-12,-1.8189894035458565e-12,145893.8955783629,145893.8955783629,1.0,4
2024-12-13,45408.979874752964,101301.270524618,146710.25039937097,0.6904852949869434,3
2024-12-16,1404.4771877053208,144595.1393063243,145999.61649402961,0.990380267966233,4
2024-12-17,1404.4771877053208,142553.6889601168,143958.1661478221,0.9902438519099838,4
2024-12-18,1404.4771877053208,141587.81740371537,142992.29459142068,0.9901779519538559,4
2024-12-19,1404.4771877053208,139324.1263204526,140728.60350815792,0.9900199593210353,4
2024-12-20,1404.4771877053208,137692.15432083386,139096.63150853917,0.9899028670035112,4
2024-12-23,1404.4771877053208,138557.46651067975,139961.94369838506,0.9899652923459542,4
2024-12-24,1404.4771877053208,138617.30317255418,140021.7803602595,0.9899695805603117,4
2024-12-26,1404.4771877053208,138333.5079085648,139737.9850962701,0.9899492096816931,4
2024-12-27,1404.4771877053208,138862.1949463289,140266.67213403422,0.9899870926832623,4
2024-12-30,1404.4771877053208,137830.8261540442,139235.3033417495,0.9899129232745085,4
2024-12-31,1404.4771877053208,136483.90500486534,137888.38219257066,0.989814390702301,4
2025-01-01,43398.85301219153,94872.11745458178,138270.97046677332,0.6861318549679208,3
2025-01-02,84288.79340123026,54755.70850503226,139044.5019062625,0.39379988244300423,2
2025-01-03,84288.79340123026,53583.94122295406,137872.73462418432,0.38864784519589035,2
2025-01-06,84288.79340123026,52666.044926174705,136954.83832740496,0.38455045158953044,2
2025-01-07,84288.79340123026,52689.78945533343,136978.58285656368,0.3846571365868724,2
2025-01-08,96575.90350742613,39934.77544238361,136510.67894980975,0.29253957089368987,1
2025-01-09,96575.90350742613,39310.16851402099,135886.07202144712,0.2892876946786467,1
2025-01-10,96575.90350742613,39049.71805904771,135625.62156647386,0.28792286890945873,1
2025-01-13,96575.90350742613,38439.2525989049,135015.15610633104,0.28470324152817417,1
2025-01-14,135189.8138528592,0.0,135189.8138528592,0.0,0
2025-01-15,135189.8138528592,0.0,135189.8138528592,0.0,0
2025-01-16,135189.8138528592,0.0,135189.8138528592,0.0,0
2025-01-17,135189.8138528592,0.0,135189.8138528592,0.0,0
2025-01-20,135189.8138528592,0.0,135189.8138528592,0.0,0
2025-01-21,135189.8138528592,0.0,135189.8138528592,0.0,0
2025-01-22,135189.8138528592,0.0,135189.8138528592,0.0,0
2025-01-23,135189.8138528592,0.0,135189.8138528592,0.0,0
2025-01-24,135189.8138528592,0.0,135189.8138528592,0.0,0
2025-01-27,135189.8138528592,0.0,135189.8138528592,0.0,0
2025-01-28,135189.8138528592,0.0,135189.8138528592,0.0,0
2025-01-29,135189.8138528592,0.0,135189.8138528592,0.0,0
2025-01-30,135189.8138528592,0.0,135189.8138528592,0.0,0
2025-01-31,135189.8138528592,0.0,135189.8138528592,0.0,0
2025-02-01,135189.8138528592,0.0,135189.8138528592,0.0,0
2025-02-03,135189.8138528592,0.0,135189.8138528592,0.0,0
2025-02-04,135189.8138528592,0.0,135189.8138528592,0.0,0
2025-02-05,135189.8138528592,0.0,135189.8138528592,0.0,0
2025-02-06,135189.8138528592,0.0,135189.8138528592,0.0,0
2025-02-07,135189.8138528592,0.0,135189.8138528592,0.0,0
2025-02-10,135189.8138528592,0.0,135189.8138528592,0.0,0
2025-02-11,135189.8138528592,0.0,135189.8138528592,0.0,0
2025-02-12,135189.8138528592,0.0,135189.8138528592,0.0,0
2025-02-13,135189.8138528592,0.0,135189.8138528592,0.0,0
2025-02-14,135189.8138528592,0.0,135189.8138528592,0.0,0
2025-02-17,135189.8138528592,0.0,135189.8138528592,0.0,0
2025-02-18,135189.8138528592,0.0,135189.8138528592,0.0,0
2025-02-19,135189.8138528592,0.0,135189.8138528592,0.0,0
2025-02-20,135189.8138528592,0.0,135189.8138528592,0.0,0
2025-02-21,135189.8138528592,0.0,135189.8138528592,0.0,0
2025-02-24,135189.8138528592,0.0,135189.8138528592,0.0,0
2025-02-25,135189.8138528592,0.0,135189.8138528592,0.0,0
2025-02-27,135189.8138528592,0.0,135189.8138528592,0.0,0
2025-02-28,135189.8138528592,0.0,135189.8138528592,0.0,0
2025-03-03,94592.31275284558,39665.28817791566,134257.60093076125,0.29544165770079317,1
2025-03-04,94592.31275284558,39862.267249176344,134454.58000202192,0.2964738519772023,1
2025-03-05,94592.31275284558,39396.04190123276,133988.35465407834,0.2940258651801694,1
2025-03-06,94592.31275284558,39424.01428386389,134016.32703670947,0.2941732187083813,1
2025-03-07,94592.31275284558,39378.558450684875,133970.87120353046,0.29393373422839364,1
2025-03-10,94592.31275284558,39337.76373273981,133930.0764855854,0.2937186684648362,1
2025-03-11,94592.31275284558,39291.14119794545,133883.45395079104,0.2934727185361302,1
2025-03-12,94592.31275284558,39889.07577580584,134481.3885286514,0.29661409814568823,1
2025-03-13,94592.31275284558,39783.0083709032,134375.32112374878,0.2960588896696758,1
2025-03-17,94592.31275284558,39871.59232525795,134463.90507810353,0.29652264153787955,1
2025-03-18,94592.31275284558,39871.59232525795,134463.90507810353,0.29652264153787955,1
2025-03-19,94592.31275284558,40657.18089829741,135249.49365114298,0.3006087475873801,1
2025-03-20,94592.31275284558,41231.804208760615,135824.1169616062,0.3035676220918538,1
2025-03-21,94592.31275284558,41269.10166747336,135861.41442031894,0.303758810723093,1
2025-03-24,53732.576599881664,82845.42858186072,136578.00518174237,0.6065795767892459,2
2025-03-25,53732.576599881664,82910.4555194811,136643.03211936276,0.6067668013035289,2
2025-03-26,53732.576599881664,82328.31436860205,136060.8909684837,0.6050843396848847,2
2025-03-27,53732.576599881664,82789.14215637796,136521.71875625962,0.6064173738113153,2
2025-03-28,53732.576599881664,83207.78885144056,136940.36545132223,0.6076206133758142,2
2025-04-01,53732.576599881664,80900.85733085075,134633.43393073243,0.6008972286369331,2
2025-04-02,94968.55938177937,40075.360836954074,135043.92021873343,0.2967579789748638,1
2025-04-03,54498.943495677035,80765.48419590542,135264.42769158244,0.597093305122759,2
2025-04-04,54498.943495677035,81448.17384293553,135947.11733861256,0.5991165935506166,2
2025-04-07,54498.943495677035,78657.86641375074,133156.80990942777,0.5907160622671361,2
2025-04-08,54498.943495677035,79289.54981507795,133788.49331075497,0.5926484995305947,2
2025-04-09,54498.943495677035,79222.44235138208,133721.3858470591,0.5924440720498589,2
2025-04-11,54498.943495677035,80496.74842602175,134995.69192169877,0.5962912392249679,2
2025-04-15,54498.943495677035,82977.18571075902,137476.12920643605,0.6035752256754287,2
2025-04-16,54498.943495677035,83461.18630542968,137960.12980110673,0.6049659885486723,2
2025-04-17,54498.943495677035,85626.85320474123,140125.79670041826,0.6110713032219687,2
2025-04-21,54498.943495677035,86183.23730791132,140682.18080358836,0.6126094777293434,2
2025-04-22,54498.943495677035,87170.31448667515,141669.2579823522,0.615308611961065,2
2025-04-23,54498.943495677035,86550.11282283744,141049.0563185145,0.613617099481981,2
2025-04-24,54498.943495677035,85735.70108235921,140234.64457803624,0.6113731834265101,2
2025-04-25,96902.51346474756,43382.325924965655,140284.83938971322,0.3092445777725771,1
2025-04-28,54774.97619601669,86366.7084472354,141141.68464325208,0.6119149609524273,2
2025-04-29,12399.670745164709,129357.03689246025,141756.70763762496,0.9125285078088707,3
2025-04-30,12399.670745164709,129804.5744926557,142204.2452378204,0.9128037934139893,3
2025-05-02,12399.670745164709,130284.01300713664,142683.68375230135,0.9130967857075339,3
2025-05-05,12399.670745164709,130956.36179757875,143356.03254274346,0.9135043672370914,3
2025-05-06,12399.670745164709,130585.33787617213,142985.00862133683,0.9132799244849339,3
2025-05-07,56255.635093191704,86391.38613325103,142647.02122644274,0.605630495403829,2
2025-05-08,13407.580661005835,128654.60063158683,142062.18129259266,0.9056217457805223,3
2025-05-09,13407.580661005835,125489.56442912188,138897.1450901277,0.9034711573639191,3
2025-05-12,13407.580661005835,130583.17910421142,143990.75976521726,0.9068858259872548,3
2025-05-13,13407.580661005835,128647.3240699138,142054.90473091963,0.9056169113878717,3
2025-05-14,13407.580661005835,128521.4476511261,141929.02831213194,0.9055332033168033,3
2025-05-15,13407.580661005835,130686.17515952865,144093.75582053448,0.9069523826021672,3
2025-05-16,13407.580661005835,130869.62402102786,144277.20468203368,0.9070706929029142,3
2025-05-19,13407.580661005835,130325.82035410652,143733.40101511235,0.9067191024054587,3
2025-05-20,13407.580661005835,128981.07725355856,142388.6579145644,0.9058381414827955,3
2025-05-21,13407.580661005835,129578.31187872736,142985.8925397332,0.9062314440756446,3
2025-05-22,13407.580661005835,128738.0008806093,142145.58154161513,0.9056771197838424,3
2025-05-23,13407.580661005835,129805.81389635685,143213.39455736268,0.9063804003637693,3
2025-05-26,13407.580661005835,130520.7199952754,143928.30065628124,0.906845418170921,3
2025-05-27,56853.7891883265,86091.97920461006,142945.76839293656,0.6022702187864427,2
2025-05-28,57804.20601066378,85115.19614740321,142919.40215806698,0.595546824728996,2
2025-05-29,14831.05161362989,128386.15178151042,143217.2033951403,0.8964436446038497,3
2025-05-30,14831.05161362989,128544.96824977412,143376.019863404,0.8965583531488766,3
2025-06-02,14831.05161362989,128184.78317591819,143015.83478954807,0.8962978355826527,3
2025-06-03,14831.05161362989,127398.62212784067,142229.67374147056,0.8957246316926232,3
2025-06-04,14831.05161362989,128105.28617994061,142936.3377935705,0.8962401594824054,3
2025-06-05,57444.740329782224,86876.31130920089,144321.0516389831,0.6019656198634185,2
2025-06-06,14172.974363557856,131054.82119368936,145227.7955572472,0.9024086655782707,3
2025-06-09,14172.974363557856,130483.9996672722,144656.97403083005,0.9020235667273309,3
2025-06-10,14172.974363557856,129516.50276011745,143689.47712367531,0.9013638670884785,3
2025-06-11,14172.974363557856,129740.90302544786,143913.8773890057,0.9015176672278264,3
2025-06-12,14172.974363557856,129191.77763141517,143364.75199497302,0.9011404535191829,3
2025-06-13,14172.974363557856,127932.43602833428,142105.41039189213,0.9002643578138775,3
2025-06-16,14172.974363557856,128948.63695927904,143121.6113228369,0.9009725069990435,3
2025-06-17,14172.974363557856,128509.58008715449,142682.55445071234,0.9006677836816154,3
2025-06-18,14172.974363557856,128258.2702647414,142431.24462829926,0.9004925190357995,3
2025-06-19,14172.974363557856,128348.24547986357,142521.21984342142,0.9005553392040234,3
2025-06-20,14172.974363557856,130469.49500091386,144642.4693644717,0.90201374170511,3
2025-06-23,14172.974363557856,129614.2410553445,143787.21541890234,0.9014309142696239,3
2025-06-24,14172.974363557856,129828.0900052076,144001.06436876545,0.9015772944062208,3
2025-06-25,56185.79049473165,88641.91182189246,144827.7023166241,0.6120508052258015,2
2025-06-26,100804.24781523482,44958.569487812405,145762.81730304722,0.30843647453891887,1
2025-06-27,57090.43823181214,88941.27497894471,146031.71321075686,0.6090545198944718,2
2025-06-30,57090.43823181214,88212.24740492302,145302.68563673517,0.6070930280356865,2
2025-07-01,57090.43823181214,89257.63655372347,146348.0747855356,0.6098996292539224,2
2025-07-02,57090.43823181214,88397.65393809092,145488.09216990307,0.6075937392515869,2
2025-07-03,57090.43823181214,88392.98891151203,145483.42714332417,0.6075811564737953,2
2025-07-04,101233.19864524121,44482.72977131889,145715.9284165601,0.3052701942381721,1
2025-07-07,57480.82836453835,88569.80627088025,146050.6346354186,0.6064321903973519,2
2025-07-08,57480.82836453835,88763.87048529566,146244.698849834,0.6069544481502169,2
2025-07-09,57480.82836453835,88437.50008090379,145918.32844544214,0.6060753369578926,2
2025-07-10,57480.82836453835,88275.1975503537,145756.02591489203,0.605636693208816,2
2025-07-11,57480.82836453835,87140.00400808436,144620.8323726227,0.6025411593785039,2
2025-07-14,57480.82836453835,86789.68407272556,144270.5124372639,0.6015760435485116,2
2025-07-15,57480.82836453835,87113.88876459152,144594.71712912986,0.6024693743603007,2
2025-07-16,57480.82836453835,87137.29358614958,144618.12195068793,0.6025337102348886,2
2025-07-17,57480.82836453835,86662.77694676854,144143.6053113069,0.6012252625401104,2
2025-07-18,57480.82836453835,86002.85797119679,143483.68633573514,0.5993911932953835,2
2025-07-21,57480.82836453835,85569.45900595197,143050.28737049032,0.5981774701670679,2
2025-07-22,57480.82836453835,85254.32068706528,142735.14905160363,0.5972903048305427,2
2025-07-23,57480.82836453835,85975.96940176163,143456.79776629998,0.5993161058970646,2
2025-07-24,14359.55403711865,128075.69149078886,142435.2455279075,0.8991853878308149,3
2025-07-25,55061.8802886218,86822.73481412214,141884.61510274396,0.6119249416242244,2
2025-07-28,55061.8802886218,87235.64552924299,142297.5258178648,0.6130510353419718,2
2025-07-29,55061.8802886218,87459.81419132021,142521.69447994203,0.6136596572925884,2
2025-07-30,55061.8802886218,87442.08002783528,142503.9603164571,0.6136115784687917,2
2025-07-31,55061.8802886218,87246.11016501511,142307.9904536369,0.6130794896822,2
2025-08-01,55061.8802886218,86830.48643749428,141892.3667261161,0.6119461422833018,2
2025-08-04,99190.04563490681,42368.76826286292,141558.81389776972,0.29930152066306936,1
2025-08-05,56768.62809586606,84013.56272769296,140782.190823559,0.5967627171890396,2
2025-08-06,56768.62809586606,84154.6659926615,140923.29408852756,0.597166469439721,2
2025-08-07,56768.62809586606,84274.5805593897,141043.20865525576,0.5975089574527297,2
2025-08-08,56768.62809586606,83688.50170748358,140457.12980334964,0.5958295020313576,2
2025-08-11,56768.62809586606,84171.7060147463,140940.33411061237,0.5972151729730322,2
2025-08-12,56768.62809586606,83200.67518905595,139969.303284922,0.5944208711226658,2
2025-08-13,56768.62809586606,83387.79824968253,140156.4263455486,0.59496236044214,2
2025-08-14,56768.62809586606,83806.4142656464,140575.04236151246,0.5961685151061455,2
2025-08-18,56768.62809586606,84284.46169980106,141053.08979566713,0.5975371530102428,2
2025-08-19,56768.62809586606,84067.02042139453,140835.6485172606,0.596915775987579,2
2025-08-20,56768.62809586606,83840.10000494131,140608.72810080738,0.5962652613202886,2
2025-08-21,56768.62809586606,84350.02736214656,141118.65545801262,0.5977241427675268,2
2025-08-22,98548.3047612521,41911.83388045146,140460.13864170355,0.2983895237876944,1
2025-08-25,98548.3047612521,41901.16712019459,140449.4718814467,0.29833623835597856,1
2025-08-26,98548.3047612521,41532.098777820625,140080.40353907272,0.2964875723408096,1
2025-08-28,98548.3047612521,40866.491375278296,139414.7961365304,0.2931287962811157,1
2025-08-29,98548.3047612521,40601.95520007005,139150.25996132215,0.2917849755462596,1
2025-09-01,98548.3047612521,40559.288159042575,139107.59292029467,0.291567752036958,1
2025-09-02,98548.3047612521,40299.020250450776,138847.3250117029,0.29023980294221824,1
2025-09-03,98548.3047612521,40723.557829512065,139271.86259076418,0.29240334028686027,1
2025-09-04,139476.22918335674,0.0,139476.22918335674,0.0,0
2025-09-05,139476.22918335674,0.0,139476.22918335674,0.0,0
2025-09-08,139476.22918335674,0.0,139476.22918335674,0.0,0
2025-09-09,139476.22918335674,0.0,139476.22918335674,0.0,0
2025-09-10,139476.22918335674,0.0,139476.22918335674,0.0,0
2025-09-11,139476.22918335674,0.0,139476.22918335674,0.0,0
2025-09-12,139476.22918335674,0.0,139476.22918335674,0.0,0
2025-09-15,139476.22918335674,0.0,139476.22918335674,0.0,0
2025-09-16,139476.22918335674,0.0,139476.22918335674,0.0,0
2025-09-17,139476.22918335674,0.0,139476.22918335674,0.0,0
2025-09-18,139476.22918335674,0.0,139476.22918335674,0.0,0
2025-09-19,139476.22918335674,0.0,139476.22918335674,0.0,0
2025-09-22,139476.22918335674,0.0,139476.22918335674,0.0,0
2025-09-23,139476.22918335674,0.0,139476.22918335674,0.0,0
2025-09-24,139476.22918335674,0.0,139476.22918335674,0.0,0
2025-09-25,139476.22918335674,0.0,139476.22918335674,0.0,0
2025-09-26,139476.22918335674,0.0,139476.22918335674,0.0,0
2025-09-29,139476.22918335674,0.0,139476.22918335674,0.0,0
2025-09-30,139476.22918335674,0.0,139476.22918335674,0.0,0
2025-10-01,139476.22918335674,0.0,139476.22918335674,0.0,0
2025-10-03,139476.22918335674,0.0,139476.22918335674,0.0,0
2025-10-06,139476.22918335674,0.0,139476.22918335674,0.0,0
2025-10-07,139476.22918335674,0.0,139476.22918335674,0.0,0
2025-10-08,139476.22918335674,0.0,139476.22918335674,0.0,0
2025-10-09,139476.22918335674,0.0,139476.22918335674,0.0,0
2025-10-10,139476.22918335674,0.0,139476.22918335674,0.0,0
2025-10-13,139476.22918335674,0.0,139476.22918335674,0.0,0
2025-10-14,139476.22918335674,0.0,139476.22918335674,0.0,0
2025-10-15,139476.22918335674,0.0,139476.22918335674,0.0,0
2025-10-16,139476.22918335674,0.0,139476.22918335674,0.0,0
2025-10-17,139476.22918335674,0.0,139476.22918335674,0.0,0
2025-10-20,139476.22918335674,0.0,139476.22918335674,0.0,0
2025-10-21,139476.22918335674,0.0,139476.22918335674,0.0,0
2025-10-23,139476.22918335674,0.0,139476.22918335674,0.0,0
2025-10-24,55706.80593583268,83059.35966402118,138766.16559985385,0.5985562785061826,2
2025-10-27,55706.80593583268,84336.59593418156,140043.40187001423,0.602217561184791,2
2025-10-28,55706.80593583268,84442.22891826538,140149.03485409805,0.6025173773488618,2
2025-10-29,55706.80593583268,85119.42171138362,140826.2276472163,0.6044287568691837,2
2025-10-30,55706.80593583268,84264.90810325512,139971.7140390878,0.6020138331643472,2
2025-10-31,55706.80593583268,83755.25175997517,139462.05769580786,0.6005594148242143,2
2025-11-03,55706.80593583268,83927.61769288151,139634.4236287142,0.6010524877163798,2
2025-11-04,55706.80593583268,83286.60615919017,138993.41209502285,0.5992126166544589,2
2025-11-06,55706.80593583268,83925.48907647739,139632.29501231006,0.6010464059842207,2
2025-11-07,55706.80593583268,83305.91296268991,139012.71889852258,0.5992682800737256,2
2025-11-10,55706.80593583268,83723.0534129483,139429.85934878097,0.6004671725553188,2
2025-11-11,55706.80593583268,84139.35828890864,139846.1642247413,0.6016565327719076,2
2025-11-12,55706.80593583268,84570.6187786169,140277.4247144496,0.6028811760036932,2
2025-11-13,55706.80593583268,84435.35152852553,140142.1574643582,0.6024978711348842,2
2025-11-14,55706.80593583268,84788.30014961236,140495.10608544503,0.603496466973352,2
2025-11-17,55706.80593583268,85058.6309242706,140765.43686010328,0.6042579259623533,2
2025-11-18,55706.80593583268,84920.6849152364,140627.49085106907,0.6038697298892383,2
2025-11-19,55706.80593583268,84995.23817510696,140702.04411093963,0.6040796259369948,2
2025-11-20,55706.80593583268,86456.49609486476,142163.30203069744,0.6081491837900342,2
2025-11-21,55706.80593583268,85937.36758785241,141644.17352368508,0.6067130433253038,2
2025-11-24,141736.87868737034,0.0,141736.87868737034,0.0,0
2025-11-25,56609.70934773571,84545.93332572744,141155.64267346315,0.5989553922495925,2
2025-11-26,56609.70934773571,85979.1758071999,142588.88515493562,0.6029865211006862,2
2025-11-27,56609.70934773571,86036.39294282452,142646.10229056023,0.6031457681723006,2
2025-11-28,13766.637329542893,128735.69454574163,142502.33187528452,0.9033935996107685,3
2025-12-01,13766.637329542893,128570.66054780639,142337.29787734928,0.9032815886289659,3
2025-12-02,13766.637329542893,127419.5336980458,141186.1710275887,0.9024930187613572,3
2025-12-03,13766.637329542893,128149.12668496816,141915.76401451105,0.9029943049305273,3
2025-12-04,13766.637329542893,128437.6591294157,142204.2964589586,0.9031911294359797,3
2025-12-05,13766.637329542893,129343.10701168506,143109.74434122795,0.9038036341067174,3
2025-12-08,13766.637329542893,129253.40154768215,143020.03887722504,0.9037432975293707,3
2025-12-09,13766.637329542893,128300.06654161218,142066.70387115507,0.9030973693735563,3
2025-12-10,13766.637329542893,127810.18967997194,141576.82700951485,0.9027620718705773,3
2025-12-11,13766.637329542893,128840.12593132809,142606.763260871,0.9034643447845488,3
2025-12-12,13766.637329542893,129214.79182445383,142981.42915399672,0.9037173050304619,3
2025-12-15,13766.637329542893,129212.98410740266,142979.62143694557,0.9037160877110446,3
2025-12-16,13766.637329542893,128371.79216263977,142138.42949218268,0.9031462681927266,3
2025-12-17,13766.637329542893,128242.57790962941,142009.2152391723,0.9030581409357338,3
2025-12-18,13766.637329542893,128738.70836497744,142505.34569452034,0.9033956427216874,3
2025-12-19,13766.637329542893,129882.86466341707,143649.50199295997,0.9041650883675352,3
2025-12-22,13766.637329542893,131653.2285391731,145419.865868716,0.9053317973627392,3
2025-12-23,99397.11635084977,45625.36450124824,145022.480852098,0.3146089091371946,1
2025-12-24,99397.11635084977,45491.35659295041,144888.47294380018,0.31397498826974146,1
2025-12-26,99397.11635084977,45291.71181748327,144688.82816833304,0.3130283961163211,1
2025-12-29,144695.44715280022,0.0,144695.44715280022,0.0,0
2025-12-30,144695.44715280022,0.0,144695.44715280022,0.0,0
2025-12-31,144695.44715280022,0.0,144695.44715280022,0.0,0
