Date,Cash,Market_Value,Portfolio_Equity,Exposure,Active_Positions
2019-10-29,100000.0,0.0,100000.0,0.0,0
2019-10-30,39760.0,59490.10762521534,99250.10762521534,0.5993959004040553,2
2019-10-31,9763.323461920478,87911.27112147576,97674.59458339623,0.9000423446489518,3
2019-11-01,9763.323461920478,87940.58337251702,97703.9068344375,0.9000723330494373,3
2019-11-04,9763.323461920478,88396.46943022903,98159.7928921495,0.9005364296902331,3
2019-11-05,9763.323461920478,88114.968592786,97878.29205470647,0.900250369546053,3
2019-11-06,9763.323461920478,89044.50882332573,98807.8322852462,0.9011887697957491,3
2019-11-07,9763.323461920478,89557.73355425254,99321.05701617301,0.9016993600830219,3
2019-11-08,9763.323461920478,89782.44805151387,99545.77151343435,0.9019212638218104,3
2019-11-11,9763.323461920478,90101.35867809241,99864.68214001288,0.9022344711593631,3
2019-11-13,9763.323461920478,90140.28057295801,99903.60403487849,0.902272560071888,3
2019-11-14,0.0,100908.80268187079,100908.80268187079,1.0,4
2019-11-15,0.0,101143.81527041129,101143.81527041129,1.0,4
2019-11-18,0.0,100340.0658565297,100340.0658565297,1.0,4
2019-11-19,0.0,101100.24813876193,101100.24813876193,1.0,4
2019-11-20,0.0,101995.76966278833,101995.76966278833,1.0,4
2019-11-21,0.0,102275.60984956764,102275.60984956764,1.0,4
2019-11-22,0.0,101717.08105430282,101717.08105430282,1.0,4
2019-11-25,0.0,102279.19174455194,102279.19174455194,1.0,4
2019-11-26,0.0,102999.68755931937,102999.68755931937,1.0,4
2019-11-27,0.0,102982.19058909774,102982.19058909774,1.0,4
2019-11-28,63536.23458115197,39292.4709212013,102828.70550235326,0.38211577914206146,2
2019-11-29,31604.220625855247,70003.5352951409,101607.75592099615,0.6889585805789401,3
2019-12-02,688.7853251558299,101041.99742005959,101730.78274521542,0.9932293322967849,4
2019-12-03,688.7853251558299,100684.17278086944,101372.95810602527,0.9932054333026819,4
2019-12-04,688.7853251558299,101394.38388408266,102083.16920923849,0.9932527043342078,4
2019-12-05,688.7853251558299,101333.6163453624,102022.40167051823,0.9932486854467486,4
2019-12-06,688.7853251558299,101236.44221337928,101925.22753853511,0.9932422488348587,4
2019-12-09,688.7853251558299,101327.4427201852,102016.22804534102,0.9932482768834612,4
2019-12-10,688.7853251558299,101198.0266898803,101886.81201503612,0.9932397008844072,4
2019-12-11,688.7853251558299,101607.68151952667,102296.4668446825,0.9932667730724111,4
2019-12-12,9770.37962970671,93110.09683062854,102880.47646033525,0.9050317420188697,3
2019-12-13,9770.37962970671,93504.31718467534,103274.69681438204,0.9053942550200149,3
2019-12-16,9770.37962970671,93160.93197820078,102931.3116079075,0.9050786444175056,3
2019-12-17,9770.37962970671,93530.80782518975,103301.18745489646,0.9054185157941901,3
2019-12-18,9770.37962970671,94315.73268583007,104086.11231553677,0.906131765205258,3
2019-12-19,9770.37962970671,94822.97885669048,104593.35848639719,0.9065869977683392,3
2019-12-20,9770.37962970671,95155.03192181687,104925.41155152358,0.9068826179927924,3
2019-12-23,9770.37962970671,94465.91990808886,104236.29953779557,0.9062670137655452,3
2019-12-24,9770.37962970671,93647.3085442073,103417.68817391401,0.9055250624702016,3
2019-12-26,9770.37962970671,92449.55076497022,102219.93039467692,0.9044180563224538,3
2019-12-27,9770.37962970671,93721.43268413898,103491.8123138457,0.9055927284365511,3
2019-12-30,72504.35430993183,30990.467772789987,103494.82208272182,0.29943978982851704,1
2019-12-31,72232.19129864221,30730.396116545864,102962.58741518807,0.298461770318845,1
2020-01-01,10173.177202022856,92474.40624530622,102647.58344732907,0.9008921899535711,3
2020-01-02,10173.177202022856,92749.48913830504,102922.6663403279,0.9011570768251976,3
2020-01-03,10173.177202022856,92818.26399157819,102991.44119360104,0.9012230814121773,3
2020-01-06,1.8189894035458565e-12,101434.91813082012,101434.91813082012,1.0,4
2020-01-07,1.8189894035458565e-12,101679.42742476397,101679.42742476397,1.0,4
2020-01-08,1.8189894035458565e-12,102345.91517004279,102345.91517004279,1.0,4
2020-01-09,1.8189894035458565e-12,103391.77827769032,103391.77827769032,1.0,4
2020-01-10,1.8189894035458565e-12,103453.00711992732,103453.00711992732,1.0,4
2020-01-13,1.8189894035458565e-12,103588.87348856371,103588.87348856371,1.0,4
2020-01-14,1.8189894035458565e-12,103881.06138248571,103881.06138248571,1.0,4
2020-01-15,1.8189894035458565e-12,103814.96747777614,103814.96747777614,1.0,4
2020-01-16,1.8189894035458565e-12,104147.8761982549,104147.8761982549,1.0,4
2020-01-17,1.8189894035458565e-12,103357.68062572999,103357.68062572999,1.0,4
2020-01-20,1.8189894035458565e-12,102267.45015751795,102267.45015751795,1.0,4
2020-01-21,1.8189894035458565e-12,101724.4188532271,101724.4188532271,1.0,4
2020-01-22,1.8189894035458565e-12,101787.68172314095,101787.68172314095,1.0,4
2020-01-23,1.8189894035458565e-12,102125.92153902323,102125.92153902323,1.0,4
2020-01-24,1.8189894035458565e-12,102339.99640468482,102339.99640468482,1.0,4
2020-01-27,1.8189894035458565e-12,101509.74715564994,101509.74715564994,1.0,4
2020-01-28,30562.034797394423,71320.97939646273,101883.01419385715,0.7000281642704177,3
2020-01-29,91142.52571331023,10724.770698073946,101867.29641138417,0.10528178400615136,1
2020-01-30,91142.52571331023,10602.543352511539,101745.06906582176,0.10420695027149132,1
2020-01-31,91142.52571331023,10538.034475686936,101680.56018899716,0.1036386351147115,1
2020-02-03,101720.24316807497,0.0,101720.24316807497,0.0,0
2020-02-04,71082.10592585079,31219.436555203636,102301.54248105442,0.305170731526216,1
2020-02-05,40350.63843954093,62279.16029113191,102629.79873067285,0.6068331133978792,2
2020-02-06,40350.63843954093,61900.73653194838,102251.3749714893,0.6053780357399412,2
2020-02-07,40350.63843954093,61838.5530710382,102189.19151057914,0.6051379031082398,2
2020-02-10,40350.63843954093,61531.4454625185,101882.08390205944,0.6039476530698908,2
2020-02-11,40350.63843954093,61880.8811866177,102231.51962615864,0.6053013924952343,2
2020-02-12,40350.63843954093,62730.60686066201,103081.24530020295,0.6085549963814659,2
2020-02-13,40350.63843954093,62694.21083265609,103044.84927219703,0.6084167357753794,2
2020-02-14,40350.63843954093,62742.090782733125,103092.72922227407,0.6085986010464175,2
2020-02-17,40350.63843954093,62617.97072938406,102968.609168925,0.60812679936908,2
2020-02-18,40350.63843954093,62919.764865858044,103270.40330539897,0.6092719971257109,2
2020-02-19,40350.63843954093,63238.99984693043,103589.63828647137,0.6104761141461513,2
2020-02-20,40350.63843954093,63229.57447137803,103580.21291091896,0.6104406690663662,2
2020-02-24,40350.63843954093,62191.761435175926,102542.39987471685,0.6064980097126643,2
2020-02-25,40350.63843954093,62356.45434669678,102707.09278623771,0.607128998154763,2
2020-02-26,40350.63843954093,61316.8443031371,101667.48274267802,0.6031116601788103,2
2020-02-27,40350.63843954093,60639.57066002926,100990.2090995702,0.6004499961005362,2
2020-02-28,40350.63843954093,57763.62376526153,98114.26220480246,0.5887382982576629,2
2020-03-02,40350.63843954093,58646.15823349053,98996.79667303147,0.5924046050417995,2
2020-03-03,40350.63843954093,59382.39332426236,99733.0317638033,0.5954134981567297,2
2020-03-04,70105.2736767919,29411.400884878592,99516.67456167049,0.29554244064548546,1
2020-03-05,99479.70384375424,0.0,99479.70384375424,0.0,0
2020-03-06,99479.70384375424,0.0,99479.70384375424,0.0,0
2020-03-09,99479.70384375424,0.0,99479.70384375424,0.0,0
2020-03-11,99479.70384375424,0.0,99479.70384375424,0.0,0
2020-03-12,99479.70384375424,0.0,99479.70384375424,0.0,0
2020-03-13,99479.70384375424,0.0,99479.70384375424,0.0,0
2020-03-16,99479.70384375424,0.0,99479.70384375424,0.0,0
2020-03-17,99479.70384375424,0.0,99479.70384375424,0.0,0
2020-03-18,99479.70384375424,0.0,99479.70384375424,0.0,0
2020-03-19,99479.70384375424,0.0,99479.70384375424,0.0,0
2020-03-20,99479.70384375424,0.0,99479.70384375424,0.0,0
2020-03-23,99479.70384375424,0.0,99479.70384375424,0.0,0
2020-03-24,99479.70384375424,0.0,99479.70384375424,0.0,0
2020-03-25,99479.70384375424,0.0,99479.70384375424,0.0,0
2020-03-26,99479.70384375424,0.0,99479.70384375424,0.0,0
2020-03-27,99479.70384375424,0.0,99479.70384375424,0.0,0
2020-03-30,99479.70384375424,0.0,99479.70384375424,0.0,0
2020-03-31,99479.70384375424,0.0,99479.70384375424,0.0,0
2020-04-01,99479.70384375424,0.0,99479.70384375424,0.0,0
2020-04-03,99479.70384375424,0.0,99479.70384375424,0.0,0
2020-04-07,99479.70384375424,0.0,99479.70384375424,0.0,0
2020-04-08,99479.70384375424,0.0,99479.70384375424,0.0,0
2020-04-09,99479.70384375424,0.0,99479.70384375424,0.0,0
2020-04-13,99479.70384375424,0.0,99479.70384375424,0.0,0
2020-04-15,99479.70384375424,0.0,99479.70384375424,0.0,0
2020-04-16,99479.70384375424,0.0,99479.70384375424,0.0,0
2020-04-17,99479.70384375424,0.0,99479.70384375424,0.0,0
2020-04-20,99479.70384375424,0.0,99479.70384375424,0.0,0
2020-04-21,99479.70384375424,0.0,99479.70384375424,0.0,0
2020-04-22,99479.70384375424,0.0,99479.70384375424,0.0,0
2020-04-23,99479.70384375424,0.0,99479.70384375424,0.0,0
2020-04-24,99479.70384375424,0.0,99479.70384375424,0.0,0
2020-04-27,99479.70384375424,0.0,99479.70384375424,0.0,0
2020-04-28,99479.70384375424,0.0,99479.70384375424,0.0,0
2020-04-29,99479.70384375424,0.0,99479.70384375424,0.0,0
2020-04-30,99479.70384375424,0.0,99479.70384375424,0.0,0
2020-05-04,69516.41704601547,29744.43152306746,99260.84856908293,0.2996592508713657,1
2020-05-05,69516.41704601547,30271.87859229563,99788.2956383111,0.3033610144221517,1
2020-05-06,69516.41704601547,30273.95379387948,99790.37083989495,0.30337550145445824,1
2020-05-07,69516.41704601547,31231.44350386086,100747.86054987634,0.30999609652653015,1
2020-05-08,69516.41704601547,32368.2084952032,101884.62554121867,0.31769472894718787,1
2020-05-11,69516.41704601547,32679.081993270047,102195.49903928553,0.3197702667972462,1
2020-05-12,69516.41704601547,30657.362504640445,100173.77955065592,0.3060417870041293,1
2020-05-13,69516.41704601547,31307.813689081933,100824.2307350974,0.310518745948473,1
2020-05-14,69516.41704601547,30042.068001964795,99558.48504798027,0.30175296447597216,1
2020-05-15,69516.41704601547,30532.67609267649,100049.09313869197,0.30517693998836054,1
2020-05-18,69516.41704601547,30142.491157010394,99658.90820302587,0.30245656610650284,1
2020-05-19,69516.41704601547,29476.143928436628,98992.56097445209,0.2977612018345884,1
2020-05-20,69516.41704601547,29994.996896172222,99511.41394218769,0.3014226781422095,1
2020-05-21,69516.41704601547,30152.952939928437,99669.36998594391,0.3025297836655416,1
2020-05-22,69516.41704601547,29950.01482664072,99466.43187265619,0.30110675795613945,1
2020-05-26,69516.41704601547,29793.104684482765,99309.52173049824,0.30000249890774794,1
2020-05-27,69516.41704601547,30242.914312055993,99759.33135807146,0.303158751169888,1
2020-05-28,69516.41704601547,30801.5143074609,100317.93135347636,0.3070389699218366,1
2020-05-29,69516.41704601547,30637.28285411513,100153.6999001306,0.30590265646366976,1
2020-06-01,69516.41704601547,31807.834894177962,101324.25194019344,0.3139212408195474,1
2020-06-02,101314.75402477157,0.0,101314.75402477157,0.0,0
2020-06-03,70798.75011251037,30328.522605902264,101127.27271841264,0.2999044846225763,1
2020-06-04,70798.75011251037,31079.037919645387,101877.78803215576,0.3050619621799787,1
2020-06-05,40023.09405488658,61134.150226893515,101157.24428178009,0.6043477228047095,2
2020-06-08,40023.09405488658,61238.541695548905,101261.63575043548,0.6047556040520069,2
2020-06-09,40023.09405488658,60606.525641866814,100629.61969675339,0.6022732255622562,2
2020-06-10,40023.09405488658,61832.922970117266,101856.01702500385,0.6070620546151768,2
2020-06-11,40023.09405488658,60552.8610268285,100575.95508171507,0.6020610092902527,2
2020-06-12,40023.09405488658,61145.593929854964,101168.68798474154,0.6043924770387163,2
2020-06-15,40023.09405488658,61511.476449431466,101534.57050431805,0.6058180592472739,2
2020-06-16,40023.09405488658,61806.465885716934,101829.5599406035,0.6069599625272684,2
2020-06-17,40023.09405488658,61789.54511246288,101812.63916734947,0.6068946411545171,2
2020-06-18,40023.09405488658,62445.117734109,102468.21178899557,0.6094096563595462,2
2020-06-19,40023.09405488658,64576.50972426829,104599.60377915486,0.6173685883228692,2
2020-06-22,40023.09405488658,64071.834521797486,104094.92857668406,0.6155135067372414,2
2020-06-23,40023.09405488658,63682.81415306646,103705.90820795303,0.6140712255792455,2
2020-06-24,8703.73174561506,94995.58174259464,103699.31348820971,0.9160676049547363,3
2020-06-25,8703.73174561506,93823.37904714944,102527.1107927645,0.9151079975011907,3
2020-06-26,8703.73174561506,97872.02060423419,106575.75234984925,0.9183329082487366,3
2020-06-29,8703.73174561506,96540.20943422298,105243.94117983805,0.917299450704318,3
2020-06-30,8703.73174561506,96062.42080380759,104766.15254942265,0.9169222928034019,3
2020-07-01,42405.5426896345,62506.919397295715,104912.46208693022,0.5958007099814571,2
2020-07-02,10690.56029619,96438.81486754505,107129.37516373505,0.9002088803388362,3
2020-07-03,42272.68044164557,65589.84165321736,107862.52209486293,0.608087409596564,2
2020-07-06,9658.379618117222,100146.25085066957,109804.6304687868,0.9120403249217917,3
2020-07-07,9658.379618117222,101043.08585457847,110701.4654726957,0.9127529199647366,3
2020-07-08,9658.379618117222,98984.18366045182,108642.56327856904,0.9110994869169987,3
2020-07-09,9658.379618117222,99550.15634593162,109208.53596404885,0.911560213376574,3
2020-07-10,0.0,110306.63805412869,110306.63805412869,1.0,4
2020-07-13,0.0,111751.68675658783,111751.68675658783,1.0,4
2020-07-14,0.0,109932.95463291236,109932.95463291236,1.0,4
2020-07-15,0.0,111549.14802128826,111549.14802128826,1.0,4
2020-07-16,0.0,115114.91772372996,115114.91772372996,1.0,4
2020-07-17,0.0,115819.18892584988,115819.18892584988,1.0,4
2020-07-20,0.0,117726.3082948455,117726.3082948455,1.0,4
2020-07-21,0.0,119068.96451391338,119068.96451391338,1.0,4
2020-07-22,40693.25343715793,78288.7581267189,118982.01156387682,0.6579881874386424,3
2020-07-23,4859.644203209318,114398.38391755737,119258.02812076668,0.9592510099337866,4
2020-07-24,4859.644203209318,116279.79887475245,121139.44307796177,0.9598838819154732,4
2020-07-27,4859.644203209318,117846.790880353,122706.43508356232,0.9603961748224539,4
2020-07-28,4859.644203209318,120375.93111281379,125235.57531602311,0.9611959765350513,4
2020-07-29,4859.644203209318,117881.71862752711,122741.36283073643,0.960407444636973,4
2020-07-30,42747.947066312314,80099.16885812771,122847.11592444003,0.6520231936693944,3
2020-07-31,5531.60583131286,116388.03216201693,121919.63799332979,0.9546290825468536,4
2020-08-03,39139.856743239005,81139.86897990627,120279.72572314527,0.6745930662219047,3
2020-08-04,39139.856743239005,83688.57410836522,122828.43085160424,0.6813453003358317,3
2020-08-05,39139.856743239005,82943.14139522969,122082.99813846868,0.6793996105924112,3
2020-08-06,2079.34000186075,121659.62800189308,123738.96800375383,0.9831957544546704,4
2020-08-07,10948.945931796081,111936.06345638043,122885.00938817652,0.9109008821636665,3
2020-08-10,10948.945931796081,111283.66349076967,122232.60942256576,0.9104253277131236,3
2020-08-11,10948.945931796081,111368.12005175985,122317.06598355593,0.9104871765541855,3
2020-08-12,10948.945931796081,111146.9114967747,122095.85742857079,0.9103250006807029,3
2020-08-13,10948.945931796081,110856.39312392988,121805.33905572597,0.9101111165021515,3
2020-08-14,10948.945931796081,110605.74100356447,121554.68693536056,0.9099257609242296,3
2020-08-17,10948.945931796081,110546.73770445786,121495.68363625395,0.9098820171704524,3
2020-08-18,10948.945931796081,111680.58794839546,122629.53388019155,0.91071526095424,3
2020-08-19,10948.945931796081,111373.54443555506,122322.49036735114,0.9104911459951894,3
2020-08-20,48176.11377622497,73315.63472703181,121491.74850325678,0.6034618451891526,2
2020-08-21,11437.237036562277,109031.27222137239,120468.50925793467,0.9050603588687725,3
2020-08-24,11437.237036562277,109213.63894426581,120650.87598082809,0.9052038624371057,3
2020-08-25,11437.237036562277,108532.54684576634,119969.78388232861,0.9046656860882537,3
2020-08-26,11437.237036562277,110158.82923209674,121596.06626865902,0.9059407315752106,3
2020-08-27,11437.237036562277,109465.52990703417,120902.76694359645,0.9054013623865368,3
2020-08-28,48453.063792647954,71857.65407225037,120310.71786489832,0.5972672705098658,2
2020-08-31,12208.38951376087,106459.37552140857,118667.76503516943,0.8971212653230414,3
2020-09-01,12208.38951376087,105842.23851063481,118050.62802439567,0.8965834429001264,3
2020-09-02,12208.38951376087,107201.53002672576,119409.91954048662,0.89776067548876,3
2020-09-03,12897.007703600982,106240.18363901167,119137.19134261264,0.8917465859463483,3
2020-09-04,12897.007703600982,104672.97415734941,117569.98186095039,0.8903035664422044,3
2020-09-07,12897.007703600982,104709.64555343206,117606.65325703303,0.890337771321371,3
2020-09-08,0.0,118631.50680673166,118631.50680673166,1.0,4
2020-09-09,0.0,118478.10681839383,118478.10681839383,1.0,4
2020-09-10,0.0,121312.12845187575,121312.12845187575,1.0,4
2020-09-11,0.0,121483.65874930823,121483.65874930823,1.0,4
2020-09-14,0.0,122433.5811302138,122433.5811302138,1.0,4
2020-09-15,0.0,123253.42730802363,123253.42730802363,1.0,4
2020-09-16,0.0,124874.35903647743,124874.35903647743,1.0,4
2020-09-17,0.0,124249.62253659403,124249.62253659403,1.0,4
2020-09-18,38260.78049587904,85061.45189318474,123322.23238906378,0.6897495305212136,3
2020-09-21,1141.4434672129792,121366.54940050692,122507.9928677199,0.9906827020793209,4
2020-09-22,1141.4434672129792,120414.85065728465,121556.29412449762,0.9906097543082063,4
2020-09-23,1141.4434672129792,121261.634889356,122403.07835656899,0.9906747160076491,4
2020-09-24,1141.4434672129792,117525.75641993349,118667.19988714647,0.9903811375991133,4
2020-09-25,1141.4434672129792,120121.2108222823,121262.65428949529,0.9905870156487918,4
2020-09-28,37973.883977319776,83865.45321726729,121839.33719458707,0.6883282127785012,3
2020-09-29,1141.115749871904,121434.85190109699,122575.9676509689,0.9906905425937881,4
2020-09-30,1141.115749871904,121757.70554143254,122898.82129130446,0.9907149984199837,4
2020-10-01,35338.872723567365,88153.26400288637,123492.13672645373,0.7138370615301105,3
2020-10-05,35338.872723567365,90087.66961184086,125426.54233540822,0.7182504431233842,3
2020-10-06,35338.872723567365,90364.29966612543,125703.1723896928,0.7188704783518651,3
2020-10-07,50357.09409908357,76614.39922717385,126971.49332625742,0.6033984260570255,2
2020-10-08,-7.275957614183426e-12,127953.68939861351,127953.6893986135,1.0000000000000002,4
2020-10-09,-7.275957614183426e-12,129115.01285100111,129115.01285100111,1.0,4
2020-10-12,-7.275957614183426e-12,129838.58868731078,129838.58868731078,1.0,4
2020-10-13,-7.275957614183426e-12,131153.5735720003,131153.5735720003,1.0,4
2020-10-14,-7.275957614183426e-12,130622.98921785876,130622.98921785876,1.0,4
2020-10-15,-7.275957614183426e-12,126709.65652123859,126709.65652123859,1.0,4
2020-10-16,-7.275957614183426e-12,127757.48119673165,127757.48119673165,1.0,4
2020-10-19,-7.275957614183426e-12,127330.7446159232,127330.7446159232,1.0,4
2020-10-20,2860.8949018328494,124339.5981254793,127200.49302731216,0.9775087750546803,4
2020-10-21,0.0,127130.70988407457,127130.70988407457,1.0,5
2020-10-22,0.0,125785.96824780779,125785.96824780779,1.0,5
2020-10-23,0.0,126437.12630491251,126437.12630491251,1.0,5
2020-10-26,0.0,123358.01758783778,123358.01758783778,1.0,5
2020-10-27,0.0,123852.4020032546,123852.4020032546,1.0,5
2020-10-28,33530.7409619698,88418.66989930993,121949.41086127973,0.7250438462543145,4
2020-10-29,33530.7409619698,88387.13841327815,121917.87937524795,0.7249727346489814,4
2020-10-30,33530.7409619698,87888.92974763883,121419.67070960863,0.723844243967989,4
2020-11-02,33530.7409619698,90344.7516431472,123875.492605117,0.7293190101059205,4
2020-11-03,33530.7409619698,93710.62668576904,127241.36764773884,0.7364792474189846,4
2020-11-04,33530.7409619698,93537.63909023973,127068.38005220953,0.736120497104057,4
2020-11-05,84281.12917349592,43210.338447807866,127491.46762130379,0.3389272965008007,2
2020-11-06,45840.17799037941,83168.49987006787,129008.67786044728,0.6446736859053298,3
2020-11-09,45840.17799037941,86058.59992071694,131898.77791109635,0.6524594183785613,3
2020-11-10,45840.17799037941,89501.75942562117,135341.93741600058,0.6613010064317283,3
2020-11-11,45840.17799037941,89717.49701921448,135557.6750095939,0.6618400397680534,3
2020-11-12,45840.17799037941,88245.10320567779,134085.2811960572,0.6581266968195212,3
2020-11-13,45840.17799037941,88687.60285966337,134527.78085004276,0.659251214130432,3
2020-11-14,45840.17799037941,89164.82669859518,135005.0046889746,0.6604557135049451,3
2020-11-17,90910.01623586548,45393.44561304551,136303.46184891099,0.3330322282156195,2
2020-11-18,52711.47110898302,84244.52669514177,136955.99780412478,0.6151211195264975,2
2020-11-19,52711.47110898302,81624.09817378398,134335.569282767,0.6076134460112417,2
2020-11-20,52711.47110898302,82631.40312552315,135342.87423450616,0.6105338281965935,2
2020-11-23,52711.47110898302,81357.63203012156,134069.10313910458,0.6068335666101102,2
2020-11-24,0.0,135778.13003805437,135778.13003805437,1.0,4
2020-11-25,0.0,133488.82172420202,133488.82172420202,1.0,4
2020-11-26,0.0,134556.68755607403,134556.68755607403,1.0,4
2020-11-27,0.0,134127.0986827146,134127.0986827146,1.0,4
2020-12-01,0.0,136202.60799041842,136202.60799041842,1.0,4
2020-12-02,0.0,135305.01828206857,135305.01828206857,1.0,4
2020-12-03,0.0,133806.3751018739,133806.3751018739,1.0,4
2020-12-04,0.0,136112.71217056076,136112.71217056076,1.0,4
2020-12-07,41409.78643788366,95219.46415536056,136629.2505932442,0.696918586187933,3
2020-12-08,213.5790459527998,136916.76423461657,137130.34328056936,0.9984425106738353,4
2020-12-09,213.5790459527998,138728.8543182976,138942.4333642504,0.9984628234817734,4
2020-12-10,213.5790459527998,137285.73469774734,137499.31374370013,0.9984466900951163,4
2020-12-11,213.5790459527998,137795.06843816992,138008.64748412272,0.998452422729689,4
2020-12-14,213.5790459527998,138509.78232119148,138723.36136714427,0.9984603959718974,4
2020-12-15,213.5790459527998,137857.46812039608,138071.04716634887,0.9984531221401148,4
2020-12-16,213.5790459527998,138727.64710263303,138941.22614858582,0.9984628101257406,4
2020-12-17,43059.321687268275,96849.01180863757,139908.33349590586,0.6922319020508644,3
2020-12-18,730.5695546007337,139279.25828133046,140009.8278359312,0.994782012335185,4
2020-12-21,730.5695546007337,135587.8091425783,136318.37869717903,0.994640711240972,4
2020-12-22,730.5695546007337,137569.96195520676,138300.5315098075,0.9947175217143042,4
2020-12-23,56500.083401195356,82358.54391222316,138858.62731341852,0.5931107451201522,2
2020-12-24,-7.275957614183426e-12,139781.35785843263,139781.35785843263,1.0,4
2020-12-28,-7.275957614183426e-12,141078.22317769518,141078.22317769518,1.0,4
2020-12-29,-7.275957614183426e-12,142455.8128566906,142455.8128566906,1.0,4
2020-12-30,-7.275957614183426e-12,142326.024965364,142326.024965364,1.0,4
2020-12-31,-7.275957614183426e-12,142708.5193872337,142708.5193872337,1.0,4
2021-01-01,-7.275957614183426e-12,142491.75612678687,142491.75612678687,1.0,4
2021-01-04,-7.275957614183426e-12,144267.60668469302,144267.60668469302,1.0,4
2021-01-05,-7.275957614183426e-12,145685.0470693262,145685.0470693262,1.0,4
2021-01-06,0.0,144585.73120376555,144585.73120376555,1.0,4
2021-01-07,0.0,143429.42162889143,143429.42162889143,1.0,4
2021-01-08,0.0,145971.24404918618,145971.24404918618,1.0,4
2021-01-11,0.0,147381.2738776668,147381.2738776668,1.0,4
2021-01-12,0.0,148828.5257785434,148828.5257785434,1.0,4
2021-01-13,0.0,149324.24428575786,149324.24428575786,1.0,4
2021-01-14,0.0,150045.48403646375,150045.48403646375,1.0,4
2021-01-15,0.0,147957.39660394986,147957.39660394986,1.0,4
2021-01-18,-7.275957614183426e-12,148274.41983581847,148274.41983581847,1.0,4
2021-01-19,-7.275957614183426e-12,150081.38676382875,150081.38676382875,1.0,4
2021-01-20,-7.275957614183426e-12,151530.3491761082,151530.3491761082,1.0,4
2021-01-21,-7.275957614183426e-12,151645.4044670245,151645.4044670245,1.0,4
2021-01-22,15550.229735980116,131477.10122554045,147027.33096152055,0.8942357884463682,3
2021-01-25,0.0,145392.21667406597,145392.21667406597,1.0,5
2021-01-27,0.0,141298.99997536934,141298.99997536934,1.0,5
2021-01-28,0.0,139939.3819049248,139939.3819049248,1.0,5
2021-01-29,0.0,140068.54087640124,140068.54087640124,1.0,5
2021-02-01,0.0,149478.03943546876,149478.03943546876,1.0,5
2021-02-02,0.0,153981.29659725953,153981.29659725953,1.0,5
2021-02-03,0.0,154993.92196300358,154993.92196300358,1.0,5
2021-02-04,41409.62808687332,113833.05947275588,155242.6875596292,0.7332587528738334,4
2021-02-05,41409.62808687332,113119.81928197917,154529.4473688525,0.7320275922036333,4
2021-02-08,41409.62808687332,114927.01018871227,156336.6382755856,0.7351252493105445,4
2021-02-09,41409.62808687332,115357.22508250267,156766.853169376,0.7358521444445082,4
2021-02-10,41409.62808687332,114384.84903476237,155794.4771216357,0.7342034913436439,4
2021-02-11,41409.62808687332,113939.53063021557,155349.1587170889,0.7334415684716666,4
2021-02-12,41409.62808687332,115678.90607278999,157088.5341596633,0.7363930581668999,4
2021-02-15,41409.62808687332,118759.17930537154,160168.80739224487,0.7414625933658645,4
2021-02-16,41853.75024375592,117071.31017435683,158925.06041811276,0.7366447422851768,4
2021-02-17,-7.275957614183426e-12,158237.79782840324,158237.79782840324,1.0,5
2021-02-18,-7.275957614183426e-12,156031.24445730544,156031.24445730544,1.0,5
2021-02-19,-7.275957614183426e-12,154278.65170907963,154278.65170907963,1.0,5
2021-02-22,50688.279214822076,101332.16050236954,152020.43971719162,0.666569315882002,4
2021-02-23,18783.598737008353,133049.55343550755,151833.1521725159,0.8762878958367007,3
2021-02-24,18783.598737008353,137776.00611700327,156559.60485401162,0.8800226996323628,3
2021-02-25,18783.598737008353,138758.73671248605,157542.3354494944,0.8807711039485633,3
2021-02-26,18783.598737008353,133266.91026811278,152050.50900512113,0.8764647428021717,3
2021-03-01,18783.598737008353,135063.8176420863,153847.41637909465,0.8779076101562617,3
2021-03-02,18783.598737008353,135565.03970636352,154348.63844337186,0.8783040853068506,3
2021-03-03,18783.598737008353,139921.98137989512,158705.58011690347,0.8816450012458779,3
2021-03-04,18783.598737008353,137560.2525464525,156343.85128346086,0.8798571316824443,3
2021-03-05,18783.598737008353,136215.6322056058,154999.23094261414,0.8788148907399247,3
2021-03-08,18783.598737008353,136132.84449200908,154916.44322901743,0.8787501291309664,3
2021-03-09,18783.598737008353,138512.13356021224,157295.7322972206,0.8805841807486836,3
2021-03-10,18783.598737008353,138161.49861131632,156945.09734832466,0.8803173908942187,3
2021-03-12,18783.598737008353,136066.632265825,154850.23100283334,0.8786982840428268,3
2021-03-15,18783.598737008353,134092.57228470687,152876.1710217152,0.8771319388007158,3
2021-03-16,0.0,151514.7667582774,151514.7667582774,1.0,4
2021-03-17,49210.03446558412,101248.01300715594,150458.04747274006,0.6729318551438734,3
2021-03-18,87955.86429642989,61280.60728681708,149236.47158324698,0.41062755395308026,2
2021-03-19,87955.86429642989,61981.3102729033,149937.1745693332,0.4133818744479689,2
2021-03-22,42767.3167723718,106172.29622602758,148939.6129983994,0.7128546535646536,3
2021-03-23,42767.3167723718,107695.52852870889,150462.8453010807,0.7157616108694933,3
2021-03-24,85931.14362307203,62766.227617647564,148697.3712407196,0.4221071771069718,2
2021-03-25,85931.14362307203,61283.17075826856,147214.31438134058,0.4162854068628275,2
2021-03-26,85931.14362307203,61385.10951612583,147316.25313919786,0.4166893211580909,2
2021-03-30,85931.14362307203,62800.897139943845,148732.04076301586,0.4222418842487913,2
2021-03-31,85931.14362307203,61998.6598810781,147929.80350415013,0.4191086475643074,2
2021-04-01,85931.14362307203,62637.6372017404,148568.78082481242,0.42160699478042235,2
2021-04-05,85931.14362307203,62335.354942521124,148266.49856559315,0.4204277806894046,2
2021-04-06,85931.14362307203,62170.496283478,148101.63990655003,0.4197826325401034,2
2021-04-07,85931.14362307203,62832.12067673658,148763.2642998086,0.42236314840543215,2
2021-04-08,41071.11212906646,108345.00588042788,149416.11800949433,0.7251226127662033,3
2021-04-09,41071.11212906646,107921.78449445729,148992.89662352373,0.7243418105170127,3
2021-04-12,41071.11212906646,105140.04975794535,146211.1618870118,0.7190972864246497,3
2021-04-13,41071.11212906646,103255.67003463152,144326.782163698,0.7154297247306263,3
2021-04-15,41071.11212906646,104605.99818876604,145677.1103178325,0.7180674984597158,3
2021-04-16,59422.04584759337,85648.3879093393,145070.43375693267,0.5903917544828208,2
2021-04-19,59422.04584759337,84532.01949420289,143954.06534179626,0.5872152293406575,2
2021-04-20,59422.04584759337,84284.3642644755,143706.41011206887,0.5865038601879115,2
2021-04-22,16181.735212113868,126973.26428870676,143154.99950082065,0.8869635341515186,3
2021-04-23,57438.65604329795,84865.23844632198,142303.89448961994,0.5963662396640332,2
2021-04-26,57438.65604329795,85056.13566405419,142494.79170735215,0.5969069791598961,2
2021-04-27,57438.65604329795,85639.72007883832,143078.37612213628,0.5985511046458447,2
2021-04-28,57438.65604329795,85770.06299623873,143208.7190395367,0.5989164875677685,2
2021-04-29,57438.65604329795,85660.25448659627,143098.91052989423,0.5986087117602571,2
2021-04-30,57438.65604329795,84509.05484703879,141947.71089033675,0.5953534179380122,2
2021-05-03,57438.65604329795,84454.43016369383,141893.08620699178,0.595197640852584,2
2021-05-04,57438.65604329795,83909.01800605078,141347.67404934875,0.593635647493963,2
2021-05-05,57438.65604329795,84921.31448998592,142359.97053328386,0.5965252322817196,2
2021-05-06,57438.65604329795,85775.13166142325,143213.7877047212,0.5989306828353341,2
2021-05-07,57438.65604329795,85780.69301614517,143219.34905944314,0.5989462567696906,2
2021-05-10,100252.99630688672,42559.692355712665,142812.6886625994,0.2980105812324675,1
2021-05-11,100252.99630688672,42276.92404753918,142529.9203544259,0.29661788866793803,1
2021-05-12,100252.99630688672,42160.956811907155,142413.95311879387,0.2960451268194122,1
2021-05-14,100252.99630688672,41824.17827921237,142077.1745860991,0.29437647814334045,1
2021-05-17,57422.02958622657,86336.63410615403,143758.6636923806,0.6005664764031191,2
2021-05-18,57422.02958622657,87352.30312586087,144774.33271208743,0.6033687152237013,2
2021-05-19,57422.02958622657,86708.9276852067,144130.95727143326,0.6015982223854445,2
2021-05-20,57422.02958622657,86297.58660070284,143719.6161869294,0.6004579534115899,2
2021-05-21,100063.05577072447,45432.45186271419,145495.50763343865,0.3122601694148296,1
2021-05-24,100063.05577072447,45778.9649705223,145842.02074124676,0.3138942037270825,1
2021-05-25,100063.05577072447,45987.582427201836,146050.6381979263,0.3148742312572434,1
2021-05-26,100063.05577072447,46143.16176690791,146206.2175376324,0.3156032796965766,1
2021-05-27,100063.05577072447,46125.48239458343,146188.5381653079,0.3155205118914685,1
2021-05-28,100063.05577072447,45474.88062979175,145537.93640051622,0.31246066664464844,1
2021-05-31,100063.05577072447,46868.01603221183,146931.07180293632,0.3189796103513839,1
2021-06-01,100063.05577072447,45973.43806609164,146036.4938368161,0.31480787341733374,1
2021-06-02,56110.94347949576,89452.73837259825,145563.681852094,0.614526489261864,2
2021-06-03,12123.60234499153,133655.1136675231,145778.71601251463,0.9168355801408571,3
2021-06-04,12123.60234499153,132175.20546073618,144298.8078057277,0.9159826575884552,3
2021-06-07,12123.60234499153,133260.1599933733,145383.76233836482,0.9166096533065696,3
2021-06-08,12123.60234499153,132110.45097510613,144234.05332009765,0.9159449376487694,3
2021-06-09,12123.60234499153,130804.03996296559,142927.6423079571,0.9151766435853635,3
2021-06-10,0.0,143365.5287760391,143365.5287760391,1.0,4
2021-06-11,0.0,143973.1984852858,143973.1984852858,1.0,4
2021-06-14,44775.28837471326,99570.70928858868,144345.99766330194,0.6898058200466698,3
2021-06-15,-7.275957614183426e-12,144759.21455980197,144759.21455980197,1.0,5
2021-06-16,-7.275957614183426e-12,143790.95244259905,143790.95244259905,1.0,5
2021-06-17,-7.275957614183426e-12,143503.8018373744,143503.8018373744,1.0,5
2021-06-18,-7.275957614183426e-12,143936.71490999142,143936.71490999142,1.0,5
2021-06-21,-7.275957614183426e-12,144264.28407574797,144264.28407574797,1.0,5
2021-06-22,-7.275957614183426e-12,144169.28971400607,144169.28971400607,1.0,5
2021-06-23,-7.275957614183426e-12,143257.7868375841,143257.7868375841,1.0,5
2021-06-24,-7.275957614183426e-12,144398.0870579369,144398.0870579369,1.0,5
2021-06-25,-7.275957614183426e-12,144386.82830014976,144386.82830014976,1.0,5
2021-06-28,-7.275957614183426e-12,143554.55824517252,143554.55824517252,1.0,5
2021-06-29,-7.275957614183426e-12,143003.52397076736,143003.52397076736,1.0,5
2021-06-30,43255.39112121814,99769.0157724324,143024.40689365054,0.697566366044211,4
2021-07-01,84868.5571827499,57930.23906549234,142798.79624824223,0.4056773627474148,3
2021-07-02,84868.5571827499,58213.86037638323,143082.41755913311,0.40685544296401477,3
2021-07-05,84868.5571827499,58544.634876365526,143413.19205911542,0.40822349768376415,3
2021-07-06,84868.5571827499,58091.566417987866,142960.12360073777,0.4063480427607022,3
2021-07-07,41766.93814980016,101410.91979333117,143177.85794313133,0.70828633177073,4
2021-07-08,55010.15156232907,87075.006732216,142085.15829454508,0.612836750702054,3
2021-07-09,12323.333075213435,128806.14786021649,141129.48093542992,0.9126806603869559,4
2021-07-12,12323.333075213435,128143.19322929718,140466.5263045106,0.9122685425529904,4
2021-07-13,56832.31756656462,84244.97757470871,141077.29514127332,0.5971547547062529,2
2021-07-14,14302.02048297802,127553.66085373453,141855.68133671256,0.8991790787072507,3
2021-07-15,14302.02048297802,128461.6829983412,142763.70348131921,0.8998203315393156,3
2021-07-16,14302.02048297802,127357.65956690296,141659.680049881,0.899039582201922,3
2021-07-19,14302.02048297802,125263.33953064845,139565.36001362646,0.8975245685492329,3
2021-07-20,14302.02048297802,123816.25391216518,138118.2743951432,0.8964509182755838,3
2021-07-22,14302.02048297802,125967.69105767569,140269.71154065372,0.898039139555563,3
2021-07-23,14302.02048297802,127132.58656762584,141434.60705060387,0.8988789181005685,3
2021-07-26,14302.02048297802,127277.01848332006,141579.03896629807,0.8989820768144745,3
2021-07-27,14302.02048297802,127430.4481642851,141732.46864726313,0.8990914317694402,3
2021-07-28,14302.02048297802,127371.82675598873,141673.84723896676,0.8990496781042852,3
2021-07-29,14302.02048297802,127866.68475372747,142168.7052367055,0.8994010639742009,3
2021-07-30,14302.02048297802,127598.61068626297,141900.63116924098,0.8992110157288844,3
2021-08-02,14302.02048297802,127997.06067232849,142299.0811553065,0.8994932337801347,3
2021-08-03,14302.02048297802,129556.40702576045,143858.42750873847,0.9005826719320336,3
2021-08-04,14302.02048297802,131801.92833099625,146103.94881397428,0.9021106506766086,3
2021-08-05,55195.45242277497,90131.4648898562,145326.91731263118,0.6201980098150913,2
2021-08-06,55195.45242277497,89732.77811099439,144928.23053376935,0.619153202799133,2
2021-08-09,100399.72164733603,44974.811128389025,145374.53277572506,0.3093720080791139,1
2021-08-10,56588.82043962852,88728.3792718593,145317.19971148783,0.6105841527914125,2
2021-08-11,56588.82043962852,88265.90581502666,144854.7262546552,0.6093408761813878,2
2021-08-12,100787.8280095865,44201.43025675508,144989.25826634158,0.3048600343589466,1
2021-08-13,57058.753754559555,88208.9186177323,145267.67237229185,0.6072164382979206,2
2021-08-16,57058.753754559555,87872.4261383022,144931.17989286175,0.6063044970948321,2
2021-08-17,13462.302250362023,133065.12332690615,146527.42557726818,0.9081243514835182,3
2021-08-18,13462.302250362023,132149.47724444148,145611.77949480352,0.9075466126636927,3
2021-08-20,13462.302250362023,131655.13771698694,145117.43996734897,0.9072316721312682,3
2021-08-23,13462.302250362023,132901.5072869613,146363.80953732334,0.9080216462463073,3
2021-08-24,13462.302250362023,132855.25622829166,146317.5584786537,0.9079925718393801,3
2021-08-25,13462.302250362023,133601.5182754415,147063.82052580352,0.908459455206388,3
2021-08-26,0.0,147483.99500816528,147483.99500816528,1.0,4
2021-08-27,0.0,147595.45728848103,147595.45728848103,1.0,4
2021-08-30,0.0,148106.70299761387,148106.70299761387,1.0,4
2021-08-31,0.0,149834.69468884356,149834.69468884356,1.0,4
2021-09-01,0.0,148224.71940277715,148224.71940277715,1.0,4
2021-09-02,0.0,150449.57236559057,150449.57236559057,1.0,4
2021-09-03,0.0,150653.4351703231,150653.4351703231,1.0,4
2021-09-06,0.0,151272.22371163004,151272.22371163004,1.0,4
2021-09-07,0.0,149969.6315378927,149969.6315378927,1.0,4
2021-09-08,0.0,148882.30492274792,148882.30492274792,1.0,4
2021-09-09,0.0,148883.3097732489,148883.3097732489,1.0,4
2021-09-13,0.0,147678.6077090023,147678.6077090023,1.0,4
2021-09-14,0.0,147826.31949655298,147826.31949655298,1.0,4
2021-09-15,0.0,149494.80778846162,149494.80778846162,1.0,4
2021-09-16,3912.514540877659,146124.0578052464,150036.57234612407,0.9739229277255698,4
2021-09-17,0.0,148724.33521414793,148724.33521414793,1.0,5
2021-09-20,0.0,147876.40129194097,147876.40129194097,1.0,5
2021-09-21,0.0,148934.93778800574,148934.93778800574,1.0,5
2021-09-22,0.0,148672.93514837517,148672.93514837517,1.0,5
2021-09-23,0.0,151570.39182703404,151570.39182703404,1.0,5
2021-09-24,13604.901267387451,138778.11494672007,152383.0162141075,0.9107190446455548,4
2021-09-27,1.8189894035458565e-12,152465.57117077097,152465.57117077097,1.0,5
2021-09-28,1.8189894035458565e-12,151075.43518198095,151075.43518198095,1.0,5
2021-09-29,1.8189894035458565e-12,150203.8642076795,150203.8642076795,1.0,5
2021-09-30,1.8189894035458565e-12,149066.54816586975,149066.54816586975,1.0,5
2021-10-01,1.8189894035458565e-12,148212.59524460393,148212.59524460393,1.0,5
2021-10-04,1.8189894035458565e-12,149702.3006924363,149702.3006924363,1.0,5
2021-10-05,1.8189894035458565e-12,150966.8540175038,150966.8540175038,1.0,5
2021-10-06,1.8189894035458565e-12,149252.5218014149,149252.5218014149,1.0,5
2021-10-07,46528.629624230816,104451.71499081203,150980.34461504285,0.6918232651881564,4
2021-10-08,858.5491784202313,152348.4947969339,153207.0439753541,0.9943961507503641,5
2021-10-11,858.5491784202313,151803.2562254079,152661.80540382816,0.9943761363482557,5
2021-10-12,43785.81490359141,108251.92817049887,152037.74307409028,0.7120069397356554,4
2021-10-13,43785.81490359141,108898.02344212931,152683.83834572072,0.7132256080407963,4
2021-10-14,87724.52739826677,65256.454110659295,152980.98150892608,0.4265657957414251,3
2021-10-18,0.0,154337.6971260141,154337.6971260141,1.0,4
2021-10-19,0.0,155825.60791615595,155825.60791615595,1.0,4
2021-10-20,0.0,154531.90148541698,154531.90148541698,1.0,4
2021-10-21,0.0,152502.98627508033,152502.98627508033,1.0,4
2021-10-22,0.0,151975.84110894316,151975.84110894316,1.0,4
2021-10-25,0.0,156075.50234442184,156075.50234442184,1.0,4
2021-10-26,13783.015748182208,142363.6316877352,156146.6474359174,0.9117303126611236,3
2021-10-27,0.0,156421.28470993304,156421.28470993304,1.0,4
2021-10-28,0.0,152618.11585695893,152618.11585695893,1.0,4
2021-10-29,0.0,150693.29723032468,150693.29723032468,1.0,4
2021-11-01,0.0,151864.82848812765,151864.82848812765,1.0,4
2021-11-02,0.0,150988.17820059162,150988.17820059162,1.0,4
2021-11-03,0.0,149672.76465969553,149672.76465969553,1.0,4
2021-11-04,0.0,149970.057129959,149970.057129959,1.0,4
2021-11-08,0.0,150709.48355626746,150709.48355626746,1.0,4
2021-11-09,43899.80756161574,106978.84347035443,150878.65103197016,0.7090389709786465,3
2021-11-10,43899.80756161574,106428.64135146173,150328.44891307747,0.7079740536204203,3
2021-11-11,43899.80756161574,105610.5523258718,149510.35988748755,0.7063761494878877,3
2021-11-12,43899.80756161574,107191.86933575508,151091.6768973708,0.7094492002267291,3
2021-11-15,43899.80756161574,107205.74875794434,151105.55631956007,0.7094758880422913,3
2021-11-16,137867.7823189025,12858.026902034013,150725.8092209365,0.08530740002985483,1
2021-11-17,47126.09541778968,102990.50735740538,150116.60277519506,0.6860700645593301,3
2021-11-18,47126.09541778968,102954.02910912344,150080.1245269131,0.6859937612236003,3
2021-11-22,47126.09541778968,101602.70954003156,148728.80495782124,0.6831407646208519,3
2021-11-23,47126.09541778968,101028.23769729535,148154.33311508503,0.6819121356296577,3
2021-11-24,47126.09541778968,100513.82719949458,147639.92261728426,0.6808038463962687,3
2021-11-25,47126.09541778968,100701.56588358845,147827.66130137813,0.6812092202303525,3
2021-11-26,59535.586497659715,85538.076995957,145073.6634936167,0.5896182321177869,2
2021-11-29,59535.586497659715,85430.88006633651,144966.46656399622,0.5893147711413839,2
2021-11-30,59535.586497659715,85601.26972743755,145136.85622509726,0.5897969127474821,2
2021-12-01,59535.586497659715,86450.85481939619,145986.4413170559,0.5921841373723243,2
2021-12-02,59535.586497659715,86976.83789449964,146512.42439215936,0.5936482059821421,2
2021-12-03,59535.586497659715,86294.3898353753,145829.976333035,0.5917465805404986,2
2021-12-06,59535.586497659715,84878.8051156295,144414.39161328922,0.5877447819945587,2
2021-12-07,59535.586497659715,86781.68583913607,146317.27233679578,0.5931062304071688,2
2021-12-08,59535.586497659715,88946.5073819352,148482.0938795949,0.5990386117134265,2
2021-12-09,59535.586497659715,89296.15021774263,148831.73671540234,0.5999805699270694,2
2021-12-10,59535.586497659715,89368.44060092009,148904.0270985798,0.6001747725852639,2
2021-12-13,59535.586497659715,88762.81484769876,148298.40134535846,0.5985419535372282,2
2021-12-14,59535.586497659715,89228.05577379814,148763.64227145785,0.5997974667155461,2
2021-12-15,59535.586497659715,88395.43607478225,147931.02257244196,0.5975449539767422,2
2021-12-16,148626.01106741565,0.0,148626.01106741565,0.0,0
2021-12-17,148626.01106741565,0.0,148626.01106741565,0.0,0
2021-12-20,103859.85653391006,44518.51176948275,148378.3683033928,0.30003370625059494,1
2021-12-21,59152.63881213794,89680.71492105818,148833.35373319613,0.6025579124006234,2
2021-12-22,59152.63881213794,90283.94087590219,149436.57968804013,0.6041622544117148,2
2021-12-23,59152.63881213794,91495.24752489428,150647.88633703222,0.6073450464495693,2
2021-12-24,59152.63881213794,91743.17712894228,150895.81594108022,0.6079901987790366,2
2021-12-27,59152.63881213794,92121.97461102006,151274.613423158,0.6089718064810304,2
2021-12-28,59152.63881213794,92792.59316836775,151945.2319805057,0.610697630711261,2
2021-12-29,59152.63881213794,92584.67667669602,151737.31548883396,0.6101641931546439,2
2021-12-30,59152.63881213794,93250.68938605223,152403.32819819017,0.6118678016321667,2
2021-12-31,59152.63881213794,93181.65213611528,152334.29094825324,0.6116919017778365,2
2022-01-03,59152.63881213794,94433.3196134216,153585.95842555954,0.6148564659261595,2
2022-01-04,59152.63881213794,95283.39423147048,154436.03304360842,0.6169764423084159,2
2022-01-05,59152.63881213794,93638.83530656496,152791.4741187029,0.6128537985949232,2
2022-01-06,59152.63881213794,92309.40538977651,151462.04420191445,0.6094556948321561,2
2022-01-07,59152.63881213794,92795.14918576633,151947.7879979043,0.6107041794319914,2
2022-01-10,59152.63881213794,94024.70698815568,153177.3458002936,0.613829065237501,2
2022-01-11,59152.63881213794,94592.79888908446,153745.4377012224,0.6152559731424952,2
2022-01-12,59152.63881213794,94437.50459173945,153590.1434038774,0.6148669602020527,2
2022-01-13,12468.423864394405,142096.45555934118,154564.87942373558,0.9193321024098072,3
2022-01-14,12468.423864394405,143508.94285398122,155977.36671837562,0.9200626082699119,3
2022-01-17,60251.044657801714,96356.34196458111,156607.38662238282,0.6152732897390011,2
2022-01-18,62994.6999916566,93590.26191637405,156584.96190803064,0.5976963609784175,2
2022-01-19,7.275957614183426e-12,153334.10997741888,153334.10997741888,1.0,4
2022-01-20,7.275957614183426e-12,151131.05224652935,151131.05224652935,1.0,4
2022-01-21,7.275957614183426e-12,149935.38612592098,149935.38612592098,1.0,4
2022-01-24,7.275957614183426e-12,146671.50771011924,146671.50771011924,1.0,4
2022-01-25,7.275957614183426e-12,146425.46848589295,146425.46848589295,1.0,4
2022-01-27,7.275957614183426e-12,143584.69001150702,143584.69001150702,1.0,4
2022-01-28,7.275957614183426e-12,143297.1025266744,143297.1025266744,1.0,4
2022-01-31,7.275957614183426e-12,145943.70554967926,145943.70554967926,1.0,4
2022-02-01,7.275957614183426e-12,148443.7323926824,148443.7323926824,1.0,4
2022-02-02,7.275957614183426e-12,149501.69656953777,149501.69656953777,1.0,4
2022-02-03,7.275957614183426e-12,147413.51155554963,147413.51155554963,1.0,4
2022-02-04,7.275957614183426e-12,146913.1599289311,146913.1599289311,1.0,4
2022-02-07,7.275957614183426e-12,144761.8116276665,144761.8116276665,1.0,4
2022-02-08,7.275957614183426e-12,145368.53137612264,145368.53137612264,1.0,4
2022-02-09,7.275957614183426e-12,146915.0884134013,146915.0884134013,1.0,4
2022-02-10,7.275957614183426e-12,147904.17408895158,147904.17408895158,1.0,4
2022-02-11,44949.93749629093,100456.57596535512,145406.51346164604,0.6908670978611464,3
2022-02-14,44949.93749629093,99333.19758563697,144283.1350819279,0.6884602107462724,3
2022-02-15,44949.93749629093,102345.72057517068,147295.6580714616,0.6948318906013976,3
2022-02-16,87289.85501911206,59737.01230315429,147026.86732226633,0.4062999735430497,2
2022-02-17,146968.90230740307,0.0,146968.90230740307,0.0,0
2022-02-18,146968.90230740307,0.0,146968.90230740307,0.0,0
2022-02-21,146968.90230740307,0.0,146968.90230740307,0.0,0
2022-02-22,146968.90230740307,0.0,146968.90230740307,0.0,0
2022-02-23,146968.90230740307,0.0,146968.90230740307,0.0,0
2022-02-24,146968.90230740307,0.0,146968.90230740307,0.0,0
2022-02-25,146968.90230740307,0.0,146968.90230740307,0.0,0
2022-02-28,146968.90230740307,0.0,146968.90230740307,0.0,0
2022-03-02,146968.90230740307,0.0,146968.90230740307,0.0,0
2022-03-03,146968.90230740307,0.0,146968.90230740307,0.0,0
2022-03-04,146968.90230740307,0.0,146968.90230740307,0.0,0
2022-03-07,146968.90230740307,0.0,146968.90230740307,0.0,0
2022-03-08,146968.90230740307,0.0,146968.90230740307,0.0,0
2022-03-09,146968.90230740307,0.0,146968.90230740307,0.0,0
2022-03-10,146968.90230740307,0.0,146968.90230740307,0.0,0
2022-03-11,146968.90230740307,0.0,146968.90230740307,0.0,0
2022-03-14,146968.90230740307,0.0,146968.90230740307,0.0,0
2022-03-15,146968.90230740307,0.0,146968.90230740307,0.0,0
2022-03-16,146968.90230740307,0.0,146968.90230740307,0.0,0
2022-03-17,146968.90230740307,0.0,146968.90230740307,0.0,0
2022-03-21,146968.90230740307,0.0,146968.90230740307,0.0,0
2022-03-22,146968.90230740307,0.0,146968.90230740307,0.0,0
2022-03-23,102701.86893241326,43518.91032184862,146220.77925426187,0.29762466418110123,1
2022-03-24,102701.86893241326,43851.27371752685,146553.1426499401,0.299217559750806,1
2022-03-25,102701.86893241326,43615.36649465047,146317.23542706372,0.29808768848965767,1
2022-03-28,102701.86893241326,43553.773793666405,146255.64272607968,0.29779209185957844,1
2022-03-29,58649.669343318055,87454.72663178357,146104.39597510162,0.5985769698995721,2
2022-03-30,58649.669343318055,88710.207956025,147359.87729934306,0.6019970264756761,2
2022-03-31,58649.669343318055,88142.24379469836,146791.91313801642,0.6004570818000404,2
2022-04-01,58649.669343318055,88416.49376188233,147066.1631052004,0.6012021521132337,2
2022-04-04,58649.669343318055,88068.26645778172,146717.93580109978,0.6002556263957577,2
2022-04-05,58649.669343318055,86934.205851215,145583.87519453306,0.59714172146504,2
2022-04-06,58649.669343318055,86068.21436904086,144717.88371235892,0.5947310184559493,2
2022-04-07,0.0,142357.27372115082,142357.27372115082,1.0,4
2022-04-08,0.0,143124.72142741893,143124.72142741893,1.0,4
2022-04-11,0.0,141650.53461097425,141650.53461097425,1.0,4
2022-04-12,0.0,140181.35410126724,140181.35410126724,1.0,4
2022-04-13,0.0,139398.43943218785,139398.43943218785,1.0,4
2022-04-18,0.0,133952.22922125395,133952.22922125395,1.0,4
2022-04-19,0.0,132737.19480305864,132737.19480305864,1.0,4
2022-04-20,0.0,135517.40352740188,135517.40352740188,1.0,4
2022-04-21,0.0,138239.15337875293,138239.15337875293,1.0,4
2022-04-22,0.0,136280.87660667385,136280.87660667385,1.0,4
2022-04-25,0.0,135132.59151070306,135132.59151070306,1.0,4
2022-04-26,0.0,136654.3214704608,136654.3214704608,1.0,4
2022-04-27,0.0,135991.73042592316,135991.73042592316,1.0,4
2022-04-28,46549.71793993918,90448.70252879034,136998.4204687295,0.6602171194334,3
2022-04-29,5161.174855510057,130490.93960306497,135652.11445857503,0.9619528609921804,4
2022-05-02,5161.174855510057,130565.51817404048,135726.69302955054,0.9619737669849042,4
2022-05-04,5161.174855510057,127101.71959939916,132262.89445490923,0.9609779078495095,4
2022-05-05,5161.174855510057,126767.31200578887,131928.48686129894,0.9608789960508212,4
2022-05-06,5161.174855510057,124708.38754219358,129869.56239770364,0.9602587799618141,4
2022-05-09,5161.174855510057,122936.34541970197,128097.52027521204,0.9597090182197009,4
2022-05-10,56653.76492064161,70475.84599458976,127129.61091523137,0.5543621622627499,2
2022-05-11,56653.76492064161,70251.67654819376,126905.44146883537,0.5535749746825924,2
2022-05-12,56653.76492064161,68632.31773129155,125286.08265193316,0.5478048022457869,2
2022-05-13,56653.76492064161,68123.32007504956,124777.08499569117,0.5459601823315716,2
2022-05-16,56653.76492064161,68408.07748803866,125061.84240868027,0.5469940004921165,2
2022-05-17,56653.76492064161,71198.9347622935,127852.69968293511,0.5568825291828909,2
2022-05-18,56653.76492064161,71202.22612578607,127855.99104642768,0.5568939362405847,2
2022-05-19,56653.76492064161,69524.70911666448,126178.47403730609,0.5510029317370625,2
2022-05-20,56653.76492064161,72552.43784265927,129206.20276330088,0.5615244182631975,2
2022-05-23,91188.05779396104,37626.15122237238,128814.20901633342,0.29209627967052487,1
2022-05-24,91188.05779396104,37755.32754704823,128943.38534100927,0.29280546223599496,1
2022-05-25,91188.05779396104,37699.760653631245,128887.81844759229,0.2925005722628514,1
2022-05-26,91188.05779396104,37340.37208299608,128528.42987695712,0.2905222768125525,1
2022-05-27,91188.05779396104,37167.16982806363,128355.22762202466,0.28956490917153777,1
2022-05-30,128780.14296400826,0.0,128780.14296400826,0.0,0
2022-05-31,128780.14296400826,0.0,128780.14296400826,0.0,0
2022-06-01,128780.14296400826,0.0,128780.14296400826,0.0,0
2022-06-02,128780.14296400826,0.0,128780.14296400826,0.0,0
2022-06-03,128780.14296400826,0.0,128780.14296400826,0.0,0
2022-06-06,128780.14296400826,0.0,128780.14296400826,0.0,0
2022-06-07,128780.14296400826,0.0,128780.14296400826,0.0,0
2022-06-08,128780.14296400826,0.0,128780.14296400826,0.0,0
2022-06-09,128780.14296400826,0.0,128780.14296400826,0.0,0
2022-06-10,128780.14296400826,0.0,128780.14296400826,0.0,0
2022-06-13,89991.56390324899,38822.10730270818,128813.67120595716,0.301381887025302,1
2022-06-14,89991.56390324899,38314.76258448805,128306.32648773704,0.29861943392284723,1
2022-06-15,89991.56390324899,37851.15521126129,127842.71911451028,0.2960759554664787,1
2022-06-16,89991.56390324899,37321.94182054448,127313.50572379347,0.2931499027409896,1
2022-06-17,89991.56390324899,37759.30755802094,127750.87146126993,0.29556986285974873,1
2022-06-20,89991.56390324899,37074.83083442914,127066.39473767813,0.29177526371916174,1
2022-06-21,89991.56390324899,37673.29437868069,127664.85828192969,0.29509525867709485,1
2022-06-22,89991.56390324899,36528.8505616782,126520.41446492719,0.28871902385211035,1
2022-06-23,89991.56390324899,35936.21763509813,125927.78153834712,0.2853716407618517,1
2022-06-24,89991.56390324899,36447.93917280049,126439.50307604947,0.28826385968061086,1
2022-06-27,89991.56390324899,36340.05346473494,126331.61736798393,0.28765604542908796,1
2022-06-28,89991.56390324899,36851.042318999745,126842.60622224872,0.29052574222915895,1
2022-06-29,89991.56390324899,37615.70546048893,127607.26936373791,0.2947771365067558,1
2022-06-30,89991.56390324899,37841.68045754513,127833.24436079411,0.29602378197287627,1
2022-07-01,89991.56390324899,35116.15591327262,125107.7198165216,0.2806873625766075,1
2022-07-04,89991.56390324899,35189.05020285203,125180.61410610101,0.2811062276226443,1
2022-07-05,89991.56390324899,35474.06791628925,125465.63181953823,0.28273932392348594,1
2022-07-06,89991.56390324899,35162.07973989279,125153.64364314178,0.2809513068604904,1
2022-07-07,89991.56390324899,34815.83282844775,124807.39673169673,0.27895648607504153,1
2022-07-08,89991.56390324899,34863.94313669473,124855.50703994371,0.2792343242460349,1
2022-07-11,124499.69495393385,0.0,124499.69495393385,0.0,0
2022-07-12,124499.69495393385,0.0,124499.69495393385,0.0,0
2022-07-13,124499.69495393385,0.0,124499.69495393385,0.0,0
2022-07-14,124499.69495393385,0.0,124499.69495393385,0.0,0
2022-07-15,87000.38683380898,37248.259821772364,124248.64665558134,0.2997880526218122,1
2022-07-18,87000.38683380898,38279.62741630412,125280.0142501131,0.30555254679235133,1
2022-07-19,87000.38683380898,38708.53895997284,125708.92579378182,0.30792196111413717,1
2022-07-20,87000.38683380898,38830.01981236599,125830.40664617496,0.30859011623122934,1
2022-07-21,87000.38683380898,38973.81755079668,125974.20438460566,0.30937935064711847,1
2022-07-22,87000.38683380898,39670.486330483815,126670.8731642928,0.31317764960087535,1
2022-07-25,87000.38683380898,39712.63540450672,126713.0222383157,0.31340611014562597,1
2022-07-26,87000.38683380898,39484.54254445902,126484.929378268,0.31216796134166996,1
2022-07-27,87000.38683380898,39692.80019009255,126693.18702390153,0.313298616306844,1
2022-07-28,87000.38683380898,40391.94761497425,127392.33444878322,0.31706733211026455,1
2022-07-29,87000.38683380898,40590.287653400694,127590.67448720968,0.31812895273525393,1
2022-08-01,87000.38683380898,40828.298120655476,127828.68495446446,0.31939856171718783,1
2022-08-02,87000.38683380898,40548.1416058066,127548.52843961559,0.317903641083582,1
2022-08-03,87000.38683380898,40897.71531824745,127898.10215205644,0.3197679608226295,1
2022-08-04,87000.38683380898,40672.10412982313,127672.49096363211,0.3185659167675259,1
2022-08-05,87000.38683380898,41562.15565754757,128562.54249135655,0.3232835540751837,1
2022-08-08,87000.38683380898,41500.1743955393,128500.56122934828,0.3229571450779085,1
2022-08-10,48218.35558377095,80843.64219402807,129061.99777779903,0.6263938540081596,2
2022-08-11,48218.35558377095,81899.39172318164,130117.7473069526,0.6294252199892297,2
2022-08-12,48218.35558377095,82613.755884673,130832.11146844394,0.6314486172960606,2
2022-08-16,91750.23607751232,39705.979286967064,131456.2153644794,0.302047181085178,1
2022-08-17,52172.74153436401,79395.46956523511,131568.2110995991,0.6034548079788935,2
2022-08-18,12659.570967497079,118900.7299712158,131560.30093871287,0.9037736241315341,3
2022-08-19,12659.570967497079,117048.575461693,129708.14642919009,0.9023995692174341,3
2022-08-22,12659.570967497079,115529.9056285918,128189.47659608888,0.9012432899824843,3
2022-08-23,12659.570967497079,116525.21612010655,129184.78708760362,0.9020041658704575,3
2022-08-24,12659.570967497079,117027.46896353638,129687.03993103345,0.9023836847981932,3
2022-08-25,12659.570967497079,116659.6157765743,129319.18674407137,0.902106011596323,3
2022-08-26,12659.570967497079,116391.2911175868,129050.86208508388,0.9019024688176779,3
2022-08-29,12659.570967497079,114740.32834737678,127399.89931487385,0.9006312325553064,3
2022-08-30,12659.570967497079,117976.92503698304,130636.49600448011,0.9030931527200261,3
2022-09-01,12659.570967497079,115881.89184364467,128541.46281114174,0.9015137163477203,3
2022-09-02,12659.570967497079,115705.21666065074,128364.78762814781,0.9013781645152578,3
2022-09-05,12659.570967497079,116988.38314290553,129647.95411040261,0.9023542557662211,3
2022-09-06,12659.570967497079,117291.57334279221,129951.1443102893,0.9025820739425784,3
2022-09-07,12659.570967497079,116548.7705723485,129208.34153984557,0.9020220303377775,3
2022-09-08,12659.570967497079,118017.49721162295,130677.06817912002,0.9031232400305729,3
2022-09-09,52050.07855437437,78303.11033641617,130353.18889079054,0.6006996146601236,2
2022-09-12,12730.962465285556,117988.53325277002,130719.49571805558,0.9026085405596688,3
2022-09-13,12730.962465285556,118945.17832021561,131676.14078550116,0.9033161027552885,3
2022-09-14,12730.962465285556,119248.68840189646,131979.650867182,0.9035384441341084,3
2022-09-15,53693.95366426185,77619.06289093953,131313.01655520138,0.5910995339773496,2
2022-09-16,51895.906722406195,77851.91298232462,129747.81970473082,0.60002482630917,2
2022-09-19,51895.906722406195,77685.69560347349,129581.60232587968,0.5995117687162471,2
2022-09-20,51895.906722406195,78908.80130596228,130804.70802836848,0.6032565837679849,2
2022-09-21,51895.906722406195,78783.29814490516,130679.20486731135,0.6028755548742426,2
2022-09-22,51895.906722406195,77431.91675392135,129327.82347632755,0.5987258941854431,2
2022-09-23,51895.906722406195,75486.99548171961,127382.9022041258,0.5925991179000997,2
2022-09-26,51895.906722406195,74071.23991032928,125967.14663273547,0.5880203044234088,2
2022-09-27,51895.906722406195,73373.53973811786,125269.44646052405,0.5857257440763095,2
2022-09-28,51895.906722406195,72608.6733745306,124504.58009693678,0.5831807417686878,2
2022-09-29,51895.906722406195,72181.20206780407,124077.10879021027,0.5817447131996615,2
2022-09-30,51895.906722406195,73973.49297999646,125869.39970240265,0.5877003716145031,2
2022-10-03,51895.906722406195,73176.95022609181,125072.856948498,0.5850745878158385,2
2022-10-04,51895.906722406195,75041.45160848476,126937.35833089094,0.5911691608775427,2
2022-10-06,51895.906722406195,75384.95609422836,127280.86281663456,0.5922725099910006,2
2022-10-07,51895.906722406195,75099.06287966375,126994.96960206993,0.5913546269980735,2
2022-10-10,51895.906722406195,74652.33787303758,126548.24459544377,0.589912077498113,2
2022-10-11,88329.93895488497,37232.234131621706,125562.17308650668,0.2965242892536622,1
2022-10-12,88329.93895488497,37136.010229548,125465.94918443298,0.29598477093540854,1
2022-10-13,88329.93895488497,36505.20909373151,124835.14804861648,0.2924273304783899,1
2022-10-14,88329.93895488497,37217.26701317306,125547.20596805803,0.2964404243503591,1
2022-10-17,125472.87834947844,0.0,125472.87834947844,0.0,0
2022-10-18,125472.87834947844,0.0,125472.87834947844,0.0,0
2022-10-19,125472.87834947844,0.0,125472.87834947844,0.0,0
2022-10-20,125472.87834947844,0.0,125472.87834947844,0.0,0
2022-10-21,125472.87834947844,0.0,125472.87834947844,0.0,0
2022-10-24,125472.87834947844,0.0,125472.87834947844,0.0,0
2022-10-25,125472.87834947844,0.0,125472.87834947844,0.0,0
2022-10-27,125472.87834947844,0.0,125472.87834947844,0.0,0
2022-10-28,125472.87834947844,0.0,125472.87834947844,0.0,0
2022-10-31,125472.87834947844,0.0,125472.87834947844,0.0,0
2022-11-01,87680.44739061553,37135.066516297535,124815.51390691307,0.29751963801545317,1
2022-11-02,87680.44739061553,36975.67249981254,124656.11989042808,0.2966213975881322,1
2022-11-03,87680.44739061553,37137.11204415514,124817.55943477066,0.2975311503632059,1
2022-11-04,87680.44739061553,37000.19388864218,124680.64127925772,0.2967597335802094,1
2022-11-07,87680.44739061553,37498.816249396245,125179.26364001178,0.29956092693782455,1
2022-11-09,87680.44739061553,37212.72173850167,124893.1691291172,0.29795642145993084,1
2022-11-10,87680.44739061553,37220.89636629361,124901.34375690913,0.2980023692838346,1
2022-11-11,12065.64637275113,114437.69851507351,126503.34488782464,0.9046219182310934,3
2022-11-14,12065.64637275113,113873.99252069299,125939.63889344412,0.9041950058078242,3
2022-11-15,-1.8189894035458565e-12,126625.25157886947,126625.25157886947,1.0,4
2022-11-16,-1.8189894035458565e-12,126892.19272042203,126892.19272042203,1.0,4
2022-11-17,-1.8189894035458565e-12,126765.83003418871,126765.83003418871,1.0,4
2022-11-18,-1.8189894035458565e-12,126710.14304439585,126710.14304439585,1.0,4
2022-11-21,-1.8189894035458565e-12,125480.64878555547,125480.64878555547,1.0,4
2022-11-22,-1.8189894035458565e-12,125850.64909273568,125850.64909273568,1.0,4
2022-11-23,-1.8189894035458565e-12,125974.72491180447,125974.72491180447,1.0,4
2022-11-24,-1.8189894035458565e-12,127749.02219772227,127749.02219772227,1.0,4
2022-11-25,-1.8189894035458565e-12,127818.94328306819,127818.94328306819,1.0,4
2022-11-28,-1.8189894035458565e-12,128894.51007189736,128894.51007189736,1.0,4
2022-11-29,-1.8189894035458565e-12,129328.53058100892,129328.53058100892,1.0,4
2022-11-30,0.0,129742.19491408244,129742.19491408244,1.0,4
2022-12-01,0.0,131027.7233434577,131027.7233434577,1.0,4
2022-12-02,0.0,130147.87755626198,130147.87755626198,1.0,4
2022-12-05,0.0,129579.01089339866,129579.01089339866,1.0,4
2022-12-06,0.0,128982.14803118157,128982.14803118157,1.0,4
2022-12-07,0.0,128279.76259780463,128279.76259780463,1.0,4
2022-12-08,0.0,128252.38022015683,128252.38022015683,1.0,4
2022-12-09,38974.362461880504,87792.68634760333,126767.04880948384,0.6925513149678633,3
2022-12-12,1024.2516943883602,125804.3639937139,126828.61568810226,0.9919241277780149,4
2022-12-13,12761.247619523572,114754.26950889573,127515.5171284193,0.8999239629270226,3
2022-12-14,0.0,127597.39625543157,127597.39625543157,1.0,4
2022-12-15,0.0,125490.36095485793,125490.36095485793,1.0,4
2022-12-16,0.0,124593.66990070889,124593.66990070889,1.0,4
2022-12-19,0.0,124624.54733748622,124624.54733748622,1.0,4
2022-12-20,0.0,125079.34304510236,125079.34304510236,1.0,4
2022-12-21,0.0,124090.48987624329,124090.48987624329,1.0,4
2022-12-22,0.0,123762.43305092127,123762.43305092127,1.0,4
2022-12-23,0.0,122221.41042572922,122221.41042572922,1.0,4
2022-12-26,0.0,123936.26791648824,123936.26791648824,1.0,4
2022-12-27,0.0,124457.01368058506,124457.01368058506,1.0,4
2022-12-28,36777.51060946428,87319.89552581041,124097.4061352747,0.703639973188688,3
2022-12-29,36777.51060946428,87957.89911935033,124735.40972881461,0.7051558118947802,3
2022-12-30,36777.51060946428,86960.04112851848,123737.55173798277,0.702778096924517,3
2023-01-02,36777.51060946428,87590.49194959132,124368.0025590556,0.7042847850515196,3
2023-01-03,36777.51060946428,87701.9272892645,124479.43789872878,0.704549512511577,3
2023-01-04,36777.51060946428,86741.8821319758,123519.39274144008,0.7022531458971006,3
2023-01-05,36777.51060946428,85655.03682006405,122432.54742952833,0.6996100188911509,3
2023-01-06,72953.78430074075,49312.04131953484,122265.82562027559,0.4033182704109375,2
2023-01-09,109929.63675417489,12513.556214186487,122443.19296836137,0.10219887207139329,1
2023-01-10,109929.63675417489,12328.513238958882,122258.14999313377,0.10084001139925046,1
2023-01-11,122180.51926011455,0.0,122180.51926011455,0.0,0
2023-01-12,122180.51926011455,0.0,122180.51926011455,0.0,0
2023-01-13,122180.51926011455,0.0,122180.51926011455,0.0,0
2023-01-16,122180.51926011455,0.0,122180.51926011455,0.0,0
2023-01-17,122180.51926011455,0.0,122180.51926011455,0.0,0
2023-01-18,122180.51926011455,0.0,122180.51926011455,0.0,0
2023-01-19,122180.51926011455,0.0,122180.51926011455,0.0,0
2023-01-20,122180.51926011455,0.0,122180.51926011455,0.0,0
2023-01-23,122180.51926011455,0.0,122180.51926011455,0.0,0
2023-01-24,122180.51926011455,0.0,122180.51926011455,0.0,0
2023-01-25,85379.74685896805,35727.72492968801,121107.47178865605,0.29500842848107883,1
2023-01-27,49010.85563080645,71081.76198922342,120092.61762002987,0.5918911869680815,2
2023-01-30,49010.85563080645,71284.95865001288,120295.81428081932,0.5925805405299042,2
2023-01-31,49010.85563080645,70261.69760484438,119272.55323565082,0.5890852144837209,2
2023-02-01,49010.85563080645,71307.84773857225,120318.7033693787,0.5926580468512613,2
2023-02-02,49010.85563080645,71333.74665951179,120344.60229031823,0.5927457094205763,2
2023-02-03,49010.85563080645,72766.95547174187,121777.81110254832,0.597538704407039,2
2023-02-06,49010.85563080645,72377.86115361423,121388.71678442069,0.5962486717950327,2
2023-02-07,49010.85563080645,72564.17792560981,121575.03355641625,0.5968674307783496,2
2023-02-08,49010.85563080645,73062.60392366067,122073.45955446712,0.5985134212655076,2
2023-02-09,49010.85563080645,73207.23557132148,122218.09120212792,0.5989885364045587,2
2023-02-10,12276.589897712984,109802.3934330132,122078.98333072619,0.8994373186705342,3
2023-02-13,12276.589897712984,108314.05667899687,120590.64657670986,0.898196168225173,3
2023-02-14,12276.589897712984,109419.097646894,121695.68754460699,0.8991205839301983,3
2023-02-15,12276.589897712984,109648.89691611109,121925.48681382407,0.8993107165816865,3
2023-02-16,12276.589897712984,110020.9767600387,122297.56665775168,0.8996170550795268,3
2023-02-17,12276.589897712984,108830.09585580466,121106.68575351764,0.898629957369167,3
2023-02-20,12276.589897712984,108542.88730398778,120819.47720170076,0.8983889834482733,3
2023-02-21,12276.589897712984,107998.59918234906,120275.18908006205,0.8979291573631119,3
2023-02-22,12276.589897712984,106374.27783552831,118650.86773324129,0.8965318152976848,3
2023-02-23,47091.926191260194,71270.84640860862,118362.77259986881,0.6021390412130951,2
2023-02-24,83134.16706648361,35174.71190919964,118308.87897568326,0.297312528136027,1
2023-02-27,83134.16706648361,34236.735282760426,117370.90234924405,0.29169695893524783,1
2023-02-28,83134.16706648361,33743.36155433697,116877.52862082058,0.28870700769014995,1
2023-03-01,83134.16706648361,33936.17427578981,117070.34134227343,0.28987849430260143,1
2023-03-02,83134.16706648361,33394.029716958656,116528.19678344227,0.2865746715279446,1
2023-03-03,83134.16706648361,33556.219795279794,116690.3868617634,0.28756627428986054,1
2023-03-06,83134.16706648361,34194.76794581277,117328.93501229638,0.291443606321229,1
2023-03-08,83134.16706648361,33860.18116446812,116994.34823095173,0.2894172383235702,1
2023-03-09,83134.16706648361,33581.17147601583,116715.33854249943,0.28771858005439405,1
2023-03-10,83134.16706648361,33380.41996101396,116514.58702749758,0.286491338231634,1
2023-03-13,116215.00375203969,0.0,116215.00375203969,0.0,0
2023-03-14,116215.00375203969,0.0,116215.00375203969,0.0,0
2023-03-15,116215.00375203969,0.0,116215.00375203969,0.0,0
2023-03-16,116215.00375203969,0.0,116215.00375203969,0.0,0
2023-03-17,116215.00375203969,0.0,116215.00375203969,0.0,0
2023-03-20,116215.00375203969,0.0,116215.00375203969,0.0,0
2023-03-21,116215.00375203969,0.0,116215.00375203969,0.0,0
2023-03-22,116215.00375203969,0.0,116215.00375203969,0.0,0
2023-03-23,116215.00375203969,0.0,116215.00375203969,0.0,0
2023-03-24,116215.00375203969,0.0,116215.00375203969,0.0,0
2023-03-27,116215.00375203969,0.0,116215.00375203969,0.0,0
2023-03-28,116215.00375203969,0.0,116215.00375203969,0.0,0
2023-03-29,116215.00375203969,0.0,116215.00375203969,0.0,0
2023-03-31,116215.00375203969,0.0,116215.00375203969,0.0,0
2023-04-03,116215.00375203969,0.0,116215.00375203969,0.0,0
2023-04-05,116215.00375203969,0.0,116215.00375203969,0.0,0
2023-04-06,116215.00375203969,0.0,116215.00375203969,0.0,0
2023-04-10,116215.00375203969,0.0,116215.00375203969,0.0,0
2023-04-11,116215.00375203969,0.0,116215.00375203969,0.0,0
2023-04-12,116215.00375203969,0.0,116215.00375203969,0.0,0
2023-04-13,81211.04462192534,35173.591483172895,116384.63610509824,0.3022185114829956,1
2023-04-17,81211.04462192534,35263.57905942002,116474.62368134536,0.3027576131595423,1
2023-04-18,81211.04462192534,35089.47126023732,116300.51588216265,0.3017138057735743,1
2023-04-19,81211.04462192534,34895.80322866759,116106.84785059292,0.3005490535198384,1
2023-04-20,81211.04462192534,34993.61633067864,116204.66095260397,0.30113780328442574,1
2023-04-21,46208.43349618358,69631.40490094645,115839.83839713002,0.601100673692511,2
2023-04-24,46208.43349618358,70661.7382858874,116870.17178207097,0.6046173904634202,2
2023-04-25,46208.43349618358,70500.8007348804,116709.23423106398,0.6040721730321791,2
2023-04-26,46208.43349618358,70719.28728608906,116927.72078227263,0.6048119882347932,2
2023-04-27,46208.43349618358,71044.48624111124,117252.91973729481,0.6059080353844188,2
2023-04-28,46208.43349618358,71154.96506947579,117363.39856565936,0.6062790098027699,2
2023-05-02,46208.43349618358,71321.75996277586,117530.19345895943,0.606837765375421,2
2023-05-03,46208.43349618358,71474.34744415976,117682.78094034333,0.6073475394874641,2
2023-05-04,46208.43349618358,72153.1471166054,118361.58061278897,0.6095993881042279,2
2023-05-05,46208.43349618358,70224.77842286808,116433.21191905165,0.6031335670074166,2
2023-05-08,46208.43349618358,71045.90539584233,117254.3388920259,0.6059128051650627,2
2023-05-09,46208.43349618358,70910.01250552971,117118.44600171328,0.6054555445902381,2
2023-05-10,10930.001231377617,106364.33823186162,117294.33946323924,0.9068156120628212,3
2023-05-11,10930.001231377617,106280.54123724325,117210.54246862087,0.9067489920174735,3
2023-05-12,10930.001231377617,106826.55695735736,117756.55818873498,0.9071813799630633,3
2023-05-15,47706.749456511585,70132.49734740486,117839.24680391644,0.5951539851922575,2
2023-05-16,12218.545369448715,104247.92625243274,116466.47162188144,0.8950895893101555,3
2023-05-17,12218.545369448715,103597.9904908214,115816.53586027012,0.8945008562146073,3
2023-05-18,12218.545369448715,103926.75918918867,116145.30455863738,0.8947994891753887,3
2023-05-19,12218.545369448715,104368.1423177197,116586.68768716842,0.8951977656125357,3
2023-05-22,46442.92891414221,70003.81036980666,116446.73928394887,0.6011659132773677,2
2023-05-23,11326.664067227102,104992.61683153379,116319.28089876089,0.9026243630487595,3
2023-05-24,11326.664067227102,104383.08065922093,115709.74472644803,0.902111407349444,3
2023-05-25,11326.664067227102,104244.86960744832,115571.53367467542,0.9019943431821996,3
2023-05-26,11326.664067227102,105962.21698392156,117288.88105114867,0.9034293450008476,3
2023-05-29,11326.664067227102,105975.85656997045,117302.52063719755,0.9034405739476042,3
2023-05-30,11326.664067227102,105989.75082191589,117316.414889143,0.9034520098663932,3
2023-05-31,11326.664067227102,104971.2212426588,116297.8853098859,0.9026064486293434,3
2023-06-01,11326.664067227102,104756.82209116289,116083.48615838999,0.9024265686527329,3
2023-06-02,11326.664067227102,104524.83508900291,115851.49915623001,0.9022311825939112,3
2023-06-05,11326.664067227102,104979.29654837205,116305.96061559915,0.9026132108167468,3
2023-06-06,11326.664067227102,104237.10834140977,115563.77240863687,0.9019877611196726,3
2023-06-07,46281.827161814275,69629.51787075525,115911.34503256953,0.6007135699373543,2
2023-06-08,11453.968277162108,103738.35693995314,115192.32521711526,0.9005665676461205,3
2023-06-09,11453.968277162108,103211.691764218,114665.66004138012,0.9001098648625172,3
2023-06-12,11453.968277162108,103561.8034071436,115015.77168430571,0.9004139335899004,3
2023-06-13,46136.87604315854,69211.9083830273,115348.78442618584,0.6000228674045324,2
2023-06-14,46136.87604315854,69718.78564133149,115855.66168449003,0.6017727975279862,2
2023-06-15,11259.682092138493,103578.38799183215,114838.07008397064,0.9019516604214498,3
2023-06-16,11259.682092138493,103765.0270511352,115024.70914327369,0.9021107536284787,3
2023-06-19,11259.682092138493,103378.18257469026,114637.86466682875,0.9017804272186818,3
2023-06-20,45126.70056305616,69575.22985857978,114701.93042163595,0.606574184085885,2
2023-06-21,45126.70056305616,69643.50963141976,114770.21019447592,0.6068082433012031,2
2023-06-22,45126.70056305616,69283.62004118261,114410.32060423878,0.6055714176419826,2
2023-06-23,45126.70056305616,68913.30381829254,114040.0043813487,0.6042906100551092,2
2023-06-26,45126.70056305616,68793.39442118067,113920.09498423683,0.6038740964067809,2
2023-06-27,45126.70056305616,69125.28076107032,114251.98132412648,0.6050247878412346,2
2023-06-28,45126.70056305616,69632.62679976068,114759.32736281684,0.6067709562257537,2
2023-06-30,45126.70056305616,69814.60848572353,114941.30904877969,0.6073935390460453,2
2023-07-03,45126.70056305616,71014.1745761477,116140.87513920387,0.6114485919882359,2
2023-07-04,45126.70056305616,70720.51891103835,115847.21947409451,0.6104636713085091,2
2023-07-05,45126.70056305616,71152.8300358445,116279.53059890066,0.61191191320923,2
2023-07-06,45126.70056305616,71955.4818314378,117082.18239449397,0.6145724341641727,2
2023-07-07,81455.57877051689,34948.73146767943,116404.31023819631,0.3002357163249745,1
2023-07-10,11342.521015180086,105359.94465166132,116702.46566684141,0.9028082144591498,3
2023-07-11,11342.521015180086,105448.34186552031,116790.8628807004,0.9028817774317992,3
2023-07-12,11342.521015180086,105142.85322634927,116485.37424152935,0.9026270801031067,3
2023-07-13,11342.521015180086,105410.07403456804,116752.59504974812,0.9028499451310092,3
2023-07-14,46642.474506500505,70159.52041488804,116801.99492138854,0.6006705661329469,2
2023-07-17,11402.24821337247,106526.68227682804,117928.93049020051,0.9033125445471588,3
2023-07-18,11402.24821337247,106857.15830789832,118259.4065212708,0.9035827377391616,3
2023-07-19,-1.8189894035458565e-12,118303.45679268255,118303.45679268255,1.0,5
2023-07-20,-1.8189894035458565e-12,118299.08876869545,118299.08876869545,1.0,5
2023-07-21,-1.8189894035458565e-12,115492.41065803256,115492.41065803256,1.0,5
2023-07-24,-1.8189894035458565e-12,115080.31396478452,115080.31396478452,1.0,5
2023-07-25,-1.8189894035458565e-12,115492.39869385258,115492.39869385258,1.0,5
2023-07-26,-1.8189894035458565e-12,115892.84665095226,115892.84665095226,1.0,5
2023-07-27,-1.8189894035458565e-12,115259.80605229219,115259.80605229219,1.0,5
2023-07-28,-1.8189894035458565e-12,114561.48835558633,114561.48835558633,1.0,5
2023-07-31,-1.8189894035458565e-12,115755.17414034776,115755.17414034776,1.0,5
2023-08-01,-1.8189894035458565e-12,115800.85347055204,115800.85347055204,1.0,5
2023-08-02,-1.8189894035458565e-12,114775.9420183792,114775.9420183792,1.0,5
2023-08-03,-1.8189894035458565e-12,113874.10069254294,113874.10069254294,1.0,5
2023-08-04,-1.8189894035458565e-12,115364.13296854842,115364.13296854842,1.0,5
2023-08-07,70146.89635205115,45816.56632132611,115963.46267337725,0.39509484509248466,3
2023-08-08,70146.89635205115,45695.9934835512,115842.88983560234,0.39446524122801463,3
2023-08-09,35287.96174711454,80256.86724286908,115544.82898998362,0.6945950584238296,4
2023-08-10,35287.96174711454,79675.07210111913,114963.03384823367,0.693049491076416,4
2023-08-11,654.894797243418,113948.16531719103,114603.06011443445,0.9942855383042173,5
2023-08-14,34924.09739043397,79826.14473590396,114750.24212633792,0.6956512095897526,4
2023-08-16,34924.09739043397,79776.48524480687,114700.58263524083,0.6955194421156862,4
2023-08-17,45851.27166083255,68120.8028085729,113972.07446940546,0.5976973142386662,2
2023-08-18,45851.27166083255,68239.30364402315,114090.57530485571,0.598115168248423,2
2023-08-21,45851.27166083255,67711.78633163663,113563.05799246917,0.5962483533696924,2
2023-08-22,11615.46113967109,101481.17218987996,113096.63332955106,0.8972961369608153,3
2023-08-23,11615.46113967109,101762.70118782826,113378.16232749936,0.8975511606360388,3
2023-08-24,11615.46113967109,100926.52568424278,112541.98682391387,0.8967899761904421,3
2023-08-25,11615.46113967109,100331.9981589609,111947.45929863199,0.8962418512001635,3
2023-08-28,11615.46113967109,100280.56576240403,111896.02690207513,0.8961941593347521,3
2023-08-29,11615.46113967109,100231.45093823975,111846.91207791085,0.8961485755495874,3
2023-08-30,11615.46113967109,100104.90311350541,111720.36425317649,0.8960309410256795,3
2023-08-31,-1.8189894035458565e-12,111031.2115704536,111031.2115704536,1.0,4
2023-09-01,-1.8189894035458565e-12,111468.80321546023,111468.80321546023,1.0,4
2023-09-04,-1.8189894035458565e-12,112214.5889181424,112214.5889181424,1.0,4
2023-09-05,-1.8189894035458565e-12,112407.67775062536,112407.67775062536,1.0,4
2023-09-06,-1.8189894035458565e-12,112903.65607302202,112903.65607302202,1.0,4
2023-09-07,33378.259762840746,79599.85029318571,112978.11005602646,0.7045599386793752,3
2023-09-08,33378.259762840746,79714.03089376181,113092.29065660256,0.7048582218199853,3
2023-09-11,66643.92193448104,46810.38579732813,113454.30773180917,0.4125924059929186,2
2023-09-12,66643.92193448104,48013.52696540514,114657.44889988618,0.4187562816553544,2
2023-09-13,66643.92193448104,47861.480215813586,114505.40215029463,0.41798447337002287,2
2023-09-14,66643.92193448104,47852.57870146601,114496.50063594704,0.4179392246547169,2
2023-09-15,66643.92193448104,48273.68236887316,114917.6043033542,0.42007212612475386,2
2023-09-18,66643.92193448104,48192.79714573883,114836.71908021986,0.41966365402753686,2
2023-09-20,102404.97913482526,12013.362200382657,114418.34133520792,0.10499507386833616,1
2023-09-21,33497.33776249426,79984.96052518336,113482.29828767761,0.7048232343904552,3
2023-09-22,33497.33776249426,79800.1251138551,113297.46287634937,0.7043416779857409,3
2023-09-25,33497.33776249426,79581.2249816497,113078.56274414397,0.7037693356760585,3
2023-09-26,33497.33776249426,79286.26806457466,112783.60582706891,0.7029946195029824,3
2023-09-27,33497.33776249426,79175.77826439249,112673.11602688674,0.7027033693245786,3
2023-09-28,33497.33776249426,78433.65439470646,111930.99215720073,0.7007322358453756,3
2023-09-29,44995.75639763436,67077.5465713503,112073.30296898467,0.598514943294867,2
2023-10-03,44995.75639763436,66530.2774490756,111526.03384670996,0.5965448169753798,2
2023-10-04,44995.75639763436,66399.88576740265,111395.64216503702,0.5960725615193152,2
2023-10-05,44995.75639763436,67271.52802284012,112267.28442047449,0.5992086507667557,2
2023-10-06,44995.75639763436,67730.34614395353,112726.1025415879,0.6008399529200955,2
2023-10-09,11026.745372668513,101738.65267527633,112765.39804794485,0.902215169160488,3
2023-10-10,11026.745372668513,102544.5165997174,113571.26197238592,0.9029090178169403,3
2023-10-11,11026.745372668513,102412.03559881935,113438.78097148787,0.9027956288119843,3
2023-10-12,11026.745372668513,101140.77357716058,112167.5189498291,0.9016939531523326,3
2023-10-13,11026.745372668513,100514.74036876384,111541.48574143235,0.9011422046302132,3
2023-10-16,11026.745372668513,100139.99313589622,111166.73850856474,0.9008089513049897,3
2023-10-17,11026.745372668513,100256.66944870108,111283.4148213696,0.9009129492443373,3
2023-10-18,11026.745372668513,99668.00468336375,110694.75005603227,0.9003860131841219,3
2023-10-19,11026.745372668513,98926.30553180247,109953.05090447099,0.8997140572093016,3
2023-10-20,76397.07580674485,32964.102479681715,109361.17828642656,0.3014241707724274,1
2023-10-23,76397.07580674485,32534.51305853306,108931.58886527791,0.29866922347722663,1
2023-10-25,76397.07580674485,31642.99892230741,108040.07472905226,0.292882053272021,1
2023-10-26,76397.07580674485,31398.176567824834,107795.25237456968,0.2912760615720037,1
2023-10-27,76397.07580674485,31880.88845895323,108277.96426569807,0.29443561000761204,1
2023-10-30,76397.07580674485,31804.672572584357,108201.7483793292,0.29393861974470925,1
2023-10-31,76397.07580674485,31604.889569440616,108001.96537618546,0.2926325410779009,1
2023-11-01,76397.07580674485,31275.76820994826,107672.84401669311,0.2904703455692078,1
2023-11-02,76397.07580674485,31645.307982009854,108042.3837887547,0.2928971656519816,1
2023-11-03,76397.07580674485,32081.82740163055,108478.9032083754,0.29574254949835804,1
2023-11-06,76397.07580674485,32410.94876112291,108808.02456786776,0.29787277997044187,1
2023-11-07,108602.4669419126,0.0,108602.4669419126,0.0,0
2023-11-08,108602.4669419126,0.0,108602.4669419126,0.0,0
2023-11-09,108602.4669419126,0.0,108602.4669419126,0.0,0
2023-11-10,108602.4669419126,0.0,108602.4669419126,0.0,0
2023-11-13,108602.4669419126,0.0,108602.4669419126,0.0,0
2023-11-15,108602.4669419126,0.0,108602.4669419126,0.0,0
2023-11-16,108602.4669419126,0.0,108602.4669419126,0.0,0
2023-11-17,108602.4669419126,0.0,108602.4669419126,0.0,0
2023-11-20,108602.4669419126,0.0,108602.4669419126,0.0,0
2023-11-21,108602.4669419126,0.0,108602.4669419126,0.0,0
2023-11-22,108602.4669419126,0.0,108602.4669419126,0.0,0
2023-11-23,108602.4669419126,0.0,108602.4669419126,0.0,0
2023-11-24,108602.4669419126,0.0,108602.4669419126,0.0,0
2023-11-28,108602.4669419126,0.0,108602.4669419126,0.0,0
2023-11-29,75891.40389900852,32481.96890588805,108373.37280489657,0.29972278305266914,1
2023-11-30,75891.40389900852,32167.391577432965,108058.79547644149,0.29768415829182515,1
2023-12-01,75891.40389900852,32395.37689807427,108286.7807970828,0.2991628032490831,1
2023-12-04,75891.40389900852,32745.807955560056,108637.21185456858,0.30142349381532824,1
2023-12-05,75891.40389900852,32983.26376091953,108874.66765992806,0.3029470901710886,1
2023-12-06,10229.095221791402,98140.67409785482,108369.76931964622,0.9056093291882925,3
2023-12-07,0.0,108141.97145672588,108141.97145672588,1.0,4
2023-12-08,0.0,109135.24187490881,109135.24187490881,1.0,4
2023-12-11,0.0,109323.26915366318,109323.26915366318,1.0,4
2023-12-12,0.0,108387.06983981936,108387.06983981936,1.0,4
2023-12-13,0.0,108202.00908206441,108202.00908206441,1.0,4
2023-12-14,0.0,109994.54838714872,109994.54838714872,1.0,4
2023-12-15,0.0,111201.03868496644,111201.03868496644,1.0,4
2023-12-18,0.0,110916.17817223232,110916.17817223232,1.0,4
2023-12-19,0.0,111126.92579261382,111126.92579261382,1.0,4
2023-12-20,0.0,110354.70934220894,110354.70934220894,1.0,4
2023-12-21,0.0,111351.10826418556,111351.10826418556,1.0,4
2023-12-22,0.0,110928.96271390529,110928.96271390529,1.0,4
2023-12-26,0.0,111231.08175020074,111231.08175020074,1.0,4
2023-12-27,0.0,112156.9955903617,112156.9955903617,1.0,4
2023-12-28,1053.10361757403,110782.1712001219,111835.27481769593,0.9905834396232253,4
2023-12-29,0.0,111406.56736954922,111406.56736954922,1.0,5
2024-01-01,0.0,111490.95858023432,111490.95858023432,1.0,5
2024-01-02,0.0,110603.24638696577,110603.24638696577,1.0,5
2024-01-03,0.0,109013.62629553872,109013.62629553872,1.0,5
2024-01-04,65038.78188514433,43833.64554744892,108872.42743259325,0.40261475362609944,3
2024-01-05,42629.98251796453,66564.39180293395,109194.37432089848,0.6095954321540019,3
2024-01-08,9761.931367697114,98273.25181936052,108035.18318705764,0.909641182809911,4
2024-01-09,9761.931367697114,98261.25814145678,108023.18950915389,0.9096311503848914,4
2024-01-10,9761.931367697114,98397.53902289989,108159.47039059701,0.909745015092587,4
2024-01-11,9761.931367697114,97939.08655438863,107701.01792208574,0.909360825403162,4
2024-01-12,9761.931367697114,101633.28363166514,111395.21499936224,0.9123666903667901,4
2024-01-15,9761.931367697114,103291.46632464162,113053.39769233874,0.9136520302179414,4
2024-01-16,9761.931367697114,102584.0353972271,112345.9667649242,0.9131083059873147,4
2024-01-17,9761.931367697114,100222.15532524505,109984.08669294216,0.9112423291293872,4
2024-01-18,9761.931367697114,99443.33690513269,109205.2682728298,0.9106093366914436,4
2024-01-19,9761.931367697114,99854.92851955783,109616.85988725495,0.9109449825716808,4
2024-01-23,9761.931367697114,97872.84453138398,107634.77589908108,0.9093050430387857,4
2024-01-24,1.8189894035458565e-12,108442.0408973163,108442.0408973163,1.0,5
2024-01-25,1.8189894035458565e-12,107731.85583245358,107731.85583245358,1.0,5
2024-01-29,33373.85456804065,74392.11293302373,107765.96750106438,0.6903117436614576,4
2024-01-30,2048.52373116351,105228.30658099704,107276.83031216056,0.9809043227209212,4
2024-01-31,0.0,108094.32396700088,108094.32396700088,1.0,5
2024-02-01,0.0,108381.85746888338,108381.85746888338,1.0,5
2024-02-02,0.0,109755.63056701787,109755.63056701787,1.0,5
2024-02-05,0.0,109626.42314940439,109626.42314940439,1.0,5
2024-02-06,27870.56825486742,83956.17441057738,111826.7426654448,0.7507700967536131,4
2024-02-07,64742.95952608751,46459.668363733064,111202.62788982058,0.4177928997304384,3
2024-02-08,31222.84670763331,79862.51415464797,111085.36086228129,0.7189292408534188,4
2024-02-09,31222.84670763331,79629.35943052928,110852.20613816258,0.718338066553965,4
2024-02-12,31222.84670763331,79580.12321840908,110802.9699260424,0.7182129077544256,4
2024-02-13,31222.84670763331,80154.79922789769,111377.645935531,0.7196668465617767,4
2024-02-14,31222.84670763331,79425.12664884585,110647.97335647917,0.7178181781329028,4
2024-02-15,31222.84670763331,79578.25060003166,110801.09730766498,0.7182081453495371,4
2024-02-16,31222.84670763331,80336.82668302933,111559.67339066265,0.7201242549510134,4
2024-02-19,31222.84670763331,80304.34275882877,111527.18946646209,0.7200427370491346,4
2024-02-20,31222.84670763331,79440.35081452024,110663.19752215355,0.7178569984715755,4
2024-02-21,31222.84670763331,78548.99027116905,109771.83697880237,0.7155659633020203,4
2024-02-22,41156.752943088046,69953.76619922472,111110.51914231275,0.6295872500570934,3
2024-02-23,7484.353315306289,102850.58976928175,110334.94308458804,0.9321669717129557,4
2024-02-26,7484.353315306289,101856.59206380349,109340.94537910978,0.931550314574688,4
2024-02-27,41340.73903295091,68100.27585680349,109441.0148897544,0.6222555220764758,3
2024-02-28,10463.072562974201,98733.02838751233,109196.10095048652,0.9041808959120388,3
2024-02-29,-1.8189894035458565e-12,109173.1639580596,109173.1639580596,1.0,4
2024-03-01,-1.8189894035458565e-12,110100.10004166028,110100.10004166028,1.0,4
2024-03-04,-1.8189894035458565e-12,109925.86687348905,109925.86687348905,1.0,4
2024-03-05,-1.8189894035458565e-12,108585.29957078787,108585.29957078787,1.0,4
2024-03-06,-1.8189894035458565e-12,109525.37851514097,109525.37851514097,1.0,4
2024-03-07,31658.911532723716,77618.36659846964,109277.27813119336,0.7102882495415427,3
2024-03-11,31658.911532723716,77351.18703182122,109010.09856454493,0.7095781771632979,3
2024-03-12,31658.911532723716,77917.36005891254,109576.27159163626,0.7110787666630174,3
2024-03-13,31658.911532723716,77484.89065025846,109143.80218298218,0.7099339504441415,3
2024-03-14,31658.911532723716,77939.57091050691,109598.48244323063,0.7111373184467014,3
2024-03-15,31658.911532723716,77837.01040723706,109495.92193996077,0.7108667521875103,3
2024-03-18,31658.911532723716,77478.73204854349,109137.64358126721,0.7099175821113497,3
2024-03-19,31658.911532723716,76056.6696049745,107715.5811376982,0.7060879104179688,3
2024-03-20,31658.911532723716,76154.11060275284,107813.02213547655,0.7063535470423833,3
2024-03-21,31658.911532723716,76137.34269919459,107796.25423191831,0.7063078698021256,3
2024-03-22,31658.911532723716,75934.24107622987,107593.15260895359,0.7057534725486875,3
2024-03-26,65406.4117576572,41395.78665081517,106802.19840847238,0.3875930202531424,2
2024-03-27,33197.214210457794,73548.9477745049,106746.16198496269,0.6890078894346171,3
2024-03-28,33197.214210457794,74066.16994781491,107263.3841582727,0.6905074879842167,3
2024-04-01,64375.26676709473,43115.10373505826,107490.37050215299,0.40110666223998814,2
2024-04-02,74889.58552259824,32006.86631016203,106896.45183276027,0.2994193517314947,1
2024-04-03,42747.655801413945,63676.06121798279,106423.71701939673,0.5983258525576326,2
2024-04-04,42747.655801413945,63537.52245490452,106285.17825631847,0.5978022852977369,2
2024-04-05,42747.655801413945,63611.19439512228,106358.85019653622,0.5980808769329278,2
2024-04-08,42747.655801413945,64281.124430098804,107028.78023151275,0.6005966272908374,2
2024-04-09,42747.655801413945,64387.991928559946,107135.64772997389,0.6009950309988725,2
2024-04-10,42747.655801413945,64801.54823917519,107549.20404058913,0.6025293149981756,2
2024-04-12,42747.655801413945,64385.14549264297,107132.80129405692,0.6009844297445313,2
2024-04-15,42747.655801413945,63563.760150146656,106311.4159515606,0.5979015478366749,2
2024-04-16,42747.655801413945,63249.22904312349,105996.88484453743,0.5967083762498238,2
2024-04-18,42747.655801413945,62875.04816536689,105622.70396678083,0.5952796681397362,2
2024-04-19,42747.655801413945,63349.651332049296,106097.30713346324,0.5970900962864186,2
2024-04-22,42747.655801413945,64134.01852076017,106881.6743221741,0.6000469110115229,2
2024-04-23,42747.655801413945,63797.23380309103,106544.88960450498,0.5987826731052667,2
2024-04-24,42747.655801413945,63792.0095236455,106539.66532505944,0.5987629990108561,2
2024-04-25,42747.655801413945,64506.94755710431,107254.60335851824,0.6014375657283256,2
2024-04-26,42747.655801413945,64173.38646156096,106921.0422629749,0.6001941722914088,2
2024-04-29,75416.68561582419,31645.583666291863,107062.26928211605,0.29558110320736514,1
2024-04-30,43150.17451686501,63561.610359090104,106711.78487595511,0.5956381521776247,2
2024-05-02,43150.17451686501,63248.504721068035,106398.67923793304,0.5944482128356985,2
2024-05-03,43150.17451686501,62617.43966054713,105767.61417741214,0.5920284781645362,2
2024-05-06,74033.96534470162,31759.770526260207,105793.73587096183,0.30020464127477325,1
2024-05-07,74033.96534470162,31360.79865896358,105394.7640036652,0.2975555660229286,1
2024-05-08,74033.96534470162,31114.211621514085,105148.1769662157,0.2959082365404313,1
2024-05-09,74033.96534470162,30911.95403995962,104945.91938466123,0.2945512719428105,1
2024-05-10,74033.96534470162,30949.360294800466,104983.32563950209,0.2948026280009094,1
2024-05-13,74033.96534470162,31252.74328501148,105286.7086297131,0.2968346498030009,1
2024-05-14,74033.96534470162,31046.33245924864,105080.29780395026,0.29545341142039966,1
2024-05-15,74033.96534470162,31151.614494234243,105185.57983893587,0.29615860407799977,1
2024-05-16,74033.96534470162,31337.248952593163,105371.21429729478,0.2973985747585495,1
2024-05-17,74033.96534470162,31322.00911676017,105355.9744614618,0.2972969428346701,1
2024-05-21,74033.96534470162,31057.41228663188,105091.3776313335,0.2955276920584583,1
2024-05-22,74033.96534470162,30784.505585966155,104818.47093066777,0.29369351902040797,1
2024-05-23,74033.96534470162,31432.834447558085,105466.7997922597,0.2980353486544774,1
2024-05-24,74033.96534470162,31362.18194632614,105396.14729102777,0.2975647853590561,1
2024-05-27,74033.96534470162,31302.616036718813,105336.58138142043,0.2971675710964364,1
2024-05-28,74033.96534470162,31223.65028282875,105257.61562753037,0.2966402962548406,1
2024-05-29,74033.96534470162,30532.378634825043,104566.34397952666,0.2919904959171477,1
2024-05-30,104306.23692814396,0.0,104306.23692814396,0.0,0
2024-05-31,104306.23692814396,0.0,104306.23692814396,0.0,0
2024-06-03,104306.23692814396,0.0,104306.23692814396,0.0,0
2024-06-04,72889.198365387,28955.586002375916,101844.78436776291,0.28431093631478366,1
2024-06-05,72889.198365387,29960.90586718223,102850.10423256923,0.29130651923729023,1
2024-06-06,72889.198365387,30008.1990472778,102897.3974126648,0.2916322453417499,1
2024-06-07,72889.198365387,30313.575887977197,103202.77425336419,0.29372830437248676,1
2024-06-10,72889.198365387,30370.33034322023,103259.52870860722,0.29411649194064843,1
2024-06-11,41820.395035048015,61339.024150443154,103159.41918549116,0.5946042022604774,2
2024-06-12,41820.395035048015,61561.45817947841,103381.85321452643,0.5954764425796564,2
2024-06-13,41820.395035048015,61363.0124982914,103183.40753333941,0.5946984497334468,2
2024-06-14,10667.954685245033,92825.94749074511,103493.90217599014,0.8969219010883916,3
2024-06-18,10667.954685245033,93580.89407959374,104248.84876483877,0.8976683693715461,3
2024-06-19,10667.954685245033,94687.71174979267,105355.6664350377,0.8987434179269048,3
2024-06-20,0.0,106186.99129403211,106186.99129403211,1.0,4
2024-06-21,0.0,105875.02035297886,105875.02035297886,1.0,4
2024-06-24,0.0,106009.21815177787,106009.21815177787,1.0,4
2024-06-25,0.0,107907.72515137133,107907.72515137133,1.0,4
2024-06-26,0.0,109508.74384467927,109508.74384467927,1.0,4
2024-06-27,0.0,110031.2934641473,110031.2934641473,1.0,4
2024-06-28,0.0,109926.43431195557,109926.43431195557,1.0,4
2024-07-01,0.0,110740.79308841974,110740.79308841974,1.0,4
2024-07-02,0.0,110989.70615667824,110989.70615667824,1.0,4
2024-07-03,32215.10290113689,79346.22581046204,111561.32871159894,0.7112341411384829,3
2024-07-04,0.0,110941.19181242528,110941.19181242528,1.0,5
2024-07-05,0.0,110045.50357984827,110045.50357984827,1.0,5
2024-07-08,0.0,110097.47632306091,110097.47632306091,1.0,5
2024-07-09,0.0,110005.97225234155,110005.97225234155,1.0,5
2024-07-10,32286.04354648859,76897.76879084205,109183.81233733063,0.7042964258590028,4
2024-07-11,3.637978807091713e-12,108966.66766903568,108966.66766903568,1.0,5
2024-07-12,3.637978807091713e-12,110707.019159438,110707.019159438,1.0,5
2024-07-15,33730.79198344963,76861.33065196144,110592.12263541107,0.6949982405650185,4
2024-07-16,400.5392049050206,109953.02164393899,110353.560848844,0.9963704007208825,5
2024-07-18,400.5392049050206,110982.09581456256,111382.63501946759,0.9964039349146748,5
2024-07-19,13270.65800090483,97783.0221683535,111053.68016925834,0.8805023122090249,4
2024-07-22,0.0,110484.2445059789,110484.2445059789,1.0,5
2024-07-23,0.0,109803.34568666632,109803.34568666632,1.0,5
2024-07-24,0.0,109626.71283873315,109626.71283873315,1.0,5
2024-07-25,0.0,109477.1844541832,109477.1844541832,1.0,5
2024-07-26,0.0,110634.61619603222,110634.61619603222,1.0,5
2024-07-29,0.0,110593.38599968834,110593.38599968834,1.0,5
2024-07-30,0.0,110595.34245756186,110595.34245756186,1.0,5
2024-07-31,0.0,110524.38295327613,110524.38295327613,1.0,5
2024-08-01,0.0,111056.10315371146,111056.10315371146,1.0,5
2024-08-02,33001.10735825322,77462.30247450933,110463.40983276255,0.7012485183264244,3
2024-08-05,44.58218084432883,107185.88145968431,107230.46364052864,0.9995842395963727,4
2024-08-06,44.58218084432883,107198.7202816001,107243.30246244442,0.9995842893698659,4
2024-08-07,44.58218084432883,108347.35714868635,108391.93932953068,0.9995886946841241,4
2024-08-08,44.58218084432883,107828.30983635795,107872.89201720228,0.9995867156241883,4
2024-08-09,32626.590954350333,76461.93082927632,109088.52178362665,0.7009163712103088,3
2024-08-12,32626.590954350333,76116.40369271606,108742.9946470664,0.6999660432357744,3
2024-08-13,32626.590954350333,76189.33841133962,108815.92936568995,0.7001671433168165,3
2024-08-14,62994.83939714442,46648.20396077837,109643.04335792278,0.4254552093058769,2
2024-08-16,62994.83939714442,47845.762854927685,110840.6022520721,0.4316627831570018,2
2024-08-19,62994.83939714442,48461.36034378515,111456.19974092956,0.434801836563865,2
2024-08-20,76743.71654169272,35026.73521487354,111770.45175656625,0.3133809934951417,1
2024-08-21,43090.81762948821,68721.02831298597,111811.84594247417,0.6146131273813519,2
2024-08-22,43090.81762948821,68472.68170634095,111563.49933582917,0.6137552345881877,2
2024-08-23,43090.81762948821,67853.20350691956,110944.02113640777,0.611598559452724,2
2024-08-26,43090.81762948821,68402.87769978118,111493.6953292694,0.6135134143484077,2
2024-08-27,43090.81762948821,68789.95762771086,111880.77525719907,0.6148505627492468,2
2024-08-28,43090.81762948821,69556.02948836016,112646.84711784837,0.6174698295425202,2
2024-08-29,43090.81762948821,69497.76975073357,112588.58738022178,0.6172718866791831,2
2024-08-30,43090.81762948821,70007.62991612416,113098.44754561238,0.618997266853643,2
2024-09-02,43090.81762948821,70126.22841320143,113217.04604268965,0.6193963794706286,2
2024-09-03,77960.09244098465,34701.30510112802,112661.39754211267,0.3080141544325928,1
2024-09-04,44134.97079406027,68072.90698517242,112207.87777923269,0.6066678056161515,2
2024-09-05,44134.97079406027,68239.34685345215,112374.31764751242,0.6072503778621408,2
2024-09-06,44134.97079406027,67535.34783048974,111670.31862455001,0.6047743810739207,2
2024-09-09,44134.97079406027,67352.45970669718,111487.43050075744,0.6041260382823119,2
2024-09-10,44134.97079406027,68106.69394349403,112241.6647375543,0.6067862063765934,2
2024-09-11,44134.97079406027,67853.78979928278,111988.76059334305,0.6058982119257084,2
2024-09-12,10253.96293124037,102994.5092507895,113248.47218202987,0.9094560594622534,3
2024-09-13,0.0,113032.80218969546,113032.80218969546,1.0,4
2024-09-16,0.0,113443.61265174006,113443.61265174006,1.0,4
2024-09-17,0.0,113557.52532448331,113557.52532448331,1.0,4
2024-09-18,34517.989256279565,78164.55037750499,112682.53963378456,0.6936704713218022,3
2024-09-19,470.4186211739361,111592.19667959641,112062.61530077035,0.995802180594203,4
2024-09-20,470.4186211739361,113178.20222693405,113648.620848108,0.9958607626061502,4
2024-09-23,470.4186211739361,112552.07167954175,113022.4903007157,0.995837831745502,4
2024-09-24,470.4186211739361,112571.68162887351,113042.10025004746,0.9958385537765718,4
2024-09-25,470.4186211739361,112749.59674905182,113220.01537022577,0.9958450931168337,4
2024-09-26,470.4186211739361,113139.31464377497,113609.73326494891,0.9958593457826639,4
2024-09-27,470.4186211739361,112576.73032081785,113047.14894199179,0.9958387396269911,4
2024-09-30,470.4186211739361,110679.7532980723,111150.17191924623,0.9957677202558382,4
2024-10-01,470.4186211739361,111338.50827502055,111808.92689619449,0.9957926559691366,4
2024-10-03,32419.422370096272,78114.7701048659,110534.19247496217,0.706702318584,3
2024-10-04,32419.422370096272,77953.01653850489,110372.43890860117,0.7062724835052107,3
2024-10-07,32419.422370096272,77837.08197056237,110256.50434065865,0.7059636294115561,3
2024-10-08,32419.422370096272,78366.46591739226,110785.88828748853,0.7073686651681835,3
2024-10-09,32419.422370096272,78537.6069258193,110957.02929591558,0.7078200220768739,3
2024-10-10,32419.422370096272,78099.30229032735,110518.72466042363,0.7066612696653244,3
2024-10-11,66003.3125761565,44419.569202036815,110422.88177819332,0.40226779528596707,2
2024-10-14,76066.49563228953,34769.217800941755,110835.71343323129,0.31370049169112924,1
2024-10-15,42676.89815943104,67838.53210141606,110515.43026084709,0.613837650917146,2
2024-10-16,42676.89815943104,67450.97946490254,110127.87762433357,0.6124787013056787,2
2024-10-17,42676.89815943104,67779.75594827515,110456.65410770618,0.6136321663535379,2
2024-10-18,76156.17824840822,33018.042172838366,109174.22042124659,0.3024344212895581,1
2024-10-21,76156.17824840822,33937.79987545629,110093.97812386451,0.3082620907500822,1
2024-10-22,76156.17824840822,33660.00930013181,109816.18754854004,0.3065122733864139,1
2024-10-23,76156.17824840822,34077.18883835333,110233.36708676154,0.30913678624669194,1
2024-10-24,76156.17824840822,34349.09125808607,110505.26950649428,0.31083668146764176,1
2024-10-25,76156.17824840822,34226.391393903265,110382.56964231149,0.310070616264977,1
2024-10-28,76156.17824840822,34045.77575593715,110201.95400434537,0.3089398555908972,1
2024-10-29,76156.17824840822,34392.28065168572,110548.45890009394,0.31110592579826996,1
2024-10-30,42917.226829104635,66863.84655246246,109781.0733815671,0.6090653378844564,2
2024-10-31,42917.226829104635,66387.84256188042,109305.06939098505,0.6073628874833847,2
2024-11-01,42917.226829104635,66408.00464742079,109325.23147652543,0.6074352987917531,2
2024-11-04,42917.226829104635,65587.46691587375,108504.69374497839,0.6044666332133595,2
2024-11-05,42917.226829104635,66933.96207066816,109851.1888997728,0.609314862597783,2
2024-11-06,42917.226829104635,67024.19786289321,109941.42469199785,0.6096355222852738,2
2024-11-07,42917.226829104635,66262.03344133179,109179.26027043643,0.6069104450534021,2
2024-11-08,42917.226829104635,65920.77693245976,108838.0037615644,0.6056779309998642,2
2024-11-11,42917.226829104635,66414.72112625036,109331.94795535499,0.6074594148214608,2
2024-11-12,77565.94086023961,31771.261526303624,109337.20238654324,0.29058052367191256,1
2024-11-13,44633.57550141279,63473.46618939197,108107.04169080476,0.5871353539664088,2
2024-11-14,44633.57550141279,63772.54728370506,108406.12278511786,0.5882744041138223,2
2024-11-18,44633.57550141279,63920.99539530938,108554.57089672217,0.5888374378645301,2
2024-11-19,44633.57550141279,64522.03317114452,109155.60867255731,0.5911014006132873,2
2024-11-21,44633.57550141279,64538.229343933395,109171.8048453462,0.5911620627263501,2
2024-11-22,44633.57550141279,65309.93414076214,109943.50964217493,0.5940317382383151,2
2024-11-25,44633.57550141279,66646.80635163053,111280.38185304332,0.5989088574448296,2
2024-11-26,44633.57550141279,66745.87213774944,111379.44763916223,0.5992656055719283,2
2024-11-27,44633.57550141279,67150.70126399375,111784.27676540654,0.6007168736701495,2
2024-11-28,44633.57550141279,66425.99035204988,111059.56585346267,0.5981113814157668,2
2024-11-29,76589.06334128605,34316.3106483323,110905.37398961835,0.30941972795244876,1
2024-12-02,76589.06334128605,34481.58039462892,111070.64373591497,0.31044729043448605,1
2024-12-03,43030.997404960064,68432.72156583966,111463.71897079973,0.6139461539388171,2
2024-12-04,9435.57380052095,103053.08023283508,112488.65403335603,0.916119773308666,3
2024-12-05,9435.57380052095,104535.81887071965,113971.39267124061,0.9172110335815707,3
2024-12-06,9435.57380052095,104004.1098246157,113439.68362513665,0.9168229891075776,3
2024-12-09,9435.57380052095,104160.72062273114,113596.29442325208,0.916937662021222,3
2024-12-10,0.0,113625.55058015008,113625.55058015008,1.0,4
2024-12-11,0.0,113538.92041623997,113538.92041623997,1.0,4
2024-12-12,0.0,113785.82647790916,113785.82647790916,1.0,4
2024-12-13,35443.595856209184,78871.6961082213,114315.29196443048,0.6899487789679306,3
2024-12-16,1052.8480132867553,112607.4318753153,113660.27988860206,0.9907368870258049,4
2024-12-17,1052.8480132867553,111014.79908480801,112067.64709809476,0.9906052456659041,4
2024-12-18,1052.8480132867553,110260.70828279312,111313.55629607987,0.9905416011461684,4
2024-12-19,1052.8480132867553,108497.44368734048,109550.29170062723,0.9903893636708525,4
2024-12-20,1052.8480132867553,107227.13971651025,108279.98772979701,0.9902766149557197,4
2024-12-23,1052.8480132867553,107901.57795426558,108954.42596755234,0.9903368036320038,4
2024-12-24,1052.8480132867553,107950.39352492393,109003.24153821068,0.9903411311587675,4
2024-12-26,1052.8480132867553,107729.29657765574,108782.1445909425,0.990321499753054,4
2024-12-27,1052.8480132867553,108140.84802060967,109193.69603389643,0.9903579780561698,4
2024-12-30,1052.8480132867553,107337.40208739074,108390.2501006775,0.9902865062834635,4
2024-12-31,1052.8480132867553,106288.93983449014,107341.7878477769,0.9901916296123201,4
2025-01-01,33774.18769889964,73767.04416005769,107541.23185895733,0.6859419674195734,3
2025-01-02,65606.49702182051,42432.690071004436,108039.18709282496,0.39275277066410336,2
2025-01-03,65606.49702182051,41521.926310151495,107128.42333197201,0.38759019332789396,2
2025-01-06,65606.49702182051,40806.815135988596,106413.31215780911,0.3834747204886621,2
2025-01-07,65606.49702182051,40826.148174071524,106432.64519589204,0.38358670968789643,2
2025-01-08,74923.44008261776,31116.88494118937,106040.32502380713,0.29344388499566854,1
2025-01-09,74923.44008261776,30630.195790993184,105553.63587361094,0.29018607968814575,1
2025-01-10,74923.44008261776,30427.254701416336,105350.6947840341,0.2888187378715568,1
2025-01-13,74923.44008261776,29951.584479826124,104875.02456244388,0.2855931105121466,1
2025-01-14,104920.76321815101,0.0,104920.76321815101,0.0,0
2025-01-15,104920.76321815101,0.0,104920.76321815101,0.0,0
2025-01-16,104920.76321815101,0.0,104920.76321815101,0.0,0
2025-01-17,104920.76321815101,0.0,104920.76321815101,0.0,0
2025-01-20,104920.76321815101,0.0,104920.76321815101,0.0,0
2025-01-21,104920.76321815101,0.0,104920.76321815101,0.0,0
2025-01-22,104920.76321815101,0.0,104920.76321815101,0.0,0
2025-01-23,104920.76321815101,0.0,104920.76321815101,0.0,0
2025-01-24,104920.76321815101,0.0,104920.76321815101,0.0,0
2025-01-27,104920.76321815101,0.0,104920.76321815101,0.0,0
2025-01-28,104920.76321815101,0.0,104920.76321815101,0.0,0
2025-01-29,104920.76321815101,0.0,104920.76321815101,0.0,0
2025-01-30,104920.76321815101,0.0,104920.76321815101,0.0,0
2025-01-31,104920.76321815101,0.0,104920.76321815101,0.0,0
2025-02-01,104920.76321815101,0.0,104920.76321815101,0.0,0
2025-02-03,104920.76321815101,0.0,104920.76321815101,0.0,0
2025-02-04,104920.76321815101,0.0,104920.76321815101,0.0,0
2025-02-05,104920.76321815101,0.0,104920.76321815101,0.0,0
2025-02-06,104920.76321815101,0.0,104920.76321815101,0.0,0
2025-02-07,104920.76321815101,0.0,104920.76321815101,0.0,0
2025-02-10,104920.76321815101,0.0,104920.76321815101,0.0,0
2025-02-11,104920.76321815101,0.0,104920.76321815101,0.0,0
2025-02-12,104920.76321815101,0.0,104920.76321815101,0.0,0
2025-02-13,104920.76321815101,0.0,104920.76321815101,0.0,0
2025-02-14,104920.76321815101,0.0,104920.76321815101,0.0,0
2025-02-17,104920.76321815101,0.0,104920.76321815101,0.0,0
2025-02-18,104920.76321815101,0.0,104920.76321815101,0.0,0
2025-02-19,104920.76321815101,0.0,104920.76321815101,0.0,0
2025-02-20,104920.76321815101,0.0,104920.76321815101,0.0,0
2025-02-21,104920.76321815101,0.0,104920.76321815101,0.0,0
2025-02-24,104920.76321815101,0.0,104920.76321815101,0.0,0
2025-02-25,104920.76321815101,0.0,104920.76321815101,0.0,0
2025-02-27,104920.76321815101,0.0,104920.76321815101,0.0,0
2025-02-28,104920.76321815101,0.0,104920.76321815101,0.0,0
2025-03-03,73318.62933684394,30784.215099404064,104102.84443624801,0.29570964430521535,1
2025-03-04,73318.62933684394,30937.090481843512,104255.71981868744,0.29674238052019236,1
2025-03-05,73318.62933684394,30575.253166266393,103893.88250311033,0.29429310397896663,1
2025-03-06,73318.62933684394,30596.96252180914,103915.59185865308,0.2944405355784087,1
2025-03-07,73318.62933684394,30561.684266932254,103880.31360377619,0.2942009241857092,1
2025-03-10,73318.62933684394,30530.023501819254,103848.6528386632,0.2939857443240017,1
2025-03-11,73318.62933684394,30493.839770261544,103812.46910710548,0.293739663766213,1
2025-03-12,73318.62933684394,30957.896569185137,104276.52590602907,0.29688270011108236,1
2025-03-13,73318.62933684394,30875.57769649946,104194.2070333434,0.29632720067267176,1
2025-03-17,73318.62933684394,30944.327669850994,104262.95700669492,0.2967911956291821,1
2025-03-18,73318.62933684394,30944.327669850994,104262.95700669492,0.2967911956291821,1
2025-03-19,73318.62933684394,31554.022663206553,104872.6520000505,0.30087941957633874,1
2025-03-20,73318.62933684394,31999.987596351293,105318.61693319523,0.3038398008649244,1
2025-03-21,73318.62933684394,32028.93413990152,105347.56347674546,0.3040310860817547,1
2025-03-24,41540.80689934647,64267.931107160824,105808.7380065073,0.607397199116091,2
2025-03-25,41540.80689934647,64318.70038075873,105859.5072801052,0.6075854879106029,2
2025-03-26,41540.80689934647,63867.063811164015,105407.87071051048,0.6059041263300623,2
2025-03-27,41540.80689934647,64224.69641328858,105765.50331263505,0.6072367114204061,2
2025-03-28,41540.80689934647,64549.36351818381,106090.17041753029,0.6084386825296089,2
2025-04-01,41540.80689934647,62759.579514188226,104300.3864135347,0.601719530216852,2
2025-04-02,73447.93168716974,31074.65976156229,104522.59144873203,0.2973008928582134,1
2025-04-03,42031.113472166544,62568.200252681985,104599.31372484853,0.5981702749720654,2
2025-04-04,42031.113472166544,63096.838552231544,105127.95202439808,0.600190884890329,2
2025-04-07,42031.113472166544,60935.13814277723,102966.25161494377,0.5917971877878241,2
2025-04-08,42031.113472166544,61424.580207531835,103455.69367969838,0.5937283683748136,2
2025-04-09,42031.113472166544,61372.67836988617,103403.79184205271,0.593524446991574,2
2025-04-11,42031.113472166544,62359.437745160634,104390.55121732719,0.5973666870992625,2
2025-04-15,42031.113472166544,64280.909809921126,106312.02328208767,0.6046438382548562,2
2025-04-16,42031.113472166544,64655.78465633369,106686.89812850024,0.6060330348948594,2
2025-04-17,42031.113472166544,66334.13054246528,108365.24401463183,0.6121347406693297,2
2025-04-21,42031.113472166544,66764.89684344755,108796.0103156141,0.613670452158719,2
2025-04-22,42031.113472166544,67529.16761264196,109560.2810848085,0.6163654103841604,2
2025-04-23,42031.113472166544,67049.47724313254,109080.59071529908,0.6146783474810109,2
2025-04-24,42031.113472166544,66418.20648793186,108449.31996009841,0.6124354353938689,2
2025-04-25,74812.34102728212,33577.34200558283,108389.68303286495,0.3097835611845254,1
2025-04-28,42165.3684977832,66789.07187170631,108954.44036948952,0.6129999993135593,2
2025-04-29,9355.698920722243,99974.96553871714,109330.66445943937,0.914427494180344,3
2025-04-30,9355.698920722243,100321.13332930944,109676.83225003167,0.9146975826271684,3
2025-05-02,9355.698920722243,100691.1567935279,110046.85571425015,0.914984404960961,3
2025-05-05,9355.698920722243,101210.85094616353,110566.54986688576,0.9153840023769773,3
2025-05-06,9355.698920722243,100924.24858385023,110279.94750457248,0.9151640970781716,3
2025-05-07,43197.69702321456,66719.5026459179,109917.19966913247,0.6069978387982389,2
2025-05-08,10081.980473430129,99285.66609391043,109367.64656734056,0.907815695135925,3
2025-05-09,10081.980473430129,96842.6388494769,106924.61932290703,0.9057094564631271,3
2025-05-12,10081.980473430129,100773.8242161286,110855.80468955873,0.9090532020252456,3
2025-05-13,10081.980473430129,99280.1280951736,109362.10856860373,0.9078110270057054,3
2025-05-14,10081.980473430129,99183.23365725066,109265.21413068079,0.9077292754730512,3
2025-05-15,10081.980473430129,100854.09474847013,110936.07522190026,0.9091190088232018,3
2025-05-16,10081.980473430129,100995.7467374495,111077.72721087963,0.9092349049032159,3
2025-05-19,10081.980473430129,100575.73179256165,110657.71226599178,0.9088903948312638,3
2025-05-20,10081.980473430129,99538.16126509453,109620.14173852466,0.9080280292149363,3
2025-05-21,10081.980473430129,99998.96726368727,110080.9477371174,0.9084130298595653,3
2025-05-22,10081.980473430129,99350.44608229004,109432.42655572017,0.9078702648680038,3
2025-05-23,10081.980473430129,100174.48501137953,110256.46548480965,0.9085588275562928,3
2025-05-26,10081.980473430129,100726.37832932654,110808.35880275667,0.9090142604550577,3
2025-05-27,43549.454848160945,66399.85974844644,109949.31459660738,0.6039133576417519,2
2025-05-28,44232.76001159992,65495.55032498864,109728.31033658856,0.5968883520039892,2
2025-05-29,11140.556782485364,98717.8132355377,109858.37001802307,0.8985916432161002,3
2025-05-30,11140.556782485364,98840.59218745728,109981.14896994265,0.8987048518148322,3
2025-06-02,11140.556782485364,98563.36824898334,109703.92503146871,0.8984488770179401,3
2025-06-03,11140.556782485364,97959.06654512159,109099.62332760695,0.8978863863807097,3
2025-06-04,11140.556782485364,98502.49255689756,109643.04933938292,0.898392494101459,3
2025-06-05,43878.123280722066,66730.23498050008,110608.35826122215,0.603301920664117,2
2025-06-06,10615.169561163813,100589.07049965684,111204.24006082065,0.9045434818370407,3
2025-06-09,10615.169561163813,100150.30108301825,110765.47064418206,0.9041653549664092,3
2025-06-10,10615.169561163813,99407.66061812962,110022.83017929344,0.9035184829924361,3
2025-06-11,10615.169561163813,99580.56404750085,110195.73360866467,0.9036698680290002,3
2025-06-12,10615.169561163813,99159.05874461017,109774.22830577398,0.9032999846594643,3
2025-06-13,10615.169561163813,98192.7768305738,108807.94639173761,0.9024412286677448,3
2025-06-16,10615.169561163813,98972.66083367249,109587.8303948363,0.9031355076296501,3
2025-06-17,10615.169561163813,98635.66866976235,109250.83823092617,0.9028367220512645,3
2025-06-18,10615.169561163813,98442.37570552727,109057.54526669109,0.9026645104178229,3
2025-06-19,10615.169561163813,98511.3867228263,109126.55628399011,0.9027260648311949,3
2025-06-20,10615.169561163813,100139.4391134959,110754.60867465971,0.9041559562334265,3
2025-06-23,10615.169561163813,99483.15644479851,110098.32600596233,0.9035846415994648,3
2025-06-24,10615.169561163813,99647.04452340415,110262.21408456797,0.9037279484246319,3
2025-06-25,42803.096130788195,67996.17381249253,110799.26994328073,0.6136879227390258,2
2025-06-26,76956.75327709004,34456.33179953567,111413.08507662572,0.309266472388211,1
2025-06-27,43444.30421511219,68073.85655291622,111518.1607680284,0.6104284368042823,2
2025-06-30,43444.30421511219,67516.01625407903,110960.32046919123,0.6084699104021175,2
2025-07-01,43444.30421511219,68315.53683563738,111759.84105074957,0.6112708840075716,2
2025-07-02,43444.30421511219,67657.02041530624,111101.32463041843,0.6089668205160393,2
2025-07-03,43444.30421511219,67653.50511638122,111097.80933149341,0.6089544476481695,2
2025-07-04,77173.80353570747,34000.03046059701,111173.83399630449,0.3058276326219639,1
2025-07-07,43692.93884736239,67636.79272776589,111329.73157512827,0.6075357568083489,2
2025-07-08,43692.93884736239,67784.69553273244,111477.63438009482,0.6080564582274264,2
2025-07-09,43692.93884736239,67534.93676713736,111227.87561449976,0.6071763610877906,2
2025-07-10,43692.93884736239,67411.03518190623,111103.97402926863,0.6067382897046314,2
2025-07-11,43692.93884736239,66544.04772191842,110236.98656928082,0.6036453806735489,2
2025-07-14,43692.93884736239,66276.30482110943,109969.24366847181,0.6026803732588628,2
2025-07-15,43692.93884736239,66523.72542309004,110216.66427045243,0.6035722988299886,2
2025-07-16,43692.93884736239,66541.59022014104,110234.52906750343,0.603636544583898,2
2025-07-17,43692.93884736239,66179.18492317451,109872.12377053691,0.6023291682373122,2
2025-07-18,43692.93884736239,65675.68424054573,109368.62308790811,0.6004984097473464,2
2025-07-21,43692.93884736239,65343.099383356326,109036.03823071872,0.5992798385162459,2
2025-07-22,43692.93884736239,65102.02375712358,108794.96260448598,0.5983918942441845,2
2025-07-23,43692.93884736239,65653.08370899885,109346.02255636125,0.6004158374865319,2
2025-07-24,10726.456721848845,97740.90947884122,108467.36620069007,0.901108904018169,3
2025-07-25,41743.54004086697,66210.21187379888,107953.75191466585,0.6133201551543668,2
2025-07-28,41743.54004086697,66525.00374689502,108268.54378776198,0.6144444306677246,2
2025-07-29,41743.54004086697,66696.07929616462,108439.61933703159,0.6150526874211208,2
2025-07-30,41743.54004086697,66682.6290350433,108426.16907591026,0.6150049347252886,2
2025-07-31,41743.54004086697,66533.13509889922,108276.67513976619,0.6144733850851684,2
2025-08-01,41743.54004086697,66216.241756771,107959.78179763797,0.6133417524026502,2
2025-08-04,75309.97102455812,32294.40014998313,107604.37117454124,0.30012163815909976,1
2025-08-05,42967.34175064697,63948.913790561564,106916.25554120853,0.5981215248032499,2
2025-08-06,42967.34175064697,64056.1229134888,107023.46466413577,0.5985241004345322,2
2025-08-07,42967.34175064697,64147.07468602696,107114.41643667393,0.5988649970748869,2
2025-08-08,42967.34175064697,63701.30993446254,106668.65168510951,0.5971886672244773,2
2025-08-11,42967.34175064697,64068.65255882359,107035.99430947055,0.5985710972477488,2
2025-08-12,42967.34175064697,63329.65602265103,106296.997773298,0.5957802887125336,2
2025-08-13,42967.34175064697,63471.82221604219,106439.16396668916,0.5963201875195686,2
2025-08-14,42967.34175064697,63790.419587153454,106757.76133780042,0.5975248898795217,2
2025-08-18,42967.34175064697,64154.24118243314,107121.58293308012,0.5988918332406543,2
2025-08-19,42967.34175064697,63989.05928852651,106956.40103917348,0.5982723676826981,2
2025-08-20,42967.34175064697,63816.22472432467,106783.56647497164,0.597622151338073,2
2025-08-21,42967.34175064697,64204.76890559791,107172.11065624488,0.5990809410438417,2
2025-08-22,74717.09164739547,31858.635772495658,106575.72741989113,0.29892956439300467,1
2025-08-25,74717.09164739547,31850.527598778768,106567.61924617423,0.29887622360412447,1
2025-08-26,74717.09164739547,31569.985975895146,106287.07762329062,0.29702562796756427,1
2025-08-28,74717.09164739547,31064.03474824048,105781.12639563595,0.2936633008808842,1
2025-08-29,74717.09164739547,30862.951644154702,105580.04329155017,0.29231804308821246,1
2025-09-01,74717.09164739547,30830.518949287143,105547.61059668261,0.2921005864083119,1
2025-09-02,74717.09164739547,30632.680302408873,105349.77194980434,0.29077120657654887,1
2025-09-03,74717.09164739547,30955.386012247996,105672.47765964347,0.2929370702554268,1
2025-09-04,105734.39815910098,0.0,105734.39815910098,0.0,0
2025-09-05,105734.39815910098,0.0,105734.39815910098,0.0,0
2025-09-08,105734.39815910098,0.0,105734.39815910098,0.0,0
2025-09-09,105734.39815910098,0.0,105734.39815910098,0.0,0
2025-09-10,105734.39815910098,0.0,105734.39815910098,0.0,0
2025-09-11,105734.39815910098,0.0,105734.39815910098,0.0,0
2025-09-12,105734.39815910098,0.0,105734.39815910098,0.0,0
2025-09-15,105734.39815910098,0.0,105734.39815910098,0.0,0
2025-09-16,105734.39815910098,0.0,105734.39815910098,0.0,0
2025-09-17,105734.39815910098,0.0,105734.39815910098,0.0,0
2025-09-18,105734.39815910098,0.0,105734.39815910098,0.0,0
2025-09-19,105734.39815910098,0.0,105734.39815910098,0.0,0
2025-09-22,105734.39815910098,0.0,105734.39815910098,0.0,0
2025-09-23,105734.39815910098,0.0,105734.39815910098,0.0,0
2025-09-24,105734.39815910098,0.0,105734.39815910098,0.0,0
2025-09-25,105734.39815910098,0.0,105734.39815910098,0.0,0
2025-09-26,105734.39815910098,0.0,105734.39815910098,0.0,0
2025-09-29,105734.39815910098,0.0,105734.39815910098,0.0,0
2025-09-30,105734.39815910098,0.0,105734.39815910098,0.0,0
2025-10-01,105734.39815910098,0.0,105734.39815910098,0.0,0
2025-10-03,105734.39815910098,0.0,105734.39815910098,0.0,0
2025-10-06,105734.39815910098,0.0,105734.39815910098,0.0,0
2025-10-07,105734.39815910098,0.0,105734.39815910098,0.0,0
2025-10-08,105734.39815910098,0.0,105734.39815910098,0.0,0
2025-10-09,105734.39815910098,0.0,105734.39815910098,0.0,0
2025-10-10,105734.39815910098,0.0,105734.39815910098,0.0,0
2025-10-13,105734.39815910098,0.0,105734.39815910098,0.0,0
2025-10-14,105734.39815910098,0.0,105734.39815910098,0.0,0
2025-10-15,105734.39815910098,0.0,105734.39815910098,0.0,0
2025-10-16,105734.39815910098,0.0,105734.39815910098,0.0,0
2025-10-17,105734.39815910098,0.0,105734.39815910098,0.0,0
2025-10-20,105734.39815910098,0.0,105734.39815910098,0.0,0
2025-10-21,105734.39815910098,0.0,105734.39815910098,0.0,0
2025-10-23,105734.39815910098,0.0,105734.39815910098,0.0,0
2025-10-24,42039.996708058556,62965.79321778468,105005.78992584324,0.599641155618677,2
2025-10-27,42039.996708058556,63934.04285518238,105974.03956324093,0.6032991015410825,2
2025-10-28,42039.996708058556,64014.12130341149,106054.11801147004,0.6035986391069529,2
2025-10-29,42039.996708058556,64527.488870324334,106567.48557838288,0.605508223452104,2
2025-10-30,42039.996708058556,63879.69761153248,105919.69431959104,0.6030955623681139,2
2025-10-31,42039.996708058556,63493.33638682636,105533.33309488492,0.6016424813356323,2
2025-11-03,42039.996708058556,63624.00387250254,105664.00058056109,0.6021351029955929,2
2025-11-04,42039.996708058556,63138.06466175146,105178.06136981002,0.6002969045013641,2
2025-11-06,42039.996708058556,63622.39020703625,105662.3869150948,0.6021290268424481,2
2025-11-07,42039.996708058556,63152.700799108876,105192.69750716744,0.6003525177667954,2
2025-11-10,42039.996708058556,63468.927404274,105508.92411233255,0.6015503232380639,2
2025-11-11,42039.996708058556,63784.52057572762,105824.51728378618,0.602738592274215,2
2025-11-12,42039.996708058556,64111.45132655224,106151.4480346108,0.6039620986201585,2
2025-11-13,42039.996708058556,64008.90767905911,106048.90438711767,0.6035791510433993,2
2025-11-14,42039.996708058556,64276.471623468904,106316.46833152746,0.6045768132838564,2
2025-11-17,42039.996708058556,64481.404477832184,106521.40118589075,0.605337554331505,2
2025-11-18,42039.996708058556,64376.83011179805,106416.82681985661,0.6049497249225044,2
2025-11-19,42039.996708058556,64433.34758512929,106473.34429318784,0.6051594228852614,2
2025-11-20,42039.996708058556,65541.1006955012,107581.09740355975,0.6092250616262306,2
2025-11-21,42039.996708058556,65147.55879536836,107187.5555034269,0.6077903212680834,2
2025-11-24,107061.98424557046,0.0,107061.98424557046,0.0,0
2025-11-25,42567.84493603881,63862.38687893895,106430.23181497777,0.6000399114977,2
2025-11-26,42567.84493603881,64944.997032291794,107512.84196833061,0.6040673452890608,2
2025-11-27,42567.84493603881,64988.216412664435,107556.06134870325,0.6042264433797804,2
2025-11-28,10167.07449553907,97183.81259891836,107350.88709445743,0.9052911925488504,3
2025-12-01,10167.07449553907,97059.00889305593,107226.083388595,0.9051809580818796,3
2025-12-02,10167.07449553907,96189.60766262322,106356.6821581623,0.9044058700475474,3
2025-12-03,10167.07449553907,96740.05717929735,106907.13167483642,0.9048980705378687,3
2025-12-04,10167.07449553907,96957.30406839323,107124.3785639323,0.905090936051766,3
2025-12-05,10167.07449553907,97640.55361357132,107807.62810911039,0.9056924387089832,3
2025-12-08,10167.07449553907,97572.99341816973,107740.0679137088,0.9056333015895063,3
2025-12-09,10167.07449553907,96853.32078544558,107020.39528098465,0.904998720394882,3
2025-12-10,10167.07449553907,96483.81329566738,106650.88779120645,0.9046695746645499,3
2025-12-11,10167.07449553907,97261.29552274777,107428.37001828683,0.9053595014630829,3
2025-12-12,10167.07449553907,97544.29474905574,107711.36924459481,0.9056081584809185,3
2025-12-15,10167.07449553907,97542.61157616769,107709.68607170676,0.9056066834251988,3
2025-12-16,10167.07449553907,96907.72459834177,107074.79909388084,0.905046989753165,3
2025-12-17,10167.07449553907,96809.78550377427,106976.85999931334,0.9049600586930264,3
2025-12-18,10167.07449553907,97183.62510746357,107350.69960300263,0.9052910271368675,3
2025-12-19,10167.07449553907,98047.43230527815,108214.50680081722,0.906047028294895,3
2025-12-22,10167.07449553907,99382.8092365943,109549.88373213337,0.9071922840155708,3
2025-12-23,74654.44181124584,34401.8220459724,109056.26385721823,0.3154502165140458,1
2025-12-24,74654.44181124584,34300.77921016364,108955.22102140947,0.3148153790943493,1
2025-12-26,74654.44181124584,34150.245748938556,108804.6875601844,0.3138674124683152,1
2025-12-29,108707.1100397931,0.0,108707.1100397931,0.0,0
2025-12-30,108707.1100397931,0.0,108707.1100397931,0.0,0
2025-12-31,108707.1100397931,0.0,108707.1100397931,0.0,0
