Date,Cash,Market_Value,Portfolio_Equity,Exposure,Active_Positions
2019-10-29,100000.0,0.0,100000.0,0.0,0
2019-10-30,39640.0,59490.10762521534,99130.10762521534,0.6001214873097048,2
2019-10-31,9619.785126187253,87876.05397840454,97495.8391045918,0.9013313263977623,3
2019-11-01,9619.785126187253,87905.08857766057,97524.87370384783,0.9013607015231878,3
2019-11-04,9619.785126187253,88361.06623324266,97980.85135942991,0.9018197434221271,3
2019-11-05,9619.785126187253,88079.48954235077,97699.27466853803,0.9015367805050337,3
2019-11-06,9619.785126187253,89008.53887609247,98628.32400227973,0.9024642746036635,3
2019-11-07,9619.785126187253,89521.56181217702,99141.34693836428,0.9029689889913657,3
2019-11-08,9619.785126187253,89746.50816054149,99366.29328672875,0.9031886487057673,3
2019-11-11,9619.785126187253,90065.15687975603,99684.94200594329,0.9034981118250165,3
2019-11-13,9619.785126187253,90104.28486371462,99724.06998990188,0.9035359755457096,3
2019-11-14,1.8189894035458565e-12,100709.63508027204,100709.63508027204,1.0,4
2019-11-15,1.8189894035458565e-12,100946.18851271603,100946.18851271603,1.0,4
2019-11-18,1.8189894035458565e-12,100144.5110719682,100144.5110719682,1.0,4
2019-11-19,1.8189894035458565e-12,100907.65542041064,100907.65542041064,1.0,4
2019-11-20,1.8189894035458565e-12,101803.1539575108,101803.1539575108,1.0,4
2019-11-21,1.8189894035458565e-12,102082.00059225912,102082.00059225912,1.0,4
2019-11-22,1.8189894035458565e-12,101527.44077922936,101527.44077922936,1.0,4
2019-11-25,1.8189894035458565e-12,102088.64387856454,102088.64387856454,1.0,4
2019-11-26,1.8189894035458565e-12,102811.60775783435,102811.60775783435,1.0,4
2019-11-27,1.8189894035458565e-12,102793.44830723977,102793.44830723977,1.0,4
2019-11-28,63408.65178078822,39102.3964290077,102511.04820979592,0.3814456793864984,2
2019-11-29,31485.32521776338,69627.43816448044,101112.76338224382,0.6886117621102179,3
2019-12-02,658.9591155993039,100517.33171151293,101176.29082711224,0.9934870204253156,4
2019-12-03,658.9591155993039,100159.39166605094,100818.35078165025,0.9934638970932339,4
2019-12-04,658.9591155993039,100865.50955490048,101524.46867049977,0.9935093566681155,4
2019-12-05,658.9591155993039,100802.66892998712,101461.62804558643,0.9935053366647809,4
2019-12-06,658.9591155993039,100705.70680469631,101364.6659202956,0.9934991240821782,4
2019-12-09,658.9591155993039,100800.10515621671,101459.06427181602,0.9935051725508338,4
2019-12-10,658.9591155993039,100673.72476980713,101332.68388540644,0.9934970723133663,4
2019-12-11,658.9591155993039,101080.21718699594,101739.17630259524,0.99352305434792,4
2019-12-12,9571.315995342235,92731.30623439827,102302.6222297405,0.906441146993789,3
2019-12-13,9571.315995342235,93124.0686952851,102695.38469062732,0.9067989664367481,3
2019-12-16,9571.315995342235,92782.13307574735,102353.44907108958,0.9064876066003944,3
2019-12-17,9571.315995342235,93150.25447788755,102721.57047322977,0.9068227252440946,3
2019-12-18,9571.315995342235,93931.68297886229,103502.99897420451,0.9075261964368043,3
2019-12-19,9571.315995342235,94437.16400747263,104008.48000281486,0.9079756189583466,3
2019-12-20,9571.315995342235,94767.76914689917,104339.0851422414,0.9082672041613742,3
2019-12-23,9571.315995342235,94081.03004644442,103652.34604178664,0.9076594369462354,3
2019-12-24,9571.315995342235,93265.81018573038,102837.12618107261,0.9069274263995929,3
2019-12-26,9571.315995342235,92072.9950678601,101644.31106320233,0.905835202233888,3
2019-12-27,9571.315995342235,93340.06627948128,102911.38227482351,0.9069945832640538,3
2019-12-30,71948.9195599778,30839.74863903333,102788.66819901112,0.30003062768868544,1
2019-12-31,71634.51440954092,30502.310752598256,102136.82516213917,0.29864165744506693,1
2020-01-01,9950.562343944679,91751.07971176018,101701.64205570486,0.9021592754766489,3
2020-01-02,9950.562343944679,92024.08771213048,101974.65005607516,0.9024212160721029,3
2020-01-03,9950.562343944679,92092.25138134044,102042.81372528512,0.9024863978101082,3
2020-01-06,1.8189894035458565e-12,100480.74007937807,100480.74007937807,1.0,4
2020-01-07,1.8189894035458565e-12,100725.54378304,100725.54378304,1.0,4
2020-01-08,1.8189894035458565e-12,101388.8728042848,101388.8728042848,1.0,4
2020-01-09,1.8189894035458565e-12,102425.0346054273,102425.0346054273,1.0,4
2020-01-10,1.8189894035458565e-12,102483.29066974856,102483.29066974856,1.0,4
2020-01-13,1.8189894035458565e-12,102610.41163277968,102610.41163277968,1.0,4
2020-01-14,1.8189894035458565e-12,102899.77136455115,102899.77136455115,1.0,4
2020-01-15,1.8189894035458565e-12,102835.87825834265,102835.87825834265,1.0,4
2020-01-16,1.8189894035458565e-12,103166.28804126747,103166.28804126747,1.0,4
2020-01-17,1.8189894035458565e-12,102382.07333986221,102382.07333986221,1.0,4
2020-01-20,1.8189894035458565e-12,101300.55277834965,101300.55277834965,1.0,4
2020-01-21,1.8189894035458565e-12,100763.02426721535,100763.02426721535,1.0,4
2020-01-22,1.8189894035458565e-12,100823.84735514426,100823.84735514426,1.0,4
2020-01-23,1.8189894035458565e-12,101156.50217779579,101156.50217779579,1.0,4
2020-01-24,1.8189894035458565e-12,101369.41326681607,101369.41326681607,1.0,4
2020-01-27,1.8189894035458565e-12,100546.9364713539,100546.9364713539,1.0,4
2020-01-28,30274.284980778975,70581.98807064554,100856.27305142452,0.6998274468724147,3
2020-01-29,90248.2670577356,10469.230537709229,100717.49759544483,0.10394649179789314,1
2020-01-30,90248.2670577356,10349.915515064047,100598.18257279965,0.10288372265149172,1
2020-01-31,90248.2670577356,10286.943697556866,100535.21075529247,0.10232179969857308,1
2020-02-03,100553.2139046558,0.0,100553.2139046558,0.0,0
2020-02-04,70206.25394823067,30861.2581345408,101067.51208277147,0.3053529022191255,1
2020-02-05,39785.05891127202,61546.1924204829,101331.25133175492,0.6073762201848554,2
2020-02-06,39785.05891127202,61172.0247620468,100957.08367331882,0.6059210759295486,2
2020-02-07,39785.05891127202,61110.730915476175,100895.7898267482,0.6056816743336032,2
2020-02-10,39785.05891127202,60807.23225983243,100592.29117110444,0.6044919700298025,2
2020-02-11,39785.05891127202,61152.46050609661,100937.51941736863,0.6058446934210464,2
2020-02-12,39785.05891127202,61992.110617545826,101777.16952881785,0.6090964300200251,2
2020-02-13,39785.05891127202,61956.41611342828,101741.4750247003,0.6089592872364668,2
2020-02-14,39785.05891127202,62003.58252552881,101788.64143680083,0.6091404861123525,2
2020-02-17,39785.05891127202,61881.03018150217,101666.08909277419,0.6086693285214637,2
2020-02-18,39785.05891127202,62179.37553820887,101964.43444948089,0.609814352170179,2
2020-02-19,39785.05891127202,62494.82479812162,102279.88370939365,0.6110177537519231,2
2020-02-20,39785.05891127202,62485.4322935917,102270.49120486372,0.6109820296885409,2
2020-02-24,39785.05891127202,61460.11274162259,101245.17165289461,0.6070424074377619,2
2020-02-25,39785.05891127202,61622.87850897172,101407.93742024375,0.6076731277316182,2
2020-02-26,39785.05891127202,60595.44387218359,100380.50278345561,0.6036575051123447,2
2020-02-27,39785.05891127202,59926.22620943882,99711.28512071085,0.6009974311021257,2
2020-02-28,39785.05891127202,57083.89407983517,96868.95299110719,0.5892898840877904,2
2020-03-02,39785.05891127202,57956.00051986257,97741.05943113459,0.5929544948374191,2
2020-03-03,39785.05891127202,58683.492907710155,98468.55181898217,0.5959617748374106,2
2020-03-04,69139.25851547052,29056.57452983047,98195.83304530098,0.29590435386831243,1
2020-03-05,98101.03515875357,0.0,98101.03515875357,0.0,0
2020-03-06,98101.03515875357,0.0,98101.03515875357,0.0,0
2020-03-09,98101.03515875357,0.0,98101.03515875357,0.0,0
2020-03-11,98101.03515875357,0.0,98101.03515875357,0.0,0
2020-03-12,98101.03515875357,0.0,98101.03515875357,0.0,0
2020-03-13,98101.03515875357,0.0,98101.03515875357,0.0,0
2020-03-16,98101.03515875357,0.0,98101.03515875357,0.0,0
2020-03-17,98101.03515875357,0.0,98101.03515875357,0.0,0
2020-03-18,98101.03515875357,0.0,98101.03515875357,0.0,0
2020-03-19,98101.03515875357,0.0,98101.03515875357,0.0,0
2020-03-20,98101.03515875357,0.0,98101.03515875357,0.0,0
2020-03-23,98101.03515875357,0.0,98101.03515875357,0.0,0
2020-03-24,98101.03515875357,0.0,98101.03515875357,0.0,0
2020-03-25,98101.03515875357,0.0,98101.03515875357,0.0,0
2020-03-26,98101.03515875357,0.0,98101.03515875357,0.0,0
2020-03-27,98101.03515875357,0.0,98101.03515875357,0.0,0
2020-03-30,98101.03515875357,0.0,98101.03515875357,0.0,0
2020-03-31,98101.03515875357,0.0,98101.03515875357,0.0,0
2020-04-01,98101.03515875357,0.0,98101.03515875357,0.0,0
2020-04-03,98101.03515875357,0.0,98101.03515875357,0.0,0
2020-04-07,98101.03515875357,0.0,98101.03515875357,0.0,0
2020-04-08,98101.03515875357,0.0,98101.03515875357,0.0,0
2020-04-09,98101.03515875357,0.0,98101.03515875357,0.0,0
2020-04-13,98101.03515875357,0.0,98101.03515875357,0.0,0
2020-04-15,98101.03515875357,0.0,98101.03515875357,0.0,0
2020-04-16,98101.03515875357,0.0,98101.03515875357,0.0,0
2020-04-17,98101.03515875357,0.0,98101.03515875357,0.0,0
2020-04-20,98101.03515875357,0.0,98101.03515875357,0.0,0
2020-04-21,98101.03515875357,0.0,98101.03515875357,0.0,0
2020-04-22,98101.03515875357,0.0,98101.03515875357,0.0,0
2020-04-23,98101.03515875357,0.0,98101.03515875357,0.0,0
2020-04-24,98101.03515875357,0.0,98101.03515875357,0.0,0
2020-04-27,98101.03515875357,0.0,98101.03515875357,0.0,0
2020-04-28,98101.03515875357,0.0,98101.03515875357,0.0,0
2020-04-29,98101.03515875357,0.0,98101.03515875357,0.0,0
2020-04-30,98101.03515875357,0.0,98101.03515875357,0.0,0
2020-05-04,68494.14274784175,29332.209585229695,97826.35233307144,0.299839551262851,1
2020-05-05,68494.14274784175,29852.346874379688,98346.48962222143,0.30354257675135704,1
2020-05-06,68494.14274784175,29854.393316173064,98348.53606401481,0.30355706867604937,1
2020-05-07,68494.14274784175,30798.61337387005,99292.75612171179,0.3101798618231274,1
2020-05-08,68494.14274784175,31919.624173802345,100413.7669216441,0.31788095549398315,1
2020-05-11,68494.14274784175,32226.189340217396,100720.33208805913,0.3199571394586174,1
2020-05-12,68494.14274784175,30232.488444739287,98726.63119258103,0.30622424850865526,1
2020-05-13,68494.14274784175,30873.92516045538,99368.06790829712,0.3107026815591072,1
2020-05-14,68494.14274784175,29625.72118159206,98119.8639294338,0.30193398151161716,1
2020-05-15,68494.14274784175,30109.530036026023,98603.67278386778,0.30535911275864913,1
2020-05-18,68494.14274784175,29724.75259285716,98218.8953406989,0.30263782228204444,1
2020-05-19,68494.14274784175,29067.6401330038,97561.78288084554,0.29794084604321736,1
2020-05-20,68494.14274784175,29579.30242454015,98073.4451723819,0.3016035826267666,1
2020-05-21,68494.14274784175,29735.069388084838,98229.21213592659,0.30271106467736253,1
2020-05-22,68494.14274784175,29534.94375222691,98029.08650006866,0.30128755460968437,1
2020-05-26,68494.14274784175,29380.208195346087,97874.35094318783,0.3001829173038412,1
2020-05-27,68494.14274784175,29823.78400412226,98317.926751964,0.3033402451555102,1
2020-05-28,68494.14274784175,30374.64247747443,98868.78522531618,0.3072217627459708,1
2020-05-29,68494.14274784175,30212.68707394657,98706.82982178831,0.306085071605425,1
2020-06-01,68494.14274784175,31367.016674864102,99861.15942270585,0.3141062737123804,1
2020-06-02,99788.82596747763,0.0,99788.82596747763,0.0,0
2020-06-03,69672.55829049289,29871.736780125062,99544.29507061795,0.30008486934317713,1
2020-06-04,69672.55829049289,30610.948386074655,100283.50667656754,0.3052440964674331,1
2020-06-05,39318.10947261599,60195.80305971054,99513.91253232653,0.6048983657451542,2
2020-06-08,39318.10947261599,60298.42045066445,99616.52992328044,0.605305369471344,2
2020-06-09,39318.10947261599,59675.920779647626,98994.03025226362,0.6028234291257484,2
2020-06-10,39318.10947261599,60883.531849018815,100201.64132163482,0.6076101254029387,2
2020-06-11,39318.10947261599,59623.10220848011,98941.2116810961,0.6026114012091871,2
2020-06-12,39318.10947261599,60207.14954824788,99525.25902086387,0.6049434097491413,2
2020-06-15,39318.10947261599,60567.6038568285,99885.7133294445,0.6063690375525833,2
2020-06-16,39318.10947261599,60858.01383562578,100176.12330824177,0.6075101713445804,2
2020-06-17,39318.10947261599,60841.33073521486,100159.44020783086,0.6074447961067783,2
2020-06-18,39318.10947261599,61487.11290693845,100805.22237955444,0.6099595978810063,2
2020-06-19,39318.10947261599,63586.34762394882,102904.45709656482,0.6179163606517047,2
2020-06-22,39318.10947261599,63089.416451992176,102407.52592460817,0.6160623048196501,2
2020-06-23,39318.10947261599,62706.19210069359,102024.30157330958,0.6146201555286908,2
2020-06-24,8445.118237657749,93511.53225068368,101956.65048834143,0.9171695206030387,3
2020-06-25,8445.118237657749,92357.89201922697,100803.01025688472,0.9162215670332032,3
2020-06-26,8445.118237657749,96342.28514051143,104787.40337816918,0.9194071237056995,3
2020-06-29,8445.118237657749,95031.5041099989,103476.62234765665,0.9183862205196052,3
2020-06-30,8445.118237657749,94560.86873918188,103005.98697683963,0.9180133263559079,3
2020-07-01,41572.682317844665,61510.87330040915,103083.55561825381,0.5967088827261692,2
2020-07-02,10348.335545193459,94854.42655050042,105202.76209569388,0.9016343740501749,3
2020-07-03,41373.85710086593,64487.115851213326,105860.97295207926,0.6091679875302592,2
2020-07-06,9300.817318067944,98403.90596988381,107704.72328795175,0.9136452234021164,3
2020-07-07,9300.817318067944,99286.59515304118,108587.41247110913,0.9143471871517104,3
2020-07-08,9300.817318067944,97263.38977936635,106564.2070974343,0.9127210010621674,3
2020-07-09,9300.817318067944,97820.11002933644,107120.92734740439,0.9131746004410098,3
2020-07-10,-1.8189894035458565e-12,108184.30831808755,108184.30831808755,1.0,4
2020-07-13,-1.8189894035458565e-12,109609.6156091435,109609.6156091435,1.0,4
2020-07-14,-1.8189894035458565e-12,107826.6055356779,107826.6055356779,1.0,4
2020-07-15,-1.8189894035458565e-12,109417.1852726794,109417.1852726794,1.0,4
2020-07-16,-1.8189894035458565e-12,112923.29261461124,112923.29261461124,1.0,4
2020-07-17,-1.8189894035458565e-12,113608.79322470623,113608.79322470623,1.0,4
2020-07-20,-1.8189894035458565e-12,115477.80162455614,115477.80162455614,1.0,4
2020-07-21,-1.8189894035458565e-12,116795.88652548556,116795.88652548556,1.0,4
2020-07-22,39953.14671141638,76679.65372298809,116632.80043440447,0.6574450192175018,3
2020-07-23,4757.006418952202,112077.63041598699,116834.63683493919,0.9592842794926237,4
2020-07-24,4757.006418952202,113927.23245007606,118684.23886902825,0.9599188024940557,4
2020-07-27,4757.006418952202,115471.11746908429,120228.1238880365,0.9604334970461469,4
2020-07-28,4757.006418952202,117951.8546171101,122708.8610360623,0.9612333911439844,4
2020-07-29,4757.006418952202,115506.53380356527,120263.54022251748,0.9604451489607693,4
2020-07-30,41910.25704561113,78384.3043311048,120294.56137671592,0.6516030603049089,3
2020-07-31,5394.615673056018,113922.17865109819,119316.79432415421,0.9547874571755575,4
2020-08-03,38313.16886637528,79335.99469085885,117649.16355723413,0.6743438907006198,3
2020-08-04,38313.16886637528,81825.26193842778,120138.43080480307,0.6810914824697082,3
2020-08-05,38313.16886637528,81097.3132337624,119410.48210013768,0.6791473563079173,3
2020-08-06,1991.7494710615065,118966.65244493651,120958.40191599802,0.9835335996548241,4
2020-08-07,10498.89664272737,109607.15900279282,120106.05564552019,0.9125864504807841,3
2020-08-10,10498.89664272737,108968.55967088357,119467.45631361094,0.9121191915632071,3
2020-08-11,10498.89664272737,109051.19663024246,119550.09327296983,0.9121799376705199,3
2020-08-12,10498.89664272737,108835.25414489591,119334.15078762328,0.9120210218664726,3
2020-08-13,10498.89664272737,108550.67321924152,119049.56986196889,0.9118107133448677,3
2020-08-14,10498.89664272737,108305.54828969375,118804.44493242112,0.9116287555680311,3
2020-08-17,10498.89664272737,108247.72530634614,118746.62194907351,0.9115857236997444,3
2020-08-18,10498.89664272737,109358.12653345166,119857.02317617903,0.9124048273141664,3
2020-08-19,10498.89664272737,109057.36721965295,119556.26386238032,0.9121844702774209,3
2020-08-20,46917.83337187611,71751.56924804095,118669.40261991706,0.6046341151463622,2
2020-08-21,10960.625145923448,106637.07157537536,117597.69672129881,0.9067955797476235,3
2020-08-24,10960.625145923448,106815.78803165272,117776.41317757616,0.9069370101346381,3
2020-08-25,10960.625145923448,106149.80988913745,117110.4350350609,0.9064077838781658,3
2020-08-26,10960.625145923448,107740.92557547009,118701.55072139353,0.9076623255609413,3
2020-08-27,10960.625145923448,107062.47219387584,118023.0973397993,0.9071315243120014,3
2020-08-28,47134.53816543597,70237.30092840128,117371.83909383725,0.5984169752358356,2
2020-08-31,11704.772386087352,103994.27411074436,115699.04649683171,0.898834322835946,3
2020-09-01,11704.772386087352,103391.1019370407,115095.87432312805,0.898304153342399,3
2020-09-02,11704.772386087352,104718.41449391597,116423.18688000333,0.89946356306024,3
2020-09-03,12370.492897338198,103645.5162610774,116016.0091584156,0.8933725355054513,3
2020-09-04,12370.492897338198,102116.27276317796,114486.76566051616,0.8919482716978833,3
2020-09-07,12370.492897338198,102152.64822752913,114523.14112486734,0.8919825916768179,3
2020-09-08,0.0,115498.65398484784,115498.65398484784,1.0,4
2020-09-09,0.0,115351.13854524845,115351.13854524845,1.0,4
2020-09-10,0.0,118116.36750506282,118116.36750506282,1.0,4
2020-09-11,0.0,118280.08909163874,118280.08909163874,1.0,4
2020-09-14,0.0,119197.27316564886,119197.27316564886,1.0,4
2020-09-15,0.0,119996.80817388654,119996.80817388654,1.0,4
2020-09-16,0.0,121576.99396652356,121576.99396652356,1.0,4
2020-09-17,0.0,120972.55058684283,120972.55058684283,1.0,4
2020-09-18,37297.23992306978,82697.44168303901,119994.68160610879,0.6891758915990905,3
2020-09-21,1108.0278243832363,118018.64191680813,119126.66974119138,0.9906987425503416,4
2020-09-22,1108.0278243832363,117085.13584660247,118193.1636709857,0.9906252799234002,4
2020-09-23,1108.0278243832363,117915.21592776931,119023.24375215254,0.9906906601647446,4
2020-09-24,1108.0278243832363,114289.0420589216,115397.06988330482,0.9903981286049661,4
2020-09-25,1108.0278243832363,116808.10296134494,117916.13078572816,0.9906032548982066,4
2020-09-28,36968.61151986822,81437.27628994157,118405.88780980979,0.6877806314898015,3
2020-09-29,1102.504944567343,117943.59432890319,119046.09927347052,0.9907388402367163,4
2020-09-30,1102.504944567343,118258.30103838725,119360.8059829546,0.9907632582112021,4
2020-10-01,34357.32156602766,85511.66412509888,119868.98569112654,0.7133760549658926,3
2020-10-05,34357.32156602766,87378.3245144978,121735.64608052546,0.7177710664688874,3
2020-10-06,34357.32156602766,87646.78729434617,122004.10886037383,0.7183920944388235,3
2020-10-07,48704.9236949116,74502.02943040154,123206.95312531314,0.6046901375332764,2
2020-10-08,7.275957614183426e-12,124063.99275547464,124063.99275547464,1.0,4
2020-10-09,7.275957614183426e-12,125188.09771790761,125188.09771790763,0.9999999999999999,4
2020-10-12,7.275957614183426e-12,125894.16005461602,125894.16005461602,1.0,4
2020-10-13,7.275957614183426e-12,127175.53123685793,127175.53123685793,1.0,4
2020-10-14,7.275957614183426e-12,126658.1665476594,126658.1665476594,1.0,4
2020-10-15,7.275957614183426e-12,122863.78719338632,122863.78719338632,1.0,4
2020-10-16,7.275957614183426e-12,123877.402866968,123877.40286696801,0.9999999999999999,4
2020-10-19,7.275957614183426e-12,123465.07372139956,123465.07372139956,1.0,4
2020-10-20,2783.0193419506177,120396.31529265591,123179.33463460652,0.9774067675377041,4
2020-10-21,0.0,123105.0556119646,123105.0556119646,1.0,5
2020-10-22,0.0,121802.3026427772,121802.3026427772,1.0,5
2020-10-23,0.0,122432.80337361414,122432.80337361414,1.0,5
2020-10-26,0.0,119447.13676040311,119447.13676040311,1.0,5
2020-10-27,0.0,119926.52167099742,119926.52167099742,1.0,5
2020-10-28,32520.394332528736,85498.73070629945,118019.12503882819,0.7244480983753306,4
2020-10-29,32520.394332528736,85469.59293990725,117989.98727243599,0.7243800505085237,4
2020-10-30,32520.394332528736,84985.98246089181,117506.37679342055,0.7232457061483524,4
2020-11-02,32520.394332528736,87365.20634415057,119885.60067667931,0.7287381124257506,4
2020-11-03,32520.394332528736,90623.10906797866,123143.5034005074,0.735914657009874,4
2020-11-04,32520.394332528736,90454.23156386454,122974.62589639328,0.7355519962310979,4
2020-11-05,81409.75446663529,41875.533371641606,123285.2878382769,0.33966367038517253,2
2020-11-06,44162.906182287064,80516.35972226528,124679.26590455233,0.6457878873292711,3
2020-11-09,44162.906182287064,83314.98019231533,127477.88637460239,0.6535641793392198,3
2020-11-10,44162.906182287064,86647.97964911025,130810.88583139732,0.6623912000778832,3
2020-11-11,44162.906182287064,86857.39460473316,131020.30078702021,0.6629308136448566,3
2020-11-12,44162.906182287064,85431.72938871775,129594.63557100482,0.659222729492609,3
2020-11-13,44162.906182287064,85861.30983543806,130024.21601772512,0.6603486063221738,3
2020-11-14,44162.906182287064,86323.1254716529,130486.03165393995,0.6615506991628741,3
2020-11-17,87747.47001863149,43906.69379297273,131654.1638116042,0.3335002290987376,2
2020-11-18,50783.11823215715,81416.94332660772,132200.06155876486,0.6158616143337928,2
2020-11-19,50783.11823215715,78884.79946747296,129667.91769963011,0.6083601932299556,2
2020-11-20,50783.11823215715,79858.73282274714,130641.85105490428,0.6112798630600026,2
2020-11-23,50783.11823215715,78628.14489937006,129411.2631315272,0.6075834745500962,2
2020-11-24,0.0,130964.41714527278,130964.41714527278,1.0,4
2020-11-25,0.0,128755.34612279333,128755.34612279333,1.0,4
2020-11-26,0.0,129787.0193942242,129787.0193942242,1.0,4
2020-11-27,0.0,129375.62495035151,129375.62495035151,1.0,4
2020-12-01,0.0,131374.24747367465,131374.24747367465,1.0,4
2020-12-02,0.0,130505.13266115278,130505.13266115278,1.0,4
2020-12-03,0.0,129059.73880231351,129059.73880231351,1.0,4
2020-12-04,0.0,131286.03365088548,131286.03365088548,1.0,4
2020-12-07,39963.28437480384,91739.36696422788,131702.65133903173,0.6965643138654094,3
2020-12-08,173.42232934584172,131930.87356215873,132104.29589150456,0.9986872317196387,4
2020-12-09,173.42232934584172,133676.5791581695,133850.00148751534,0.9987043531758047,4
2020-12-10,173.42232934584172,132285.80720636057,132459.2295357064,0.9986907493728168,4
2020-12-11,173.42232934584172,132778.40267747449,132951.82500682032,0.9986956002346192,4
2020-12-14,173.42232934584172,133468.5909965127,133642.01332585854,0.9987023367500235,4
2020-12-15,173.42232934584172,132839.9650401504,133013.38736949622,0.9986962039477719,4
2020-12-16,173.42232934584172,133676.01895616966,133849.4412855155,0.9987043477531153,4
2020-12-17,41472.82442291009,93225.47556106653,134698.2999839766,0.6921058066223287,3
2020-12-18,639.5557532986277,134073.0462505303,134712.6020038289,0.9952524430247406,4
2020-12-21,639.5557532986277,130518.57070594854,131158.12645924717,0.995123780961469,4
2020-12-22,639.5557532986277,132425.04124622358,133064.5969995222,0.9951936445326557,4
2020-12-23,54154.350502503155,79339.70499720018,133494.05549970333,0.5943313707880911,2
2020-12-24,0.0,134278.80947799393,134278.80947799393,1.0,4
2020-12-28,0.0,135526.14017800294,135526.14017800294,1.0,4
2020-12-29,0.0,136851.4712042738,136851.4712042738,1.0,4
2020-12-30,0.0,136728.45860491303,136728.45860491303,1.0,4
2020-12-31,0.0,137098.37002679266,137098.37002679266,1.0,4
2021-01-01,0.0,136884.72278798735,136884.72278798735,1.0,4
2021-01-04,0.0,138583.5990272197,138583.5990272197,1.0,4
2021-01-05,0.0,139944.65269359658,139944.65269359658,1.0,4
2021-01-06,0.0,138729.76937607367,138729.76937607367,1.0,4
2021-01-07,0.0,137620.5981788775,137620.5981788775,1.0,4
2021-01-08,0.0,140054.24220844568,140054.24220844568,1.0,4
2021-01-11,0.0,141401.6167049061,141401.6167049061,1.0,4
2021-01-12,0.0,142792.24061292835,142792.24061292835,1.0,4
2021-01-13,0.0,143269.35179385723,143269.35179385723,1.0,4
2021-01-14,0.0,143959.30917610342,143959.30917610342,1.0,4
2021-01-15,0.0,141954.9164704778,141954.9164704778,1.0,4
2021-01-18,0.0,142090.91114528175,142090.91114528175,1.0,4
2021-01-19,0.0,143823.33858716203,143823.33858716203,1.0,4
2021-01-20,0.0,145211.4607215014,145211.4607215014,1.0,4
2021-01-21,0.0,145323.70820707324,145323.70820707324,1.0,4
2021-01-22,14627.077657065318,126067.58753683203,140694.66519389735,0.8960367286356798,3
2021-01-25,1.8189894035458565e-12,139098.79382830553,139098.79382830553,1.0,5
2021-01-27,1.8189894035458565e-12,135178.56436574794,135178.56436574794,1.0,5
2021-01-28,1.8189894035458565e-12,133879.60286676773,133879.60286676773,1.0,5
2021-01-29,1.8189894035458565e-12,134009.9197564716,134009.9197564716,1.0,5
2021-02-01,1.8189894035458565e-12,143022.8437051463,143022.8437051463,1.0,5
2021-02-02,1.8189894035458565e-12,147336.10576279482,147336.10576279482,1.0,5
2021-02-03,1.8189894035458565e-12,148305.2945381903,148305.2945381903,1.0,5
2021-02-04,39677.29748849423,108786.8386518901,148464.13614038433,0.7327482682351226,4
2021-02-05,39677.29748849423,108106.76067535627,147784.0581638505,0.7315184196356052,4
2021-02-08,39677.29748849423,109831.67646861734,149508.97395711156,0.7346159468670013,4
2021-02-09,39677.29748849423,110245.31756049988,149922.6150489941,0.7353481496068632,4
2021-02-10,39677.29748849423,109312.36503137871,148989.66251987295,0.7336909365560722,4
2021-02-11,39677.29748849423,108886.30310612451,148563.60059461874,0.7329271952908537,4
2021-02-12,39677.29748849423,110551.04549630174,150228.34298479598,0.73588673947825,4
2021-02-15,39677.29748849423,113504.2317355865,153181.52922408073,0.7409785782301955,4
2021-02-16,40068.336370885074,111739.59503126775,151807.9314021528,0.7360590056079451,4
2021-02-17,0.0,151073.9229645069,151073.9229645069,1.0,5
2021-02-18,0.0,148962.92296942844,148962.92296942844,1.0,5
2021-02-19,0.0,147284.52007321455,147284.52007321455,1.0,5
2021-02-22,48438.99137173932,96596.04431136997,145035.0356831093,0.6660186889078656,4
2021-02-23,17676.210381713834,127065.62068658785,144741.8310683017,0.8778776650036113,3
2021-02-24,17676.210381713834,131578.88386921995,149255.0942509338,0.8815704718795335,3
2021-02-25,17676.210381713834,132520.0194249741,150196.22980668794,0.8823125560177892,3
2021-02-26,17676.210381713834,127275.95012753326,144952.1605092471,0.878054867760414,3
2021-03-01,17676.210381713834,128991.68424976253,146667.89463147637,0.8794813928015549,3
2021-03-02,17676.210381713834,129470.35663585644,147146.56701757028,0.8798734436012824,3
2021-03-03,17676.210381713834,133631.42206215265,151307.6324438665,0.8831770076881513,3
2021-03-04,17676.210381713834,131376.0386850455,149052.24906675934,0.8814093011518611,3
2021-03-05,17676.210381713834,130092.67058483543,147768.88096654927,0.8803793446489235,3
2021-03-08,17676.210381713834,130013.83523241954,147690.04561413339,0.8803154924340933,3
2021-03-09,17676.210381713834,132285.12139589668,149961.33177761053,0.8821282115050346,3
2021-03-10,17676.210381713834,131949.97933722203,149626.18971893587,0.8818641949319328,3
2021-03-12,17676.210381713834,129949.58180670426,147625.7921884181,0.880263400319957,3
2021-03-15,17676.210381713834,128064.34023587516,145740.550617589,0.8787145354754784,3
2021-03-16,0.0,144407.26253010822,144407.26253010822,1.0,4
2021-03-17,46939.69949974152,96363.37134108768,143303.0708408292,0.6724445664400397,3
2021-03-18,83884.61498438513,58189.19846337597,142073.81344776112,0.4095701878571132,2
2021-03-19,83884.61498438513,58856.12976522088,142740.744749606,0.4123288684563441,2
2021-03-22,40779.54086685035,100919.40814480674,141698.9490116571,0.7122099976655751,3
2021-03-23,40779.54086685035,102371.21908894826,143150.75995579863,0.7151287154923798,3
2021-03-24,81870.24020421435,59518.965954767395,141389.20615898175,0.4209583430848512,2
2021-03-25,81870.24020421435,58110.552822125595,139980.79302633996,0.41513233041329484,2
2021-03-26,81870.24020421435,58207.182857648295,140077.42306186265,0.41553579145971403,2
2021-03-30,81870.24020421435,59546.510327001124,141416.75053121548,0.42107112561504645,2
2021-03-31,81870.24020421435,58785.76833168142,140656.0085358958,0.4179399724447544,2
2021-04-01,81870.24020421435,59391.10462177626,141261.3448259906,0.42043422915827233,2
2021-04-05,81870.24020421435,59099.057431769674,140969.29763598402,0.41923353824445786,2
2021-04-06,81870.24020421435,58941.91336791443,140812.1535721288,0.41858541235733865,2
2021-04-07,81870.24020421435,59568.46343627177,141438.7036404861,0.421160982835964,2
2021-04-08,39133.91496353921,102839.09359145431,141973.00855499352,0.7243566551005319,3
2021-04-09,39133.91496353921,102435.89774170548,141569.8127052447,0.7235716130739118,3
2021-04-12,39133.91496353921,99791.61623186913,138925.53119540834,0.718310128982018,3
2021-04-13,39133.91496353921,98005.0409347002,137138.9558982394,0.7146404192213804,3
2021-04-15,39133.91496353921,99294.91587525625,138428.83083879546,0.7172993896834119,3
2021-04-16,56334.028135468834,81483.25044330172,137817.27857877055,0.5912411802321965,2
2021-04-19,56334.028135468834,80421.03208625814,136755.06022172698,0.5880662255266313,2
2021-04-20,56334.028135468834,80185.55535735443,136519.58349282327,0.5873556987636849,2
2021-04-22,15174.464011229218,120739.4139107017,135913.87792193092,0.8883523578074533,3
2021-04-23,54372.07547331576,80653.94580297542,135026.02127629117,0.597321501741807,2
2021-04-26,54372.07547331576,80835.20317537026,135207.278648686,0.5978613280532574,2
2021-04-27,54372.07547331576,81389.9326058474,135762.00807916315,0.5995044840408426,2
2021-04-28,54372.07547331576,81513.67268373459,135885.74815705034,0.599869182671938,2
2021-04-29,54372.07547331576,81409.2619068679,135781.33738018366,0.5995614970187282,2
2021-04-30,54372.07547331576,80314.79066169448,134686.86613501023,0.5963075165858182,2
2021-05-03,54372.07547331576,80262.9122759113,134634.98774922706,0.5961519633025115,2
2021-05-04,54372.07547331576,79744.91336335833,134116.98883667408,0.5945921844433194,2
2021-05-05,54372.07547331576,80707.07056853233,135079.1460418481,0.5974798696427126,2
2021-05-06,54372.07547331576,81518.35332746261,135890.42880077838,0.5998829648773297,2
2021-05-07,54372.07547331576,81523.86464300584,135895.9401163216,0.5998991917876619,2
2021-05-10,94996.72581662056,40431.15740021664,135427.8832168372,0.2985438185981334,1
2021-05-11,94996.72581662056,40162.531163917716,135159.25698053828,0.2971496889014473,1
2021-05-12,94996.72581662056,40052.36378963507,135049.08960625564,0.2965763331423435,1
2021-05-14,94996.72581662056,39732.428538445,134729.15435506555,0.29490594466090136,1
2021-05-17,54299.94123848629,81943.5363297771,136243.4775682634,0.6014492421387302,2
2021-05-18,54299.94123848629,82907.25187032239,137207.1931088087,0.6042485819571785,2
2021-05-19,54299.94123848629,82296.98746897056,136596.92870745686,0.6024805114412353,2
2021-05-20,54299.94123848629,81907.04425149254,136206.98548997883,0.6013424638747231,2
2021-05-21,94727.02250848935,43082.82052238461,137809.84303087395,0.3126251331171797,1
2021-05-24,94727.02250848935,43411.41300243525,138138.4355109246,0.3142602045684966,1
2021-05-25,94727.02250848935,43609.24138447194,138336.2638929613,0.31524084977612893,1
2021-05-26,94727.02250848935,43756.77462326351,138483.79713175286,0.3159703555906509,1
2021-05-27,94727.02250848935,43740.009575515134,138467.0320840045,0.3158875359513676,1
2021-05-28,94727.02250848935,43123.05499976902,137850.07750825837,0.3128257580935026,1
2021-05-31,94727.02250848935,44444.141580946954,139171.1640894363,0.3193487808464804,1
2021-06-01,94727.02250848935,43595.82852766739,138322.85103615673,0.3151744502162677,1
2021-06-02,53013.5675966937,84778.37983789353,137791.94743458723,0.6152636740847257,2
2021-06-03,11291.589649503338,126621.46129394582,137913.05094344914,0.9181253001636994,3
2021-06-04,11291.589649503338,125219.34723266111,136510.93688216445,0.9172843589869273,3
2021-06-07,11291.589649503338,126247.01147884225,137538.6011283456,0.917902395713866,3
2021-06-08,11291.589649503338,125157.72101495048,136449.31066445383,0.9172470011426382,3
2021-06-09,11291.589649503338,123920.26545723167,135211.85510673502,0.9164896477413916,3
2021-06-10,0.0,135605.21800807636,135605.21800807636,1.0,4
2021-06-11,0.0,136176.70295916783,136176.70295916783,1.0,4
2021-06-14,42374.38324777936,94067.3833935322,136441.76664131158,0.6894324641868911,3
2021-06-15,-7.275957614183426e-12,136747.32156624296,136747.32156624296,1.0,5
2021-06-16,-7.275957614183426e-12,135829.90707249922,135829.90707249922,1.0,5
2021-06-17,-7.275957614183426e-12,135555.55792645158,135555.55792645158,1.0,5
2021-06-18,-7.275957614183426e-12,135964.90990527713,135964.90990527713,1.0,5
2021-06-21,-7.275957614183426e-12,136275.85541542995,136275.85541542995,1.0,5
2021-06-22,-7.275957614183426e-12,136183.80553732585,136183.80553732585,1.0,5
2021-06-23,-7.275957614183426e-12,135323.2787920999,135323.2787920999,1.0,5
2021-06-24,-7.275957614183426e-12,136392.6194585326,136392.6194585326,1.0,5
2021-06-25,-7.275957614183426e-12,136378.72069247832,136378.72069247832,1.0,5
2021-06-28,-7.275957614183426e-12,135591.65346776225,135591.65346776225,1.0,5
2021-06-29,-7.275957614183426e-12,135071.89963706676,135071.89963706676,1.0,5
2021-06-30,40888.33550032431,94118.93678669169,135007.272287016,0.6971397554540723,4
2021-07-01,80200.84026822454,54516.78768001701,134717.62794824154,0.40467449219757895,3
2021-07-02,80200.84026822454,54783.7274588984,134984.56772712292,0.40585178277302075,3
2021-07-05,80200.84026822454,55094.72707092956,135295.5673391541,0.4072175323587658,3
2021-07-06,80200.84026822454,54668.932344928995,134869.77261315353,0.40534607040330445,3
2021-07-07,39457.51434485379,95536.62174937686,134994.13609423066,0.7077094199313142,4
2021-07-08,51742.638777331056,82195.67342290029,133938.31220023136,0.6136830610499384,3
2021-07-09,11423.35742053308,121532.69199760348,132956.04941813656,0.9140817024082334,4
2021-07-12,11423.35742053308,120907.74713253521,132331.1045530683,0.9136759459605961,4
2021-07-13,53377.55916426095,79445.69213446099,132823.25129872194,0.5981309097440038,2
2021-07-14,13255.810946143654,120221.39419633582,133477.20514247948,0.9006885787577451,3
2021-07-15,13255.810946143654,121077.56869588268,134333.37964202632,0.9013215406217879,3
2021-07-16,13255.810946143654,120037.41880676491,133293.22975290858,0.9005515060988728,3
2021-07-19,13255.810946143654,118062.44387324977,131318.25481939342,0.8990558398421086,3
2021-07-20,13255.810946143654,116698.7978747776,129954.60882092126,0.8979966076893026,3
2021-07-22,13255.810946143654,118725.93758684341,131981.74853298708,0.8995633025514088,3
2021-07-23,13255.810946143654,119822.3681822934,133078.17912843707,0.9003908001074304,3
2021-07-26,13255.810946143654,119958.33943815346,133214.15038429713,0.90049247089815,3
2021-07-27,13255.810946143654,120103.02778055136,133358.83872669502,0.9006004320920187,3
2021-07-28,13255.810946143654,120046.73151857869,133302.54246472236,0.9005584537170269,3
2021-07-29,13255.810946143654,120513.0510205815,133768.86196672515,0.9009051078759942,3
2021-07-30,13255.810946143654,120260.89297371948,133516.70391986315,0.9007179584503537,3
2021-08-02,13255.810946143654,120636.49819908431,133892.30914522795,0.9009964722337743,3
2021-08-03,13255.810946143654,122106.01071006156,135361.82165620523,0.9020712725053963,3
2021-08-04,13255.810946143654,124221.60213122667,137477.41307737032,0.9035782631530644,3
2021-08-05,51757.45121707498,84910.8431547159,136668.2943717909,0.6212914527470826,2
2021-08-06,51757.45121707498,84535.3755409937,136292.8267580687,0.6202481638380803,2
2021-08-09,94284.10643719358,42343.47653590372,136627.5829730973,0.30991894619288823,1
2021-08-10,53027.17431950527,83464.29623629237,136491.47055579763,0.6114982562384528,2
2021-08-11,53027.17431950527,83028.8676102359,136056.04192974116,0.6102549099077255,2
2021-08-12,94556.67675343456,41541.942290380524,136098.61904381507,0.30523412053877397,1
2021-08-13,53427.20303951472,82851.67013913658,136278.8731786513,0.6079568182995196,2
2021-08-16,53427.20303951472,82535.57590347662,135962.77894299134,0.6070453733376799,2
2021-08-17,12447.082953952464,124933.31232517122,137380.39527912368,0.9093969490431076,3
2021-08-18,12447.082953952464,124073.51214517193,136520.5950991244,0.9088263353605006,3
2021-08-20,12447.082953952464,123609.4767423619,136056.55969631436,0.9085153778565692,3
2021-08-23,12447.082953952464,124779.04887044986,137226.1318244023,0.9092950971621059,3
2021-08-24,12447.082953952464,124735.26521150506,137182.34816545752,0.9092661474278028,3
2021-08-25,12447.082953952464,125435.88867707746,137882.9716310299,0.9097271925117743,3
2021-08-26,1.8189894035458565e-12,138252.50268815324,138252.50268815324,1.0,4
2021-08-27,1.8189894035458565e-12,138357.09742175954,138357.09742175954,1.0,4
2021-08-30,1.8189894035458565e-12,138834.07466090462,138834.07466090462,1.0,4
2021-08-31,1.8189894035458565e-12,140453.9517809626,140453.9517809626,1.0,4
2021-09-01,1.8189894035458565e-12,138942.65234180226,138942.65234180226,1.0,4
2021-09-02,1.8189894035458565e-12,141029.2034924426,141029.2034924426,1.0,4
2021-09-03,1.8189894035458565e-12,141222.66107299976,141222.66107299976,1.0,4
2021-09-06,1.8189894035458565e-12,141805.75875529824,141805.75875529824,1.0,4
2021-09-07,1.8189894035458565e-12,140582.0882894225,140582.0882894225,1.0,4
2021-09-08,0.0,139395.51271514065,139395.51271514065,1.0,4
2021-09-09,0.0,139397.67908986032,139397.67908986032,1.0,4
2021-09-13,0.0,138270.79760981206,138270.79760981206,1.0,4
2021-09-14,0.0,138247.88744620053,138247.88744620053,1.0,4
2021-09-15,0.0,139810.9286709517,139810.9286709517,1.0,4
2021-09-16,3652.727204424671,136487.12782145056,140139.85502587524,0.9739351292767483,4
2021-09-17,0.0,138903.10759397197,138903.10759397197,1.0,5
2021-09-20,0.0,138112.9967989422,138112.9967989422,1.0,5
2021-09-21,0.0,139103.5424645146,139103.5424645146,1.0,5
2021-09-22,0.0,138861.2208172744,138861.2208172744,1.0,5
2021-09-23,0.0,141567.24883501153,141567.24883501153,1.0,5
2021-09-24,12528.711806826905,129772.51858137031,142301.23038819723,0.9119564056287592,4
2021-09-27,1.8189894035458565e-12,142353.939586442,142353.939586442,1.0,5
2021-09-28,1.8189894035458565e-12,141056.52562690998,141056.52562690998,1.0,5
2021-09-29,1.8189894035458565e-12,140244.1857785428,140244.1857785428,1.0,5
2021-09-30,1.8189894035458565e-12,139180.7758384897,139180.7758384897,1.0,5
2021-10-01,1.8189894035458565e-12,138384.42675581525,138384.42675581525,1.0,5
2021-10-04,1.8189894035458565e-12,139777.16910788504,139777.16910788504,1.0,5
2021-10-05,1.8189894035458565e-12,140959.12104153293,140959.12104153293,1.0,5
2021-10-06,1.8189894035458565e-12,139352.9533759032,139352.9533759032,1.0,5
2021-10-07,43467.08951437095,97414.38122031107,140881.47073468202,0.6914634033298016,4
2021-10-08,766.6875523010531,142110.17451679875,142876.8620690998,0.9946339278368933,5
2021-10-11,766.6875523010531,141597.449999562,142364.13755186304,0.9946146019251391,5
2021-10-12,40820.29635602173,100880.06788545131,141700.36424147303,0.7119252545712625,4
2021-10-13,40820.29635602173,101481.91669060854,142302.21304663026,0.7131436294483662,4
2021-10-14,81803.0775494196,60688.113184421265,142491.19073384086,0.42590782540220695,3
2021-10-18,0.0,143579.71679769212,143579.71679769212,1.0,4
2021-10-19,0.0,144963.60897998017,144963.60897998017,1.0,4
2021-10-20,0.0,143759.76461936842,143759.76461936842,1.0,4
2021-10-21,0.0,141868.00823463534,141868.00823463534,1.0,4
2021-10-22,0.0,141377.27041094052,141377.27041094052,1.0,4
2021-10-25,0.0,145193.30927680133,145193.30927680133,1.0,4
2021-10-26,12642.066063339536,132596.00195502443,145238.06801836396,0.912956250135873,3
2021-10-27,0.0,145469.0563645663,145469.0563645663,1.0,4
2021-10-28,0.0,141934.9290623475,141934.9290623475,1.0,4
2021-10-29,0.0,140142.33141154767,140142.33141154767,1.0,4
2021-11-01,0.0,141229.73767910415,141229.73767910415,1.0,4
2021-11-02,0.0,140412.11894203065,140412.11894203065,1.0,4
2021-11-03,0.0,139190.47391985706,139190.47391985706,1.0,4
2021-11-04,0.0,139466.23533430166,139466.23533430166,1.0,4
2021-11-08,0.0,140153.65135294135,140153.65135294135,1.0,4
2021-11-09,40881.383175541996,99350.63651378322,140232.0196893252,0.7084732626249554,3
2021-11-10,40881.383175541996,98840.78838471821,139722.1715602602,0.7074094775437237,3
2021-11-11,40881.383175541996,98080.39554880033,138961.77872434232,0.7058084348744689,3
2021-11-12,40881.383175541996,99551.28806806033,140432.67124360232,0.7088897988372885,3
2021-11-15,40881.383175541996,99563.6687910239,140445.0519665659,0.7089154612205623,3
2021-11-16,128147.05911685024,11770.200618133344,139917.25973498359,0.08412257816103037,1
2021-11-17,43743.94409939549,95441.83423922618,139185.77833862166,0.6857154184749256,3
2021-11-18,43743.94409939549,95407.05001408877,139150.99411348428,0.685636855287428,3
2021-11-22,43743.94409939549,94155.20004551379,137899.14414490928,0.6827830631535479,3
2021-11-23,43743.94409939549,93621.89761256476,137365.84171196027,0.6815515156153499,3
2021-11-24,43743.94409939549,93144.1035463427,136888.04764573817,0.680440002967948,3
2021-11-25,43743.94409939549,93317.53444170952,137061.478541105,0.680844358568067,3
2021-11-26,55080.74585755881,79404.81554036785,134485.56139792665,0.5904337589476876,2
2021-11-29,55080.74585755881,79305.30485785146,134386.05071541027,0.5901304818146381,2
2021-11-30,55080.74585755881,79463.47721903693,134544.22307659575,0.5906123310385354,2
2021-12-01,55080.74585755881,80252.14525883878,135332.89111639757,0.5929980849209469,2
2021-12-02,55080.74585755881,80740.41423240851,135821.1600899673,0.5944612325423111,2
2021-12-03,55080.74585755881,80106.89914586744,135187.64500342624,0.5925608005364483,2
2021-12-06,55080.74585755881,78792.81485147195,133873.56070903077,0.588561433894518,2
2021-12-07,55080.74585755881,80559.25499312376,135640.00085068255,0.5939195995863072,2
2021-12-08,55080.74585755881,82568.85424202791,137649.6000995867,0.5998481229316396,2
2021-12-09,55080.74585755881,82893.42694528861,137974.1728028474,0.6007894467592555,2
2021-12-10,55080.74585755881,82960.53395474148,138041.2798123003,0.6009835178835339,2
2021-12-13,55080.74585755881,82398.33285191204,137479.07870947086,0.5993517968362386,2
2021-12-14,55080.74585755881,82830.2150173306,137910.9608748894,0.6006064673312865,2
2021-12-15,55080.74585755881,82057.29591583199,137138.04177339078,0.5983554588844491,2
2021-12-16,137617.12893869617,0.0,137617.12893869617,0.0,0
2021-12-17,137617.12893869617,0.0,137617.12893869617,0.0,0
2021-12-20,96084.27942499767,41220.97962758909,137305.25905258677,0.3002141353653599,1
2021-12-21,54631.02963000194,83013.02331893008,137644.05294893202,0.60309923705697,2
2021-12-22,54631.02963000194,83571.41248135165,138202.4421113536,0.6047028634560293,2
2021-12-23,54631.02963000194,84692.77548822729,139323.80511822924,0.6078844560436573,2
2021-12-24,54631.02963000194,84922.28399453044,139553.31362453237,0.6085293268135038,2
2021-12-27,54631.02963000194,85272.84931725456,139903.87894725648,0.6095102577491955,2
2021-12-28,54631.02963000194,85893.72221266438,140524.7518426663,0.6112355374150195,2
2021-12-29,54631.02963000194,85701.28824394816,140332.31787395012,0.6107024350650798,2
2021-12-30,54631.02963000194,86317.69870508523,140948.7283350872,0.6124049484141225,2
2021-12-31,54631.02963000194,86253.74330964798,140884.77293964993,0.6122289975694963,2
2022-01-03,54631.02963000194,87412.14949914077,142043.17912914272,0.6153913903860702,2
2022-01-04,54631.02963000194,88198.79496234011,142829.82459234205,0.6175096497812892,2
2022-01-05,54631.02963000194,86676.2147731712,141307.24440317316,0.6133883307912331,2
2022-01-06,54631.02963000194,85445.6270118311,140076.65664183302,0.6099919077188575,2
2022-01-07,54631.02963000194,85895.07286492808,140526.10249493003,0.6112392739848957,2
2022-01-10,54631.02963000194,87033.37386181086,141664.40349181282,0.6143630419256364,2
2022-01-11,54631.02963000194,87559.13735415091,142190.16698415286,0.6157889762089485,2
2022-01-12,54631.02963000194,87415.73305981731,142046.76268981927,0.6154010933054692,2
2022-01-13,11369.116124400847,131493.886945458,142863.00306985885,0.9204194516417842,3
2022-01-14,11369.116124400847,132801.55128264375,144170.6674070446,0.9211412672988339,3
2022-01-17,55523.58685617978,89141.2823819748,144664.86923815458,0.6161916355464708,2
2022-01-18,57987.778884814754,86477.13707685084,144464.9159616656,0.5986030345236066,2
2022-01-19,-7.275957614183426e-12,141352.19197430485,141352.19197430485,1.0,4
2022-01-20,-7.275957614183426e-12,139324.11370644104,139324.11370644104,1.0,4
2022-01-21,-7.275957614183426e-12,138219.51568977674,138219.51568977674,1.0,4
2022-01-24,-7.275957614183426e-12,135213.5810236002,135213.5810236002,1.0,4
2022-01-25,-7.275957614183426e-12,134987.06569449423,134987.06569449423,1.0,4
2022-01-27,-7.275957614183426e-12,132370.08027962747,132370.08027962747,1.0,4
2022-01-28,-7.275957614183426e-12,132101.99508695712,132101.99508695712,1.0,4
2022-01-31,-7.275957614183426e-12,134541.52447898907,134541.52447898907,1.0,4
2022-02-01,-7.275957614183426e-12,136849.6853551214,136849.6853551214,1.0,4
2022-02-02,-7.275957614183426e-12,137824.47105340517,137824.47105340517,1.0,4
2022-02-03,-7.275957614183426e-12,135899.10660533357,135899.10660533357,1.0,4
2022-02-04,-7.275957614183426e-12,135438.356628274,135438.356628274,1.0,4
2022-02-07,-7.275957614183426e-12,133452.58128447214,133452.58128447214,1.0,4
2022-02-08,-7.275957614183426e-12,134012.34742951643,134012.34742951643,1.0,4
2022-02-09,-7.275957614183426e-12,135438.9284106468,135438.9284106468,1.0,4
2022-02-10,-7.275957614183426e-12,136352.05694927825,136352.05694927825,1.0,4
2022-02-11,41488.481041176485,92476.12993848725,133964.61097966373,0.690302679657133,3
2022-02-14,41488.481041176485,91439.82298933834,132928.30403051482,0.6878882842614734,3
2022-02-15,41488.481041176485,94213.50928573616,135701.99032691264,0.6942677042449508,3
2022-02-16,80496.11505067413,54879.69540436834,135375.81045504246,0.40538775147420875,2
2022-02-17,135212.46541270133,0.0,135212.46541270133,0.0,0
2022-02-18,135212.46541270133,0.0,135212.46541270133,0.0,0
2022-02-21,135212.46541270133,0.0,135212.46541270133,0.0,0
2022-02-22,135212.46541270133,0.0,135212.46541270133,0.0,0
2022-02-23,135212.46541270133,0.0,135212.46541270133,0.0,0
2022-02-24,135212.46541270133,0.0,135212.46541270133,0.0,0
2022-02-25,135212.46541270133,0.0,135212.46541270133,0.0,0
2022-02-28,135212.46541270133,0.0,135212.46541270133,0.0,0
2022-03-02,135212.46541270133,0.0,135212.46541270133,0.0,0
2022-03-03,135212.46541270133,0.0,135212.46541270133,0.0,0
2022-03-04,135212.46541270133,0.0,135212.46541270133,0.0,0
2022-03-07,135212.46541270133,0.0,135212.46541270133,0.0,0
2022-03-08,135212.46541270133,0.0,135212.46541270133,0.0,0
2022-03-09,135212.46541270133,0.0,135212.46541270133,0.0,0
2022-03-10,135212.46541270133,0.0,135212.46541270133,0.0,0
2022-03-11,135212.46541270133,0.0,135212.46541270133,0.0,0
2022-03-14,135212.46541270133,0.0,135212.46541270133,0.0,0
2022-03-15,135212.46541270133,0.0,135212.46541270133,0.0,0
2022-03-16,135212.46541270133,0.0,135212.46541270133,0.0,0
2022-03-17,135212.46541270133,0.0,135212.46541270133,0.0,0
2022-03-21,135212.46541270133,0.0,135212.46541270133,0.0,0
2022-03-22,135212.46541270133,0.0,135212.46541270133,0.0,0
2022-03-23,94405.34335114807,40037.71589981458,134443.05925096266,0.2978042609479514,1
2022-03-24,94405.34335114807,40343.49265555706,134748.83600670513,0.29939770799615334,1
2022-03-25,94405.34335114807,40126.45628450857,134531.79963565664,0.2982674460103881,1
2022-03-28,94405.34335114807,40069.79054896362,134475.1339001117,0.29797174679690236,1
2022-03-29,53820.74794009436,80434.79265628596,134255.54059638034,0.5991171187347971,2
2022-03-30,53820.74794009436,81589.37966772981,135410.12760782416,0.6025352838011466,2
2022-03-31,53820.74794009436,81067.20091986617,134887.94885996054,0.6009966168588523,2
2022-04-01,53820.74794009436,81319.31822667012,135140.06616676447,0.6017409975685605,2
2022-04-04,53820.74794009436,80998.87413426288,134819.62207435723,0.6007944013490074,2
2022-04-05,53820.74794009436,79955.87743902692,133776.62537912128,0.5976819733076161,2
2022-04-06,53820.74794009436,79159.22352099622,132979.97146109058,0.5952717740216834,2
2022-04-07,-7.275957614183426e-12,130706.52526094863,130706.52526094863,1.0,4
2022-04-08,-7.275957614183426e-12,131412.30496742335,131412.30496742335,1.0,4
2022-04-11,-7.275957614183426e-12,130057.20405946315,130057.20405946314,1.0000000000000002,4
2022-04-12,-7.275957614183426e-12,128706.38215231386,128706.38215231386,1.0,4
2022-04-13,-7.275957614183426e-12,127989.38313980614,127989.38313980613,1.0000000000000002,4
2022-04-18,-7.275957614183426e-12,122988.74036928007,122988.74036928007,1.0,4
2022-04-19,-7.275957614183426e-12,121876.03445459668,121876.03445459667,1.0000000000000002,4
2022-04-20,-7.275957614183426e-12,124429.41635990623,124429.41635990623,1.0,4
2022-04-21,-7.275957614183426e-12,126928.94115633226,126928.94115633226,1.0,4
2022-04-22,0.0,124995.34685736756,124995.34685736756,1.0,4
2022-04-25,0.0,123939.97764321067,123939.97764321067,1.0,4
2022-04-26,0.0,125338.52235769376,125338.52235769376,1.0,4
2022-04-27,0.0,124731.44525356364,124731.44525356364,1.0,4
2022-04-28,42714.31582456112,82854.62815827328,125568.9439828344,0.6598337576972831,3
2022-04-29,4703.228696134676,119556.2372680392,124259.46596417387,0.9621499363477815,4
2022-05-02,4703.228696134676,119624.3805921663,124327.60928830097,0.9621706817732782,4
2022-05-04,4703.228696134676,116450.77447857113,121154.00317470581,0.9611797499637502,4
2022-05-05,4703.228696134676,116144.06452410264,120847.2932202373,0.9610812243219772,4
2022-05-06,4703.228696134676,114257.97406117228,118961.20275730695,0.9604641800257372,4
2022-05-09,4703.228696134676,112633.77285023601,117337.00154637068,0.9599169176461698,4
2022-05-10,51767.5365507071,64587.88058096157,116355.41713166867,0.5550913070757457,2
2022-05-11,51767.5365507071,64382.38003490746,116149.91658561456,0.55430414353721,2
2022-05-12,51767.5365507071,62898.33565820919,114665.87220891629,0.5485357975005076,2
2022-05-13,51767.5365507071,62432.01616191983,114199.55271262693,0.5466923002669238,2
2022-05-16,51767.5365507071,62692.9512603614,114460.4878110685,0.5477257039463613,2
2022-05-17,51767.5365507071,65250.65741750425,117018.19396821134,0.5576112158698155,2
2022-05-18,51767.5365507071,65253.704741959606,117021.2412926667,0.5576227360190275,2
2022-05-19,51767.5365507071,63716.338713486795,115483.87526419389,0.5517336387242127,2
2022-05-20,51767.5365507071,66491.24362588587,118258.78017659296,0.562252067259582,2
2022-05-23,83348.95797555475,34487.02090948996,117835.97888504471,0.29266970271561876,1
2022-05-24,83348.95797555475,34605.42012028829,117954.37809584304,0.2933797005158205,1
2022-05-25,83348.95797555475,34554.489144015395,117903.44711957013,0.29307446040125057,1
2022-05-26,83348.95797555475,34225.08417572948,117574.04215128423,0.2910938804986526,1
2022-05-27,83348.95797555475,34066.33209523832,117415.29007079307,0.290135399526746,1
2022-05-30,117735.56659849509,0.0,117735.56659849509,0.0,0
2022-05-31,117735.56659849509,0.0,117735.56659849509,0.0,0
2022-06-01,117735.56659849509,0.0,117735.56659849509,0.0,0
2022-06-02,117735.56659849509,0.0,117735.56659849509,0.0,0
2022-06-03,117735.56659849509,0.0,117735.56659849509,0.0,0
2022-06-06,117735.56659849509,0.0,117735.56659849509,0.0,0
2022-06-07,117735.56659849509,0.0,117735.56659849509,0.0,0
2022-06-08,117735.56659849509,0.0,117735.56659849509,0.0,0
2022-06-09,117735.56659849509,0.0,117735.56659849509,0.0,0
2022-06-10,117735.56659849509,0.0,117735.56659849509,0.0,0
2022-06-13,82202.97259906927,35492.60541750883,117695.5780165781,0.3015627775965337,1
2022-06-14,82202.97259906927,35028.772123915616,117231.74472298488,0.2987993756016134,1
2022-06-15,82202.97259906927,34604.92512771102,116807.8977267803,0.29625501187131825,1
2022-06-16,82202.97259906927,34121.0986854235,116324.07128449276,0.2933279269599654,1
2022-06-17,82202.97259906927,34520.95460829626,116723.92720736553,0.29574874178940336,1
2022-06-20,82202.97259906927,33895.180688336535,116098.1532874058,0.29195279794354356,1
2022-06-21,82202.97259906927,34442.318180571594,116645.29077964087,0.29527397077382156,1
2022-06-22,82202.97259906927,33396.02534276514,115598.99794183442,0.2888954570312877,1
2022-06-23,82202.97259906927,32854.21841671344,115057.19101578271,0.2855468495854965,1
2022-06-24,82202.97259906927,33322.0531604509,115525.02575952017,0.28844012750808584,1
2022-06-27,82202.97259906927,33223.42005852518,115426.39265759445,0.2878320918949662,1
2022-06-28,82202.97259906927,33690.58495598299,115893.55755505225,0.2907028282394312,1
2022-06-29,82202.97259906927,34389.66826299077,116592.64086206004,0.29495573656039703,1
2022-06-30,82202.97259906927,34596.26295766308,116799.23555673234,0.29620282010201,1
2022-07-01,82202.97259906927,32104.487679950325,114307.4602790196,0.2808608257202518,1
2022-07-04,82202.97259906927,32171.130333762452,114374.10293283172,0.281279848399384,1
2022-07-05,82202.97259906927,32431.704062054687,114634.67666112396,0.2829135564095262,1
2022-07-06,82202.97259906927,32146.472939657706,114349.44553872697,0.2811248693704474,1
2022-07-07,82202.97259906927,31829.921215426784,114032.89381449606,0.27912929463323427,1
2022-07-08,82202.97259906927,31873.905437452926,114076.87803652219,0.2794072382244574,1
2022-07-11,113688.23085592627,0.0,113688.23085592627,0.0,0
2022-07-12,113688.23085592627,0.0,113688.23085592627,0.0,0
2022-07-13,113688.23085592627,0.0,113688.23085592627,0.0,0
2022-07-14,113688.23085592627,0.0,113688.23085592627,0.0,0
2022-07-15,79377.12278360772,34013.647689386366,113390.77047299407,0.2999683973175514,1
2022-07-18,79377.12278360772,34955.45206270498,114332.5748463127,0.305734845119097,1
2022-07-19,79377.12278360772,35347.11723595238,114724.2400195601,0.3081050458902653,1
2022-07-20,79377.12278360772,35458.048778367454,114835.17156197518,0.3087734210353068,1
2022-07-21,79377.12278360772,35589.35922446388,114966.48200807159,0.3095629143628594,1
2022-07-22,79377.12278360772,36225.52978764873,115602.65257125645,0.3133624443895838,1
2022-07-25,79377.12278360772,36264.01866635364,115641.14144996135,0.31359097819045056,1
2022-07-26,79377.12278360772,36055.733226463315,115432.85601007103,0.3123524312983957,1
2022-07-27,79377.12278360772,36245.905927714164,115623.02871132188,0.31348344989483,1
2022-07-28,79377.12278360772,36884.33989232498,116261.4626759327,0.3172533618911747,1
2022-07-29,79377.12278360772,37065.45622425609,116442.57900786381,0.31831531506832156,1
2022-08-01,79377.12278360772,37282.798033466155,116659.92081707387,0.3195853192110996,1
2022-08-02,79377.12278360772,37026.970109167094,116404.09289277482,0.31808993299981597,1
2022-08-03,79377.12278360772,37346.1870914725,116723.30987508022,0.31995483277025977,1
2022-08-04,79377.12278360772,37140.16781662404,116517.29060023176,0.3187524154166194,1
2022-08-05,79377.12278360772,37952.927908888094,117330.0506924958,0.3234715035481996,1
2022-08-08,79377.12278360772,37896.32905515962,117273.45183876733,0.32314499540152664,1
2022-08-10,43912.93567018603,73802.70516582248,117715.6408360085,0.626957510842915,2
2022-08-11,43912.93567018603,74766.50249930157,118679.4381694876,0.6299869939772261,2
2022-08-12,43912.93567018603,75418.83949089241,119331.77516107843,0.6320097005939054,2
2022-08-16,83584.71642859193,36236.90533995158,119821.62176854351,0.3024237596278702,1
2022-08-17,47438.20408098926,72413.8721779696,119852.07625895887,0.6041937231150529,2
2022-08-18,11372.127356630634,108401.16668402845,119773.29404065908,0.905052896409694,3
2022-08-19,11372.127356630634,106712.76299582324,118084.89035245388,0.9036953218765951,3
2022-08-22,11372.127356630634,105327.88108107488,116700.00843770552,0.9025524718560661,3
2022-08-23,11372.127356630634,106234.63812165077,117606.7654782814,0.9033037996548698,3
2022-08-24,11372.127356630634,106692.70759653595,118064.83495316659,0.9036789628246067,3
2022-08-25,11372.127356630634,106357.23360150402,117729.36095813465,0.9034044926084782,3
2022-08-26,11372.127356630634,106112.77865857322,117484.90601520386,0.9032035029660835,3
2022-08-29,11372.127356630634,104607.32853894135,115979.45589557198,0.9019470537362229,3
2022-08-30,11372.127356630634,107558.5439209631,118930.67127759373,0.9043801970133745,3
2022-09-01,11372.127356630634,105649.14295120927,117021.2703078399,0.9028199973670192,3
2022-09-02,11372.127356630634,105488.74809123669,116860.87544786732,0.9026866150621656,3
2022-09-05,11372.127356630634,106658.31517223098,118030.44252886162,0.9036508962181529,3
2022-09-06,11372.127356630634,106934.28070598532,118306.40806261596,0.9038756434003835,3
2022-09-07,11372.127356630634,106257.13092645387,117629.2582830845,0.9033222896869529,3
2022-09-08,11372.127356630634,107596.29671126774,118968.42406789838,0.9044105404797136,3
2022-09-09,47248.93672211026,71351.99512457989,118600.93184669015,0.6016141189920267,2
2022-09-12,11403.361374537206,107460.49631291933,118863.85768745653,0.9040636775854821,3
2022-09-13,11403.361374537206,108331.45516126655,119734.81653580375,0.904761524638681,3
2022-09-14,11403.361374537206,108607.68790275522,120011.04927729242,0.9049807376636706,3
2022-09-15,48665.9088716254,70663.08236618945,119328.99123781486,0.5921702817830963,2
2022-09-16,46996.22791078239,70769.2293066813,117765.4572174637,0.600933677657278,2
2022-09-19,46996.22791078239,70618.69378502687,117614.92169580926,0.6004229120491188,2
2022-09-20,46996.22791078239,71730.2958828283,118726.52379361069,0.604164036736402,2
2022-09-21,46996.22791078239,71616.21296735987,118612.44087814225,0.6037833168017809,2
2022-09-22,46996.22791078239,70387.49878095192,117383.72669173431,0.5996359185783827,2
2022-09-23,46996.22791078239,68619.40950475674,115615.63741553912,0.5935132222480318,2
2022-09-26,46996.22791078239,67332.78265548217,114329.01056626457,0.5889387332400327,2
2022-09-27,46996.22791078239,66698.58152518544,113694.80943596782,0.5866457919765427,2
2022-09-28,46996.22791078239,66002.88608348643,112999.11399426882,0.5841009168163391,2
2022-09-29,46996.22791078239,65614.34735869334,112610.57526947572,0.5826659459085349,2
2022-09-30,46996.22791078239,67243.78122921483,114240.00913999722,0.5886184860753108,2
2022-10-03,46996.22791078239,66520.01100590345,113516.23891668583,0.585995551303679,2
2022-10-04,46996.22791078239,68215.06079244785,115211.28870323024,0.592086605056222,2
2022-10-06,46996.22791078239,68526.34429374104,115522.57220452343,0.5931857557016706,2
2022-10-07,46996.22791078239,68266.42975432592,115262.6576651083,0.5922683992995519,2
2022-10-10,46996.22791078239,67860.03540841254,114856.26331919493,0.590825728152273,2
2022-10-11,80078.99486630419,33814.315561678304,113893.31042798249,0.29689465899807976,1
2022-10-12,80078.99486630419,33726.92501246243,113805.91987876661,0.2963547506877544,1
2022-10-13,80078.99486630419,33154.0314120473,113233.02627835149,0.2927947128300488,1
2022-10-14,80078.99486630419,33800.722424492866,113879.71729079705,0.29681073354073384,1
2022-10-17,113744.47556085499,0.0,113744.47556085499,0.0,0
2022-10-18,113744.47556085499,0.0,113744.47556085499,0.0,0
2022-10-19,113744.47556085499,0.0,113744.47556085499,0.0,0
2022-10-20,113744.47556085499,0.0,113744.47556085499,0.0,0
2022-10-21,113744.47556085499,0.0,113744.47556085499,0.0,0
2022-10-24,113744.47556085499,0.0,113744.47556085499,0.0,0
2022-10-25,113744.47556085499,0.0,113744.47556085499,0.0,0
2022-10-27,113744.47556085499,0.0,113744.47556085499,0.0,0
2022-10-28,113744.47556085499,0.0,113744.47556085499,0.0,0
2022-10-31,113744.47556085499,0.0,113744.47556085499,0.0,0
2022-11-01,79416.39283658896,33663.917823331634,113080.3106599206,0.29769919826779573,1
2022-11-02,79416.39283658896,33519.42294084295,112935.81577743191,0.2968006447742079,1
2022-11-03,79416.39283658896,33665.77214831779,113082.16498490675,0.29771071461897824,1
2022-11-04,79416.39283658896,33541.652226957536,112958.0450635465,0.29693902907126357,1
2022-11-07,79416.39283658896,33993.66655605356,113410.05939264252,0.29974119348939254,1
2022-11-09,79416.39283658896,33734.31433164771,113150.70716823667,0.298136133444489,1
2022-11-10,79416.39283658896,33741.724847476544,113158.11768406551,0.29818209721093586,1
2022-11-11,10774.22643802264,103698.71878176193,114472.94521978457,0.9058797131729558,3
2022-11-14,10774.22643802264,103187.7531408201,113961.97957884274,0.9054577107396712,3
2022-11-15,0.0,114560.97673026724,114560.97673026724,1.0,4
2022-11-16,0.0,114801.8716533125,114801.8716533125,1.0,4
2022-11-17,0.0,114689.26187604148,114689.26187604148,1.0,4
2022-11-18,0.0,114638.14673174056,114638.14673174056,1.0,4
2022-11-21,0.0,113527.10840833763,113527.10840833763,1.0,4
2022-11-22,0.0,113860.47517986756,113860.47517986756,1.0,4
2022-11-23,0.0,113973.18309756852,113973.18309756852,1.0,4
2022-11-24,0.0,115575.66379209704,115575.66379209704,1.0,4
2022-11-25,0.0,115638.16207622323,115638.16207622323,1.0,4
2022-11-28,0.0,116614.14473905825,116614.14473905825,1.0,4
2022-11-29,0.0,117006.93108580515,117006.93108580515,1.0,4
2022-11-30,0.0,117241.5198478741,117241.5198478741,1.0,4
2022-12-01,0.0,118400.72626925117,118400.72626925117,1.0,4
2022-12-02,0.0,117607.03952641011,117607.03952641011,1.0,4
2022-12-05,0.0,117091.91075280041,117091.91075280041,1.0,4
2022-12-06,0.0,116555.60494668152,116555.60494668152,1.0,4
2022-12-07,0.0,115920.25551007624,115920.25551007624,1.0,4
2022-12-08,0.0,115894.84719105015,115894.84719105015,1.0,4
2022-12-09,35232.62265111539,79114.34812292653,114346.97077404193,0.6918797025175449,3
2022-12-12,932.1689204226423,113403.9160483118,114336.08496873445,0.9918471152770576,4
2022-12-13,11371.080956017675,103564.6275622073,114935.70851822497,0.9010657253292644,3
2022-12-14,0.0,114989.06525392614,114989.06525392614,1.0,4
2022-12-15,0.0,113089.86307611698,113089.86307611698,1.0,4
2022-12-16,0.0,112281.01548799725,112281.01548799725,1.0,4
2022-12-19,0.0,112306.51175894211,112306.51175894211,1.0,4
2022-12-20,0.0,112715.85477523017,112715.85477523017,1.0,4
2022-12-21,0.0,111826.04866757119,111826.04866757119,1.0,4
2022-12-22,0.0,111530.420756611,111530.420756611,1.0,4
2022-12-23,0.0,110144.45356174452,110144.45356174452,1.0,4
2022-12-26,0.0,111690.51113964543,111690.51113964543,1.0,4
2022-12-27,0.0,112159.19343427544,112159.19343427544,1.0,4
2022-12-28,33140.007723694296,78627.88224894402,111767.88997263831,0.7034925886870796,3
2022-12-29,33140.007723694296,79203.64219148224,112343.64991517653,0.7050121858359045,3
2022-12-30,33140.007723694296,78302.94466362134,111442.95238731563,0.7026280530641589,3
2023-01-02,33140.007723694296,78870.11088616938,112010.11860986368,0.704133803847468,3
2023-01-03,33140.007723694296,78971.76380627994,112111.77152997424,0.7044020688332984,3
2023-01-04,33140.007723694296,78108.08828140963,111248.09600510393,0.7021071918194998,3
2023-01-05,33140.007723694296,77127.57990046538,110267.58762415967,0.6994583046774363,3
2023-01-06,65724.81637985488,44325.33955469091,110050.1559345458,0.4027739822654514,2
2023-01-09,99011.2901582678,11128.20446712226,110139.49462539006,0.10103736634140062,1
2023-01-10,99011.2901582678,10963.647243876407,109974.9374021442,0.09969223445689042,1
2023-01-11,109884.02428967244,0.0,109884.02428967244,0.0,0
2023-01-12,109884.02428967244,0.0,109884.02428967244,0.0,0
2023-01-13,109884.02428967244,0.0,109884.02428967244,0.0,0
2023-01-16,109884.02428967244,0.0,109884.02428967244,0.0,0
2023-01-17,109884.02428967244,0.0,109884.02428967244,0.0,0
2023-01-18,109884.02428967244,0.0,109884.02428967244,0.0,0
2023-01-19,109884.02428967244,0.0,109884.02428967244,0.0,0
2023-01-20,109884.02428967244,0.0,109884.02428967244,0.0,0
2023-01-23,109884.02428967244,0.0,109884.02428967244,0.0,0
2023-01-24,109884.02428967244,0.0,109884.02428967244,0.0,0
2023-01-25,76721.0257590493,32132.014315887525,108853.04007493683,0.29518711001334585,1
2023-01-27,43967.114540986804,63908.25665118985,107875.37119217665,0.5924267601113442,2
2023-01-30,43967.114540986804,64090.872713998084,108057.98725498488,0.593115551585859,2
2023-01-31,43967.114540986804,63171.02743747408,107138.14197846089,0.5896222042955908,2
2023-02-01,43967.114540986804,64111.60426019128,108078.71880117808,0.5931935997329055,2
2023-02-02,43967.114540986804,64134.59616518447,108101.71070617127,0.5932801224534476,2
2023-02-03,43967.114540986804,65423.43750434318,109390.55204532998,0.5980721029475432,2
2023-02-06,43967.114540986804,65073.63145912014,109040.74600010694,0.596782705971732,2
2023-02-07,43967.114540986804,65241.12419034039,109208.2387313272,0.5974011205404184,2
2023-02-08,43967.114540986804,65689.11306833965,109656.22760932645,0.5990458955269831,2
2023-02-09,43967.114540986804,65819.06889923147,109786.18344021827,0.5995205119328321,2
2023-02-10,10903.738513344462,98691.88928402597,109595.62779737043,0.9005093658160871,3
2023-02-13,10903.738513344462,97354.6654741289,108258.40398747336,0.8992804427949432,3
2023-02-14,10903.738513344462,98347.75961454796,109251.49812789242,0.9001959817468106,3
2023-02-15,10903.738513344462,98554.21983025788,109457.95834360234,0.9003842326465085,3
2023-02-16,10903.738513344462,98888.52069817696,109792.25921152142,0.9006875476317711,3
2023-02-17,10903.738513344462,97818.26124530633,108721.9997586508,0.8997099157709627,3
2023-02-20,10903.738513344462,97559.82632281905,108463.56483616351,0.8994709557092763,3
2023-02-21,10903.738513344462,97070.84278971495,107974.58130305941,0.8990156907139077,3
2023-02-22,10903.738513344462,95610.71486738311,106514.45338072757,0.8976313714499392,3
2023-02-23,42152.314435506676,64040.36468159814,106192.67911710482,0.6030581883236708,2
2023-02-24,74482.46069657308,31596.72819374449,106079.18889031757,0.2978598208024995,1
2023-02-27,74482.46069657308,30754.16287027601,105236.62356684908,0.2922382135411267,1
2023-02-28,74482.46069657308,30310.975286105546,104793.43598267862,0.28924497991568543,1
2023-03-01,74482.46069657308,30484.17503164343,104966.63572821651,0.29041775817769544,1
2023-03-02,74482.46069657308,29997.177602600506,104479.63829917359,0.2871102742211329,1
2023-03-03,74482.46069657308,30142.86965073054,104625.33034730362,0.2881029818560317,1
2023-03-06,74482.46069657308,30716.464465183926,105198.92516175701,0.29198458461389576,1
2023-03-08,74482.46069657308,30415.91196557407,104898.37266214714,0.28995599448941434,1
2023-03-09,74482.46069657308,30165.283237975513,104647.74393454859,0.28825545686720433,1
2023-03-10,74482.46069657308,29984.952235681296,104467.41293225437,0.28702684783747934,1
2023-03-13,104138.63300313691,0.0,104138.63300313691,0.0,0
2023-03-14,104138.63300313691,0.0,104138.63300313691,0.0,0
2023-03-15,104138.63300313691,0.0,104138.63300313691,0.0,0
2023-03-16,104138.63300313691,0.0,104138.63300313691,0.0,0
2023-03-17,104138.63300313691,0.0,104138.63300313691,0.0,0
2023-03-20,104138.63300313691,0.0,104138.63300313691,0.0,0
2023-03-21,104138.63300313691,0.0,104138.63300313691,0.0,0
2023-03-22,104138.63300313691,0.0,104138.63300313691,0.0,0
2023-03-23,104138.63300313691,0.0,104138.63300313691,0.0,0
2023-03-24,104138.63300313691,0.0,104138.63300313691,0.0,0
2023-03-27,104138.63300313691,0.0,104138.63300313691,0.0,0
2023-03-28,104138.63300313691,0.0,104138.63300313691,0.0,0
2023-03-29,104138.63300313691,0.0,104138.63300313691,0.0,0
2023-03-31,104138.63300313691,0.0,104138.63300313691,0.0,0
2023-04-03,104138.63300313691,0.0,104138.63300313691,0.0,0
2023-04-05,104138.63300313691,0.0,104138.63300313691,0.0,0
2023-04-06,104138.63300313691,0.0,104138.63300313691,0.0,0
2023-04-10,104138.63300313691,0.0,104138.63300313691,0.0,0
2023-04-11,104138.63300313691,0.0,104138.63300313691,0.0,0
2023-04-12,104138.63300313691,0.0,104138.63300313691,0.0,0
2023-04-13,72709.59356279019,31518.561430189824,104228.15499298001,0.30239968684385393,1
2023-04-17,72709.59356279019,31599.19803368412,104308.79159647432,0.3029389713949307,1
2023-04-18,72709.59356279019,31443.18247961025,104152.77604240044,0.30189480947497527,1
2023-04-19,72709.59356279019,31269.639275953763,103979.23283874395,0.30072965939697055,1
2023-04-20,72709.59356279019,31357.28822320123,104066.88178599143,0.30131861054207426,1
2023-04-21,41300.621880128325,62376.91633807508,103677.53821820341,0.6016434939532845,2
2023-04-24,41300.621880128325,63300.03143269599,104600.65331282432,0.6051590446895923,2
2023-04-25,41300.621880128325,63156.08710304614,104456.70898317447,0.6046149425712724,2
2023-04-26,41300.621880128325,63351.78391433015,104652.40579445848,0.6053543005858422,2
2023-04-27,41300.621880128325,63643.086804632534,104943.70868476086,0.606449758658799,2
2023-04-28,41300.621880128325,63742.01120545008,105042.6330855784,0.606820386476026,2
2023-05-02,41300.621880128325,63891.477697911134,105192.09957803946,0.6073790517938241,2
2023-05-03,41300.621880128325,64028.142932746836,105328.76481287516,0.6078884818073949,2
2023-05-04,41300.621880128325,64636.01662466863,105936.63850479695,0.6101384519742131,2
2023-05-05,41300.621880128325,62909.1797881529,104209.80166828123,0.6036781452516747,2
2023-05-08,41300.621880128325,63644.768991945006,104945.39087207333,0.6064560669417766,2
2023-05-09,41300.621880128325,63522.996718995564,104823.61859912389,0.605998891928412,2
2023-05-10,9662.738107379846,95255.56284918793,104918.30095656778,0.9079022628151417,3
2023-05-11,9662.738107379846,95180.70583517468,104843.44394255453,0.9078365060892675,3
2023-05-12,9662.738107379846,95669.75809221738,105332.49619959723,0.9082644154841857,3
2023-05-15,42551.690827783845,62788.56312846535,105340.25395624919,0.5960547916900146,2
2023-05-16,10764.478891056395,93283.90466988226,104048.38356093866,0.896543525976529,3
2023-05-17,10764.478891056395,92702.38457115206,103466.86346220845,0.8959620642700922,3
2023-05-18,10764.478891056395,92996.42161110221,103760.9005021586,0.896256886370869,3
2023-05-19,10764.478891056395,93391.17361261105,104155.65250366744,0.8966500748418108,3
2023-05-22,41352.521556258056,62616.39582829084,103968.9173845489,0.602260727566222,2
2023-05-23,9936.602026236775,93856.16659291976,103792.76861915653,0.9042649872584397,3
2023-05-24,9936.602026236775,93310.99070460656,103247.59273084335,0.9037594798733898,3
2023-05-25,9936.602026236775,93187.54786485441,103124.14989109119,0.9036442769542268,3
2023-05-26,9936.602026236775,94723.35710219175,104659.95912842851,0.9050582275305159,3
2023-05-29,9936.602026236775,94735.86509414519,104672.46712038197,0.9050695727386566,3
2023-05-30,9936.602026236775,94748.32319037424,104684.92521661101,0.9050808699946412,3
2023-05-31,9936.602026236775,93837.36332600827,103773.96535224505,0.904247640605151,3
2023-06-01,9936.602026236775,93645.20716735776,103581.80919359453,0.9040700089755601,3
2023-06-02,9936.602026236775,93437.91379897413,103374.5158252109,0.9038776438572355,3
2023-06-05,9936.602026236775,93844.70214227316,103781.30416850993,0.9042544116606717,3
2023-06-06,9936.602026236775,93181.91830777327,103118.52033401004,0.9036390165990432,3
2023-06-07,41159.431693969804,62206.44816466364,103365.87985863345,0.6018083360751073,2
2023-06-08,10039.372533365327,92622.81655266172,102662.18908602705,0.9022096389844881,3
2023-06-09,10039.372533365327,92152.85672166715,102192.22925503248,0.9017599223879252,3
2023-06-12,10039.372533365327,92465.33523658903,102504.70776995436,0.9020594004726482,3
2023-06-13,40981.252321031294,61757.82374232757,102739.07606335887,0.6011132872583136,2
2023-06-14,40981.252321031294,62209.922374239206,103191.1746952705,0.6028608798954823,2
2023-06-15,9854.734195432564,92367.41985762224,102222.15405305481,0.9035949272765489,3
2023-06-16,9854.734195432564,92533.08048328996,102387.81467872253,0.9037509079927604,3
2023-06-19,9854.734195432564,92188.95357250886,102043.68776794143,0.9034263224801977,3
2023-06-20,40032.09134030425,62007.80724723327,102039.89858753752,0.6076819764186486,2
2023-06-21,40032.09134030425,62068.73040371189,102100.82174401614,0.6079160710315201,2
2023-06-22,40032.09134030425,61747.75249719437,101779.84383749863,0.6066795759264539,2
2023-06-23,40032.09134030425,61417.60770493648,101449.69904524073,0.6053996047592783,2
2023-06-26,40032.09134030425,61310.519919919956,101342.6112602242,0.6049826342296315,2
2023-06-27,40032.09134030425,61606.13992701666,101638.23126732091,0.6061315624923167,2
2023-06-28,40032.09134030425,62058.51859649441,102090.60993679866,0.6078768520916178,2
2023-06-30,40032.09134030425,62220.91641015011,102253.00775045436,0.6084996204903678,2
2023-07-03,40032.09134030425,63290.32880143584,103322.42014174009,0.6125517454451096,2
2023-07-04,40032.09134030425,63028.37211370486,103060.46345400912,0.6115669384878263,2
2023-07-05,40032.09134030425,63413.36234068275,103445.453680987,0.6130125596069376,2
2023-07-06,40032.09134030425,64129.0817224372,104161.17306274145,0.615671654195072,2
2023-07-07,72363.78114433275,31128.35386081163,103492.13500514437,0.30077989848469455,1
2023-07-10,9903.870222218204,93729.29144852894,103633.16167074714,0.9044333873197482,3
2023-07-11,9903.870222218204,93807.67783265041,103711.54805486862,0.9045056176677784,3
2023-07-12,9903.870222218204,93536.04292148839,103439.9131437066,0.9042548478510515,3
2023-07-13,9903.870222218204,93774.29467206304,103678.16489428125,0.904474869589783,3
2023-07-14,41281.91779844482,62377.04491762236,103658.96271606718,0.6017525478089112,2
2023-07-17,9944.66833885014,94654.43954377052,104599.10788262066,0.9049258780485023,3
2023-07-18,9944.66833885014,94948.1751855338,104892.84352438393,0.9051921179299677,3
2023-07-19,1.8189894035458565e-12,104915.00591427932,104915.00591427932,1.0,5
2023-07-20,1.8189894035458565e-12,104910.65054217333,104910.65054217333,1.0,5
2023-07-21,1.8189894035458565e-12,102425.06767922337,102425.06767922337,1.0,5
2023-07-24,1.8189894035458565e-12,102058.44477566068,102058.44477566068,1.0,5
2023-07-25,1.8189894035458565e-12,102424.59943902696,102424.59943902696,1.0,5
2023-07-26,1.8189894035458565e-12,102779.59659199289,102779.59659199289,1.0,5
2023-07-27,1.8189894035458565e-12,102217.0024272213,102217.0024272213,1.0,5
2023-07-28,1.8189894035458565e-12,101597.06664680084,101597.06664680084,1.0,5
2023-07-31,1.8189894035458565e-12,102655.97866241481,102655.97866241481,1.0,5
2023-08-01,1.8189894035458565e-12,102695.83098066536,102695.83098066536,1.0,5
2023-08-02,1.8189894035458565e-12,101786.20589975463,101786.20589975463,1.0,5
2023-08-03,1.8189894035458565e-12,100986.89143006584,100986.89143006584,1.0,5
2023-08-04,1.8189894035458565e-12,102309.35052527231,102309.35052527231,1.0,5
2023-08-07,62240.58861181914,40474.13196652902,102714.72057834816,0.3940441227765049,3
2023-08-08,62240.58861181914,40366.88877365246,102607.4773854716,0.39341079034624127,3
2023-08-09,31302.677686116385,70979.53810508216,102282.21579119854,0.6939577673012243,4
2023-08-10,31302.677686116385,70464.93295800932,101767.6106441257,0.6924102129548891,4
2023-08-11,583.7624781907471,100806.0197766221,101389.78225481285,0.9942423934127441,5
2023-08-14,30935.877777668906,70520.73939599513,101456.61717366404,0.6950826999808624,4
2023-08-16,30935.877777668906,70475.57879413679,101411.4565718057,0.6949469140524142,4
2023-08-17,40428.15602750517,60319.73793448278,100747.89396198795,0.5987195916694927,2
2023-08-18,40428.15602750517,60424.56362769624,100852.7196552014,0.5991366800447001,2
2023-08-21,40428.15602750517,59957.58133453638,100385.73736204155,0.5972719124261561,2
2023-08-22,10104.560162088666,89808.32254157322,99912.88270366189,0.8988662934282614,3
2023-08-23,10104.560162088666,90057.3788540003,100161.93901608896,0.8991177660761382,3
2023-08-24,10104.560162088666,89317.23052004693,99421.79068213559,0.8983667454311475,3
2023-08-25,10104.560162088666,88790.82487046311,98895.38503255177,0.8978257665030304,3
2023-08-28,10104.560162088666,88745.55046034369,98850.11062243234,0.8977789696090072,3
2023-08-29,10104.560162088666,88702.20634817726,98806.76651026594,0.8977341277427714,3
2023-08-30,10104.560162088666,88589.86780706361,98694.42796915228,0.8976177240193648,3
2023-08-31,0.0,98065.38272008198,98065.38272008198,1.0,4
2023-09-01,0.0,98451.3493596658,98451.3493596658,1.0,4
2023-09-04,0.0,99108.23338471123,99108.23338471123,1.0,4
2023-09-05,0.0,99277.0207521832,99277.0207521832,1.0,4
2023-09-06,0.0,99716.49331907737,99716.49331907737,1.0,4
2023-09-07,29505.524782741544,70218.66335748721,99724.18814022875,0.704128704048692,3
2023-09-08,29505.524782741544,70319.43922091945,99824.96400366099,0.7044273937162706,3
2023-09-11,58893.784791242,41191.08542967099,100084.87022091298,0.41156156109061937,2
2023-09-12,58893.784791242,42251.48772858268,101145.27251982468,0.417730722118538,2
2023-09-13,58893.784791242,42117.43315066571,101011.2179419077,0.41695797762668063,2
2023-09-14,58893.784791242,42108.471035140654,101002.25582638265,0.41690624323800063,2
2023-09-15,58893.784791242,42480.12133573274,101373.90612697473,0.4190439429504152,2
2023-09-18,58893.784791242,42411.13903920821,101304.9238304502,0.4186483483289514,2
2023-09-20,90441.88511839727,10429.926815020359,100871.81193341763,0.1033978334988652,1
2023-09-21,29571.289736850504,70353.03971331629,99924.3294501668,0.7040631656017468,3
2023-09-22,29571.289736850504,70190.69278776563,99761.98252461613,0.703581574979689,3
2023-09-25,29571.289736850504,70000.08763649245,99571.37737334296,0.7030141540979901,3
2023-09-26,29571.289736850504,69741.5109508286,99312.8006876791,0.7022409041725961,3
2023-09-27,29571.289736850504,69643.41547632928,99214.70521317978,0.7019465040659897,3
2023-09-28,29571.289736850504,68992.13188762932,98563.42162447983,0.6999770376325288,3
2023-09-29,39534.099835512374,59136.15267276877,98670.25250828115,0.5993311172260922,2
2023-10-03,39534.099835512374,58653.67542036205,98187.77525587443,0.5973623016461297,2
2023-10-04,39534.099835512374,58538.720971536626,98072.82080704899,0.5968903564699869,2
2023-10-05,39534.099835512374,59307.16841972644,98841.26825523881,0.6000243568969282,2
2023-10-06,39534.099835512374,59711.666494657286,99245.76633016966,0.6016545461093948,2
2023-10-09,9567.674157527006,89653.03079234395,99220.70494987097,0.9035717982213404,3
2023-10-10,9567.674157527006,90362.9446436582,99930.61880118519,0.9042568306660629,3
2023-10-11,9567.674157527006,90246.16889927523,99813.84305680223,0.9041448173468062,3
2023-10-12,9567.674157527006,89126.20951708639,98693.8836746134,0.9030570710027893,3
2023-10-13,9567.674157527006,88575.2396847899,98142.91384231692,0.9025128378305632,3
2023-10-16,9567.674157527006,88244.77657512078,97812.45073264779,0.9021834737207589,3
2023-10-17,9567.674157527006,88347.41072653203,97915.08488405903,0.9022860045634842,3
2023-10-18,9567.674157527006,87828.49106519597,97396.16522272298,0.9017653915259609,3
2023-10-19,9567.674157527006,87174.79272887211,96742.46688639911,0.9011016106425946,3
2023-10-20,67083.00511606144,29022.113028773667,96105.11814483511,0.3019830118208265,1
2023-10-23,67083.00511606144,28643.895762150783,95726.90087821223,0.29922514464970246,1
2023-10-25,67083.00511606144,27858.99272879084,94941.99784485227,0.2934317094771494,1
2023-10-26,67083.00511606144,27643.44728664985,94726.4524027113,0.2918239476458915,1
2023-10-27,67083.00511606144,28068.43440933267,95151.4395253941,0.2949869655081964,1
2023-10-30,67083.00511606144,28001.332747148812,95084.33786321025,0.2944894330276764,1
2023-10-31,67083.00511606144,27825.440656592444,94908.44577265388,0.2931819231688423,1
2023-11-01,67083.00511606144,27535.677047792287,94618.68216385372,0.2910173384164029,1
2023-11-02,67083.00511606144,27861.02566118194,94944.03077724337,0.2934468384489507,1
2023-11-03,67083.00511606144,28245.34420719105,95328.34932325249,0.2962953246091868,1
2023-11-06,67083.00511606144,28535.107815991207,95618.11293205264,0.2984278495045033,1
2023-11-07,95380.20076562629,0.0,95380.20076562629,0.0,0
2023-11-08,95380.20076562629,0.0,95380.20076562629,0.0,0
2023-11-09,95380.20076562629,0.0,95380.20076562629,0.0,0
2023-11-10,95380.20076562629,0.0,95380.20076562629,0.0,0
2023-11-13,95380.20076562629,0.0,95380.20076562629,0.0,0
2023-11-15,95380.20076562629,0.0,95380.20076562629,0.0,0
2023-11-16,95380.20076562629,0.0,95380.20076562629,0.0,0
2023-11-17,95380.20076562629,0.0,95380.20076562629,0.0,0
2023-11-20,95380.20076562629,0.0,95380.20076562629,0.0,0
2023-11-21,95380.20076562629,0.0,95380.20076562629,0.0,0
2023-11-22,95380.20076562629,0.0,95380.20076562629,0.0,0
2023-11-23,95380.20076562629,0.0,95380.20076562629,0.0,0
2023-11-24,95380.20076562629,0.0,95380.20076562629,0.0,0
2023-11-28,95380.20076562629,0.0,95380.20076562629,0.0,0
2023-11-29,66594.45617456027,28527.314367209634,95121.7705417699,0.2999031053010384,1
2023-11-30,66594.45617456027,28251.036584676312,94845.49275923659,0.29786377573461514,1
2023-12-01,66594.45617456027,28451.264869232815,95045.72104379308,0.2993429326094929,1
2023-12-04,66594.45617456027,28759.031217076295,95353.48739163656,0.30160439857807175,1
2023-12-05,66594.45617456027,28967.576962176765,95562.03313673704,0.3031285125623884,1
2023-12-06,8846.149138582692,86158.07982660922,95004.22896519191,0.9068867856206297,3
2023-12-07,0.0,94787.97003445422,94787.97003445422,1.0,4
2023-12-08,0.0,95657.22231618864,95657.22231618864,1.0,4
2023-12-11,0.0,95822.55268895619,95822.55268895619,1.0,4
2023-12-12,0.0,95001.83670595312,95001.83670595312,1.0,4
2023-12-13,0.0,94842.2142691403,94842.2142691403,1.0,4
2023-12-14,0.0,96410.47418779682,96410.47418779682,1.0,4
2023-12-15,0.0,97461.87112733317,97461.87112733317,1.0,4
2023-12-18,0.0,97213.44524561554,97213.44524561554,1.0,4
2023-12-19,0.0,97399.30018768291,97399.30018768291,1.0,4
2023-12-20,0.0,96723.50426052121,96723.50426052121,1.0,4
2023-12-21,0.0,97598.36124210648,97598.36124210648,1.0,4
2023-12-22,0.0,97225.12634591782,97225.12634591782,1.0,4
2023-12-26,0.0,97492.31575648431,97492.31575648431,1.0,4
2023-12-27,0.0,98302.73188403499,98302.73188403499,1.0,4
2023-12-28,882.9363057643859,97017.82783790074,97900.76414366512,0.990981313440325,4
2023-12-29,0.0,97525.42715172417,97525.42715172417,1.0,5
2024-01-01,0.0,97598.27567394948,97598.27567394948,1.0,5
2024-01-02,0.0,96820.91398334809,96820.91398334809,1.0,5
2024-01-03,0.0,95432.07840882207,95432.07840882207,1.0,5
2024-01-04,56971.58279468499,38219.80746597567,95191.39026066066,0.40150487729319995,3
2024-01-05,37191.89537801263,58207.690137681595,95399.58551569423,0.6101461533929392,3
2024-01-08,8418.963173952736,85909.59999784472,94328.56317179746,0.9107485273721432,4
2024-01-09,8418.963173952736,85899.32503739782,94318.28821135056,0.9107388043866176,4
2024-01-10,8418.963173952736,86017.87250067925,94436.83567463199,0.9108508548194159,4
2024-01-11,8418.963173952736,85616.682958027,94035.64613197974,0.9104705128293938,4
2024-01-12,8418.963173952736,88846.71573807097,97265.67891202371,0.9134436394407153,4
2024-01-15,8418.963173952736,90295.45469479065,98714.41786874339,0.9147139459896618,4
2024-01-16,8418.963173952736,89677.19067210147,98096.1538460542,0.914176419320528,4
2024-01-17,8418.963173952736,87613.13231052434,96032.09548447707,0.9123317768764756,4
2024-01-18,8418.963173952736,86932.36165340056,95351.3248273533,0.9117058605195425,4
2024-01-19,8418.963173952736,87292.62177000384,95711.58494395658,0.9120382012388321,4
2024-01-23,8418.963173952736,85559.97209408494,93978.93526803768,0.9104164869506025,4
2024-01-24,0.0,94671.18643471714,94671.18643471714,1.0,5
2024-01-25,0.0,94048.29601000552,94048.29601000552,1.0,5
2024-01-29,29174.357632595944,64841.13821086073,94015.49584345668,0.6896856484044547,4
2024-01-30,1746.4637003505086,91783.15457986384,93529.61828021434,0.9813271588993542,4
2024-01-31,0.0,94238.4376376409,94238.4376376409,1.0,5
2024-02-01,0.0,94489.63480032499,94489.63480032499,1.0,5
2024-02-02,0.0,95687.54489941636,95687.54489941636,1.0,5
2024-02-05,0.0,95575.25188824501,95575.25188824501,1.0,5
2024-02-06,24315.034194545216,73131.8376264027,97446.87182094791,0.7504790688486906,4
2024-02-07,56464.53618931543,40372.99633011803,96837.53251943347,0.4169147569101467,3
2024-02-08,27216.484408829325,69464.36281048793,96680.84721931725,0.7184914572884364,4
2024-02-09,27216.484408829325,69258.97169774649,96475.45610657582,0.7178921405796366,4
2024-02-12,27216.484408829325,69217.55950718852,96434.04391601784,0.7177709934830534,4
2024-02-13,27216.484408829325,69715.75011117852,96932.23452000786,0.7192215309633498,4
2024-02-14,27216.484408829325,69078.93023004464,96295.41463887398,0.7173646895763801,4
2024-02-15,27216.484408829325,69213.20462593294,96429.68903476227,0.7177582476801521,4
2024-02-16,27216.484408829325,69873.78197903377,97090.26638786308,0.7196785484128453,4
2024-02-19,27216.484408829325,69842.82159522292,97059.30600405225,0.7195891303025282,4
2024-02-20,27216.484408829325,69089.0752469027,96305.55965573204,0.7173944629352514,4
2024-02-21,27216.484408829325,68312.13147255452,95528.61588138386,0.715096003875702,4
2024-02-22,35749.56199381051,60928.517342956504,96678.07933676701,0.6302206018255596,3
2024-02-23,6392.344400636932,89551.45975266396,95943.80415330088,0.9333740781174039,4
2024-02-26,6392.344400636932,88685.52704028843,95077.87144092537,0.9327672748268383,4
2024-02-27,35868.92091386722,59236.45943151896,95105.38034538619,0.6228507705494148,3
2024-02-28,8937.035863067682,85894.69010462133,94831.72596768901,0.9057590086875282,3
2024-02-29,0.0,94795.51827240193,94795.51827240193,1.0,4
2024-03-01,0.0,95597.86476310984,95597.86476310984,1.0,4
2024-03-04,0.0,95444.22503612713,95444.22503612713,1.0,4
2024-03-05,0.0,94278.88211645975,94278.88211645975,1.0,4
2024-03-06,0.0,95096.18469482547,95096.18469482547,1.0,4
2024-03-07,27513.777989017868,67313.6905401724,94827.46852919027,0.7098543447825095,3
2024-03-11,27513.777989017868,67082.63712872966,94596.41511774753,0.709145658905039,3
2024-03-12,27513.777989017868,67573.5278885194,95087.30587753726,0.710647202220107,3
2024-03-13,27513.777989017868,67203.05747948485,94716.83546850272,0.7095154430263103,3
2024-03-14,27513.777989017868,67598.23632294094,95112.0143119588,0.7107223710058841,3
2024-03-15,27513.777989017868,67510.55571414134,95024.33370315921,0.7104554494960575,3
2024-03-18,27513.777989017868,67196.74974820737,94710.52773722523,0.7094960967237458,3
2024-03-19,27513.777989017868,65962.77342425645,93476.55141327431,0.7056611784128065,3
2024-03-20,27513.777989017868,66045.29207820767,93559.07006722553,0.7059207838507989,3
2024-03-21,27513.777989017868,66029.77564519027,93543.55363420813,0.7058720037875886,3
2024-03-22,27513.777989017868,65853.10957848298,93366.88756750085,0.7053154634813503,3
2024-03-26,56819.01321774951,35802.68293910617,92621.69615685567,0.38654747672158807,2
2024-03-27,28830.857952329792,63680.6951486668,92511.55310099659,0.6883539732507289,3
2024-03-28,28830.857952329792,64130.47733037154,92961.33528270133,0.6898618348730328,3
2024-04-01,55869.6197331444,37234.35413564785,93103.97386879225,0.3999222867556734,2
2024-04-02,64814.57515655458,27757.04678436638,92571.62194092096,0.29984401485458334,1
2024-04-03,36924.496529525335,55182.14802089179,92106.64455041713,0.5991114787672708,2
2024-04-04,36924.496529525335,55062.23475589866,91986.731285424,0.5985888832710777,2
2024-04-05,36924.496529525335,55126.19973584944,92050.69626537478,0.5988678192821598,2
2024-04-08,36924.496529525335,55706.48989263263,92630.98642215796,0.6013807263020493,2
2024-04-09,36924.496529525335,55799.76101228768,92724.25754181301,0.6017816965223515,2
2024-04-10,36924.496529525335,56157.98276544726,93082.4792949726,0.6033142132740803,2
2024-04-12,36924.496529525335,55797.19950462811,92721.69603415344,0.6017706954376197,2
2024-04-15,36924.496529525335,55084.93816047045,92009.43468999577,0.5986879317981492,2
2024-04-16,36924.496529525335,54812.14539671165,91736.64192623697,0.5974945697356642,2
2024-04-18,36924.496529525335,54487.68551830125,91412.18204782659,0.5960659104471815,2
2024-04-19,36924.496529525335,54899.1175067602,91823.61403628554,0.5978758087768791,2
2024-04-22,36924.496529525335,55579.0792456098,92503.57577513513,0.600831684395809,2
2024-04-23,36924.496529525335,55287.55773178012,92212.05426130546,0.599569743616266,2
2024-04-24,36924.496529525335,55283.27029370249,92207.76682322782,0.5995511245781111,2
2024-04-25,36924.496529525335,55903.01957541873,92827.51610494406,0.6022246626982761,2
2024-04-26,36924.496529525335,55613.9455049995,92538.44203452484,0.6009820814170471,2
2024-04-29,65198.895688461125,27404.79979467519,92603.69548313631,0.2959363516941478,1
2024-04-30,37234.305228300786,55010.68665580352,92244.9918841043,0.5963541817524186,2
2024-05-02,37234.305228300786,54739.85509830748,91974.16032660827,0.5951655867682997,2
2024-05-03,37234.305228300786,54193.28340926516,91427.58863756595,0.5927454088732044,2
2024-05-06,63925.694053050844,27470.688399737,91396.38245278785,0.30056647388563096,1
2024-05-07,63925.694053050844,27125.59674242466,91051.2907954755,0.29791556501220495,1
2024-05-08,63925.694053050844,26912.310702980878,90838.00475603172,0.29626708309215566,1
2024-05-09,63925.694053050844,26737.367530933298,90663.06158398415,0.2949091621637507,1
2024-05-10,63925.694053050844,26769.722159254194,90695.41621230503,0.29516069584586385,1
2024-05-13,63925.694053050844,27032.133991952298,90957.82804500315,0.2971941456053417,1
2024-05-14,63925.694053050844,26853.598461534188,90779.29251458503,0.29581193813798184,1
2024-05-15,63925.694053050844,26944.662405928506,90870.35645897935,0.2965176263844838,1
2024-05-16,63925.694053050844,27105.22736837417,91030.92142142501,0.29775846432325237,1
2024-05-17,63925.694053050844,27092.045636438008,91017.73968948885,0.29765676151554354,1
2024-05-21,63925.694053050844,26863.18198435329,90788.87603740413,0.29588627105908794,1
2024-05-22,63925.694053050844,26627.130690154245,90552.82474320508,0.2940508014594243,1
2024-05-23,63925.694053050844,27187.904267615144,91113.59832066599,0.2983956815307612,1
2024-05-24,63925.694053050844,27126.79322009041,91052.48727314125,0.2979247907716663,1
2024-05-27,63925.694053050844,27075.271546131316,91000.96559918216,0.2975272994946621,1
2024-05-28,63925.694053050844,27006.969931118994,90932.66398416983,0.2969996560952019,1
2024-05-29,63925.694053050844,26409.052889300914,90334.74694235176,0.29234656412060556,1
2024-05-30,90057.18827577836,0.0,90057.18827577836,0.0,0
2024-05-31,90057.18827577836,0.0,90057.18827577836,0.0,0
2024-06-03,90057.18827577836,0.0,90057.18827577836,0.0,0
2024-06-04,62877.92885414846,25000.02624050049,87877.95509464895,0.284485753151336,1
2024-06-05,62877.92885414846,25868.01154040746,88745.94039455592,0.2914838856335374,1
2024-06-06,62877.92885414846,25908.84410180991,88786.77295595837,0.29180972840021663,1
2024-06-07,62877.92885414846,26172.50407505651,89050.43292920497,0.2939065337937619,1
2024-06-10,62877.92885414846,26221.505427342203,89099.43428149066,0.2942948587585972,1
2024-06-11,36016.2394926795,52943.33121233669,88959.5707050162,0.5951392390133393,2
2024-06-12,36016.2394926795,53135.28160405098,89151.52109673049,0.5960109367780562,2
2024-06-13,36016.2394926795,52963.87639862536,88980.11589130486,0.5952327198958054,2
2024-06-14,9098.380215952147,80096.0947434266,89194.47495937874,0.8979939035450821,3
2024-06-18,9098.380215952147,80747.7198084577,89846.10002440984,0.8987337211801041,3
2024-06-19,9098.380215952147,81703.30773197001,90801.68794792215,0.8997994374160713,3
2024-06-20,1.8189894035458565e-12,91501.50492818055,91501.50492818055,1.0,4
2024-06-21,1.8189894035458565e-12,91231.13649906291,91231.13649906291,1.0,4
2024-06-24,1.8189894035458565e-12,91347.68729926941,91347.68729926941,1.0,4
2024-06-25,1.8189894035458565e-12,92984.89201203201,92984.89201203201,1.0,4
2024-06-26,1.8189894035458565e-12,94366.09306097458,94366.09306097458,1.0,4
2024-06-27,1.8189894035458565e-12,94814.15563830175,94814.15563830175,1.0,4
2024-06-28,1.8189894035458565e-12,94723.54904901278,94723.54904901278,1.0,4
2024-07-01,1.8189894035458565e-12,95424.49341895297,95424.49341895297,1.0,4
2024-07-02,1.8189894035458565e-12,95636.43814727674,95636.43814727674,1.0,4
2024-07-03,27758.41566681474,68315.04506951901,96073.46073633374,0.7110709299522833,3
2024-07-04,0.0,95481.23102853759,95481.23102853759,1.0,5
2024-07-05,0.0,94708.34658979476,94708.34658979476,1.0,5
2024-07-08,0.0,94752.04973913985,94752.04973913985,1.0,5
2024-07-09,0.0,94673.1651132983,94673.1651132983,1.0,5
2024-07-10,27802.663458542873,66107.02807053445,93909.69152907732,0.7039425536827122,4
2024-07-11,0.0,93667.31853532387,93667.31853532387,1.0,5
2024-07-12,0.0,95161.1045520592,95161.1045520592,1.0,5
2024-07-15,29029.380082892727,65974.87195886546,95004.25204175818,0.6944412543752975,4
2024-07-16,340.15515626465276,94401.21017350315,94741.3653297678,0.9964096447725799,5
2024-07-18,340.15515626465276,95284.04661645243,95624.20177271708,0.996442792201569,5
2024-07-19,11272.875855402453,84042.28482286708,95315.16067826953,0.8817305056699914,4
2024-07-22,0.0,94803.4105765328,94803.4105765328,1.0,5
2024-07-23,0.0,94216.03502498474,94216.03502498474,1.0,5
2024-07-24,0.0,94064.40610797954,94064.40610797954,1.0,5
2024-07-25,0.0,93936.56563191475,93936.56563191475,1.0,5
2024-07-26,0.0,94926.73382726677,94926.73382726677,1.0,5
2024-07-29,0.0,94891.90304132391,94891.90304132391,1.0,5
2024-07-30,0.0,94893.06649417889,94893.06649417889,1.0,5
2024-07-31,0.0,94832.9836886139,94832.9836886139,1.0,5
2024-08-01,0.0,95291.20977164718,95291.20977164718,1.0,5
2024-08-02,28322.16463006481,66405.27155005616,94727.43618012097,0.7010141330521056,3
2024-08-05,3.7463611858547665,91896.71848193607,91900.46484312192,0.9999592345784948,4
2024-08-06,3.7463611858547665,91907.5187360313,91911.26509721715,0.9999592393687337,4
2024-08-07,3.7463611858547665,92890.72274333182,92894.46910451767,0.9999596707831804,4
2024-08-08,3.7463611858547665,92449.31828529917,92453.06464648503,0.9999594782368743,4
2024-08-09,27949.267241890913,65488.93761850363,93438.20486039454,0.7008796639056825,3
2024-08-12,27949.267241890913,65190.289167600924,93139.55640949184,0.6999205459062868,3
2024-08-13,27949.267241890913,65252.924266359274,93202.1915082502,0.7001222096862726,3
2024-08-14,53984.57584396802,39872.49073314588,93857.0665771139,0.42482140330250195,2
2024-08-16,53984.57584396802,40896.90082896569,94881.47667293371,0.43103145379937063,2
2024-08-19,53984.57584396802,41424.390714774,95408.96655874202,0.43417712410991854,2
2024-08-20,65617.05482658849,30037.443614950804,95654.4984415393,0.3140201883271454,1
2024-08-21,36759.1487175182,58873.785082143644,95632.93379966184,0.6156224926182472,2
2024-08-22,36759.1487175182,58660.57788323022,95419.72660074841,0.6147636340300531,2
2024-08-23,36759.1487175182,58129.90618651525,94889.05490403344,0.6126091807459273,2
2024-08-26,36759.1487175182,58600.844906229475,95359.99362374766,0.6145223240832517,2
2024-08-27,36759.1487175182,58932.04065033119,95691.18936784938,0.6158564967124482,2
2024-08-28,36759.1487175182,59587.774026752595,96346.92274427079,0.6184709623255294,2
2024-08-29,36759.1487175182,59537.992430970364,96297.14114848856,0.6182737277648127,2
2024-08-30,36759.1487175182,59974.90382577623,96734.05254329443,0.6199978420105348,2
2024-09-02,36759.1487175182,60075.95959766179,96835.10831518,0.6203944069760926,2
2024-09-03,66601.51595951858,29697.77249448021,96299.2884539988,0.30839036270414955,1
2024-09-04,37631.42374557274,58222.2657260743,95853.68947164704,0.607407665234379,2
2024-09-05,37631.42374557274,58364.73287079482,95996.15661636756,0.6079903084457811,2
2024-09-06,37631.42374557274,57762.39381159721,95393.81755716995,0.6055150668121647,2
2024-09-09,37631.42374557274,57605.93282012011,95237.35656569285,0.6048669859960327,2
2024-09-10,37631.42374557274,58250.95557286739,95882.37931844013,0.6075251363903581,2
2024-09-11,37631.42374557274,58034.74195155216,95666.1656971249,0.6066381100219668,2
2024-09-12,8630.826864177907,88055.0660348791,96685.89289905701,0.9107333385937827,3
2024-09-13,-1.8189894035458565e-12,96485.61873220233,96485.61873220233,1.0,4
2024-09-16,-1.8189894035458565e-12,96836.25627829191,96836.25627829191,1.0,4
2024-09-17,-1.8189894035458565e-12,96933.78783713051,96933.78783713051,1.0,4
2024-09-18,29481.569651065787,66641.97028333707,96123.53993440286,0.6932950069131374,3
2024-09-19,379.45764234961825,95155.78579959943,95535.24344194905,0.9960280873457952,4
2024-09-20,379.45764234961825,96507.50843106535,96886.96607341497,0.996083501654267,4
2024-09-23,379.45764234961825,95971.15664103228,96350.6142833819,0.9960616998119641,4
2024-09-24,379.45764234961825,95987.15762206283,96366.61526441245,0.9960623537382894,4
2024-09-25,379.45764234961825,96138.26722698864,96517.72486933826,0.9960685185766313,4
2024-09-26,379.45764234961825,96470.76997805339,96850.227620403,0.9960820159985904,4
2024-09-27,379.45764234961825,95992.77633371353,96372.23397606314,0.9960625833116635,4
2024-09-30,379.45764234961825,94374.57643019909,94754.0340725487,0.995995340503824,4
2024-10-01,379.45764234961825,94937.28770919338,95316.745351543,0.9960189823839439,4
2024-10-03,27633.4800602684,66543.38837582423,94176.86843609263,0.7065789028754957,3
2024-10-04,27633.4800602684,66406.79376034199,94040.27382061038,0.7061527052443345,3
2024-10-07,27633.4800602684,66310.86852817202,93944.34858844042,0.7058526619698269,3
2024-10-08,27633.4800602684,66759.9072325695,94393.3872928379,0.7072519500275939,3
2024-10-09,27633.4800602684,66907.56808534576,94541.04814561416,0.7077091845046322,3
2024-10-10,27633.4800602684,66531.32851836426,94164.80857863266,0.7065413239045353,3
2024-10-11,56264.99943531995,37760.97151839173,94025.97095371169,0.40160150579015225,2
2024-10-14,64701.43147768335,29659.855507818345,94361.28698550169,0.31432228676973734,1
2024-10-15,36218.16864237962,57813.826620120904,94031.99526250052,0.6148314353931056,2
2024-10-16,36218.16864237962,57482.7050919616,93700.87373434122,0.6134703210445548,2
2024-10-17,36218.16864237962,57764.05036486601,93982.21900724563,0.6146274367113278,2
2024-10-18,64720.295396290065,28110.30798923309,92830.60338552315,0.30281294060420666,1
2024-10-21,64720.295396290065,28893.35479015238,93613.65018644245,0.30864467663217826,1
2024-10-22,64720.295396290065,28656.854437163518,93377.14983345359,0.30689365105141414,1
2024-10-23,64720.295396290065,29012.02526300552,93732.32065929558,0.3095199719684776,1
2024-10-24,64720.295396290065,29243.512663793703,93963.80806008377,0.31122102506844307,1
2024-10-25,64720.295396290065,29139.050656193114,93859.34605248318,0.3104544393469296,1
2024-10-28,64720.295396290065,28985.2813568409,93705.57675313097,0.3093229065032399,1
2024-10-29,64720.295396290065,29280.282474359676,94000.57787064974,0.3114904518422328,1
2024-10-30,36400.60684679378,56890.79793108,93291.40477787377,0.6098182149420583,2
2024-10-31,36400.60684679378,56486.07008272348,92886.67692951727,0.6081181063844636,2
2024-11-01,36400.60684679378,56503.24716246748,92903.85400926127,0.608190561791278,2
2024-11-04,36400.60684679378,55805.05683825182,92205.6636850456,0.6052237423166292,2
2024-11-05,36400.60684679378,56950.8983574719,93351.50520426568,0.6100694170153514,2
2024-11-06,36400.60684679378,57027.572944992615,93428.17979178639,0.6103894250330468,2
2024-11-07,36400.60684679378,56379.31768787945,92779.92453467322,0.6076672078646677,2
2024-11-08,36400.60684679378,56089.307413874674,92489.91426066845,0.6064370138326183,2
2024-11-11,36400.60684679378,56509.55764771578,92910.16449450956,0.6082171736016586,2
2024-11-12,65839.97283134295,27015.396728084164,92855.36955942711,0.2909405977948793,1
2024-11-13,37816.22229830785,53938.26691481513,91754.48921312299,0.5878542551692472,2
2024-11-14,37816.22229830785,54192.34910802911,92008.57140633697,0.5889923979875715,2
2024-11-18,37816.22229830785,54318.32758599516,92134.549884303,0.5895543816538403,2
2024-11-19,37816.22229830785,54828.64857622153,92644.87087452938,0.5918152625035978,2
2024-11-21,37816.22229830785,54842.44144463477,92658.66374294262,0.5918760235608499,2
2024-11-22,37816.22229830785,55498.54068028217,93314.76297859002,0.5947455569598956,2
2024-11-25,37816.22229830785,56634.49117344497,94450.71347175282,0.5996195168010301,2
2024-11-26,37816.22229830785,56718.728729022274,94534.95102733013,0.599976285095074,2
2024-11-27,37816.22229830785,57062.42080768846,94878.6431059963,0.6014253465233435,2
2024-11-28,37816.22229830785,56446.57748362979,94262.79978193765,0.5988213549163635,2
2024-11-29,64933.70601860035,29143.36234707954,94077.0683656799,0.3097817869259974,1
2024-12-02,64933.70601860035,29283.718813445965,94217.42483204632,0.3108100106285822,1
2024-12-03,36410.73910300531,58083.821263678576,94494.56036668389,0.6146789935662508,2
2024-12-04,7873.046326017775,87434.74501872106,95307.79134473884,0.9173934657918984,3
2024-12-05,7873.046326017775,88692.18241135355,96565.22873737133,0.9184691381260006,3
2024-12-06,7873.046326017775,88241.0360941409,96114.08242015868,0.9180864434453935,3
2024-12-09,7873.046326017775,88374.12518363558,96247.17150965336,0.9181997122354071,3
2024-12-10,-9.094947017729282e-13,96256.2424356576,96256.2424356576,1.0,4
2024-12-11,-9.094947017729282e-13,96180.7557845816,96180.7557845816,1.0,4
2024-12-12,-9.094947017729282e-13,96389.05085492069,96389.05085492069,1.0,4
2024-12-13,30040.27384003607,66736.35346161723,96776.6273016533,0.6895916433789291,3
2024-12-16,867.8372309906299,95297.10459248473,96164.94182347535,0.9909755341756077,4
2024-12-17,867.8372309906299,93947.71600415338,94815.553235144,0.9908471004874234,4
2024-12-18,867.8372309906299,93308.47682781523,94176.31405880586,0.9907849734865528,4
2024-12-19,867.8372309906299,91816.0664116045,92683.90364259512,0.9906365917178331,4
2024-12-20,867.8372309906299,90741.39904526842,91609.23627625905,0.9905267496350089,4
2024-12-23,867.8372309906299,91312.47301909796,92180.31025008859,0.9905854381631375,4
2024-12-24,867.8372309906299,91355.03631883749,92222.87354982812,0.9905897832328795,4
2024-12-26,867.8372309906299,91167.8799363182,92035.71716730883,0.9905706473779846,4
2024-12-27,867.8372309906299,91516.06626964814,92383.90350063877,0.9906061857303461,4
2024-12-30,867.8372309906299,90835.99294083657,91703.8301718272,0.9905365214368413,4
2024-12-31,867.8372309906299,89948.97976829155,90816.81699928218,0.9904440910872544,4
2025-01-01,28568.593723488488,62361.10460221992,90929.6983257084,0.6858166886119391,3
2025-01-02,55500.65916890101,35791.27249538129,91291.9316642823,0.39205296506377374,2
2025-01-03,55500.65916890101,35021.52108866854,90522.18025756955,0.38688331400126663,2
2025-01-06,55500.65916890101,34416.184282703725,89916.84345160474,0.38275569917250585,2
2025-01-07,55500.65916890101,34433.020630787454,89933.67979968846,0.3828712525438855,2
2025-01-08,63243.68504292916,26342.86043864214,89586.5454815713,0.2940492938647923,1
2025-01-09,63243.68504292916,25930.84026423038,89174.52530715954,0.29078753349022285,1
2025-01-10,63243.68504292916,25759.03486628991,89002.71990921907,0.289418513193345,1
2025-01-13,63243.68504292916,25356.343070955914,88600.02811388507,0.28618888290151867,1
2025-01-14,88587.75533396573,0.0,88587.75533396573,0.0,0
2025-01-15,88587.75533396573,0.0,88587.75533396573,0.0,0
2025-01-16,88587.75533396573,0.0,88587.75533396573,0.0,0
2025-01-17,88587.75533396573,0.0,88587.75533396573,0.0,0
2025-01-20,88587.75533396573,0.0,88587.75533396573,0.0,0
2025-01-21,88587.75533396573,0.0,88587.75533396573,0.0,0
2025-01-22,88587.75533396573,0.0,88587.75533396573,0.0,0
2025-01-23,88587.75533396573,0.0,88587.75533396573,0.0,0
2025-01-24,88587.75533396573,0.0,88587.75533396573,0.0,0
2025-01-27,88587.75533396573,0.0,88587.75533396573,0.0,0
2025-01-28,88587.75533396573,0.0,88587.75533396573,0.0,0
2025-01-29,88587.75533396573,0.0,88587.75533396573,0.0,0
2025-01-30,88587.75533396573,0.0,88587.75533396573,0.0,0
2025-01-31,88587.75533396573,0.0,88587.75533396573,0.0,0
2025-02-01,88587.75533396573,0.0,88587.75533396573,0.0,0
2025-02-03,88587.75533396573,0.0,88587.75533396573,0.0,0
2025-02-04,88587.75533396573,0.0,88587.75533396573,0.0,0
2025-02-05,88587.75533396573,0.0,88587.75533396573,0.0,0
2025-02-06,88587.75533396573,0.0,88587.75533396573,0.0,0
2025-02-07,88587.75533396573,0.0,88587.75533396573,0.0,0
2025-02-10,88587.75533396573,0.0,88587.75533396573,0.0,0
2025-02-11,88587.75533396573,0.0,88587.75533396573,0.0,0
2025-02-12,88587.75533396573,0.0,88587.75533396573,0.0,0
2025-02-13,88587.75533396573,0.0,88587.75533396573,0.0,0
2025-02-14,88587.75533396573,0.0,88587.75533396573,0.0,0
2025-02-17,88587.75533396573,0.0,88587.75533396573,0.0,0
2025-02-18,88587.75533396573,0.0,88587.75533396573,0.0,0
2025-02-19,88587.75533396573,0.0,88587.75533396573,0.0,0
2025-02-20,88587.75533396573,0.0,88587.75533396573,0.0,0
2025-02-21,88587.75533396573,0.0,88587.75533396573,0.0,0
2025-02-24,88587.75533396573,0.0,88587.75533396573,0.0,0
2025-02-25,88587.75533396573,0.0,88587.75533396573,0.0,0
2025-02-27,88587.75533396573,0.0,88587.75533396573,0.0,0
2025-02-28,88587.75533396573,0.0,88587.75533396573,0.0,0
2025-03-03,61851.97077417487,25992.038484355962,87844.00925853083,0.29588857229705495,1
2025-03-04,61851.97077417487,26121.11576668543,87973.0865408603,0.296921669953607,1
2025-03-05,61851.97077417487,25815.605640759284,87667.57641493416,0.29447153322196323,1
2025-03-06,61851.97077417487,25833.935502440523,87685.9062766154,0.29461901689131625,1
2025-03-07,61851.97077417487,25804.149011037054,87656.11978521192,0.294379320853652,1
2025-03-10,61851.97077417487,25777.416875018516,87629.38764919339,0.2941640648935402,1
2025-03-11,61851.97077417487,25746.8658624259,87598.83663660077,0.2939178972117568,1
2025-03-12,61851.97077417487,26138.68297186335,87990.65374603822,0.297062038512701,1
2025-03-13,61851.97077417487,26069.17867234082,87921.14944651569,0.2965063450199688,1
2025-03-17,61851.97077417487,26127.22634214112,87979.19711631599,0.29697050210174913,1
2025-03-18,61851.97077417487,26127.22634214112,87979.19711631599,0.29697050210174913,1
2025-03-19,61851.97077417487,26642.01015845234,88493.98093262721,0.30106013852778984,1
2025-03-20,61851.97077417487,27018.55176159348,88870.52253576835,0.30402152469306265,1
2025-03-21,61851.97077417487,27042.992198730408,88894.96297290528,0.3042128743219452,1
2025-03-24,34983.593057927676,54247.375090614485,89230.96814854216,0.6079433655847963,2
2025-03-25,34983.593057927676,54290.41104592774,89274.00410385542,0.6081323627286831,2
2025-03-26,34983.593057927676,53909.1724357161,88892.76549364378,0.6064517414476305,2
2025-03-27,34983.593057927676,54211.12357573632,89194.716633664,0.6077840215400817,2
2025-03-28,34983.593057927676,54485.1121851703,89468.70524309797,0.6089851422028211,2
2025-04-01,34983.593057927676,52974.2953525248,87957.88841045248,0.602268839212261,2
2025-04-02,61869.64128140664,26221.6143185054,88091.25559991204,0.2976642135468845,1
2025-04-03,35338.984953696956,52764.145935657754,88103.13088935471,0.5988907023284131,2
2025-04-04,35338.984953696956,53209.817743698426,88548.80269739538,0.6009095111713302,2
2025-04-07,35338.984953696956,51386.79884845255,86725.7838021495,0.5925204315902525,2
2025-04-08,35338.984953696956,51799.59530219902,87138.58025589597,0.5944507605021963,2
2025-04-09,35338.984953696956,51755.87441865993,87094.85937235688,0.5942471782104602,2
2025-04-11,35338.984953696956,52587.77086890052,87926.75582259748,0.5980861044731652,2
2025-04-15,35338.984953696956,54208.105069047015,89547.09002274397,0.6053586448792334,2
2025-04-16,35338.984953696956,54524.19677698819,89863.18173068514,0.6067467869142905,2
2025-04-17,35338.984953696956,55939.9087259494,91278.89367964635,0.6128460421779087,2
2025-04-21,35338.984953696956,56303.03074292879,91642.01569662575,0.6143800997275736,2
2025-04-22,35338.984953696956,56947.315110418465,92286.30006411542,0.6170722530955799,2
2025-04-23,35338.984953696956,56543.22518422628,91882.21013792323,0.6153881703471211,2
2025-04-24,35338.984953696956,56010.671076768296,91349.65603046525,0.6131459439550451,2
2025-04-25,62945.10050821944,28298.788356331206,91243.88886455065,0.31014447880821994,1
2025-04-28,35407.694848898056,56257.02305995804,91664.7179088561,0.6137260261455822,2
2025-04-29,7749.538724022717,84176.42939577161,91925.96811979433,0.9156980461285562,3
2025-04-30,7749.538724022717,84468.05388281986,92217.59260684258,0.9159646385797356,3
2025-05-02,7749.538724022717,84779.3143093963,92528.85303341901,0.9162473275095739,3
2025-05-05,7749.538724022717,85216.91912182141,92966.45784584412,0.9166415618752206,3
2025-05-06,7749.538724022717,84975.68981969815,92725.22854372086,0.9164247007450758,3
2025-05-07,36214.1049289877,56148.56925485842,92362.67418384612,0.6079140708192985,2
2025-05-08,8331.741747091728,83513.74202832535,91845.48377541707,0.9092852320592625,3
2025-05-09,8331.741747091728,81458.51993205078,89790.26167914251,0.9072088488074078,3
2025-05-12,8331.741747091728,84765.40505233138,93097.1467994231,0.910504864718976,3
2025-05-13,8331.741747091728,83509.12737672255,91840.86912381428,0.9092806739899273,3
2025-05-14,8331.741747091728,83427.76405664033,91759.50580373206,0.9092002329991531,3
2025-05-15,8331.741747091728,84833.36632762438,93165.1080747161,0.9105701488543342,3
2025-05-16,8331.741747091728,84952.56150470994,93284.30325180167,0.9106844189573683,3
2025-05-19,8331.741747091728,84599.0711604308,92930.81290752253,0.9103446802366528,3
2025-05-20,8331.741747091728,83726.43423048471,92058.17597757644,0.9094948204370117,3
2025-05-21,8331.741747091728,84113.98679959703,92445.72854668876,0.9098742378033846,3
2025-05-22,8331.741747091728,83568.46651994777,91900.2082670395,0.909339250648032,3
2025-05-23,8331.741747091728,84261.5943183691,92593.33606546083,0.9100179116432155,3
2025-05-26,8331.741747091728,84725.92067927614,93057.66242636787,0.9104668919264521,3
2025-05-27,36448.53750103081,55829.90514404063,92278.44264507145,0.6050156845275118,2
2025-05-28,36995.629028786425,54984.76017823384,91980.38920702026,0.5977878616547234,2
2025-05-29,9200.583976344584,82833.73833819633,92034.32231454091,0.900030947749034,3
2025-05-30,9200.583976344584,82937.13486226645,92137.71883861104,0.9001431325594204,3
2025-06-02,9200.583976344584,82704.36348195678,91904.94745830137,0.899890221029515,3
2025-06-03,9200.583976344584,82197.40205617268,91397.98603251726,0.8993349374999222,3
2025-06-04,9200.583976344584,82653.42485165737,91854.00882800196,0.8998347040729293,3
2025-06-05,36654.51857872419,55953.66498019647,92608.18355892066,0.6041978454808665,2
2025-06-06,8749.304645473665,84302.50170605056,93051.80635152422,0.9059738334103781,3
2025-06-09,8749.304645473665,83934.41334868126,92683.71799415493,0.9056004135912477,3
2025-06-10,8749.304645473665,83311.98529898163,92061.28994445529,0.904962176276777,3
2025-06-11,8749.304645473665,83457.26834235802,92206.57298783168,0.9051119203114913,3
2025-06-12,8749.304645473665,83103.99141359105,91853.29605906471,0.9047469713025043,3
2025-06-13,8749.304645473665,82294.33351590954,91043.6381613832,0.9038998789793009,3
2025-06-16,8749.304645473665,82947.89732106202,91697.20196653568,0.9045848242057957,3
2025-06-17,8749.304645473665,82665.46764678741,91414.77229226107,0.9042900351214422,3
2025-06-18,8749.304645473665,82503.24470307202,91252.54934854568,0.9041198880695918,3
2025-06-19,8749.304645473665,82561.05511574124,91310.3597612149,0.9041805916836391,3
2025-06-20,8749.304645473665,83925.46206159295,92674.7667070666,0.9055912957069628,3
2025-06-23,8749.304645473665,83375.52571623612,92124.83036170978,0.905027725846319,3
2025-06-24,8749.304645473665,83512.73910068262,92262.04374615628,0.9051689699228219,3
2025-06-25,35692.971235273624,56964.63427843302,92657.60551370664,0.6147863843730169,2
2025-06-26,64265.040349974464,28848.90394914729,93113.94429912175,0.30982366998086014,1
2025-06-27,36201.14814031,56944.643055580294,93145.79119589028,0.6113496093003584,2
2025-06-30,36201.14814031,56478.08253144991,92679.2306717599,0.6093930875567705,2
2025-07-01,36201.14814031,57146.55590489294,93347.70404520293,0.612190267445894,2
2025-07-02,36201.14814031,56595.52876042001,92796.67690073,0.6098874512603888,2
2025-07-03,36201.14814031,56592.619107326376,92793.76724763637,0.6098752188420058,2
2025-07-04,64384.79687850306,28415.596353998986,92800.39323250204,0.30620124941503823,1
2025-07-07,36381.56912924281,56493.60681222572,92875.17594146854,0.6082745603392334,2
2025-07-08,36381.56912924281,56616.97749548088,92998.54662472369,0.608794218300496,2
2025-07-09,36381.56912924281,56408.07351151164,92789.64264075445,0.6079134686389713,2
2025-07-10,36381.56912924281,56304.6080012967,92686.17713053951,0.6074757827372371,2
2025-07-11,36381.56912924281,55580.40616477947,91961.97529402228,0.6043846490582322,2
2025-07-14,36381.56912924281,55356.65144601841,91738.22057526122,0.6034197207978795,2
2025-07-15,36381.56912924281,55563.21998504181,91944.78911428462,0.6043107012402671,2
2025-07-16,36381.56912924281,55578.13684591368,91959.70597515648,0.604374886332591,2
2025-07-17,36381.56912924281,55275.41659994796,91656.98572919077,0.6030682348998951,2
2025-07-18,36381.56912924281,54855.11929274848,91236.68842199129,0.6012397012814688,2
2025-07-21,36381.56912924281,54576.42381250321,90957.99294174602,0.6000178988937964,2
2025-07-22,36381.56912924281,54374.831498247375,90756.40062749019,0.5991294401529758,2
2025-07-23,36381.56912924281,54835.08688771844,91216.65601696125,0.6011521281543378,2
2025-07-24,8826.106248885644,81601.95222963675,90428.05847852239,0.9023963756671616,3
2025-07-25,34696.64491158409,55250.48575610596,89947.13066769004,0.6142551223810468,2
2025-07-28,34696.64491158409,55513.120247073064,90209.76515865716,0.6153781705277573,2
2025-07-29,34696.64491158409,55655.94829511841,90352.5932067025,0.6159861750485958,2
2025-07-30,34696.64491158409,55644.765457827496,90341.41036941158,0.6159386402126403,2
2025-07-31,34696.64491158409,55519.98977617257,90216.63468775665,0.6154074574864099,2
2025-08-01,34696.64491158409,55255.583543967135,89952.22845555123,0.6142769833798057,2
2025-08-04,62659.36216793777,26940.029022865365,89599.39119080313,0.3006720097628365,1
2025-08-05,35674.943540173655,53297.19178951466,88972.13532968832,0.599032400335461,2
2025-08-06,35674.943540173655,53386.43470456207,89061.37824473572,0.5994341852408696,2
2025-08-07,35674.943540173655,53462.056166435796,89136.99970660945,0.5997740146336967,2
2025-08-08,35674.943540173655,53090.73215339056,88765.67569356422,0.5980997918234717,2
2025-08-11,35674.943540173655,53396.6313681896,89071.57490836325,0.5994800408898574,2
2025-08-12,35674.943540173655,52780.79725094353,88455.74079111719,0.5966915971636272,2
2025-08-13,35674.943540173655,52899.13440138368,88574.07794155733,0.5972304271266298,2
2025-08-14,35674.943540173655,53164.64073791934,88839.584278093,0.5984341458814012,2
2025-08-18,35674.943540173655,53467.83099327025,89142.77453344391,0.5997999419819561,2
2025-08-19,35674.943540173655,53330.346225410365,89005.28976558402,0.5991817606107249,2
2025-08-20,35674.943540173655,53186.23937679593,88861.18291696958,0.5985317506575651,2
2025-08-21,35674.943540173655,53510.28897714831,89185.23251732197,0.5999904632950898,2
2025-08-22,62107.44054154454,26527.76428632138,88635.20482786592,0.29929150993490283,1
2025-08-25,62107.44054154454,26521.0128446498,88628.45338619433,0.2992381321276783,1
2025-08-26,62107.44054154454,26287.41395179376,88394.8544933383,0.29738624609393816,1
2025-08-28,62107.44054154454,25866.123002506305,87973.56354405085,0.2940215442057705,1
2025-08-29,62107.44054154454,25698.686919390828,87806.12746093537,0.29267532531626655,1
2025-09-01,62107.44054154454,25671.681152704496,87779.12169424904,0.29245771269076626,1
2025-09-02,62107.44054154454,25506.946635238357,87614.3871767829,0.29112737596134775,1
2025-09-03,62107.44054154454,25775.654343427577,87883.09488497212,0.29329479551402526,1
2025-09-04,87882.79241840728,0.0,87882.79241840728,0.0,0
2025-09-05,87882.79241840728,0.0,87882.79241840728,0.0,0
2025-09-08,87882.79241840728,0.0,87882.79241840728,0.0,0
2025-09-09,87882.79241840728,0.0,87882.79241840728,0.0,0
2025-09-10,87882.79241840728,0.0,87882.79241840728,0.0,0
2025-09-11,87882.79241840728,0.0,87882.79241840728,0.0,0
2025-09-12,87882.79241840728,0.0,87882.79241840728,0.0,0
2025-09-15,87882.79241840728,0.0,87882.79241840728,0.0,0
2025-09-16,87882.79241840728,0.0,87882.79241840728,0.0,0
2025-09-17,87882.79241840728,0.0,87882.79241840728,0.0,0
2025-09-18,87882.79241840728,0.0,87882.79241840728,0.0,0
2025-09-19,87882.79241840728,0.0,87882.79241840728,0.0,0
2025-09-22,87882.79241840728,0.0,87882.79241840728,0.0,0
2025-09-23,87882.79241840728,0.0,87882.79241840728,0.0,0
2025-09-24,87882.79241840728,0.0,87882.79241840728,0.0,0
2025-09-25,87882.79241840728,0.0,87882.79241840728,0.0,0
2025-09-26,87882.79241840728,0.0,87882.79241840728,0.0,0
2025-09-29,87882.79241840728,0.0,87882.79241840728,0.0,0
2025-09-30,87882.79241840728,0.0,87882.79241840728,0.0,0
2025-10-01,87882.79241840728,0.0,87882.79241840728,0.0,0
2025-10-03,87882.79241840728,0.0,87882.79241840728,0.0,0
2025-10-06,87882.79241840728,0.0,87882.79241840728,0.0,0
2025-10-07,87882.79241840728,0.0,87882.79241840728,0.0,0
2025-10-08,87882.79241840728,0.0,87882.79241840728,0.0,0
2025-10-09,87882.79241840728,0.0,87882.79241840728,0.0,0
2025-10-10,87882.79241840728,0.0,87882.79241840728,0.0,0
2025-10-13,87882.79241840728,0.0,87882.79241840728,0.0,0
2025-10-14,87882.79241840728,0.0,87882.79241840728,0.0,0
2025-10-15,87882.79241840728,0.0,87882.79241840728,0.0,0
2025-10-16,87882.79241840728,0.0,87882.79241840728,0.0,0
2025-10-17,87882.79241840728,0.0,87882.79241840728,0.0,0
2025-10-20,87882.79241840728,0.0,87882.79241840728,0.0,0
2025-10-21,87882.79241840728,0.0,87882.79241840728,0.0,0
2025-10-23,87882.79241840728,0.0,87882.79241840728,0.0,0
2025-10-24,34836.73891465666,52335.00006773934,87171.738982396,0.6003665944797567,2
2025-10-27,34836.73891465666,53139.775839618036,87976.51475427469,0.604022289221636,2
2025-10-28,34836.73891465666,53206.33428952114,88043.0732041778,0.6043216388656957,2
2025-10-29,34836.73891465666,53633.027741253434,88469.76665591009,0.6062300124499148,2
2025-10-30,34836.73891465666,53094.6059436356,87931.34485829226,0.6038188774344508,2
2025-10-31,34836.73891465666,52773.475792043144,87610.2147066998,0.6023666985489925,2
2025-11-03,34836.73891465666,52882.08210861984,87718.8210232765,0.6028590157930577,2
2025-11-04,34836.73891465666,52478.18616245726,87314.92507711392,0.6010219457453592,2
2025-11-06,34836.73891465666,52880.74088542593,87717.47980008258,0.6028529434036036,2
2025-11-07,34836.73891465666,52490.35121605934,87327.090130716,0.6010775251698973,2
2025-11-10,34836.73891465666,52753.18788589205,87589.92680054871,0.6022745972378365,2
2025-11-11,34836.73891465666,53015.49806742628,87852.23698208293,0.6034621301474492,2
2025-11-12,34836.73891465666,53287.23165469918,88123.97056935584,0.6046848696264855,2
2025-11-13,34836.73891465666,53202.0009044101,88038.73981906676,0.6043021630449101,2
2025-11-14,34836.73891465666,53424.390845570335,88261.12976022699,0.6052991955881909,2
2025-11-17,34836.73891465666,53594.723980418465,88431.46289507512,0.606059452437298,2
2025-11-18,34836.73891465666,53507.80536677453,88344.54428143118,0.6056718703117601,2
2025-11-19,34836.73891465666,53554.78074530091,88391.51965995756,0.6058814346820409,2
2025-11-20,34836.73891465666,54475.50700226765,89312.24591692431,0.6099444308335858,2
2025-11-21,34836.73891465666,54148.40852041618,88985.14743507284,0.6085106344283472,2
2025-11-24,88772.25476296525,0.0,88772.25476296525,0.0,0
2025-11-25,35189.32178803944,52952.57805781583,88141.89984585527,0.6007651088803464,2
2025-11-26,35189.32178803944,53850.242574494056,89039.56436253349,0.6047900499067741,2
2025-11-27,35189.32178803944,53886.078654613186,89075.40044265262,0.6049490475129037,2
2025-11-28,8302.307582910882,80549.74374134585,88852.05132425674,0.9065603161753414,3
2025-12-01,8302.307582910882,80446.18099780178,88748.48858071267,0.9064512791633593,3
2025-12-02,8302.307582910882,79725.36352650425,88027.67110941514,0.9056852523953357,3
2025-12-03,8302.307582910882,80181.4166108568,88483.72419376769,0.9061713590995568,3
2025-12-04,8302.307582910882,80361.1645957202,88663.47217863108,0.9063615784617125,3
2025-12-05,8302.307582910882,80927.3126905809,89229.62027349179,0.9069556997164839,3
2025-12-08,8302.307582910882,80871.40428051443,89173.71186342531,0.9068973645997113,3
2025-12-09,8302.307582910882,80274.9165090671,88577.22409197799,0.9062704022617617,3
2025-12-10,8302.307582910882,79968.82309463514,88271.13067754603,0.9059453807922868,3
2025-12-11,8302.307582910882,80613.2160822188,88915.52366512969,0.9066270180876544,3
2025-12-12,8302.307582910882,80847.86559341953,89150.17317633041,0.9068727823277503,3
2025-12-15,8302.307582910882,80846.29434425005,89148.60192716094,0.9068711409552525,3
2025-12-16,8302.307582910882,80320.15091482869,88622.45849773957,0.9063182434380034,3
2025-12-17,8302.307582910882,80238.75723267965,88541.06481559054,0.9062321240409457,3
2025-12-18,8302.307582910882,80548.22623380666,88850.53381671755,0.9065587202881974,3
2025-12-19,8302.307582910882,81264.22357830488,89566.53116121577,0.9073056924805193,3
2025-12-22,8302.307582910882,82370.43454182532,90672.7421247362,0.9084365666201027,3
2025-12-23,61665.7276723417,28490.78507311305,90156.51274545475,0.3160147193531442,1
2025-12-24,61665.7276723417,28407.103757793226,90072.83143013493,0.3153792692730795,1
2025-12-26,61665.7276723417,28282.43546306325,89948.16313540496,0.3144303838699609,1
2025-12-29,89810.72194618142,0.0,89810.72194618142,0.0,0
2025-12-30,89810.72194618142,0.0,89810.72194618142,0.0,0
2025-12-31,89810.72194618142,0.0,89810.72194618142,0.0,0
