Date,Adj Close,Close,High,Low,Open,Volume,Daily_Return,Return_5D,Return_20D,Return_60D,SMA_20,SMA_50,SMA_200,Price_vs_SMA20,Price_vs_SMA50,Price_vs_SMA200,Volatility_20D,Volatility_60D,Volume_SMA20,Volume_Ratio,Trend_20_50,Trend_50_200
2019-10-29,1854.1295166015625,2194.85009765625,2201.699951171875,2121.5,2121.5,5064173,0.03741085612850448,0.06992795268665386,0.0513747820381929,0.040681845779714454,2062.304998779297,2127.943000488281,2093.709755859375,0.06427036687367194,0.03144214725329397,0.04830676339632434,0.014678921686501447,0.013547299908059782,3393242.05,1.4924290473177415,False,True
2019-10-30,1903.0838623046875,2252.800048828125,2260.0,2176.85009765625,2225.0,5195136,0.026402692026100683,0.08825657821026445,0.09563998532413365,0.057652605083626796,2072.1375061035155,2129.0100024414064,2095.459755859375,0.08718656083028509,0.05814441747326904,0.0750862871638509,0.014976594596418966,0.013898712515036408,3550659.1,1.4631469408031876,False,True
2019-10-31,1917.3179931640625,2269.64990234375,2284.949951171875,2237.0,2250.0,4879261,0.007479515780546064,0.0901296360920989,0.08114602465270182,0.041529956201115104,2080.654998779297,2130.3150024414062,2097.191505126953,0.09083433037929645,0.06540577320380403,0.08223302297152757,0.014499703030013026,0.013622522304564923,3663620.2,1.3318140892442945,False,True
2019-11-01,1859.2406005859373,2200.89990234375,2275.0,2195.0,2264.0,4172620,-0.030291015336332494,0.035741995302049245,0.06842396879190704,-0.002176202082959988,2087.702496337891,2131.0309985351564,2098.6962548828124,0.05422104260756622,0.03278643241539925,0.048698637176843196,0.015638457585668626,0.014114067062550526,3705107.35,1.1261805950102903,False,True
2019-11-04,1853.3690185546875,2193.949951171875,2229.199951171875,2180.89990234375,2207.0,2646411,-0.0031577770367812175,0.0369853957583437,0.0648950133099746,0.0063759556122218175,2094.3874938964846,2131.649997558594,2100.2817547607424,0.04753774435988456,0.029226164560145484,0.044597919397630026,0.015692329405649883,0.014037304462150619,3721547.0,0.711105086137566,False,True
2019-11-05,1860.04296875,2201.85009765625,2211.0,2169.0,2197.0,2693475,0.0036008781696024172,0.0031892838638387655,0.05891263820271364,-0.0015643908291337327,2100.5124938964846,2131.951999511719,2101.801505126953,0.04824422804159689,0.03278596242342213,0.04760135164298207,0.015629213394704067,0.01396527089895386,3748058.2,0.7186321172920954,False,True
2019-11-06,1848.7652587890625,2188.5,2210.800048828125,2179.0,2200.0,2540719,-0.006063127399299595,-0.028542279578506302,0.06876009776117198,-0.026727783974968777,2107.5524963378907,2131.9980004882814,2103.2762548828123,0.0384082976831015,0.02650190079858339,0.0405195204002986,0.015195989210370181,0.013747429333123918,3766198.35,0.6746110437863688,False,True
2019-11-07,1846.1044921875,2185.35009765625,2204.5,2175.199951171875,2204.5,1915598,-0.0014392973926204977,-0.03714220620565667,0.0818029424619846,-0.01334137251811296,2115.8150024414062,2131.3850024414064,2104.7682556152345,0.03286444946018818,0.025319261960194517,0.038285375041187564,0.014721584072047201,0.013613697139573725,3758632.25,0.5096529462279796,False,True
2019-11-08,1799.30419921875,2129.949951171875,2189.60009765625,2124.0,2189.60009765625,2788759,-0.025350696231139613,-0.03223679145803948,0.06261069273724096,-0.03772391598725433,2122.0900024414063,2129.0300024414064,2105.975255126953,0.003703871523557334,0.0004320975887674994,0.011384129982798363,0.01593938297277937,0.01399765927352533,3753997.6,0.7428771398255556,False,True
2019-11-11,1774.8060302734375,2100.949951171875,2139.0,2091.0,2135.0,2983768,-0.013615343395296464,-0.04238929878520015,0.05742757479828775,-0.06959396824236708,2127.795001220703,2125.5230004882815,2107.267254638672,-0.012616370483729433,-0.011560942558966225,-0.002997865340948591,0.016165098203034172,0.013828718388259222,3273532.55,0.9114826122624015,True,True
2019-11-13,1840.40185546875,2178.60009765625,2183.800048828125,2118.0,2118.0,3823365,0.03695954129752743,-0.01055930193647081,0.07798124574777332,-0.030116817960489706,2135.6750061035154,2124.3650024414064,2109.094005126953,0.02009907473284067,0.025530026691512164,0.03295542652927552,0.017622470158070332,0.014662906560190578,3289165.6,1.162411828702088,True,True
2019-11-14,1855.77685546875,2196.800048828125,2200.0,2146.699951171875,2187.5,2995915,0.008353966013062486,0.0037925742874684865,0.07828989161009736,-0.0012048022926541835,2143.650006103516,2123.516003417969,2110.739005126953,0.024794179354501678,0.03451071020524421,0.040772944211544315,0.01762617142233917,0.014456330775127653,3325895.85,0.9007843706230307,True,True
2019-11-15,1836.896484375,2174.449951171875,2211.5,2168.75,2196.0,2724180,-0.01017393352124718,-0.0049878262050850886,0.0625732629154343,-0.013586441888348788,2150.0525024414064,2122.3360034179686,2112.260504760742,0.011347373472399003,0.024554993964187588,0.029442129070238465,0.01790421662637224,0.014513618081314794,3310400.75,0.8229154733003248,True,True
2019-11-18,1818.4381103515625,2152.60009765625,2187.75,2148.75,2178.39990234375,1611089,-0.010048450875518866,0.010634121459949464,0.05989815082059602,-0.0057734051250246665,2156.135009765625,2120.1960034179688,2113.5520050048826,-0.0016394669597982192,0.015283537081497434,0.01847510378684869,0.017991608137929382,0.014386982885008242,3200016.5,0.5034627165203679,True,True
2019-11-19,1781.437255859375,2108.800048828125,2154.64990234375,2105.0,2153.0,2975313,-0.020347508520423552,0.003736451528448592,0.025007873589666163,-0.02505776753207356,2158.7075073242186,2117.3400024414063,2114.5927551269533,-0.023119138802623285,-0.004033340702690347,-0.00273939569914039,0.018558832411844462,0.014624766438234654,3194387.1,0.9314190506216357,True,True
2019-11-20,1781.226806640625,2108.550048828125,2135.0,2094.5,2121.949951171875,2894129,-0.00011855083185285942,-0.03215369764441178,0.02785909583942181,-0.035760809956270734,2161.5650146484377,2114.603005371094,2115.5920056152345,-0.024526195354311442,-0.002862455282430898,-0.0033285986940859713,0.018535431705949335,0.01454943765921303,3061468.3,0.945340182029649,True,False
2019-11-21,1789.2940673828125,2118.10009765625,2126.60009765625,2107.39990234375,2112.0,2052574,0.004529201871889432,-0.03582481310206509,0.0231872845445229,-0.031149874227707874,2163.9650146484373,2112.659006347656,2116.6730059814454,-0.021194851433232964,0.002575470670962865,0.0006742145200377969,0.01846496857006516,0.014563921735692726,3046690.3,0.6737061525419896,True,False
2019-11-22,1750.0968017578125,2071.699951171875,2107.0,2060.5,2097.0,3742049,-0.02190649371845943,-0.04725332948897032,-0.004947189638868865,-0.06511735055420809,2163.4500122070312,2110.1430053710938,2117.653505859375,-0.04240914304350296,-0.018218222225397485,-0.021700223648651762,0.019138125426478674,0.014704613735063989,3093859.2,1.2095084999343215,True,False
2019-11-25,1758.3756103515625,2081.5,2084.949951171875,2052.199951171875,2074.550048828125,2737010,0.004730438315925678,-0.03302986826659715,-0.020447517433487383,-0.07394223196259975,2161.2775146484373,2108.116003417969,2118.5532556152343,-0.036912203133439014,-0.012625492797747051,-0.017489886325502746,0.018554160684520687,0.01458701585012229,3032997.45,0.9024109136656214,True,False
2019-11-26,1728.935546875,2046.6500244140625,2097.89990234375,2035.050048828125,2089.85009765625,6561580,-0.016742721876501276,-0.02947174837585942,-0.03263691844373584,-0.1008874135605673,2157.825018310547,2105.96900390625,2119.182505493164,-0.05152178371883376,-0.028167071491631446,-0.03422663262417902,0.018880537862599852,0.014607151695064845,3349856.2,1.9587646777195986,True,False
2019-11-27,1735.3980712890625,2054.300048828125,2071.699951171875,2046.550048828125,2052.0,2907521,0.0037378273387276284,-0.02572858065671746,-0.06403628611275547,-0.08146655540884196,2150.7975158691406,2104.3830029296873,2119.6790057373046,-0.04486590035976534,-0.023799353079661634,-0.030843800751066186,0.01659172337920982,0.014473966501075531,3242023.6,0.8968228978962398,True,False
2019-11-28,1754.8697509765625,2077.35009765625,2094.39990234375,2060.0,2067.050048828125,2924429,0.011220390537046265,-0.019238939672913125,-0.07788083601256202,-0.07230095002512005,2142.025018310547,2103.091005859375,2120.152006225586,-0.030193354466656497,-0.012239559834267166,-0.020188132003579384,0.01547721947178855,0.014560916211168196,3128488.25,0.934773848039864,True,False
2019-11-29,1734.5111083984375,2053.25,2085.0,2045.800048828125,2085.0,2064271,-0.011601365452766355,-0.00890570623484288,-0.09534505833709639,-0.08068233231612165,2131.2050231933595,2101.156005859375,2120.5112561035157,-0.036577908903645984,-0.022799832913778073,-0.031719358201903525,0.015324092792093064,0.014622405774768348,2987738.75,0.6909141570694559,True,False
2019-12-02,1707.3095703125,2021.050048828125,2067.699951171875,2016.0,2060.0,3809860,-0.015682430864178754,-0.029041533111638262,-0.08171650756315718,-0.10557179966293984,2122.212530517578,2099.1240087890624,2120.5460064697268,-0.04766840277998974,-0.03719359105705078,-0.04691997124233205,0.014367749073378762,0.014637081167821796,2969600.75,1.2829536091678317,True,False
2019-12-03,1732.610107421875,2051.0,2062.0,2010.0,2027.699951171875,4664774,0.014819005194473656,0.0021254125199949847,-0.06515643216725153,-0.08909224060927157,2115.0650329589844,2097.3730078125,2120.651256713867,-0.0302898643590912,-0.0221100432015503,-0.03284427672553647,0.014982621547608512,0.014790180031892732,3070518.9,1.5192135765716994,True,False
2019-12-04,1755.8411865234375,2078.5,2082.0,2045.5,2053.0,3334301,0.013408093612871763,0.011780144378461088,-0.05602111505572038,-0.07432970054445076,2108.897528076172,2096.9040087890626,2120.792506713867,-0.014413942674541436,-0.008776753114078217,-0.019941840882585327,0.015374251365073924,0.01491264007765762,3102560.2,1.0746934096556773,True,False
2019-12-05,1791.9969482421875,2121.300048828125,2126.800048828125,2068.35009765625,2083.0,3902721,0.020591796405160068,0.021156737721514052,-0.03070594067711907,-0.042432175293692254,2105.537530517578,2098.0210107421876,2121.176256713867,0.007486220540876554,0.011095712562812832,5.83601263053346e-05,0.016206246987484945,0.015085038368090354,3170660.3,1.2308858820353603,True,False
2019-12-06,1793.9404296875,2123.60009765625,2128.0,2101.0,2124.0,1829461,0.0010842637888004436,0.03426280173201013,-0.0282563421148061,-0.0336290795648464,2102.450030517578,2100.17701171875,2121.420256958008,0.010059724051308505,0.011152910353176004,0.0010275383630813373,0.01621602313213411,0.015054878708523381,3166353.45,0.5777816750053598,True,False
2019-12-09,1740.593017578125,2060.449951171875,2127.949951171875,2053.5,2127.949951171875,2244747,-0.02973730626311033,0.01949476825999219,-0.03262987468872769,-0.05607354651416396,2098.975030517578,2100.49201171875,2121.3080072021485,-0.018354234226504063,-0.019063181541980723,-0.028688929577247446,0.01658382835739517,0.015504036420493859,3139152.85,0.7150805033275139,False,False
2019-12-10,1700.382568359375,2012.8499755859373,2060.85009765625,2003.25,2060.0,4520045,-0.023101738316364084,-0.018600694497348913,-0.04193340043002791,-0.06552925924515451,2094.570031738281,2098.9800122070315,2121.0652575683594,-0.03901519400834952,-0.041034233827948796,-0.051019308150133336,0.01707612367766543,0.015689163141952688,3215966.7,1.4055011825837624,False,False
2019-12-11,1724.9228515625,2041.9000244140625,2048.0,2006.75,2025.4000244140625,4943024,0.014432297081489631,-0.01760884079188718,-0.06274674888211484,-0.04297903498547817,2087.735028076172,2098.0660107421877,2120.945258178711,-0.021954416171455438,-0.02677036186685877,-0.03726887031140336,0.014986007813326211,0.015773883573465725,3271949.65,1.510727403766742,False,False
2019-12-12,1707.18310546875,2020.9000244140625,2083.64990234375,1984.0,2051.10009765625,7137306,-0.010284538786871411,-0.04732947819877098,-0.08007102171537905,-0.056513891322056975,2078.9400268554687,2097.361013183594,2120.7917578125,-0.02791807444738814,-0.03645580722103292,-0.04710115127072689,0.014812959512783242,0.015811330051587927,3479019.2,2.051528200821657,False,False
2019-12-13,1749.7166748046875,2071.25,2077.39990234375,2007.0,2023.0,5711133,0.024914629609416705,-0.0246515799815733,-0.04746025592185166,-0.03662790697674423,2073.780029296875,2096.800012207031,2120.92500793457,-0.0012200085163963648,-0.012185240394069763,-0.023421388190875025,0.01607484337254925,0.016148074081657852,3628366.85,1.5740230346333364,False,False
2019-12-16,1796.60107421875,2126.75,2136.0,2080.300048828125,2096.0,5574177,0.026795413397706636,0.032177461427984166,-0.012008778446305768,0.001931593924991093,2072.4875244140626,2098.1360131835936,2121.410258178711,0.02618229299174124,0.013637813104875551,0.0025170717454121583,0.017211719325145522,0.016444063251935485,3826521.25,1.45672182011272,False,False
2019-12-17,1828.8709716796875,2164.949951171875,2169.0,2119.0,2126.5,6059673,0.017961655658575326,0.07556448688713702,0.026626470525241475,0.012344767127716594,2075.29501953125,2100.2300122070315,2122.3835076904297,0.04320105372819505,0.030815643328909736,0.020055962236422475,0.017012865600930176,0.016578143955969567,3980739.25,1.5222481603134392,False,False
2019-12-18,1831.236572265625,2167.75,2203.449951171875,2153.0,2174.0,8251081,0.0012933549926219534,0.06163375977335184,0.028076142278328442,0.0313042890442945,2078.255017089844,2101.998010253906,2123.698257446289,0.043062560741691236,0.03128070979389341,0.020742938597445804,0.017008932319729483,0.016419234141611762,4248586.85,1.9420765754147171,False,False
2019-12-19,1883.02099609375,2229.050048828125,2236.5,2167.550048828125,2179.800048828125,6251505,0.028278191132798947,0.10299867479808333,0.05238182619161624,0.07920796994544843,2083.8025146484374,2105.6250122070314,2125.2697576904297,0.0697031187738022,0.0586168172896675,0.04883158514920716,0.018028296272405202,0.016626655981588263,4458533.4,1.402143808096178,False,False
2019-12-20,1877.8250732421875,2222.89990234375,2246.699951171875,2208.25,2220.0,5548338,-0.002759088557750533,0.07321660945986719,0.07298351823889715,0.10273829174476967,2091.362512207031,2109.6810107421875,2126.813257446289,0.06289554745719639,0.05366635573106482,0.04517869378566619,0.017138687027704654,0.016298407523413765,4548847.85,1.2197238032483326,False,False
2019-12-23,1885.259033203125,2231.699951171875,2241.949951171875,2210.0,2210.0,2247329,0.003958814708141523,0.04934757313829796,0.07215947690217384,0.09145596149343338,2098.872509765625,2114.2260107421876,2128.3435070800783,0.0632851403733341,0.055563567864936436,0.04856191857563141,0.017137037688594304,0.016217559846702402,4524363.8,0.49671712959952513,False,False
2019-12-24,1871.6588134765625,2215.60009765625,2243.550048828125,2211.14990234375,2239.0,1805896,-0.007214165823309249,0.02339552766887687,0.08254956696397397,0.06088254421085271,2107.3200134277345,2118.8010131835936,2129.495757446289,0.05138283864745774,0.045685783549447745,0.04043414498896114,0.01666686666325324,0.01604497133178538,4286579.6,0.4212906719380646,False,False
2019-12-26,1860.127685546875,2201.949951171875,2229.0,2195.199951171875,2216.39990234375,1880367,-0.006160925204333867,0.015776704496309524,0.07187358167468139,0.05477574639127747,2114.702508544922,2122.420012207031,2130.312007446289,0.04125754912306134,0.03747134804017582,0.03362791153370148,0.016824597483260373,0.01607137598386505,4235221.9,0.4439831121953728,False,False
2019-12-27,1857.2130126953125,2198.5,2226.39990234375,2176.0,2208.0,2720261,-0.0015667709295749122,-0.013705411793775601,0.058319443833967144,0.0692313811818821,2120.7600036621093,2125.6440112304685,2131.014006958008,0.03665666846019833,0.03427478372888859,0.03166848872022543,0.01676305582334452,0.015936362312855376,4225013.5,0.6438467001348043,False,False
2019-12-30,1844.287841796875,2183.199951171875,2225.0,2177.10009765625,2207.0,2288830,-0.006959312635035242,-0.017859531655031624,0.06328988246529899,0.039965655405278966,2127.257501220703,2128.380009765625,2132.0127569580077,0.026297921111605005,0.025756651140642406,0.024008859256031023,0.016581816844955716,0.015756864548210233,4236241.45,0.5402973430610287,False,False
2019-12-31,1826.1256103515625,2161.699951171875,2197.0,2157.449951171875,2189.0,1909289,-0.009847929864811311,-0.031366223744927146,0.06959248853105038,0.049394403947589094,2134.2899963378904,2130.995009765625,2132.8442565917967,0.01284265722137845,0.014408734542098678,0.013529208469346354,0.016280655282458523,0.015611256427754478,4141212.9,0.4610458448055158,True,False
2020-01-01,1831.1094970703125,2167.60009765625,2183.89990234375,2154.0,2168.0,1354908,0.0027294012201724005,-0.021664559435060626,0.056850364532545106,0.05210537442361374,2140.120001220703,2133.200009765625,2133.7417572021486,0.01284044652630345,0.016126049002973986,0.01586805916874301,0.01606104645636975,0.015612638433290423,3975719.6,0.34079566375858095,True,False
2020-01-02,1822.7039794921875,2157.64990234375,2179.949951171875,2149.199951171875,2179.949951171875,2380752,-0.004590420217852387,-0.02011855392287576,0.03808029941965363,0.03765590257059448,2144.077496337891,2135.325009765625,2134.5320068359374,0.006330184440180409,0.010455032595049873,0.010830428137772907,0.01594455056485702,0.015590211569258623,3928042.15,0.6060912559199498,True,True
2020-01-03,1859.029052734375,2200.64990234375,2223.0,2164.0,2164.0,4655761,0.019929090420689244,0.0009778950847167955,0.03740623753790051,0.07469353656249478,2148.044989013672,2137.936005859375,2135.4687561035157,0.02448967018806858,0.029333851112707254,0.03052310929576274,0.015904498711523763,0.015640789463137093,3965694.15,1.1740090949777355,True,True
2020-01-06,1858.8597412109373,2200.449951171875,2225.949951171875,2187.89990234375,2205.0,3023209,-9.086005532366048e-05,0.007901246054325295,0.03618847710566686,0.08927774752020712,2151.887481689453,2140.3050048828127,2136.357506103516,0.022567383237108274,0.028101109959491666,0.030000805054982038,0.01591006512819929,0.01552111654142748,4025381.55,0.751036631546145,True,True
2020-01-07,1863.421630859375,2205.85009765625,2214.64990234375,2183.800048828125,2200.5,2429317,0.0024541101157511402,0.020423808799385323,0.0705671818923237,0.1004765154483549,2159.1574890136717,2141.9230078125,2137.3127563476564,0.021625383456353564,0.02984565253306526,0.03206706229822598,0.014062102588733447,0.015473410898508367,4034610.05,0.6021194043275633,True,True
2020-01-08,1905.1534423828125,2255.25,2260.0,2202.050048828125,2205.0,5197454,0.022394949863654867,0.040436380510649794,0.12042627486109603,0.135088218895294,2171.277490234375,2144.7140087890625,2138.526756591797,0.03867424138245945,0.051538802263592975,0.054581147066977254,0.01318332705547648,0.015637584365177808,4068480.5,1.2774926658736596,True,True
2020-01-09,1870.6029052734373,2214.35009765625,2251.949951171875,2210.0,2248.75,3734173,-0.018135418398736336,0.026278681843106,0.08445568890752786,0.09567050848899061,2179.8999938964844,2145.1040087890624,2139.596007080078,0.01580352486638037,0.03228099364108594,0.034938413760731146,0.01404218352111651,0.015729707666104303,4008037.95,0.9316710686334694,True,True
2020-01-10,1869.9267578125,2213.550048828125,2234.0,2208.0,2228.0,1915807,-0.00036130186864846703,0.005861971261596821,0.09532882482393923,0.08651155734344607,2189.5324951171874,2144.3190087890625,2140.7267572021483,0.010969261138849662,0.0322857931843632,0.034018022795750946,0.01367565727114539,0.01570901880457151,3746963.0,0.5112959482119253,True,True
2020-01-13,1850.3277587890625,2190.35009765625,2218.949951171875,2184.699951171875,2217.85009765625,2843893,-0.01048087942902276,-0.004589903765021441,0.05750155589921535,0.0703430763901618,2195.4875,2142.7330126953125,2141.4787579345702,-0.0023399825067326185,0.022222593612370112,0.02282130492333967,0.01319724356766939,0.015779616705676507,3603601.0,0.7891808776831841,True,True
2020-01-14,1864.3087158203125,2206.89990234375,2229.800048828125,2195.0,2195.0,2948452,0.0075557805600159345,0.0004759184174008002,0.037686565108146164,0.08663431172705671,2199.4949951171875,2142.8530126953124,2142.3992572021484,0.0033666397254830116,0.029888606110168192,0.030106734272226987,0.012010168860634125,0.015757233223862483,3472314.75,0.8491315483424998,True,True
2020-01-15,1881.2044677734373,2226.89990234375,2231.0,2194.199951171875,2213.0,2620681,0.009062486240884793,-0.012570711742046381,0.02861495765218125,0.08241174162854081,2202.592492675781,2143.51201171875,2143.4197564697265,0.011035817904945011,0.03890246015376264,0.038947175709305615,0.011540202415699002,0.015716718763952153,3300365.15,0.7940578938666832,True,True
2020-01-16,1891.2569580078125,2238.800048828125,2249.0,2215.0,2226.949951171875,3117214,0.0053438174171414055,0.011041592383134846,0.03277594225723668,0.09135232300160889,2206.1449951171876,2144.2510107421876,2144.5385064697266,0.0148018619733572,0.04409420241019779,0.04395423167922918,0.011572353664936268,0.015714190806058275,3043671.8,1.0241623291972546,True,False
2020-01-17,1874.6148681640625,2219.10009765625,2253.550048828125,2213.0,2240.75,3281059,-0.008799334796417702,0.0025073066818901424,-0.004463763017392042,0.07197719577362305,2205.647497558594,2144.8630126953126,2145.6057568359374,0.006099161408405829,0.034611574035979364,0.034253422645869724,0.00994156477421801,0.015738741366617365,2895149.5,1.1332951890740013,True,False
2020-01-20,1833.4334716796875,2170.35009765625,2242.199951171875,2156.199951171875,2194.89990234375,5817599,-0.02196836458683782,-0.00913096039824901,-0.02364020288637081,0.042435205406460064,2203.0200073242186,2144.5630126953124,2146.5362573242187,-0.014829601891654831,0.01202440068595978,0.011094077843211814,0.01106823333024626,0.016009802375036027,2908612.55,2.0001285492631187,True,False
2020-01-21,1834.0242919921875,2171.050048828125,2186.550048828125,2158.050048828125,2169.949951171875,1902980,0.00032250611209261315,-0.01624444021115412,-0.02717654867174346,0.02169467456437113,2199.987512207031,2145.3850146484374,2147.4782574462893,-0.013153467107581918,0.011962903630094335,0.010976498271915602,0.011009825887303775,0.015797137641112614,2891395.1,0.6581528757519164,True,False
2020-01-22,1864.3087158203125,2206.89990234375,2210.0,2173.699951171875,2181.0,1773686,0.016512679445126466,-0.008981095189303567,-0.003926789550922738,0.04310627843109782,2199.5525024414064,2147.504013671875,2148.6732568359375,0.003340406693719933,0.027658103683968482,0.02709888314687503,0.011603504714323429,0.015918144810399205,2889784.6,0.6137779265624157,True,False
2020-01-23,1855.037841796875,2190.949951171875,2217.75,2183.699951171875,2209.800048828125,2069866,-0.007227310651894969,-0.021373100148580293,-0.0049955722173185,-0.0017769534641749463,2199.0025024414062,2147.7510107421876,2149.6265063476562,-0.0036619109166956543,0.020113570061717434,0.019223546370587874,0.011635069416440347,0.015206606465225312,2899259.55,0.7139291823665805,True,False
2020-01-24,1848.6451416015625,2183.39990234375,2190.949951171875,2170.0,2190.949951171875,1319430,-0.0034460161100835496,-0.01608769038864244,-0.006868363728110061,-0.03080617231008853,2198.2474975585938,2147.4830078125,2150.3852557373048,-0.0067542873272157244,0.016725112329450287,0.015352898518235625,0.011654377956593062,0.014814183968799206,2829218.0,0.4663585485459233,True,False
2020-01-27,1836.664794921875,2169.25,2193.449951171875,2165.0,2189.699951171875,1549101,-0.00648067370918215,-0.0005068756683256348,-0.006389680965496081,-0.04423585427870269,2197.55,2147.3790087890625,2150.835005493164,-0.012877977747946634,0.010184970199215604,0.00856178854249845,0.011640423620766838,0.014797733796880232,2792231.55,0.5547895911426114,True,False
2020-01-28,1848.9420166015625,2183.75,2187.800048828125,2152.0,2174.0,1743024,0.006684337904805826,0.005849681438127252,0.010200328133500358,-0.007792222774641866,2198.6525024414063,2148.0020068359377,2151.3572552490236,-0.006778016273539578,0.016642439369374706,0.015056887772564309,0.011509705869289413,0.014303930696048434,2783918.3,0.6261045807270997,True,False
2020-01-29,1824.261474609375,2154.60009765625,2186.949951171875,2150.0,2185.0,2306761,-0.013348552876359498,-0.023698313019071215,-0.005997416227308872,-0.017935620406749342,2198.0025024414062,2148.9180078125,2152.057755737305,-0.019746294527393626,0.002644163166343416,0.0011813539446918764,0.011905649076985174,0.014401867333547876,2831510.95,0.8146749353026517,True,False
2020-01-30,1810.0791015625,2137.85009765625,2165.0,2125.0,2160.0,2098567,-0.00777406443925277,-0.024235995663535514,-0.00917656041695758,-0.02906646554555392,2197.0125122070312,2149.5040087890625,2152.5055059814454,-0.026928574244372006,-0.005421674528245157,-0.006808534651581821,0.011987967425258438,0.014425835777375067,2817401.7,0.7448589954354041,True,False
2020-01-31,1760.294189453125,2079.050048828125,2144.35009765625,2071.60009765625,2139.39990234375,3287223,-0.02750428989038478,-0.0477923688663775,-0.05525633740565361,-0.05001140103809687,2190.93251953125,2148.7230078125,2152.547006225586,-0.05106614179384317,-0.03242528642875431,-0.03414418230351923,0.012439511356229106,0.014828706418692826,2748974.8,1.1957996122772752,True,False
2020-02-03,1780.1484375,2102.5,2194.699951171875,2093.199951171875,2152.0,4728073,0.011279166263983287,-0.03077100380315778,-0.04451360101133439,-0.03791159034202585,2186.035021972656,2149.3390087890625,2152.602006225586,-0.03821303004435628,-0.02179228525492194,-0.023275090370019624,0.012822052662945694,0.01490932471221528,2834218.0,1.668210772777535,True,False
2020-02-04,1784.5941162109375,2107.75,2136.699951171875,2086.60009765625,2129.0,3509339,0.0024970273483948535,-0.034802518603319954,-0.04447269456817704,-0.010422757191858367,2181.130017089844,2149.8640087890626,2152.939506225586,-0.03364311916982865,-0.019589150112236053,-0.02098967764533688,0.012822875384247019,0.014552901523694515,2888219.1,1.2150529023230958,True,False
2020-02-05,1817.4449462890625,2146.550048828125,2156.699951171875,2104.300048828125,2115.0,2439322,0.018408278414482337,-0.0037362148256104843,-0.04819862594917412,0.021704514013203946,2175.69501953125,2151.8620092773435,2153.5747564697267,-0.013395705942924163,-0.002468541396389301,-0.003261882421540352,0.01244597140765667,0.014634735117586319,2750312.5,0.8869253948414952,True,False
2020-02-06,1802.03564453125,2128.35009765625,2174.199951171875,2115.5,2145.0,2640065,-0.008478698729531553,-0.004443716615311288,-0.038837580421914986,-0.023065270241224733,2171.39501953125,2153.3430102539064,2154.1440069580076,-0.019823625589917904,-0.011606563598388075,-0.011974087720431736,0.011981765497401566,0.013869794916369497,2695607.1,0.9793953280505902,True,False
2020-02-07,1808.978271484375,2136.550048828125,2151.0,2119.0,2139.0,2083442,0.003852726664144601,0.027656861859775894,-0.034785750627488454,-0.027426255763304486,2167.54501953125,2154.527009277344,2154.2602569580076,-0.014299574137485727,-0.008343808349494108,-0.008221016041437323,0.0120473090924674,0.013834352552669174,2703988.85,0.7705068754259101,True,True
2020-02-10,1830.484130859375,2161.949951171875,2167.0,2119.0,2140.89990234375,2383032,0.0118882786563701,0.028275838845124746,-0.012966030642664883,-0.005748580229801736,2166.1250122070314,2156.7010083007813,2154.4110064697265,-0.0019274330944096807,0.002433783287943747,0.0034993066223245606,0.012226180330534275,0.013862505297542555,2680945.8,0.8888773506722889,True,True
2020-02-11,1823.2447509765625,2153.39990234375,2174.800048828125,2147.60009765625,2163.0,1335820,-0.003954785735669097,0.021658119959079514,-0.024242150694366527,0.00037155284363810104,2163.4500122070312,2159.3480053710937,2154.427755737305,-0.004645408863886202,-0.0027545828706390107,-0.0004770888189764566,0.012093191963371183,0.013809873410478448,2600314.2,0.5137148426140195,True,True
2020-02-12,1837.9349365234373,2170.75,2185.0,2150.0,2151.10009765625,1620407,0.008057071813445393,0.011273881633967253,-0.025214380890965837,0.029376872978688073,2160.6425170898438,2161.7430053710937,2154.4742559814454,0.004677998711128728,0.0041665427419113055,0.007554392433963164,0.012050490597406734,0.013582024954447136,2550300.5,0.6353788504531133,False,True
2020-02-13,1855.88427734375,2191.949951171875,2197.0,2171.0,2172.949951171875,1645948,0.009766187341644583,0.02988223299618875,-0.020926432300541142,0.03955320026200071,2158.300012207031,2164.0120043945312,2154.658755493164,0.015590946010529017,0.012910254989625392,0.017307239758332704,0.012216447569388294,0.013633342223244742,2476737.2,0.6645630388238203,False,True
2020-02-14,1849.32275390625,2184.199951171875,2212.0,2171.0,2188.0,1500115,-0.0035356646696502736,0.02230226358136833,-0.015727161889288133,0.031207143415349803,2156.5550048828127,2165.270002441406,2154.662505493164,0.012819031384068369,0.008742534976758032,0.01370861821905156,0.012095354185019891,0.013635088193570476,2387690.0,0.6282704203644527,False,True
2020-02-17,1865.4515380859373,2203.25,2217.0,2190.199951171875,2196.949951171875,1774724,0.00872175132954478,0.019103147510763918,0.015158799669822143,0.06349860111437122,2158.2,2166.863000488281,2154.703755493164,0.020873876378463718,0.016792478113992093,0.022530356845145372,0.011169431310476742,0.013348383149125091,2185546.25,0.8120276567013853,False,True
2020-02-18,1876.0357666015625,2215.75,2221.0,2186.050048828125,2199.949951171875,2486223,0.005673436968115286,0.028954258606768146,0.02058909291197719,0.06449675714628866,2160.4349975585938,2169.9690014648436,2154.5897552490233,0.025603641166670243,0.02109753572712414,0.028386027828257276,0.011221056537701132,0.013353267425579234,2214708.4,1.122596094366193,False,True
2020-02-19,1859.609619140625,2196.35009765625,2230.0,2190.5,2215.75,1760463,-0.008755456321223098,0.011793204033744065,-0.004780372991224469,0.07314395302393972,2159.907507324219,2173.63900390625,2154.2697552490235,0.016872292081237195,0.010448420234080213,0.019533460145692016,0.010806800314001077,0.013211128923698457,2214047.25,0.7951334371929054,False,True
2020-02-20,1826.12353515625,2156.800048828125,2214.39990234375,2151.25,2204.5,2317278,-0.018007169654022492,-0.016035905530123018,-0.015586801663581729,0.04989534029289988,2158.2000122070312,2175.9370043945314,2153.9767559814454,-0.0006486717500638894,-0.008794811397461078,0.0013107350573025034,0.011427578771685326,0.013438394573490789,2226417.85,1.0408100168618393,False,True
2020-02-24,1791.02880859375,2115.35009765625,2178.949951171875,2106.699951171875,2156.0,3092877,-0.019218263275910252,-0.031521772298678696,-0.031166899208181054,0.01829253530393027,2154.7975219726563,2177.826005859375,2153.8935064697266,-0.018306789345243657,-0.02868728173648194,-0.017894760673033416,0.012146968198804578,0.013615585133875327,2315090.2,1.3359639291808154,False,True
2020-02-25,1825.5733642578125,2156.14990234375,2176.64990234375,2111.0,2115.5,2674567,0.019287495120881015,-0.0213775548195847,-0.006038998573815846,0.05011562271703407,2154.1425170898438,2179.52400390625,2153.885005493164,0.000931872073449469,-0.01072440657712781,0.00105154028409582,0.012933294078183326,0.013737788073760141,2371363.5,1.1278604060490938,False,True
2020-02-26,1798.013671875,2123.60009765625,2163.89990234375,2112.949951171875,2154.0,2686842,-0.015096262394427296,-0.04158858280209865,-0.02754431704350313,0.05074097441950398,2151.1350219726564,2179.461005859375,2153.743256225586,-0.012800184105206003,-0.025630606857817373,-0.013995706536609864,0.013234548331762052,0.013725993290028375,2418554.4,1.110928908607555,False,True
2020-02-27,1782.688720703125,2105.5,2119.949951171875,2086.199951171875,2119.949951171875,2349001,-0.008523307978854588,-0.041364123940530795,-0.022788496904674105,0.026572403705509506,2148.6800170898437,2178.2720068359376,2153.506505737305,-0.02009606676955389,-0.033408135718386744,-0.022292250155459215,0.013046219844438454,0.01365593190504179,2420666.4,0.9703943509109724,False,True
2020-02-28,1693.490966796875,2000.1500244140625,2069.5,1990.0,2068.0,4298076,-0.05003560939726315,-0.07263075893343784,-0.0644105371995678,-0.037695441706007915,2141.7950134277344,2174.9200073242187,2152.6445056152343,-0.06613377476632687,-0.08035697051919344,-0.07084053163603443,0.0170095759297726,0.015029004173924335,2530641.85,1.6984133886824009,False,True
2020-03-02,1694.46484375,2001.300048828125,2053.949951171875,1985.699951171875,2035.0,2667076,0.0005749690773317884,-0.05391544830072781,-0.03739688712343625,-0.05656908369294189,2137.9075134277346,2170.365007324219,2151.9720056152346,-0.06389774288251837,-0.07789701636616841,-0.07001576061117643,0.016026973207140777,0.01477220106249677,2499634.5,1.0669863934107167,False,True
2020-03-03,1724.013916015625,2036.199951171875,2060.0,2012.0,2020.0,2757585,0.01743861564595761,-0.05563154539556292,-0.03153391145214035,-0.04115659373948788,2134.5925109863283,2166.631008300781,2151.509255371094,-0.046094305731911867,-0.060199940197107615,-0.05359461220599315,0.01634710538563796,0.014958433931246719,2401110.1,1.148462538223466,False,True
2020-03-04,1763.8079833984375,2083.199951171875,2094.449951171875,2025.0,2056.0,3237002,0.0230822125169734,-0.01902436646568406,-0.011647514566777373,0.01104127765251528,2133.3650085449217,2163.6610083007813,2151.463504638672,-0.023514521505751174,-0.037187459967259806,-0.03172889213301411,0.017234140902606474,0.014767002549946572,2387493.25,1.3558161892185454,False,True
2020-03-05,1799.2413330078125,2125.050048828125,2147.75,2084.050048828125,2085.699951171875,3937056,0.020089333063159742,0.00928522860514125,-0.010016072074227944,0.05574189562216447,2132.290008544922,2161.850007324219,2151.6117553710938,-0.0033953916623834512,-0.017022438361319225,-0.01234502761786016,0.01733472385335345,0.014659689806582776,2462379.95,1.5988824145518241,False,True
2020-03-06,1791.96044921875,2116.449951171875,2123.64990234375,2071.60009765625,2098.0,2595027,-0.004047009462667783,0.05814560174898986,-0.0055912542290290634,0.03651007682376872,2131.695001220703,2160.140007324219,2151.650255126953,-0.007151609418841853,-0.02022556686335486,-0.016359677355184843,0.017253599537582168,0.014566754004800961,2460128.05,1.0548341172728795,False,True
2020-03-09,1669.9530029296875,1972.3499755859373,2079.89990234375,1935.0,2075.0,4940975,-0.06808569959622712,-0.014465633606084993,-0.07685290280574042,-0.024023973596715487,2123.484997558594,2155.6170068359374,2151.0347552490234,-0.07117310560066081,-0.08501836396206741,-0.08306922016348361,0.022939723999548575,0.01701178940466976,2603004.7,1.8981813594112986,False,True
2020-03-11,1654.162841796875,1953.699951171875,1987.300048828125,1920.0,1933.0,6796449,-0.009455737898910077,-0.04051664963085755,-0.09632507907369414,-0.05675319195081474,2113.0724975585936,2151.0270068359373,2150.0835052490233,-0.07542218573705106,-0.0917362055599299,-0.09133764042080916,0.0226695859444898,0.016725964868980363,2823675.55,2.4069511102293606,False,True
2020-03-12,1498.5003662109375,1769.8499755859375,1908.4000244140625,1758.3499755859375,1904.0,8728786,-0.09410348578637162,-0.15041761853424918,-0.17811365475607133,-0.16781475228120957,2093.8950012207033,2143.1900073242186,2148.384005126953,-0.15475705584370436,-0.1741982887482747,-0.17619477180879828,0.030202941469275827,0.020251811162989023,3193323.85,2.7334484098754968,False,False
2020-03-13,1529.361572265625,1806.300048828125,1820.0,1506.050048828125,1687.9000244140625,8029720,0.020595007342427474,-0.14999646722474946,-0.16789125932137505,-0.165661983155599,2075.672503662109,2135.9640063476563,2147.0067553710937,-0.12977599036395693,-0.15433965953538364,-0.15868916373487618,0.030708249981778565,0.02030046997781859,3513789.5,2.2852023435097633,False,False
2020-03-16,1436.311279296875,1696.4000244140625,1842.25,1675.8499755859375,1755.0,7844271,-0.06084261830439652,-0.19846910460851275,-0.22607720878520898,-0.21743742386619191,2050.8950073242186,2126.7390087890626,2145.2185052490236,-0.17284891798174595,-0.20234687124116346,-0.20921807253516156,0.03248326512861897,0.021629270119827054,3823705.65,2.0514840100204887,False,False
2020-03-17,1403.7987060546875,1658.0,1731.0,1623.1500244140625,1730.0,5713248,-0.022636184780370994,-0.15937839606409177,-0.24091198742567332,-0.25618538674281555,2024.585009765625,2115.8860107421874,2143.2685052490233,-0.1810667410839234,-0.216403912317363,-0.2264151710625919,0.03249552558612544,0.021344700427464548,4034362.3,1.4161464873890974,False,False
2020-03-18,1400.7503662109375,1654.4000244140625,1713.550048828125,1627.75,1676.800048828125,7258778,-0.0021712759866933107,-0.1531964652905301,-0.24910925931507433,-0.25574695348642584,1997.142510986328,2104.965012207031,2141.264755859375,-0.17161643933110982,-0.21404868260520704,-0.22737250501744433,0.03219927732868961,0.02134573605121365,4308565.0,1.684732155601691,False,False
2020-03-19,1395.5906982421875,1636.3499755859375,1685.449951171875,1546.75,1559.699951171875,5135111,-0.01091032915967094,-0.07543012223722667,-0.26149160528672566,-0.26676972201093463,1968.172509765625,2093.575009765625,2139.077755737305,-0.16859423273786178,-0.2183943885683245,-0.23502080688884797,0.03188580267646673,0.02133006036811091,4441009.4,1.1562936570231082,False,False
2020-03-20,1532.9879150390625,1797.449951171875,1869.0,1627.0,1630.0,8547498,0.0984508069725436,-0.0048995722842346545,-0.1816195637071002,-0.18872997294354288,1948.2275024414062,2084.4190087890624,2137.5272552490233,-0.07739216856377684,-0.13767340271181916,-0.1590984644719906,0.0407020036680694,0.025156779248754486,4780361.15,1.7880444032978553,False,False
2020-03-23,1424.033935546875,1669.699951171875,1750.0,1617.75,1620.0,7003490,-0.07107291077379452,-0.01573925539844867,-0.22584388289536195,-0.24171757387888726,1923.8724975585938,2073.526005859375,2135.144254760742,-0.13211506828506847,-0.19475331080795089,-0.21799197058983888,0.04297388850156745,0.02663982198606028,5014671.75,1.3965998871212257,False,False
2020-03-24,1452.5626220703125,1703.1500244140625,1770.0,1632.8499755859375,1653.050048828125,6350865,0.020033583410426825,0.027231619067588975,-0.19486139608705622,-0.22531270210868204,1903.2624938964843,2063.318005371094,2132.677254638672,-0.1051418131362103,-0.17455766877401635,-0.20140282796675768,0.04351184226100138,0.026821994131182993,5177571.15,1.2266108598044083,False,False
2020-03-25,1492.7752685546875,1750.300048828125,1810.0,1680.0,1700.0,2765520,0.027684011236933426,0.057966648331033044,-0.18822895990416222,-0.19828687798906486,1882.9700012207031,2054.5170043945313,2130.217254638672,-0.07045781521031669,-0.1480722500303956,-0.17834669444313955,0.04384720535968166,0.02712590732983843,5182118.8,0.5336658819940601,False,False
2020-03-26,1527.4443359375,1790.949951171875,1832.050048828125,1722.550048828125,1831.5999755859373,4556067,0.023224533628372068,0.09447855158892837,-0.15664443924800642,-0.17150853882335215,1866.3374938964844,2046.1980053710938,2128.25650390625,-0.040393306661389294,-0.12474259750484296,-0.1584896144404,0.04442107954522284,0.02732609161551735,5275580.05,0.8636144190438357,False,False
2020-03-27,1556.0577392578125,1824.5,1850.0,1750.4000244140625,1820.0,4331250,0.018733102399747237,0.015049124906364897,-0.1334599857516029,-0.15828569948268234,1852.2874938964844,2038.1500073242187,2126.5485034179687,-0.015001717599480435,-0.10482545767311247,-0.14203696879355954,0.04480562403099246,0.027458357768423123,5374692.5,0.8058600561799582,False,False
2020-03-30,1516.8258056640625,1778.5,1905.0,1763.550048828125,1766.0,8513547,-0.025212386955330235,0.06516143738985192,-0.11081669960181817,-0.1757235508559094,1841.2049926757813,2028.9440063476563,2124.5322534179686,-0.034056497198964086,-0.1234356421686007,-0.16287455879347956,0.043860473689919084,0.027613689175663383,5585466.05,1.5242321632229776,False,False
2020-03-31,1557.422607421875,1826.0999755859373,1855.0,1780.0,1837.4000244140625,3927593,0.026764113346042784,0.07218973631766445,-0.0875431314483689,-0.1701996879916734,1832.4449890136718,2021.08400390625,2122.5052532958985,-0.003462594220168036,-0.09647497478751865,-0.13964878402524228,0.044420883463648926,0.027723077730348926,5648491.9,0.6953348025514562,False,False
2020-04-01,1457.3382568359375,1708.75,1834.75,1702.0,1825.9000244140625,4941878,-0.06426262370891467,-0.023738814871166802,-0.1608142417366334,-0.22345427620837932,1816.072491455078,2011.852001953125,2119.785003051758,-0.05909592924293949,-0.1506582003342546,-0.19390409992523283,0.046106880982793086,0.028835374058598064,5757706.55,0.8583066811558849,False,False
2020-04-03,1410.8143310546875,1654.199951171875,1740.0,1650.0,1740.0,5735369,-0.03192394957022682,-0.07635612592664587,-0.20593318455037024,-0.25008505658227265,1794.622491455078,2001.515,2116.7515032958986,-0.07824628352303142,-0.17352607840966727,-0.21851953401417468,0.045813251689552914,0.029049918438454832,5882624.9,0.9749676543204377,False,False
2020-04-07,1514.011474609375,1775.199951171875,1785.8499755859375,1705.0,1710.0,5427577,0.07314714277090917,-0.027021128434160047,-0.16463146260916417,-0.21285890647516903,1777.1299865722656,1992.8810009765625,2114.3570025634767,-0.0010860406469833661,-0.1092293266371741,-0.16040671039961696,0.049093946362067264,0.03054283938985075,5957150.95,0.9111028150126026,False,False
2020-04-08,1454.524169921875,1705.449951171875,1806.0,1701.0,1760.0,6285615,-0.03929134853454419,-0.041073966167064935,-0.1941931108611522,-0.22981919030013087,1756.5799865722656,1983.1710009765625,2111.611752319336,-0.029107718288515994,-0.14003888200660997,-0.19234681787565555,0.04958208707075197,0.03083515750708508,6141680.35,1.0234357116941133,False,False
2020-04-09,1506.293212890625,1766.1500244140625,1778.800048828125,1731.199951171875,1750.449951171875,5307397,0.03559182326076371,-0.03282950110803151,-0.10454531585380422,-0.2021187750649327,1746.2699890136719,1974.8260034179686,2109.196502685547,0.011384285090771717,-0.1056680328508619,-0.16264320457325732,0.048550936142802155,0.03125105756022647,6160001.45,0.8615902192685361,False,False
2020-04-13,1500.408447265625,1759.25,1787.0,1746.0,1761.0,2990438,-0.003906816702251348,0.029553767373811324,-0.09952907612821471,-0.19681789596902433,1736.5474914550782,1966.6260034179688,2106.7385021972655,0.013073358866735552,-0.10544760572551781,-0.16494144946553424,0.0485362742560975,0.03123687624448093,5969700.9,0.5009359849167653,False,False
2020-04-15,1479.85400390625,1735.1500244140625,1812.0,1727.800048828125,1785.0,4761399,-0.01369900559098336,0.04893608731208121,-0.019606153996406972,-0.2137613388938413,1734.8124938964843,1957.65400390625,2104.114752807617,0.0001945631120168212,-0.11365848053241734,-0.17535390020968578,0.043787032913534966,0.0312337844072528,5771331.55,0.8250087451655762,False,False
2020-04-16,1463.5643310546875,1716.050048828125,1764.9000244140625,1675.050048828125,1709.949951171875,6245533,-0.011007679634149947,-0.03332013517953458,-0.049964013486326175,-0.22939955809328016,1730.2999938964845,1948.8830029296876,2101.3052532958986,-0.008235534368967956,-0.11946994958217239,-0.18334090388033852,0.043571157577914375,0.0312042394046091,5682122.2,1.0991549952938358,False,False
2020-04-17,1540.450439453125,1806.199951171875,1851.949951171875,1753.0,1800.0,9895823,0.052533375938139226,0.059075319056282494,0.06472525653006733,-0.1932285546816428,1735.789990234375,1942.25,2099.0870025634767,0.04056364037909499,-0.07004765031696492,-0.13953068692908777,0.04283587292030289,0.03202386225770035,5784699.8,1.710689118214916,False,False
2020-04-20,1551.0684814453125,1818.6500244140625,1830.0,1802.5,1830.0,3244282,0.0068929651083811105,0.029725674078801667,0.09689386273465761,-0.18045606580123685,1743.822491455078,1937.0419995117188,2096.8027526855467,0.04291006299416811,-0.06111998352513781,-0.1326556481839941,0.04237577001136198,0.03204030994632656,5661251.5,0.5730679868223484,False,False
2020-04-21,1481.9864501953125,1737.6500244140625,1794.5999755859375,1727.699951171875,1765.0,5122541,-0.04453853073028535,-0.012277945480140717,0.05032035709107574,-0.19936879018249554,1747.9849914550782,1929.745,2094.1520025634763,-0.005912503306113925,-0.0995442276497348,-0.17023691580793354,0.04381297682211761,0.03239960936800424,5554439.65,0.9222426244202688,False,False
2020-04-22,1509.1502685546875,1769.5,1790.0,1719.1500244140625,1737.6500244140625,3829836,0.01832933855404928,0.019796545026437684,0.08137013866265663,-0.18495660615694742,1754.6424926757813,1922.98,2091.728502807617,0.008467541043965854,-0.07981362260657943,-0.1540489133150439,0.04379952256276641,0.03251578673713384,5489175.9,0.6977069180821842,False,False
2020-04-23,1601.8997802734375,1878.25,1900.0,1760.8499755859375,1780.0,5934366,0.06145803899406621,0.09451935931742783,0.044952600085163,-0.14891926090291652,1758.6824951171875,1917.6139990234376,2089.8570025634767,0.06798697616811467,-0.020527592645591897,-0.1012542974490186,0.040277026770858405,0.033473715109536305,5358519.3,1.1074637726881007,False,False
2020-04-24,1550.9835205078125,1818.550048828125,1851.949951171875,1807.800048828125,1840.699951171875,2987102,-0.031784880166045526,0.006837613769304474,0.08914781218732148,-0.16997188920019113,1766.125,1911.417998046875,2087.813753051758,0.02968365706171694,-0.048585892417903564,-0.1289692166411156,0.037325459617161987,0.033686554282617555,5157699.9,0.5791538976511603,False,False
2020-04-27,1566.3778076171875,1836.5999755859373,1875.0,1825.0,1832.300048828125,3374741,0.00992544954671093,0.009869931504637774,0.07835478334786505,-0.15883481829670487,1772.7974975585937,1905.4189965820312,2085.799002685547,0.03598971575445531,-0.03611752644407484,-0.11947413282811825,0.037178448009863654,0.0337246645213159,5008893.7,0.6737497743264146,False,False
2020-04-28,1585.5247802734375,1859.050048828125,1868.0,1832.5999755859373,1865.0,2678505,0.012223714222268534,0.06986448520034916,0.06213220417425647,-0.1429987097715224,1778.2349975585937,1899.3609985351563,2083.8337524414064,0.045446778058291226,-0.02122342710949643,-0.10787026716979042,0.03682864478267425,0.033771937083453545,5004542.95,0.5352147092673067,False,False
2020-04-29,1625.2681884765625,1905.6500244140625,1912.550048828125,1850.050048828125,1874.0,4241510,0.025066552466036285,0.07694265296075864,0.0640442649819084,-0.1273497312356897,1783.9700012207031,1894.4060009765626,2082.173753051758,0.06820743796706119,0.005935382083726237,-0.08477857737807515,0.036882411285391145,0.03393508531484645,4988815.1,0.8502038890958297,False,False
2020-04-30,1718.0604248046875,2014.449951171875,2032.0,1942.199951171875,1980.0,5915544,0.05709334104580166,0.07251428253527226,0.1041106885019869,-0.06504694148896994,1793.4674987792969,1891.28,2081.0327532958986,0.12321519767879119,0.0651251803920494,-0.03199507649198263,0.03865721760009244,0.03473431295231454,5068029.8,1.1672275486620067,False,False
2020-05-04,1646.4189453125,1930.449951171875,1966.0,1913.6500244140625,1966.0,3729348,-0.04169872771032823,0.06153248430850633,0.0854371386965842,-0.09701341862638091,1801.0649963378905,1886.05,2079.8695025634765,0.07183802644383364,0.02354123759808857,-0.07184083001719066,0.039516626278131704,0.035128204373613844,4828819.85,0.7723104435134395,False,False
2020-05-05,1648.3807373046875,1932.75,1977.0,1927.0,1955.0999755859373,2905528,0.001191457373307614,0.052352186481646745,0.05840316841351578,-0.07036869983509453,1806.3974975585938,1881.0210009765624,2078.6562530517576,0.0699472306688731,0.027500489891703284,-0.07019258371245696,0.03918239772565886,0.03495741172228918,4777716.6,0.6081415544823232,False,False
2020-05-06,1623.5198974609375,1903.5999755859373,1953.699951171875,1893.5999755859373,1939.800048828125,3517431,-0.015082149483411023,0.023963812478257296,0.11403070992593256,-0.09460167629681937,1816.1399963378906,1875.0280004882814,2077.5075024414064,0.04815706907198947,0.015238159158271536,-0.08370969859367516,0.0361254716205923,0.03497108662379479,4706494.25,0.7473569100822762,False,False
2020-05-07,1613.328125,1891.6500244140625,1934.449951171875,1883.3499755859373,1910.0,3166754,-0.0062775537534857095,-0.007346574565444963,0.14354375544139764,-0.10252637911798723,1828.0125,1868.5460009765625,2076.424752807617,0.034812412067238396,0.012364706796313962,-0.08898696094992764,0.035149482209988855,0.03497434444624843,4578063.5,0.6917234765310704,False,False
2020-05-08,1614.8203125,1893.4000244140625,1939.5,1886.25,1939.0999755859373,2686530,0.0009251182710405814,-0.06009080875272854,0.06658408995795617,-0.11793343674994472,1833.9225036621094,1862.4869995117188,2075.3790026855468,0.03243186156077149,0.016597713117164403,-0.08768469664384337,0.03155565701630366,0.03488093873822467,4441011.15,0.6049365581980131,False,False
2020-05-11,1650.555908203125,1935.300048828125,1951.4000244140625,1909.0,1909.0,2449841,0.02212951509125971,0.0025124182335345413,0.13477387448298428,-0.09070408531035978,1845.4150085449219,1858.0569995117187,2074.517502441406,0.048707222964484265,0.04157194818926713,-0.0671083533638267,0.030107295978468777,0.03500059503375523,4249222.45,0.5765386559133895,False,False
2020-05-12,1662.66650390625,1949.5,1956.5,1910.25,1933.4000244140625,3256595,0.007337338300835272,0.008666407967921286,0.10381336412616804,-0.08754770286365154,1854.5825073242188,1854.7399975585938,2073.536502685547,0.051179978405343496,0.051090720298337944,-0.05981881800725508,0.02933665465394833,0.03501163676382721,4146682.35,0.7853495216483124,False,False
2020-05-13,1662.79443359375,1949.6500244140625,1994.0,1925.6500244140625,1994.0,2656665,7.69553290906888e-05,0.02419103247464105,0.10822795191931922,-0.09819835405659427,1864.1025085449219,1850.61,2072.754752807617,0.0458920662769331,0.053517502020448804,-0.059391844706569774,0.02928393261403787,0.034971580155677105,4129993.7,0.6432612718029085,True,False
2020-05-14,1622.4534912109375,1902.3499755859373,1923.0999755859373,1891.0999755859373,1910.0,2263146,-0.02426078949340693,0.005656411616196788,0.09636051570142246,-0.11658304919795492,1872.4625061035156,1846.1849975585938,2071.6802526855467,0.015961585017056468,0.030422183097369215,-0.0817357200176545,0.02974108165046839,0.03509753251398348,4005081.05,0.5650687144021718,True,False
2020-05-15,1614.394287109375,1892.9000244140625,1917.4000244140625,1865.199951171875,1916.0,3173682,-0.004967514544196416,-0.00026407520521432026,0.10305642059024245,-0.12799722473151565,1881.3050048828125,1841.932998046875,2070.8150030517577,0.006163285326491907,0.02767040192082515,-0.08591543830593373,0.029600023405488975,0.03507797171430418,3851488.5,0.8240144037818106,True,False
2020-05-18,1659.34033203125,1945.5999755859373,1952.949951171875,1872.0999755859373,1907.0,3727694,0.027840852919946313,0.005322134293361369,0.07717862262349118,-0.11238850387721333,1888.2750061035156,1840.8419970703126,2070.158253173828,0.03035837963068344,0.05690764263437398,-0.0601684810313059,0.027999147972681573,0.03525503768756003,3543082.05,1.0521049039775978,True,False
2020-05-19,1661.941162109375,1948.6500244140625,1966.449951171875,1903.0,1903.0,3198693,0.001567664918995737,-0.0004359967098935824,0.07148159253008757,-0.10784265727660802,1894.7750061035156,1839.7889965820314,2069.3520037841795,0.028433464731697944,0.059170387492410104,-0.05832839417817359,0.02799645084699755,0.03525588426021204,3540802.6,0.9033807758726793,True,False
2020-05-20,1666.1630859375,1953.5999755859373,1962.9000244140625,1931.699951171875,1950.0,2778505,0.002540195063176265,0.0020259795975752226,0.12427701098481747,-0.11330989420813009,1905.5725036621093,1838.1369970703124,2068.55775390625,0.025203696963263855,0.06281521926801648,-0.05557387900010402,0.0255916962329745,0.035235167914714545,3423600.8,0.8115738844318532,True,False
2020-05-21,1698.2308349609375,1991.199951171875,1998.0,1941.1500244140625,1946.0,3400908,0.01924650699008157,0.0467053784667415,0.12528960224463126,-0.10134268253554102,1916.6575012207031,1836.2969970703125,2068.0297534179685,0.03889189899796719,0.08435615499491633,-0.03715120738428057,0.02561542032746837,0.035324739761004406,3402154.4,0.9996336439051678,True,False
2020-05-22,1723.0924072265625,2020.3499755859373,2032.0,1961.25,1977.0999755859373,3663418,0.014639426039010583,0.06733052434257658,0.07565551741564613,-0.08013299986105327,1923.7625,1834.2029956054687,2067.49200378418,0.050207588299458594,0.10148657505546255,-0.02280155285338825,0.022216162241734644,0.035368606708703655,3288607.0,1.1139725725816432,True,False
2020-05-26,1657.1226806640625,1943.0,2024.0,1925.0,2015.0,4575317,-0.03828543396967865,-0.0013363361526329554,0.06843361349998078,-0.09912835867390257,1929.9849975585937,1830.7339965820313,2066.661753540039,0.006743577000790202,0.06132294676756356,-0.05983647460849151,0.0228052542760255,0.03563198373880855,3368017.75,1.3584598834136192,True,False
2020-05-27,1710.25634765625,2005.300048828125,2010.0,1941.25,1959.0,3482160,0.03206384396712547,0.029071420575429663,0.09185455487571081,-0.05202450835445982,1938.4200012207032,1831.392998046875,2066.0382537841797,0.03450235117534106,0.09495889247513589,-0.029398393202452078,0.023651957651454312,0.0358049244425774,3373388.7,1.0322439273007584,True,False
2020-05-28,1709.4036865234375,2004.300048828125,2014.0,1971.300048828125,1988.5,3475681,-0.000498678489827209,0.025952126267293485,0.07813130157069215,-0.07042638981202709,1945.6825012207032,1832.405,2065.1640045166014,0.03012698504028566,0.09380843690566487,-0.02947172987489821,0.023609111555353165,0.035712866868960025,3413247.5,1.018291524420658,True,False
2020-05-29,1682.1544189453125,1972.3499755859373,2002.6500244140625,1962.4000244140625,1982.0,7237735,-0.01594076359019614,-0.009466641245568508,0.035001154628265585,-0.07122344844363249,1949.0174987792966,1836.455,2063.997254638672,0.011971404474949043,0.07399853281781321,-0.04440281053996786,0.02346646452511253,0.035718848256852405,3563058.75,2.0313263147850145,True,False
2020-06-01,1744.3284912109375,2045.25,2060.0,1981.0999755859373,1990.0,3747773,0.03696099846195189,0.012324609456260793,0.01528955773272389,-0.02861553075279033,1950.5575012207028,1841.2339990234375,2063.3232543945314,0.04854637646931015,0.1108039505488001,-0.008759293705452365,0.021310771017745984,0.03602916643776152,3454670.2,1.0848424836616821,True,False
2020-06-02,1745.9486083984375,2047.1500244140625,2081.0,2040.050048828125,2060.199951171875,2443886,0.0009289937240251067,0.05360268883894115,0.06045226563441597,0.02349823734535539,1956.392504882812,1848.2489990234376,2062.5325042724608,0.04639024086666432,0.10761592485412863,-0.007458054516248369,0.01880214712890903,0.035421410404994885,3390397.1,0.720825887917377,True,False
2020-06-03,1750.2257080078125,2046.1500244140625,2063.75,2020.0,2051.85009765625,3699799,-0.0004884839841116095,0.020371004134672965,0.05867288806832871,0.022410420472532167,1962.0625061035153,1856.0119995117188,2061.52025390625,0.042856696995621,0.10244439419161377,-0.0074557741856106086,0.018814902286627497,0.035421896285081494,3430110.65,1.078623804745191,True,False
2020-06-04,1789.06005859375,2091.550048828125,2100.0,2046.75,2046.75,4048593,0.02218802329856695,0.04353140641343267,0.098734017468316,0.02718303653057008,1971.460009765625,1864.755,2060.903504638672,0.06091426580688131,0.12162190144449259,0.01487044110530844,0.0187729838874178,0.03546455956433955,3456668.75,1.1712412420195022,True,False
2020-06-05,1752.021728515625,2048.25,2098.0,2040.300048828125,2091.60009765625,3573289,-0.020702372793988677,0.03848202669585277,0.08278485637661448,-0.01677705068695612,1979.2900085449219,1872.9930004882813,2060.0775048828127,0.034840771770365375,0.09357055764011402,-0.005741291215878519,0.019487943156169175,0.03545437971779117,3476995.5,1.027694456320119,True,False
2020-06-08,1772.1231689453125,2071.75,2095.0,2062.10009765625,2078.25,2957841,0.01147320883681191,0.01295685124067969,0.0941956128056618,-0.025081785183138527,1988.2075073242188,1878.4790014648438,2059.145754394531,0.04201900071699005,0.10288696247572782,0.00612110414164202,0.01953831208133192,0.03539041831928271,3490561.05,0.847382686516828,True,False
2020-06-09,1772.3800048828125,2072.050048828125,2095.5,2060.25,2063.10009765625,2909439,0.00014482868498855161,0.012163263130258173,0.07066087766742202,-0.02097847970331912,1995.0450073242187,1886.5260034179687,2058.2747546386718,0.038598147521085924,0.09834163169446253,0.006692641086136986,0.01911961173933221,0.0353860394637632,3513540.95,0.8280646337706694,True,False
2020-06-10,1803.7725830078125,2108.75,2132.0,2073.5,2077.050048828125,5168397,0.017711903818458108,0.03059403017325857,0.0816876122082586,0.06915609607952145,2003.0075073242188,1894.6380029296874,2057.8212548828124,0.052791860384507894,0.1130094491608582,0.024748867277147424,0.0193656890346995,0.03429385530177501,3609131.05,1.4320336192835115,True,False
2020-06-11,1768.6162109375,2067.64990234375,2105.0,2061.800048828125,2100.0,2269513,-0.01949026563426204,-0.011427001948992821,0.06052362036881487,0.05832520551762577,2008.9075012207031,1900.985,2057.1375048828127,0.02924096857986358,0.08767291816808132,0.005110206505877679,0.020062020458403433,0.034373530824995294,3589773.45,0.6322162196614385,True,False
2020-06-12,1744.537841796875,2039.5,2049.199951171875,2011.0,2011.199951171875,2842642,-0.013614443292281342,-0.004271939460515073,0.07209505410371175,0.1523575603207783,2015.7650024414063,1905.9560009765626,2056.509504394531,0.01177468481189381,0.07006667465304184,-0.008271055571678065,0.019428120724841354,0.03207164574719695,3618748.25,0.7855318479255914,True,False
2020-06-15,1736.326171875,2029.9000244140625,2059.0,2000.949951171875,2039.0999755859373,2399022,-0.004707024067633014,-0.020200301960148437,0.07237571886154304,0.12378894399687512,2022.6150024414062,1910.0640014648438,2055.8440045166017,0.003601783811483017,0.0627392709654313,-0.012619624857499567,0.01942211467197026,0.03200088907445437,3580015.25,0.6701150225547223,True,False
2020-06-16,1749.9266357421875,2045.800048828125,2073.949951171875,2031.0,2065.0,2146528,0.007832910105339819,-0.012668612910603172,0.05150086065971071,0.20596558558453548,2027.6250061035157,1915.4100024414063,2055.139254760742,0.008963710089340493,0.0680742223443136,-0.0045443178173851795,0.018610401920402433,0.030908319614936838,3500956.95,0.6131260768573575,True,False
2020-06-17,1751.63720703125,2047.800048828125,2058.85009765625,2026.550048828125,2046.0,2703527,0.0009776126465270707,-0.02890335562388857,0.050881391307746826,0.23510256262251206,2032.5825073242188,1919.84400390625,2054.4472552490233,0.007486801371689111,0.06664918850777801,-0.0032355206023980676,0.018612723222682905,0.030718446197126728,3476198.65,0.7777251164860789,True,False
2020-06-18,1743.3399658203125,2038.0999755859373,2059.199951171875,2025.199951171875,2045.0,1944389,-0.00473682635555106,-0.014291552319528056,0.04325348129401774,0.23192694965521987,2036.8075073242185,1926.4310034179687,2053.557755126953,0.0006345559200224837,0.05796676443113724,-0.007527316678785145,0.01868594660123858,0.03072894537226359,3434492.85,0.566135695987837,True,False
2020-06-19,1748.89990234375,2044.5999755859373,2090.0,2032.0,2042.0,5681758,0.003189244923145207,0.0025006009247057204,0.026818012115074064,0.24948819390168375,2039.4775085449214,1934.23900390625,2052.5422552490236,0.0025116565490690412,0.057056533063809756,-0.003869484120375688,0.018258908322252642,0.030667283995260485,3548535.35,1.6011558120732825,True,False
2020-06-22,1734.657958984375,2027.949951171875,2052.25,2019.1500244140625,2050.0,3196138,-0.008143414170437291,-0.0009606745252147553,0.003761712415064844,0.12823722844117125,2039.8575073242187,1939.29400390625,2051.300504760742,-0.005837445071329217,0.04571557849766372,-0.011383292469667072,0.01810489908499007,0.028092913069792266,3525171.35,0.9066617428398197,True,False
2020-06-23,1740.94482421875,2035.300048828125,2044.0,2010.0,2027.0,4205944,0.0036243979551875416,-0.005132466394266899,0.04750388514056869,0.2189615549785784,2044.472509765625,1945.891005859375,2050.294505004883,-0.004486468217932416,0.045947610991327714,-0.0073133182282622,0.015658752087120427,0.026384878763392506,3506702.7,1.1994013635658363,True,False
2020-06-24,1746.84716796875,2042.199951171875,2064.25,2031.5999755859373,2034.0,2560937,0.003390115549656958,-0.0027346896780545693,0.01840118757555209,0.19907226133790323,2046.3175048828125,1951.4120043945313,2049.309254760742,-0.002012177338615584,0.04652423300302111,-0.0034691218869731255,0.014031693159845347,0.0262970158232533,3460641.55,0.7400179888610539,True,False
2020-06-25,1724.5216064453125,2016.0999755859373,2060.0,2009.25,2035.0,3043931,-0.012780323283702377,-0.010794367432184093,0.005887305528287312,0.151859635115575,2046.9075012207031,1956.54900390625,2048.2225048828127,-0.015050765907298369,0.03043673915695133,-0.01568312486572998,0.014365733997745735,0.0261814798464612,3439054.05,0.8851070543657201,True,False
2020-06-26,1812.4117431640625,2118.85009765625,2132.0,2019.949951171875,2025.0,6300722,0.05096479505707574,0.03631523180911422,0.0742769406462922,0.18308727514681222,2054.2325073242187,1964.2230053710937,2047.5187548828126,0.03145583087680781,0.07872176013738486,0.03483794353694214,0.01775311350419476,0.02678807092603697,3392203.4,1.857412795470932,True,False
2020-06-29,1797.698974609375,2101.64990234375,2127.60009765625,2091.300048828125,2108.0,3076341,-0.008117702772615143,0.03634209568598412,0.027576043194597277,0.15190457788092626,2057.0525024414064,1971.9350024414061,2046.76900390625,0.02168024386806522,0.06578051494686532,0.026813430500833402,0.01609725460791634,0.026747696377732718,3358631.8,0.9159506558593294,True,False
2020-06-30,1781.0191650390625,2082.14990234375,2111.89990234375,2075.050048828125,2100.0,3071725,-0.009278424526489304,0.023018647074960707,0.017096879814514354,0.17073370949887545,2058.8024963378907,1977.4540014648437,2045.95275390625,0.011340284484494534,0.05294479709836519,0.017692074447169137,0.01627653646828207,0.026544102410730668,3390023.75,0.90610722122522,True,False
2020-07-01,1789.4876708984375,2092.050048828125,2113.949951171875,2079.5,2079.699951171875,2503466,0.004754771245447209,0.024409998456637272,0.02243238465723274,0.14563828749674723,2061.0974975585937,1982.922001953125,2045.33650390625,0.015017509509470228,0.05503395835414193,0.0228390510963159,0.016293993213051482,0.02636122438162169,3330207.1,0.7517448389320892,True,False
2020-07-02,1845.172607421875,2157.14990234375,2165.0,2098.0,2102.0,3758699,0.03111773236595905,0.06996177196858477,0.03136422843545139,0.26241398820409656,2064.377490234375,1991.3119995117188,2045.1347534179688,0.04493965495566532,0.08328072289661059,0.05477152482914582,0.01700521368606922,0.025106365726561934,3315712.4,1.1336022388431517,True,False
2020-07-03,1881.5257568359373,2199.64990234375,2205.0,2160.25,2163.64990234375,4185208,0.019701922408741135,0.03813379944946371,0.07391671053033066,0.3297364087004506,2071.9474853515626,1999.9149975585938,2045.2187524414062,0.06163400274139641,0.09987169706161692,0.07550837763344243,0.016601393328970062,0.024729260014798624,3346308.35,1.2506940670903803,True,False
2020-07-06,1935.8853759765625,2263.199951171875,2269.89990234375,2205.0,2205.0,5190366,0.02889098340622831,0.07686820181038012,0.0924097749110051,0.2748986105355924,2081.519982910156,2007.6139965820312,2045.7647521972656,0.08728235604431411,0.12730831475820525,0.10628553392616236,0.0174649825801715,0.023281578640808043,3457934.6,1.5010017829718352,True,False
2020-07-07,1941.6158447265625,2269.89990234375,2302.699951171875,2232.14990234375,2275.0,5630055,0.0029603885279361197,0.09017122148057699,0.09548507461367617,0.3309683469655744,2091.4124755859375,2016.6409936523437,2046.446251220703,0.08534300566788322,0.12558452867345937,0.10919106768123377,0.01743874968309854,0.022568160404488898,3593965.4,1.5665301062720303,True,False
2020-07-08,1897.9918212890625,2218.89990234375,2274.39990234375,2207.60009765625,2270.0,2793358,-0.02246795109658395,0.06063423462869855,0.05223468990812097,0.25634848210581196,2096.919970703125,2024.2869921875,2046.8310009765626,0.05817100001185249,0.09613899160906336,0.08406600314588353,0.01816177969316116,0.022479858312088125,3475213.45,0.8037946561239281,True,False
2020-07-09,1885.5462646484373,2204.35009765625,2244.5,2191.050048828125,2229.0,3443998,-0.006557215434608632,0.02188081378174833,0.0661138015471312,0.25300559764459285,2103.75498046875,2031.1929931640625,2047.1027514648438,0.04781693596517855,0.08524896702329321,0.07681458396696739,0.0175499152195523,0.02249836896441671,3533937.7,0.9745497211227011,True,False
2020-07-10,1900.942626953125,2222.35009765625,2249.85009765625,2176.0,2205.25,9610320,0.0081656720586889,0.010319912859002134,0.08965437492338801,0.2807826795303816,2112.8974853515624,2037.5269946289063,2047.6012524414064,0.05180214045570497,0.0907095236110016,0.0853432009804087,0.017112118321950295,0.022383404140092152,3872321.6,2.481797999422362,True,False
2020-07-13,1898.9332275390625,2220.0,2244.949951171875,2210.0,2220.0,2963503,-0.0010574830935632384,-0.019087995804129565,0.09364992034068798,0.29366856259001173,2122.402484130859,2041.6379956054689,2048.0085021972654,0.04598445233591386,0.0873622085690251,0.08397987489710546,0.01702870993820144,0.022304206828271868,3900545.65,0.7597662650096147,True,False
2020-07-14,1857.8321533203125,2171.949951171875,2239.0,2165.0,2210.0,2976738,-0.02164416613879505,-0.04315166103612689,0.06166286994470016,0.20249696040723442,2128.7099792480467,2046.4679956054688,2048.358502197266,0.02031275859340065,0.061316353754792496,0.060336825239348135,0.017984924968301532,0.02164512516645108,3942056.15,0.7551231861575589,True,False
2020-07-15,1910.822021484375,2233.89990234375,2260.0,2181.10009765625,2185.0,5569321,0.028522734208700218,0.006760106656526599,0.09087794173172448,0.22832863517183521,2138.014971923828,2052.4909936523436,2049.200751953125,0.04484764217232917,0.08838475260181045,0.09013228704634502,0.018844151732718396,0.02188465996381568,4085345.85,1.3632434570992318,True,True
2020-07-16,1915.837646484375,2234.75,2333.0,2220.10009765625,2244.0,8582118,0.0003805442022528638,0.013790868508624099,0.09648693723060742,0.28607600414448253,2147.8474731445312,2059.113994140625,2050.2955017089844,0.04046028777278132,0.08529688320275675,0.08996483586744786,0.018746262970343482,0.020956265168634483,4417232.3,1.9428722369887588,True,True
2020-07-17,1886.689453125,2200.75,2243.89990234375,2190.050048828125,2237.0,4509135,-0.015214229779617394,-0.009719484647819465,0.07637191933806697,0.24371291325233124,2155.6549743652345,2065.295993652344,2051.075751953125,0.0209194078695476,0.06558575950564571,0.07297353493860426,0.019272778798303126,0.021026111238310625,4358601.15,1.0345371932001624,True,True
2020-07-20,1892.8192138671875,2207.89990234375,2226.89990234375,2190.800048828125,2201.0,2952646,0.0032488480489605287,-0.005450494439752207,0.08873490742110701,0.17550906553640355,2164.652471923828,2071.5859912109377,2051.6730017089844,0.0199789254768854,0.06580171506814003,0.07614610150088885,0.019066569593954627,0.01961914691223124,4346426.55,0.6793272510264783,True,True
2020-07-21,1907.521728515625,2225.050048828125,2238.64990234375,2201.14990234375,2230.0,2665286,0.007767628625813039,0.024448122125281913,0.09322949710007289,0.2235297292268359,2174.139971923828,2077.3809912109373,2052.3602514648437,0.023416191028054367,0.07108424417184511,0.08414204925281821,0.019079856637267897,0.019091828312416816,4269393.65,0.6242774076360936,True,True
2020-07-22,1878.288330078125,2190.949951171875,2231.0,2184.199951171875,2231.0,2861534,-0.015325541856557212,-0.019226443909511337,0.07283811749904445,0.19293802694998297,2181.577471923828,2082.209990234375,2053.0342517089844,0.004296193634499623,0.052223340319897504,0.06717652145748998,0.019596224651368503,0.01922665107933594,4284423.5,0.667892424733456,True,True
2020-07-23,1861.3560791015625,2171.199951171875,2190.949951171875,2163.0,2190.949951171875,2265766,-0.009014354704650507,-0.028437207216970628,0.07693069662423913,0.16790828334100927,2189.332470703125,2086.6409887695313,2053.393751220703,-0.008282213767846214,0.04052396308586226,0.05737146121202441,0.01944704091172219,0.01925178602307456,4245515.25,0.5336845745637117,True,True
2020-07-24,1849.5257568359373,2157.39990234375,2163.0,2125.10009765625,2154.5,3665100,-0.006355954835332689,-0.019697874659207137,0.018193738542495952,0.1321070892894376,2191.2599609375,2091.7419873046874,2053.8810009765625,-0.015452323867252926,0.03138910794809169,0.050401606187489456,0.01607583088180246,0.019061454356880194,4113734.15,0.8909423570796378,True,True
2020-07-27,1891.87646484375,2206.800048828125,2215.0,2163.5,2165.0,4248480,0.02289800163182898,-0.0004981446461669314,0.05003218964638778,0.09548517080027397,2196.517468261719,2098.0199877929685,2054.6137512207033,0.0046813106269276705,0.05184891548606685,0.07407051447845303,0.0166338629469919,0.017867631657432062,4172341.1,1.0182484840465225,True,True
2020-07-28,1980.1348876953125,2309.75,2320.0,2215.0,2215.0,8092319,0.04665123658418646,0.03806653752192424,0.1093101401585228,0.19648271564765096,2207.8974731445314,2105.30298828125,2055.765750732422,0.046131003859707365,0.09711049329087729,0.12354727146178468,0.01906065281744877,0.017872873016604722,4423370.8,1.8294462223243868,True,True
2020-07-29,1951.2435302734373,2276.050048828125,2342.0,2246.050048828125,2292.0,6090431,-0.014590302488093898,0.038841643831586614,0.08795200674241466,0.17762258379414053,2217.0974731445312,2111.8509887695313,2056.907501220703,0.026589979194726387,0.07775125277861772,0.10653981643674704,0.019577417703962787,0.018017724683869484,4602719.05,1.323224583955434,True,True
2020-07-30,1954.20166015625,2279.5,2358.0,2272.25,2285.89990234375,7098496,0.0015157624383748125,0.0498802741634512,0.05671840307589027,0.19746797081059997,2223.214978027344,2118.3689892578127,2058.2045013427733,0.025316949790702425,0.07606371295996017,0.10751871279693215,0.018543165177481336,0.017863923817088977,4769708.9,1.4882451212064534,True,True
2020-07-31,1955.83056640625,2281.39990234375,2334.800048828125,2257.449951171875,2303.14990234375,4723290,0.0008334732808730205,0.05747659479602696,0.037165005173275256,0.20603699040493084,2227.3024780273436,2124.17298828125,2059.5892510986328,0.024288315058275778,0.07401794247921312,0.10769654732214118,0.018119769173435808,0.01782376941054974,4796613.0,0.9847135885259036,True,True
2020-08-03,1932.46923828125,2254.14990234375,2303.85009765625,2230.699951171875,2290.449951171875,4012337,-0.011944420604211192,0.021456340614442793,-0.0039987844748047285,0.19053019609066824,2226.8499755859375,2128.848986816406,2060.925750732422,0.012259436898361065,0.05885852698021843,0.09375599850827188,0.0172054758451855,0.017929735317751855,4737711.55,0.8468934753953098,True,True
2020-08-04,1928.6539306640625,2249.699951171875,2269.64990234375,2225.050048828125,2259.949951171875,2927928,-0.0019741150165959453,-0.025998505824494034,-0.008899049315354346,0.16245537870684568,2225.839978027344,2134.982985839844,2062.0692504882813,0.010719536615420688,0.0537320278863509,0.09099146434542105,0.017195240649811833,0.017764670452918404,4602605.2,0.6361458071615614,True,True
2020-08-05,1937.055908203125,2259.5,2300.0,2253.0,2260.0,3800641,0.004356158172568847,-0.007271390555162016,0.018297399361442812,0.15901513208515006,2227.869982910156,2140.066984863281,2063.1802502441406,0.014197425043865008,0.05580807328998105,0.09515394970101543,0.016403736633853565,0.017755549959915563,4652969.35,0.8168205535246005,True,True
2020-08-06,1978.7203369140625,2308.10009765625,2319.5,2265.35009765625,2275.0,4748047,0.021509226667957515,0.012546653940008756,0.047066026449388065,0.1838535474334242,2233.057482910156,2146.1429858398437,2064.4887506103514,0.03360532154698381,0.07546426910275406,0.11800081108404026,0.016912842798711365,0.017918439525385677,4718171.8,1.006331944080544,True,True
2020-08-07,1967.7896728515625,2295.35009765625,2328.0,2287.0,2308.0,3165491,-0.005524023855354887,0.00611475230544567,0.032848109790166724,0.20658665708935398,2236.707482910156,2152.60298828125,2065.8107513427735,0.026218276280720598,0.06631371885671156,0.11111344355443808,0.01694575736713535,0.017596134517432454,4395930.35,0.7200958040656855,True,True
2020-08-10,1957.0308837890625,2282.800048828125,2325.0,2276.050048828125,2318.0,2929353,-0.0054675967909817436,0.012709956181080173,0.02828831028293921,0.2059802521978169,2239.8474853515627,2157.3539892578124,2066.938001098633,0.019176557224306112,0.058148111156050675,0.10443566648576574,0.017012799605724348,0.017600227987098652,4394222.85,0.6666373326969524,True,True
2020-08-11,1954.5439453125,2279.89990234375,2312.0,2275.60009765625,2283.0,2774423,-0.0012704338629498935,0.013423990677576159,0.04970185943448224,0.17182356648474717,2245.244982910156,2162.0089868164064,2068.080501098633,0.015434805420955211,0.05452841142022269,0.10242318958695851,0.016139619064434233,0.017310476816569338,4384107.1,0.6328365016447706,True,True
2020-08-12,1935.2125244140625,2257.35009765625,2296.39990234375,2246.550048828125,2288.35009765625,3415751,-0.00989069944005816,-0.000951494730581981,0.010497424386785026,0.15841740147003058,2246.4174926757814,2166.23298828125,2069.016751098633,0.0048666844057763115,0.042062469673354475,0.09102553010149061,0.015140877737902535,0.0173872495972561,4276428.6,0.7987391628612718,True,True
2020-08-13,1932.726318359375,2254.449951171875,2300.0,2250.5,2273.0,2695682,-0.0012847570642170458,-0.023244289335134893,0.008815281875769188,0.15399773717529075,2247.402490234375,2169.490986328125,2069.879000854492,0.003135825010483595,0.03916078258870459,0.08916992260957679,0.015146896507477008,0.017394487360690034,3982106.8,0.6769486945955342,True,True
2020-08-14,1922.1815185546875,2242.14990234375,2281.300048828125,2233.10009765625,2277.0,2270405,-0.005455897932766907,-0.02317737732767733,0.01881172434113365,0.12602950850023076,2249.4724853515627,2173.368984375,2070.4650006103516,-0.003255244531994439,0.03164714250697265,0.08292093886290641,0.01476484779119624,0.01728428896415937,3870170.3,0.5866421433702801,True,True
2020-08-17,1931.825927734375,2253.39990234375,2270.0,2238.25,2263.0,2625630,0.005017505737792138,-0.012878984517048497,0.020607818294525293,0.11535126565892329,2251.7474853515623,2177.001982421875,2071.153500366211,0.0007338376096508448,0.03509317884813501,0.08799270645334345,0.014784095007420308,0.017210697432625877,3853819.5,0.6813059096306924,True,True
2020-08-18,1945.8431396484373,2269.75,2289.0,2248.300048828125,2262.800048828125,3493374,0.007255746145743647,-0.00445190700403808,0.020089413806856804,0.16816778178075142,2253.9824829101562,2180.9559814453123,2071.5279998779297,0.006995403562092495,0.04071334740825172,0.09568878631317124,0.014772424091110245,0.016390145632371164,3895223.9,0.8968352242858235,True,True
2020-08-19,1934.5697021484373,2256.60009765625,2284.60009765625,2252.5,2276.35009765625,2843005,-0.005793546577266273,-0.00033224797552611207,0.029964238320122627,0.12531792884310855,2257.264990234375,2183.9129833984375,2071.54700012207,-0.00029455672284894874,0.033282971808108464,0.0893308708531717,0.014362787266131521,0.015964705925753626,3894297.45,0.730043104437233,True,True
2020-08-20,1931.3551025390625,2252.85009765625,2276.550048828125,2240.050048828125,2257.0,2895164,-0.0016617920046599899,-0.0007096425071638768,0.03760600051612273,0.1240084033193769,2261.3474975585937,2187.6169873046874,2071.463001098633,-0.003757670995509388,0.029819255715295423,0.08756472911242708,0.01417032518370249,0.015968612396120883,3925767.35,0.7374772221283057,True,True
2020-08-21,1927.7115478515625,2248.60009765625,2271.0,2241.050048828125,2260.0,1975294,-0.0018864992413039072,0.0028767903991422372,0.04227319896205706,0.14006141176250697,2265.907507324219,2191.7989892578125,2071.701502075195,-0.007638180116366189,0.025915290898857135,0.08538807130460535,0.01406745795684366,0.015802091549597105,3841277.05,0.5142284647237304,True,True
2020-08-24,1927.2828369140625,2248.10009765625,2259.949951171875,2230.0,2250.60009765625,2167966,-0.00022236057025937228,-0.002351914847421366,0.018714902988178128,0.09918107696186285,2267.972509765625,2196.162990722656,2071.972252807617,-0.008762192673767766,0.023649022022952826,0.08500492446748331,0.013197034247662751,0.015135102043843258,3737251.35,0.5800963855428134,True,True
2020-08-25,1922.6103515625,2242.64990234375,2250.0,2233.550048828125,2245.0,1663419,-0.002424356156641827,-0.011939683954730662,-0.029050805349604913,0.09549855926443085,2264.6175048828127,2200.099987792969,2072.1762518310547,-0.0097003588869633,0.01933999126715369,0.0822679298452813,0.007668081574985457,0.015144143038644328,3415806.35,0.4869769622625123,True,True
2020-08-26,1931.9114990234373,2253.5,2259.89990234375,2216.449951171875,2242.0,2618149,0.004838070197631383,-0.0013737913330189588,-0.009907536453223176,0.10133664350702465,2263.4900024414064,2204.2139868164063,2072.5012518310546,-0.004413539459255933,0.02235990401947241,0.08733348074411684,0.007126675710615641,0.015147110134824917,3242192.25,0.8075242916270619,True,True
2020-08-27,1927.5396728515625,2248.39990234375,2287.35009765625,2241.75,2266.0,3579393,-0.002263189552363043,-0.0019753623719259705,-0.013643385679425357,0.07499215885534571,2261.9349975585938,2208.4199853515624,2072.816500854492,-0.005983856843566615,0.018103403001862972,0.08470764364181593,0.0071212458433548105,0.014914270539235285,3066237.1,1.1673568883502192,True,True
2020-08-28,1919.0955810546875,2238.550048828125,2279.949951171875,2235.10009765625,2268.39990234375,2941136,-0.004380828119302738,-0.004469469177111662,-0.01878226323741139,0.09290860433449288,2259.7925048828124,2212.2989868164063,2073.3595013427735,-0.009400179887661397,0.011865964848401855,0.07967289193136495,0.00715893794107504,0.01465245186855086,2977129.4,0.9879100317238478,True,True
2020-08-31,1935.126708984375,2257.25,2276.199951171875,2228.0,2240.0,6018154,0.008353599769486575,0.004070060026815092,0.0013752846041990008,0.08953783033667184,2259.947509765625,2216.884987792969,2074.141001586914,-0.0011936161145197355,0.01820798662506018,0.08828184692988095,0.0069500337693889904,0.014622276491639413,3077420.25,1.9555840642824132,True,True
2020-09-01,1925.7825927734373,2246.35009765625,2278.0,2241.300048828125,2269.0,3610908,-0.004828841441466336,0.001649921063752835,-0.0014890223533498004,0.08411961329153361,2259.7800170898436,2221.1059887695315,2074.479751586914,-0.005943020706452917,0.011365557976233065,0.08284985473483664,0.0070236143041169045,0.014644366166826834,3111569.25,1.1604781092370031,True,True
2020-09-02,1941.8990478515625,2265.14990234375,2268.75,2241.64990234375,2247.0,2084137,0.008369044837273965,0.005169692630907496,0.0025005099994468427,0.07416711433017187,2260.0625122070314,2225.5649877929686,2074.821500854492,0.002250995319483584,0.01778645636856324,0.09173242199913267,0.00721096665207081,0.014517656300930814,3025744.05,0.6888014866954791,True,True
2020-09-03,1971.347412109375,2299.5,2324.0,2268.0,2268.0,4654146,0.015164602404771577,0.022727317148067305,-0.0037260505577652037,0.11213218320637375,2259.6325073242188,2231.23298828125,2075.446751098633,0.017643352424147496,0.030596092867619884,0.1079542266178426,0.0063044027699607225,0.014365258711835055,3021049.0,1.540572827517859,True,True
2020-09-04,1962.1748046875,2288.800048828125,2324.25,2262.949951171875,2275.0,5231303,-0.004653164240867591,0.0224475660154686,-0.0028536164634811456,0.12223586605938963,2259.3050048828127,2234.6319873046873,2076.127750854492,0.013054919048808289,0.024240260513218814,0.10243699978775456,0.006268366076330024,0.014247611820833393,3124339.6,1.6743708014327252,True,True
2020-09-07,1994.9658203125,2327.050048828125,2343.5,2283.35009765625,2289.0,4620401,0.01671181369450947,0.03092260442047845,0.019384089299768315,0.14638653177012295,2261.5175048828123,2239.139990234375,2077.219000854492,0.028977243732945857,0.03926063532300561,0.12027188653235954,0.007170341322881503,0.014344151318915309,3208892.0,1.43987426189476,True,True
2020-09-08,2013.09716796875,2348.199951171875,2390.449951171875,2327.050048828125,2335.949951171875,7453998,0.009088718291383913,0.04534015139576453,0.029957476974279418,0.14781498441989505,2264.932507324219,2244.4609912109377,2078.4172503662107,0.0367637638553866,0.046219987946846786,0.12980199272216852,0.007370231603611418,0.014353157247272715,3442870.75,2.1650531028502886,True,True
2020-09-09,1995.4801025390625,2327.64990234375,2359.0,2320.0,2325.0,3866535,-0.008751405014666425,0.02759199288988823,0.031142623716405637,0.13665877861257592,2268.4474975585936,2249.17298828125,2079.4649993896483,0.02609820366081772,0.03489145320141418,0.11935036320733805,0.0072814048597259155,0.014424279533043772,3465409.95,1.1157511104854996,True,True
2020-09-10,1998.480712890625,2331.14990234375,2348.5,2324.300048828125,2335.0,2308813,0.0015036625552991012,0.013763819240595776,0.03402158079934581,0.1437858447908391,2272.2824951171874,2252.65298828125,2080.7622491455077,0.025906729182247457,0.03484642973012542,0.12033458089748961,0.007250706486211386,0.014395604530685363,3446066.5,0.6699850394645606,True,True
2020-09-11,2035.3016357421875,2374.10009765625,2383.0,2330.14990234375,2330.949951171875,4145424,0.018424467370939057,0.03726845814766522,0.05884985440740187,0.16115627800293075,2278.8800048828125,2256.1419921875,2082.225249633789,0.04178372383338114,0.052283103580010426,0.14017448307948155,0.007943601000720266,0.014544397862692675,3539817.45,1.1710841190412233,True,True
2020-09-14,2135.862060546875,2491.39990234375,2505.75,2381.85009765625,2384.10009765625,7512131,0.04940811248999166,0.07062583531385136,0.10561818155421832,0.22853125685082354,2290.7800048828126,2260.7059912109376,2084.4489990234374,0.08757711217721242,0.10204507442794108,0.1952318831072235,0.01309786134997428,0.015677725423250386,3784142.5,1.985160706817991,True,True
2020-09-15,2135.862060546875,2491.39990234375,2538.0,2464.60009765625,2491.39990234375,7318770,0.0,0.060982860978431974,0.09765388361879057,0.22409465070186374,2301.8625,2265.1359912109374,2086.6344982910155,0.08234088801731199,0.09988976909587333,0.1939800211221674,0.013135806172734946,0.01568443504018564,3975412.3,1.8410090445209923,True,True
2020-09-16,2145.806884765625,2503.0,2507.60009765625,2477.300048828125,2488.949951171875,3074003,0.004656056077283033,0.0753335359753573,0.10919077004368916,0.22563904605114904,2314.1824951171875,2270.8179931640625,2088.7627478027343,0.08159144980190991,0.10224597811664538,0.19831704325109256,0.012900072378130352,0.0156851433944215,3986962.2,0.7710138310315557,True,True
2020-09-17,2109.757568359375,2460.949951171875,2495.75,2450.60009765625,2480.0,4828176,-0.01679985969961051,0.055680695907896594,0.0923718154759261,0.2206487679048017,2324.5874877929687,2275.949990234375,2090.801247558594,0.05866092977570525,0.08128472142678711,0.17703677192918255,0.013744789615845823,0.015764309087779833,4083612.8,1.182329529381434,True,True
2020-09-18,2100.28369140625,2449.89990234375,2500.39990234375,2436.39990234375,2485.0,4183256,-0.004490155853378086,0.03192780488166047,0.0895222787268033,0.15624031405227212,2334.652478027344,2280.500986328125,2092.945496826172,0.04936384554063644,0.07428144825684879,0.1705512188725784,0.013820736266962019,0.01450674890390829,4194010.9,0.997435652825795,True,True
2020-09-21,2113.48681640625,2465.300048828125,2504.89990234375,2452.14990234375,2465.0,4598809,0.0062860308985042135,-0.010475979183860451,0.09661489334852846,0.17303079170266855,2345.5124755859374,2285.4069873046874,2095.0169970703123,0.051070959753587886,0.07871379693977221,0.17674465280024898,0.013783109156563023,0.014446706504697007,4315553.05,1.065636071835567,True,True
2020-09-22,2162.909912109375,2522.949951171875,2555.0,2458.0,2485.0,7499613,0.023384537866355748,0.012663582750583213,0.12498609280708006,0.21170428139296948,2359.527478027344,2292.4269873046874,2097.239246826172,0.06926067810880454,0.10055847586152522,0.20298623773608404,0.014279190399924093,0.014599799997561544,4607362.75,1.627745286606747,True,True
2020-09-23,2115.32958984375,2467.449951171875,2519.85009765625,2409.0,2510.0,7502280,-0.02199805825486989,-0.014202975960097897,0.0949411809060905,0.1794411670763003,2370.2249755859375,2297.09798828125,2098.9699963378907,0.04101930263472253,0.07415964132121644,0.1755527499091829,0.015594532904986493,0.01495899792678785,4851569.3,1.5463615041013636,True,True
2020-09-24,1999.423583984375,2332.25,2450.0,2302.60009765625,2450.0,8424708,-0.054793391496214094,-0.05229685841867271,0.037293231319234676,0.08117196559497475,2374.41748046875,2299.04798828125,2100.0132458496096,-0.017759084413590753,0.014441634923667346,0.11058823300727982,0.020480190347245703,0.016263439856407897,5093835.05,1.6539027898047072,True,True
2020-09-25,2076.623291015625,2422.300048828125,2440.0,2352.10009765625,2368.0,8228267,0.03861080451414933,-0.01126570660671522,0.08208438319089306,0.10122071982779568,2383.60498046875,2303.4789892578124,2101.8224963378907,0.016233842719931557,0.051583305132988144,0.15247603118180453,0.02197334755085347,0.016797906409593603,5358191.6,1.5356425477580908,True,True
2020-09-28,2080.052001953125,2426.300048828125,2444.0,2366.0,2440.0,4347166,0.0016513230893651087,-0.015819575397541752,0.07489203625124596,0.07206614580024073,2392.057482910156,2307.8469921875,2103.8897467041015,0.014315109968139117,0.05132621748391952,0.15324486591044173,0.02195748584875563,0.01641559122569036,5274642.2,0.8241632010603487,True,True
2020-09-29,2133.289794921875,2488.39990234375,2511.050048828125,2426.300048828125,2434.85009765625,6995811,0.025594465756870743,-0.013694306069003459,0.10775248477075983,0.09625975126673691,2404.1599731445312,2313.1139892578126,2106.12224609375,0.03503923621564864,0.07577919371893116,0.1815078193865598,0.022374659769297877,0.016711963613341402,5443887.35,1.2850763710237318,True,True
2020-09-30,2136.63330078125,2492.300048828125,2505.0,2460.0,2489.0,3917166,0.0015673310711439292,0.010071165838418716,0.1002804036277436,0.12321427667628959,2415.51748046875,2319.1409912109375,2108.4792462158202,0.031787212876834614,0.07466517054091337,0.18203679419712793,0.02237834175883261,0.01640889102214276,5535538.8,0.7076395165001824,True,True
2020-10-01,2163.33837890625,2523.449951171875,2540.0,2492.300048828125,2510.0,2610337,0.01249845593767751,0.08198089877666415,0.0973907158825289,0.14475915321023836,2426.714978027344,2326.1859912109376,2110.7402459716795,0.039862519504934246,0.08480145642105263,0.19552841994075143,0.022322653793315293,0.016423480470829126,5433348.35,0.48042879488851475,True,True
2020-10-05,2319.665771484375,2705.800048828125,2728.10009765625,2603.050048828125,2620.0,17412105,0.07226222084237,0.11703752395874867,0.18219153753230022,0.21753995991978692,2447.564978027344,2337.153994140625,2113.6354962158202,0.10550693163166192,0.15773289034942328,0.28016398933141295,0.026773017363918544,0.018728515841961373,6042388.45,2.8816593213235073,True,True
2020-10-06,2326.952880859375,2714.300048828125,2736.0,2650.10009765625,2736.0,9846367,0.003141399898962005,0.11869925161939499,0.1664124070709243,0.22265767965230854,2466.9274780273436,2347.303994140625,2116.3822467041014,0.10027557478041094,0.15634790193498627,0.28251881391236244,0.02673230054074085,0.01871920676245007,6303686.75,1.562001316134562,True,True
2020-10-07,2345.513671875,2735.949951171875,2770.0,2703.0,2742.0,9656101,0.00797623768716993,0.09948161812535239,0.16512648329052748,0.25967449189871705,2486.314978027344,2355.8279931640627,2119.223246459961,0.10040359944362032,0.16135386756198544,0.2910154490529113,0.02673120963313633,0.018432538661846347,6413791.9,1.5055214061435325,True,True
2020-10-08,2422.455078125,2825.699951171875,2885.0,2800.0,2800.0,19839329,0.032803962646158036,0.13377197601087953,0.21397120259650304,0.26491789010206945,2511.21748046875,2366.8209912109373,2122.2064959716795,0.1252310774152554,0.19387987586089528,0.331491519103136,0.02697399220497785,0.01853698966098955,7212431.6,2.7507129495689084,True,True
2020-10-09,2411.525146484375,2812.949951171875,2829.85009765625,2780.0,2810.0,7739245,-0.004512156357829977,0.11472389213249823,0.20667913648269498,0.25873137987330797,2535.307482910156,2377.489990234375,2125.1567462158205,0.10951037305464295,0.18315953494070114,0.3236435176750043,0.027107922238782854,0.01856433089351643,7483953.2,1.0341118915601983,True,True
2020-10-12,2426.1416015625,2830.0,2854.0,2800.75,2815.5,4623203,0.006061269885382137,0.04590137812498951,0.19203061521871878,0.2859252527547427,2558.1024780273438,2388.4619921875,2128.148246459961,0.1062887528189751,0.18486289891015284,0.32979457831827497,0.027041389297349495,0.01839331939661154,7507842.15,0.6157831914460269,True,True
2020-10-13,2423.184326171875,2826.550048828125,2854.89990234375,2812.199951171875,2845.0,4209878,-0.0012190640183303847,0.04135504475581575,0.1345228223574575,0.2801984572886025,2574.8599853515625,2399.9099951171875,2131.2029962158203,0.09774902903786353,0.17777335590875132,0.3262697424163574,0.025395509936366405,0.01840695052999567,7342729.5,0.5733396552331119,True,True
2020-10-14,2418.9228515625,2809.60009765625,2842.0,2787.550048828125,2842.0,4395936,-0.005996692391455172,0.026919405617353842,0.12771943798069407,0.26271321363579747,2590.7699951171876,2411.107998046875,2134.2412469482424,0.08446527594170483,0.1652734344260709,0.3164397893976163,0.02551308625801302,0.01844859606254954,7196587.8,0.6108361520997493,True,True
2020-10-15,2359.51708984375,2740.60009765625,2827.75,2727.0,2811.0,6629355,-0.024558655182835176,-0.03011638000713146,0.0949261277092488,0.2508729814619377,2602.65,2420.73,2136.9517474365234,0.05300370685887468,0.13213786653457849,0.2824810391455306,0.02643394279519846,0.018650443972373757,7374355.4,0.8989741666098707,True,True
2020-10-16,2379.060302734375,2763.300048828125,2771.64990234375,2731.300048828125,2750.10009765625,5273773,0.00828283965664589,-0.017650474841568342,0.12285910061367744,0.272706388620114,2617.7675048828123,2429.8339990234376,2139.8522479248045,0.05559414412237018,0.13723820225526073,0.29135086383086994,0.025941985143998158,0.018580892209669183,7396635.25,0.712996223519336,True,True
2020-10-19,2334.50634765625,2711.550048828125,2774.0,2706.60009765625,2774.0,3331194,-0.018727607963509585,-0.041855106421157195,0.10680034161153351,0.25686018891646323,2630.8500122070313,2438.157998046875,2142.601498413086,0.030674510613166506,0.11213057193186615,0.26554100276529713,0.026439260726863135,0.018767664888430447,7354032.15,0.45297517498614687,True,True
2020-10-20,2358.1396484375,2739.0,2759.89990234375,2717.949951171875,2725.0,3406273,0.010123342987431894,-0.030974172512679532,0.11102094907351234,0.24116364844857086,2644.535009765625,2447.2819970703126,2145.4584979248048,0.03572083178537566,0.1192008126888966,0.27665019046012707,0.02645982390945395,0.018621400857232195,7294405.35,0.4669706215325695,True,True
2020-10-21,2303.383056640625,2675.39990234375,2749.0,2663.050048828125,2739.0,4570143,-0.023220188994614865,-0.047764874234040966,0.06042527760055805,0.1583071338213009,2652.157507324219,2455.1919970703125,2148.0472479248047,0.008763580200400911,0.08969070668860257,0.2455032844032703,0.026860994861295992,0.01807129329726591,7147931.85,0.6393657768295595,True,True
2020-10-22,2299.724365234375,2671.14990234375,2686.64990234375,2638.10009765625,2661.0,5262294,-0.0015885475648993452,-0.025341236531332467,0.08255484617839204,0.173590143028292,2662.3425048828126,2463.4679931640626,2150.3997479248046,0.003308138394960247,0.08430469149832232,0.24216434870841286,0.026230505975783077,0.017939001224236528,7035932.55,0.7479170618257277,True,True
2020-10-23,2313.197509765625,2686.800048828125,2702.0,2670.10009765625,2687.800048828125,3499091,0.005858954778480641,-0.027684290033014203,0.15202060192008782,0.1786795564062842,2680.0700073242188,2472.1149951171874,2152.831498413086,0.0025111439199401175,0.08684266473646018,0.24803081467761978,0.022242058522971255,0.01794237962392135,6789651.7,0.5153564799207594,True,True
2020-10-26,2314.40283203125,2688.199951171875,2709.949951171875,2670.5,2689.949951171875,2672752,0.0005210295959168221,-0.008611346733703673,0.1097716620500373,0.1783115921107068,2693.3650024414064,2481.03599609375,2155.243247680664,-0.001917694506630041,0.08349897196344314,0.2472837829626635,0.021019843896958275,0.017943034937799567,6511875.95,0.4104427081415763,True,True
2020-10-27,2264.425537109375,2630.14990234375,2718.14990234375,2624.10009765625,2699.75,3537502,-0.02159439397460705,-0.03974081696102594,0.08401675366329164,0.1668034586382452,2703.5574951171875,2488.57099609375,2157.117747192383,-0.027152221806274413,0.056891648448942345,0.21928898214622117,0.021865230829676514,0.018120672351453912,6471392.75,0.5466368889448102,True,True
2020-10-28,2257.580810546875,2622.199951171875,2655.949951171875,2606.0,2650.0,3569445,-0.003022622841683198,-0.019884859502786845,0.05376951216808146,0.16557763616697585,2710.2474975585938,2495.6199951171875,2159.1569964599607,-0.03248690256739739,0.05072084544215372,0.21445543583495552,0.021325572362143802,0.018125794693458347,6300074.45,0.5665718759879099,True,True
2020-10-29,2266.577392578125,2632.64990234375,2655.0,2600.25,2608.0,3105968,0.003985184717589796,-0.014413268220633713,0.05631338553382337,0.16514711323025,2717.264990234375,2503.1409912109375,2161.252495727539,-0.03113979983355497,0.051738560307847514,0.21811306524716123,0.021324873916136067,0.01812528923317548,6259514.55,0.4961995016051205,True,True
2020-10-30,2294.30029296875,2664.85009765625,2674.35009765625,2621.60009765625,2636.10009765625,3427003,0.012231096616315495,-0.008169551426593369,0.0560344564863311,0.15456435375669364,2724.334997558594,2511.3809912109373,2163.624995727539,-0.02183464954040204,0.06110944814124486,0.23165987771377616,0.021318658589645535,0.01800134418100438,6300347.85,0.5439386969721045,True,True
2020-11-02,2242.427734375,2604.60009765625,2664.85009765625,2600.050048828125,2660.0,2571196,-0.022609151656594162,-0.031098822644937907,-0.037401119574857145,0.13472890271325966,2719.275,2518.5009912109376,2165.6134967041016,-0.0421711310344669,0.03418664782971348,0.2027077322986084,0.014568262289118302,0.018264526665800883,5558302.4,0.462586562400779,True,True
2020-11-03,2267.3955078125,2633.60009765625,2665.0,2601.050048828125,2604.0,2879269,0.011134146860432015,0.0013117865675358331,-0.029731403942138357,0.15367094853892627,2715.2400024414064,2526.2109912109377,2167.646997680664,-0.03006728860496677,0.04250995139318725,0.2149580169068792,0.01481852066973253,0.018271055037969858,5209947.5,0.5526483712167924,True,True
2020-11-04,2284.22705078125,2653.14990234375,2721.85009765625,2610.0,2610.0,4893928,0.007423224469386369,0.011803047726411275,-0.030263729346605817,0.16371332777210834,2711.1,2534.4209912109377,2169.7187469482424,-0.021375123623713632,0.046846562407962145,0.22280821238949255,0.014800602371071177,0.018274733392782808,4971838.85,0.984329570537066,True,True
2020-11-05,2312.2509765625,2685.699951171875,2710.0,2667.0,2685.0,2816502,0.012268454488519875,0.0201508179195784,-0.04954524628205448,0.1897578288633075,2704.1,2543.064990234375,2172.0517462158205,-0.006804500139833913,0.05608781587778244,0.2364806482400521,0.012889505193050849,0.018239999231528546,4120697.5,0.6835012761795788,True,True
2020-11-06,2330.976806640625,2707.449951171875,2713.25,2681.300048828125,2699.0,3884421,0.008098447479402804,0.015985834832920487,-0.03750511094449038,0.20093593107468544,2698.825,2552.2459912109375,2174.7372454833985,0.0031958171322241657,0.06081073709015783,0.24495497412151312,0.013090604531271267,0.01824232398487624,3927956.3,0.9889165518465671,True,True
2020-11-09,2347.46337890625,2726.60009765625,2744.0,2695.10009765625,2731.10009765625,3646592,0.0070731303735036555,0.046840204033541166,-0.036537067965989434,0.21606503419155776,2693.6550048828126,2562.0069921875,2177.514995727539,0.012230628166457036,0.06424381587195294,0.25216134125646006,0.013124608951743166,0.018213033149867025,3879125.75,0.9400551142225797,True,True
2020-11-10,2281.17041015625,2649.60009765625,2713.14990234375,2638.35009765625,2697.199951171875,4760020,-0.02824029826236274,0.006075333918099002,-0.06260280133558493,0.17582329479131253,2684.807507324219,2569.853994140625,2179.7284967041014,-0.0131135694353961,0.03103137520553667,0.21556427860746252,0.014393615653874745,0.018664308157840204,3906632.85,1.2184457006242602,True,True
2020-11-11,2314.05859375,2687.800048828125,2692.800048828125,2643.39990234375,2667.949951171875,3242441,0.014417251571535505,0.013060003301647471,-0.043351382614817635,0.18418330160948337,2678.7175048828126,2578.6829931640623,2182.2127471923827,0.0033906314976315244,0.04231503288823224,0.23168561465247905,0.014894565955465655,0.018715639811508856,3848958.1,0.8424204461981543,True,True
2020-11-12,2299.637939453125,2671.050048828125,2713.0,2661.75,2686.0,2437505,-0.006231862376556929,-0.005454779986631686,-0.02537767144050085,0.18366123071709994,2675.2400024414064,2586.80099609375,2184.650997924805,-0.0015661972792937462,0.03256881873077866,0.22264382336828614,0.013976043230392829,0.01871921250277052,3639365.6,0.6697609605366386,True,True
2020-11-13,2287.412841796875,2656.85009765625,2664.89990234375,2636.0,2655.75,2548093,-0.005316243017649547,-0.01868911870142742,-0.038522762382253384,0.1793283984674794,2669.9175048828124,2593.947998046875,2187.088998413086,-0.004894311229715731,0.024249560768657474,0.21478828688910911,0.013820820387214501,0.018740521327196866,3503081.6,0.7273861391067795,True,True
2020-11-14,2299.035400390625,2670.35009765625,2689.0,2660.050048828125,2677.949951171875,298819,0.005081204999826339,-0.02063008801633648,-0.015194243303633947,0.1875611410137341,2667.8575073242187,2601.5789990234375,2189.521998901367,0.000934304146749998,0.026434368765517968,0.21960414145011886,0.013308334194138245,0.018731792904992026,3351462.85,0.08916076751380371,True,True
2020-11-17,2295.33349609375,2666.050048828125,2695.0,2650.050048828125,2695.0,2827273,-0.0016102940329431048,0.006208465642202343,-0.026633790132119417,0.18591251857851332,2664.210009765625,2608.3589990234377,2192.0792486572263,0.0006906509080573109,0.022117756729915783,0.21621973770393232,0.013063374952722707,0.018736746511477987,3322512.85,0.8509441882218755,True,True
2020-11-18,2261.411865234375,2626.64990234375,2664.199951171875,2607.050048828125,2661.0,2893762,-0.014778472182730984,-0.022751002817726795,-0.018221575009139124,0.1712260124055427,2661.772509765625,2613.927998046875,2194.523247680664,-0.013195195041279972,0.004866968143874217,0.1969114043880782,0.012438139624338242,0.018864998836689947,3238693.8,0.8934966312653577,True,True
2020-11-19,2270.236083984375,2636.89990234375,2676.14990234375,2630.85009765625,2637.0,4167501,0.003902309169887541,-0.01278528887894026,-0.01282219315731703,0.17013530168349233,2660.060009765625,2620.112998046875,2197.3124969482424,-0.008706610879773313,0.006406939055448646,0.20005684489849873,0.012481387201838735,0.01886368150934217,3183954.15,1.308907353455451,True,True
2020-11-20,2290.339599609375,2660.25,2676.0,2627.550048828125,2655.0,2711471,0.008855132360350737,0.0012796741324432315,-0.009881661584644208,0.18317475339993305,2658.7325073242187,2626.695,2200.101246948242,0.0005707579350691105,0.012774608395721643,0.20914889880182996,0.012580207882952372,0.018867754536582074,3144573.15,0.8622699713632039,True,True
2020-11-23,2345.440673828125,2724.25,2730.0,2665.0,2690.0,3706418,0.02405788929611874,0.020184582684891206,0.013410478938670423,0.21697078045055895,2660.535009765625,2633.697998046875,2203.183746948242,0.023948187112932562,0.034382074945676244,0.23650603531072578,0.013722020851668862,0.019036140732498846,3196256.45,1.1596122082131426,True,True
2020-11-24,2343.54638671875,2722.050048828125,2743.0,2705.0,2734.39990234375,3120516,-0.0008075437907222316,0.021004856988568132,0.034941029939959733,0.20591429785275217,2665.130017089844,2638.3110009765624,2206.061246948242,0.021357318920010693,0.03173964245328431,0.23389595488052595,0.012688317413133615,0.019032922390212734,3175407.15,0.9827136655530929,True,True
2020-11-25,2325.682373046875,2701.300048828125,2732.949951171875,2688.199951171875,2729.0,3302249,-0.00762293110993062,0.028420287917992004,0.03016554768102253,0.2025285157672223,2669.0850219726562,2642.50900390625,2208.9259967041016,0.012069689271891226,0.022248190956007274,0.22290201340320404,0.012821259944204653,0.019056557327384604,3162047.35,1.0443388837931222,True,True
2020-11-26,2342.298828125,2720.60009765625,2730.949951171875,2680.0,2686.0,2341099,0.00714472605014671,0.03174189328844257,0.033407478614684516,0.2010684568121721,2673.482531738281,2646.861005859375,2211.846246948242,0.01762404106202764,0.02785907217403505,0.23001320792977942,0.012872007501221147,0.019051644009871378,3123803.9,0.7494385290958885,True,True
2020-11-27,2307.0419921875,2679.64990234375,2717.699951171875,2669.050048828125,2705.0,6086808,-0.015051898052851564,0.0072925109834602875,0.00555371001938032,0.16531850504185686,2674.222521972656,2651.2350048828125,2214.4347467041016,0.002029517112543955,0.01071760798594057,0.21008302743264884,0.013142678292431325,0.019130166227035304,3256794.15,1.8689569311588208,True,True
2020-12-01,2347.635498046875,2726.800048828125,2735.89990234375,2624.449951171875,2679.0,3605017,0.017595636819248472,0.0009360553650086256,0.04691697250638849,0.19136665093320748,2680.33251953125,2656.7730078125,2217.3017474365233,0.01733647932048421,0.02635793152433563,0.229783024336063,0.012503863045831318,0.019200100671772545,3308485.2,1.0896276640439557,True,True
2020-12-02,2367.221923828125,2749.550048828125,2754.699951171875,2702.449951171875,2719.0,2509032,0.008343112656821638,0.010102679784245394,0.044027166947276264,0.18156034083270622,2686.130017089844,2662.4580078125,2220.195747680664,0.023610186898916474,0.0327111416443262,0.23842686019935533,0.012416163725705542,0.019129828330228138,3289973.35,0.7626298857405638,True,True
2020-12-03,2332.69873046875,2709.449951171875,2773.89990234375,2700.800048828125,2773.89990234375,2852548,-0.014584239946219935,0.003017029651069425,0.021220078359835748,0.15384124329775117,2688.94501953125,2666.1880078125,2222.783247680664,0.007625641837853303,0.016226141304592323,0.21894474146276632,0.012897564277628096,0.019245121081411912,3187904.35,0.8948035093963844,True,True
2020-12-04,2348.281494140625,2727.550048828125,2738.85009765625,2699.0,2710.800048828125,2686527,0.006680358737913394,0.0025545655084928676,0.01558256633917332,0.17180425032205604,2691.0375244140623,2671.390009765625,2225.4999981689452,0.013568195940341976,0.02102277797595975,0.2255897780598728,0.012702615705261187,0.019194326864962964,3181405.6,0.8444465553213334,True,True
2020-12-07,2357.02099609375,2737.699951171875,2744.0,2706.14990234375,2715.0,1996400,0.003721252465417102,0.021663295931812376,0.011172875046833841,0.1743989300814064,2692.5500244140626,2679.4990087890624,2228.1722479248047,0.016768463481987794,0.021720829973031153,0.22867518600575698,0.01260852040323766,0.019193873379488104,3087004.55,0.6467110649383397,True,True
2020-12-08,2408.332763671875,2797.300048828125,2805.550048828125,2732.449951171875,2740.0,4277818,0.021770135047392003,0.025854480980480377,0.025929710496470637,0.17825699581482035,2696.0850219726562,2686.9990087890624,2231.079998168945,0.03754148182664219,0.041049899787187316,0.2537874263244162,0.013406735845173868,0.01924464217752084,3118565.85,1.3717260451627147,True,True
2020-12-09,2419.95654296875,2810.800048828125,2840.0,2793.14990234375,2815.0,3659996,0.004826082209398841,0.02227637210172073,0.06083935130983242,0.12820107530063862,2704.14501953125,2694.6890087890624,2234.1522479248047,0.03944131269829709,0.04308884611929309,0.258105866079154,0.011461201068735728,0.018254429710484087,3063564.65,1.194685413281551,True,True
2020-12-10,2397.140869140625,2784.300048828125,2827.300048828125,2780.25,2818.0,2127801,-0.009427920712840598,0.02762556939790528,0.03590296831867157,0.11756448501456274,2708.97001953125,2700.60701171875,2237.2897479248045,0.02780762753140764,0.030990453903957826,0.24449685223413709,0.01145340039118248,0.01831395151158985,3007832.65,0.7074200088891249,True,True
2020-12-11,2396.537841796875,2783.60009765625,2807.699951171875,2764.550048828125,2792.699951171875,1795408,-0.00025139214869085436,0.02054959499357545,0.04213700483729399,0.11210551244756295,2714.597521972656,2706.4330126953123,2240.630997924805,0.025419081512109587,0.028512468108008893,0.24232865663035286,0.011309077703608254,0.018312929074318127,2975727.8,0.6033508844458153,True,True
2020-12-14,2408.67724609375,2797.699951171875,2804.0,2756.25,2802.0,2483658,0.0050653301555410035,0.021916207425987988,0.05301385036358508,0.1368374029059971,2721.6400146484375,2711.9180126953124,2243.838748168945,0.02794636179438381,0.031631464548334876,0.2468364553624458,0.011187084166652254,0.01815060206705113,2972506.05,0.8355434634018659,True,True
2020-12-15,2377.553955078125,2761.550048828125,2794.699951171875,2755.0,2786.0,2365509,-0.012921293553516344,-0.012780180665630358,0.034152806874244934,0.12720933871062567,2726.2000122070312,2713.0330126953127,2247.0284979248045,0.012966780303282244,0.017882950891412897,0.22897864952691793,0.011693568533421517,0.018236500142611432,3075840.55,0.7690609970012913,True,True
2020-12-16,2422.882568359375,2814.199951171875,2819.800048828125,2760.449951171875,2779.0,2565149,0.019065344249723948,0.0012095852727651568,0.055569062707157446,0.14152431567492108,2733.6075073242187,2715.0310107421874,2250.571997680664,0.029482083156313843,0.03652589603482226,0.2504376461059945,0.012280496344681676,0.0183597133068744,3062734.35,0.8375355831954541,True,True
2020-12-17,2443.545654296875,2838.199951171875,2853.699951171875,2805.0,2811.0,2863460,0.008528178671173059,0.019358510720292488,0.08053987272508589,0.12495293450176082,2744.185009765625,2717.0760107421875,2254.762247314453,0.03425969498109005,0.04457878246718683,0.25875797084696117,0.011614477526012823,0.01817075064452078,3061219.25,0.9353985344238247,True,True
2020-12-18,2463.175048828125,2861.0,2898.0,2846.199951171875,2868.0,6076692,0.008033277859338606,0.027805683154314975,0.08498619817045894,0.1594966692804507,2755.3900146484375,2717.78201171875,2259.0607470703126,0.03832850695912726,0.05269664294770937,0.26645554074201816,0.011650365863445533,0.017906684969612275,3156678.8,1.9250270252393118,True,True
2020-12-21,2428.005859375,2820.14990234375,2886.5,2785.0,2861.0,2705195,-0.014278258530671106,0.008024431341349336,0.0601070960788459,0.20919708536552695,2763.385009765625,2717.9260107421874,2262.980496826172,0.020541796520398448,0.03761099132115375,0.24621043190562508,0.012289573513742493,0.016405720248513705,3156365.0,0.8570602576064555,True,True
2020-12-22,2473.07666015625,2872.5,2883.64990234375,2818.64990234375,2834.0,2881737,0.018562877672829714,0.040176693961768706,0.0544186473341286,0.18585639355028527,2770.797509765625,2718.7760107421873,2266.9269970703126,0.03670513268325326,0.05654161602516439,0.2671338793495803,0.011847350804267034,0.01586979380125325,3115130.95,0.9250773229934363,True,True
2020-12-23,2504.285400390625,2908.75,2919.0,2865.449951171875,2876.050048828125,2790988,0.012619669277632806,0.0335974879072658,0.06858799354267986,0.19884183384692777,2780.1325073242188,2720.420009765625,2270.8454968261717,0.04626308002835855,0.06922827708894874,0.28091057012262177,0.0120162004480727,0.01591747971055944,3098654.55,0.9007096321853626,True,True
2020-12-24,2504.802734375,2909.35009765625,2921.35009765625,2883.199951171875,2909.0,1807144,0.00020630774602481416,0.025068757560579025,0.0770184892708905,0.16916501038117682,2790.535009765625,2722.415009765625,2274.8099975585938,0.04257788828121667,0.06866516942496514,0.2789420218737684,0.011763379071848518,0.01564585548459958,3023899.3,0.5976204300189494,True,True
2020-12-28,2522.064453125,2929.39990234375,2949.699951171875,2902.0,2910.0,2108994,0.006891506355199972,0.02390769043822094,0.07674770168073497,0.17538010871570164,2800.975,2726.191005859375,2279.595247192383,0.045850070901650275,0.07453949339852572,0.2850526451797466,0.01175970537215739,0.01565426326514613,3012294.05,0.7001288602618327,True,True
2020-12-29,2523.01025390625,2930.5,2952.0,2920.0,2920.0,1994151,0.00037553686520230833,0.03912916032035785,0.09361301169859715,0.16130696336540917,2813.5175048828123,2729.5350048828127,2284.4792474365236,0.041578733707597904,0.07362609190125236,0.2827868772668405,0.010937357849284419,0.01560532810380829,2807661.2,0.7102534308626696,True,True
2020-12-30,2504.759521484375,2909.300048828125,2947.699951171875,2902.0,2934.39990234375,2637968,-0.007234243703079679,0.012811157120321992,0.0669282663679105,0.07520880934573682,2822.6425048828123,2733.4900048828126,2290.1764978027345,0.03070085701444869,0.06431706120427161,0.27033879337221234,0.01078571311450978,0.012695102514963294,2759308.75,0.9560249464653059,True,True
2020-12-31,2464.681884765625,2862.75,2905.0,2845.0,2900.0,4040956,-0.016000428985272763,-0.01581435324452085,0.04117035484410314,0.05469179843841032,2828.3025024414064,2735.9650048828125,2295.4587475585936,0.012179566198756486,0.04634013771774037,0.2471363308291934,0.011534212989833755,0.012886825056561732,2835904.95,1.4249264595416005,True,True
2021-01-01,2521.074462890625,2928.25,2940.0,2879.0,2880.0,2681440,0.02288009780805167,0.006496262639197559,0.08075441612549095,0.07028639129372904,2839.2425048828127,2741.0220068359376,2301.6179974365236,0.031349028821636704,0.06830590659145663,0.27225717006966454,0.011725616434787518,0.013164808756845081,2827349.55,0.9483935228313033,True,True
2021-01-04,2616.8115234375,3039.449951171875,3050.75,2940.949951171875,2950.0,5113293,0.037974883009263216,0.03756743787015093,0.11435166972564104,0.07564497423420824,2854.8375,2748.3880078125,2308.5252471923827,0.06466653572116621,0.10590278466214009,0.31661975751334737,0.013979741304831917,0.013390085271389273,2948687.85,1.7340909788060475,True,True
2021-01-05,2662.915283203125,3093.0,3114.25,3039.60009765625,3039.60009765625,5801309,0.017618335451609735,0.05545128817607914,0.12978049280968085,0.09955742323515437,2872.602502441406,2756.5120068359374,2315.7182470703124,0.07672398021351001,0.12207020768623478,0.3356547170248587,0.014228766835019818,0.01353121087359203,3138933.3,1.8481784878958722,True,True
2021-01-06,2627.1865234375,3051.5,3113.5,3037.199951171875,3100.0,3726716,-0.013417394115745274,0.04887771930886031,0.09087332310967766,0.07826855123674914,2885.3125,2763.7780078125,2322.793997192383,0.05759774721109068,0.10410459572881137,0.3137195996237383,0.01437884599586935,0.01365722506295465,3111378.2,1.1977701714307827,True,True
2021-01-07,2611.086181640625,3032.800048828125,3080.85009765625,3000.25,3075.0,3717827,-0.006128117703383618,0.05940094273971708,0.07898107163209844,0.07296881231079211,2896.4125,2771.8310107421876,2328.970747680664,0.04708844089994946,0.09415041431983262,0.3022061577408728,0.014571341834693151,0.01368753787626773,3114269.75,1.193803780163873,True,True
2021-01-08,2686.935791015625,3120.89990234375,3128.0,3060.0,3090.0,5879039,0.02904901480388289,0.06579011434944082,0.12089209051204652,0.11079861683774284,2913.2424926757812,2781.805009765625,2336.2267474365235,0.0712805096692235,0.12189743399976649,0.33587200205126777,0.015242508664137133,0.014113469041913193,3301831.65,1.780538689790559,True,True
2021-01-11,2734.76171875,3176.449951171875,3230.0,3146.550048828125,3230.0,9508039,0.017799368953296923,0.04507394502323647,0.1411301335441102,0.1590344588721142,2932.8849853515626,2792.6810107421875,2343.5932470703124,0.08304620434719046,0.13741954020294522,0.355375961738541,0.01539697079867631,0.013826536822484034,3687463.2,2.5784769865635537,True,True
2021-01-12,2733.384765625,3174.85009765625,3210.0,3150.0,3176.449951171875,3611458,-0.000503660860463051,0.02646301249797922,0.1348072177384132,0.14893426032495372,2951.7424926757812,2802.8810107421873,2350.715997314453,0.0755850503673916,0.1327095533090672,0.3505885446320691,0.015478884841956891,0.013811383017323852,3743853.2,0.9646366476121446,True,True
2021-01-13,2719.6953125,3158.949951171875,3177.0,3126.25,3175.0,3572801,-0.005008156604342617,0.03521217472452065,0.14390465329874735,0.16499784045553834,2971.6124877929688,2813.9680078125,2357.555997314453,0.063042359711593,0.1225962563901195,0.33992573443443486,0.01505277967880122,0.013566903525957824,3804217.8,0.9391683620217539,True,True
2021-01-14,2804.012939453125,3250.699951171875,3266.5,3120.39990234375,3155.0,6931542,0.029044461424899692,0.0718477640581503,0.1551062495819584,0.18681998947494516,2993.4374877929686,2826.3100048828123,2364.6869970703124,0.0859421532696123,0.15015689912142505,0.37468508737066375,0.01563313556116987,0.013958086452243576,4022537.45,1.7231764989534155,True,True
2021-01-15,2789.047607421875,3233.35009765625,3274.0,3210.0,3235.0,4131692,-0.005337266981337518,0.03603133673978176,0.13922561950620138,0.20854833508206183,3013.1949951171873,2837.9140087890623,2371.9612475585936,0.07306367589745077,0.13934040553819327,0.36315468938805995,0.015883603115225922,0.013575389895784462,4085949.05,1.0111951836501731,True,True
2021-01-18,2779.041015625,3221.75,3256.75,3187.39990234375,3250.0,4160906,-0.0035876404675938556,0.014261219135976777,0.12609227542817192,0.20612849064484795,3031.2324951171877,2848.635009765625,2378.939497680664,0.06285149858669836,0.13098027264120216,0.35427992310902834,0.016042383693110958,0.013589917561715542,3990159.75,1.042791833083876,True,True
2021-01-19,2812.639404296875,3260.699951171875,3279.0,3232.0,3233.0,2975735,0.01208968764549545,0.02704060061890834,0.1562151176651978,0.21359978112031897,3053.2599975585936,2859.700009765625,2386.6992474365234,0.06794048124927188,0.1402244781050006,0.366196413173586,0.015350107859763264,0.013634166318711718,4003686.75,0.7432487069574062,True,True
2021-01-20,2854.129638671875,3308.800048828125,3327.949951171875,3267.10009765625,3270.0,3453446,0.014751463911594431,0.047436679900756396,0.1518886157800261,0.23086083956876413,3075.075,2871.3440087890626,2394.972247924805,0.07600629214836241,0.15235236136806596,0.3815609144093981,0.015227326843260346,0.013708174200440477,4032272.2,0.8564516056232513,True,True
2021-01-21,2823.982421875,3273.85009765625,3309.14990234375,3262.10009765625,3305.0,2778546,-0.010562726866573002,0.007121588221647324,0.1255178676944564,0.24473897656513532,3093.3300048828123,2883.8290087890623,2402.4654986572264,0.0583578514056009,0.1352441797618784,0.36270431333397024,0.015669316388500942,0.01343635879915326,4031650.1,0.6891833197528724,True,True
2021-01-22,2849.212890625,3303.10009765625,3325.0,3241.89990234375,3241.89990234375,3052459,0.008934434725933249,0.02157205310076371,0.1353395042821426,0.25966751550738043,3113.0175048828123,2896.135009765625,2410.4537493896482,0.061060560204139636,0.14052006778632853,0.37032295205524224,0.015619607523150341,0.01342296480490516,4093915.85,0.7456086328691881,True,True
2021-01-25,2839.0341796875,3291.300048828125,3339.800048828125,3278.64990234375,3308.949951171875,2272887,-0.0035724163601635883,0.0215876616212074,0.12354071091312124,0.2501852395557811,3131.112512207031,2908.540009765625,2418.079499511719,0.05115994267104185,0.13159868448684087,0.3611215220561337,0.015779580750974125,0.013457977664336042,4102110.5,0.5540774681715668,True,True
2021-01-27,2812.940673828125,3261.050048828125,3306.449951171875,3227.0,3300.0,2786662,-0.009190897077515192,0.00010736886603868179,0.1127964677796025,0.22372738777923606,3147.6400146484375,2920.6240087890624,2425.588499755859,0.03603017932543162,0.11655935136279627,0.34443663843077954,0.016099464791790814,0.013515013247787337,4141736.05,0.6728246238675688,True,True
2021-01-28,2757.30419921875,3196.550048828125,3275.0,3183.800048828125,3230.0,3083938,-0.019778905271073177,-0.03392468518602554,0.09873508925822394,0.22727095484045368,3162.0025146484377,2931.1480078125,2432.8954998779295,0.010925840197672398,0.09054542462824755,0.31388711475215914,0.016847853108680012,0.013427136220336748,4164034.55,0.7406129711387721,True,True
2021-01-29,2683.812255859375,3111.35009765625,3216.85009765625,3100.0,3210.050048828125,5445659,-0.026653720376788703,-0.04963574847740704,0.08683961144223207,0.181405673710739,3174.43251953125,2940.0540087890627,2439.8720001220704,-0.019872031138439494,0.058262905495991335,0.2752103788643767,0.017689247379224327,0.013939767882582221,4234269.7,1.28609167243173,True,True
2021-02-01,2707.963623046875,3139.35009765625,3165.0,3044.10009765625,3100.0,3985846,0.00899930869916954,-0.049574640537291215,0.07209087258814995,0.1832539484041209,3184.9875244140626,2950.3080126953123,2446.537750854492,-0.014328918530444934,0.0640753725195744,0.2831807302216294,0.017187918095910276,0.013949960284170894,4299490.0,0.9270508827791203,True,True
2021-02-02,2763.255615234375,3203.449951171875,3224.0,3150.0,3174.0,2881837,0.02041819214858509,-0.026691610109363717,0.05395713126869195,0.1927802842510704,3193.1875244140624,2961.639013671875,2453.4617504882813,0.0032138503233365423,0.08164767427215924,0.3056857114378624,0.01572759261975619,0.014081742524621176,4187917.2,0.6881313221760926,True,True
2021-02-03,2760.3232421875,3200.050048828125,3236.0,3162.64990234375,3213.0,2505866,-0.0010613252573233867,-0.018705631341635054,0.03461042639124634,0.18194245749327198,3198.5400268554686,2972.4350146484376,2460.7737506103517,0.0004720972568665882,0.07657527685482757,0.30042432711841505,0.015348118528210764,0.014075619074638637,4023145.05,0.6228624543378072,True,True
2021-02-04,2750.31640625,3188.449951171875,3237.85009765625,3176.0,3216.050048828125,2057261,-0.0036249738220494043,-0.0025340124610967463,0.044879551424504394,0.16938672228194562,3205.3875244140627,2981.719013671875,2467.868500366211,-0.00528409532800056,0.06933280317564816,0.29198535120438396,0.014988625462867264,0.014089443860011838,3939672.3,0.5221908938974442,True,True
2021-02-05,2724.007568359375,3157.949951171875,3205.85009765625,3129.0,3198.949951171875,2366135,-0.00956577662095337,0.01497737382582831,0.04126546436587808,0.1918590861939109,3211.64501953125,2990.43701171875,2474.2670001220704,-0.016718867755569078,0.056016207262244544,0.2763173703630508,0.015109630517224564,0.013591651126968002,3872087.7,0.6110747439940474,True,True
2021-02-08,2772.4423828125,3214.10009765625,3226.0,3155.14990234375,3189.5,2526592,0.01778056883502499,0.023810660701973463,0.029863244009366685,0.19581071481027412,3216.305029296875,3000.6930126953125,2481.244750366211,-0.0006855480498710875,0.07111926613554131,0.2953579437021985,0.014238049746353646,0.013646279193569859,3704465.35,0.6820395823111154,True,True
2021-02-09,2740.354248046875,3176.89990234375,3245.800048828125,3164.0,3195.0,2658751,-0.011574062469189017,-0.008287954933840158,0.00014165221514317317,0.18938239429004988,3216.327526855469,3009.8190087890625,2487.94625,-0.01225858504225985,0.055511940441199226,0.2769166143937998,0.013988463530067038,0.013725237685724128,3362000.95,0.7908239883156487,True,True
2021-02-10,2771.75244140625,3213.300048828125,3219.39990234375,3157.300048828125,3185.0,2127983,0.011457756807987884,0.0041405602405664155,0.012110792632464618,0.20943972400352928,3218.2500244140624,3020.49201171875,2494.7175,-0.0015380954084941445,0.06383332131365638,0.28804165154095585,0.01421516918677101,0.013724079352200737,3287827.2,0.6472307912045986,True,True
2021-02-11,2765.45556640625,3206.0,3219.300048828125,3185.050048828125,3215.0,1165882,-0.0022718229599465456,0.005504257271366164,0.014894205212295564,0.20059163883188447,3220.6025268554686,3030.0760107421875,2501.2192498779295,-0.0045340978073833416,0.05805926604947498,0.28177487845436455,0.014170457519467905,0.013740419789478984,3167481.25,0.3680785797863839,True,True
2021-02-12,2752.343994140625,3190.800048828125,3245.5,3182.0,3184.199951171875,2777404,-0.0047410951877339125,0.010402349044214443,-0.01842677061663478,0.1968267625848421,3217.607531738281,3038.9010107421873,2507.101000366211,-0.00833149557418944,0.04998485885160164,0.27270502798333474,0.01255191800827401,0.01376470338302998,2959774.35,0.9383836980680639,True,True
2021-02-15,2708.39453125,3139.85009765625,3209.0,3131.550048828125,3209.0,2630853,-0.015967766827190366,-0.023101334041881194,-0.028917375841167048,0.19538203201521953,3212.9325317382813,3047.509013671875,2513.148001098633,-0.022746333251663975,0.030300512178999428,0.24936935520058978,0.012969856210706636,0.013791702988465809,2884732.4,0.9119920447387079,True,True
2021-02-16,2681.61181640625,3108.800048828125,3167.64990234375,3100.0,3150.0,3435770,-0.009889022680191761,-0.021435945610179474,-0.03505857101633425,0.17896020477111674,3207.2850341796875,3055.134013671875,2519.0282513427733,-0.030706651981978084,0.0175658530578664,0.23412671023874876,0.013102016625913102,0.01389218735301716,2848475.6,1.206178490698674,True,True
2021-02-17,2650.81787109375,3073.10009765625,3132.85009765625,3045.550048828125,3105.10009765625,3678426,-0.01148351473596132,-0.043631142140929335,-0.05753361435424398,0.1551922178954046,3197.9050415039064,3061.8420166015626,2524.875751953125,-0.03902709499746848,0.0036768980873751467,0.21712923706405918,0.01285407243189556,0.013990765489844816,2883610.15,1.2756322140147829,True,True
2021-02-18,2637.23193359375,3057.35009765625,3097.89990234375,3031.0,3065.0,4189909,-0.0051251177961993966,-0.046366157936291286,-0.07599430230331716,0.12227222085206946,3185.3325439453124,3067.043017578125,2530.704252319336,-0.04017867664471386,-0.003160346909489631,0.20810248564377076,0.012169292338594147,0.013733624875216283,2920433.3,1.4346874486056573,True,True
2021-02-19,2649.7392578125,3071.85009765625,3087.14990234375,3016.14990234375,3058.0,3725028,0.00474266915362942,-0.03727903640203378,-0.061701053491915125,0.1285061047935978,3175.2325439453125,3072.2640185546875,2536.596502685547,-0.03255901571247033,-0.0001347282967667507,0.21101251003224952,0.012207689799450576,0.013732971542942693,2967757.4,1.2551659377548852,True,True
2021-02-22,2551.921630859375,2958.449951171875,3096.0,2943.14990234375,3096.0,5366696,-0.03691591154493401,-0.05777350537204995,-0.10434141754557336,0.09519486828399781,3158.000036621094,3075.7470166015623,2541.7122521972656,-0.06318875336769403,-0.03813612263836008,0.16395943270696645,0.014000627283526376,0.014579425471771964,3083469.25,1.740473332107982,True,True
2021-02-23,2570.682861328125,2980.199951171875,3028.0,2968.0,2970.0,3832829,0.007351822866357605,-0.04136647440697461,-0.09452194969796746,0.09542007064517333,3142.445031738281,3079.679013671875,2546.865751953125,-0.0516302048015963,-0.03230176328713952,0.17014410708002092,0.014285906154047888,0.0145807798111481,3161466.35,1.2123579933090225,True,True
2021-02-24,2542.99462890625,2948.10009765625,3003.35009765625,2921.14990234375,2972.0,3774549,-0.010771040212588012,-0.04067553806507418,-0.09596600680334089,0.10018107032478407,3126.7975341796873,3082.6870166015624,2551.858002319336,-0.05715030620628858,-0.04365896317741802,0.15527591855690126,0.01431548825598585,0.014508087518459278,3210860.7,1.1755567595940863,True,True
2021-02-25,2583.70849609375,2995.300048828125,3029.89990234375,2968.449951171875,2974.0,4224073,0.016010294633278965,-0.020295369141954733,-0.06295850117340707,0.09846706586182985,3116.7350341796873,3087.3620166015626,2557.3227526855467,-0.038962242224586,-0.029818974023258726,0.1712639891396739,0.014596245706833062,0.014480056175812814,3267867.45,1.2926084257181238,True,True
2021-02-26,2496.586181640625,2894.300048828125,2972.35009765625,2880.0,2960.0,5553153,-0.03371949332405444,-0.05779906023526071,-0.06976072830621882,0.05264497733427076,3105.882531738281,3088.9640185546873,2562.3297528076173,-0.06812314398501707,-0.06301917683639602,0.12955799137747914,0.015265392167306548,0.015154007862585556,3273242.15,1.6965298457983014,True,True
2021-03-01,2522.3779296875,2924.199951171875,2965.0,2901.800048828125,2926.0,3265871,0.010330615982906188,-0.01157700842173559,-0.0685333396377168,0.07925962976622536,3095.1250244140624,3090.6840185546876,2567.2227526855468,-0.055223964102886325,-0.05386641480764065,0.13905189883226843,0.0153255372512339,0.015061691455767585,3237243.4,1.0088432028311496,True,True
2021-03-02,2593.2392578125,3006.35009765625,3025.0,2948.0,2960.0,3306469,0.02809320424598649,0.008774628183619848,-0.061527370965643646,0.10221629075070848,3085.2700317382814,3093.5910205078126,2572.5112530517576,-0.0255795872873944,-0.028200535323910425,0.16864409984206352,0.016033870695659376,0.015438300215910809,3258475.0,1.0147289759780265,False,True
2021-03-03,2638.741455078125,3059.10009765625,3064.0,2996.89990234375,3035.0,3509857,0.01754619331964169,0.037651367430924454,-0.04404617084770024,0.1173978712849082,3078.2225341796875,3098.3700244140623,2578.0387536621092,-0.0062121683247743364,-0.012674382481233426,0.1865997333479925,0.016681927387466256,0.015570963021392829,3308674.55,1.060804544828986,False,True
2021-03-04,2630.6328125,3049.699951171875,3081.449951171875,3016.050048828125,3023.0,3916760,-0.003072846976003518,0.018161753900092004,-0.04351644282482914,0.09022982802630986,3071.2850341796875,3101.9140234375,2583.3312536621092,-0.007028029885730813,-0.01683285605955065,0.18052996372363994,0.016679756951517594,0.015364486704335231,3401649.5,1.1514296225992713,False,True
2021-03-05,2594.706298828125,3008.050048828125,3063.199951171875,2996.60009765625,3016.10009765625,3203686,-0.013657049221430961,0.03930138481877732,-0.04746747246203953,0.0701757494568982,3063.7900390625,3103.9000244140625,2588.26975402832,-0.018193149505581374,-0.03088049706241147,0.16218568182333737,0.0168009248147536,0.01548266337820993,3443527.05,0.9303501768629929,False,True
2021-03-08,2593.7568359375,3006.949951171875,3033.0,2996.0,3016.0,2003125,-0.00036571786984684884,0.028298338479500362,-0.06445043408431206,0.07996620279393385,3053.4325317382813,3105.852021484375,2593.5895037841797,-0.015223058012008628,-0.03184378058850079,0.15937774531574145,0.01613662708761461,0.015420823194657974,3417353.7,0.586162620509548,False,True
2021-03-09,2631.711181640625,3050.949951171875,3066.89990234375,2992.10009765625,3006.949951171875,1942397,0.014632767659751744,0.014835216148110897,-0.03964555228163025,0.0960446343354886,3047.1350341796874,3108.2830224609374,2598.8177532958985,0.0012519684718252932,-0.018445254461953664,0.1739761079062081,0.01648128784242728,0.015513252131734717,3381536.0,0.5744126337853567,False,True
2021-03-10,2648.962646484375,3070.949951171875,3093.199951171875,3060.0,3075.0,3053778,0.0065553353283680504,0.0038736403312542578,-0.044300281795397356,0.09766951594846462,3040.017529296875,3111.092021484375,2604.1510028076173,0.010175080102960532,-0.012902887486223369,0.17925187435789525,0.016307854307054465,0.015520006620785521,3427825.75,0.890879006904012,False,True
2021-03-12,2637.749755859375,3057.949951171875,3117.0,3041.35009765625,3075.0,2938317,-0.0042332178012342014,0.002705184159782714,-0.046179054531542474,0.10733099060418216,3032.615026855469,3114.06501953125,2609.579002685547,0.00835415115075655,-0.01801987691567919,0.17181734985792896,0.016314611052592312,0.015421756060571045,3516447.5,0.8355924551695995,False,True
2021-03-15,2644.822265625,3066.14990234375,3099.0,3041.0,3041.0,3097083,0.002681519090504514,0.019314789505666452,-0.03906548344518013,0.08952809165779407,3026.38251953125,3118.133017578125,2614.6835021972656,0.013140236753237389,-0.016671230810656912,0.17266579292181694,0.016338983670778427,0.015255333817353419,3532431.45,0.8767567166802345,False,True
2021-03-16,2682.689697265625,3110.050048828125,3141.0,3060.0,3060.0,4894756,0.014317677831347408,0.034287267606855076,-0.009490914502692127,0.09578257428410031,3024.8925170898438,3121.7690185546876,2619.998002319336,0.028152250454243744,-0.0037539515758242548,0.18704290845831695,0.01636633831062336,0.015318434594180152,3645626.6,1.3426377786468862,False,True
2021-03-17,2685.19140625,3112.949951171875,3155.0,3085.300048828125,3105.0,3838390,0.0009324294780537201,0.020321539517941245,0.0013348887926434294,0.08806359705413325,3025.1000122070313,3123.2390185546874,2625.332001953125,0.02904034200864336,-0.003294357979548357,0.18573572746455858,0.016212484599080895,0.01529562429581516,3665757.6,1.0470932393347558,False,True
2021-03-18,2619.246826171875,3036.5,3146.449951171875,2987.050048828125,3125.949951171875,3656306,-0.02455868304053377,-0.011218011273263828,-0.011909829323217824,0.07671581481411582,3023.2700073242186,3122.1090185546873,2630.0567517089844,0.004376053956057557,-0.027420252798961542,0.1545378243366471,0.016954727693286355,0.015531387264878144,3664651.6,0.9977226757381247,False,True
2021-03-19,2631.064453125,3050.199951171875,3099.0,3005.0,3030.0,5776626,0.004511757342952505,-0.0025343776463804257,-0.0023386744258880876,0.06186247212249785,3022.9125,3122.083017578125,2635.066501464844,0.009026874304788768,-0.023024072710920773,0.15754192521374955,0.016952143580664266,0.015372589005440264,3743987.45,1.5429074154615554,False,True
2021-03-22,2699.5966796875,3129.64990234375,3139.449951171875,3018.64990234375,3048.699951171875,2821646,0.02604745670569919,0.02071001158536334,0.01881595873822106,0.07594324102922223,3025.802490234375,3124.0200146484376,2640.3560009765624,0.0343206182308784,0.0018021292017702528,0.1853136096746868,0.01790697042365841,0.01563832914441673,3698818.35,0.7628506547232848,False,True
2021-03-23,2710.767822265625,3142.60009765625,3169.0,3122.85009765625,3140.0,3305973,0.0041379054260355375,0.010466085213127085,0.06224548311572109,0.08017254444142163,3035.0099975585936,3124.4540185546875,2645.708751220703,0.03544966908979008,0.005807760009845397,0.18781029703525998,0.015514750371468324,0.01564173129755427,3595782.2,0.9194030161226117,False,True
2021-03-24,2692.22216796875,3121.10009765625,3152.300048828125,3111.14990234375,3111.199951171875,2207104,-0.006841468634852577,0.002618142473285401,0.047278756054260684,0.06544009070223722,3042.0550048828127,3123.347021484375,2650.7705017089843,0.025984110296020768,-0.0007193961518426883,0.17743127729995423,0.015636022230970728,0.01566057265832662,3514495.95,0.6280001546167666,False,True
2021-03-25,2643.70068359375,3064.85009765625,3130.85009765625,3050.0,3112.199951171875,3179786,-0.018022491506196836,0.009336439208381453,0.039601776104148056,0.04584545219459146,3047.8925048828123,3121.147021484375,2655.756502685547,0.0055637109072157465,-0.01803725471456674,0.1540403250663307,0.016037144691872618,0.01585544511709792,3484757.8,0.9124840756508243,False,True
2021-03-26,2645.383056640625,3066.800048828125,3118.0,3043.050048828125,3090.64990234375,3697370,0.0006362305201699225,0.005442298184377137,0.023870730422474118,0.05413673301364752,3051.4675048828126,3119.3040234375,2660.8930029296876,0.005024645984523124,-0.016831951683733304,0.15254542195102427,0.015698478802557633,0.015819770554095544,3458422.65,1.0690914252484438,False,True
2021-03-30,2724.525390625,3158.550048828125,3188.449951171875,3060.89990234375,3083.0,4694008,0.02991717703769403,0.009234306515476964,0.09130014011746712,0.10332723738647287,3064.6800048828127,3117.461025390625,2666.5362530517577,0.030629639569466738,0.013180284565819544,0.18451419710243,0.014640973111076783,0.0160916364600661,3415465.4,1.3743392042560292,False,True
2021-03-31,2741.174072265625,3177.85009765625,3205.0,3132.0,3155.0,3530069,0.0061104141234948894,0.011216826482723485,0.08674172447842521,0.08523865710108436,3077.362512207031,3116.351025390625,2672.1965032958983,0.032653801770383906,0.019734321250898246,0.18922769853814136,0.01458250048593533,0.015862722097341183,3428675.3,1.0295722665835403,False,True
2021-04-01,2730.089111328125,3165.0,3215.0,3145.0,3191.10009765625,4285076,-0.004043644999406126,0.014065522082010729,0.05277159917849672,0.041306832106157376,3085.2950073242187,3115.216025390625,2677.782503051758,0.02583383193068034,0.015980906044271048,0.18194812177351238,0.013553342828425836,0.015135432222770995,3477605.65,1.2321914648373085,False,True
2021-04-05,2793.833984375,3238.89990234375,3263.0,3151.0,3171.0,5317862,0.023349100266587763,0.05678901060139907,0.05877539111101826,0.04717099978782735,3094.2849975585937,3114.7800244140626,2683.786502685547,0.04673612963875606,0.039848681754993676,0.20683962718447435,0.013945206582364141,0.01526100515136731,3568005.9,1.4904297103320374,False,True
2021-04-06,2816.089111328125,3264.699951171875,3275.0,3230.0,3275.0,2291562,0.007965682671902119,0.06452977018158412,0.07049873870948664,0.06986726238632635,3105.0349975585937,3113.8980224609377,2689.8870025634765,0.05142130563385661,0.04842866645702082,0.21369408754367702,0.013912619464007786,0.015170801346381897,3486746.0,0.6572208012857834,False,True
2021-04-07,2821.86865234375,3271.39990234375,3277.550048828125,3234.800048828125,3259.0,2491268,0.0020522410243153377,0.03572837275682694,0.08754836164319157,0.07867312373851365,3118.202490234375,3113.8490185546875,2696.104252319336,0.04913003969086693,0.05059682818603406,0.21338034296318975,0.013323774246951182,0.01514019480388355,3451125.1,0.7218712529429895,True,True
2021-04-08,2861.5048828125,3317.35009765625,3335.0,3266.050048828125,3270.0,2578118,0.014046034322975798,0.0438976023768034,0.10322757329679044,0.0629466504725027,3133.7224975585937,3114.1340185546874,2702.5145025634765,0.05859727536203874,0.06525604803478502,0.22750501228007103,0.013447913305382673,0.014795372393793613,3479874.75,0.7408651705064959,True,True
2021-04-09,2865.73095703125,3322.25,3354.35009765625,3308.0,3354.0,2911129,0.001477053129608441,0.049684044233807345,0.08892313973355037,0.045900313579420926,3147.2875,3114.753017578125,2708.9147528076173,0.055591521270300204,0.06661747536670326,0.2264136390990894,0.013273051225324059,0.014632765479182436,3528311.35,0.8250771293185336,True,True
2021-04-12,2800.433349609375,3246.550048828125,3338.10009765625,3213.199951171875,3322.25,3791828,-0.02278574796354127,0.0023619582929497174,0.05718103533053043,0.022583728039571316,3156.0675048828125,3114.463017578125,2715.067003173828,0.028669394366668488,0.04241085236989384,0.19575319689459225,0.014574413828674443,0.01494717050157333,3565213.85,1.063562568624039,True,True
2021-04-13,2677.514404296875,3104.050048828125,3214.0,3073.050048828125,3214.0,8654596,-0.0438927470258581,-0.04920816759472313,0.015075491225284177,-0.01737916180767085,3158.372509765625,3112.613017578125,2719.9930029296875,-0.017199510434420362,-0.0027510547252875828,0.1411978065696391,0.0179101436967784,0.01599547386463189,3851027.8,2.2473470588812683,True,True
2021-04-15,2776.62548828125,3218.949951171875,3237.25,3087.449951171875,3160.300048828125,6062760,0.037016124268720585,-0.016032876669800578,0.049834500495662404,-0.009767127227031214,3166.0125122070312,3114.7650146484375,2725.579503173828,0.016720540036002873,0.033448730813870675,0.1810148804771745,0.019650658151688677,0.016272912141416653,3999311.65,1.5159508761964076,True,True
2021-04-16,2756.095947265625,3195.14990234375,3247.0,3182.60009765625,3229.0,3224657,-0.007393730623074912,-0.03683668944041696,0.027362856603446284,-0.011814432139652942,3170.2675048828123,3115.8810107421873,2731.144503173828,0.007848674417100243,0.025440282003156955,0.16989412264005344,0.01956988706814695,0.01628643371730957,3915806.7,0.8234974928665401,True,True
2021-04-19,2727.32861328125,3161.800048828125,3189.0,3135.10009765625,3169.0,2679106,-0.010437649104087954,-0.048295568115546694,0.015692541936904725,-0.0186078842777605,3172.710009765625,3115.0480126953125,2736.493253173828,-0.003438688346529939,0.015008448005384034,0.15542037063713532,0.01975255104140498,0.016335465350335133,3857842.5,0.694457070240685,True,True
2021-04-20,2712.449462890625,3144.550048828125,3225.35009765625,3126.35009765625,3225.0,3141893,-0.005455752967804983,-0.03141796629219318,0.03558374734995051,-0.035621156218929806,3178.112512207031,3113.9380126953124,2741.43025390625,-0.010560501948874923,0.009830650452259837,0.14704725547822028,0.018896728931745165,0.016268982782701107,3832121.85,0.8198833760988053,True,True
2021-04-22,2690.237548828125,3118.800048828125,3148.0,3105.25,3148.0,1988980,-0.008188770921167654,0.004751856370862617,0.0224903608794218,-0.05742262971353984,3181.542517089844,3112.5450146484377,2746.026004638672,-0.01972077001161987,0.0020096204714308286,0.1357503692826476,0.019018049741121014,0.01617439401952495,3642739.55,0.5460121352897711,True,True
2021-04-23,2682.215087890625,3109.5,3119.0,3091.050048828125,3105.0,1615309,-0.0029819317309615068,-0.034001756110569326,-0.006438388628919767,-0.05020086221232556,3180.535021972656,3111.576015625,2750.2575048828126,-0.0223342995696989,-0.0006671910358528876,0.1306214034429094,0.018114999838941968,0.016126824336712003,3582422.7,0.4508984939158631,True,True
2021-04-26,2674.711181640625,3100.800048828125,3153.0,3088.050048828125,3102.050048828125,2490260,-0.002797861769376131,-0.029529085144461065,-0.013301103395019775,-0.06124550962644737,3178.44501953125,3109.3100146484376,2754.412005615234,-0.024428602736874194,-0.0027369306309826813,0.1257575273803384,0.018094631272660186,0.01607871490606371,3541637.05,0.7031381151832032,True,True
2021-04-27,2701.623779296875,3132.0,3136.10009765625,3103.0,3106.0,1471417,0.010061903599255295,-0.009425026367233413,0.003492327065041989,-0.04840034225528733,3178.9900146484374,3108.4120166015623,2758.9775061035157,-0.014781428828625653,0.007588435275780014,0.13520316605382598,0.018178082019957454,0.016136910408135183,3504852.7,0.41982277885743957,True,True
2021-04-28,2694.809814453125,3124.10009765625,3151.0,3112.0,3149.949951171875,1639037,-0.00252231875598663,-0.006503299630895021,0.019332103728436634,-0.04199566063731175,3181.9525146484375,3106.628017578125,2763.576256103516,-0.018181420598157305,0.00562413007906426,0.13045554315951913,0.017677923538315616,0.01610034814178086,3427815.25,0.47815791705810284,True,True
2021-04-29,2687.17529296875,3115.25,3157.35009765625,3105.5,3145.60009765625,1621395,-0.0028328470214157297,-0.0011382739427168165,0.01579820999102588,-0.025433685562949337,3184.3750122070314,3104.813017578125,2768.0407556152345,-0.021707560178071517,0.003361549427545407,0.12543501885960984,0.01769978714521214,0.015905428907558288,3324016.5,0.4877818747289612,True,True
2021-04-30,2618.513916015625,3035.64990234375,3132.050048828125,3020.0,3099.0,3072305,-0.025551752718481646,-0.023749830408827832,-0.038910305230076436,-0.02433033665016493,3178.2300048828124,3101.7100146484377,2772.119005126953,-0.04486148023271197,-0.021297965313554656,0.09506478499999615,0.017259477127861435,0.015875094853684543,3242931.35,0.9473851489332329,True,True
2021-05-03,2619.67822265625,3037.0,3055.0,3004.0,3024.89990234375,1545831,0.00044474748395972874,-0.020575350820262295,-0.04432244861396417,-0.03260232037601085,3171.1875,3099.6530126953126,2776.4442553710937,-0.042314590354559645,-0.02021291171582862,0.09384512011176005,0.017168367404323034,0.015828634596653426,3143719.45,0.4917204046308903,True,True
2021-05-04,2630.676025390625,3049.75,3090.0,3035.0,3062.800048828125,1990777,0.004198221929535784,-0.026261174968071566,-0.03641390205371253,-0.047979507566724755,3165.425,3098.47201171875,2780.523505859375,-0.03654327617934405,-0.015724528585211672,0.09682582922722505,0.017218695898333573,0.015603468362515256,3029004.5,0.6572380463614366,True,True
2021-05-05,2670.3115234375,3095.699951171875,3099.39990234375,3052.39990234375,3070.0,1939289,0.015066792744282242,-0.009090664702350981,-0.04421252755241123,-0.032608895506013535,3158.265002441406,3098.9240087890626,2784.8282556152344,-0.01980994350416032,-0.0010403796956761635,0.11163047305693241,0.016675279323100818,0.01573548303371727,2860075.85,0.6780550942381476,True,True
2021-05-06,2683.897705078125,3111.449951171875,3134.0,3074.0,3105.5,1791671,0.005087702376981973,-0.0012198214679800534,-0.04694152672284335,-0.024149665567652856,3150.602502441406,3100.006005859375,2789.3817553710937,-0.012427004434609534,0.0036915881101100556,0.11546221494444886,0.016595841881249632,0.01574569957913338,2835081.3,0.6319645930435929,True,True
2021-05-07,2702.400390625,3132.89990234375,3159.85009765625,3111.800048828125,3133.0,1912540,0.006893876330485771,0.03203597355706789,-0.04233661555738677,-0.0079323767682985,3143.6775024414064,3101.227001953125,2794.0067553710937,-0.0034283415169928944,0.010213022255603166,0.12129288747107747,0.016697203478655987,0.015724635304199097,2806144.9,0.681554256161184,True,True
2021-05-10,2713.26904296875,3145.5,3164.199951171875,3125.0,3145.949951171875,2137153,0.004021864103230355,0.03572604543957847,-0.05180342520304515,-0.02134348513485118,3135.084997558594,3104.9680029296874,2798.609005126953,0.003322079768018016,0.013053917796276293,0.12395121799349429,0.016335864525273018,0.015560250616864071,2784096.65,0.7676288824240352,True,True
2021-05-11,2693.51611328125,3122.60009765625,3128.10009765625,3091.14990234375,3125.0,2415625,-0.007280210568669565,0.02388723589023689,-0.06009478586612993,-0.017092072887609833,3125.102502441406,3107.816005859375,2803.267255859375,-0.0008007432662452407,0.004757067911678625,0.11391451925584595,0.01634020915031651,0.01551705400549129,2759321.45,0.8754416778806252,True,True
2021-05-12,2663.324951171875,3087.60009765625,3120.0,3070.60009765625,3120.0,1978558,-0.011208607860567876,-0.002616485332358809,-0.048959649098663904,-0.039118647266605966,3117.1550048828126,3110.606005859375,2807.849256591797,-0.009481372334794624,-0.007395956980661977,0.09963171648467273,0.015797192642345047,0.015505118270587441,2668657.95,0.7414056192551765,True,True
2021-05-14,2632.185546875,3051.5,3098.5,3040.0,3098.5,2043935,-0.011691960265078682,-0.01926752868041337,-0.01692951080088556,-0.04819089207735494,3114.5275024414063,3111.7300048828124,2812.319757080078,-0.02023661771873919,-0.019355793975795343,0.08504731452310166,0.012677221641672894,0.01557044340213207,2338124.9,0.8741769954205612,True,True
2021-05-17,2647.927978515625,3069.75,3075.199951171875,3036.0,3055.0,2890462,0.005980665246600125,-0.02015701245242696,-0.04635050356019299,-0.03793720915623733,3107.0675048828125,3115.23900390625,2816.6345068359374,-0.012010522727352146,-0.014602091155513475,0.08986451474259605,0.009241425871320957,0.015584834920953082,2179510.0,1.3261980903964652,False,True
2021-05-18,2664.360107421875,3088.800048828125,3124.0,3078.0,3100.0,2098538,0.006205732984160051,-0.018025735549793365,-0.03328477748027214,-0.01625875352018602,3101.7500122070314,3118.531005859375,2820.529757080078,-0.0041750506417156386,-0.009533641632996082,0.09511344139328304,0.009348876527871888,0.015474936470623372,2123204.05,0.9883826286032189,False,True
2021-05-19,2658.494384765625,3082.0,3118.0,3067.10009765625,3084.0,1986041,-0.0022015179748215985,-0.013002016392276272,-0.025238803085508743,-0.00862070522619407,3097.760009765625,3120.04400390625,2824.5595068359376,-0.005087550267271146,-0.012193419021853336,0.09114358983799442,0.009119984714584405,0.01542472009169128,2088550.8,0.950918215635454,False,True
2021-05-20,2639.517822265625,3060.0,3088.800048828125,3052.10009765625,3067.10009765625,2329027,-0.007138221933809197,-0.008939013079187541,-0.02688780509619626,-0.0042628281669838675,3093.532507324219,3120.062001953125,2828.4620068359377,-0.010839552273922304,-0.019250259102391865,0.08186003298063471,0.009168571282870115,0.015380153989382708,2047907.5,1.1372715808697413,False,True
2021-05-21,2657.201171875,3080.5,3088.199951171875,3055.10009765625,3061.0,1685566,0.006699346405228734,0.009503522857611024,-0.012280379706456679,0.007571884672774809,3091.6175048828127,3120.6780029296874,2832.4575073242186,-0.003596015634293015,-0.012874767243518326,0.08757147884280303,0.009186058501544856,0.015388530408623962,2032736.8,0.8292101564747586,False,True
2021-05-24,2658.063232421875,3081.5,3105.0,3072.0,3081.5,1652260,0.0003246226261970353,0.0038276732632951393,-0.009004663129120405,0.003141397541212232,3090.2175048828126,3122.147001953125,2836.5942578125,-0.0028210004211801643,-0.013018926375887196,0.0863379531679529,0.009170244832426918,0.015377198893110287,2034584.35,0.8120872452400413,False,True
2021-05-25,2699.23583984375,3114.0,3128.25,3082.10009765625,3092.0,1841613,0.010546811617718754,0.008158492221416402,0.004256950130294257,0.05257822555575431,3090.8775024414062,3124.2880029296875,2840.9157580566407,0.007480884486793737,-0.0032929111912987086,0.09612542757345444,0.009468155435309518,0.01464026115655382,2002152.0,0.919816777147789,False,True
2021-05-26,2737.8095703125,3158.5,3165.0,3103.800048828125,3120.0,1923753,0.014290301862556198,0.024821544451654853,0.008461047254150644,0.059828216814114654,3092.202502441406,3126.43900390625,2845.4107580566406,0.021440218584083626,0.010254796608439198,0.11003305623163984,0.009741910817780345,0.014718796811842799,2024768.8,0.9501099582332561,False,True
2021-05-27,2756.445556640625,3180.0,3217.75,3161.800048828125,3161.949951171875,5959785,0.00680702865284144,0.03921568627450989,0.017893121409805923,0.07866079666973014,3094.9974975585938,3128.6200048828123,2849.7702575683593,0.027464481799567952,0.016422574501537168,0.11587942626414316,0.009814345301902857,0.014653794878729287,2240806.2,2.659661063058465,False,True
2021-05-28,2724.89404296875,3143.60009765625,3198.0,3135.64990234375,3189.5,1763701,-0.01144651017099052,0.02048371941446203,0.009100424574673083,0.049510915905117914,3096.415002441406,3130.3330078125,2854.0115075683593,0.015238621172433353,0.004238235935486445,0.10146721178942353,0.010170828370657067,0.014617481977285988,2247921.5,0.7845918996726532,False,True
2021-05-31,2738.37255859375,3159.14990234375,3170.35009765625,3128.60009765625,3150.0,1652799,0.004946495802406137,0.025198735143193263,0.040683215776841974,0.09150739351397252,3102.5900024414063,3132.1930078125,2858.3932568359373,0.018229898200483152,0.008606396369576386,0.10521877799303647,0.008143096383629587,0.013899559569248142,2176946.2,0.7592282253001934,False,True
2021-06-01,2733.0419921875,3153.0,3169.949951171875,3132.0,3168.60009765625,1377441,-0.0019466953243300056,0.012524084778420042,0.03819558775107024,0.0782436401917157,3108.390002441406,3133.0520068359374,2862.7587573242185,0.01435148019507082,0.006366952454200714,0.10138515581629592,0.008185008293434529,0.013858496769463807,2168526.7,0.6351966982929008,False,True
2021-06-02,2712.628662109375,3129.449951171875,3159.449951171875,3115.0,3150.85009765625,2240078,-0.00746909255570094,-0.009197419290209008,0.026133273603369034,0.04094661284179568,3112.375,3133.3820068359373,2867.119256591797,0.005486148414594938,-0.0012548918885357807,0.09149626196292804,0.008425419931833229,0.013449831257659934,2180991.75,1.0270914596536187,False,True
2021-06-03,2722.857177734375,3141.25,3154.550048828125,3122.64990234375,3154.550048828125,1281706,0.0037706462836084587,-0.01218553459119498,0.014713974075840852,0.026854270772862066,3114.6525024414063,3135.4770068359376,2871.5532568359376,0.008539475122102846,0.0018411849780675116,0.09392016063850805,0.007811992854761211,0.0132748355027502,2148112.6,0.5966661151747817,False,True
2021-06-04,2725.024658203125,3143.75,3156.85009765625,3125.0,3128.0,1836060,0.0007958615200955865,4.7684927819480194e-05,0.010381027924283304,0.03083911543231843,3116.2675048828123,3137.3480078125,2876.061257324219,0.008819042355679096,0.0020405744506373225,0.09307477091945837,0.007745509340280089,0.013266439074896226,2150332.05,0.853849525239602,False,True
2021-06-07,2759.21923828125,3183.199951171875,3190.449951171875,3133.60009765625,3145.0,2559821,0.012548692221669988,0.007612822933879215,0.01605542800473625,0.058227057229976786,3118.782507324219,3138.4190087890624,2880.7102575683593,0.020654676527259275,0.014268630879880728,0.10500524751102547,0.008085225922143327,0.013220638734023916,2182696.1,1.1727793896731662,False,True
2021-06-08,2773.91162109375,3200.14990234375,3231.0,3187.199951171875,3198.0,2574057,0.005324815101745317,0.01495398107952739,0.01737399534056583,0.06425113630394175,3121.515002441406,3139.5700048828126,2885.362257080078,0.025191261243608265,0.01929560333635516,0.10909813646146116,0.008117502204196467,0.013230865174501163,2204541.3,1.1676156849499713,False,True
2021-06-09,2773.998779296875,3200.25,3220.0,3186.199951171875,3202.0,1710925,3.127905232713779e-05,0.02262379968774142,0.024867065879499606,0.04893559423050475,3125.397497558594,3141.1530029296873,2890.080506591797,0.02394975439120217,0.01881379131013161,0.10732209455783592,0.007891543141802567,0.013111946242554238,2169306.3,0.7886968290277865,False,True
2021-06-10,2788.343994140625,3216.800048828125,3224.0,3193.0,3210.0,1874324,0.0051714862364269365,0.02405095068145635,0.041844781411280785,0.04749347920847535,3131.8574951171877,3144.192001953125,2894.900256347656,0.027122100492557255,0.023092752233291547,0.11119546926518042,0.007361780466702868,0.013103010412765874,2164094.6,0.866100770271318,False,True
2021-06-11,2837.752197265625,3273.800048828125,3309.0,3211.0,3211.550048828125,3452954,0.01771947249900263,0.0413678087723659,0.07284943432021129,0.07058653709277718,3142.9724975585937,3148.332001953125,2900.0262561035156,0.04162542032141725,0.03985222867129745,0.12888634781769626,0.0074039203530244044,0.013263937561689856,2234545.55,1.5452600641772554,False,True
2021-06-14,2839.96240234375,3276.35009765625,3308.699951171875,3270.35009765625,3279.0,1847360,0.0007789262600315094,0.02926305224718373,0.06730192936110435,0.06855509417586658,3153.3025024414064,3150.6880029296876,2905.1675061035157,0.039021817640259915,0.03988401727169255,0.12776633043461705,0.007405333549925908,0.013262668505665565,2182390.45,0.8464846425624708,True,True
2021-06-15,2828.173583984375,3262.75,3298.0,3251.550048828125,3298.0,1304985,-0.00415099035538935,0.019561614163887242,0.05631635211799191,0.04909887261441748,3162.0,3152.3860009765626,2910.268006591797,0.031862745098039325,0.03500967171826308,0.12111667812374205,0.007551235950456913,0.013166855177607831,2142712.8,0.6090340245318925,True,True
2021-06-16,2838.229248046875,3274.35009765625,3294.699951171875,3253.0,3262.10009765625,1635552,0.003555313050723985,0.023154471574486468,0.06241080391182674,0.051847973470828146,3171.6175048828127,3154.5730029296874,2915.3722570800783,0.03239123022094459,0.03796935262405543,0.12313276279020013,0.00746093054030026,0.013171369972065647,2125188.35,0.7696033153955507,True,True
2021-06-17,2875.84765625,3317.75,3336.050048828125,3260.0,3265.5,2273413,0.013254508848890456,0.03138210322045065,0.08423202614379077,0.09262308578956024,3184.5050048828125,3156.1500048828125,2920.7190075683593,0.04184166610285822,0.05120162060332345,0.1359360456801315,0.00738724976244474,0.012831457635201837,2122407.65,1.0711481368812443,True,True
2021-06-18,2858.121826171875,3297.300048828125,3358.0,3275.0,3350.89990234375,3380431,-0.006163801121806922,0.007178202593164373,0.07037820121023364,0.08101111455375731,3195.345007324219,3156.8020068359374,2926.0127575683596,0.0319073656428992,0.04450644724881214,0.12689189078188456,0.0077003002253933145,0.012863787942542481,2207150.9,1.5315812797394144,True,True
2021-06-21,2837.145263671875,3273.10009765625,3286.0,3251.699951171875,3265.0,1130569,-0.007339323329242031,-0.0009919574841299461,0.06217754264359887,0.04583586017243402,3204.925012207031,3156.8360107421877,2931.0920080566407,0.02127197522236912,0.03682930837029064,0.11668282287268283,0.008046131275797449,0.012495525232693323,2181066.35,0.5183560784384207,True,True
2021-06-22,2861.5029296875,3301.199951171875,3327.050048828125,3285.0,3304.0,1708688,0.008585088349649439,0.011784522617998672,0.0601155912562219,0.0504677173636916,3214.285009765625,3156.5130078125,2936.3662573242186,0.027040209919837688,0.04583758818711314,0.12424665790163147,0.0079614594371253,0.012528660296659212,2174420.1,0.7858131922161683,True,True
2021-06-23,2827.003662109375,3261.39990234375,3329.0,3256.39990234375,3329.0,1467104,-0.01205623694923319,-0.003955042963111888,0.032578724819930294,0.044952036236471926,3219.4300048828127,3155.296005859375,2941.347507324219,0.01303643731880566,0.0336272401344726,0.10881148664772589,0.00816396734955233,0.01260113993954668,2151587.65,0.6818704318181043,True,True
2021-06-24,2924.25927734375,3373.60009765625,3383.0,3278.5,3284.0,4155204,0.03440246479184261,0.016833726970461926,0.060880533854166696,0.10073902153847825,3229.110009765625,3157.8370068359377,2946.7180078125,0.044746102626931794,0.06832622784305786,0.14486696341895522,0.010942893741750887,0.013081476489633244,2061358.6,2.0157598973803004,True,True
2021-06-25,2930.500244140625,3380.800048828125,3399.64990234375,3350.0,3375.25,2722861,0.0021342041034670967,0.025323749359624115,0.07545487460339584,0.10238685111537826,3240.970007324219,3163.3720068359376,2952.1780078125,0.04314450340111331,0.06873299805471289,0.14518841339558142,0.010406459127878695,0.013080870189741082,2109316.6,1.2908735464367938,True,True
2021-06-28,2892.317138671875,3336.75,3391.5,3333.0,3391.5,1355238,-0.013029474737316638,0.019446365966420576,0.05621768613274414,0.05641827687295642,3249.8500122070313,3165.7280078125,2957.2265075683595,0.02673969182163982,0.054022958310204094,0.1283376472719744,0.011049091651872496,0.012680102253688243,2094438.55,0.6470650571247364,True,True
2021-06-29,2895.871337890625,3340.85009765625,3366.300048828125,3326.5,3342.0,1497322,0.001228769807821939,0.012010828508070226,0.059578210484062755,0.05129253897791375,3259.2425170898437,3168.64201171875,2962.1897583007812,0.02503881811141606,0.05434759916096987,0.1278312229303913,0.011000061913279137,0.012662367702986635,2100432.6,0.7128636262834618,True,True
2021-06-30,2900.11865234375,3345.75,3382.0,3338.5,3346.0,1693146,0.0014666633343374258,0.025863156982261826,0.06911759325217126,0.057109004739336555,3270.05751953125,3172.3210107421874,2967.2802587890624,0.02314714038412391,0.05466943246617961,0.12754768953485707,0.010732620070373407,0.012645780831049535,2073086.0,0.8167273330677068,True,True
2021-07-01,2896.434814453125,3341.5,3362.0,3332.35009765625,3358.0,990310,-0.0012702682507659269,-0.009515086769931957,0.0637485077596498,0.03167745245291642,3280.07001953125,3176.260009765625,2972.332009277344,0.018728252782094224,0.052023445727469975,0.1242014652368566,0.010782567125158309,0.012303255662687251,2058516.2,0.4810795270884922,True,True
2021-07-02,2882.522705078125,3325.449951171875,3339.699951171875,3295.199951171875,3331.0,1682274,-0.004803246694037089,-0.01637189329651001,0.05779720116799214,0.018608141914601806,3289.1550170898436,3180.3930078125,2977.088758544922,0.011034728948149164,0.045609754204291475,0.11701404320817699,0.010918716331141208,0.012284011038826459,2050826.9,0.8202905862020827,True,True
2021-07-05,2878.66552734375,3321.0,3374.0,3302.0,3342.0,1972858,-0.0013381500961416881,-0.004720161834120051,0.04328978730267785,0.015161734773151636,3296.04501953125,3184.6230078125,2981.2367590332033,0.007571189204296447,0.04282359068967989,0.11396721174100244,0.010710354055122393,0.012283993930370584,2021478.75,0.9759479292077644,True,True
2021-07-06,2827.783935546875,3262.300048828125,3328.0,3256.10009765625,3313.0,2159420,-0.017675384273374006,-0.02351199441220997,0.019421011009158384,-0.01659458519829382,3299.1525268554688,3187.8530078125,2985.091259765625,-0.011170286225738457,0.02335334811020995,0.09286442689335561,0.011555794644841947,0.012365807637618893,2000746.9,1.0793069328259361,True,True
2021-07-07,2838.7490234375,3274.949951171875,3282.699951171875,3241.60009765625,3275.0,2640710,0.003877602352454934,-0.02116118921859822,0.023341911154401984,-0.014237353849988699,3302.8875244140627,3190.7120068359377,2988.9510095214846,-0.008458530009175513,0.02640098641164168,0.0956853895361025,0.011570382007271202,0.012375217219560948,2047236.15,1.2898902747492027,True,True
2021-07-08,2824.48974609375,3258.5,3298.0,3231.89990234375,3298.0,2485811,-0.005022962615348847,-0.024839144096962418,0.012963177859645292,0.003680815324620834,3304.972521972656,3193.4000048828125,2992.938759765625,-0.014061394357650414,0.020385794143435776,0.0887292596174507,0.01161149988235029,0.012032586671480544,2077810.5,1.1963607845855049,True,True
2021-07-09,2780.84619140625,3208.14990234375,3282.0,3201.0,3250.0,6365067,-0.015451925013426404,-0.035273436843272554,-0.020053193690883764,0.03353678319553066,3301.6900146484377,3195.2580029296873,2996.730009765625,-0.028330979555828417,0.004034697480529648,0.07055019701112819,0.011421182813866905,0.010761966893057088,2223416.15,2.8627420917132405,True,True
2021-07-12,2767.801025390625,3193.10009765625,3236.0,3188.35009765625,3235.0,1892226,-0.004691116420870833,-0.03851246683039744,-0.025409372478097825,-0.008030523589288574,3297.5275146484373,3198.4070068359374,3000.3690100097656,-0.0316683989832669,-0.0016592351030825236,0.06423579466508933,0.011443052708262739,0.009661025624040483,2225659.45,0.8501866716401738,True,True
2021-07-13,2762.98974609375,3187.550048828125,3214.0,3175.0,3214.0,1809339,-0.0017381380659500234,-0.022913281697326204,-0.023048027330281218,-0.0023785593001599548,3293.7675170898438,3201.4180078125,3003.692010498047,-0.03224801620351325,-0.004331817635351842,0.06121068261575613,0.011423276369520006,0.00961602879167417,2250877.15,0.8038372951629101,True,True
2021-07-14,2786.394287109375,3214.550048828125,3222.0,3185.0,3187.0,2044279,0.008470455235652263,-0.018443000120394903,-0.01826318110300096,0.01668353443778048,3290.7775146484373,3204.7140087890625,3007.4275109863283,-0.023163968235772936,0.003069241127940492,0.0688703342259005,0.011580574539158827,0.009577732189548627,2271313.5,0.900042640524965,True,True
2021-07-15,2782.397705078125,3202.949951171875,3231.85009765625,3194.0,3227.60009765625,2232968,-0.003608622507053183,-0.01704773632902412,-0.034601777960402424,0.01857178338297194,3285.0375122070313,3206.8590087890625,3011.7810107421874,-0.024988317707217433,-0.0012189677208988003,0.06347371862291484,0.011103031184356387,0.009561805424477854,2269291.25,0.9839935706798323,True,True
2021-07-16,2775.318359375,3194.800048828125,3219.85009765625,3192.0,3213.0,1256526,-0.0025444988114060596,-0.004161231214873107,-0.03108603963307155,0.02436834641853891,3279.9125122070313,3208.5260107421873,3015.6435107421876,-0.025949613918706205,-0.004277964980837767,0.05940905728669654,0.011055862670497156,0.009503949260914274,2163096.0,0.5808923875778051,True,True
2021-07-19,2766.457275390625,3184.60009765625,3199.800048828125,3176.0,3180.0,1597058,-0.003192672785771511,-0.0026619898343428483,-0.027038586465281567,0.024151824298520586,3275.487512207031,3209.5600146484376,3019.435010986328,-0.027747751811619925,-0.007776741010690036,0.054700659583320155,0.010979610680303543,0.009505276300622511,2186420.45,0.7304441375857054,True,True
2021-07-20,2784.873779296875,3205.800048828125,3215.0,3156.14990234375,3184.60009765625,1811945,0.006657021453801093,0.005725400298172367,-0.02889855317909007,0.0338622285689405,3270.7175170898436,3210.766015625,3023.02201171875,-0.01984808162811924,-0.001546661068638544,0.060462026541929115,0.010896278630390659,0.009528995663130674,2191583.3,0.8267744146435138,True,True
2021-07-22,2794.038330078125,3216.35009765625,3224.949951171875,3190.0,3190.0,2859334,0.003290925406274736,0.0005599691405586693,-0.013813026932123718,0.026931704232519227,3268.4650268554688,3212.641015625,3026.6422619628906,-0.015944771864166984,0.0011545273851671922,0.06267930573675629,0.010644509857682768,0.009454842922147377,2261194.8,1.264523516505522,True,True
2021-07-23,2790.99853515625,3212.85009765625,3241.550048828125,3206.64990234375,3230.0,1776193,-0.001088189996030109,0.003090946357358071,-0.047649393925402794,0.028408180668276772,3260.427526855469,3215.146015625,3030.0892626953123,-0.014592389742551615,-0.0007140944633905466,0.0603153303801911,0.006735285320881768,0.009448917578434954,2142244.25,0.8291272108677616,True,True
2021-07-26,2777.70703125,3197.550048828125,3224.25,3190.85009765625,3200.0,1259611,-0.004762142136443326,0.0008607737441999053,-0.054203146401254676,0.026418441161423667,3251.265026855469,3218.0670166015625,3032.5480126953125,-0.016521254829630294,-0.006375556403143023,0.05441036232305496,0.006666227261209843,0.00946375990288623,2069081.75,0.6087777827048158,True,True
2021-07-27,2765.0234375,3182.949951171875,3210.0,3161.14990234375,3200.0,1121367,-0.00456602631180103,-0.0005181644268583696,-0.046092769559638924,0.048523398141003815,3243.5750244140627,3220.331015625,3034.891262207031,-0.018690818860630287,-0.011607832943803742,0.04878550042586127,0.006234761265321576,0.008853545525653927,2057388.2,0.5450439542717315,True,True
2021-07-28,2777.924072265625,3197.800048828125,3204.449951171875,3132.39990234375,3188.0,1660654,0.004665514030713025,-0.0024954769100226093,-0.042818457771715224,0.05294700323612944,3236.4225219726563,3222.511015625,3037.2005126953127,-0.011933693107842536,-0.007668233460509155,0.05287748881297638,0.00638382070560981,0.00886720332813203,2065554.8,0.8039747965050358,True,True
2021-07-29,2776.186279296875,3195.800048828125,3225.449951171875,3190.300048828125,3200.25,1731997,-0.0006254299735635183,-0.006389245015056,-0.04481803815941865,0.047889187254078314,3228.9250244140626,3224.7870166015623,3039.0510131835936,-0.010258824635282049,-0.00898880069418817,0.051578283801273495,0.0063381358692243634,0.00885864407985813,2067497.35,0.8377263458161143,True,True
2021-07-30,2751.55908203125,3167.449951171875,3223.5,3162.35009765625,3219.0,2999943,-0.008871048633548151,-0.014130801345974442,-0.052087400517170424,0.023177310828473185,3220.222521972656,3226.936015625,3040.8235131835936,-0.0163878646400043,-0.018434224962964985,0.041642153002069415,0.006500769308736362,0.008744367425582803,2167979.0,1.3837509496171319,False,True
2021-08-02,2796.68798828125,3219.39990234375,3224.89990234375,3167.0,3180.0,2608669,0.016401190854698378,0.006833310873001874,-0.03189043599671482,0.03469441992188149,3214.92001953125,3229.714013671875,3042.7705126953124,0.0013934663336205855,-0.0031935060765330148,0.05804886990704339,0.007741916897096974,0.008965910912087826,2214298.75,1.178101645046767,False,True
2021-08-03,2853.58740234375,3284.89990234375,3290.0,3218.949951171875,3229.0,3804735,0.02034540659341988,0.03203002018122847,-0.010870249218985273,0.04851734965623611,3213.1150146484374,3233.78201171875,3045.0622619628907,0.0223412132363916,0.01580746334779426,0.07876280343320685,0.009166378944315509,0.009288142031503693,2305892.6,1.6500052951295303,False,True
2021-08-04,2844.074951171875,3273.949951171875,3305.199951171875,3261.199951171875,3300.0,2929598,-0.0033334200424378624,0.02381321570485806,0.003571070155835354,0.04083609956187417,3213.697509765625,3236.9810107421877,3047.384011230469,0.018748634936286868,0.011420808558036954,0.07434768283434146,0.008269677994706584,0.009293866054284661,2344401.5,1.2496144538382183,False,True
2021-08-05,2852.7626953125,3283.949951171875,3315.0,3262.5,3275.0,2534521,0.0030544144379545113,0.02758304681047674,0.0027481336002646017,0.0516716353261919,3214.147509765625,3239.490009765625,3050.100760498047,0.021717248879887352,0.013724364412985635,0.07666933292906797,0.008252496893615884,0.009238885590703563,2339092.05,1.0835490634068892,False,True
2021-08-06,2875.21826171875,3309.800048828125,3324.0,3265.0,3272.550048828125,2292362,0.007871647875457244,0.044941545991463716,0.015743455218083513,0.07196526238632517,3216.712512207031,3242.0860107421877,3052.833260498047,0.028938718106712447,0.020885947461472876,0.08417321432358738,0.008328833528798499,0.009143560351348844,2329419.6,0.9840914878538842,False,True
2021-08-09,2886.42431640625,3322.699951171875,3337.0,3310.0,3323.89990234375,1510489,0.003897486903572167,0.03208674037447845,0.03570595275003807,0.0888743081015484,3222.4400146484377,3245.6680078125,3055.8890100097656,0.031113049759709854,0.023733771653155822,0.08731041614670976,0.00741343377424937,0.008991245699989313,2086690.7,0.7238681803680823,False,True
2021-08-10,2896.15380859375,3333.89990234375,3349.89990234375,3315.60009765625,3315.60009765625,2040777,0.003370738055335165,0.014916740679080887,0.044095017500656475,0.0860493207406956,3229.4800048828124,3249.1630078125,3058.8635095214845,0.0323333469484437,0.026079607064189547,0.08991456858605984,0.0072605640741582565,0.008975301631034783,2094118.25,0.9745280621091956,False,True
2021-08-11,2905.101318359375,3344.199951171875,3360.0,3327.10009765625,3350.0,1929707,0.0030894895257305155,0.021457261426630847,0.049144295758223766,0.08268579976248303,3237.3125,3252.9870068359373,3062.207509765625,0.033017341134621736,0.028039750587462997,0.09208795958698213,0.007203304847377403,0.00895611154239284,2100136.65,0.9188483044662832,False,True
2021-08-12,2911.660400390625,3351.75,3368.0,3326.0,3326.0,1310205,0.0022576547270982683,0.020645883718151792,0.042680919285077445,0.08752433484750166,3244.172497558594,3257.4330078125,3065.6105102539063,0.03316022884799241,0.02895439198942662,0.09333850102255625,0.007061492169142648,0.008944515387688628,2063432.95,0.6349636900002009,False,True
2021-08-13,3008.650146484375,3463.39990234375,3480.0,3357.5,3360.75,4363584,0.0333109278268815,0.04640759298133701,0.0813156481188797,0.1318300334456699,3257.1949951171873,3263.876005859375,3069.493509521484,0.06330751076790953,0.06113096702392684,0.1283294431476656,0.00978631513052714,0.009773087617463962,2169963.75,2.0109017950184653,False,True
2021-08-16,3016.94580078125,3472.949951171875,3494.35009765625,3436.5,3460.0,2083489,0.002757420193279625,0.04521925007011496,0.0870633210506484,0.1273981338003165,3271.102490234375,3270.4600048828124,3073.4172595214845,0.06170624782931755,0.061914821152603716,0.12999624128895393,0.009671945646695674,0.009754964033540587,2211311.9,0.9421958973765755,True,True
2021-08-17,3086.529541015625,3553.050048828125,3560.800048828125,3463.0,3482.10009765625,4336019,0.02306399423614547,0.0657338711130202,0.11569739994765449,0.15302613948665433,3289.5249877929687,3277.8570068359377,3078.031760253906,0.08011036913021363,0.0839551699229939,0.1543253369598223,0.010368774406739497,0.010121744172478,2348259.95,1.8464816895591136,True,True
2021-08-18,3093.044677734375,3560.550048828125,3595.0,3536.60009765625,3573.85009765625,2631309,0.00211086246940817,0.06469412738925384,0.11065880422881591,0.14340078639310372,3307.262487792969,3285.065009765625,3082.7235107421875,0.07658526106410801,0.0838598439432876,0.1550014253373302,0.010392786951759742,0.010065461112052507,2389228.15,1.1013217804251971,True,True
2021-08-20,3092.132080078125,3559.5,3575.0,3500.0,3506.0,2836148,-0.0002949119697026603,0.0619825464309689,0.1066892259626222,0.12695899952509104,3324.4199829101562,3292.250009765625,3087.357761230469,0.07071309229830147,0.0811754846811894,0.15292760842247133,0.010460202039602077,0.009946031972777124,2388068.85,1.187632425254406,True,True
2021-08-23,3159.8037109375,3637.39990234375,3673.0,3561.89990234375,3580.0,3744176,0.021885068785995276,0.05023965031651434,0.1321411805042525,0.14383644727790879,3345.6474731445314,3300.6620068359375,3092.2205102539065,0.08720357764561615,0.10202132021103671,0.17630676411401147,0.010989111686267506,0.01025417252488177,2486468.0,1.5058211084960675,True,True
2021-08-24,3138.781982421875,3613.199951171875,3667.35009765625,3594.39990234375,3657.0,2511141,-0.006653090620110769,0.04038353617871038,0.1299901161816317,0.14938282190083307,3366.429968261719,3307.4500048828127,3097.2635095214846,0.07330316841184059,0.09244280210968614,0.1665781552213168,0.011096736210879494,0.010163581959201199,2549044.5,0.9851303105928516,True,True
2021-08-25,3178.567626953125,3659.0,3697.75,3607.050048828125,3610.0,2123263,0.01267575817753186,0.029819436741911343,0.14956253039821021,0.15822297551800713,3390.232470703125,3315.1030029296876,3102.390509033203,0.07927702056405983,0.10373644401588633,0.17941309752789714,0.010885116896479101,0.010245401731607652,2599139.3,0.8169100440288061,True,True
2021-08-26,3189.730712890625,3671.85009765625,3687.60009765625,3647.89990234375,3660.0,1902533,0.0035119151834517304,0.03125922885559684,0.14824255475318004,0.1645575951970346,3413.9349731445313,3323.2850048828127,3107.484010009766,0.07554775546124604,0.1048857056380359,0.18161512201786367,0.010901455754064284,0.010229449726084205,2611233.25,0.7285955783536381,True,True
2021-08-27,3231.6884765625,3720.14990234375,3729.5,3651.10009765625,3666.0,3944728,0.013154078571543604,0.04513271592744772,0.16407467473063586,0.18875519991961442,3440.1524658203125,3332.2010009765627,3112.656259765625,0.08139099627279789,0.11642421968347394,0.19516888209938998,0.010829940059703986,0.010232094449452892,2721869.8,1.4492713795494554,True,True
2021-08-30,3215.31396484375,3701.300048828125,3740.35009765625,3687.60009765625,3715.0,2033114,-0.005066960743638105,0.017567534007795205,0.16854255185902445,0.17828891327596508,3466.844970703125,3339.872001953125,3117.625510253906,0.06762779417778497,0.10821613722431289,0.18721765544145907,0.010553838292685476,0.010283370958595382,2673528.35,0.7604609840774645,True,True
2021-08-31,3289.28369140625,3786.449951171875,3804.10009765625,3703.449951171875,3709.39990234375,3207480,0.02300540383660854,0.04794918696481476,0.176135325224837,0.20443736021371772,3495.197473144531,3349.655,3122.9247595214842,0.08332933411207577,0.13039998184048063,0.21246915719867054,0.010931361486291312,0.010605080140592341,2703468.9,1.1864312550442138,True,True
2021-09-01,3227.171142578125,3714.949951171875,3816.699951171875,3707.0,3796.0,2643336,-0.018883122957394805,0.015291049787339528,0.13091724606929045,0.1670488841909663,3516.6999755859374,3358.4919970703127,3128.2515087890624,0.056373866682472906,0.10613631189608563,0.1875483607166617,0.01209500517000851,0.010905502881147505,2645398.95,0.9992201743332513,True,True
2021-09-02,3332.97900390625,3836.75,3859.14990234375,3722.0,3734.0,3403717,0.032786457537524294,0.044909214144936316,0.1719024594822156,0.19892821182845588,3544.839978027344,3369.202998046875,3133.996258544922,0.08234787008216382,0.13877080194460278,0.22423566701427977,0.01323348724640887,0.011575927566816637,2669104.9,1.2752278863224897,True,True
2021-09-03,3337.5830078125,3842.050048828125,3856.89990234375,3804.550048828125,3825.0,1746812,0.001381390194337584,0.03276753617040429,0.1699478085703141,0.20054684753632523,3572.744982910156,3380.8160009765625,3139.851258544922,0.07537763462160352,0.13642684124730042,0.22364078182754987,0.013271927606667016,0.011571185138631424,2629719.45,0.6642579306321059,True,True
2021-09-06,3346.226806640625,3852.0,3877.60009765625,3814.0,3849.699951171875,1723693,0.0025897505356313744,0.040715410581097844,0.1638165276370238,0.19746329940627705,3599.85498046875,3390.3839990234374,3145.827008056641,0.07004310476374176,0.1361544890223425,0.22447928323293365,0.013326252382354372,0.011568212413323965,2601286.0,0.6626310986181451,True,True
2021-09-07,3314.866455078125,3815.89990234375,3869.949951171875,3808.25,3864.0,1585039,-0.009371780284592401,0.007777720965983059,0.1484334903601301,0.1655873435855293,3624.5149780273437,3399.08599609375,3151.554757080078,0.05280290617548178,0.12262529007180323,0.21079917579448604,0.013845592150365947,0.011515439944401056,2605013.5,0.6084571154813593,True,True
2021-09-08,3278.5986328125,3774.14990234375,3815.0,3756.0,3810.0,4147175,-0.010941062676816271,0.015935598581402255,0.13205255493438828,0.15193730518713577,3646.527478027344,3407.833994140625,3157.0952563476562,0.034998344338665444,0.10749229828476481,0.19545011977558913,0.014403492849716223,0.011645888904937307,2710333.4,1.5301346321452556,True,True
2021-09-09,3293.583251953125,3791.39990234375,3808.699951171875,3765.0,3789.699951171875,1441148,0.004570565676071281,-0.01181992510751284,0.13372404691745987,0.16202586846793343,3668.8874755859374,3416.844990234375,3162.9190063476562,0.033392255165374474,0.10962010661293786,0.19870281051610772,0.014389818618839038,0.011616796025223116,2685905.45,0.536559468241892,True,True
2021-09-13,3340.449951171875,3845.35009765625,3852.39990234375,3767.0,3767.0,1691473,0.01422962407082129,0.0008589291618237294,0.14726638253337798,0.17438575075057394,3693.56748046875,3426.8369921875,3168.961257324219,0.041093771263179146,0.1221281042614153,0.21344181433860587,0.01445761045627988,0.011713449791332795,2704968.85,0.6253206945433031,True,True
2021-09-14,3375.675048828125,3885.89990234375,3896.5,3825.0,3849.949951171875,1991188,0.010545152887955656,0.008800597700869606,0.12198995550992708,0.17124554361954636,3714.69248046875,3437.724990234375,3175.0895068359373,0.0460892584716448,0.13036962333593172,0.22387097874798334,0.013109683217944987,0.011677433137277921,2586349.05,0.7698837092387047,True,True
2021-09-15,3435.311767578125,3954.550048828125,3980.0,3866.0,3882.10009765625,2461369,0.017666473200446786,0.0363348489301869,0.13867176447323804,0.199329751695964,3738.7724853515624,3450.3069921875,3181.241007080078,0.05771347797224213,0.1461444033190027,0.2430840794604976,0.013346158185023108,0.01177554179462071,2605243.05,0.9447751909366,True,True
2021-09-16,3390.791015625,3903.300048828125,3981.75,3892.10009765625,3930.0,2946666,-0.012959755058653766,0.034219665309046965,0.09857727732135957,0.1925391623748809,3756.2849853515627,3461.9529931640627,3187.147257080078,0.039138421086227115,0.1274849937406839,0.22470025197522703,0.013437555718366396,0.011881881070330369,2535775.4,1.162037458049321,True,True
2021-09-17,3325.24755859375,3827.85009765625,3945.0,3805.0,3920.0,6477148,-0.019329785112094378,0.009613914715239424,0.0750726840410798,0.15953294386104133,3769.6499877929687,3473.263994140625,3192.780007324219,0.01543912831476324,0.1020901676675916,0.19890818937577404,0.014478105833415645,0.012202003631154586,2728067.35,2.374262497588265,True,True
2021-09-20,3321.46826171875,3823.5,3871.0,3807.85009765625,3809.0,2002008,-0.0011364336495082172,-0.005682212828831301,0.0741677201854194,0.17234933295125998,3782.849987792969,3484.2349951171873,3198.2945068359377,0.010745869473599567,0.09737144749371351,0.19548090140784935,0.014491620005494435,0.012061190144940124,2686360.35,0.7452492365739392,True,True
2021-09-21,3355.73876953125,3862.949951171875,3871.550048828125,3821.64990234375,3858.0,1568129,0.01031775890463571,-0.005905955312444644,0.062008592644100524,0.14505271500780204,3794.127490234375,3496.323994140625,3204.211007080078,0.01813920621134657,0.10486040700051436,0.205585382060119,0.013947548613783693,0.011370022968187525,2577558.0,0.6083777746223363,True,True
2021-09-22,3355.043701171875,3862.14990234375,3896.85009765625,3852.449951171875,3862.5,1744067,-0.00020710825618708295,-0.02336552713797524,0.06890013133403605,0.14237749839197789,3806.574987792969,3509.403994140625,3209.8877563476562,0.014599716209190872,0.10051447732779617,0.20320403562592637,0.013783715158006155,0.011374699330395666,2539204.3,0.6868557209043794,True,True
2021-09-23,3361.21142578125,3869.25,3879.0,3835.0,3870.0,2003869,0.0018383796164775923,-0.008723400302866224,0.05746105493304188,0.15958642391548672,3817.0874877929687,3522.9269921875,3215.4862561035156,0.013665527021281765,0.09830547399378742,0.20331722539803576,0.013612948934432469,0.011195981253921712,2533234.6,0.791031750474275,True,True
2021-09-24,3362.99267578125,3871.300048828125,3944.39990234375,3855.0,3890.0,2320754,0.0005298310597983136,0.01135100645620346,0.054318652958949665,0.15877693870311882,3827.0599853515623,3536.6019921875,3221.2955065917968,0.011559804039104726,0.09463831592584837,0.20178358083144254,0.0136220499127773,0.011197723646978438,2554145.65,0.9086224193988311,True,True
2021-09-27,3333.15283203125,3836.949951171875,3904.0,3802.89990234375,3900.0,1673362,-0.008873013515614203,0.003517706596541048,0.031396597420587646,0.1468131065297391,3832.8999877929687,3549.049990234375,3226.8425061035155,0.001056631634481553,0.08112028901528312,0.18907258222685241,0.013625856438888211,0.011293366970951759,2440577.35,0.6856418625699365,True,True
2021-09-28,3282.94189453125,3779.14990234375,3850.0,3751.25,3850.0,2253075,-0.015064061184971056,-0.021693278423838502,0.021033110660745535,0.13097408419684275,3836.79248046875,3560.5739892578126,3232.049755859375,-0.01502363717048305,0.06138783065465758,0.16927342949858315,0.01406105548110695,0.011506656159063908,2451575.4,0.9190314929738649,True,True
2021-09-29,3294.017822265625,3791.89990234375,3806.0,3722.14990234375,3759.800048828125,2489161,0.0033737746131987656,-0.018189350951232863,0.0014393300432211653,0.14026671819478143,3837.064978027344,3572.515986328125,3237.022755126953,-0.011770735169257751,0.06140879896834561,0.17141589330441231,0.013106786860425658,0.011471661638459089,2415659.45,1.0304271158751288,True,True
2021-09-30,3279.814453125,3775.550048828125,3805.0,3750.10009765625,3805.0,2252412,-0.004311784049341405,-0.024216566820927876,0.01631249369513954,0.1368714389726362,3840.0949829101564,3584.3349853515624,3241.846505126953,-0.01680816083177117,0.05334743104593165,0.16462949212960098,0.012377630660293777,0.011493847387759786,2396113.25,0.940027354717061,True,True
2021-10-01,3240.41845703125,3730.199951171875,3810.0,3725.0,3781.75,1578374,-0.012011520724066638,-0.036447729671318596,-0.027770912576562168,0.1434263848635957,3834.76748046875,3594.8229833984374,3246.5760046386717,-0.02726828414746363,0.03765886898983162,0.1489643075788789,0.010153789535025768,0.011350166288929492,2304846.1,0.6848066775477981,True,True
2021-10-04,3277.8603515625,3773.300048828125,3783.64990234375,3707.449951171875,3724.800048828125,1356860,0.011554366580995179,-0.016588671510898934,-0.01789409276981424,0.15217029422935924,3831.32998046875,3605.961982421875,3251.524504394531,-0.01514615862806079,0.0464059430526389,0.16047104788181632,0.01054549927009585,0.011411363915396265,2285348.5,0.5937212639560224,True,True
2021-10-05,3329.982177734375,3833.300048828125,3840.0,3741.60009765625,3754.0,1877966,0.015901200334872412,0.014328658000782646,-0.004854608300071339,0.17640019911865124,3830.394982910156,3618.3709814453123,3256.7025048828127,0.0007584246353000701,0.059399400582458295,0.17704949809840254,0.011175259705083205,0.011499213153197671,2293062.15,0.8189773661389859,True,True
2021-10-06,3310.52294921875,3810.89990234375,3857.449951171875,3795.0,3836.0,1678154,-0.005843567213378753,0.005010680790454414,-0.0013103069074031914,0.18788087163871436,3830.144982910156,3630.637978515625,3261.9492541503905,-0.005024635007885192,0.049650206078058146,0.16828914413518037,0.011049731718543756,0.011306354195878748,2297717.9,0.7303568466781758,True,True
2021-10-07,3381.75634765625,3892.89990234375,3899.0,3820.050048828125,3830.0,1647233,0.02151722745317164,0.031081525075279837,0.03146403907440343,0.21915999601802527,3836.082482910156,3644.8369775390624,3267.34275390625,0.014811313282943495,0.06805871602306235,0.1914574611707387,0.011722520049232257,0.011511102778495264,2172720.8,0.7581429698652492,True,True
2021-10-08,3418.892822265625,3935.64990234375,3989.89990234375,3900.0,3925.0,2934339,0.01098153075404329,0.055077463369579194,0.03804663283101006,0.23469430818526527,3843.2949829101562,3659.593974609375,3272.8300036621094,0.024030140763138252,0.07543348514881121,0.2025219452094924,0.011893980918247182,0.01153248689972984,2247380.35,1.3056708447237246,True,True
2021-10-11,3201.675537109375,3685.60009765625,3757.5,3660.0,3755.0,11845402,-0.06353456503806165,-0.023242241549041975,-0.041543681574629066,0.1465368532681106,3835.307482910156,3669.3899755859375,3276.953004150391,-0.03903399816598563,0.00441766129470178,0.12470337322149305,0.018525592263668744,0.014404349222848037,2755076.8,4.299481597028439,True,True
2021-10-12,3173.22509765625,3652.85009765625,3707.0,3630.60009765625,3706.0,5752877,-0.008885934212131796,-0.04707430904790255,-0.0599731878185894,0.14046430738631077,3823.654992675781,3679.097978515625,3281.116505126953,-0.044670582295397554,-0.00713432504724032,0.11329484702796733,0.018344315913724287,0.014457579739092917,2943161.25,1.954659127154518,True,True
2021-10-13,3175.266357421875,3655.199951171875,3675.449951171875,3645.0,3650.0,3545655,0.0006432931691153776,-0.040856478826987175,-0.07569763790066542,0.14410914464353652,3808.6874877929686,3687.8139794921876,3285.0300048828126,-0.04029932545346104,-0.008843729239511045,0.11268388591241107,0.017723071928642364,0.014445339164825467,2997375.55,1.182919837989604,True,True
2021-10-14,3143.28125,3611.449951171875,3670.0,3608.199951171875,3625.0,6442299,-0.011969249448576247,-0.07229827589515614,-0.07477009043767235,0.13403562156195714,3794.0949829101564,3694.34498046875,3288.543504638672,-0.04813928817306212,-0.022438356389325786,0.09819132575796119,0.017697420646187918,0.014546498437003364,3172157.2,2.0308889483787245,True,True
2021-10-18,3174.3525390625,3647.14990234375,3652.699951171875,3601.449951171875,3603.449951171875,3590107,0.009885212768985241,-0.07330428446600223,-0.047206706297914014,0.13767229608626397,3785.0599731445313,3701.8089794921875,3292.2325036621096,-0.036435372696673296,-0.014765504500973914,0.10780447562158768,0.017546713956336474,0.014569201619186047,3027805.15,1.185712693566163,True,True
2021-10-19,3163.037353515625,3634.14990234375,3690.10009765625,3625.199951171875,3669.0,3135441,-0.0035644271137980077,-0.013959787809105562,-0.04952271417712828,0.12989873365836324,3775.5924682617188,3708.812978515625,3295.7562536621094,-0.03746234984494734,-0.020131259409515323,0.1026755690156489,0.017546896006659422,0.014587828477582295,3084476.8,1.0165228021815564,True,True
2021-10-20,3141.017822265625,3608.85009765625,3630.0,3578.300048828125,3612.0,2933693,-0.0069616844014011026,-0.012045388894614484,-0.06577870713508482,0.12325505017768457,3762.8874755859374,3714.7939794921876,3299.1480041503905,-0.04093595116226578,-0.028519450182381334,0.09387335551974285,0.017312294810838104,0.01462952773695589,3152755.0,0.9305172777459714,True,True
2021-10-21,3074.565185546875,3532.5,3607.449951171875,3511.25,3604.10009765625,4871211,-0.021156350524460743,-0.03356860166638398,-0.0853539895340939,0.10475205893794581,3746.40498046875,3718.98998046875,3302.26400390625,-0.057096064516224954,-0.05014533016979106,0.06972065099017044,0.017746794736912878,0.014909249905666184,3309112.2,1.4720597869120302,True,True
2021-10-22,3045.278076171875,3498.85009765625,3561.60009765625,3485.0,3560.0,2691670,-0.009525803918966735,-0.031178572329124354,-0.09572912123635069,0.09924760091438745,3727.8849853515626,3722.288984375,3305.444504394531,-0.0614382923816823,-0.06002728097057386,0.058511220806941155,0.01772190605623694,0.014958654228298144,3343502.25,0.8050450691337205,True,True
2021-10-25,3040.14306640625,3492.949951171875,3514.550048828125,3450.0,3503.0,2595594,-0.0016863101646815704,-0.042279575915643686,-0.09773205199394963,0.09229779781006364,3708.96748046875,3725.263984375,3308.2680041503904,-0.0582419582901208,-0.062361763938751036,0.055824360901169934,0.017693299346290988,0.014959711323681084,3357244.25,0.7731323093337639,False,True
2021-10-26,3031.13427734375,3482.60009765625,3529.0,3475.0,3494.5,3878763,-0.002963069514395067,-0.04170158324778017,-0.09235196132996215,0.08974280131615009,3691.2499877929686,3727.880986328125,3310.4837548828127,-0.056525537643542845,-0.06579633029365317,0.051991296595119474,0.017674140626363643,0.014968603249734204,3467514.3,1.1186004337458682,False,True
2021-10-27,3037.357666015625,3489.75,3511.25,3483.0,3483.0,2510813,0.0020530357041457226,-0.03300222908499273,-0.07657804263447454,0.10175379368153314,3676.779992675781,3728.40798828125,3312.4675048828126,-0.05086787706861673,-0.06401069545805482,0.053519768829689784,0.017558956576431372,0.01490607309462415,3480401.2,0.721414818498511,False,True
2021-10-28,2978.085693359375,3421.64990234375,3518.0,3415.0,3518.0,2424942,-0.01951431983845553,-0.03138007010792643,-0.0976423454034614,0.06282226692395687,3658.2674926757813,3727.3819873046873,3314.3182543945313,-0.06468023205130935,-0.08202327692794797,0.032384230997402064,0.017809150127584755,0.015027437426431754,3477190.25,0.6973854824308219,False,True
2021-10-29,2957.2841796875,3397.75,3461.0,3385.949951171875,3400.050048828125,3960501,-0.006984905827851939,-0.028895235530088326,-0.1000649028465107,0.03435419678259666,3639.377490234375,3724.275986328125,3316.1430041503904,-0.06639253303147019,-0.08767502395816174,0.02460900984893377,0.017813983273820937,0.014848200206144368,3562594.7,1.1116900274959707,False,True
2021-11-01,3025.738037109375,3476.39990234375,3487.0,3412.949951171875,3437.949951171875,2020718,0.02314764251158863,-0.004738129391911983,-0.06803926120592851,0.06183660538225699,3626.6874877929686,3722.5929833984374,3317.9205041503906,-0.04143935366779461,-0.06613483723647173,0.04776467609610213,0.0188037025250387,0.015118216462565956,3584711.9,0.5637044360524482,False,True
2021-11-02,3032.527099609375,3484.199951171875,3513.60009765625,3469.75,3494.0,3087414,0.0022437144883320492,0.00045938479031848445,-0.07661730949438694,0.06097839582742148,3612.2324829101562,3721.086982421875,3319.4592541503907,-0.03544415602927453,-0.06366070784398103,0.0496287751733977,0.018528651099472344,0.015116814988166164,3671239.6,0.8409731688446594,False,True
2021-11-03,3039.532958984375,3492.25,3519.89990234375,3466.050048828125,3504.199951171875,1537639,0.0023104439874115368,0.0007163836951071811,-0.08897035047710056,0.055124161121598236,3595.17998046875,3718.183984375,3321.0462536621094,-0.02862999377720432,-0.060764605873309896,0.05155114781948744,0.018009612564853176,0.015091622231471397,3654223.25,0.4207840886568712,False,True
2021-11-04,3053.8076171875,3508.64990234375,3513.25,3505.0,3512.949951171875,328991,0.004696084857541694,0.025426330128166308,-0.0793119755819649,0.055963509767498865,3580.06748046875,3716.0929833984374,3322.794753417969,-0.019948668150704618,-0.05582289839932286,0.05593338220321997,0.018121785479403327,0.015094565915468193,3586765.1,0.09172359795739063,False,True
2021-11-08,3048.671875,3502.75,3548.0,3481.199951171875,3548.0,2526082,-0.001681530647959173,0.030902803325730366,-0.10022089242748244,0.05064642088910576,3560.5599853515623,3712.9679833984374,3324.0550036621094,-0.01623620598709119,-0.05661723568271315,0.05375813460999357,0.01711972930213285,0.01509532790369077,3630707.55,0.6957547434521406,False,True
2021-11-09,3051.23974609375,3505.699951171875,3535.0,3496.0,3508.0,1782692,0.0008421814779457915,0.008428273400989061,-0.10924496889721624,0.04829256693918893,3539.0624877929686,3709.64498046875,3325.4167529296874,-0.00942694194752669,-0.054976966898623414,0.05421371564431987,0.01676414934602739,0.015092683914581479,3573125.2,0.4989167466060243,False,True
2021-11-10,3032.614013671875,3484.300048828125,3519.699951171875,3480.199951171875,3498.0,1516489,-0.006104316582084102,2.8729021770423913e-05,-0.054617984451469925,0.03954652012474824,3528.9974853515623,3704.9279833984374,3326.729503173828,-0.012665760377832735,-0.059549857799917616,0.047365000822570114,0.009792880291778083,0.015118514091850884,3056679.55,0.49612299071389415,False,True
2021-11-11,3036.008544921875,3488.199951171875,3510.050048828125,3436.0,3480.0,1284514,0.0011192785607145872,-0.0011597247700264601,-0.04507443286271673,0.007160607936537167,3520.7649780273437,3700.6659814453124,3327.867003173828,-0.009249417969873885,-0.057412917388036666,0.048178892920040184,0.009718680825290371,0.0145024213114717,2833261.4,0.45336939260175574,False,True
2021-11-12,3068.951904296875,3526.050048828125,3534.14990234375,3485.699951171875,3506.0,1747259,0.010850896790917552,0.004959214218765995,-0.03533319765512255,0.015289623634896499,3514.307482910156,3695.4579833984376,3328.953253173828,0.0033413598482978646,-0.04584220286940477,0.05920683790509362,0.01013807208813806,0.014563899354677277,2743341.6,0.6369090163616518,False,True
2021-11-15,3092.66943359375,3553.300048828125,3569.60009765625,3528.0,3528.0,1809157,0.00772819433151728,0.014431532032866956,-0.016101539030017875,7.036208231370189e-05,3511.3999877929687,3692.2249853515623,3330.3505029296875,0.011932579934162302,-0.03762634646442309,0.06694476923744519,0.010049250588039014,0.014290670014639408,2511684.5,0.7202962792500411,False,True
2021-11-16,3095.366943359375,3556.39990234375,3575.550048828125,3542.0,3569.0,2013204,0.0008723872099254404,0.014462147895722532,-0.02488244312132104,-0.0011655913910664228,3506.8624877929688,3686.6179833984374,3331.617001953125,0.01412585030728053,-0.035321826574135184,0.06746961017993613,0.00974405183656747,0.014288614661075212,2432839.35,0.8275121002132755,False,True
2021-11-17,3065.33984375,3521.89990234375,3562.85009765625,3506.39990234375,3550.60009765625,1632914,-0.009700821321377173,0.01079122147596645,-0.030887553627770625,-0.010563308795125681,3501.2499877929686,3680.21498046875,3332.7700012207033,0.005897869224641639,-0.043017888619331535,0.05674856082291124,0.00991703462657792,0.014344310533743552,2357713.0,0.692583872591787,False,True
2021-11-18,3025.12841796875,3475.699951171875,3520.85009765625,3451.60009765625,3515.14990234375,2136598,-0.013117905804514773,-0.003583510169994808,-0.03689544948703982,-0.044454818142949826,3494.59248046875,3672.6889794921876,3333.843250732422,-0.0054062181506042695,-0.0536361857538914,0.04255050095960211,0.010186676248293074,0.014146493507426064,2317858.25,0.9217983886633274,False,True
2021-11-22,3010.0712890625,3458.39990234375,3515.949951171875,3440.300048828125,3478.39990234375,3167936,-0.004977428739869283,-0.01918581572795841,-0.02097667308032558,-0.042842923425236545,3490.8874755859374,3665.5389794921875,3335.1525,-0.00930639370916253,-0.056509855251118846,0.036954053028684486,0.00916188771259886,0.014136107787555077,2232694.5,1.4188846705180669,False,True
2021-11-23,3015.163330078125,3464.25,3480.949951171875,3407.800048828125,3445.0,2153461,0.001691561942355202,-0.025061224102786772,-0.009888991151529303,-0.05322492484285324,3489.157470703125,3659.3409814453125,3336.9169995117186,-0.007138534420490283,-0.05331314639289464,0.03815887554497577,0.008954762307000645,0.014031608743486213,2205784.05,0.9762791602378302,False,True
2021-11-24,2996.928955078125,3443.300048828125,3493.050048828125,3424.0,3472.199951171875,2161746,-0.006047470930756971,-0.03180178175156556,-0.014214318280481697,-0.062243839685614866,3486.6749755859373,3652.378984375,3338.4367492675783,-0.012440197913923146,-0.057244589469307994,0.0314108990034192,0.009038931648780791,0.014035937677273137,2184091.65,0.9897689046153352,False,True
2021-11-25,2999.191650390625,3445.89990234375,3463.0,3434.050048828125,3443.89990234375,1849619,0.0007550470417208022,-0.021579261792597726,-0.01053815950249326,-0.07372014762824974,3484.8399658203125,3644.38998046875,3339.6489990234377,-0.011174132487715593,-0.0544645548881324,0.03181499114169828,0.009027663592781881,0.01391518346529547,2082634.45,0.8881150506273436,False,True
2021-11-26,3000.018310546875,3446.85009765625,3490.0,3411.89990234375,3425.0,1941251,0.00027574663786777975,-0.008300444204309976,-0.012293116224299738,-0.06874610213036814,3482.694970703125,3635.608984375,3340.8829992675783,-0.010292280360010397,-0.05191946865848107,0.031718290766813206,0.009010034313579699,0.013906975012918082,2054156.35,0.9450356590431882,False,True
2021-11-29,3048.01904296875,3502.0,3529.35009765625,3406.449951171875,3447.14990234375,2981745,0.016000087262643126,0.012607014482825418,0.023482851825726625,-0.0751231245203281,3486.7124755859377,3626.5579833984375,3342.4507495117186,0.004384509626505162,-0.03434606146341401,0.04773421134524991,0.008570896003155887,0.013729528178270504,2081996.5,1.4321565862382573,False,True
2021-11-30,3071.650146484375,3529.14990234375,3563.75,3491.0,3491.0,5588446,0.007752684849728686,0.01873418556505735,0.03867262227761015,-0.05001414588896813,3493.282470703125,3619.07498046875,3344.306749267578,0.010267544048164323,-0.024847531098499798,0.055270992446088796,0.008463387447607362,0.013578082236891307,2163393.75,2.5831848686814407,False,True
2021-12-01,3113.99267578125,3577.800048828125,3590.0,3535.0,3535.0,2102118,0.013785230956629535,0.039061364996574977,0.029168147892310037,-0.06749200525754218,3498.3524780273438,3614.0739794921874,3346.1252490234374,0.02270999600519974,-0.010036853387588751,0.06923673878385195,0.007423213594825956,0.01299123914057948,2167463.75,0.9698515142410109,False,True
2021-12-02,3170.65380859375,3642.89990234375,3648.0,3574.10009765625,3589.199951171875,3152938,0.018195497967234964,0.05716939132968113,0.0455484626014353,-0.05183434467365111,3506.2874755859375,3610.4619775390624,3348.4552490234373,0.03896212951990852,0.008984424986743011,0.08793447468237359,0.008314754048276836,0.01322448071197196,2170739.95,1.452471540867896,False,True
2021-12-03,3168.521484375,3640.449951171875,3665.949951171875,3630.85009765625,3646.449951171875,2486263,-0.0006725277217468628,0.05616718105822671,0.042436810415026116,-0.05491953500210933,3513.697473144531,3606.0119775390626,3350.5909985351564,0.03607381654115738,0.009550155087481027,0.08650979864848973,0.008340558822295561,0.013217014652196173,2218171.15,1.1208616611932762,False,True
2021-12-06,3077.960205078125,3536.39990234375,3658.0,3522.0,3640.449951171875,1849642,-0.028581645187741422,0.009822930423686538,0.007909025058745023,-0.07324615612383578,3515.0849731445314,3599.4969775390623,3352.242998046875,0.0060638446473033625,-0.01752941469017455,0.054935428131006825,0.010765103553070763,0.013652347232472566,2294203.7,0.8062239634606115,False,True
2021-12-07,3119.82470703125,3584.5,3598.0,3524.300048828125,3562.5,1484458,0.013601430546463789,0.015683691310332648,0.02333880522446652,-0.05024970052884681,3519.172473144531,3593.8019775390626,3354.2114978027344,0.01856332059709942,-0.0025883389227339126,0.06865652399919386,0.011141724781770742,0.013722234057344304,2242122.5,0.6620771166606642,False,True
2021-12-08,3156.727783203125,3626.89990234375,3646.449951171875,3601.0,3601.0,1428660,0.011828679688589805,0.013723476115359512,0.03457225457397195,-0.043387667942468955,3525.232470703125,3588.913974609375,3356.6467468261717,0.0288399226109326,0.010584240247360377,0.08051283793062591,0.011390517001348638,0.013801826981214096,2224420.9,0.6422615432178326,False,True
2021-12-09,3134.8388671875,3601.75,3634.75,3566.0,3610.0,1567957,-0.006934269767825074,-0.01129591903342586,0.033708334393123485,-0.06334926377827721,3531.1049682617186,3584.2099755859376,3359.111496582031,0.020006494390071516,0.0048936933197376575,0.07223294125987145,0.01142215441044956,0.013685212460229265,2226994.3,0.7040687082135775,False,True
2021-12-10,3165.3447265625,3636.800048828125,3642.0,3575.10009765625,3585.0,1510718,0.009731394135663152,-0.001002596490187968,0.04260079689707208,-0.06410351778886081,3538.5349731445312,3581.362978515625,3361.9299963378908,0.02776998854875523,0.015479321879704244,0.08175960022655038,0.011559772640687947,0.013673978804768092,2238304.5,0.6749385528197794,False,True
2021-12-13,3141.7138671875,3609.64990234375,3662.0,3601.699951171875,3650.0,1883864,-0.00746539433563953,0.020713155192503496,0.023709207855234338,-0.08721602767085501,3542.7149658203125,3577.717978515625,3364.691495361328,0.018893683846772147,0.008925221054280286,0.07280263504696616,0.011559871044199326,0.01347565868364309,2245134.75,0.8390872752737892,False,True
2021-12-14,3154.030029296875,3623.800048828125,3635.0,3576.699951171875,3605.0,1747007,0.003920088337427741,0.010963885849665234,0.019840711178683357,-0.07160607601352942,3546.2399658203126,3574.682978515625,3367.4512451171877,0.02187107577472447,0.013740259096457264,0.0761254685075674,0.011478383790345534,0.0134068769577339,2242027.25,0.7792086380752062,False,True
2021-12-15,3107.50927734375,3570.35009765625,3623.0,3558.14990234375,3620.0,1603233,-0.014749696575880322,-0.015591774300403705,0.0039225609311557275,-0.06727013687334948,3546.9374755859376,3571.4859814453125,3370.5107458496095,0.006600799205360941,-0.00031804234846888324,0.05929052504956989,0.01201002233406288,0.013314318346591095,2221528.7,0.7216800755263706,False,True
2021-12-16,3117.30078125,3581.60009765625,3608.449951171875,3570.0,3582.0,2072320,0.0031509515011944877,-0.00559447555875614,0.016951133469969015,-0.0632666149715575,3549.9224853515625,3567.651982421875,3373.517746582031,0.008923465916622852,0.0039096064591217505,0.06168111944424859,0.0117905789586736,0.013325463620170805,2243499.0,0.9236999882772402,False,True
2021-12-17,3119.694580078125,3584.35009765625,3651.35009765625,3573.699951171875,3602.5,4333992,0.0007678132468780241,-0.014422005737922183,0.031259932678521896,-0.07212101037734342,3555.3549926757814,3562.6729833984373,3376.698996582031,0.008155333304325385,0.006084508558272139,0.06149529504537066,0.011320719613818404,0.013244778731876563,2353368.7,1.8416119837065903,False,True
2021-12-20,3095.802490234375,3556.89990234375,3606.0,3510.14990234375,3589.0,2312310,-0.007658346580165065,-0.014613605592539436,0.02848137947645868,-0.07903629007635327,3560.279992675781,3557.5929833984374,3379.506995849609,-0.0009493889073288742,-0.00019481741107585382,0.052490764692009195,0.011418170314494349,0.013270608709656607,2310587.4,1.000745524709431,True,True
2021-12-21,3140.5390625,3608.300048828125,3641.199951171875,3566.39990234375,3582.64990234375,2340989,0.014450827376532471,-0.004277277937841051,0.041581886072923346,-0.06744199810606055,3567.4824951171877,3551.900986328125,3383.0769958496094,0.011441556830847688,0.015878557064819665,0.06657343396405735,0.01178200746709575,0.013419945008856585,2319963.8,1.0090627276166981,True,True
2021-12-22,3160.0791015625,3630.75,3636.800048828125,3606.25,3624.0,1224328,0.006221752866468533,0.01691708115218149,0.05443904060457072,-0.06213676175809246,3576.8549926757814,3545.80298828125,3386.60974609375,0.015067708205833918,0.023957059091973543,0.07208986928235572,0.011653887897146081,0.01345154881992566,2273092.9,0.5386176693438267,True,True
2021-12-23,3187.887451171875,3662.699951171875,3670.5,3630.0,3648.0,1792861,0.008799821296392007,0.02264346976333176,0.06291536462816794,-0.04541367550201714,3587.6949951171873,3545.3449853515626,3389.891495361328,0.020906168488895593,0.03310114144186027,0.0804770465909761,0.011721182029163082,0.01346922562555632,2270255.0,0.7897178951263184,True,True
2021-12-24,3195.02392578125,3670.89990234375,3705.0,3644.800048828125,3685.0,2209923,0.002238772293988056,0.024146582317417398,0.065001319564157,-0.028644007990491605,3598.8974853515624,3545.7059814453123,3392.9504943847655,0.020006798550182614,0.03530860188452678,0.08191967681785584,0.011704309183433077,0.013340734930136471,2283688.6,0.9676989235747816,True,True
2021-12-27,3216.95751953125,3696.10009765625,3700.0,3653.10009765625,3671.0,1534135,0.006864854935546116,0.03913525798709627,0.055425499045188564,-0.025264328477733966,3608.602490234375,3546.523984375,3396.1824951171875,0.0242469509065244,0.042175412866299666,0.08831021388581584,0.01135223729038575,0.013365042931920628,2211308.1,0.6937680913844615,True,True
2021-12-28,3226.052734375,3706.550048828125,3725.0,3693.85009765625,3710.0,1456218,0.0028272911706317405,0.027228888582009336,0.05026710437166804,-0.018275482805854115,3617.4724975585937,3548.425986328125,3399.6749951171873,0.02462425113933797,0.044561747408355945,0.09026599723552686,0.011291545024575156,0.013360835619838194,2004696.7,0.7264031511599734,True,True
2021-12-29,3215.7392578125,3694.699951171875,3719.949951171875,3685.0,3692.25,1456923,-0.0031970693772221948,0.017613427300660955,0.032673682360208955,-0.009516916107633167,3623.317492675781,3549.3769873046876,3403.1137451171876,0.01970085664322463,0.04094323155499535,0.08568218046577414,0.011035132295743542,0.013277161863662108,1972436.95,0.7386411007966567,True,True
2021-12-30,3249.7265625,3733.75,3740.0,3680.0,3681.35009765625,1966475,0.010569207065309616,0.019398271705382886,0.024938949763016804,-0.010481554161166695,3627.859997558594,3551.3689892578127,3406.527745361328,0.029188006844990122,0.051355128485340185,0.09605741655392386,0.010555265468390777,0.013263143067649441,1913113.8,1.027892329248788,True,True
2021-12-31,3253.730712890625,3738.35009765625,3760.0,3731.300048828125,3742.800048828125,1207141,0.0012320315115501579,0.018374294343856956,0.026892320399257486,-0.024769767553390998,3632.7550048828125,3553.9589892578124,3409.86474609375,0.029067496330335008,0.05188329661534574,0.09633383609681401,0.01054525541268,0.013097586402677858,1849157.7,0.6528058693966448,True,True
2022-01-03,3322.837646484375,3817.75,3830.0,3745.0,3750.0,2346158,0.021239290133240774,0.03291304324276556,0.07955833769528864,0.001797501333487439,3646.822509765625,3559.6639892578123,3413.6637463378906,0.046870252055496886,0.07250291362359684,0.11837318602208691,0.008841703293590195,0.013368305525661766,1873983.5,1.2519629975397328,True,True
2022-01-04,3381.151611328125,3884.75,3889.14990234375,3811.699951171875,3831.10009765625,2488606,0.017549603824241977,0.04807703897812332,0.08376342586134755,-0.002093529900124902,3661.835009765625,3567.3819873046873,3417.756746826172,0.06087521410437402,0.08896384346412489,0.13663735829283108,0.009110359848355827,0.013270117790520525,1924190.9,1.2933259376707373,True,True
2022-01-05,3360.437255859375,3860.949951171875,3870.0,3812.39990234375,3865.0,1733031,-0.006126532937286822,0.04499688802801671,0.06453170893326243,-0.018980334385787168,3673.5375122070313,3574.7419873046874,3421.5112463378905,0.05101688449949915,0.0800639500371283,0.1284340962796262,0.009189825339505313,0.013215005690279101,1939409.45,0.8935869627736422,True,True
2022-01-06,3313.872802734375,3807.449951171875,3835.0,3772.0,3812.0,1810293,-0.013856693476112403,0.019738855352360307,0.0571111129789339,0.033061062048785894,3683.822509765625,3581.238984375,3424.983746337891,0.033559554261509694,0.06316556023874331,0.11166949485320332,0.00970632824811921,0.010448283785596087,1951526.25,0.9276293362694967,True,True
2022-01-07,3353.95263671875,3853.5,3864.89990234375,3796.39990234375,3820.0,2460591,0.012094722036714245,0.03080233240218533,0.059585335531905814,0.05492968421356559,3694.657507324219,3588.513984375,3429.068746337891,0.042992480997465776,0.07384282652340057,0.12377449536857044,0.00980867285002302,0.010476616129472637,1999019.9,1.2308987019088704,True,True
2022-01-10,3376.887451171875,3879.85009765625,3978.0,3861.0,3978.0,3937092,0.006837964877708602,0.01626615091513317,0.07485495896348793,0.06146042610127278,3708.167517089844,3597.67798828125,3433.2169970703126,0.04629849643393191,0.07843173021435557,0.13009171892340787,0.009527188124617803,0.01050407349418013,2101681.3,1.8733059098922373,True,True
2022-01-11,3408.263427734375,3915.89990234375,3925.0,3856.0,3856.0,1906106,0.00929154575051161,0.008018508872836172,0.08060595219929012,0.08430130703405836,3722.772509765625,3608.040986328125,3437.1482470703127,0.05187730168080673,0.08532578127083035,0.13928746183162333,0.009610289255720125,0.010415709766265721,2109636.25,0.9035235339741626,True,True
2022-01-12,3359.52294921875,3859.89990234375,3929.0,3836.550048828125,3925.0,3203744,-0.014300671977463653,-0.0002719664438556313,0.08109843482228096,0.05833322065081048,3737.25,3615.710986328125,3440.73474609375,0.032818222581778134,0.06753551844684558,0.12182431578774744,0.009564776711753748,0.01054904070878832,2189661.8,1.4631227525638892,True,True
2022-01-13,3392.596923828125,3897.89990234375,3923.0,3857.0,3918.0,6684507,0.009844814881579289,0.02375604468393222,0.08831242909963133,0.07257543224342533,3753.064990234375,3623.9849853515625,3444.6187451171877,0.038591101536008976,0.0755838995192788,0.13159109636417576,0.009652068249689451,0.01059264972464482,2420271.15,2.761883518712356,True,True
2022-01-14,3453.739990234375,3968.14990234375,3977.0,3860.050048828125,3877.85009765625,3348123,0.018022525400859912,0.029752148006682244,0.10707653946484208,0.09956074510294721,3772.25498046875,3633.5029833984377,3449.135244140625,0.05193045615666669,0.09210035617813506,0.15047674894303564,0.010082721767171786,0.01075525055778808,2370977.7,1.4121275792682486,True,True
2022-01-17,3498.128662109375,4019.14990234375,4043.0,3962.300048828125,3992.699951171875,3442604,0.012852337047518647,0.035903398631727645,0.12995867544526885,0.13776359585102615,3795.36748046875,3643.7129833984377,3453.8969934082033,0.058961990644279316,0.10303690786181186,0.16365656243204052,0.009749260386205195,0.010424558327242029,2427492.4,1.418172926102673,True,True
2022-01-18,3473.279541015625,3990.60009765625,4041.699951171875,3980.0,4033.949951171875,2389041,-0.00710344360902071,0.01907612481815235,0.10595018253880673,0.14054617553618698,3814.4824829101562,3653.4699853515626,3458.057243652344,0.046170775599349456,0.09227668864296046,0.15400058948747852,0.009974752104727848,0.010382957180170441,2429895.0,0.9831869278302149,True,True
2022-01-19,3413.162841796875,3914.64990234375,4012.0,3910.5,4012.0,3102539,-0.019032274207858357,0.014184305651748996,0.07819318387213392,0.12072888448641983,3828.6774780273436,3661.648984375,3461.7412426757815,0.022454861975133467,0.06909480374780763,0.1308326151257595,0.011330886454861319,0.010730024102495137,2523805.55,1.2293098412435142,True,True
2022-01-20,3336.348388671875,3826.550048828125,3920.0,3811.0,3910.0,6176776,-0.02250516794947066,-0.018304691065238354,0.044734785770214724,0.09876240209243359,3836.869982910156,3668.493984375,3465.048992919922,-0.0026896752113043654,0.04308472771832905,0.10432783393448464,0.012689372190752057,0.011169526499055412,2743001.3,2.251831233182427,True,True
2022-01-21,3342.408203125,3833.5,3851.550048828125,3771.10009765625,3807.0,3112358,0.0018162446807676869,-0.033932665261516504,0.04429434252686515,0.0985027580772262,3844.9999877929686,3675.3999853515625,3468.0219934082033,-0.002990894103895525,0.043015730336439795,0.10538514671662247,0.012689773656652683,0.011169417195288326,2788123.05,1.116291477881509,True,True
2022-01-24,3288.22021484375,3771.35009765625,3849.64990234375,3740.10009765625,3840.0,3258414,-0.016212313119538302,-0.061654780415877686,0.02035929710012918,0.10220221392988327,3848.762487792969,3680.305986328125,3470.555244140625,-0.020113579464112408,0.02473819070108374,0.08667052743893366,0.013283004197465233,0.011071180488012566,2874337.0,1.1336228145829803,True,True
2022-01-25,3286.9560546875,3769.89990234375,3809.39990234375,3722.199951171875,3769.5,3330501,-0.00038452948544909216,-0.055305014261419205,0.017091325540216085,0.10952833561732023,3851.92998046875,3684.6379833984374,3473.047744140625,-0.021295838330637973,0.023139836078732934,0.08547310030619193,0.013280337701300932,0.011016244216725877,2968051.15,1.1221171171527822,True,True
2022-01-27,3181.761474609375,3649.25,3733.39990234375,3625.10009765625,3731.0,5718297,-0.032003476343958615,-0.06779658691441393,-0.012301391661712402,0.04972100520993461,3849.6574829101564,3686.4949853515627,3474.7072436523435,-0.05205852307635894,-0.010103088570459828,0.0502323632203876,0.01517817292002233,0.0114947620828063,3181119.85,1.7975735808885038,True,True
2022-01-28,3217.335205078125,3690.050048828125,3729.800048828125,3646.0,3646.0,3143862,0.011180392910358217,-0.0356718188075974,-0.011704037809675216,0.05908102305868357,3847.4724853515627,3689.85798828125,3476.546243896484,-0.040915805667952165,5.205093190174814e-05,0.0614126175673555,0.015202247013951576,0.011570456614629682,3239989.2,0.9703310122144851,True,True
2022-01-31,3257.61669921875,3736.25,3758.0,3721.39990234375,3749.0,2739393,0.012520142155401759,-0.02536846224077216,-0.0005617712630945348,0.06986899563318771,3847.36748046875,3695.0689892578125,3478.994743652344,-0.028881431532818302,0.01114485571498336,0.07394528457308969,0.015476159064592482,0.011664400773541918,3316601.8,0.825963792216479,True,True
2022-02-01,3313.7666015625,3800.64990234375,3808.0,3736.39990234375,3770.0,2105169,0.01723650782034114,0.007769049260557548,-0.0044791035704930815,0.0832228943118396,3846.5124755859374,3701.9139892578123,3482.477742919922,-0.011923157284236097,0.026671584853794172,0.09136373091563632,0.015211833004302294,0.01183926759568733,3304552.35,0.6370511878863108,True,True
2022-02-02,3362.200439453125,3856.199951171875,3864.0,3800.64990234375,3827.89990234375,1984212,0.01461593418374818,0.022891867440425262,-0.007349262842686111,0.10090641672168288,3845.0849731445314,3709.75298828125,3485.663992919922,0.0028906976321654287,0.0394762032278797,0.10630283326350032,0.01504578213671409,0.011953714412185913,3279332.65,0.6050657898337944,True,True
2022-02-03,3334.64892578125,3824.60009765625,3882.5,3816.050048828125,3851.0,1960538,-0.008194557833035132,0.04805099613790498,-0.009414743515282264,0.0909661839079452,3843.26748046875,3717.3789892578125,3488.8112438964845,-0.004857164615100662,0.028843200735861663,0.09624735483962121,0.015095242068890591,0.0120211132065677,3290708.0,0.5957799962804357,True,True
2022-02-04,3326.191162109375,3814.89990234375,3824.699951171875,3769.0,3815.300048828125,2307366,-0.0025362639399723053,0.03383418974365249,0.0019566773739421173,0.09488271643735602,3843.6399780273437,3724.7589892578126,3492.0767431640625,-0.007477306888233559,0.024200468633246652,0.09244446297225051,0.014771449474813165,0.011991528698815061,3315561.65,0.6959201015007518,True,True
2022-02-07,3294.89013671875,3779.0,3831.800048828125,3756.14990234375,3791.0,1919149,-0.009410444117208483,0.01144195383071267,-0.019333073828986636,0.08336679459284713,3839.9149780273438,3731.4019873046873,3495.248992919922,-0.015863626766714822,0.012756066716278491,0.0811819151238875,0.014642329121287555,0.012075188171928177,3288489.55,0.5835958943521654,True,True
2022-02-08,3263.893798828125,3743.449951171875,3799.699951171875,3721.0,3791.550048828125,2946443,-0.009407263516307274,-0.015050044766449444,-0.03515603516918653,0.06165536487946399,3833.094970703125,3736.230986328125,3498.3722424316406,-0.02338711151599926,0.0019321516443084885,0.07005478312676239,0.014642637548765153,0.012089874124116926,3238957.1,0.9096888007562681,True,True
2022-02-09,3278.803466796875,3760.550048828125,3777.949951171875,3746.10009765625,3750.0,1638721,0.0045680048830081255,-0.024804186389422722,-0.03967155887274976,0.058326062294781655,3825.3274780273437,3740.8589892578125,3501.6274926757815,-0.01693382581525371,0.005263780224503689,0.07394348961844788,0.014493601255286117,0.01206723748613847,3225587.85,0.5080379379529223,True,True
2022-02-10,3287.34912109375,3770.35009765625,3789.800048828125,3758.0,3789.800048828125,2112459,0.002606014732121187,-0.014184489519111998,-0.02320003289026351,0.060159206272472954,3820.849987792969,3744.709990234375,3504.975242919922,-0.013216925631223009,0.0068470208610922345,0.07571376011068476,0.014224133825401431,0.012068960448895813,3171023.6,0.6661757421168357,True,True
2022-02-11,3221.607421875,3694.949951171875,3752.5,3690.0,3752.5,3851488,-0.019998181742126753,-0.03144248977494313,-0.05206648612239739,0.049135425090578,3810.702490234375,3745.7509912109376,3507.7899926757814,-0.030375643167929622,-0.013562311044771125,0.05335551982498421,0.01457905469668915,0.012295462121385421,3029372.65,1.2713813865058827,True,True
2022-02-14,3255.436767578125,3733.75,3793.25,3710.0,3724.0,5951745,0.010500832038555563,-0.011974067213548545,-0.059070324486810266,0.07424405226380948,3798.9824951171877,3747.6169921875,3510.8382421875,-0.017171043878467684,-0.0037002159549408553,0.06349246032867928,0.014109377885173276,0.012217736266058871,3159553.75,1.8837296247927418,True,True
2022-02-15,3328.71923828125,3817.800048828125,3835.0,3748.0,3786.0,3931683,0.02251089355959146,0.01986138418465422,-0.05009762223554004,0.10392093356260235,3788.915002441406,3753.2449951171875,3514.3509924316404,0.007623566738263143,0.017199797453915533,0.08634568859228331,0.014825636421432326,0.012491876377633333,3184007.7,1.23482207659234,True,True
2022-02-16,3324.621826171875,3813.10009765625,3854.10009765625,3806.0,3844.0,3256906,-0.0012310626831589788,0.01397403256060925,-0.04447952579970338,0.1007000354062928,3780.040002441406,3757.8169970703125,3518.2382434082033,0.008745964379607507,0.014711493569015577,0.0838095188125767,0.014786968364871287,0.012497710452278772,3227400.95,1.0091420466366288,True,True
2022-02-17,3299.424072265625,3784.199951171875,3835.0,3779.0,3825.0,3134372,-0.007579173308914333,0.00367336007450203,-0.03332352941543326,0.09900383280852054,3773.5175048828123,3760.962998046875,3521.9742431640625,0.0028308988298688664,0.006178458319602509,0.07445418106528656,0.014313691019749242,0.012515309154784745,3228992.6,0.9706965571862878,True,True
2022-02-18,3307.88134765625,3793.89990234375,3815.949951171875,3757.60009765625,3769.0,3688883,0.002563276596647901,0.0267797811822843,-0.008532528274228124,0.10098958468390373,3771.8849975585936,3764.80599609375,3525.694992675781,0.0058365790047696375,0.007727863342808838,0.0760715008601518,0.013458330965859019,0.012515289956396614,3104597.95,1.188199908461577,True,True
2022-02-21,3242.925537109375,3719.39990234375,3827.800048828125,3705.550048828125,3810.0,7465922,-0.019636785871439688,-0.0038433472129226764,-0.029763948782118188,0.07907213744886255,3766.1799926757812,3766.4579931640624,3528.8134924316405,-0.012421097882471366,-0.012493990615512152,0.05400863783843102,0.014116112458809898,0.012813673757176298,3322276.15,2.247231013592895,False,True
2022-02-22,3126.963134765625,3586.39990234375,3667.89990234375,3570.0,3650.0,5408531,-0.0357584566037632,-0.06061086058066434,-0.049040844929098326,0.024100486106153562,3756.932482910156,3765.9929931640627,3531.1882421875,-0.045391441379939224,-0.047688110717759025,0.015635433845364144,0.01577381819893574,0.013532764636585887,3429782.0,1.5769314201310753,False,True
2022-02-23,3107.25830078125,3563.800048828125,3622.89990234375,3555.64990234375,3611.0,2426203,-0.006301543088057637,-0.06537988577361475,-0.05466984770271821,0.009818269963926207,3746.627490234375,3764.7929931640624,3533.342742919922,-0.04879787005321223,-0.05338751551569798,0.008619969282412043,0.01578966779887034,0.01352651197451744,3384567.1,0.7168429309615401,False,True
2022-02-24,2965.880126953125,3401.64990234375,3483.85009765625,3391.10009765625,3474.0,5039136,-0.04549922674188589,-0.1010913941557603,-0.06784958488901827,-0.049234206518072865,3734.2474853515623,3761.4189892578124,3534.6234924316404,-0.08906682921057107,-0.09564717143756707,-0.03762029827861846,0.017322425770544214,0.014640685091632823,3350609.05,1.503946275080944,False,True
2022-02-25,3069.723388671875,3520.75,3530.0,3462.0,3468.0,2549723,0.03501245015666954,-0.07199712943797143,-0.045880149750784804,-0.03353095215851576,3725.7824829101564,3760.2019873046875,3536.6142419433595,-0.0550307173998007,-0.06368061825219307,-0.004485714544496755,0.019103605699704745,0.015160958322862097,3320902.1,0.7677802365808977,False,True
2022-02-28,3098.8876953125,3554.199951171875,3563.75,3455.89990234375,3490.0,3288942,0.00950080271870335,-0.044415754021979614,-0.04872533926480427,-0.023692126291211868,3716.67998046875,3759.598984375,3538.9472412109376,-0.04371644321026069,-0.054633229250451776,0.004309956866075826,0.018993008541002703,0.015215268800399672,3348379.55,0.9822488612439412,False,True
2022-03-02,3091.86962890625,3546.14990234375,3571.949951171875,3506.0,3552.5,2761341,-0.0022649397723025766,-0.011222953685030013,-0.06696223186541261,0.002757041134838323,3703.95498046875,3759.383984375,3541.4204907226563,-0.04260448060441302,-0.05672048477024638,0.001335456106803301,0.01842825237596577,0.014758182413380859,3381188.15,0.8166777113542173,False,True
2022-03-03,3090.34375,3544.39990234375,3578.60009765625,3530.10009765625,3562.85009765625,1928039,-0.0004934929566410284,-0.005443668617366559,-0.0808568157191566,-0.011187082621355815,3688.3649780273436,3758.1059814453124,3543.793740234375,-0.0390322206563708,-0.05686536786260987,0.0001710489249113767,0.017958990412550505,0.014652297190011558,3378379.5,0.5706993545278143,False,True
2022-03-04,3072.8623046875,3524.35009765625,3561.199951171875,3487.050048828125,3501.5,2370257,-0.005656755795033774,0.03607078883337134,-0.07850493968872618,-0.02827478216898982,3673.3524780273438,3755.9779833984376,3545.9714904785155,-0.040563050037362824,-0.06166912765889243,-0.006097452526147573,0.017937136049877282,0.014585135230334416,3398865.45,0.6973671170184156,False,True
2022-03-07,3038.4658203125,3484.89990234375,3548.0,3431.550048828125,3450.0,3054130,-0.011193608529054822,-0.010182517263722213,-0.08650292496462586,-0.032442589756715434,3656.8524780273438,3752.421982421875,3547.9859899902344,-0.04702201598691558,-0.07129317580254169,-0.01778081644754692,0.018006172843493602,0.01462791616360212,3436203.65,0.8888093696076482,False,True
2022-03-08,3138.778076171875,3599.949951171875,3609.0,3460.0,3460.0,3300992,0.033013874731595116,0.012872095163052322,-0.04738027224877617,-0.010132560812114,3647.8999755859377,3751.0029833984377,3550.6857397460935,-0.013144555699162397,-0.04027003787923078,0.013874562559654802,0.019790213392728916,0.015200033031297475,3505295.8,0.9417156748939705,False,True
2022-03-09,3167.24462890625,3632.60009765625,3654.0,3597.050048828125,3605.0,2719654,0.009069611224385543,0.02437860713540685,-0.029611683062818472,0.006358011423101884,3642.3574829101562,3749.7329833984377,3553.446240234375,-0.0026788653501715887,-0.031237660457632987,0.022275237071450515,0.01986899651944925,0.015213300814078153,3493956.35,0.7783880871894693,False,True
2022-03-10,3157.0869140625,3620.949951171875,3684.0,3615.0,3684.0,2005441,-0.003207109555464549,0.021597463868991085,-0.0371222549477177,-0.0007864941823078064,3635.377478027344,3748.0209814453124,3556.1434899902342,-0.003968646156463973,-0.033903500247865814,0.01822380378183741,0.019823877731829836,0.01521174524156441,3512292.35,0.570977811684725,False,True
2022-03-11,3138.080078125,3599.14990234375,3639.85009765625,3592.85009765625,3603.25,1623423,-0.0060205330430125326,0.021223715753222905,-0.04540697571265928,0.008066381139038903,3626.8174682617187,3746.10998046875,3558.5692395019532,-0.007628607218336025,-0.039230049008494694,0.011403645710003518,0.019819055267426878,0.015108697075021708,3487840.55,0.46545218358677554,False,True
2022-03-14,3176.31201171875,3643.0,3648.35009765625,3580.0,3580.0,1765688,0.012183459662987284,0.04536718473604373,-0.014059717143231842,0.017143148500562422,3624.219970703125,3744.29498046875,3560.991739501953,0.005181812762107718,-0.027053151794164676,0.023029612674562605,0.019597458020098407,0.015182942558211688,3383550.55,0.5218447231414941,False,True
2022-03-15,3133.502685546875,3593.89990234375,3659.0,3585.39990234375,3659.0,3651133,-0.013477929633886943,-0.001680592483280341,-0.03745566726648808,0.0026643057813309223,3617.2274658203123,3741.4059765625,3563.061239013672,-0.006449017568562532,-0.03942530565856284,0.008655103367972039,0.019620930316928714,0.015288071821373378,3268519.95,1.1170600320184676,False,True
2022-03-16,3187.56005859375,3655.89990234375,3668.0,3616.25,3640.5,3090475,0.017251454321130844,0.006414084694468025,-0.04240665944097055,0.02783322632575791,3609.132458496094,3738.168974609375,3565.6227380371092,0.012958084632655353,-0.022007852728011423,0.025318765034670676,0.019311844159012555,0.015409903755777386,3226459.55,0.9578533225373925,False,True
2022-03-17,3202.251708984375,3672.75,3710.0,3660.300048828125,3696.60009765625,3600452,0.004609015045911935,0.014305651700974309,-0.036807346794414664,0.0178615830999993,3602.114953613281,3733.928974609375,3568.1907385253908,0.01960932599218279,-0.016384611229991353,0.02930315925819027,0.01936793533172386,0.015311767101161427,3243636.85,1.1100046541893245,False,True
2022-03-21,3162.100341796875,3626.699951171875,3713.949951171875,3615.0,3696.0,2413831,-0.012538302042917393,0.007654598884637931,-0.04162042229064189,-0.001115485458410781,3594.239953613281,3729.243974609375,3570.55923828125,0.009031115890290486,-0.027497268651681894,0.015723226851614758,0.019478669376640296,0.015382476201793427,3207609.8,0.7525326179013421,False,True
2022-03-22,3226.8388671875,3700.949951171875,3711.0,3625.0,3640.0,2907611,0.020473157691473176,0.01590720592145889,-0.02449984279091111,0.010443115873513431,3589.5924560546873,3727.113974609375,3573.41673828125,0.03102232258410198,-0.0070199150376779595,0.03568943177670514,0.020098526688464444,0.015567111100406513,3168546.2,0.9176482893006263,False,True
2022-03-23,3236.822021484375,3712.39990234375,3729.800048828125,3690.0,3708.0,1596195,0.0030937870878933182,0.032972537694419435,-0.0018820240317770631,0.01130512983301557,3589.2424560546874,3724.29197265625,3576.2724877929686,0.03431293589022055,-0.0031931090257723005,0.03806404993339596,0.019629174138219473,0.01556931381857423,2875059.85,0.555186703330715,False,True
2022-03-24,3269.474365234375,3749.85009765625,3758.199951171875,3695.0,3700.0,1879046,0.010087866689377112,0.025698240603433842,0.04557500551059124,0.014542355071520907,3597.4149658203123,3721.69197265625,3579.30298828125,0.042373519119771164,0.007565947210806723,0.047648134268983844,0.017815658318072122,0.015597856621640045,2698585.6,0.6963077250541914,False,True
2022-03-25,3232.50634765625,3707.449951171875,3779.5,3672.0,3759.89990234375,1690133,-0.011307157721018313,0.009447948042168752,0.04030807014298854,0.00024278704776548032,3604.5974609375,3717.5229736328124,3581.92423828125,0.028533696577488277,-0.0027096059748338286,0.03504421214415676,0.017978486082721973,0.015666558541922226,2661782.1,0.6349629445625921,False,True
2022-03-28,3232.72412109375,3707.699951171875,3713.0,3661.199951171875,3695.0,1760990,6.743179362977969e-05,0.022334353845243404,0.08997106040138214,0.0035185536503110626,3619.8999633789062,3714.478974609375,3584.4619885253906,0.024254810542061023,-0.0018250267356038075,0.0343811604198887,0.01409184578302989,0.015660492500418243,2497874.8,0.70499530240667,False,True
2022-03-29,3230.675537109375,3705.35009765625,3722.0,3691.0,3694.75,2689063,-0.0006337766126092159,0.0011889235311008939,0.052432037962437006,-0.007606267785403409,3629.1299682617187,3710.627978515625,3586.987489013672,0.021002314621165086,-0.0014223686367734745,0.03299777571154139,0.012136136281664975,0.015601193375346864,2504841.8,1.0735460419097127,False,True
2022-03-30,3253.518310546875,3731.550048828125,3738.0,3706.199951171875,3738.0,1583455,0.007070843639970015,0.005158427698558343,0.04989873954552704,-0.0018189973251537817,3637.9974731445313,3705.8959814453124,3589.561239013672,0.02571540425033092,0.00692250066144795,0.0395560349468973,0.01207572100122818,0.015627241767602235,2419567.45,0.6544372218265706,False,True
2022-03-31,3260.842529296875,3739.949951171875,3754.64990234375,3720.199951171875,3740.0,2168110,0.002251049090548296,-0.002640144599530214,0.054650833767641016,-0.020378507976720583,3647.6874755859376,3700.311982421875,3591.891988525391,0.02529341567868748,0.010712061290587771,0.04122004868728468,0.01202391920484292,0.015382031770545496,2389905.9,0.9071947142354015,False,True
2022-04-01,3277.234375,3758.75,3763.0,3728.050048828125,3748.0,1387014,0.005026818292644286,0.013837017223094161,0.06047570916433842,-0.03243451959585564,3658.40498046875,3695.67498046875,3594.3039880371093,0.02742862533452839,0.017067252900916596,0.04575183749349376,0.012009327799139718,0.015220863923103909,2362854.65,0.5870077535238996,False,True
2022-04-04,3287.34912109375,3770.35009765625,3780.0,3737.10009765625,3762.0,1472994,0.003086158338875933,0.01689730757867114,0.06980010304980588,-0.023465689703676684,3670.70498046875,3692.788984375,3596.8419885253907,0.027146043530519748,0.02100339705556653,0.048239013469144165,0.011835180658986203,0.015208938616013228,2317991.5,0.6354613466011415,False,True
2022-04-05,3326.10400390625,3814.800048828125,3835.60009765625,3772.0,3772.0,2314947,0.011789343169883892,0.02953835623821499,0.09466560180466077,0.0019304515490710106,3687.199987792969,3692.553984375,3599.54423828125,0.03460622191841933,0.03310610081001064,0.05980085152381909,0.011448449399825027,0.015181305577790011,2281032.35,1.0148681144307312,False,True
2022-04-06,3274.2705078125,3755.35009765625,3809.300048828125,3731.14990234375,3809.300048828125,2051729,-0.015584028103946768,0.006378059657969448,0.04316730748820219,-0.02547032628616841,3694.9699951171874,3690.990986328125,3601.7322387695312,0.01634116180073275,0.017436810755300902,0.04265110471932232,0.010186917952898685,0.015232516706074702,2218569.2,0.9247982889152161,True,True
2022-04-07,3212.19091796875,3684.14990234375,3745.5,3679.0,3745.5,2494829,-0.01895966912830227,-0.014919998811920077,0.014190883472353644,-0.05044014340417924,3697.5474853515625,3689.246982421875,3603.6664880371095,-0.003623370101638823,-0.0013816044581484999,0.022333757736409998,0.011076204537616425,0.015390452552579299,2207327.95,1.1302484526596965,True,True
2022-04-08,3213.4990234375,3685.64990234375,3705.0,3642.5,3690.0,2296773,0.00040714955682052967,-0.01944798075324239,0.017868225754110734,-0.058798745050196666,3700.7824829101564,3687.561982421875,3605.729237060547,-0.004089021885584243,-0.0005185214749582334,0.022164910349274036,0.011037435984958212,0.015334889215759723,2221894.55,1.0337002716893113,True,True
2022-04-11,3222.871826171875,3696.39990234375,3712.35009765625,3656.10009765625,3690.0,2291660,0.002916717616929354,-0.019613615021710995,0.027020269407693087,-0.042358611398373824,3705.644982910156,3688.50498046875,3607.7052368164063,-0.00249486408143329,0.0021404124209685182,0.024584787199968705,0.010920939550435,0.015240551334446907,2255306.4,1.016119140175366,True,True
2022-04-12,3218.250732421875,3691.10009765625,3739.0,3648.35009765625,3683.0,4483476,-0.0014337747071521134,-0.032426326305064035,0.01320343059463358,-0.05305415989855311,3708.0499877929688,3688.5259814453125,3609.853737792969,-0.004571106158902438,0.0006978712428451495,0.022506828742860474,0.010633346759650735,0.015178892002789964,2391195.8,1.8749932565120766,True,True
2022-04-13,3192.8349609375,3661.949951171875,3709.85009765625,3655.550048828125,3707.0,1621672,-0.007897414243218326,-0.024871222137895166,0.01893487595014709,-0.07716441130185658,3711.452490234375,3687.03998046875,3611.2954870605467,-0.013337780610893413,-0.0068049246630856874,0.014026673888311247,0.010309751321766623,0.015002094877577497,2289722.75,0.7082394582488207,True,True
2022-04-18,3076.0888671875,3528.050048828125,3610.0,3522.5,3610.0,3820792,-0.036565191804683206,-0.04237065745243396,-0.03497082987246514,-0.12218998182407736,3705.0599975585938,3681.5879833984377,3612.0317370605467,-0.04777519091380633,-0.041704268718463,-0.023250539958091676,0.01260857870743933,0.015562139426401818,2326238.6,1.6424763994544669,True,True
2022-04-19,3027.131103515625,3471.89990234375,3563.550048828125,3439.14990234375,3550.0,3170014,-0.01591534862239996,-0.05799519912731643,-0.05468656937070315,-0.129980499829372,3695.0174926757813,3673.901982421875,3612.7074865722657,-0.060383365105657116,-0.05498298023317516,-0.03897563939285709,0.012899769122587546,0.015651960225049152,2304716.7,1.375446275023737,True,True
2022-04-20,3101.155517578125,3556.800048828125,3569.14990234375,3480.0,3500.0,2640370,0.02445351216118352,-0.03776643685849845,-0.019273693243126888,-0.09141299029100303,3691.522497558594,3668.5459814453125,3613.787236328125,-0.03649509079778557,-0.030460551178143502,-0.015769380921800802,0.014022286285371915,0.01586454333460786,2316043.65,1.1400346448565424,True,True
2022-04-21,3163.80126953125,3628.64990234375,3644.0,3567.39990234375,3580.0,2280996,0.020200700778582714,-0.01691912808112528,-0.019535538113729878,-0.05171764225192388,3687.9074951171874,3664.8209814453126,3615.201735839844,-0.016068080029636,-0.009869807907314954,0.003719893794746243,0.014000566491440327,0.015862899043934273,2284712.9,0.9983731435140056,True,True
2022-04-22,3149.763671875,3612.550048828125,3617.0,3571.5,3581.10009765625,1581465,-0.004436871549726051,-0.0134900539336813,-0.026896308625745546,-0.05763661175736923,3682.915002441406,3661.491982421875,3616.556986083984,-0.019105777235324806,-0.013366664143663498,-0.0011079425186102387,0.013988983827208671,0.0158662252532785,2283976.4,0.6924173997594721,True,True
2022-04-25,3093.6572265625,3548.199951171875,3584.0,3533.10009765625,3558.0,1960694,-0.017812929035301406,0.005711342544713283,-0.05377552201630975,-0.05916983061929315,3672.8324951171876,3657.586982421875,3617.6707360839846,-0.033933631362444094,-0.02990688445024181,-0.019203180714923107,0.014186639952324803,0.015893789533060164,2288058.8,0.8569246559572683,True,True
2022-04-26,3092.000244140625,3546.300048828125,3587.89990234375,3518.14990234375,3575.14990234375,1943469,-0.0005354552646117394,0.02142923142287323,-0.043466507833184065,-0.059311880768137315,3664.775,3653.301982421875,3618.797236328125,-0.03232802864347062,-0.02928910177932109,-0.020033503610597636,0.014044994463938773,0.01589371992713966,2300725.6,0.84472003093285,True,True
2022-04-27,3104.991455078125,3561.199951171875,3568.449951171875,3506.300048828125,3546.0,1727648,0.004201534596226297,0.0012370395533478629,-0.039512366677270205,-0.0241282589102213,3657.45,3649.1189794921875,3620.2917358398436,-0.026316162579973712,-0.024093220531972714,-0.016322382001145663,0.014109237773107635,0.015371285141914942,2299058.5,0.7514589124200189,True,True
2022-04-28,3125.13232421875,3584.300048828125,3604.39990234375,3538.050048828125,3588.0,1703660,0.006486605069352613,-0.012222136251551663,-0.03266899095572451,-0.028658147884358276,3651.397497558594,3646.9059814453126,3621.838486328125,-0.01837582700194429,-0.017166862248633064,-0.010364470321275077,0.014232656953919013,0.015323788076883043,2249788.35,0.7572534545305117,True,True
2022-04-29,3092.348876953125,3546.699951171875,3623.25,3536.85009765625,3597.0,2051115,-0.010490220445842247,-0.018228148196205884,-0.04953708116933908,-0.05073269958598192,3642.154992675781,3643.16498046875,3623.2794860839845,-0.026208396319174265,-0.02647835873863258,-0.021135420330181676,0.014213691578463071,0.015283643707020568,2273171.35,0.9023142932009942,False,True
2022-05-02,3088.60009765625,3542.39990234375,3547.949951171875,3492.75,3519.89990234375,1324161,-0.0012124084042418604,-0.0016346454280879996,-0.05282157553103739,-0.06794890522295793,3632.277490234375,3637.6569775390626,3624.9507360839843,-0.024744141418783894,-0.026186381999040442,-0.022772953275887464,0.014174567442567504,0.015100088309513057,2230973.9,0.5935349579840445,False,True
2022-05-04,3033.97607421875,3479.75,3545.449951171875,3465.300048828125,3538.5,2305825,-0.017685722693900008,-0.01876605135262499,-0.0742268041237113,-0.09762199988034181,3618.327490234375,3630.9899755859374,3626.383985595703,-0.038298769419956136,-0.04165254561506515,-0.04043531688264268,0.014437601676294407,0.015107562224674834,2276914.45,1.012697249121503,False,True
2022-05-05,3063.3154296875,3513.39990234375,3533.0,3485.35009765625,3512.10009765625,1612262,0.00967020686651332,-0.01342245576870671,-0.0681502217717731,-0.08136803518443836,3605.47998046875,3625.573974609375,3628.0132348632815,-0.025538923700535565,-0.030939672739048407,-0.031591211249771156,0.014674782441656152,0.015151328444249485,2283877.85,0.7059317992860257,False,False
2022-05-06,2992.8662109375,3432.60009765625,3474.5,3424.5,3459.0,2010812,-0.022997611126931328,-0.04232345202837384,-0.10018872451500671,-0.10021227672386046,3586.369982910156,3618.347978515625,3629.103485107422,-0.042876191242580464,-0.05133499651284934,-0.05414653736316788,0.014837854022183957,0.01540772252378561,2268671.1,0.8863391436511003,False,False
2022-05-09,3003.7646484375,3445.10009765625,3456.0,3346.85009765625,3398.0,2481830,0.0036415544031869196,-0.028646306401548083,-0.08261546644975393,-0.0883566822820191,3570.8574829101562,3612.861982421875,3630.3142358398436,-0.03521769934974195,-0.04643462318291114,-0.05101876205511058,0.014749457383452924,0.015388297906066608,2290176.15,1.0836852003720325,False,False
2022-05-10,2998.228759765625,3438.75,3464.800048828125,3422.0,3434.0,1622685,-0.0018432258791464262,-0.02925979708704607,-0.06660964098872135,-0.08139549216531927,3558.5874877929687,3609.908984375,3631.533985595703,-0.03367557723508208,-0.047413656442818475,-0.053086102556212045,0.014338723349168633,0.015352726869602705,2246568.95,0.7222947686515474,False,False
2022-05-11,2974.904296875,3412.0,3448.449951171875,3382.14990234375,3435.0,1841769,-0.007778989458378738,-0.019469789496371903,-0.07424739451507123,-0.09268592208651527,3544.904992675781,3606.8729833984376,3632.670985107422,-0.037491834887078634,-0.054028235619992926,-0.06074620740829262,0.014342895107389734,0.015355521457902017,2223818.75,0.8282010393158166,False,False
2022-05-12,2971.983642578125,3408.64990234375,3449.699951171875,3350.10009765625,3378.0,2807195,-0.0009818574608001507,-0.02981442560242642,-0.07784601439296335,-0.09593278765739621,3530.5174926757813,3607.0129833984374,3633.685234375,-0.03451833635857948,-0.05499372527009727,-0.061930331747613976,0.01427382278606861,0.015346230626033937,2249595.5,1.2478665608995039,False,False
2022-05-13,2977.43310546875,3414.89990234375,3439.89990234375,3382.14990234375,3435.0,2187823,0.001833570527645767,-0.005156497934200255,-0.07482869280296134,-0.07579265011135139,3516.707482910156,3604.8959814453124,3634.6779833984374,-0.028949686904910843,-0.05270501009723649,-0.060467002044894747,0.014322710933221225,0.015159403957446962,2134812.85,1.0248312867331673,False,False
2022-05-16,2944.21435546875,3376.800048828125,3430.0,3366.60009765625,3415.0,1195813,-0.011156945915010819,-0.019825272674831806,-0.07786832320100334,-0.09560092431787748,3502.449987792969,3601.3479833984375,3635.497733154297,-0.0358748702773114,-0.062351079541726584,-0.07115880776570194,0.014390374258502554,0.01513391574294569,2113519.9,0.5657921650039822,False,False
2022-05-17,3009.431884765625,3451.60009765625,3467.0,3350.39990234375,3370.0,1754076,0.0221511631563982,0.0037368513722282337,-0.021669179890820622,-0.09591910170473184,3498.627490234375,3599.4569873046876,3636.7679833984375,-0.013441668971444165,-0.04107755424496806,-0.05091550700717351,0.013336286459914306,0.015124286197432604,2010184.1,0.8725947041368002,False,False
2022-05-18,3006.990234375,3448.800048828125,3495.0,3443.050048828125,3465.0,1866781,-0.0008112321094284614,0.010785477382217135,-0.006653375432866371,-0.0955390730634228,3497.4724975585937,3597.544990234375,3638.0972338867186,-0.013916463607489216,-0.04134623522708447,-0.052031920228905015,0.012867238625447709,0.01512454100797952,1945022.45,0.9597734977300648,False,False
2022-05-19,2844.076904296875,3261.949951171875,3405.0,3230.0,3397.0,4642963,-0.05417829245268657,-0.04303755310013091,-0.08289757467625869,-0.13800803518277938,3482.7299926757814,3592.2969873046877,3638.4179833984376,-0.06339281022881738,-0.09195983441799815,-0.10347025381479824,0.016437725041074717,0.016566602210590545,2045152.1,2.270228703283242,False,False
2022-05-20,2871.1494140625,3293.0,3313.89990234375,3270.050048828125,3310.0,3065125,0.009518861200482176,-0.035696478909992724,-0.0924999411287799,-0.13202770638052685,3465.9474975585936,3588.4589892578124,3638.903983154297,-0.04989905290845209,-0.08233589686890108,-0.09505718885565595,0.015763326359490456,0.01662569649043022,2084358.55,1.470536343183374,False,False
2022-05-23,2896.216064453125,3321.75,3338.89990234375,3267.0,3304.800048828125,2293690,0.008730640753112695,-0.016302430713133087,-0.08049716817693853,-0.10691238177781692,3451.4074951171874,3582.894990234375,3639.6754833984373,-0.03756655662961206,-0.07288658778617796,-0.08734995327154382,0.016048218720771393,0.016525056326027115,2119969.8,1.0819446578908813,False,False
2022-05-24,2866.789306640625,3288.0,3324.85009765625,3275.60009765625,3315.14990234375,1711510,-0.01016030706705806,-0.047398334983053125,-0.07333294480372732,-0.08320318717071751,3438.397497558594,3576.00298828125,3640.018483886719,-0.04374057905328932,-0.08053768109955473,-0.09670788361240479,0.015792307514578312,0.01595261218131242,2107510.6,0.812100304501434,False,False
2022-05-25,2780.461181640625,3167.64990234375,3292.85009765625,3154.050048828125,3292.85009765625,3548046,-0.03660282775433399,-0.08152115011129957,-0.10677329646979528,-0.11115947613689492,3419.464990234375,3566.9369873046876,3639.4322338867187,-0.07364166283608164,-0.11194116587482916,-0.1296307504094204,0.017392573963358363,0.016580257198315698,2187739.45,1.6217863603456069,False,False
2022-05-26,2832.51318359375,3226.949951171875,3241.5,3180.550048828125,3191.0,2813186,0.018720518572538314,-0.010729778360770381,-0.09385881292343867,-0.05135741660289794,3402.752490234375,3559.49298828125,3639.1972338867185,-0.05166480358681358,-0.09342427087346161,-0.11327973072637154,0.018106438226918486,0.015765983105876503,2242016.35,1.2547571296703524,False,False
2022-05-27,2862.66455078125,3261.300048828125,3278.89990234375,3229.199951171875,3253.199951171875,3103153,0.01064475686825439,-0.009626465585142685,-0.09011522350245305,-0.07369167114162467,3386.602490234375,3551.8589892578125,3639.083984375,-0.03699945351353551,-0.08180475106372453,-0.10381292027580347,0.018265516344941304,0.015130025879627513,2311991.0,1.3421994289770158,False,False
2022-05-30,2962.685546875,3375.25,3386.60009765625,3286.35009765625,3297.0,2094624,0.03494003908435861,0.01610596823963273,-0.04834069798185936,-0.050348869965200604,3378.029992675781,3547.4859912109373,3639.411234130859,-0.0008229626977287463,-0.04855156345582756,-0.07258350791840218,0.020209275307871342,0.01577650410889272,2314166.45,0.905131089425309,False,False
2022-05-31,2953.11865234375,3364.35009765625,3383.39990234375,3325.0,3354.14990234375,4840965,-0.003229361482482762,0.023220832620513887,-0.050262480125323306,-0.05126681321828597,3369.1275024414062,3541.6549951171874,3639.6194848632813,-0.001417994653421184,-0.050062724264612,-0.07563136430933015,0.020208710915659178,0.015778577985693813,2490006.65,1.9441574583746595,False,False
2022-06-01,2945.08642578125,3355.199951171875,3388.0,3340.050048828125,3388.0,1493835,-0.0027197367154950802,0.05920794740901014,-0.03579281523906175,-0.05337996738087192,3362.9,3535.303994140625,3639.725985107422,-0.00228970496539449,-0.05094442889982098,-0.07817237756351303,0.019886602016373187,0.015780573757423585,2449407.15,0.60987614901018,False,False
2022-06-02,3004.599609375,3423.0,3432.0,3346.300048828125,3355.0,2657939,0.020207454045904072,0.06075397877086042,-0.02573003496796511,-0.028757102685016855,3358.3800048828125,3531.2299951171876,3640.1199853515627,0.019241418488448403,-0.030649375788844857,-0.05964638149986512,0.0203362516134999,0.015997166629653052,2501691.0,1.0624569541162359,False,False
2022-06-03,3019.653076171875,3440.14990234375,3477.300048828125,3431.199951171875,3459.39990234375,1913622,0.0050101964194420034,0.054840048703856725,0.0021994419602373583,-0.012841114882497395,3358.7574951171873,3526.013994140625,3640.5619848632814,0.024232891878883,-0.024351602670766526,-0.05504976521559146,0.01970373716068845,0.015947865378638258,2496831.5,0.7664201609119398,False,False
2022-06-06,3011.577392578125,3430.949951171875,3453.0,3377.14990234375,3418.0,1084210,-0.002674287874957715,0.016502466831160634,-0.004107325210667034,-0.04694509709641548,3358.0499877929688,3520.3849951171874,3640.3997351074217,0.021709016734089426,-0.025404904312840704,-0.057534831110893414,0.019697920513252257,0.015346482083856023,2426950.5,0.4467375828225586,False,False
2022-06-07,2951.669921875,3362.699951171875,3418.85009765625,3356.0,3401.050048828125,2308256,-0.01989244989618355,-0.0004904800144088783,-0.022115608528716857,-0.0742994382064005,3354.2474853515623,3512.6419921875,3639.8484851074218,0.00251992909206189,-0.0426863999659266,-0.0761428765701404,0.02019313472577869,0.015489304647383798,2461229.05,0.9378468858881704,False,False
2022-06-08,2988.05322265625,3404.14990234375,3413.949951171875,3346.5,3380.14990234375,2185707,0.012326390035908519,0.014589279889199558,-0.0023007320211753113,-0.0598738043197643,3353.85498046875,3506.5759912109374,3639.103984375,0.01499615283543676,-0.029209716008982367,-0.06456371761841873,0.02033374093913717,0.015584151337747156,2478425.95,0.8818932032244093,False,False
2022-06-09,3008.1982421875,3427.10009765625,3437.0,3353.10009765625,3385.0,1279197,0.006741828641770198,0.0011978082548202984,0.0054127574966891245,-0.04780290050588387,3354.777490234375,3500.963994140625,3638.4367346191407,0.021558093683531343,-0.021098159423517893,-0.05808446109617804,0.020385714965912745,0.015600276325253525,2402026.05,0.5325491786402566,False,False
2022-06-10,2949.2119140625,3359.89990234375,3393.0,3352.0,3382.0,1527582,-0.019608471710078512,-0.023327471848051173,-0.01610588935923185,-0.07771070481917375,3352.027490234375,3494.054990234375,3637.4387341308593,0.0023485523708592915,-0.03839524228026703,-0.07630062031915574,0.02086834383579342,0.015695053305428305,2369014.0,0.6448176329899274,False,False
2022-06-13,2826.061767578125,3219.60009765625,3293.0,3192.449951171875,3290.0,3030921,-0.04175713823784799,-0.06160097247802654,-0.04655293440499364,-0.10414864488668751,3344.1674926757814,3483.8159912109377,3635.349735107422,-0.03724914953941527,-0.07584094401692243,-0.11436303732655506,0.022722329997321763,0.016474493777780715,2460769.4,1.2316964767198422,False,False
2022-06-14,2818.117919921875,3210.550048828125,3238.89990234375,3174.699951171875,3190.0,2611493,-0.0028109232679900398,-0.04524635101348451,-0.06983718913202197,-0.12181675248551449,3332.114990234375,3473.2279931640624,3633.336485595703,-0.03648281699837119,-0.07562934102020791,-0.11636313852122071,0.021992115013862938,0.016285917782848675,2503640.25,1.0430783735802298,False,False
2022-06-15,2814.387451171875,3206.300048828125,3234.0,3201.0,3218.5,1404536,-0.001323760706222643,-0.05812019423099013,-0.07031431122903153,-0.12700291366738137,3319.989990234375,3462.178994140625,3631.0729858398436,-0.03424406150038539,-0.07390690826371149,-0.1169827592747964,0.021989262364746655,0.016262914604111778,2480528.0,0.5662246102442706,False,False
2022-06-16,2757.946533203125,3142.0,3244.85009765625,3133.050048828125,3240.0,2032028,-0.02005428308296542,-0.08318989511022057,-0.0367724682988414,-0.13364765701536918,3313.9924926757812,3449.6119921875,3628.4237353515623,-0.051898878182705555,-0.08917292521134657,-0.13405924192710972,0.01895719846606827,0.016373019515961082,2349981.25,0.8646996651569029,False,False
2022-06-17,2711.33642578125,3088.89990234375,3118.75,3023.85009765625,3092.0,5240434,-0.01690009473464349,-0.08065716475986673,-0.0619799871412845,-0.16537647277135548,3303.787487792969,3435.0939892578126,3625.2674853515623,-0.06504279898244014,-0.10078154717066745,-0.1479525538943226,0.01905453797174799,0.016203733808188917,2458746.7,2.1313435824845235,False,False
2022-06-20,2731.964111328125,3112.39990234375,3138.75,3069.0,3094.0,1502769,0.0076078865430921905,-0.03329612127622239,-0.06302403782832844,-0.1616205192822039,3293.3199829101563,3422.2349853515625,3622.3229846191407,-0.05493546983142994,-0.09053588790191847,-0.1407723950737113,0.01901971689914539,0.016242364352245846,2419200.65,0.6211841088915051,False,False
2022-06-21,2819.346435546875,3211.949951171875,3237.75,3125.39990234375,3130.0,2964461,0.03198498006414918,0.00043603193298946685,-0.02312957689419859,-0.14344577315785934,3289.51748046875,3412.790986328125,3619.4504846191408,-0.023580214957794277,-0.058849497657733285,-0.11258629871549275,0.020472803600560842,0.016774210134909078,2481848.2,1.1944570179594383,False,False
2022-06-22,2829.001708984375,3222.949951171875,3250.550048828125,3183.0,3199.89990234375,3336315,0.0034247108974991836,0.0051928709385247185,0.017457752760874357,-0.1306828160544301,3292.2824829101564,3403.5369873046875,3616.9904846191407,-0.021059107806872035,-0.05305863776606767,-0.10894154549835844,0.018684415187242565,0.01674998495951368,2471261.65,1.3500452289218343,False,False
2022-06-23,2904.358642578125,3308.800048828125,3318.0,3222.949951171875,3222.949951171875,3692578,0.0266371178444873,0.053087221141987495,0.025364538928323244,-0.10758688879818112,3296.3749877929686,3395.784990234375,3614.350734863281,0.003769310555130634,-0.025615562132585534,-0.08453819467155665,0.019156758011752314,0.01715700953134002,2515231.25,1.4680868806794605,False,False
2022-06-24,2890.5771484375,3293.10009765625,3345.0,3277.5,3339.0,2132118,-0.004744907803490683,0.06610774119211826,0.009750727731890674,-0.11125804286638419,3297.964990234375,3387.824990234375,3611.605985107422,-0.0014751195335700462,-0.027960385454141146,-0.088189544696886,0.019075959444830638,0.017160687524240666,2466679.5,0.8643676651141747,False,False
2022-06-27,2909.537109375,3314.699951171875,3362.89990234375,3306.5,3350.0,2037686,0.006559124495182589,0.06499808995488832,-0.01793942636193613,-0.11170963599621553,3294.9374877929686,3380.879990234375,3608.9194848632815,0.005997826499629211,-0.019574796873494504,-0.08152565745105633,0.017370965372011354,0.01715632166105043,2463832.6,0.827039142188475,False,False
2022-06-28,2912.564697265625,3318.14990234375,3330.0,3272.60009765625,3307.0,1400046,0.0010408034581397274,0.03306401182656282,-0.013732279332250519,-0.11278227097556703,3292.627478027344,3376.6819873046875,3606.430734863281,0.0077513853257693555,-0.01733420120135698,-0.0799352195323556,0.01736526852532307,0.017152157451854468,2291786.65,0.6108971792815008,False,False
2022-06-29,2888.295166015625,3290.5,3333.0,3271.0,3271.0,2133994,-0.008332927431705106,0.02095907471463021,-0.019283485966097857,-0.12457598935816427,3289.39248046875,3373.0539892578126,3604.0124853515626,0.0003366942491132008,-0.024474553185547254,-0.08698984440975943,0.017447394364334626,0.01714813224514947,2323794.6,0.9183229877545975,False,False
2022-06-30,2867.75537109375,3267.10009765625,3310.89990234375,3255.0,3272.0,2719603,-0.007111351570809887,-0.012602741343238244,-0.045544815174919706,-0.133475668562671,3281.5974853515627,3367.259990234375,3601.390986328125,-0.0044177836434926565,-0.029745221001231115,-0.09282271487348515,0.01677011371078818,0.01714670462090536,2326877.8,1.1687777501680578,False,False
2022-07-01,2909.88818359375,3315.10009765625,3333.0,3252.050048828125,3260.0,1502879,0.014691928182559932,0.006680635069568064,-0.03635010340750111,-0.13098981461043513,3275.3449951171874,3360.988994140625,3598.739736328125,0.012137683999190463,-0.013653390881188665,-0.07881638002565838,0.017124993318882342,0.017190991928874126,2306340.65,0.651629237857816,False,False
2022-07-04,2839.623046875,3235.050048828125,3317.949951171875,3225.050048828125,3312.0,2622535,-0.024147098570181824,-0.024029294813121993,-0.05709786068923517,-0.13854901282116128,3265.55,3353.438994140625,3595.485487060547,-0.009339912471674094,-0.03530374207473508,-0.10024666753059053,0.01784655495410577,0.01733897334441639,2383256.9,1.1003996254033714,False,False
2022-07-05,2823.1650390625,3216.300048828125,3272.0,3206.949951171875,3255.0,2170627,-0.005795891784361129,-0.030694771638762997,-0.0435364155201331,-0.12698990701165347,3258.2300048828124,3346.80099609375,3591.794237060547,-0.012868936812886367,-0.038992741850483625,-0.10454223250263883,0.017408273470843096,0.017207818360507984,2376375.45,0.9134192158061555,False,False
2022-07-06,2862.18115234375,3260.75,3268.5,3202.25,3218.5,2182144,0.01382021282127277,-0.009041179152104561,-0.04212502576488175,-0.1152849330788448,3251.060009765625,3341.0899951171873,3588.581486816406,0.002980563325582386,-0.024046043427324526,-0.09135405954157116,0.01747640313936881,0.017327836121282667,2376197.3,0.918334517087449,False,False
2022-07-07,2885.969482421875,3287.85009765625,3319.39990234375,3265.050048828125,3271.0,1989921,0.008311001351299474,0.00635119812058571,-0.040632020084628184,-0.11052640825697824,3244.097509765625,3335.622998046875,3585.8814868164063,0.013486828851142052,-0.014322032321577693,-0.08311244815420615,0.017521197706793418,0.017367150866096755,2411733.5,0.8250998711093079,False,False
2022-07-08,2866.306884765625,3265.449951171875,3305.0,3250.0,3300.0,2136916,-0.006813007229357293,-0.01497696751886235,-0.028110941967643188,-0.11531796354009782,3239.3750122070314,3329.24599609375,3583.0912365722656,0.008049373371895596,-0.01916231032393756,-0.0886500690125489,0.017069313621002013,0.017379104998084673,2442200.2,0.8749962431417374,False,False
2022-07-11,2733.19384765625,3113.800048828125,3225.0,3106.0,3206.14990234375,6974600,-0.04644073699225659,-0.03748010020553527,-0.03286123916605155,-0.14968798308353026,3234.085009765625,3320.587998046875,3579.345487060547,-0.03719288781039709,-0.062274497571026544,-0.1300644042089215,0.017675155487702158,0.018293212686030763,2639384.15,2.6425103750054726,False,False
2022-07-12,2707.650634765625,3084.699951171875,3136.199951171875,3080.25,3114.89990234375,3734815,-0.00934552546725076,-0.0409166109064355,-0.03919892097685451,-0.12566434475710253,3227.7925048828124,3311.4339990234375,3575.4582373046874,-0.04433139784991613,-0.06847004890281005,-0.13725745164982384,0.0177604682869695,0.01776480719700394,2695550.25,1.3855482753474917,False,False
2022-07-13,2667.31689453125,3038.75,3110.0,3035.0,3104.0,3863530,-0.014896084513639218,-0.06808249635819985,-0.05225650945842175,-0.12475875299611794,3219.415002441406,3302.6139990234374,3571.3057373046877,-0.05611733880360281,-0.07989550068565698,-0.14912073523747493,0.0179971576305996,0.017751834507161588,2818499.95,1.3707752593715674,False,False
2022-07-14,2639.154296875,2998.75,3057.0,2967.0,3056.0,4764908,-0.013163307280954384,-0.0879298292407964,-0.04559197963080841,-0.15689666024717586,3212.2525024414062,3292.3210009765626,3566.942987060547,-0.06646504354160765,-0.08916840152873429,-0.1592941039769139,0.017707539826077166,0.017461388829878202,2955143.95,1.6124114698371967,False,False
2022-07-15,2635.50244140625,2994.60009765625,3028.89990234375,2953.0,3018.550048828125,4574806,-0.0013838773968319895,-0.08294411415444447,-0.030528604897798295,-0.1747343562347986,3207.5375122070313,3283.5610009765624,3562.731237792969,-0.06638657030210815,-0.08800229483611621,-0.15946505706354186,0.017365297776783375,0.01720223880186223,2921862.55,1.5657156768034828,False,False
2022-07-18,2696.14013671875,3063.5,3076.949951171875,3014.300048828125,3023.0,3202795,0.023008047851756697,-0.016153910989581854,-0.015711317272220304,-0.1519840670460002,3205.0925170898436,3275.9289990234374,3559.15298828125,-0.0441773572322357,-0.06484542219528044,-0.13926150123729464,0.018111379974957487,0.017526532977921144,3006863.85,1.0651612975426206,False,False
2022-07-19,2705.600341796875,3074.25,3078.949951171875,3030.050048828125,3030.050048828125,1865074,0.0035090582666883474,-0.003387671844032991,-0.04287113848758306,-0.1335747583828646,3198.20751953125,3268.6389990234375,3555.5647387695312,-0.03875843539678059,-0.05947092936280651,-0.1353694206496432,0.016455674056107848,0.01742855844632867,2951894.5,0.6318227158863571,False,False
2022-07-20,2785.292236328125,3164.800048828125,3171.949951171875,3098.050048828125,3107.800048828125,3402251,0.029454354339472966,0.04148088813759765,-0.018042446586117977,-0.10757690966562927,3195.3000244140626,3263.695,3552.510988769531,-0.00954526190119831,-0.030301529760555224,-0.1091371543021451,0.017879890630873505,0.01790176648023521,2955191.3,1.1512794450904076,False,False
2022-07-21,2796.29345703125,3177.300048828125,3184.0,3144.050048828125,3167.0,2420640,0.0039496966023584434,0.05954149189766578,-0.03974250424910786,-0.10780071537893321,3188.7250244140623,3259.0680029296873,3549.7464892578123,-0.003582929069914642,-0.025089367275570318,-0.10492198289561772,0.016733344708534992,0.017900380181918387,2891594.4,0.8371298547265136,False,False
2022-07-22,2790.74951171875,3171.0,3197.0,3143.5,3185.0,2075886,-0.001982830935482016,0.05890599632378657,-0.03707755429090975,-0.11530844047591726,3182.62001953125,3254.1900048828124,3546.734989013672,-0.003651086042298357,-0.025563966688481154,-0.10593827567538727,0.01671994831953259,0.017867769101511163,2888782.8,0.7186023123649172,False,False
2022-07-25,2787.008544921875,3166.75,3186.449951171875,3149.10009765625,3165.0,1797504,-0.0013402712078208756,0.03370328056144922,-0.044634492820253335,-0.1071277402663664,3175.222521972656,3249.98900390625,3543.4022387695313,-0.0026683238462897885,-0.025612087858206012,-0.1062967773312482,0.01660616408753547,0.01783206081144878,2876773.7,0.6248332984968543,False,False
2022-07-26,2742.256103515625,3115.89990234375,3168.89990234375,3096.5,3164.699951171875,2639367,-0.016057503009789253,0.01354798807636004,-0.06095264106577647,-0.12039860313845874,3165.1100219726563,3243.275,3539.9272387695314,-0.015547680582122747,-0.039273603889972364,-0.11978419550034936,0.01687134581270722,0.01792750303807244,2938739.75,0.8981288662937914,False,False
2022-07-27,2806.458740234375,3188.85009765625,3194.10009765625,3110.0,3115.0,1389808,0.023412239673561874,0.007599231691439723,-0.030891932029706748,-0.08359793155937922,3160.0275268554688,3238.0760009765627,3536.4069897460936,0.009120987255912372,-0.015202207516274102,-0.09827966438749669,0.01781068908634781,0.018101399792446057,2901530.45,0.4789913543729999,False,False
2022-07-28,2869.51611328125,3260.5,3264.0,3201.64990234375,3216.0,2106333,0.02246888381376455,0.02618573943073499,-0.002020170015906375,-0.07198153053258849,3159.6975219726564,3238.047001953125,3533.031240234375,0.031902572105829474,0.006934117396483641,-0.07713807824022978,0.018526646810465706,0.01830700800755122,2870866.95,0.7336923085202537,False,False
2022-07-29,2905.952392578125,3301.89990234375,3317.300048828125,3275.0,3290.0,2430257,0.01269740909178041,0.04128032240420998,-0.00398183913717487,-0.03807614973901008,3159.0375122070313,3238.225,3531.1127392578123,0.04522339148701948,0.019663520090095643,-0.06491235308511834,0.018448962179990615,0.018162036665051097,2917235.85,0.8330683993205417,False,False
2022-08-01,2903.223876953125,3298.800048828125,3327.0,3271.0,3327.0,1306913,-0.000938809051547751,0.04169891807945847,0.01970603206682786,-0.04246612425794394,3162.2250122070313,3237.7660009765623,3529.342489013672,0.0431895377760525,0.018850666735382937,-0.06532164019309317,0.01756116230301058,0.01815402967927208,2851454.75,0.45833201456204065,False,False
2022-08-02,2897.06298828125,3291.800048828125,3312.89990234375,3271.64990234375,3290.0,1269114,-0.0021219837202581804,0.05645243813899947,0.023474178047383498,-0.04273353723645945,3166.0000122070314,3237.842001953125,3527.525489501953,0.03973469239925809,0.01666481775282791,-0.06682458890101739,0.017504094536457085,0.01815439941999419,2806379.1,0.4522247190338611,False,False
2022-08-03,2939.04345703125,3339.5,3349.0,3277.050048828125,3280.0,2895824,0.014490537233224687,0.04724270433861877,0.024150885532469468,-0.02124853458382181,3169.9375122070314,3241.27900390625,3526.1657397460935,0.05349079820659064,0.030303159948704916,-0.05293731308260474,0.01752993741604154,0.0182318769584365,2842063.1,1.0189161528468527,False,False
2022-08-04,2952.640869140625,3354.949951171875,3387.89990234375,3307.35009765625,3350.0,2150567,0.004626426462606581,0.02896793472531045,0.020408428463164263,-0.015754023648762328,3173.2925048828124,3243.83900390625,3524.7047399902344,0.057245730108252735,0.034252916723618076,-0.04816142098155707,0.01747209612345509,0.01824213791316234,2850095.4,0.7545596543891128,False,False
2022-08-05,2961.529541015625,3365.050048828125,3377.0,3355.0,3361.199951171875,1106933,0.00301050620821397,0.01912539699933058,0.030501186404803482,-0.014597749550846695,3178.272509765625,3245.91400390625,3523.359240722656,0.05876699952210007,0.036703389177440426,-0.04493132294453772,0.017374066078860065,0.018244884439401397,2798596.25,0.3955315097703,False,False
2022-08-08,2969.8017578125,3374.449951171875,3378.89990234375,3336.0,3365.0,1068836,0.002793391541687118,0.022932551601793527,0.08370797683102515,-0.0006959540459215985,3191.3050048828127,3245.8980029296877,3522.1872399902345,0.05738873157183155,0.039604432464038775,-0.04194475726360569,0.013184738300925224,0.018190138204525263,2503308.05,0.42696942551676775,False,False
2022-08-10,2952.0244140625,3354.25,3385.0,3335.0,3385.0,1878359,-0.00598614632433947,0.018971368322965754,0.0873829069584946,-0.02820433853920501,3204.782507324219,3245.6960009765626,3521.2959899902344,0.04663888807873473,0.03344552262158129,-0.04743878119450495,0.013024731797925695,0.017974810075253173,2410485.25,0.7792451748045337,False,False
2022-08-11,3012.09033203125,3422.5,3428.699951171875,3375.050048828125,3400.0,1449248,0.020347320563464333,0.02485402006288373,0.12628547922665567,-0.007625854922224784,3223.970007324219,3247.042001953125,3520.914239501953,0.061579354716315704,0.054036257597325665,-0.027951331048572836,0.012673507311979493,0.018171414891521055,2289771.15,0.6329226394524187,False,False
2022-08-12,2993.652587890625,3401.550048828125,3419.0,3381.25,3419.0,1472354,-0.0061212421247260895,0.013889953154136547,0.1343226507138391,0.042796517342670315,3244.110009765625,3246.6130029296874,3520.4572399902345,0.048531041977172285,0.047722671522175686,-0.033776064600755995,0.01220093192837408,0.016744354066312216,2125143.45,0.6928257007779874,False,False
2022-08-16,2985.86328125,3392.699951171875,3414.85009765625,3387.5,3411.0,839942,-0.0026017837542325895,0.00821678784640345,0.1329392374718752,0.030276328931635232,3264.015002441406,3245.66400390625,3520.0077392578123,0.0394253545508263,0.04530227007128995,-0.03616690573321868,0.012244743634875157,0.0167109199658113,1938400.25,0.4333171129130839,True,False
2022-08-17,2993.256591796875,3401.10009765625,3417.949951171875,3371.10009765625,3385.10009765625,1622326,0.0024759473591153824,0.007897626834002969,0.11020078265260325,0.02388804023669744,3280.8950073242186,3245.0670068359377,3519.564489746094,0.03663789608130941,0.04808316453608463,-0.033658821264670125,0.011617579226801636,0.016679041637774256,1859376.8,0.87251061753594,True,False
2022-08-18,2975.787109375,3381.25,3392.0,3362.0,3390.0,1430659,-0.005836375609741373,0.008049489453678227,0.09986175489956906,0.02836070559610704,3296.245007324219,3245.4380078125,3519.362490234375,0.025788432742985146,0.04184704556382535,-0.03924361034636625,0.011878594085466982,0.01664136365530983,1837656.05,0.7785238157053384,True,False
2022-08-19,2979.746826171875,3385.75,3421.5,3371.25,3387.0,1398410,0.0013308687615527504,-0.010737764791818871,0.06981482171478381,0.06885233671021451,3307.2925048828124,3245.070009765625,3519.302490234375,0.023722575188422246,0.043351912227168166,-0.03794856810546021,0.0103812852773388,0.015908339307095884,1737464.0,0.80485696394285,True,False
2022-08-22,2952.2890625,3354.550048828125,3384.10009765625,3347.39990234375,3365.0,1536532,-0.009215078246141872,-0.013817230181926043,0.05578635863030135,0.039542013228284434,3316.1550048828126,3243.6190087890627,3518.693240966797,0.011578181324087167,0.03419977492377435,-0.04664890653939813,0.010757211497793828,0.01579632286056292,1693258.6,0.9074408362668289,True,False
2022-08-23,2890.7265625,3284.60009765625,3341.89990234375,3270.0,3319.949951171875,1849256,-0.020852260408608658,-0.0318624856519617,0.035824691786896956,0.0071444051388334096,3321.835009765625,3242.1130126953126,3517.695241699219,-0.011209139526770717,0.013104751374973134,-0.06626359818776473,0.011956831545819852,0.015984821592554623,1681927.1,1.0994864165040208,True,False
2022-08-24,2864.984375,3255.35009765625,3308.0,3250.199951171875,3292.0,1691923,-0.008905193670569411,-0.04285378136928064,0.027978241937712145,-0.03552326563773056,3326.2650146484375,3242.8280126953123,3516.5107421875,-0.021319683392600264,0.0038614705781234715,-0.07426698329059878,0.01217994338049064,0.015361886628743297,1676648.05,1.0091104093074275,True,False
2022-08-25,2832.288818359375,3218.199951171875,3278.14990234375,3214.75,3276.0,1946930,-0.011412028006180353,-0.04822182590110902,0.032831622335228294,-0.04344082578866848,3331.380017089844,3242.9810107421877,3515.058492431641,-0.03397392832320534,-0.007641444550007148,-0.08445337165766642,0.011868803659763668,0.01542285365052454,1642026.2,1.1856875365326083,True,False
2022-08-26,2835.808837890625,3222.199951171875,3257.0,3216.800048828125,3234.300048828125,1457962,0.001242930849757684,-0.048305412044044926,0.010458269437041423,-0.03963996242714152,3333.047509765625,3243.2990087890626,3513.6557421875,-0.033257119278670144,-0.006505430908470333,-0.08294944422590844,0.010711447952183772,0.015422205024331233,1645433.9,0.8860653715715958,True,False
2022-08-29,2756.9091796875,3132.550048828125,3142.699951171875,3081.0,3125.0,2539173,-0.02782257578743541,-0.06617877115220061,-0.03924243250172521,-0.08485245433008326,3326.650012207031,3243.110009765625,3511.7899926757814,-0.058346974483838965,-0.03409072174689809,-0.1079904961966981,0.011193400909049255,0.015571962471657347,1667075.9,1.5231298107062792,True,False
2022-08-30,2826.083984375,3211.14990234375,3226.5,3142.10009765625,3155.0,3431525,0.025091332074655526,-0.02236199023586183,-0.02748417659044844,-0.06656686670658851,3322.112512207031,3245.555009765625,3510.4242419433594,-0.03340121969245513,-0.010600685342985305,-0.08525304036583681,0.012331620992612933,0.01592297386520762,1717139.3,1.9983964026680887,True,False
2022-09-01,2756.161865234375,3131.699951171875,3190.0,3121.0,3190.0,3546935,-0.024741900436938913,-0.03798367081113618,-0.05065481241144365,-0.08722074185249717,3313.7575073242188,3245.9410107421877,3508.641741943359,-0.05493991511145635,-0.03519505104752085,-0.10743239649275349,0.013395618629392037,0.01621398264940715,1829140.4,1.939126706730659,True,False
2022-09-02,2755.017578125,3130.39990234375,3163.0,3120.300048828125,3163.0,2052900,-0.0004151256021952543,-0.027282347324675604,-0.04903096910209759,-0.06908140845191091,3305.6875,3244.310009765625,3506.6634912109375,-0.05302606421697453,-0.035110734510264696,-0.10729959969362624,0.01340365796871342,0.016031214043901943,1868329.7,1.098788934308543,True,False
2022-09-05,2757.657958984375,3133.39990234375,3147.949951171875,3112.25,3123.64990234375,2147912,0.0009583440114964148,-0.027558826321696595,-0.06171585496518939,-0.07953527540417338,3295.3824951171873,3242.5190087890624,3504.5639904785157,-0.049154413186769386,-0.033652572629347066,-0.10590877756638895,0.012834283627850095,0.01593715977137946,1830934.1,1.1731235984954347,True,False
2022-09-06,2752.06884765625,3127.050048828125,3140.85009765625,3106.35009765625,3135.5,1936453,-0.002026505940360579,-0.0017557580610907397,-0.06792944921999367,-0.08755216955388179,3283.9875,3238.8840087890626,3502.4172412109374,-0.04778868712864326,-0.03452854738158695,-0.1071737507359436,0.012709047378486915,0.015902753764301586,1820228.4,1.0638516572975127,True,False
2022-09-07,2771.9150390625,3149.60009765625,3161.89990234375,3102.0,3102.0,1291534,0.007211284909423021,-0.01916752769547636,-0.0640257791253076,-0.06259109223486159,3273.2150024414063,3236.0140087890627,3500.5557421875,-0.03776559275603808,-0.02670381243656894,-0.10025712211968307,0.01285503846602295,0.01575857576499644,1829458.45,0.7059651997015839,True,False
2022-09-08,2789.56103515625,3169.64990234375,3183.5,3160.10009765625,3170.0,1346113,0.006365825522554491,0.012118003564701052,-0.06069138727542911,-0.015514409801658857,3262.975,3233.1130078125,3499.025491943359,-0.028601229753905555,-0.019629102142547428,-0.09413352099263328,0.012967383408783834,0.014844801729157713,1843322.3,0.7302645880213134,True,False
2022-09-09,2831.80517578125,3217.64990234375,3233.5,3168.5,3195.0,1561185,0.015143628311917734,0.02787183833435325,-0.040724483165014536,0.0022114134362167803,3256.1449951171876,3231.1030078125,3497.8217419433595,-0.011822290724511242,-0.0041636263022941655,-0.08009894736486722,0.013562305010244266,0.01497072471165904,1827463.6,0.8542906135038749,True,False
2022-09-12,2854.071044921875,3242.949951171875,3269.800048828125,3225.0,3239.89990234375,1785928,0.007862896709084577,0.034962038757383906,-0.05246166510682981,0.011430590333286306,3247.1674926757814,3230.1520068359373,3496.715241699219,-0.001298837067511771,0.003962025412071579,-0.0725724781649727,0.012742673038449616,0.015002369280459334,1844297.6,0.9683513116321357,True,False
2022-09-13,2842.101806640625,3229.35009765625,3263.449951171875,3225.0,3263.449951171875,1972678,-0.004193667407882962,0.03271455436617088,-0.050623965162940876,0.02780079492560472,3238.5574951171875,3229.3970068359376,3495.6454919433595,-0.0028430551178478813,-1.4525677576426865e-05,-0.0761791763211852,0.012722017648660098,0.014775659030621684,1869313.8,1.055295263962637,True,False
2022-09-14,2746.216552734375,3120.39990234375,3141.39990234375,3113.800048828125,3135.0,5090269,-0.033737498883001926,-0.009271080266421428,-0.08026057498367034,0.010197805366272572,3224.942492675781,3225.5030029296877,3494.0179919433594,-0.03241688512879204,-0.032585026425482666,-0.10693078583485038,0.014512041111697347,0.015264772256144643,2081830.15,2.445093323295371,False,False
2022-09-15,2732.0908203125,3104.35009765625,3137.75,3100.0,3130.0,2138023,-0.00514350890584403,-0.02060158272975665,-0.08725118093539641,-0.0025863658077608376,3210.1049926757814,3222.88900390625,3492.3054919433594,-0.0329443726173515,-0.036780325387044566,-0.11108861901746869,0.014430833828681726,0.015249836804187449,2107615.0,1.014427682475215,False,False
2022-09-16,2647.911376953125,3008.699951171875,3094.35009765625,3000.0,3076.0,5322221,-0.030811649290648613,-0.06493868429243188,-0.11018116046672832,-0.06327931726515368,3191.477490234375,3218.737001953125,3489.8389916992187,-0.057270508603548875,-0.06525449288146246,-0.13786854971583518,0.015590686070102944,0.015177188995815202,2302193.1,2.311804774325837,False,False
2022-09-19,2665.60107421875,3028.800048828125,3042.0,2987.800048828125,3036.0,2072220,0.00668065875044177,-0.06603552492888909,-0.10542714351971494,-0.06023981299280068,3173.629992675781,3214.0980029296875,3487.337242431641,-0.04563542195589909,-0.05765161918916639,-0.131486335197048,0.015762671291444295,0.015198992026123768,2335883.6,0.8871246837813322,False,False
2022-09-20,2675.72216796875,3040.300048828125,3079.949951171875,3030.0,3050.0,1544295,0.0037968831928834046,-0.05854120584984912,-0.09367873348909483,-0.08114724251623917,3157.9174926757814,3209.147001953125,3484.649742431641,-0.03724525549525881,-0.052614278193625186,-0.1275163148229187,0.015866670761841024,0.014777259273320274,2336271.75,0.6610082923786584,False,False
2022-09-21,2641.310791015625,3001.199951171875,3041.39990234375,2998.14990234375,3028.0,2253818,-0.012860604883824234,-0.03820021628713144,-0.08628147660550733,-0.08863992524616082,3143.7474853515623,3203.862001953125,3481.4412426757813,-0.04534318829482786,-0.06325554928948374,-0.1379432419013915,0.015537976036236804,0.014846294403611706,2356499.85,0.9564261164710025,False,False
2022-09-22,2646.767333984375,3007.39990234375,3029.949951171875,2979.300048828125,2990.0,2017983,0.0020658240946105355,-0.031230432220159754,-0.07616698292789348,-0.09270825515277259,3131.3499755859375,3201.7339990234377,3478.2759924316406,-0.0395835898920861,-0.06069651530669373,-0.13537628730798446,0.015563665817799843,0.014816580750081155,2372802.85,0.8504638301492262,False,False
2022-09-23,2624.457275390625,2982.050048828125,3022.5,2979.0,3004.0,2652374,-0.008429159519447116,-0.008857613845265622,-0.07337949969757418,-0.10129134108083049,3119.54248046875,3199.6810009765627,3475.5042431640627,-0.04407455019492634,-0.06801645291577985,-0.14198060477310825,0.01550142576172492,0.014839352174210122,2408075.05,1.1014498904425758,False,False
2022-09-26,2635.326171875,2994.39990234375,3025.85009765625,2926.10009765625,2959.85009765625,2925489,0.004141397130634328,-0.011357681566891431,-0.0706970555149059,-0.08998635394506915,3108.152478027344,3198.7939990234377,3472.5537426757815,-0.03659813232708242,-0.06389723650290935,-0.13769515917227804,0.015563377876341444,0.014831794839614887,2481451.4,1.1789426945859185,False,False
2022-09-27,2655.612060546875,3017.449951171875,3025.0,2976.0,3009.39990234375,2227447,0.007697718935297582,-0.007515737686830448,-0.03674325896223385,-0.07641337547737481,3102.3974731445314,3199.167998046875,3469.506492919922,-0.027381250374264643,-0.056801658114216114,-0.13029419102415285,0.014646612548383052,0.014859376050736183,2465865.1,0.9033125940263318,False,False
2022-09-28,2671.629638671875,3035.64990234375,3049.949951171875,2980.0,2980.0,2739767,0.006031566874806549,0.011478725753818253,-0.05465331900946335,-0.08429615609799201,3093.6224731445313,3199.988994140625,3466.6759924316407,-0.01873938119600438,-0.051356142817300277,-0.12433411458956534,0.013371648207851456,0.01474385805901338,2431277.2,1.126883845248086,False,False
2022-09-29,2637.878662109375,2997.300048828125,3055.85009765625,2990.0,3054.0,2493902,-0.012633160854951031,-0.003358334057187995,-0.04291595760745148,-0.07349190782569914,3086.902478027344,3198.6649951171876,3463.4784924316405,-0.029026647209301704,-0.06295280893636857,-0.134598336505396,0.012572313923942393,0.014515392529865258,2378625.55,1.0484634708476919,False,False
2022-09-30,2644.2587890625,3004.550048828125,3019.699951171875,2950.10009765625,2990.85009765625,2817353,0.002418843586525332,0.007545144994746789,-0.04020248448813213,-0.06583651922560896,3080.6099853515625,3197.27099609375,3460.4529931640627,-0.024689894821189884,-0.06027670081800407,-0.13174660809915617,0.01260839654980118,0.014509733744388574,2416848.2,1.1657136761837172,False,False
2022-10-03,2627.009033203125,2984.949951171875,3020.699951171875,2974.0,2995.0,1763331,-0.006523471846939133,-0.00315587479296886,-0.04737663745404341,-0.08458178297266739,3073.1874877929686,3193.673994140625,3457.2587426757814,-0.028712057748374487,-0.0653554631285761,-0.13661366610309245,0.012627822424141651,0.014394061828063139,2397619.15,0.7354508325477798,False,False
2022-10-04,2720.474365234375,3091.14990234375,3098.0,3023.0,3029.949951171875,2145875,0.03557846962565714,0.024424581141189172,-0.01148051547746376,-0.059826387903973544,3071.39248046875,3191.9509912109374,3454.8627416992185,0.0064327245705779745,-0.03157977335640305,-0.1052756264280943,0.01521307965011529,0.01511716361872652,2408090.25,0.8911107048417309,False,False
2022-10-06,2729.97900390625,3101.949951171875,3124.0,3092.449951171875,3111.0,1790816,0.0034938612391253177,0.021840479291415082,-0.015128951297605497,-0.05006966955390779,3069.009973144531,3190.569990234375,3452.464490966797,0.010733095791667813,-0.027775613552984635,-0.10152589279687763,0.01513684995239848,0.015107561987679721,2433054.35,0.7360361678726988,False,False
2022-10-07,2697.37158203125,3064.89990234375,3105.0,3058.10009765625,3097.39990234375,1939879,-0.011944115608354067,0.022553582362251356,-0.03304781386819544,-0.015704330951750944,3063.7724731445314,3188.53298828125,3449.8672399902343,0.00036798724745423783,-0.03877428472337774,-0.11158902962526007,0.015243345175384474,0.013951137371444077,2462742.65,0.787690504324518,False,False
2022-10-10,2744.58837890625,3118.550048828125,3127.0,3005.0,3010.0,3064063,0.017504697769525235,0.03794245332823265,-0.030798830364807683,0.010973546274213986,3058.81748046875,3188.5859912109377,3447.6754907226564,0.019527993657935117,-0.02196457695538423,-0.09546299899169008,0.015388039817363293,0.01408178764225946,2537886.55,1.2073285939436498,False,False
2022-10-11,2701.464111328125,3069.550048828125,3145.0,3053.35009765625,3100.0,4730645,-0.01571243021044766,0.02834221646598678,-0.053469805255887515,0.010135762674825077,3050.1474853515624,3186.199990234375,3444.9817407226565,0.006361188621122116,-0.03661099170289972,-0.10897929804869644,0.015539307055957153,0.014097084697720495,2685122.4,1.7617986427732308,False,False
2022-10-12,2728.922607421875,3100.75,3109.89990234375,3062.050048828125,3084.89990234375,1665247,0.010164340269931849,0.0031056719860047544,-0.03982228428858903,0.03401417257190498,3043.71748046875,3183.004990234375,3442.3317407226564,0.018737783614025227,-0.025841929399023078,-0.09922975658672206,0.015792809864716557,0.014042014131156149,2669750.85,0.6237462196144633,False,False
2022-10-13,2731.16748046875,3103.300048828125,3110.0,3052.35009765625,3100.75,2054781,0.0008223974290493263,0.00043524159883356894,-0.005480019885522158,0.0362986534519083,3042.8624877929688,3179.0329931640626,3439.5347412109377,0.019862074371619798,-0.023822635530611924,-0.09775586458081142,0.013905081917847227,0.0140394741586068,2517976.45,0.8160445662627225,False,False
2022-10-14,2727.514404296875,3099.14990234375,3150.0,3071.0,3145.0,2245977,-0.0013373332965151974,0.011174916340272345,-0.0016751317180450087,0.01163698460706697,3042.6024780273438,3175.039990234375,3436.6759912109374,0.018585216019763706,-0.02390208883165068,-0.0982129504586371,0.013859590631058254,0.013732002253242911,2523374.15,0.8900689578673856,False,False
2022-10-17,2745.691162109375,3111.75,3128.39990234375,3071.449951171875,3072.64990234375,1517005,0.0040656625375625755,-0.0021805161763173153,0.03425068983299173,0.012198097096852933,3047.75498046875,3171.4389892578124,3433.754240722656,0.020997429236062626,-0.018820790644243468,-0.09377614649989863,0.01182219710064357,0.013734404595334707,2333113.35,0.6502063005211469,False,False
2022-10-18,2774.765380859375,3144.699951171875,3155.35009765625,3128.550048828125,3150.0,1793722,0.01058888123142121,0.02448238378535006,0.038265947066592476,-0.006351142993596959,3053.5499755859373,3167.54298828125,3430.944990234375,0.029850494118226267,-0.007211594978785096,-0.08343037847509938,0.011939683151142728,0.013263405440503435,2319188.45,0.7734265837689903,False,False
2022-10-19,2754.603515625,3121.85009765625,3159.0,3112.0,3159.0,1194289,-0.007266147445040061,0.006804836783439461,0.02682302651659607,-0.017451908954058792,3057.627478027344,3162.8809912109373,3428.080740966797,0.02100406936110466,-0.012972632757509595,-0.08933005563462393,0.01210457582038771,0.013285533725652157,2301688.15,0.5188752438074636,False,False
2022-10-20,2785.88330078125,3157.300048828125,3160.0,3105.0,3105.0,1587601,0.011355430293878976,0.017400831099265268,0.052012561707292404,-0.004320388259815511,3065.432482910156,3158.7259912109375,3425.1984912109374,0.029968875984100807,-0.0004514295911642874,-0.07821399053813671,0.01181132547921247,0.01336665242769488,2268377.3,0.6998840095957582,False,False
2022-10-21,2768.32421875,3137.39990234375,3160.39990234375,3127.0,3157.800048828125,1021913,-0.006302900002095546,0.012342094188820374,0.04322670885860158,-0.009268207991237065,3071.932482910156,3153.984990234375,3422.193740234375,0.021311477318529448,-0.005258454920355371,-0.08321967121333129,0.011978456489570485,0.013390518498699096,2218573.8,0.46061708652648836,False,False
2022-10-24,2789.765625,3161.699951171875,3178.0,3155.0,3170.10009765625,260949,0.00774528258573981,0.01605204504599511,0.06024375828780881,0.01469881904539827,3080.9149780273438,3150.1339892578126,3418.913489990234,0.02622109786238136,0.0036715777657405635,-0.07523253793095941,0.011768238203858254,0.013260710985272232,2099002.55,0.12432047783839044,False,False
2022-10-25,2790.11865234375,3162.10009765625,3184.25,3151.14990234375,3180.5,2069643,0.00012656054987969512,0.005533165883724767,0.056004608863779115,-0.008388603785314586,3089.2999877929688,3144.9259912109374,3415.3002404785157,0.02356524460264242,0.005460893672318168,-0.0741370084601376,0.011781878437165617,0.012909822126274345,2056210.25,1.006532770663895,False,False
2022-10-27,2785.97119140625,3157.39990234375,3174.0,3134.35009765625,3160.699951171875,2438421,-0.0014864157260497946,0.011387415659127598,0.04638020627898842,-0.03162094698857543,3096.2974853515625,3140.04298828125,3411.782490234375,0.01973402661768131,0.005527603961881011,-0.07456002503639969,0.01175963937018364,0.012567208637747075,2066758.95,1.1798284458862511,False,False
2022-10-28,2791.133544921875,3163.25,3178.5,3145.0,3150.0,1355739,0.0018528212571069513,0.0018845060906020894,0.0420338648266827,-0.04199094655938351,3102.677490234375,3135.4539892578123,3408.5614904785157,0.019522657432580637,0.008865067335517507,-0.07196921374713916,0.011727574046590791,0.012452264382137387,1997557.55,0.6786983433843996,False,False
2022-10-31,2817.515380859375,3193.14990234375,3199.0,3177.800048828125,3199.0,1919414,0.009452272929344918,0.017769491214158828,0.06534209132388913,-0.03202684155467572,3112.4699829101564,3131.2949853515624,3405.2597399902343,0.02592150924397285,0.019753781512616753,-0.06228888655850162,0.01129661399450432,0.012520088047775027,1968833.15,0.9748992696511637,False,False
2022-11-01,2876.2373046875,3259.699951171875,3262.60009765625,3203.449951171875,3214.5,2991060,0.0208415047409074,0.03099598365229972,0.08492116895948087,-0.009751533258430367,3125.2274780273438,3128.863984375,3402.1589892578127,0.04302805926607656,0.04181580517729344,-0.04187312778025565,0.011958700280675678,0.01281606559647347,1977518.5,1.5125319940116868,False,False
2022-11-02,2860.3544921875,3241.699951171875,3270.0,3222.050048828125,3270.0,1405955,-0.005521980633072965,0.025173097326876004,0.08601484252665648,-0.029285835852111086,3138.064978027344,3125.9829833984377,3398.7879895019532,0.03302512021585935,0.03701778556952817,-0.046218840014524476,0.01191366277763207,0.012690170750121918,1959649.7,0.717452205871284,True,False
2022-11-03,2829.51611328125,3206.75,3228.050048828125,3195.0,3228.050048828125,1422652,-0.010781365239938556,0.015629980104711283,0.037397118000845,-0.04417352071678715,3143.8449829101564,3123.026982421875,3395.5222399902345,0.02000894364442063,0.026808291458692013,-0.05559446431155679,0.009812022145900278,0.012742193678591954,1923488.55,0.7396207271418381,True,False
2022-11-04,2838.91357421875,3217.39990234375,3220.050048828125,3166.14990234375,3217.0,1464013,0.003321089060185578,0.017118439055955115,0.03721850867653731,-0.043877548429270496,3149.61748046875,3121.682978515625,3392.1197399902344,0.021520842545270646,0.0306619616683943,-0.05150756784516908,0.00981060528377491,0.012743778291244215,1907148.4,0.7676450348593744,True,False
2022-11-07,2853.295654296875,3233.699951171875,3242.800048828125,3195.10009765625,3229.0,1474498,0.005066217853817667,0.012699074602905869,0.0550752240551291,-0.04171050157407741,3158.057482910156,3121.2499755859376,3388.447490234375,0.023952213875478412,0.03602722513912959,-0.045669156600032235,0.009272142404214088,0.012757610560548428,1883879.35,0.7826923735853891,True,False
2022-11-09,2837.72216796875,3216.050048828125,3249.800048828125,3201.64990234375,3249.800048828125,1162267,-0.005458113804700293,-0.013390773076539686,0.03126452950038061,-0.0412014462761795,3162.932482910156,3121.2069775390623,3384.431990966797,0.016793771667581225,0.030386665149596093,-0.049751905958840714,0.008752852085807663,0.012754034500361604,1788789.55,0.6497505533839909,True,False
2022-11-10,2828.545654296875,3205.64990234375,3225.0,3170.0,3170.0,1573092,-0.0032338260681498143,-0.01112072350036375,0.04433869829474979,-0.06336014540723156,3169.7374755859373,3120.8759765625,3380.507239990234,0.011329779527301076,0.027163503586138837,-0.05172517768279927,0.007854181315024376,0.01245680953519878,1630911.9,0.9645475025352381,True,False
2022-11-11,2925.8701171875,3315.949951171875,3341.60009765625,3255.050048828125,3269.60009765625,3265394,0.03440801465795795,0.03405315386976682,0.06940254814863334,-0.02516502665769693,3180.4974731445313,3124.543974609375,3377.513740234375,0.042588456419499376,0.06125885188939595,-0.018227546591188082,0.010554564900436528,0.01324885762704072,1710919.25,1.9085611433736571,True,False
2022-11-14,2943.1201171875,3335.5,3349.0,3309.0,3324.0,1342074,0.005895761129089294,0.036706689016251515,0.07482355799258245,-0.016859714090577738,3192.107470703125,3127.0309765625,3375.058489990234,0.04492095915094296,0.06666675993938087,-0.011720830944873084,0.010549993470997688,0.013269654116989599,1675283.9,0.801102428072042,True,False
2022-11-15,2940.561279296875,3332.60009765625,3339.949951171875,3292.0,3321.0,1400708,-0.0008694055894917785,0.030584206320235063,0.07532717121425847,-0.020140542187277677,3203.77998046875,3131.0489794921873,3372.5539904785155,0.04020879023304591,0.0643717551159968,-0.01184677634073894,0.010538825362182728,0.013265261191472923,1633020.45,0.8577406363772113,True,False
2022-11-16,2960.63525390625,3355.35009765625,3367.89990234375,3321.449951171875,3338.89990234375,1748235,0.0068265016303634685,0.043314017727704046,0.07828395522013332,-0.007659860212569369,3215.9599853515624,3135.5479833984373,3370.4739904785156,0.04334323590455047,0.07010006398294122,-0.004487170903852089,0.010562061077297298,0.013275645128349035,1644581.95,1.0630269899289604,True,False
2022-11-17,2955.031982421875,3349.0,3360.0,3317.75,3340.0,1417986,-0.0018925290868113676,0.0447179517487053,0.06496646802566719,-0.010854315882743881,3226.1749877929688,3139.8599853515625,3368.369490966797,0.03807140427031075,0.06660807030381655,-0.005750405654350477,0.010510174109841997,0.013276519641805996,1625795.15,0.8721799914337302,True,False
2022-11-18,2950.13525390625,3343.449951171875,3362.75,3321.0,3350.0,1164540,-0.0016572256877053215,0.008293249417193893,0.07098350227706085,-0.003308967669189422,3237.25498046875,3144.1879833984376,3366.8404907226563,0.0328040180164455,0.06337469923094807,-0.006947326318319513,0.010288590134679799,0.013224276559683645,1624307.7,0.7169454408176481,True,False
2022-11-21,2897.2373046875,3283.5,3333.699951171875,3273.0,3322.5,1304194,-0.017930566345359167,-0.015589866586718681,0.03997084509554805,-0.0003349259037759289,3243.564978027344,3146.8659814453126,3364.807740478516,0.012312077064336568,0.04341907769835607,-0.024164156394550163,0.011156800957017854,0.013151254535204684,1610137.35,0.8099892844545218,True,False
2022-11-22,2924.987548828125,3314.949951171875,3318.949951171875,3255.25,3280.0,1149739,0.00957817912954928,-0.005296208956120485,0.0565914624704007,0.01830827767450738,3252.44248046875,3149.771982421875,3362.701240234375,0.019218624488669178,0.05244124643682757,-0.014200276994923211,0.011098250741596535,0.01315370763534206,1616528.65,0.7112394822077543,True,False
2022-11-23,2919.120361328125,3308.300048828125,3330.0,3291.0,3330.0,1150011,-0.002006034010075819,-0.014022396309997576,0.04636749214672098,0.02799704773578182,3259.7724853515624,3151.5849853515624,3360.239490966797,0.014886794613621301,0.04972579327702342,-0.015457065568778239,0.011084402745747235,0.013066457549961712,1660981.75,0.6923682334258038,True,False
2022-11-24,2982.517578125,3380.14990234375,3392.949951171875,3308.300048828125,3316.25,1296591,0.021718058354796455,0.009301254805538894,0.06895727458125656,0.049019289170565195,3270.6749755859373,3154.328984375,3357.859240722656,0.033471661835857036,0.0715907944565568,0.006638354982472894,0.01188164375782131,0.013349321910087263,1622329.15,0.7992157448443801,True,False
2022-11-25,2990.89990234375,3389.64990234375,3403.35009765625,3348.0,3383.0,1588981,0.002810526241280753,0.013818047778966225,0.0735573595943928,0.0820736618755078,3282.2874755859375,3157.53498046875,3355.6844897460937,0.03270963544673866,0.07351143322584552,0.01012175390786707,0.011827243550251786,0.01280755114064837,1579857.15,1.0057751107433985,True,False
2022-11-28,2995.841552734375,3395.25,3417.0,3365.550048828125,3366.0,2195437,0.0016521168314100887,0.03403380539058931,0.0733422903659211,0.057331517760002226,3293.8874755859374,3163.031982421875,3353.586240234375,0.030772916550839913,0.07341627238315818,0.012423643461368927,0.01182890780805375,0.012424288396316211,1621842.05,1.3536688113370843,True,False
2022-11-29,2997.6943359375,3397.35009765625,3429.0,3383.0,3383.0,1576028,0.0006185399178999518,0.02485713138904111,0.0639494547883952,0.08482618086862681,3304.0974853515627,3168.891982421875,3351.6779907226564,0.02822332353028778,0.07209400525535492,0.013626639271437258,0.01176406221128709,0.011956076489995193,1604672.75,0.9821491640585285,True,False
2022-11-30,2991.91455078125,3390.800048828125,3414.89990234375,3375.0,3383.0,3410702,-0.0019279875902821209,0.024937278596971035,0.04021845556954373,0.08318430699202728,3310.652490234375,3176.533984375,3349.9147412109373,0.024208991680693126,0.06745278517625652,0.012204880056860379,0.01104350688794332,0.011961623593749356,1625654.85,2.09804805737208,True,False
2022-12-01,3066.783447265625,3475.64990234375,3480.0,3420.0,3425.0,2180856,0.02502354969145104,0.028253184846560142,0.07216890973740564,0.10922640284248453,3322.349987792969,3185.4709814453126,3348.4902404785157,0.04614201246528449,0.09109451085527609,0.03797522248327123,0.012013572378514671,0.012343824890012267,1664399.9,1.3102956807435522,True,False
2022-12-02,3034.5771484375,3439.14990234375,3468.89990234375,3413.0,3458.10009765625,2411749,-0.010501633083178752,0.014603278045255852,0.07247209864933346,0.09980647851561764,3333.9699829101564,3193.447978515625,3346.834239501953,0.03154795033330937,0.07693938510385001,0.027582980283939795,0.011996149463446877,0.012436543586537686,1713854.75,1.4072073493976078,True,False
2022-12-05,3022.8857421875,3425.89990234375,3439.14990234375,3407.0,3433.0,1475065,-0.00385269626978757,0.009027288813415746,0.06480388087539746,0.0877253607190025,3344.394982910156,3201.9419775390625,3345.4889892578126,0.024370602111916773,0.06994440448193773,0.024035623295767028,0.012110750596784549,0.012434903656465515,1714407.35,0.8603935348270643,True,False
2022-12-06,2987.10595703125,3385.35009765625,3407.949951171875,3368.0,3400.050048828125,1166999,-0.01183624911508907,-0.0035321646739553403,0.04689678967568334,0.06805174134626157,3351.977490234375,3209.5009814453124,3343.7469897460937,0.009956095325551084,0.05479017368355765,0.012442062164911505,0.012556207779331724,0.012535273515031578,1699032.4,0.6868609450885104,True,False
2022-12-07,2982.9150390625,3380.60009765625,3393.699951171875,3354.0,3368.300048828125,1167505,-0.0014031045129685449,-0.0030081252285578675,0.051165263702312114,0.050642611924251346,3360.2049926757813,3217.471982421875,3341.5609899902342,0.006069601415664705,0.05070071041040869,0.01168289544406309,0.012455516045701961,0.012404080664543926,1699294.3,0.6870528548233228,True,False
2022-12-08,2956.39990234375,3350.550048828125,3380.60009765625,3339.449951171875,3360.0,1285619,-0.008888968810288556,-0.03599322631179447,0.04520148827806625,0.03317969727450398,3367.45,3224.5949853515626,3339.2482397460935,-0.0050186197781332265,0.03906073911568475,0.00338453695880081,0.01265679256218552,0.012433177159232473,1684920.65,0.7630145668877641,True,False
2022-12-09,2905.39892578125,3292.75,3374.10009765625,3276.35009765625,3374.10009765625,1797896,-0.01725091342788354,-0.04256863076656814,-0.00699647205582099,0.01963240293759516,3366.290002441406,3230.100986328125,3336.7909899902343,-0.02184600922323121,0.019395373066367183,-0.013198606122573842,0.01090716846999454,0.012631549373355535,1611545.75,1.1156344770230693,True,False
2022-12-12,2899.84033203125,3286.449951171875,3296.0,3236.10009765625,3255.5,1527610,-0.0019133091877989727,-0.04070461926703506,-0.01470545610197127,0.053214348809395906,3363.8375,3235.1169873046874,3334.253740234375,-0.023005733430382702,0.015867421199489584,-0.014337177907503773,0.010813269385907447,0.011815501127319895,1620822.55,0.9424905891147677,True,False
2022-12-13,2940.120361328125,3332.10009765625,3336.449951171875,3267.800048828125,3277.199951171875,1378016,0.01389041280488601,-0.015729540066436898,-0.00015003300286509091,0.07336479225456838,3363.8125,3241.81298828125,3332.3172412109375,-0.009427517836903765,0.02785080746525992,-6.516292986813443e-05,0.011293057469530287,0.011904776653523075,1619687.95,0.8507910428054984,True,False
2022-12-14,2969.458984375,3365.35009765625,3377.0,3340.89990234375,3348.800048828125,1213311,0.009978691823630204,-0.004511033414029919,0.0029803149325564604,0.11853961919514822,3364.3125,3249.0289892578126,3331.2119921875,0.000308412983707651,0.03580180687307721,0.010247953462227066,0.011413918240367369,0.011185801798076935,1592941.75,0.7616794524972429,True,False
2022-12-15,2916.296142578125,3305.10009765625,3364.75,3298.949951171875,3358.800048828125,1415694,-0.01790304076891147,-0.013564922329028173,-0.01310836140452376,0.09122426187725008,3362.1175048828127,3255.4319921875,3329.9184924316405,-0.016958778848078948,0.015256993722475354,-0.007453153832983839,0.012109439634686988,0.0114558166376073,1592827.15,0.8887932378601157,True,False
2022-12-16,2859.0751953125,3240.25,3292.0,3225.199951171875,3275.0,2703680,-0.019621220459325017,-0.015944119656821854,-0.03086630656328604,0.06576651908055764,3356.9575073242186,3258.413994140625,3329.111492919922,-0.03476585779521657,-0.005574489359942647,-0.02669225500825234,0.012837121729948863,0.011771511862709784,1669784.15,1.6191793412340152,True,False
2022-12-19,2825.368896484375,3202.050048828125,3245.5,3194.5,3227.0,2120965,-0.011789198725985606,-0.025681176831448438,-0.02480583254815749,0.06692326433559503,3352.885009765625,3260.41599609375,3327.5179931640623,-0.044986619134917416,-0.017901380478918094,-0.037706165554534765,0.012491926968556102,0.011750723686399393,1710622.7,1.2398789049157364,True,False
2022-12-20,2862.340087890625,3243.949951171875,3249.0,3163.64990234375,3198.89990234375,1529971,0.013085336489067068,-0.026454831457908057,-0.02141812125244924,0.078656000701395,3349.335009765625,3263.9969970703123,3325.9667431640623,-0.03146447228673144,-0.006141870202831412,-0.02465953460321224,0.012674199784726165,0.011851004240560428,1729634.3,0.884563286007915,True,False
2022-12-21,2884.0458984375,3268.550048828125,3283.050048828125,3240.0,3249.0,1432566,0.007583377680461245,-0.028763738101286962,-0.012015234233086036,0.09607484626644269,3347.347509765625,3266.9969970703123,3324.5787438964844,-0.023540269036189,0.0004753759367410737,-0.016852870509149853,0.012814975215015846,0.011807695826709182,1743762.05,0.8215375486580867,True,False
2022-12-22,2876.2373046875,3259.699951171875,3294.0,3245.10009765625,3294.0,1384101,-0.002707652483223577,-0.01373639077272415,-0.03563449984521594,0.0885987368021457,3341.3250122070312,3270.7999951171873,3323.155244140625,-0.02442894981390653,-0.0033936785990836826,-0.01909489274707654,0.011698763038624242,0.011815796681145926,1748137.55,0.7917574907077535,True,False
2022-12-23,2848.57568359375,3228.35009765625,3266.85009765625,3217.0,3217.0,1360281,-0.009617404664608697,-0.00367252599143586,-0.04758597770701045,0.06989350275800543,3333.2600219726564,3273.3519970703123,3321.675244140625,-0.03147366950818309,-0.013747956056769817,-0.028095806972400106,0.011773728437104789,0.011872776253161285,1736702.55,0.7832550254503858,True,False
2022-12-26,2870.237060546875,3252.89990234375,3272.0,3225.050048828125,3228.35009765625,870157,0.007604443119512583,0.01588040559648185,-0.041926249217656975,0.07156622370460664,3326.1425170898438,3276.343994140625,3320.515244140625,-0.022020287576305142,-0.007155564812120541,-0.020362906604988074,0.011954568447249233,0.011885364874261182,1670438.55,0.5209153009549498,True,False
2022-12-27,2876.060791015625,3259.5,3273.800048828125,3231.5,3269.199951171875,835883,0.0020289888574482884,0.004793553865560574,-0.0405757704368912,0.08747871314197897,3319.2500122070314,3279.55099609375,3318.8129943847657,-0.018001058066518638,-0.006113945511941332,-0.017871749473417076,0.01197541454525421,0.011745582534189314,1633431.3,0.5117344084198705,True,False
2022-12-28,2873.94287109375,3257.10009765625,3266.10009765625,3226.0,3249.800048828125,910795,-0.0007362792893849113,-0.0035030674154676866,-0.03943020798825403,0.08405586351494732,3312.5650146484377,3282.457998046875,3316.9354943847657,-0.016743797252859127,-0.0077252779489375145,-0.018039360979377195,0.011978760868452261,0.011748307070643416,1508435.95,0.6038009104728643,True,False
2022-12-29,2884.222412109375,3268.75,3271.5,3228.0,3231.10009765625,1037927,0.0035767713593244377,0.002776344130959396,-0.0595284071057417,0.09507698737685932,3302.22001953125,3284.9389990234376,3315.1744946289064,-0.010135611598648397,-0.00492824951338533,-0.014003635315161023,0.01027687603042225,0.011704935153858075,1451289.5,0.7151757109797873,True,False
2022-12-30,2873.590087890625,3256.699951171875,3299.0,3246.199951171875,3286.050048828125,1163131,-0.0036864394120459387,0.008781530087522693,-0.05305088651341916,0.05355613737871545,3293.097521972656,3287.63599609375,3313.462244873047,-0.01105268536929871,-0.009409814516762816,-0.017130810465397883,0.01012742574379634,0.010837482892860543,1388858.6,0.8374725836021032,True,False
2023-01-02,2877.78125,3261.449951171875,3266.85009765625,3235.199951171875,3261.0,709547,0.0014585316643280777,0.0026284389574866562,-0.04800197199555378,0.051419269334033846,3284.8750244140624,3289.718994140625,3311.5544946289065,-0.00713119161858089,-0.008593148235183756,-0.01513021861433872,0.01016442942358458,0.010832497726854816,1350582.7,0.5253636078708842,False,False
2023-01-03,2921.811767578125,3311.35009765625,3320.0,3245.300048828125,3252.0,1245178,0.015299988419704258,0.015907377713222814,-0.02185889135993102,0.08041052013608585,3281.1750244140626,3293.197998046875,3310.1417456054687,0.009196422933146042,0.0055119976448851915,0.00036504541002968516,0.01063960927951992,0.010856233581428126,1354491.65,0.9192954419467998,False,False
2023-01-04,2924.72314453125,3314.64990234375,3327.35009765625,3286.199951171875,3306.699951171875,1231668,0.000996513382814923,0.01766903164226119,-0.019508428505998987,0.06288174005394409,3277.8775146484377,3296.2569970703125,3308.4354956054685,0.011218353196841946,0.005579936664460661,0.0018783520931677788,0.01064895025661318,0.010646984306432229,1357699.8,0.9071725575859995,False,False
2023-01-05,2921.590576171875,3311.10009765625,3337.300048828125,3281.949951171875,3330.199951171875,1826057,-0.0010709440791891733,0.012956052820267683,-0.011774171582863757,0.07869233111880436,3275.9050170898436,3299.2369970703126,3306.62724609375,0.010743620582037483,0.003595710340442926,0.0013526930100100643,0.01048364687785404,0.010421155581885782,1384721.7,1.3187176889045649,False,False
2023-01-06,2833.751220703125,3211.550048828125,3301.550048828125,3200.0,3300.0,2488376,-0.030065550992732337,-0.013863697307301415,-0.024660223573570672,0.0357333060801821,3271.84501953125,3300.32,3304.551496582031,-0.01842843115832027,-0.026897376973104126,-0.028143440297450195,0.011859997998747648,0.011113434981226494,1419245.7,1.753308817493687,False,False
2023-01-09,2929.3994140625,3319.949951171875,3327.0,3221.14990234375,3229.0,2885060,0.033753141223286987,0.01793680751684712,0.010193369896916993,0.06981274737696141,3273.52001953125,3303.4539990234375,3302.6464965820314,0.014183487916250348,0.004993546800807325,0.005239269357998566,0.01419551783399929,0.011907112229959079,1487118.2,1.9400340874047537,False,True
2023-01-10,2899.796142578125,3286.39990234375,3298.0,3230.10009765625,3285.0,3864655,-0.01010558873524059,-0.007534750049582373,-0.013715132791072171,0.06041979442762391,3271.235009765625,3305.3189990234373,3300.5164965820313,0.004635830972966826,-0.005723833822174784,-0.004277086405385377,0.014026415404666322,0.011992218749669705,1611450.15,2.3982466972372682,False,True
2023-01-11,2937.1201171875,3328.699951171875,3349.5,3271.14990234375,3290.10009765625,2720512,0.01287124211449675,0.0042387730958224346,-0.010890440941018098,0.06971959545974937,3269.4025024414063,3306.6989990234374,3298.410745849609,0.018137090396850297,0.006653448697609088,0.009182969513538808,0.014155518704146379,0.012083301610910212,1686810.2,1.6128145300520473,False,True
2023-01-12,2942.10546875,3334.35009765625,3350.0,3315.550048828125,3329.0,2250391,0.0016974033608483374,0.007021835436644475,0.008849958892543697,0.0603078670235937,3270.8650024414064,3308.552001953125,3296.5452465820313,0.019409267935991847,0.007797397679678575,0.011468021290900188,0.013549281390306383,0.012020506056924507,1728545.05,1.3018989583175746,False,True
2023-01-13,2977.576171875,3374.550048828125,3379.0,3305.0,3342.89990234375,1742837,0.012056307824463985,0.0507543078954904,0.04144743424986497,0.08094557498503563,3277.5800048828123,3311.9080029296874,3294.8794970703125,0.029585866340669176,0.01891418657855981,0.024180110935362764,0.012906198815123624,0.012052798466692478,1680502.9,1.0370925274809106,False,True
2023-01-16,3008.71044921875,3334.050048828125,3353.0,3298.050048828125,3317.0,1843607,-0.012001600039704408,0.004247081390872376,0.04122359050830848,0.05598137562681238,3284.1800048828127,3314.241005859375,3293.022996826172,0.01518493014121236,0.005976947039677771,0.012458780895698185,0.012918321067068262,0.012101891186542195,1666635.0,1.106185217519133,False,True
2023-01-17,3048.732177734375,3378.39990234375,3381.800048828125,3321.0,3330.0,1688475,0.013302095909212053,0.02799415857284715,0.041446370380438635,0.07681519968811257,3290.9025024414063,3317.1350048828126,3291.25724609375,0.026587660934175972,0.018469220387700824,0.026477011589849386,0.012928108715381179,0.01216641615154505,1674560.2,1.008309525092021,False,True
2023-01-18,3059.19970703125,3390.0,3408.949951171875,3372.25,3380.0,2421189,0.003433607030417729,0.018415612619738786,0.037157133700742584,0.07220800593158949,3296.975,3320.61400390625,3289.5074963378906,0.02821525792582591,0.020895531974546522,0.03054940709938636,0.012868837194644146,0.012140447821643858,1723991.35,1.4044090186415377,False,True
2023-01-19,3043.94921875,3373.10009765625,3387.0,3361.0,3380.0,1585044,-0.004985221930309702,0.011621455115717438,0.03478852292635315,0.06672780540894108,3302.6450073242186,3323.9630078125,3287.579246826172,0.02133292866044778,0.014782682517302526,0.026013319956512015,0.012921766302828683,0.012166265853553982,1734038.5,0.9140765905716626,False,True
2023-01-20,3034.925537109375,3363.10009765625,3394.64990234375,3355.60009765625,3365.0,1529349,-0.002964631855114086,-0.0033930304799749678,0.04173958707199299,0.06514860381157539,3309.3825073242188,3324.9060107421874,3285.542996826172,0.016231907376419885,0.011487268148532292,0.023605565626442226,0.0126963046026983,0.012173189173754689,1742491.9,0.8776792592263988,False,True
2023-01-23,3081.670654296875,3414.89990234375,3419.0,3355.60009765625,3388.0,1067916,0.015402397544931556,0.02424974200493568,0.04980171688753088,0.07955422503556475,3317.4825073242187,3326.4940087890627,3283.54349609375,0.029364855671267787,0.026576297243015246,0.04000446663985646,0.012989835034667196,0.012311810130904452,1752379.85,0.6094089703211321,False,True
2023-01-24,3100.982421875,3436.300048828125,3451.949951171875,3417.300048828125,3425.0,1387863,0.0062666980281580464,0.017138334169441327,0.05424146305510824,0.0761474261843782,3326.322509765625,3328.5680078125,3281.9482458496095,0.03306280095800118,0.03236588249444394,0.0470305414394363,0.013016059378458015,0.012283116992227455,1779978.85,0.779707579109718,False,True
2023-01-25,3095.07177734375,3429.75,3435.0,3405.0,3425.300048828125,874110,-0.0019061341370230078,0.01172566371681416,0.05300724483966146,0.05216739312677876,3334.9550048828123,3330.056005859375,3280.6762463378905,0.028424669891616405,0.029937632870200792,0.04543994666603135,0.013035047032936628,0.01201785771524081,1778144.6,0.49158544248876046,True,True
2023-01-27,3078.1962890625,3411.050048828125,3446.0,3382.300048828125,3426.0,1785879,-0.005452278204497452,0.011250763414416332,0.043533475740917815,0.052241138972479506,3342.0700073242188,3331.2970068359373,3279.3032470703124,0.02063991518811248,0.02394053782311567,0.040175242065677574,0.01315763751502362,0.012017227933456649,1815542.2,0.98366151995806,True,True
2023-01-30,3098.5908203125,3433.64990234375,3458.449951171875,3385.550048828125,3420.0,1953798,0.00662548282555675,0.02097761072787163,0.05433412774431434,0.07075696650619778,3350.9175048828124,3333.101005859375,3277.9894970703126,0.024689476043616043,0.030166771516259683,0.04748654790155915,0.013116189547130187,0.01193982099286749,1855075.55,1.0532174821666966,True,True
2023-01-31,3030.9541015625,3358.699951171875,3449.0,3351.0,3449.0,2820375,-0.021828070217850493,-0.016457276283062705,0.029818026171168688,0.04391746538103436,3355.7800048828126,3334.6050048828124,3276.327496337891,0.0008701244672815189,0.0072257272611839785,0.025141703607486132,0.014222017236380906,0.012300440952530606,1960616.95,1.4385140350847216,True,True
2023-02-01,3075.759521484375,3408.35009765625,3419.0,3355.0,3363.0,2205161,0.01478254896423592,-0.008133734183488062,0.029293187714780178,0.05400938526194521,3360.6300048828125,3336.4730078125,3275.0594970703123,0.01419974609049568,0.021542835705682828,0.04069868065150328,0.014196165723890573,0.012421050575120685,2008616.1,1.0978509034155406,True,True
2023-02-02,3122.730712890625,3460.39990234375,3469.0,3420.10009765625,3427.0,1813847,0.015271261224981458,0.008936482934251755,0.043971461328975225,0.07597824965586653,3367.9175048828124,3339.5150048828127,3274.7212463378905,0.02745981673448239,0.03619833936490413,0.05670059893296364,0.014522477044656666,0.012527548377597742,2037725.05,0.8901333376649612,True,True
2023-02-03,3142.49365234375,3482.300048828125,3504.0,3452.89990234375,3504.0,1804469,0.006328790631840553,0.020887996065750425,0.05170485522109658,0.08630079856259654,3376.477502441406,3341.5580078125,3274.7732470703127,0.03134110809570112,0.04211868855383405,0.06337135004491401,0.014527566735683084,0.012529742609309018,2036645.65,0.8860004684663727,True,True
2023-02-06,3122.324462890625,3459.949951171875,3473.14990234375,3436.85009765625,3473.14990234375,1138714,-0.0064181998514950545,0.007659502155468179,0.07734579831143829,0.04342646967548758,3388.897497558594,3342.9640087890625,3274.2889965820314,0.020966244527746314,0.03499467600466,0.056702677980975835,0.012555443333760925,0.011797146838889107,1969162.55,0.5782732360007558,True,True
2023-02-07,3133.695068359375,3472.550048828125,3493.0,3461.39990234375,3468.89990234375,1455647,0.003641699398565734,0.03389707306737155,0.045964577749849855,0.04108830724872581,3396.5275024414063,3344.510009765625,3273.508497314453,0.022382432155215515,0.038283646539743144,0.06080373754244506,0.010394919376099718,0.011784152232132654,1897691.9,0.7670618186229282,True,True
2023-02-08,3176.60498046875,3520.10009765625,3539.89990234375,3478.050048828125,3478.050048828125,1986946,0.013693121239295447,0.03278712479590773,0.07111130789221143,0.056262376074424525,3408.212512207031,3346.965009765625,3273.0462475585937,0.03282881717277797,0.05172898054967989,0.07548131966724791,0.01026126054769798,0.011899850548821934,1803806.45,1.1015294905947366,True,True
2023-02-09,3195.330078125,3540.85009765625,3547.60009765625,3505.300048828125,3515.0,1655427,0.005894718736497273,0.02324881446737148,0.06373363463104775,0.05528484199892403,3418.82001953125,3349.9660107421873,3273.0094982910155,0.03569362453356972,0.05698090258288091,0.08183312621154504,0.010041830385456935,0.011892700199347284,1750552.2,0.9456598894908704,True,True
2023-02-10,3192.352294921875,3537.550048828125,3542.35009765625,3508.14990234375,3520.0,1187821,-0.0009319933736560149,0.015865950442321308,0.060941396440255646,0.056300402755486756,3428.980017089844,3351.204013671875,3272.9657482910156,0.03166248598626242,0.05560569705574947,0.08083931238060238,0.010078882737763242,0.011889432120288444,1697423.7,0.6997787293767608,True,True
2023-02-13,3142.583740234375,3482.39990234375,3549.0,3473.39990234375,3549.0,1087939,-0.01558992684856697,0.006488519050476871,0.03195977299346264,0.04155885483590782,3434.372509765625,3352.069013671875,3272.571748046875,0.013984328270028712,0.03888072952564592,0.06411720519866493,0.01065247401667008,0.012076455385617187,1664678.8,0.6535428936801502,True,True
2023-02-14,3158.556884765625,3500.10009765625,3524.85009765625,3495.0,3505.0,1579818,0.005082757813250405,0.00793366501295556,0.04980430599309371,0.06596622435092137,3442.675012207031,3353.553017578125,3272.1507482910156,0.016680367808637575,0.04369904972725269,0.06966346201631701,0.010176332147460077,0.011836143821059577,1651489.35,0.9566019908030288,True,True
2023-02-15,3177.101318359375,3520.64990234375,3526.0,3460.14990234375,3487.0,1429449,0.005871204855329992,0.00015619007194311862,0.04210573174043564,0.062052204166508584,3449.7875122070313,3356.259013671875,3272.020498046875,0.02054108836731916,0.04898039394522935,0.07598650572185783,0.009892194670069174,0.011800942417754229,1638538.05,0.87239292367974,True,True
2023-02-16,3210.8515625,3558.050048828125,3575.0,3527.0,3527.199951171875,1618931,0.010623080261254358,0.004857576767584693,0.04957228579000739,0.07549194338901244,3458.1900146484377,3359.8080126953123,3272.098748779297,0.028876387288348404,0.05900397742482277,0.08739079166101149,0.010071790061821248,0.011857598060179409,1598425.15,1.0128287833809422,True,True
2023-02-17,3159.50439453125,3501.14990234375,3538.89990234375,3490.0,3526.14990234375,1061369,-0.015991946629057563,-0.010289648480431568,0.03796205300176947,0.03579722896789295,3464.5925048828126,3362.820009765625,3272.2057482910154,0.01055171637340191,0.04113508667618704,0.06996630764196476,0.010776660761843547,0.011755035396407286,1572241.4,0.6750674546542281,True,True
2023-02-20,3147.005615234375,3487.300048828125,3522.0,3475.050048828125,3502.0,1296082,-0.003955801351536947,0.0014071176837207044,0.036930197605010484,0.028808328086288748,3470.8025024414064,3366.7110107421877,3272.0752490234377,0.004753236859520005,0.03581805438636487,0.06577623783833264,0.01080255397721844,0.011766449757547384,1560578.05,0.8305140521488176,True,True
2023-02-21,3114.247802734375,3451.0,3508.89990234375,3444.75,3494.0,1139541,-0.010409212949807234,-0.014028198133284375,0.010571348703800387,0.016419998527354318,3472.6075073242187,3370.00201171875,3272.1672485351564,-0.006222271672985058,0.024034997011749493,0.05465269281235585,0.010641462831759263,0.011849888392077845,1564159.3,0.7285325733766375,True,True
2023-02-22,3069.623291015625,3401.550048828125,3447.0,3395.0,3414.949951171875,1218430,-0.014329165798862675,-0.03382893977510759,-0.010112620989500276,0.0012362432634696052,3470.870007324219,3371.3910107421875,3271.9494982910155,-0.01997192587155816,0.008945577059985776,0.03960958156744221,0.011050850342550902,0.01200011940820391,1555687.65,0.7832099200633238,True,True
2023-02-23,3080.677978515625,3413.800048828125,3452.39990234375,3408.0,3421.0,1441570,0.0036012993559275674,-0.04054186928806969,-0.004650470492565062,0.006783059947149894,3470.072509765625,3372.360009765625,3271.8247485351562,-0.016216508669238405,0.012288142114868839,0.04339330838442157,0.01108123025346262,0.01200557879180465,1584060.65,0.9100472257801493,True,True
2023-02-24,3068.631103515625,3400.449951171875,3433.949951171875,3382.300048828125,3422.5,977592,-0.003910626710791898,-0.028761965063096584,-0.0031075761142501657,-0.02163622726246539,3469.5425048828124,3374.2670068359375,3271.7669982910156,-0.019914024288130494,0.0077595946861623855,0.039331331646806245,0.011047897102457212,0.01156388529858318,1543646.3,0.6333005170938446,True,True
2023-02-27,3006.724365234375,3331.85009765625,3390.0,3316.0,3390.0,1128022,-0.020173757738144005,-0.04457601840831349,-0.029647694896912213,-0.03119951375611052,3464.4525146484375,3376.0990087890623,3271.3829992675783,-0.03827514345528371,-0.013106520578223035,0.01848365000435881,0.01178985955240435,0.01177403183059404,1502357.5,0.7508346049458934,True,True
2023-02-28,2989.578857421875,3312.85009765625,3392.0,3299.89990234375,3328.5,4116217,-0.00570253746210414,-0.04003184652093594,-0.013651071599780074,-0.032998572027793216,3462.160021972656,3378.315009765625,3270.8727502441407,-0.04312623430714013,-0.019377977459217655,0.012833684040131521,0.010834704609381319,0.01178548286951043,1567149.6,2.626562901206113,True,True
2023-03-01,3055.320068359375,3385.699951171875,3389.0,3315.0,3323.0,1669307,0.021990084479573735,-0.004659669100476882,-0.00664548706423973,0.00010334337824247086,3461.0275146484373,3381.150009765625,3270.9172497558593,-0.02176450870666191,0.0013456786575893886,0.03509190011596375,0.011475296429009577,0.012039874475556826,1540356.9,1.0837144300778605,True,True
2023-03-02,2997.339599609375,3321.449951171875,3369.89990234375,3318.0,3361.0,1556538,-0.018976873593822607,-0.027051993770974225,-0.04015430444260604,-0.017496936867919866,3454.0800170898438,3382.2080078125,3270.2664990234375,-0.03839808726542271,-0.017964021284403886,0.015651156309041347,0.011588750962216905,0.01228760456060659,1527491.45,1.0190158511198213,True,True
2023-03-03,3016.019775390625,3342.14990234375,3358.0,3331.10009765625,3354.0,1043190,0.006232203247431567,-0.017144804265692426,-0.040246430381993825,-0.0025070947641306907,3447.072509765625,3383.8570068359377,3269.7332482910156,-0.030438178229389434,-0.012325315286057514,0.022147572463467657,0.011585124380042762,0.012261828336815026,1489427.5,0.700396628906073,True,True
2023-03-06,3042.821044921875,3371.85009765625,3404.949951171875,3359.0,3361.89990234375,1334132,0.008886553918982631,0.012005342025482424,-0.025462753727343856,0.024022503274238938,3442.667517089844,3386.7270068359376,3270.2827490234376,-0.02057050792214088,-0.00439270987878837,0.03105766578230651,0.011780904072274128,0.012100640101428639,1499198.4,0.8898968942336118,True,True
2023-03-08,3059.56103515625,3390.39990234375,3396.0,3330.85009765625,3364.0,1844590,0.005501372881431932,0.023408787720991198,-0.0236570086332083,0.031629859792877246,3438.560009765625,3389.4770068359376,3270.7697485351564,-0.014005894119951012,0.00027228256924338723,0.03657553512049305,0.011828561281693245,0.01211376531888096,1518645.55,1.2146283904101256,True,True
2023-03-09,3011.237060546875,3336.85009765625,3385.0,3330.85009765625,3385.0,1648500,-0.01579453935521924,-0.01442828786370065,-0.05205817872111407,0.0014255274033756482,3429.397509765625,3391.0240087890625,3270.8452490234376,-0.026986493063529293,-0.015975679025686973,0.02017975281848594,0.011720974210500645,0.012167475975931158,1501723.25,1.0977388809822315,True,True
2023-03-10,3005.957763671875,3331.0,3337.25,3290.0,3312.89990234375,1024404,-0.0017531796409910871,0.0028752650103174293,-0.05926545656229654,-0.010206990850720854,3418.9050048828126,3392.5020068359377,3271.0602490234373,-0.025711449940044706,-0.018128804850228608,0.0183242577064906,0.011552653544407864,0.012100057975256064,1470172.1,0.6967918925954315,True,True
2023-03-13,2961.693603515625,3281.949951171875,3369.800048828125,3272.0,3333.0,1901233,-0.014725322374099403,-0.018012343231420758,-0.07225342232003817,-0.007004370760447354,3406.125,3392.766005859375,3271.631749267578,-0.03645639805589196,-0.03266245137333923,0.0031538396418260284,0.011831886101593098,0.012027545710402468,1505842.7,1.262570785115869,True,True
2023-03-14,2901.23193359375,3214.949951171875,3304.39990234375,3209.39990234375,3280.0,2670334,-0.020414692788376154,-0.04653236114898318,-0.07680047055821304,-0.007808054572370993,3392.7525024414062,3391.931005859375,3271.571749267578,-0.05240657877094945,-0.052177079776025814,-0.017307215746797944,0.012132933041958938,0.012049849450727667,1584962.45,1.6847932264893721,True,True
2023-03-15,2886.748291015625,3198.89990234375,3260.35009765625,3192.0,3250.0,1780522,-0.004992316854660395,-0.056483012481099326,-0.0860547375528462,-0.0009837905205535291,3377.692492675781,3390.6800048828127,3271.259748535156,-0.05293335338244276,-0.056560955991979855,-0.022119871778390032,0.01194731716433851,0.011969386225171588,1594997.65,1.11631637827178,False,True
2023-03-16,2874.204833984375,3185.0,3219.800048828125,3172.0,3208.0,1901060,-0.00434521328209303,-0.04550701805960866,-0.09533748360503069,-0.018172275176619013,3360.9099975585937,3388.1530029296873,3270.308498535156,-0.05233999056397731,-0.059959807822735245,-0.026085764866943806,0.011699938369966842,0.011858761179081946,1618578.2,1.1745246537980063,False,True
2023-03-17,2869.060546875,3179.300048828125,3221.39990234375,3144.0,3150.5,6739966,-0.0017896236018445366,-0.045541864656822306,-0.1064487555830601,-0.027305685599643414,3341.9724975585937,3385.446005859375,3269.3832482910157,-0.04867557972104963,-0.06089181652120934,-0.027553575895386206,0.011147556047199152,0.011815661615014942,1874629.95,3.5953581132105565,False,True
2023-03-20,2836.573486328125,3143.300048828125,3169.64990234375,3095.050048828125,3169.64990234375,2289468,-0.01132324708178123,-0.042246196440089756,-0.10220923510760627,-0.03570877813520956,3324.0800048828123,3382.0900048828125,3268.3237487792967,-0.05438495938399068,-0.07060425822788285,-0.03825315652951067,0.010964832030754346,0.011896348568890148,1936034.9,1.182555128525834,False,True
2023-03-21,2803.00390625,3106.10009765625,3156.75,3097.449951171875,3143.300048828125,1815297,-0.011834680302233225,-0.03385740218940214,-0.10931091269303705,-0.037867640219303444,3305.0200073242186,3379.981005859375,3266.739249267578,-0.060187202869315226,-0.08103030985332105,-0.04917415788460755,0.011054438519568123,0.011928436852495254,1961995.65,0.925229880096829,False,True
2023-03-22,2825.293701171875,3130.800048828125,3143.5,3106.10009765625,3130.050048828125,1123939,0.007952078296032061,-0.021288522803020515,-0.09278468593795275,-0.037535693437000806,3289.010009765625,3376.1980078125,3265.1925,-0.04810260852589321,-0.07268470581894948,-0.04115912038015368,0.011400925835849464,0.011932559956273837,1961215.55,0.5730828516019058,False,True
2023-03-23,2819.7431640625,3124.64990234375,3146.35009765625,3101.0,3114.89990234375,1372218,-0.001964400916205755,-0.018948225323783374,-0.08140410768901385,-0.04137140593841082,3275.165002441406,3372.9630078125,3263.6609997558594,-0.04595649379052891,-0.07361868626889889,-0.042593608044005915,0.011190012916848008,0.011928969066439204,1968904.95,0.6969447661757364,False,True
2023-03-24,2815.997802734375,3120.5,3170.0,3106.0,3148.89990234375,1329577,-0.0013281175406681944,-0.01849465225837943,-0.08591600112279796,-0.041939177047259024,3260.5,3368.7990087890626,3262.45,-0.04293819966262846,-0.07370549805472526,-0.04351024536774506,0.01106324378380862,0.011929299803918672,1963305.3,0.6772135744756559,False,True
2023-03-27,2817.622802734375,3122.300048828125,3152.75,3106.0,3135.0,1524217,0.0005768462836484023,-0.006680876681762871,-0.08179796977982079,-0.044803044335564035,3246.5925048828126,3364.5580078125,3261.0407507324217,-0.03828397184671439,-0.0720029074909252,-0.042544915108201575,0.011119551370596309,0.01191759140519827,1990636.55,0.7656932653024984,False,True
2023-03-28,2811.8466796875,3115.89990234375,3149.550048828125,3110.14990234375,3127.0,1303530,-0.0020498178856247495,0.0031550189560518582,-0.06481389887990685,-0.04323396411679259,3235.7949951171877,3359.3850048828126,3259.4847497558594,-0.03705274683790516,-0.07247907048021018,-0.04405139414223802,0.010468612526672047,0.01191249764242361,1999411.95,0.6519566915662378,False,True
2023-03-29,2832.602783203125,3138.89990234375,3150.0,3104.10009765625,3129.0,1740616,0.007381495144532568,0.002587151331704174,-0.05250771697625711,-0.03757532712838085,3227.0974853515627,3355.482001953125,3258.3797497558594,-0.02733031258217611,-0.06454574916012334,-0.036668484519357114,0.010715995198945385,0.011954871789333583,1880631.9,0.9255484818693122,False,True
2023-03-31,2893.064453125,3205.89990234375,3213.0,3152.0,3189.949951171875,2382581,0.021345057849717408,0.026002913138862604,-0.05310572449454409,-0.03184507593659058,3218.1074829101562,3352.032001953125,3258.311248779297,-0.003793403617261104,-0.043595078902656126,-0.016085432739178174,0.010638662089278451,0.012115263127532635,1916295.6,1.2433264471305991,False,True
2023-04-03,2887.74072265625,3200.0,3224.949951171875,3173.75,3224.949951171875,1521830,-0.0018403264367164995,0.025476686428457018,-0.03656534132902556,-0.034588842176871304,3212.0349853515627,3348.232001953125,3258.2584985351564,-0.0037468413035499637,-0.044271723663908746,-0.017880256757205726,0.009922225963729938,0.012114990065025935,1914560.2,0.794871845763847,False,True
2023-04-05,2923.657470703125,3239.800048828125,3264.35009765625,3185.5,3185.5,2655065,0.012437515258789,0.037632513904005016,-0.030623956586701917,-0.021533643419174964,3206.9174926757814,3345.5660009765625,3258.4259985351564,0.010253633349608604,-0.031613769424236327,-0.005716241435406166,0.010277721738761516,0.012229448881406044,1995153.95,1.3307569573766476,False,True
2023-04-06,2906.420654296875,3220.699951171875,3257.35009765625,3215.0,3225.0,1703464,-0.005895455697384366,0.03363395876398201,-0.04482706588571017,0.0028490611090083995,3199.3599853515625,3342.717998046875,3258.8194982910154,0.006670073364053675,-0.03650264453845464,-0.011697348422989085,0.010019464331649084,0.011614623067001874,2013620.55,0.845970706844445,False,True
2023-04-10,2944.9541015625,3263.39990234375,3272.0,3215.0,3220.0,2203187,0.013257972434326915,0.03966357764611694,-0.037458708016186004,-0.017033404015070808,3193.0099853515626,3339.687998046875,3259.691998291016,0.02204500371596474,-0.022842881055877062,0.0011375013512560095,0.010474775655408036,0.010887113099166974,2031550.4,1.0844855239623885,False,True
2023-04-11,2900.19384765625,3213.800048828125,3272.949951171875,3192.14990234375,3264.0,2348779,-0.015198827909507107,0.0024642523862330457,-0.03687610927279994,-0.022090997953063796,3186.8574829101562,3335.237998046875,3260.1989990234374,0.008454273861461026,-0.03641057978167206,-0.014231938053232529,0.010433818536881629,0.010984852167058082,2066564.35,1.1365622367384784,False,True
2023-04-12,2925.32666015625,3241.64990234375,3260.949951171875,3199.0,3227.949951171875,2417727,0.008665708224685709,0.013015594482421955,-0.02682380596104772,-0.02615136542946106,3182.3899780273437,3331.47599609375,3260.347498779297,0.018621201275005106,-0.026962851857652126,-0.005734847724835346,0.010694448611539087,0.01091248012046813,2136230.5,1.1317725311009275,False,True
2023-04-13,2877.6787109375,3188.85009765625,3230.0,3180.0,3210.0,4174070,-0.016287941720457,-0.015726264091607822,-0.02836723743528813,-0.04363668953127431,3177.7349853515625,3327.0319970703126,3260.176999511719,0.0034978097153868237,-0.041533084002721266,-0.021878229883270595,0.010802819023524066,0.011099779486727817,2249872.35,1.8552474765957276,False,True
2023-04-17,2833.14453125,3139.5,3163.39990234375,3070.25,3134.10009765625,5505048,-0.015475828635695854,-0.02521189567576132,-0.02346846834874461,-0.0696537450703244,3173.9624877929687,3321.1489990234377,3259.330499267578,-0.01085787495142465,-0.054694624985765605,-0.03676537230406851,0.01039355573508832,0.011133262212095256,2391608.05,2.301818644572634,False,True
2023-04-18,2825.248291015625,3130.75,3156.85009765625,3110.60009765625,3154.949951171875,2617302,-0.00278706800445927,-0.0406477619394674,-0.02130416844047489,-0.06097690372092113,3170.5549926757812,3316.59,3258.518748779297,-0.012554582010951942,-0.05603345604973786,-0.039210683942561775,0.010362135796279601,0.011044113626017602,2433447.05,1.0755532979441653,False,True
2023-04-19,2788.113525390625,3089.60009765625,3140.0,3071.5,3130.75,3298034,-0.01314378418709572,-0.03864582403536998,-0.029952873577315575,-0.08548419755966319,3165.7849975585937,3310.215,3257.3932495117188,-0.024065089689001673,-0.06664669888322972,-0.051511481421723015,0.010692029171992912,0.010991733976831366,2503295.75,1.3174767703736165,False,True
2023-04-20,2801.83056640625,3104.800048828125,3113.0,3078.0,3090.0,2419999,0.004919714749946236,-0.04221611143654991,-0.023432830766463963,-0.08412977910674779,3162.0599975585938,3303.1030029296876,3256.326500244141,-0.01810843209005486,-0.060035352795743235,-0.046532941768786196,0.010786151820422451,0.011004543301858998,2287297.4,1.0580167668620617,False,True
2023-04-21,2852.410888671875,3160.85009765625,3164.449951171875,3100.800048828125,3110.0,1929184,0.018052708047747057,-0.008780594616404014,0.0055833196180772315,-0.06292431112479546,3162.9375,3296.67400390625,3255.678250732422,-0.0006599568735550232,-0.041200284313541946,-0.029127003890767944,0.011312282030636408,0.011276036011011214,2269283.2,0.8501292390478191,False,True
2023-04-24,2865.0,3174.800048828125,3180.949951171875,3126.14990234375,3151.10009765625,1640676,0.0044133542372726264,0.011243844187967866,0.02211775184699083,-0.05599002211065662,3166.3724975585938,3290.971005859375,3255.2167504882814,0.0026615792286059925,-0.03529990292360974,-0.024703946871769467,0.010970256637597571,0.011294683830705081,2260552.15,0.7257855121811723,False,True
2023-04-25,2866.08251953125,3176.0,3191.199951171875,3147.5,3183.0,2024090,0.0003779611797340987,0.014453405733450442,0.014437188727141281,-0.06995809809235864,3168.6324951171873,3285.0400048828124,3254.52125,0.0023251370722752185,-0.03319290015364729,-0.024126820496255696,0.010853248084209432,0.011091922874883975,2305559.7,0.877916976081773,False,True
2023-04-26,2886.0712890625,3198.14990234375,3208.39990234375,3181.0,3181.0,2000029,0.006974150612012009,0.035133933601906975,0.023522635270232684,-0.06930423510763883,3172.3074951171875,3278.6010009765623,3254.336749267578,0.00814624914713935,-0.024538240124019062,-0.017265222149021153,0.010918443588778618,0.011100310660884734,2336950.25,0.8558286595959841,False,True
2023-04-27,2876.86669921875,3187.949951171875,3199.199951171875,3170.64990234375,3185.0,2434446,-0.003189328669178426,0.026781081240685456,0.021615110133592408,-0.0705007795985495,3175.6799926757812,3271.542998046875,3254.194998779297,0.003863726359202513,-0.02555156601178865,-0.020356815627911473,0.010949191262620872,0.011103056050934737,2392193.7,1.017662574732138,False,True
2023-04-28,2905.112548828125,3219.25,3227.25,3196.25,3200.39990234375,2931312,0.009818237208090164,0.01847601137018584,0.031050811791218713,-0.05622903389940537,3180.527490234375,3265.1769970703126,3253.987498779297,0.012174870327176901,-0.014065699075891058,-0.01067536331726171,0.011118456004373615,0.011177697996194681,2462548.45,1.1903570871874622,False,True
2023-05-02,2905.24755859375,3219.39990234375,3235.0,3210.0,3235.0,2321159,4.656436864181046e-05,0.014048082660225392,0.03321672815039678,-0.06239715931835588,3185.702490234375,3259.9169970703124,3253.6452478027345,0.010577702159154212,-0.012428873116393846,-0.010525224125805144,0.011092198609594999,0.011134785333762444,2513429.9,0.9235025810745707,False,True
2023-05-03,2869.60205078125,3179.89990234375,3216.0,3173.14990234375,3216.0,2468285,-0.0122693673349632,0.0012279289495433776,0.013061901072215276,-0.05323489785556468,3187.752490234375,3253.5129931640627,3253.2174975585935,-0.002463361855941204,-0.022625725169987287,-0.022536948504016552,0.011427125567745725,0.010897771266787325,2549813.35,0.9680257576500648,False,True
2023-05-04,2906.420654296875,3220.699951171875,3224.449951171875,3178.0,3180.14990234375,1953253,0.012830607906259228,0.007050966814156956,0.0046165037209380255,-0.055056006897123755,3188.4924926757812,3247.513994140625,3253.7519970703124,0.010101155505329418,-0.008256790584160623,-0.010158133111619283,0.01075688616740142,0.010853126848150586,2528346.95,0.7725415216451997,False,False
2023-05-05,2915.44482421875,3230.699951171875,3244.0,3210.050048828125,3220.0,1710027,0.0031049151276452136,0.013409871752938063,0.009593734741210946,-0.06637959705648411,3190.027490234375,3240.9669921875,3254.4819970703124,0.012749877880993354,-0.0031678943476975974,-0.007307475020555065,0.01076228867179179,0.010658050897560917,2537756.8,0.6738340726739458,False,False
2023-05-08,2933.403076171875,3250.60009765625,3254.85009765625,3231.300048828125,3245.0,928235,0.006159701236617909,0.009738323415780181,0.003333554128450489,-0.0665364695526014,3190.567492675781,3235.95599609375,3255.5412475585936,0.01881565117123496,0.0045254328489563456,-0.0015177660261712633,0.01048476811020189,0.010656078663610305,2451415.3,0.37865269095775,False,False
2023-05-09,2962.8671875,3283.25,3298.0,3246.0,3252.60009765625,1107375,0.010044269169650066,0.01983291905108353,0.019421259284139625,-0.05107008877744812,3193.6949951171873,3231.8749951171876,3256.9637475585937,0.028041188973816356,0.01589634653581329,0.008070784472535397,0.010600725057683509,0.010728282956785478,2421610.85,0.4572885854058673,False,False
2023-05-10,2966.07080078125,3286.800048828125,3306.5,3266.050048828125,3290.0,1559987,0.0010812605887839943,0.033617456450621086,0.007170480843481375,-0.05349094970213164,3194.8650024414064,3228.59099609375,3258.4247473144533,0.028775878266050325,0.018029243346339596,0.008708288118993046,0.010202809644397536,0.010715332959828659,2389450.85,0.6528642344746283,False,False
2023-05-11,2961.874267578125,3282.14990234375,3309.699951171875,3272.0,3309.0,1719623,-0.0014147944551823333,0.019079688298661912,0.02126761232098051,-0.06759756504394054,3198.2824951171874,3226.2029931640627,3259.517996826172,0.026222638980328616,0.017341410102907906,0.0069433289031124446,0.009536992757315073,0.010543706065971502,2357993.05,0.7292739900145169,False,False
2023-05-12,2954.790283203125,3274.300048828125,3290.0,3260.0,3279.14990234375,1027479,-0.0023916803769442607,0.013495557716659778,0.010072076710309963,-0.07527854652885735,3199.915002441406,3223.4129931640623,3260.5182470703126,0.0232459444485138,0.01578670054751896,0.0042268745989064715,0.009394515968765652,0.010504582061102427,2288480.65,0.448978670630228,False,False
2023-05-15,2937.4189453125,3255.050048828125,3292.0,3248.35009765625,3284.0,1150390,-0.005879119113378017,0.0013689629724318308,0.02075981910235636,-0.07985752741323981,3203.225,3220.5049951171877,3260.9694970703126,0.0161790223378393,0.010726595289655805,-0.0018152418314570928,0.008673685886982169,0.010521451793962295,2137296.65,0.5382453577513444,False,False
2023-05-16,2940.216552734375,3258.14990234375,3285.0,3250.449951171875,3256.199951171875,986306,0.0009523213066235936,-0.007644893826619925,0.037792611034798584,-0.06439524646467909,3209.1574951171874,3219.0309912109374,3261.3737463378907,0.015266439026786927,0.012152387236910922,-0.0009884926552071738,0.007754076721150361,0.01035694615941192,1911359.55,0.5160232673125263,False,False
2023-05-17,2895.59130859375,3208.699951171875,3280.0,3198.25,3255.949951171875,1588815,-0.015177310023796964,-0.023761742879399028,0.02489817173900022,-0.08325480367818727,3213.0549926757812,3216.94798828125,3261.56224609375,-0.0013554207798601725,-0.0025639323792058244,-0.016207660910101063,0.008596227697291688,0.010482916844516067,1859935.2,0.8542313732220349,False,False
2023-05-18,2887.605224609375,3199.85009765625,3228.949951171875,3195.0,3225.949951171875,1369364,-0.0027580807337229674,-0.025074968278788967,0.0356842298405009,-0.09111948463661179,3218.567492675781,3213.2309912109376,3261.727746582031,-0.005815442758967948,-0.004164311122134667,-0.018970819680037,0.00797091976096512,0.010440666946237803,1763501.7,0.77650279554593,True,False
2023-05-19,2908.361083984375,3222.85009765625,3234.5,3203.050048828125,3210.0,1152449,0.007187836710490503,-0.015713267081399307,0.038021787867686285,-0.09420889154785106,3224.4699951171874,3211.258994140625,3262.2624975585936,-0.0005023763481720733,0.0036095199847705484,-0.012081308580115468,0.008033756255677012,0.010382106107367626,1700124.2,0.6778616526957266,True,False
2023-05-22,2976.809326171875,3298.699951171875,3308.449951171875,3217.050048828125,3230.0,1333243,0.02353502372660321,0.01340990205648751,0.04361163903907994,-0.05782384554181763,3231.3624877929688,3210.3899951171875,3262.8117468261717,0.020838721633145596,0.027507547739994642,0.010999164870793665,0.008681391653865892,0.010702195545830611,1670327.15,0.7981927372730546,True,False
2023-05-23,2975.320556640625,3297.050048828125,3327.949951171875,3290.10009765625,3306.0,1687418,-0.0005001674502598252,0.01193933601900632,0.03850636201329416,-0.05455509917018231,3237.474987792969,3208.893994140625,3262.9944970703127,0.01840170542159747,0.0274724110078024,0.01043690137644715,0.008684158414921844,0.010694964407637628,1672664.25,1.008820508957491,True,False
2023-05-24,2981.005859375,3303.35009765625,3317.199951171875,3276.0,3276.0,1016555,0.0019108138289753995,0.029497973610716377,0.04009763780108622,-0.04278467178897416,3243.842492675781,3207.152998046875,3263.001748046875,0.018344788661850853,0.02999454646159938,0.012365408517946985,0.008676531782988526,0.010626928816360837,1622287.5,0.6266182782028463,True,False
2023-05-25,2972.116455078125,3293.5,3306.0,3267.10009765625,3294.0,1374917,-0.0029818509588913633,0.02926696547827179,0.029814142728698645,-0.031764944592054256,3248.609997558594,3206.28599609375,3262.9752478027344,0.013818218399605398,0.027200943400714772,0.009354883160030303,0.008661919083679326,0.01047972949457565,1591031.9,0.8641668341156453,True,False
2023-05-26,3004.062744140625,3328.89990234375,3338.64990234375,3291.0,3293.5,1791115,0.010748414253453742,0.03290559643609314,0.04421335131690585,-0.02486968928174904,3255.6574951171874,3206.243994140625,3263.1607470703125,0.022496963312759632,0.03825532567929235,0.02014585255490675,0.008823489052102661,0.010567204900742642,1558865.35,1.1489863444588078,True,False
2023-05-29,2996.346923828125,3320.35009765625,3372.0,3312.0,3360.800048828125,1210372,-0.002568357396832588,0.006563236064160316,0.031404860652714195,-0.023555663122764248,3260.7125,3207.0119970703126,3263.064997558594,0.01828974423726404,0.035340716121259996,0.017555611101990554,0.008694561166816828,0.010560989911990289,1472818.35,0.821806708206752,True,False
2023-05-30,2992.6015625,3316.199951171875,3326.949951171875,3301.35009765625,3315.0,1344224,-0.0012499123171693105,0.005808192796635359,0.030067730559864225,-0.004697134032345507,3265.5525024414064,3209.0369970703123,3262.871247558594,0.015509610913498895,0.03339411611626697,0.016344102959374718,0.008711436308673395,0.010236282718414898,1423971.6,0.9439963549834841,True,False
2023-05-31,2968.50732421875,3289.5,3327.699951171875,3265.14990234375,3309.0,5815424,-0.008051369508777606,-0.00419274289639382,0.03446652442596365,-0.007048341146727255,3271.032507324219,3210.8489990234375,3262.493497314453,0.00564576861722732,0.024495390783086934,0.008277871728411768,0.008405772390169831,0.010262812956068424,1591328.55,3.654445840238334,True,False
2023-06-01,2999.640625,3324.0,3340.0,3297.5,3314.0,1177314,0.010487916096671324,0.009260664946106001,0.032073788429294314,-0.01822369142620539,3276.197509765625,3213.6289990234377,3262.241247558594,0.01459084505494146,0.0343446617547023,0.018931387274814693,0.00825795397618952,0.009946382299254566,1552531.6,0.7583188644920335,True,False
2023-06-02,2983.0361328125,3305.60009765625,3335.89990234375,3297.449951171875,3326.25,2030661,-0.0055354700191786455,-0.006999250614623587,0.023183875821462863,-0.004771968191190967,3279.942517089844,3216.155,3261.997998046875,0.00782257019222743,0.02781118996324805,0.01336668496899196,0.0084005226835196,0.009665016884763216,1568563.3,1.2945993317579214,True,False
2023-06-05,2967.965576171875,3288.89990234375,3327.0,3285.050048828125,3315.0,1861468,-0.00505209184993094,-0.009471951567607273,0.011782379725858938,-0.015932858057221555,3281.8575073242187,3219.0669970703125,3261.3299975585937,0.0021458564254586143,0.021693523414390903,0.008453577162015113,0.00842478346507867,0.009650800001968034,1615224.95,1.152451242162895,True,False
2023-06-06,2916.888671875,3232.300048828125,3288.85009765625,3220.60009765625,3280.0,2022849,-0.017209357291564475,-0.025300013141276834,-0.015518145487512403,-0.04138678908802185,3279.310009765625,3221.59099609375,3260.4837475585937,-0.014335320783185113,0.003324150318075647,-0.008644023682550905,0.009004268059083699,0.009819903063378387,1660998.65,1.2178510801318232,True,False
2023-06-07,2955.33154296875,3274.89990234375,3278.85009765625,3241.0,3253.0,1567196,0.013179424209416979,-0.004438394180346528,-0.0036205872908569026,-0.0340667777627518,3278.7150024414063,3224.4729931640627,3259.894747314453,-0.0011635961328799738,0.015638806492283663,0.0046029569027215,0.009524635486800288,0.0099506706624756,1661359.1,0.9433216455130019,True,False
2023-06-08,2920.6337890625,3236.449951171875,3270.0,3233.0,3261.0,1759366,-0.011740801953781133,-0.02633876318535655,-0.013923785485617568,-0.030088299907417015,3276.4300048828127,3226.708994140625,3259.071496582031,-0.012202321933127203,0.0030188520405585173,-0.006941101302588959,0.009871037815397176,0.009858599993525098,1663346.25,1.0577268563295226,True,False
2023-06-09,2896.133544921875,3209.300048828125,3250.0,3205.35009765625,3245.0,1775689,-0.008388791037513,-0.029132395324045435,-0.01985157103218549,-0.03653556024373317,3273.1800048828127,3228.4849951171873,3258.2117468261717,-0.01951617569439934,-0.00594239908752181,-0.015011822987162082,0.01001659483234114,0.00991042094470595,1700756.75,1.0440581817476249,True,False
2023-06-12,2930.063720703125,3246.89990234375,3254.39990234375,3211.0,3215.0,2324605,0.011715904696837143,-0.012770227506793352,-0.0025038467495481775,-0.010679641478265056,3272.772497558594,3230.9769921875,3257.5174963378904,-0.00790540596211442,0.004928202891803846,-0.0032594127295023645,0.010329113027578192,0.00985813561813684,1759467.5,1.321198032927576,True,False
2023-06-13,2927.17626953125,3243.699951171875,3265.0,3239.0,3260.0,1371928,-0.000985540444152666,0.0035268700836987854,-0.004435017296619881,0.008942596443692885,3272.05,3233.5329931640626,3256.9632458496094,-0.008664307950100092,0.0031442258450140592,-0.0040722887169930555,0.010328060055358407,0.009492910239444041,1778748.6,0.7712883090955067,True,False
2023-06-14,2933.809326171875,3251.050048828125,3255.85009765625,3225.85009765625,3243.699951171875,1658544,0.002265961021947982,-0.007282620607291346,0.013198522236640642,0.016302525266941315,3274.1675048828124,3235.77599609375,3256.7954956054687,-0.007060559980578862,0.004720367773546119,-0.0017641410966995341,0.009712357114974752,0.009471941029299838,1782235.05,0.93059779067862,True,False
2023-06-15,2924.035888671875,3216.300048828125,3247.449951171875,3210.0,3245.300048828125,2273810,-0.01068885420958865,-0.00622592737343397,0.005140850561694776,0.009827330872252737,3274.9900024414064,3235.9839990234377,3256.6002453613282,-0.017920651229325846,-0.00608283298101997,-0.012374928912631034,0.010018083886477114,0.009559821560659409,1827457.35,1.2442479163740812,True,False
2023-06-16,2886.39794921875,3174.89990234375,3199.39990234375,3156.0,3197.0,4156189,-0.012871978937244788,-0.010718893827623366,-0.014878195963061058,-0.0013839984955169582,3272.592492675781,3235.4819970703124,3256.3837451171876,-0.029851743090736682,-0.018724287380185944,-0.025022801104329084,0.010293009753424854,0.009705028105531054,1977644.35,2.1015856566930244,True,False
2023-06-19,2918.671630859375,3210.39990234375,3214.89990234375,3175.0,3190.0,1468186,0.011181454877929653,-0.011241492222674565,-0.026768135973311624,0.021346945081059276,3268.177490234375,3234.893994140625,3256.3247448730467,-0.017678840290427877,-0.007571837544365079,-0.014103274742976235,0.009058872864206764,0.00969395400883803,1984391.5,0.7398671078766463,True,False
2023-06-20,2934.39990234375,3227.699951171875,3232.5,3201.050048828125,3214.0,1528452,0.005388751979307882,-0.004932638727641714,-0.021033983903550157,0.039148723380608264,3264.7099853515624,3235.033994140625,3256.8004943847654,-0.011336392618562674,-0.0022670682849187385,-0.008935316505590207,0.009181684146144854,0.009579912329782734,1976443.2,0.7733346447800777,True,False
2023-06-21,2962.128173828125,3258.199951171875,3261.39990234375,3223.949951171875,3250.0,1645987,0.009449453313938427,0.0021992593889248457,-0.013667987088746503,0.04069244294008367,3262.4524780273437,3234.9299951171874,3257.0357446289063,-0.0013034754940062232,0.007193341460189684,0.0003574435880504545,0.009458985864462126,0.009601090540817868,2007914.8,0.819749423630923,True,False
2023-06-22,2944.218505859375,3238.5,3267.64990234375,3230.10009765625,3260.0,1529603,-0.0060462683282496155,0.006902325913269003,-0.0166995597388796,0.03643611323331064,3259.7024780273437,3235.423994140625,3257.569744873047,-0.006504421237908398,0.0009507272817861345,-0.005853978998626275,0.00952342535183382,0.009634766314606092,2015649.1,0.7588637327796788,True,False
2023-06-23,2924.08154296875,3216.35009765625,3249.39990234375,3209.14990234375,3237.300048828125,1119505,-0.006839556073413577,0.01305559122727007,-0.03380990957651142,0.030716262668242234,3254.074987792969,3234.917998046875,3257.9994958496095,-0.011593122555022983,-0.005739836497195783,-0.01278373377479558,0.009207864522173322,0.009680036380372611,1982068.6,0.5648164750705399,True,False
2023-06-26,2899.807373046875,3189.64990234375,3213.89990234375,3173.0,3205.0,1978803,-0.008301395837460701,-0.00646336924719304,-0.03936337779704557,0.02157058977752735,3247.5399780273438,3234.933994140625,3258.2807458496095,-0.0178258238775425,-0.013998459281981401,-0.021063514429590313,0.009325528510640559,0.009747248632099829,2020490.15,0.9793678034015657,True,False
2023-06-27,2906.807861328125,3197.35009765625,3209.64990234375,3182.300048828125,3202.0,863542,0.0024141192758622143,-0.009402935209205543,-0.03583916991302827,0.02614018353132397,3241.5974853515627,3236.09099609375,3258.63224609375,-0.013649871057483831,-0.01197151083954806,-0.01880609526004695,0.009376160971791525,0.009745250065303957,1996456.05,0.43253744554006085,True,False
2023-06-28,2923.26318359375,3215.449951171875,3230.949951171875,3193.39990234375,3208.0,1575872,0.005660891977044669,-0.013120741710349604,-0.022511034755472004,0.024387540606493063,3237.894982910156,3237.7849951171875,3258.961495361328,-0.006931982617332411,-0.006898248024187925,-0.013351352647579806,0.009394875577492062,0.009727102343063721,1784478.45,0.8830994848943119,True,False
2023-06-30,3002.17578125,3302.25,3310.0,3214.10009765625,3220.0,2672406,0.026994681971800105,0.019685039370078705,-0.006543321299638971,0.03005399438261036,3236.807482910156,3242.0379931640623,3259.6244958496095,0.02021822967086262,0.018572270578844696,0.013076814278658366,0.011046026828602173,0.009957435369610393,1859233.05,1.4373701026883101,False,False
2023-07-03,2974.947021484375,3272.300048828125,3318.800048828125,3268.75,3314.300048828125,1687264,-0.009069558989136195,0.017395479183887952,-0.010073828607318647,0.02259376525878909,3235.14248046875,3245.3879931640627,3259.8977465820312,0.011485604910356662,0.008292400083055984,0.003804506524506035,0.011162339633353368,0.010030225732540686,1842063.2,0.9159642296746388,False,False
2023-07-04,3008.176025390625,3308.85009765625,3315.0,3277.300048828125,3290.0,1656681,0.011169528552619878,0.037370933789602434,0.006065917451085312,0.021313058765185522,3236.139990234375,3248.3479931640627,3260.227247314453,0.022468158868680144,0.018625499675376522,0.014913945149636065,0.011397008548589103,0.010005786218508348,1831823.85,0.9043888144594252,False,False
2023-07-05,3018.267578125,3319.949951171875,3329.0,3305.0,3320.0,1453008,0.0033545954600624484,0.03834420684975792,0.027116883030561256,0.03081628264187941,3240.5224853515624,3251.2509912109376,3260.680246582031,0.02451069732716138,0.021130008155829882,0.018177098061661345,0.010629960666631796,0.009978356478401092,1803331.8,0.8057352507175883,False,False
2023-07-06,3020.94921875,3322.89990234375,3328.449951171875,3302.0,3306.550048828125,1848238,0.0008885529044899698,0.033416769908894084,0.014656936526715736,0.01823251877812071,3242.9224853515625,3254.1889892578124,3261.6927465820313,0.02466214266713096,0.021114604380002122,0.01876545723868639,0.010261539101636871,0.009838250989089803,1817383.9,1.0169772055315336,False,False
2023-07-07,3026.722412109375,3329.25,3356.89990234375,3302.0,3302.0,1789326,0.0019110108167179618,0.008176243470361166,0.028673407662158867,0.035923190434318464,3247.5624877929686,3256.8109912109376,3262.81724609375,0.025153484348362953,0.022242312797565278,0.020360550069355998,0.00982997912687986,0.009625633850228556,1818881.9,0.9837505117841902,False,False
2023-07-10,2974.629150390625,3271.949951171875,3324.75,3265.199951171875,3324.75,1407431,-0.017211098243786083,-0.00010698825016841607,0.019521360231377072,0.009347107103150787,3250.6949829101563,3258.4909912109374,3264.13349609375,0.006538592016003486,0.004130427242929446,0.002394649326529885,0.01047217739036909,0.009837051516243747,1800469.0,0.7817024341990892,False,False
2023-07-11,2975.038330078125,3272.39990234375,3295.0,3260.800048828125,3295.0,1110172,0.00013751774281067775,-0.011015970574889011,0.007853645251457486,0.026200605901452567,3251.9699829101564,3259.5539892578126,3265.351495361328,0.006282321036466421,0.003941003317715408,0.0021585446444081224,0.01016525178852814,0.009595954726420641,1739747.35,0.6381225411839253,False,False
2023-07-12,2963.674072265625,3259.89990234375,3289.14990234375,3250.10009765625,3280.949951171875,1515240,-0.0038198265410799292,-0.01808763677504488,0.004994281658518451,0.03835002463569048,3252.77998046875,3260.3639892578126,3266.4494946289065,0.002188872877277648,-0.00014234205616048268,-0.0020051105323765084,0.010205848362914499,0.009383162052975123,1746912.95,0.8673815143450623,False,False
2023-07-13,3036.995361328125,3340.550048828125,3367.449951171875,3272.75,3284.0,4585146,0.024740068376452484,0.005311669626859805,0.027529566957070095,0.06701271223448857,3257.25498046875,3263.5769921875,3268.1462451171874,0.025572167011434832,0.02358548820048889,0.022154395268912275,0.011578785264239652,0.009871492879036908,1893243.05,2.421847527711775,False,False
2023-07-14,3195.275390625,3514.64990234375,3524.85009765625,3352.0,3365.0,6306101,0.052117121722723425,0.05568818873432457,0.0927618222759814,0.1375743757290595,3272.172473144531,3269.4559912109376,3270.6824951171875,0.07410288766539264,0.07499532392910346,0.07459220134965161,0.015850248237901664,0.011698457970856285,2094857.6,3.0102766889739905,True,False
2023-07-17,3174.410400390625,3491.699951171875,3549.89990234375,3477.050048828125,3510.0,2743228,-0.0065297972229242385,0.06716178525936645,0.09978268876894658,0.12461346826175856,3288.0124755859374,3274.6759912109374,3273.2307446289065,0.06194851056629269,0.06627341469611614,0.06674421193845204,0.015543563704103511,0.011746906735778674,2024209.55,1.3552094939972987,True,True
2023-07-18,3179.0927734375,3496.85009765625,3524.0,3465.0,3476.0,2600090,0.0014749682264785235,0.06858886505642081,0.08922570521615625,0.10630051714541655,3302.3349853515624,3279.6009912109375,3275.742995605469,0.058902295850516095,0.06624254201273949,0.06749830568130788,0.015487874250979649,0.011556988163249663,2080804.75,1.2495598157395593,True,True
2023-07-19,3154.72802734375,3470.050048828125,3516.85009765625,3445.64990234375,3500.0,2405370,-0.0076640542430136405,0.06446521450958809,0.07508445683380827,0.09299798269468407,3314.452490234375,3283.3369921875,3278.00599609375,0.04694517693410871,0.056866857433427453,0.0585856319247815,0.01571707752038269,0.011614844890235941,2124650.65,1.1321249448703485,True,True
2023-07-20,3156.77880859375,3463.300048828125,3478.89990234375,3436.050048828125,3453.10009765625,1715404,-0.0019452169003382203,0.03674544557207304,0.06294889838865836,0.09045971310709233,3324.7074951171876,3286.8669921875,3280.144246826172,0.041685638184556284,0.05367818565825333,0.05583772792284125,0.015705800421118694,0.011622683307188695,2128121.5,0.806064879284383,True,True
2023-07-21,3070.18701171875,3368.300048828125,3434.89990234375,3359.050048828125,3404.050048828125,3770223,-0.027430484988485215,-0.041639952081153675,0.040080299159525934,0.053202680199474495,3331.1974975585936,3288.5899951171873,3281.9992468261717,0.01113790199972331,0.024238367759218615,0.026295192506643472,0.017037782481563776,0.012183679226542626,2240152.5,1.683020687207679,True,True
2023-07-24,3094.295654296875,3394.75,3413.449951171875,3372.10009765625,3381.0,1680132,0.007852611343540206,-0.027765831121696727,0.05546656829234786,0.06486928966752004,3340.1174926757812,3290.998994140625,3283.9502465820315,0.01635646274240865,0.03152568750221296,0.03373977834569519,0.016948438822753046,0.01220367980088247,2268183.85,0.7407388955705685,True,True
2023-07-25,3098.306396484375,3399.14990234375,3406.800048828125,3380.199951171875,3397.5,1272980,0.0012960902404448582,-0.027939486275943892,0.06568118960204994,0.05588255101149331,3350.592492675781,3293.8809912109373,3286.0212463378907,0.014492186016088926,0.0319589297287004,0.03442724423402188,0.01675118673128995,0.012150210053718373,2232892.7,0.5701035253507702,True,True
2023-07-26,3088.41650390625,3388.300048828125,3420.85009765625,3385.0,3400.35009765625,1066803,-0.00319193146149388,-0.02355873801520758,0.05972131463234098,0.05246323899103511,3360.139990234375,3296.483994140625,3287.5069970703125,0.008380620651398996,0.027852722734495128,0.030659418169340702,0.01681387811995443,0.01216160802481323,2243055.75,0.4756025346226905,True,True
2023-07-27,3096.255615234375,3396.89990234375,3411.64990234375,3385.050048828125,3394.949951171875,1701769,0.0025381027039206305,-0.019172507593398613,0.05643065633963462,0.06824114175419793,3369.2124877929687,3300.2479931640623,3288.9817468261717,0.008217770369513877,0.02928625648129679,0.03281202628190871,0.01680272314717007,0.012038953907163008,2249350.6,0.7565601378460076,True,True
2023-07-28,3058.4287109375,3355.39990234375,3393.699951171875,3331.0,3385.0,2599831,-0.012217021753089141,-0.0038298685679333255,0.016095057110682154,0.041823191608663546,3371.869982910156,3303.3589892578125,3290.434246826172,-0.004884553867700259,0.015753938114255517,0.019743793871657367,0.016114513566569347,0.012062057433898531,2245721.85,1.1576816603534403,True,True
2023-07-31,3118.6328125,3421.449951171875,3426.64990234375,3360.89990234375,3364.39990234375,2743678,0.019684702494623396,0.007865071410818159,0.045579531252692984,0.059042932764712175,3379.3274780273437,3307.330986328125,3291.9487463378905,0.01246475028490579,0.03450485159045047,0.03933876703823147,0.016455446081324217,0.012304311233885692,2298542.55,1.1936598693811433,True,True
2023-08-01,3146.524658203125,3452.050048828125,3460.0,3415.0,3415.0,1956167,0.008943605223793893,0.015562757749489009,0.04327785996510003,0.061973157300131865,3386.4874755859373,3310.39798828125,3293.8612463378904,0.01936005188704959,0.0427900394600047,0.048025338853028066,0.016400145727491912,0.012329205724524605,2313516.85,0.8455382548867106,True,True
2023-08-02,3136.13330078125,3440.64990234375,3446.39990234375,3413.60009765625,3434.949951171875,1914899,-0.003302427926340501,0.01545018232187867,0.03635595504362055,0.04794027330960171,3392.5224731445314,3313.2699853515624,3295.5607458496092,0.01418632583282764,0.03844537799676817,0.044025635599909574,0.01644396773588216,0.012284989507033642,2336611.4,0.8195196685251129,True,True
2023-08-03,3099.03515625,3399.949951171875,3433.25,3368.0,3420.0,2026351,-0.01182914633196197,0.0008978918766551214,0.02318759249226221,0.03442555088925858,3396.3749755859376,3315.201982421875,3297.043995361328,0.001052585657247862,0.025563440538270976,0.03121158102692201,0.016729116456590955,0.01239352846131659,2345517.05,0.8639250778415788,True,True
2023-08-04,3138.777099609375,3443.550048828125,3471.0,3401.25,3401.25,2248493,0.012823746902868915,0.026271129835463647,0.03433207143594652,0.04917512949945424,3402.089978027344,3318.2029833984375,3298.76599609375,0.012186647345765023,0.037775586983925136,0.04389036776352784,0.016927645204640237,0.012489483883690793,2368475.4,0.9493419268783624,True,True
2023-08-07,3175.6923828125,3484.050048828125,3488.0,3441.25,3453.949951171875,1853889,0.011761118446291352,0.018296365152092653,0.06482375978284294,0.06405949267693711,3412.6949829101563,3321.305986328125,3300.6274963378905,0.020908714747522206,0.049000020826121427,0.05557202462069566,0.016445822205640358,0.01256016510061324,2390798.3,0.7754267685400312,True,True
2023-08-08,3163.43310546875,3470.60009765625,3489.949951171875,3456.60009765625,3484.050048828125,1634225,-0.003860435695061004,0.005373632643136839,0.060567229320152904,0.06622019495697984,3422.6049926757814,3324.310986328125,3302.2569970703125,0.01402297521425222,0.044005844197419375,0.050978194833196655,0.01651009845548152,0.01254381332335289,2417000.95,0.6761375083447939,True,True
2023-08-09,3156.050048828125,3462.5,3467.0,3425.050048828125,3464.89990234375,1794589,-0.0023339184660658985,0.006350572791891995,0.06214917749793103,0.06271967336716178,3432.734997558594,3327.2369873046873,3303.9602465820312,0.008670929291825669,0.04065325470094816,0.04798476421802578,0.016480769795617724,0.01255184431238824,2430968.4,0.7382197975095028,True,True
2023-08-10,3137.455078125,3442.10009765625,3464.89990234375,3430.050048828125,3450.0,1096701,-0.005891668546931461,0.01239728439821497,0.030399199935276844,0.07273978559420402,3437.8125,3330.2889892578123,3305.384246826172,0.0012471877556585742,0.03357399575805453,0.041361560599604275,0.015776704637226076,0.012404237279432805,2256546.15,0.4860086730333435,True,True
2023-08-11,3143.56201171875,3448.800048828125,3466.64990234375,3414.0,3438.10009765625,1679974,0.0019464719159205668,0.0015245894282229777,-0.018735821588293344,0.0778005042655654,3434.5200073242186,3332.784990234375,3306.9412475585937,0.004157798316345218,0.03481024396524046,0.04289728502865331,0.010394721319760712,0.012393363530212824,2025239.8,0.8295185587405501,True,True
2023-08-14,3144.519287109375,3449.85009765625,3455.0,3411.0,3440.699951171875,1190425,0.0003044678767276654,-0.009816148072665731,-0.0119855239856963,0.07043455113381825,3432.4275146484374,3335.669990234375,3308.3819982910154,0.00507587791248576,0.034230037070859254,0.04276050934816822,0.010311693717718468,0.01237000204148704,1947599.65,0.611226747755885,True,True
2023-08-16,3152.31201171875,3458.39990234375,3466.0,3435.199951171875,3450.0,1328445,0.0024783119397879805,-0.00351529849859078,-0.01099566588178058,0.04841299710061264,3430.5050048828125,3339.059990234375,3309.863497314453,0.00813142596242633,0.035740571435794566,0.04487689753665558,0.010324506912650877,0.012019609908356163,1884017.4,0.7051129145622541,True,True
2023-08-17,3131.6669921875,3435.75,3460.800048828125,3413.199951171875,3455.0,1843241,-0.006549243286873896,-0.007725631768953023,-0.009884597727836342,0.04206789375889919,3428.790002441406,3343.1289892578125,3311.255247802734,0.002029869882272717,0.02770488696062845,0.03759744957139066,0.010286744360382443,0.012056512099180825,1855910.95,0.9931731907718956,True,True
2023-08-18,3069.0927734375,3367.10009765625,3410.0,3356.5,3410.0,2526749,-0.01998105285418028,-0.021789023524059647,-0.02777696122645401,0.019298590253945758,3423.9800048828124,3344.9729931640627,3312.274498291016,-0.016612219447966425,0.00661503232982974,0.016552251147518682,0.011177107863255036,0.01234873827797704,1896478.2,1.3323374874543774,True,True
2023-08-21,3100.5849609375,3401.64990234375,3409.75,3372.0,3375.0,1375579,0.010260997203958677,-0.013671464224316532,0.009901093439471875,0.03283737736260828,3425.647497558594,3348.2769921875,3313.316998291016,-0.007005272793521922,0.015940410629342816,0.02665996163309936,0.009616488887539564,0.012405614971827328,1776746.0,0.7742125210919287,True,True
2023-08-22,3082.810546875,3382.14990234375,3411.0,3365.050048828125,3400.0,1222012,-0.00573251232778671,-0.019624097684271535,-0.003711642287723693,0.015996275515075986,3425.0174926757813,3351.7339892578125,3313.929248046875,-0.01251602084476977,0.00907467990700317,0.020586032226572737,0.009552106835134801,0.012359781838477793,1753840.0,0.6967636728549925,True,True
2023-08-23,3097.48583984375,3398.25,3402.0,3376.0,3388.0,1330046,0.004760314628601492,-0.017392408062175346,-0.0002647433533689014,0.0234613519817497,3424.9724975585937,3354.7609912109374,3314.711998291016,-0.007802251719580822,0.01296337023799854,0.025202190040056083,0.009610796466627927,0.012366774832231003,1756693.3,0.7571304564092093,True,True
2023-08-24,3087.915283203125,3387.75,3413.050048828125,3378.10009765625,3408.0,1152881,-0.003089825645552824,-0.01397074874481552,-0.0001623376974289048,0.021575915168456916,3424.9449951171873,3357.6419921875,3315.6169982910155,-0.010860026999036432,0.00896700955091534,0.02175552898485078,0.009609021492264285,0.01237336867442514,1760997.2,0.654675089772999,True,True
2023-08-25,3082.03662109375,3381.300048828125,3385.800048828125,3350.25,3375.0,1158046,-0.0019039041168548154,0.004217264340243165,-0.00459237951193725,0.027906991587817398,3424.165002441406,3360.2469921875,3316.4364990234376,-0.01251836683767249,0.006265330105070577,0.019558206473661466,0.009599469066649796,0.012327311590954567,1733811.05,0.6679193791041994,True,True
2023-08-28,3076.795166015625,3375.550048828125,3394.0,3360.10009765625,3394.0,1037485,-0.00170052935763354,-0.007672704206756253,0.006005289107358092,0.015508438275609215,3425.172509765625,3363.4319921875,3317.145749511719,-0.014487580055024818,0.0036028843956925627,0.01760679322728076,0.009184863430719267,0.012260728271314542,1655693.75,0.6266164862916225,True,True
2023-08-29,3077.34228515625,3376.14990234375,3389.550048828125,3365.0,3381.050048828125,944517,0.00017770541302830622,-0.0017740195358704192,-0.013240015044676978,0.02134251046807556,3422.907507324219,3367.4569921875,3317.946248779297,-0.01366020112445887,0.0025814465266869036,0.017542072475063897,0.007979031631170478,0.012236567256109396,1565735.7,0.6032416582185615,True,True
2023-08-30,3090.83203125,3390.949951171875,3408.10009765625,3383.050048828125,3398.0,1188200,0.004383706072366822,-0.0021481788650408173,-0.017699655796413416,0.031028627157488664,3419.852502441406,3371.0679931640625,3318.8727490234373,-0.008451402874509295,0.005897821713513274,0.02171737442167565,0.0077528395294747835,0.012225613517886511,1527337.35,0.7779551780096257,True,True
2023-08-31,3059.70458984375,3356.800048828125,3417.39990234375,3343.64990234375,3401.0,3417652,-0.010070895423256898,-0.009135842719172005,-0.024370353245910636,0.03851746376241816,3415.660009765625,3373.6499951171877,3319.076999511719,-0.017232382839397098,-0.004994574515272854,0.011365524006208938,0.00800840266716314,0.01208344721382624,1602475.0,2.1327334279785957,True,True
2023-09-01,3080.1220703125,3379.199951171875,3389.0,3356.800048828125,3366.0,1277950,0.0066729927365110075,-0.0006210917771044544,-0.006103031014573657,0.03184831657098308,3414.622509765625,3376.0699951171873,3319.295499267578,-0.010373784654802654,0.0009271004627315893,0.01804733923735169,0.007781659297909046,0.011998461728045839,1565054.95,0.8165527989927766,True,True
2023-09-04,3115.943603515625,3418.5,3432.85009765625,3370.050048828125,3378.0,1828332,0.011629986208568699,0.012723837759948342,-0.007274483737110149,0.05624991937916635,3413.370007324219,3379.6699951171877,3319.724998779297,0.0015029113939517558,0.01148928887699463,0.029753970963565912,0.007679793066548195,0.011970603327064962,1544046.9,1.1841168814237444,True,True
2023-09-05,3125.833740234375,3429.35009765625,3447.0,3405.14990234375,3420.0,1501842,0.003173935251206572,0.0157576520152638,-0.015700104879455945,0.06856636820495376,3410.635009765625,3383.9299951171874,3320.094998779297,0.005487273729683384,0.01342229378403248,0.03290722070215546,0.007192401735960269,0.011910104687736173,1526444.55,0.9838824476133116,True,True
2023-09-06,3126.3349609375,3429.89990234375,3443.89990234375,3398.10009765625,3434.0,1314818,0.0001603232892073425,0.011486442363566773,-0.011727134837570485,0.05636145415751903,3408.6,3388.7349951171873,3320.4994982910157,0.0062488711916182105,0.012147573441380732,0.03294697201702346,0.007157471173872104,0.011829922267914255,1510474.2,0.8704670361135596,True,True
2023-09-07,3149.44140625,3455.25,3460.0,3422.300048828125,3430.800048828125,1885092,0.007390914714137109,0.02932851219608512,-0.0020938628158845285,0.06521874773025682,3408.2375,3393.8929931640623,3321.058498535156,0.013793786377856554,0.01807865096498973,0.04040624443201857,0.007358495212327995,0.011855703511590779,1514999.35,1.2442856823667943,True,True
2023-09-08,3137.272705078125,3441.89990234375,3465.0,3435.050048828125,3455.25,1518917,-0.0038637139588307834,0.018554673318496917,-5.816080497955678e-05,0.05870406504028414,3408.227490234375,3398.4219921875,3321.850498046875,0.009879743123326401,0.012793558379800896,0.03613931583238306,0.0072878153451911365,0.011872076868013464,1536110.15,0.9888073456190626,True,True
2023-09-11,3172.593017578125,3480.64990234375,3485.699951171875,3445.0,3462.0,1783604,0.011258316946873848,0.018180459951367522,0.009235053660604953,0.08219066924802054,3409.8199829101563,3401.989990234375,3322.6789978027346,0.02077233396149647,0.02312173531820294,0.047543233831941256,0.007702838274978417,0.011843280372284168,1541291.65,1.1572138212777576,True,True
2023-09-12,3263.87939453125,3580.800048828125,3589.89990234375,3483.0,3492.0,4476016,0.02877340419010177,0.04416287251493567,0.03795815686624748,0.12784659641859397,3416.36748046875,3408.159990234375,3324.0414978027343,0.04813082003017244,0.05065491616838025,0.077242883759157,0.009965324567612089,0.012208252949503699,1705571.2,2.6243501297395264,True,True
2023-09-13,3252.07568359375,3567.85009765625,3588.85009765625,3545.0,3571.10009765625,1754929,-0.0036164965916243297,0.040219889571189604,0.03164764006566334,0.111341330110166,3421.839990234375,3413.339990234375,3324.9799987792967,0.04267005699815729,0.04526654475204084,0.07304407814967862,0.010039988070601441,0.01217067785761112,1726895.4,1.016233525203669,True,True
2023-09-14,3244.966064453125,3560.050048828125,3597.699951171875,3545.60009765625,3570.050048828125,2604721,-0.002186204188693086,0.03033067037931403,0.03617843231554252,0.10296808956346282,3428.0549926757812,3418.1419921875,3325.8319995117185,0.038504357845588366,0.041516138582004425,0.0704238967424673,0.009899868605930758,0.012172456507578274,1764969.4,1.4757881921352292,True,True
2023-09-15,3279.830322265625,3598.300048828125,3607.35009765625,3562.449951171875,3567.85009765625,2952897,0.010744230972986157,0.04544006244280219,0.06866441283786218,0.10438281957923623,3439.614990234375,3423.6499951171877,3326.8472497558596,0.04613454094260039,0.0510128237290679,0.08159460855685086,0.008641987326660789,0.012187553922034132,1786276.8,1.6531015797775575,True,True
2023-09-18,3286.985595703125,3606.14990234375,3619.300048828125,3575.25,3580.050048828125,1395753,0.0021815450098947586,0.036056484714389825,0.060117885693968365,0.11352474983595795,3449.839990234375,3429.1879931640624,3327.891248779297,0.045309322331426705,0.05160461005125816,0.08361410658071278,0.008489976901685611,0.012144807217641688,1787285.5,0.780934551306996,True,True
2023-09-20,3286.89453125,3606.050048828125,3625.0,3580.0,3580.0,1649396,-2.768978504197328e-05,0.007051496776052435,0.06620053899125455,0.12116216809104485,3461.0349975585937,3435.8699951171875,3328.967498779297,0.041899331087904335,0.04953041120670609,0.08323378048912522,0.008275792433261703,0.012093784152267605,1808654.7,0.911946321207691,True,True
2023-09-21,3267.981689453125,3585.300048828125,3605.0,3528.0,3588.550048828125,2004073,-0.005754218526929034,0.004890886863026633,0.055043051225814654,0.12404187249316978,3470.3875,3442.127998046875,3329.5157495117187,0.03311231060742492,0.04159405195346855,0.07682327358082564,0.008505086712169856,0.012061512705220987,1842356.05,1.0877772513081823,True,True
2023-09-22,3284.707275390625,3603.64990234375,3633.75,3565.050048828125,3584.0,1989083,0.005118080290552829,0.012246977687849325,0.06372958522433758,0.1270739181753444,3481.1824951171875,3449.002998046875,3330.338249511719,0.035179829669469864,0.04483814725137947,0.08206723532425064,0.008407628875893986,0.012068054368350064,1884166.15,1.0556834385332738,True,True
2023-09-25,3260.55224609375,3577.14990234375,3620.0,3558.64990234375,3602.5,1238778,-0.00735365552096634,-0.005877816245830614,0.05792146532026976,0.11248812970640487,3490.974987792969,3453.7349951171873,3331.094499511719,0.024685056424669893,0.035733751257998714,0.0738662331159019,0.008663675556830027,0.012119207124225144,1888202.75,0.6560619615663625,True,True
2023-09-26,3268.345703125,3585.699951171875,3594.949951171875,3536.0,3567.60009765625,1726062,0.00239018466140406,-0.0056708544363571756,0.062256491328489316,0.08583540046085991,3501.4824829101562,3455.15599609375,3332.0962487792967,0.02405194618929629,0.037782362135229786,0.07610935683069942,0.008598519142059773,0.011661587005281186,1922631.6,0.897760132518367,True,True
2023-09-27,3271.626953125,3589.300048828125,3614.0,3555.699951171875,3590.0,1541134,0.0010040153122887752,-0.004644971581978852,0.06313408842907253,0.09687375707295676,3512.139990234375,3457.107998046875,3333.1397485351563,0.021969528210235456,0.03823775561999598,0.07685255333369856,0.008585921336904886,0.011579951417224373,1952462.45,0.7893283683893639,True,True
2023-09-28,3223.728271484375,3536.75,3602.800048828125,3527.35009765625,3600.0,1755753,-0.014640751152939169,-0.01354141861683067,0.04299681532537458,0.06887586189086581,3519.4299926757812,3457.90599609375,3334.0707482910157,0.004921253543972437,0.022801083660260346,0.06079032720372668,0.009446941524015755,0.011697521426482551,1980840.1,0.8863678597782829,True,True
2023-09-29,3216.299560546875,3528.60009765625,3568.449951171875,3505.550048828125,3537.199951171875,2243791,-0.002304347874107604,-0.020826053229723862,0.051179708749140795,0.06284737708492427,3528.0199951171876,3459.0769970703127,3335.2499987792967,0.00016442722543108523,0.020098743290426935,0.057971695959139424,0.009070300105392708,0.011702480973335976,1922147.05,1.1673357665325346,True,True
2023-10-03,3202.85546875,3513.85009765625,3534.199951171875,3480.10009765625,3534.199951171875,1948148,-0.004180127980441095,-0.01769559744925031,0.039846753204905605,0.057464925494089325,3534.7525024414062,3460.087998046875,3336.386999511719,-0.005913399812495834,0.015537783905993807,0.05319020190718371,0.009134296777444014,0.011722186418500041,1955656.95,0.9961603951040595,True,True
2023-10-04,3224.639404296875,3537.75,3548.0,3477.300048828125,3486.300048828125,1788138,0.006801628322076425,-0.013372549801944245,0.03488372093023262,0.06262671772921835,3540.7150024414063,3463.4769970703123,3337.4152490234374,-0.0008374021742393323,0.021444635836332715,0.06002691784763159,0.008927710096919589,0.01174561935177428,1953647.25,0.9152819169376663,True,True
2023-10-05,3271.67236328125,3589.35009765625,3624.0,3551.199951171875,3554.0,2990768,0.014585569261889697,1.3943896426615865e-05,0.04665607052174403,0.09700641856416414,3548.7150024414063,3467.3689990234375,3338.5352490234377,0.011450650499374548,0.035179728107151975,0.07512721296148617,0.009376650604706254,0.011623034984558706,2028093.55,1.4746696472655316,True,True
2023-10-06,3300.885986328125,3621.39990234375,3634.949951171875,3575.050048828125,3591.0,2075691,0.008929138650595192,0.02393437544178978,0.05583253315035308,0.10664955702695145,3558.290002441406,3471.8139990234376,3340.116748046875,0.017736019228068223,0.043085805680370015,0.08421356961889281,0.009474649902909553,0.011659517275123136,2066137.2,1.0046239910882975,True,True
2023-10-09,3316.336181640625,3638.35009765625,3679.0,3631.0,3645.050048828125,4233074,0.004680564358973349,0.031102986159553092,0.0529918522990378,0.11609258156681679,3567.4450073242188,3476.815,3342.107248535156,0.019875594490302628,0.04646065368915231,0.08863953999409713,0.00942421356483848,0.011642242977153456,2183536.3,1.9386323002736434,True,True
2023-10-10,3307.721923828125,3628.89990234375,3648.0,3601.35009765625,3640.050048828125,1848148,-0.002597384819725712,0.0327418078432653,0.05433045855652652,0.08631807615538611,3576.7950073242187,3481.455,3344.2414978027346,0.014567481477925304,0.0423515174959177,0.08511897383249512,0.009382472296184125,0.011261880544221118,2199997.85,0.8400680937029097,True,True
2023-10-11,3290.4033203125,3609.89990234375,3650.0,3605.0,3650.0,2426417,-0.005235746510320882,0.020394290818670058,0.03713386971581589,0.027100850055216785,3583.2575073242188,3486.545,3346.0712475585938,0.007435244317516743,0.035380269677789844,0.07884729142502711,0.009314372613428898,0.009117711230696648,2232138.5,1.0870369378961027,True,True
2023-10-12,3229.0146484375,3542.550048828125,3588.64990234375,3538.10009765625,3575.0,4241281,-0.018656986436631606,-0.013038585692346949,-0.010681970363722981,0.01456313496787831,3581.345007324219,3488.967001953125,3347.4412475585937,-0.010832510807183948,0.015357854300428908,0.05828595241569401,0.008055911507520776,0.009405753106127556,2220401.75,1.9101412615982671,True,True
2023-10-13,3254.810302734375,3570.85009765625,3577.0,3525.0,3530.0,2890357,0.007988609458739138,-0.01395863645293205,0.0008408425011943166,0.021161902264440258,3581.495007324219,3491.3430029296874,3348.9969982910156,-0.0029721972657228424,0.02277263925653994,0.06624463965731997,0.008236006335716604,0.009457175758553931,2277173.15,1.2692741436899517,True,True
2023-10-16,3212.15234375,3524.050048828125,3574.64990234375,3519.10009765625,3566.0,1671104,-0.013106136507618271,-0.03141535194805878,-0.010112217386339939,0.015561735202705984,3579.6950073242188,3493.011005859375,3350.475498046875,-0.015544608795509562,0.008886042132900007,0.05180594541951833,0.008740277254882002,0.009561283045091086,2230492.3,0.7492085939951464,True,True
2023-10-17,3196.656982421875,3507.050048828125,3534.14990234375,3503.35009765625,3530.0,1672065,-0.0048239950524122666,-0.033577628701449536,-0.02535919705465306,0.012632460192065542,3575.1325073242188,3495.1530078125,3351.746248779297,-0.019043338493500928,0.0034038684398172148,0.04633519023267052,0.008374410195406383,0.009579957606982051,2166450.7,0.771799238265611,True,True
2023-10-18,3178.609375,3487.25,3522.699951171875,3484.0,3511.0,1408245,-0.005645784506195239,-0.033975984282588745,-0.03297142536045805,0.03531453535835061,3569.1875122070314,3496.0270068359373,3352.884998779297,-0.022956908799774634,-0.002510566085094701,0.0400744437311813,0.00838848492613815,0.008901733039506211,2167075.3,0.6498366715729722,True,True
2023-10-19,3157.956298828125,3455.64990234375,3476.85009765625,3451.89990234375,3469.5,1514545,-0.009061609479174115,-0.02453039344161745,-0.04170772575196269,0.017939436584063717,3561.6675048828124,3495.45900390625,3353.8777478027346,-0.02976628289802996,-0.011388805166363647,0.03034462261115234,0.00853889194136613,0.00893647925539493,2160332.75,0.7010702402210955,True,True
2023-10-20,3193.504638671875,3494.550048828125,3499.5,3444.050048828125,3450.39990234375,1481211,0.011256969769417813,-0.021367474618496307,-0.025311689053657327,0.028065883890144194,3557.1300048828125,3495.9380029296876,3355.006748046875,-0.017592822294598465,-0.000397019083404615,0.04159255443002774,0.008990328156037742,0.009046471368141792,2134189.65,0.6940390700517173,True,True
2023-10-23,3116.37548828125,3410.14990234375,3478.949951171875,3401.300048828125,3473.0,1106272,-0.02415193524347381,-0.03232080841821494,-0.05369556012479215,0.006448618245359361,3547.4550048828123,3494.8910009765623,3355.7739978027344,-0.03870524146185694,-0.024247136351071785,0.01620368492533153,0.01020123158049648,0.009580445670665502,2090049.1,0.5293043115589964,True,True
2023-10-25,3098.053466796875,3390.10009765625,3425.0,3377.199951171875,3390.5,1518537,-0.005879449661060354,-0.03334710070959879,-0.05229017787735002,-0.002001767753829986,3538.1025146484376,3493.8510009765623,3356.4172485351564,-0.04183101433025993,-0.029695285600706223,0.010035358129503624,0.010171164268040761,0.009606512097030688,2104037.05,0.7217254087802304,True,True
2023-10-26,3049.299072265625,3336.75,3373.699951171875,3330.0,3368.050048828125,1984471,-0.015737027261564784,-0.04315721557100871,-0.06942855078839305,-0.005558175742546467,3525.6550170898436,3491.61,3356.544248046875,-0.05358011948819941,-0.044352032443485956,-0.0058972105189416535,0.010502317906538144,0.00969282051499214,2116957.5,0.937416551820242,True,True
2023-10-27,3062.275634765625,3350.949951171875,3362.0,3337.0,3350.0,1108851,0.004255623337641401,-0.030298194010007662,-0.06640573215216972,-0.020605299217033135,3513.737512207031,3489.6319970703125,3356.7257482910154,-0.04632889066688051,-0.03974116640805303,-0.0017206639899256526,0.010601047041017421,0.009359404666008087,2095343.35,0.529197756539519,True,True
2023-10-30,3087.498291015625,3378.550048828125,3382.85009765625,3333.75,3350.0,910972,0.008236499517576545,-0.033194545328918634,-0.044730317713119416,-0.021291695937302846,3505.8275146484375,3488.035,3357.062998046875,-0.036304543018305324,-0.03138871919916941,0.0064005503601662905,0.010555757069690145,0.009348001384538656,2053104.3,0.4437046866055465,True,True
2023-10-31,3078.541748046875,3368.75,3399.0,3350.050048828125,3399.0,999811,-0.002900667057314732,-0.012140200146420699,-0.04530127904333081,-0.02089718639922422,3497.835009765625,3486.695,3357.848997802734,-0.03690425917895834,-0.03382716297238508,0.0032464241853635833,0.010556813432254305,0.009345969356774456,1990905.3,0.5021891297391192,True,True
2023-11-01,3043.72412109375,3330.64990234375,3371.60009765625,3311.0,3355.0,1563475,-0.011309862012987004,-0.017536412967157244,-0.05213659951934069,-0.02038266734021743,3488.675,3485.96599609375,3357.902497558594,-0.045296594740481755,-0.0445546783657792,-0.008115957873898405,0.01074371596271782,0.009335354803447814,1971671.65,0.7929692553017131,True,True
2023-11-02,3070.63720703125,3360.10009765625,3375.949951171875,3343.199951171875,3343.199951171875,1245384,0.008842176805126334,0.006997856493968779,-0.05021550486714721,-0.024233697779497576,3479.7925048828124,3485.135,3358.270998535156,-0.0343964207804377,-0.03587663098954563,0.0005446550090482116,0.010847075106113529,0.009254281753461505,1944533.95,0.6404537190003805,False,True
2023-11-03,3062.229248046875,3350.89990234375,3387.89990234375,3344.300048828125,3382.0,1402598,-0.0027380717970031387,-1.4935713410935136e-05,-0.06643269361442383,-0.03821705906009032,3467.8699951171875,3484.51,3358.3819982910154,-0.033729664877326204,-0.03834401326334269,-0.0022278871048835303,0.010073629303887702,0.00912056601698121,1865125.45,0.7520126863316352,False,True
2023-11-06,3089.051513671875,3380.25,3392.300048828125,3359.0,3375.0,1099852,0.008758870306964761,0.0005031599790759067,-0.06659024378602296,-0.026032990005752876,3455.8125,3484.15,3358.6114978027344,-0.021865335575931844,-0.029820759726188584,0.006442692824526475,0.01006274272120875,0.009189541412928123,1816333.5,0.6055341708997825,False,True
2023-11-07,3080.095703125,3370.449951171875,3404.14990234375,3366.0,3378.0,1191144,-0.0028992082917314033,0.0005046237244898943,-0.07363231665280112,-0.026584851647111885,3442.4174926757814,3483.8039990234374,3358.590997314453,-0.020906104984949492,-0.032537435482402954,0.0035309312348257293,0.009883883854375386,0.009191849328723087,1664237.0,0.7157297908891582,False,True
2023-11-08,3090.23974609375,3381.550048828125,3401.949951171875,3369.550048828125,3371.449951171875,992899,0.003293357805948416,0.015282346682116588,-0.06816111223014787,-0.017591019177319644,3430.05,3483.8089990234375,3358.828497314453,-0.01413972133697039,-0.029352628179092788,0.006764725121225723,0.010007670765766804,0.009175435361652034,1621474.55,0.6123432526276776,False,True
2023-11-09,3059.0771484375,3347.449951171875,3391.5,3342.050048828125,3390.10009765625,2112352,-0.010084161749451925,-0.003764812391511385,-0.07270283339476469,-0.029387061070904386,3416.9275024414064,3483.2469970703123,3358.6737475585937,-0.02033334076297766,-0.03898576414840904,-0.003341734634058291,0.010110740705506925,0.009257610607815738,1605771.3,1.3154749994597612,False,True
2023-11-10,3046.282958984375,3333.449951171875,3347.449951171875,3322.35009765625,3338.0,1338557,-0.00418228807128207,-0.005207541759057022,-0.05902530515424065,-0.03374063892325485,3406.4724975585937,3482.392998046875,3358.390997314453,-0.021436411548619194,-0.04277031540051224,-0.007426486720135461,0.009483739306148094,0.009269486709048357,1460635.1,0.9164212197830929,False,True
2023-11-13,3044.546630859375,3331.550048828125,3356.0,3327.0,3356.0,1030990,-0.0005699507631972134,-0.014407203955883463,-0.06701486824809344,-0.03667876969047423,3394.5074951171873,3481.205,3358.1832470703125,-0.01854685735106587,-0.04298941061266859,-0.007930835300730688,0.009149270451871935,0.00926107099497813,1367666.75,0.7538312969881004,False,True
2023-11-15,3111.02978515625,3404.300048828125,3413.0,3356.050048828125,3383.10009765625,2059802,0.021836682305159894,0.010043198429479983,-0.03398078867802157,-0.009153736788728772,3388.5199951171876,3482.155,3358.389246826172,0.004656916215243223,-0.02235826698463317,0.013670482671221285,0.010447023211020458,0.009667128947416476,1387101.65,1.4849683150474229,False,True
2023-11-16,3196.52099609375,3497.85009765625,3529.35009765625,3414.199951171875,3430.050048828125,3951984,0.02747996577455858,0.03439252625239986,-0.002623273418909222,0.03883163440582349,3388.0599975585938,3484.5280029296873,3358.8039978027346,0.03240500468609464,0.0038232135644660215,0.041397503380511846,0.012272340587995964,0.009950982555314477,1501097.6,2.632729544034978,False,True
2023-11-17,3200.724365234375,3502.449951171875,3524.5,3492.550048828125,3497.85009765625,2021292,0.0013150516423523495,0.04630390364633752,0.004358721391318321,0.029632693464037407,3388.8199951171873,3486.207001953125,3359.1347473144533,0.033530832625637386,0.004659203888251584,0.04266432121307395,0.01220410533347676,0.009871754844355464,1531749.95,1.31959658298014,False,True
2023-11-20,3216.39697265625,3519.60009765625,3533.89990234375,3491.25,3491.25,1475621,0.004896614290986978,0.05584309025516765,0.018505982121952425,0.04063988861559631,3392.0175048828123,3488.012001953125,3359.5839978027343,0.03761259857585708,0.009056188936688692,0.04762973628823408,0.012039288168235332,0.009852736738209151,1529803.75,0.9645818948999177,False,True
2023-11-21,3207.806396484375,3510.199951171875,3539.050048828125,3501.0,3519.60009765625,1807236,-0.002670799586190098,0.053623658574959876,0.004478374075368663,0.03294341239516663,3392.8,3489.6180029296875,3360.079747314453,0.034602673653582494,0.005898051942908378,0.04467757170864939,0.01181462926554928,0.009847686728883294,1546105.0,1.1688960322875872,False,True
2023-11-22,3226.038330078125,3530.14990234375,3532.64990234375,3481.10009765625,3500.0,1798051,0.0056834230099098715,0.036967908736172284,0.03518906893727025,0.042033769417386235,3398.8,3491.1160009765626,3360.562247314453,0.038645963970739716,0.011180923623353767,0.05046407194653835,0.010360153448483496,0.009857282587779806,1580693.95,1.1375073587141902,False,True
2023-11-23,3206.02490234375,3508.25,3544.0,3500.0,3530.0,2729804,-0.006203674900380318,0.0029732269975544234,0.03485144949714991,0.037544716333551165,3404.7074951171876,3492.4430029296873,3361.3099975585938,0.03041157134094674,0.0045260572776857355,0.0437150999307212,0.010373017421171743,0.009892353468547253,1641257.3,1.6632395176551538,False,True
2023-11-24,3159.281494140625,3457.10009765625,3504.550048828125,3453.0,3494.25,1989733,-0.014579890926744055,-0.0129480375588098,0.03606805953585068,0.024159040052283087,3410.725,3491.9720068359375,3361.553747558594,0.013596844558341648,-0.009986308341367489,0.028423270092601927,0.010273003905085763,0.010082407318199177,1641520.4,1.2121280978293052,False,True
2023-11-28,3171.206298828125,3470.14990234375,3481.25,3433.0,3457.10009765625,1689195,0.0037747835812873554,-0.0140499471361617,0.03557198791649796,0.027842365629187293,3416.6849975585938,3489.75900390625,3361.6024975585938,0.015648180860500682,-0.005619041756336429,0.03229037486258113,0.010267572364700007,0.010091464424030892,1670537.6,1.0111685004875077,False,True
2023-11-29,3211.05029296875,3513.75,3518.0,3475.800048828125,3481.0,1441634,0.012564326868646836,0.0010113523096995092,0.04001715209717549,0.036214055234193854,3423.4449951171873,3488.677001953125,3361.7597473144533,0.02637840100004918,0.00718696458079604,0.045211515429371296,0.01045429314694806,0.010199405423236722,1697070.7,0.849483760458536,False,True
2023-11-30,3187.153564453125,3487.60009765625,3516.64990234375,3481.0,3499.449951171875,3266235,-0.0074421635983635825,-0.012053257188667899,0.035280177411873836,0.03896569558076246,3429.3875,3487.2280029296876,3361.897998046875,0.0169746339998762,0.0001067021503182719,0.03739021816914234,0.010614782622843572,0.010158160977955619,1810391.9,1.8041590884272074,False,True
2023-12-01,3209.1318359375,3511.64990234375,3516.949951171875,3490.050048828125,3500.0,1172141,0.006895803421860691,0.000969116324021968,0.05434374830949107,0.03919565373038747,3438.4375,3485.495,3362.093497314453,0.021292346405525686,0.007503927661279164,0.04448311896999835,0.010205139351444445,0.010160426503132638,1790825.2,0.6545256343276832,False,True
2023-12-04,3209.863037109375,3512.449951171875,3547.800048828125,3498.0,3544.64990234375,1625213,0.00022782704722112967,0.01601048623184198,0.04534086755983635,0.02748279981625723,3446.0549926757812,3483.6210009765623,3362.055246582031,0.01926694688192998,0.008275570214794081,0.04473296646232683,0.010113571789318853,0.01005849159353458,1809816.65,0.8979987005866037,False,True
2023-12-05,3227.363525390625,3531.60009765625,3538.0,3502.800048828125,3538.0,1377656,0.005452076684533402,0.017708225016733747,0.05392587083431266,0.029816145067802058,3455.0900024414063,3482.132001953125,3362.008996582031,0.022144168505243256,0.014206266642211807,0.05044338109940605,0.010065911428468582,0.010073039531458685,1808569.55,0.7617379160231907,False,True
2023-12-06,3293.6171875,3604.10009765625,3612.85009765625,3525.14990234375,3532.60009765625,1896572,0.02052893815698864,0.025713297091782383,0.06622294139671614,0.05078871112053851,3466.282507324219,3482.5080029296873,3362.341746826172,0.03975948008877639,0.034915094128792346,0.07190177829433364,0.010760299566521123,0.01039802689632035,1848405.55,1.0260583777191103,False,True
2023-12-07,3303.487060546875,3614.89990234375,3630.550048828125,3591.699951171875,3605.0,1967653,0.0029965329471628444,0.0365006884743031,0.07252739388308727,0.04620502202264665,3478.5050048828125,3482.7330029296877,3363.0042468261718,0.03921078085829355,0.03794919085180615,0.07490197366099194,0.010662831799105568,0.010366811517165042,1887231.0,1.0426137552848591,False,True
2023-12-08,3314.269775390625,3626.699951171875,3645.0,3602.050048828125,3633.0,1641155,0.003264280933608754,0.03276239147625115,0.07249631050964522,0.053691290877542874,3490.7625,3483.72400390625,3363.63724609375,0.038942050962182284,0.041041123552069125,0.07820781072145166,0.01066287213996067,0.010353227062740005,1919643.8,0.854926835905703,True,True
2023-12-11,3329.07470703125,3642.89990234375,3653.0,3615.0,3622.89990234375,1102503,0.004466857305534866,0.037139305324009664,0.08826120046050101,0.04661485772836449,3505.5349975585937,3484.8680029296875,3364.24849609375,0.039185147168926626,0.04534803019259459,0.08282723662462632,0.010167897945053293,0.01027516522578329,1869151.35,0.589841480734024,True,True
2023-12-12,3355.75927734375,3672.10009765625,3698.39990234375,3631.0,3638.949951171875,2236866,0.008015645802870841,0.039783666359405556,0.10159148973132859,0.025497108909503075,3522.4675048828126,3486.52400390625,3364.818746337891,0.04247948137662538,0.053226678933540494,0.09132181388753535,0.009997573755455465,0.00964805049471741,1914066.8,1.1686457337852576,True,True
2023-12-13,3283.976318359375,3593.550048828125,3650.0,3563.0,3643.550048828125,3850968,-0.021391042384236836,-0.002927235243822879,0.07864207235672738,0.007203203741311226,3535.5675048828125,3487.6600048828127,3365.2807470703124,0.01639978415494414,0.030361343650775474,0.06783068603014342,0.011558910661821516,0.010040414420652245,2055065.7,1.873890455181068,True,True
2023-12-14,3351.326904296875,3667.25,3678.0,3627.60009765625,3630.0,3290396,0.020508953589197576,0.01448175580804012,0.07724053326685798,0.0301119225015285,3548.7150024414063,3490.4330029296875,3366.1804968261717,0.033402230801020893,0.050657610938786624,0.08943950078069007,0.01145353661463589,0.010372191677417,2116595.4,1.5545701365504243,True,True
2023-12-15,3528.38623046875,3861.0,3895.949951171875,3666.699951171875,3666.699951171875,8531230,0.052832503919830964,0.06460419995660716,0.10382088774675635,0.07300668304674307,3566.8724975585938,3497.3760009765624,3368.230496826172,0.08246089610512475,0.10397051930415935,0.1462992225853179,0.015051391750083484,0.012314790049130537,2345557.7,3.637186158328145,True,True
2023-12-18,3526.741455078125,3859.199951171875,3929.0,3830.14990234375,3858.10009765625,2521612,-0.0004662131126974556,0.059375787045085504,0.1018572727586402,0.0701718052995135,3584.709997558594,3503.805,3370.5187463378907,0.07657242951318954,0.1014311444763265,0.14498694165844417,0.015079941077393192,0.012316135322449148,2370573.7,1.0637138174611487,True,True
2023-12-19,3487.44580078125,3816.199951171875,3855.10009765625,3790.0,3845.0,2004435,-0.01114220577944991,0.03924180977735281,0.08427089592170844,0.05827703428909525,3599.539990234375,3508.3419970703126,3372.5307458496095,0.06019101371989266,0.08775026903267791,0.13155379113096743,0.015504415185357516,0.01241814851340555,2397014.4,0.8362215095578901,True,True
2023-12-20,3454.409912109375,3780.050048828125,3898.800048828125,3766.550048828125,3827.25,2586083,-0.009472748494912864,0.0518985397353291,0.07687599037375659,0.05431902416749046,3613.0324951171874,3511.515,3374.4287463378905,0.04622641892555701,0.07647270446748067,0.12020443547087378,0.015735157542865075,0.012461730004854397,2435956.75,1.0616292756429275,True,True
2023-12-21,3461.218017578125,3787.5,3806.699951171875,3743.35009765625,3756.25,1517562,0.0019708604583648093,0.03279023791669511,0.07290061464114861,0.051017746628682525,3625.9,3514.497998046875,3376.7069958496095,0.04456824512534818,0.0776788042288945,0.12165491547099161,0.015733987046501172,0.012450539393962796,2421932.3,0.6265914204125359,True,True
2023-12-22,3494.573486328125,3824.0,3845.949951171875,3762.0,3800.0,2413058,0.009636963696369572,-0.009583009583009616,0.09000213781800048,0.06900747924891659,3641.6875,3518.4,3379.262745361328,0.050062642662227264,0.08685766257389727,0.13160777605978025,0.01561059974973573,0.012452735548063873,2406095.0,1.002893900698019,True,True
2023-12-26,3468.57470703125,3795.550048828125,3834.0,3790.14990234375,3819.85009765625,1285231,-0.0074398407876241635,-0.016493030459440727,0.09789995707712595,0.05852416557823448,3658.609997558594,3522.1130029296874,3381.3119958496095,0.037429529619421587,0.07763437620286262,0.12250808369265309,0.015229928577959654,0.012501224500355356,2370869.9,0.542092588041208,True,True
2023-12-27,3482.876220703125,3811.199951171875,3818.199951171875,3768.0,3799.0,1293976,0.004123223812733556,-0.0013102038844857722,0.09828107096980987,0.06182261146325674,3675.6625,3527.4860009765625,3383.7607458496095,0.03687429168806311,0.08042950421823591,0.12632075298070222,0.015228906452754069,0.012507622114058379,2351108.95,0.5503683697856707,True,True
2023-12-28,3472.5498046875,3799.89990234375,3838.0,3792.10009765625,3824.0,1682889,-0.0029649582737453217,0.005251214470501253,0.08143718316435433,0.07440443976638167,3689.9699951171874,3532.0669970703125,3386.0494958496092,0.029791545018531096,0.07582894251314953,0.12222219639772258,0.015208423731895467,0.012348764322446859,2363171.7,0.7121314968353759,True,True
2023-12-29,3466.609619140625,3793.39990234375,3822.60009765625,3765.39990234375,3792.0,1574996,-0.0017105713747856965,0.0015577299917490794,0.08768201517513563,0.0750438693416644,3705.2599853515626,3537.453994140625,3388.1572448730467,0.023787782055953333,0.07235314116510594,0.11960562281574028,0.015033869162555995,0.012346088089701111,2278609.75,0.6912091901651873,True,True
2024-01-01,3482.784912109375,3811.10009765625,3832.0,3773.0,3790.0,825907,0.004666050447664105,-0.0033734054246208345,0.08527336256175211,0.0845938192406861,3720.2324951171877,3543.5349951171875,3390.2607458496095,0.024425248330131488,0.07550796109189095,0.1241318539648717,0.015021999045704604,0.012332579979625946,2261298.05,0.36523579896953434,True,True
2024-01-02,3457.288330078125,3783.199951171875,3811.10009765625,3767.25,3811.10009765625,1344068,-0.007320759300321944,-0.003253836070496008,0.077082948871533,0.06938024201028203,3733.7699951171876,3549.453994140625,3392.4924951171874,0.013238618372135802,0.06585406020675677,0.11516825950743659,0.015220704704603424,0.012363019241770253,2247240.8,0.5980970085626783,True,True
2024-01-03,3373.716552734375,3691.75,3771.85009765625,3687.050048828125,3767.0,1803075,-0.02417264547266329,-0.03134182218257697,0.04534768884224283,0.028528814286077786,3741.777490234375,3554.17599609375,3394.2962451171875,-0.013369980006812554,0.03870770723156425,0.08763341010988945,0.016446449537478074,0.012660380175177644,2268511.75,0.7948272694642203,True,True
2024-01-04,3350.916015625,3666.800048828125,3719.0,3651.0,3701.75,3598144,-0.006758299227161868,-0.035027199909537066,0.017396839564097766,0.012536628847587883,3744.912487792969,3557.62099609375,3396.220495605469,-0.02085828152712821,0.030688781310390656,0.07967078508971137,0.015984029062368305,0.012646319641611233,2353590.35,1.5287894089130676,True,True
2024-01-05,3415.890625,3737.89990234375,3747.75,3674.85009765625,3675.0,1963127,0.01939016378554581,-0.014630674705745972,0.034025838425084,0.027361249471739457,3751.0624877929686,3564.17599609375,3398.835245361328,-0.0035090285731185222,0.04874167449654476,0.09975907406667384,0.016504632311142946,0.012873503249899887,2353364.05,0.8341790552974582,True,True
2024-01-08,3361.42529296875,3678.300048828125,3739.75,3672.39990234375,3737.89990234375,1067805,-0.01594474305699156,-0.03484559455937519,0.01422783752473844,0.013612981292889792,3753.6424926757813,3569.9399951171877,3401.23224609375,-0.02007182196883872,0.030353466405359075,0.0814610066844399,0.01696747181858678,0.013042684079935241,2324696.55,0.45933091783527624,True,True
2024-01-09,3372.0263671875,3689.89990234375,3752.35009765625,3682.75,3709.949951171875,1370944,0.003153590887540636,-0.024661675309872177,0.012901809344187942,0.022161279305295878,3755.9924926757812,3577.0029931640624,3403.756745605469,-0.017596571468370237,0.03156187159905732,0.08406686438674438,0.016955239595884092,0.013027202041065096,2338118.6,0.5863449356247369,True,True
2024-01-10,3393.181884765625,3713.050048828125,3729.25,3688.0,3690.0,1292227,0.0062739226258334835,0.005769634679521962,0.011151643496322805,0.0481291718253638,3758.039990234375,3584.2449951171875,3406.4254956054688,-0.011971650520792965,0.0359364535310529,0.09001357981210023,0.016920533756999912,0.012803170081341976,2290886.65,0.5640728667217123,True,True
2024-01-11,3413.743408203125,3735.550048828125,3773.0,3707.0,3724.0,1777909,0.006059708246351603,0.01874931795693957,0.03951524205049184,0.04612345706698151,3765.139990234375,3591.3849951171874,3409.3867456054686,-0.007858921974481015,0.04014191012852786,0.09566626714996906,0.01613013726393007,0.012787388174099227,2187233.7,0.8128573549319398,True,True
2024-01-12,3548.30810546875,3882.800048828125,3905.25,3821.60009765625,3848.0,6813450,0.03941855900075386,0.038765122199639235,0.058777026062615034,0.10180048382664064,3775.9174926757814,3601.66599609375,3413.2702453613283,0.02830638020022036,0.0780566696188052,0.13756010210585967,0.017742042260868722,0.01358978147039463,2363386.4,2.8829183412411954,True,True
2024-01-15,3567.499267578125,3903.800048828125,3965.0,3885.0,3960.0,2801505,0.005408468047778614,0.061305493572184844,0.01108522373170806,0.11312926661328193,3778.0574951171875,3613.1289990234377,3417.135245361328,0.033282329311676406,0.08044856684697677,0.1424189470192705,0.01336042897031819,0.01357062632061534,2076900.15,1.3488876679988684,True,True
2024-01-16,3528.660400390625,3861.300048828125,3899.0,3855.550048828125,3899.0,1432672,-0.010886828082487976,0.046451164264782685,0.000544179540532097,0.10726218333303472,3778.1625,3623.152998046875,3420.81849609375,0.022004757293558663,0.06572922835707673,0.12876495880660221,0.013606576310785103,0.01363657939159211,2022453.15,0.7083832819563707,True,True
2024-01-17,3549.953369140625,3884.60009765625,3909.949951171875,3812.550048828125,3819.0,3458696,0.0060342497432170905,0.04620192202425821,0.01792362752464549,0.12413010792024104,3781.5825073242186,3633.827001953125,3424.6389965820313,0.02724192586899954,0.06901074144925956,0.1343093685300214,0.01339917815196351,0.013572078676074292,2095166.2,1.6507979176067273,True,True
2024-01-18,3566.40283203125,3902.60009765625,3908.800048828125,3862.0,3898.0,2239110,0.004633681601063699,0.044718996304313974,0.032420218580470284,0.11676755036459174,3787.710009765625,3644.27400390625,3428.540496826172,0.03033233473376029,0.07088547498709041,0.13826863100171027,0.013190013622049454,0.013522701156408762,2077817.55,1.077625896460447,True,True
2024-01-19,3628.471435546875,3943.050048828125,3963.550048828125,3915.050048828125,3945.0,2941975,0.010364872177440754,0.015517152375174259,0.04106931982260731,0.15626883326100116,3795.487512207031,3655.726005859375,3432.676247558594,0.038878414471527956,0.07859561753485589,0.1486810186753038,0.013332581133925945,0.013122550475673853,2149038.2,1.368972873539428,True,True
2024-01-23,3550.4365234375,3858.25,3933.89990234375,3842.75,3900.0,2618854,-0.021506206560408136,-0.011668130605664295,0.008956589958158956,0.1380932388006495,3797.2000122070312,3665.2600048828126,3436.272998046875,0.016077632886523974,0.052653834887590234,0.12280077927247635,0.014196440232813924,0.013442971895803495,2159328.0,1.2128097259888262,True,True
2024-01-24,3535.299560546875,3841.800048828125,3883.64990234375,3805.60009765625,3880.0,2657709,-0.004263578350774289,-0.005050112592497991,0.012185322128548837,0.1513598707808872,3799.5125122070312,3675.1470068359376,3439.452498779297,0.011129726901867754,0.045345952606033135,0.11698011535022679,0.014120020484820578,0.013263231352058676,2227951.9,1.192893347473076,True,True
2024-01-25,3506.312255859375,3810.300048828125,3861.0,3778.699951171875,3839.89990234375,2205154,-0.008199281482545784,-0.01912682051183423,-0.00023612047525167768,0.13708056054242435,3799.4675170898436,3684.6840087890623,3442.5039990234377,0.0028510657584404075,0.034091400982942055,0.10683968701533031,0.014231189888571135,0.013331580272674844,2273510.8,0.969933373529609,True,True
2024-01-29,3497.75390625,3801.0,3820.0,3780.85009765625,3800.800048828125,1646747,-0.0024407654801320566,-0.0260339504724727,0.0002895070092692187,0.12503883176701946,3799.5225219726562,3694.0730078125,3445.309998779297,0.00038885886813400106,0.02894555466591031,0.10323889616514248,0.014225761183756137,0.013321299033237286,2271703.7,0.7248951524796124,True,True
2024-01-30,3497.33984375,3800.550048828125,3847.800048828125,3787.0,3807.449951171875,1411621,-0.00011837705126938047,-0.03613953620557031,0.0018848913029068104,0.12817812210111312,3799.880029296875,3701.9980078125,3448.2092492675783,0.00017632649612209228,0.026621311196723063,0.10218080577197752,0.014219490573573959,0.013308603836347958,2263534.95,0.6236356103094409,True,True
2024-01-31,3511.511474609375,3815.949951171875,3834.0,3796.449951171875,3811.199951171875,2459358,0.004052019351382663,-0.010963532385958707,0.001272559993532374,0.14570731330441644,3800.122521972656,3708.3600048828125,3450.971999511719,0.004164978657320351,0.02901281055436855,0.10576091365325402,0.014209976371027664,0.01319355677917906,2345207.5,1.048673944629633,True,True
2024-02-01,3546.6640625,3854.14990234375,3904.89990234375,3805.050048828125,3820.0,2363107,0.01001060067890669,0.0032146008013593796,0.0187539522329232,0.1470342520546073,3803.67001953125,3715.39400390625,3454.173748779297,0.01327136227729886,0.037346213696748176,0.11579503020246285,0.014258215494701186,0.013204153412964196,2396159.45,0.9862060723880457,True,True
2024-02-02,3649.86669921875,3966.300048828125,3984.39990234375,3872.0,3875.050048828125,2826510,0.0290985429539663,0.040941657612496574,0.074368537638823,0.1836522022200484,3817.3975219726562,3724.3280029296875,3457.7969995117187,0.03900629316134796,0.06497065932648627,0.14705983300587433,0.014278987941736472,0.013628128013975966,2447331.2,1.1549356294726272,True,True
2024-02-05,3656.30810546875,3973.300048828125,4022.0,3962.10009765625,3983.0,1691523,0.0017648689997793454,0.045330189115528885,0.08358786841893773,0.1754456175809851,3832.722521972656,3733.5900048828125,3461.719249267578,0.036678242698121366,0.06420363340158342,0.14778229045257962,0.014076528017957224,0.013607097644510981,2352000.15,0.7191849031132077,True,True
2024-02-06,3806.027587890625,4136.0,4149.89990234375,3990.0,3997.0,4474396,0.04094831731116333,0.08826352682167915,0.1065036806915649,0.227135860172601,3852.6275268554687,3745.7070068359376,3466.701749267578,0.07355304170185928,0.10419741652290893,0.19306484928327827,0.016001548674427303,0.01444796655104585,2477563.6,1.805966151585372,True,True
2024-02-07,3757.62353515625,4083.39990234375,4155.0,4073.949951171875,4153.0,2124267,-0.012717625158667811,0.07008738442435325,0.11013235683279454,0.20755270316311036,3872.88251953125,3757.2100048828124,3471.464998779297,0.05435676960270386,0.0868170522906695,0.1762756944919892,0.015792081149905764,0.014599262352224748,2530386.7,0.8395029107606359,True,True
2024-02-08,3804.279296875,4134.10009765625,4158.0,4086.050048828125,4090.0,2345173,0.01241617194617639,0.0726360422935961,0.12038272231459524,0.23499982313670875,3895.092529296875,3770.7500048828124,3476.6874987792967,0.061361204274785086,0.09636016503425826,0.18909165667255912,0.015859815690184964,0.014539761856431915,2579098.15,0.9092996325091389,True,True
2024-02-09,3803.911376953125,4133.7001953125,4184.75,4100.0,4136.5498046875,2100596,-9.673262240961211e-05,0.04220561844125603,0.11328965162134996,0.24006667442518426,3916.125036621094,3784.0210107421876,3481.8319995117185,0.05555878748936327,0.09240941939213165,0.18721988766034592,0.01591404994195596,0.014512111596294194,2619516.6,0.8019021524811104,True,True
2024-02-12,3791.94873046875,4120.7001953125,4159.60009765625,4105.5498046875,4130.0,1013716,-0.0031448821602354515,0.03709766306922857,0.10310399846073537,0.23687176687078715,3935.3825439453126,3796.1600146484375,3486.63125,0.04709012384381883,0.08549170198614986,0.181857185302432,0.016029659054610856,0.01452873482672095,2581306.95,0.39271424113277187,True,True
2024-02-13,3818.45068359375,4149.5,4170.0,4081.5,4125.4501953125,1257415,0.00698905606388478,0.0032640232108316347,0.06868753163129493,0.21889960945962983,3948.7175415039064,3809.3980126953124,3491.5047497558594,0.05084751096671858,0.08927971983270155,0.18845606619614386,0.01386267555674225,0.014338958582808812,2303505.2,0.5458702676251826,True,True
2024-02-14,3772.99169921875,4100.10009765625,4114.89990234375,4049.5,4107.0,1391283,-0.011905025266598424,0.004089777075939827,0.05028435021590094,0.1721771897553701,3958.5325439453127,3821.1670166015624,3496.1252502441407,0.03576263479947106,0.07299683050827821,0.1727554947780925,0.014266493201841273,0.014117922949672637,2232994.1,0.623057176908797,True,True
2024-02-15,3775.844482421875,4103.2001953125,4146.2998046875,4083.0,4128.0,1091582,0.0007561029200291447,-0.00747439626855384,0.06264733209681284,0.17152286328591848,3970.627551269531,3832.982021484375,3500.6505017089844,0.033388335302459105,0.07049815843474261,0.17212506455853172,0.013922675653663405,0.01411906885736636,2215939.6,0.49260458182163447,True,True
2024-02-16,3798.942138671875,4128.2998046875,4147.9501953125,4100.10009765625,4113.25,1307556,0.006117081346329156,-0.0013064301642203846,0.06273482492529525,0.17294570125639885,3982.812536621094,3844.916015625,3505.3522509765626,0.036528776267695795,0.07370350559306948,0.17771325365015445,0.013923596150590802,0.014123109079016448,2108382.6,0.6201701721499694,True,True
2024-02-19,3776.396484375,4103.7998046875,4128.2998046875,4055.0,4123.0498046875,772291,-0.005934646503187868,-0.004101339535505399,0.05155529698061634,0.16910713400171185,3992.872521972656,3854.910009765625,3509.775,0.027781323371686595,0.06456435929538262,0.16924868536800797,0.014063678889185798,0.01415063604262363,2035041.65,0.3794964098154945,True,True
2024-02-20,3709.08251953125,4030.64990234375,4098.0,4010.0,4082.10009765625,1193648,-0.01782491978780143,-0.02864202859531273,0.022216267212144425,0.14177868188195242,3997.2525146484377,3863.225009765625,3513.83125,0.008355085792784767,0.04333811573359081,0.14708123856083,0.014646073942079162,0.01439018385276201,1947625.3,0.6128735337336191,True,True
2024-02-21,3673.055908203125,3991.5,4063.35009765625,3980.60009765625,4013.0,1885939,-0.00971304958066066,-0.02648718203692868,0.03453638307522833,0.13774673982754937,4003.9150146484376,3870.5210107421876,3517.889250488281,-0.0031007188222069715,0.031256512733569775,0.13462923809951732,0.01390230994280044,0.014432456020386175,1910979.55,0.9868964845803818,True,True
2024-02-22,3761.029052734375,4087.10009765625,4094.949951171875,3971.0,3971.0,2982052,0.023950920119315988,-0.003923790429392837,0.06385029041346124,0.18223365890594545,4016.1800170898437,3879.4050146484374,3522.221251220703,0.01765859106529688,0.05353787042692537,0.1603757419383509,0.014666261244980943,0.014527625082994718,1927196.7,1.5473521721991326,True,True
2024-02-23,3728.821533203125,4052.10009765625,4130.0,4046.39990234375,4130.0,2538072,-0.008563528948084875,-0.018457890811304112,0.06345958211414127,0.16770174536824745,4028.27001953125,3887.0050146484373,3526.328251953125,0.005915710220382175,0.04247359660860761,0.14909895169626264,0.014681380663442779,0.014602115321904904,1943842.6,1.3056983111698446,True,True
2024-02-26,3681.84423828125,4001.050048828125,4050.0,3982.75,4036.0,1379284,-0.012598417511367144,-0.025037711572092447,0.05263089945491317,0.13868375633671293,4038.2725219726562,3895.1550146484374,3530.0805017089842,-0.009217424763187765,0.027186346571946407,0.13341609260500853,0.015057027053647051,0.01467489913749114,1930469.45,0.7144811330736158,True,True
2024-02-27,3776.948974609375,4104.39990234375,4124.0,3999.0,3999.0,2960475,0.025830682509431657,0.018297297405343027,0.07994891518645186,0.1768550829844293,4053.4650146484373,3903.8980126953124,3534.186251220703,0.012565764725054773,0.05135940769877023,0.16134227530484457,0.015898224484391148,0.014928098061845618,2007912.15,1.4744046446454344,True,True
2024-02-28,3790.338134765625,4118.9501953125,4154.89990234375,4089.0,4095.60009765625,1939225,0.003545047586723138,0.031930400930101355,0.07940362112128163,0.17293873531169068,4068.615026855469,3909.0570166015623,3538.347001953125,0.012371573158135307,0.05369406939308696,0.16408882256005097,0.01589849397259346,0.014918879643633537,1981905.5,0.9784649167177749,True,True
2024-02-29,3768.391357421875,4095.10009765625,4138.10009765625,4064.550048828125,4099.0,3772719,-0.00579033407186913,0.0019573780452766254,0.06251707936060691,0.16588140886960767,4080.6625366210938,3913.77501953125,3542.4117529296873,0.003538043370552968,0.04632996971469172,0.15602035654648905,0.01597370697754863,0.014956445327781094,2052386.1,1.838211143604997,True,True
2024-03-01,3767.70068359375,4094.35009765625,4140.0,4086.800048828125,4107.2001953125,2043265,-0.00018314570635991068,0.010426692081086042,0.03228450879956957,0.15934703376338377,4087.0650390625,3919.3380224609373,3546.512003173828,0.0017824670085067051,0.04465347826402155,0.1544723643941297,0.014767162743616679,0.014956371435878225,2013223.85,1.0149219124341289,True,True
2024-03-04,3755.139404296875,4080.699951171875,4117.89990234375,4075.89990234375,4105.0,1749271,-0.0033338982155406427,0.019907249689885553,0.02703040319731853,0.13223823994942818,4092.4350341796876,3925.3510205078123,3550.640252685547,-0.002867506242567597,0.03957580604956079,0.14928566702453572,0.014809794617226141,0.014787199539376872,2016111.25,0.8676460686383254,True,True
2024-03-05,3692.012451171875,4012.10009765625,4064.0,3980.0,4062.0,2070859,-0.01681080558150938,-0.02248801454136906,-0.029956456079243243,0.10987861518792585,4086.2400390625,3929.8430224609374,3554.4100036621094,-0.01814380474409416,0.020931389555555846,0.1287668258649346,0.012079439147947568,0.01498835116915662,1895934.4,1.0922630023486046,True,True
2024-03-06,3740.04833984375,4064.300048828125,4072.0,3958.449951171875,3994.050048828125,1744204,0.013010630318612604,-0.013267979434800847,-0.004677438892199182,0.12066068424404697,4085.285046386719,3934.6490234375,3558.6880041503905,-0.0051367278709607556,0.032951103038246554,0.1420782164910368,0.012185902532653949,0.015056617969597919,1876931.25,0.9292849698144244,True,True
2024-03-07,3780.814208984375,4108.60009765625,4124.0,4037.699951171875,4065.0,2688905,0.010899797823956892,0.0032966227144792803,-0.0061682105893993144,0.12783776875474406,4084.010046386719,3940.9100244140627,3563.2317541503908,0.006021055528814712,0.042551104238194304,0.1530544127169453,0.01210797813692893,0.015097254587139144,1894117.85,1.419608077712799,True,True
2024-03-11,3793.466796875,4122.35009765625,4153.0,4089.0,4089.0,2304068,0.003346638678182412,0.006838692181215356,-0.002745747664313125,0.12261375998093738,4083.4425415039063,3947.13302734375,3567.7292541503907,0.009528126270148096,0.044390971649215905,0.1554548576971364,0.012134574767680071,0.015078360497244207,1904291.45,1.2099345402196706,True,True
2024-03-12,3857.790283203125,4192.25,4229.9501953125,4121.0498046875,4122.35009765625,4039801,0.01695632362314181,0.027336008567866,0.01736350651495866,0.16660403863503004,4087.0200317382814,3954.980029296875,3572.197004394531,0.02574735808597506,0.0599927101895652,0.17357749162285208,0.01268621509822647,0.014879766457137667,2055595.7,1.9652702133984812,True,True
2024-03-13,3817.990966796875,4149.0,4241.0,4131.89990234375,4205.0,2837260,-0.010316655733794478,0.03412175643965676,-0.00012049644535483406,0.13136546458517961,4086.9950317382813,3962.09203125,3576.4567541503907,0.015171285450608085,0.04717406038926164,0.16008672415378356,0.012840953856894011,0.014785578195057032,2134587.95,1.329183929854003,True,True
2024-03-14,3871.915283203125,4207.60009765625,4225.0,4086.0,4153.4501953125,2919608,0.01412390881085801,0.03525823563874009,0.026218872085940204,0.08976951506248376,4092.3700317382813,3970.02203125,3580.9780041503905,0.028157293945636486,0.0598430095692557,0.17498630060826903,0.01288215143910936,0.013307991817123065,2211004.2,1.3204895766367155,True,True
2024-03-15,3882.635986328125,4219.25,4239.0,4177.0,4192.60009765625,3373143,0.0027687760417725027,0.02693129039423181,0.028282754719127556,0.09329655197544073,4098.172521972656,3978.7430322265627,3585.6067541503908,0.029544260857291338,0.060447977118754936,0.17671855540660109,0.012884936570685734,0.013306360846131186,2325082.25,1.4507628708618803,True,True
2024-03-18,3821.21142578125,4152.5,4254.75,4117.85009765625,4215.25,1526904,-0.015820347218107433,0.007313765602026789,0.0058620246729710335,0.08812432606547627,4099.382531738282,3987.9580322265624,3589.724754638672,0.012957431479124315,0.04125970394968537,0.15677392664551926,0.013392623283451623,0.013395542168479397,2336049.65,0.6536265185973252,True,True
2024-03-19,3659.989013671875,3977.300048828125,4058.0,3966.60009765625,4051.25,8931209,-0.042191439174443124,-0.05127317101124096,-0.03082503091765898,0.052181848772386186,4093.0575439453123,3994.1680322265624,3593.009504394531,-0.028281423819321194,-0.004223153172910998,0.10695505925146498,0.016406678652393123,0.01447232087187447,2743995.55,3.25481905391574,True,True
2024-03-20,3654.09912109375,3970.89990234375,4018.0,3960.199951171875,3986.0,1817913,-0.0016091686334454014,-0.04292602980386839,-0.014823912135176087,0.048422416460396134,4090.0700439453126,3998.8280322265623,3596.2830041503908,-0.02913645495582029,-0.00698407874950846,0.1041678026342816,0.015948401540349964,0.014475423625556576,2775208.8,0.6550544953590519,True,True
2024-03-21,3655.9853515625,3972.949951171875,4008.39990234375,3948.0,3990.050048828125,3829582,0.0005162680698436173,-0.055768167372912125,-0.004647387906332234,0.03895134706377479,4089.142541503906,4004.7210302734375,3599.70025390625,-0.028414903406448144,-0.007933406312547353,0.10368910490827377,0.015804986959961555,0.014429841854172449,2872390.95,1.3332384298175008,True,True
2024-03-22,3598.8857421875,3910.89990234375,3938.0,3855.0,3897.0,5852485,-0.015618130001819552,-0.07308173197991352,-0.043111299234765976,0.030390813460947408,4080.3325317382814,4009.1410302734375,3602.6347534179686,-0.041524220900287956,-0.024504283383362857,0.08556658391010008,0.015094738277898612,0.01454656415290011,3015912.6,1.9405353457523935,True,True
2024-03-26,3568.150634765625,3877.5,3946.699951171875,3871.449951171875,3875.0,3440925,-0.00854020894877261,-0.06622516556291391,-0.04308879184826642,0.017396108752504302,4071.6025268554686,4012.430029296875,3605.4942529296877,-0.04767226800140911,-0.03362800804292654,0.075442013768096,0.0150942129539424,0.014586433163287338,3061055.25,1.1240976457383447,True,True
2024-03-27,3534.47119140625,3840.89990234375,3895.0,3829.39990234375,3888.5,1968575,-0.009439096752095422,-0.03429465838881429,-0.04002702903736022,0.010789757902494035,4063.59501953125,4014.5370263671875,3608.2542529296875,-0.0548024879736142,-0.04325209180610401,0.06447595793039484,0.014994662071673666,0.01463554843773355,3090519.8,0.6369721365318547,True,True
2024-03-28,3567.046875,3876.300048828125,3915.0,3840.5,3850.10009765625,4311783,0.009216628234121282,-0.02382327831023623,-0.055574471041521134,0.02185378515804648,4052.1900268554687,4014.4070263671874,3611.4742529296873,-0.0434061524414332,-0.03440283375152453,0.0733290001122413,0.013787211413067444,0.014678234889272473,3158085.2,1.365315603264915,True,True
2024-04-01,3604.26953125,3916.75,3933.300048828125,3888.050048828125,3897.699951171875,1569676,0.010435196105137434,-0.014145647909634018,-0.04909022584021783,0.02772162883066831,4042.0800170898438,4014.666025390625,3614.683503417969,-0.031006317678014983,-0.024389581791202097,0.08356651316675534,0.014036963098565986,0.014725035916652396,3139607.75,0.4999592703897485,True,True
2024-04-02,3573.948486328125,3883.800048828125,3909.85009765625,3873.0,3890.0,2142666,-0.00841257449974464,-0.006929314017826038,-0.05159826226202835,0.026591271662786076,4031.5150146484375,4015.116025390625,3617.92025390625,-0.03664006342121828,-0.03270540022556989,0.07348967811957885,0.014082284145010343,0.014735613364035418,3058105.1,0.7006515243704344,True,True
2024-04-03,3632.38232421875,3947.300048828125,3981.0,3851.0,3851.0,3973090,0.01634996632207164,0.018001302083333393,-0.03591535782743682,0.06922192695283402,4024.1625122070313,4016.3700244140623,3621.61025390625,-0.019100238408799153,-0.017197114600020935,0.08992955400725067,0.01470024256871828,0.014510495270231235,3154596.35,1.259460659681547,True,True
2024-04-04,3683.91455078125,4003.300048828125,4028.64990234375,3935.25,3975.89990234375,3394637,0.014186912397659013,0.04228179609296179,-0.018967310331533316,0.09176938898196596,4020.292517089844,4018.3840234375,3625.392254638672,-0.004226674598797331,-0.0037537414347152964,0.10423914645537224,0.015115417765076168,0.01456715544900646,3236864.65,1.0487423377434086,True,True
2024-04-05,3661.783447265625,3979.25,4002.0,3960.5,3978.0,1636819,-0.006007555900079287,0.026558818944627083,-0.008187756251505252,0.06456836832492963,4018.650012207031,4019.1080224609377,3629.0700048828126,-0.009804290517300585,-0.009917131422740977,0.09649303944151799,0.014702312638240247,0.014408652965960157,3215162.65,0.5090936845761131,False,True
2024-04-08,3655.617919921875,3972.550048828125,4032.64990234375,3960.0,3983.0,2302538,-0.001683722101369578,0.014246517859992425,-0.022574612823296536,0.07999619283199744,4014.0625122070314,4021.3940234375,3632.6775048828126,-0.010341758069951412,-0.012146030536849262,0.09355978984880364,0.014365044852583622,0.01423858308127816,3243079.35,0.7099850948759548,False,True
2024-04-09,3631.692138671875,3946.550048828125,4015.85009765625,3925.050048828125,3984.0,1876992,-0.006544914395142709,0.016156856483621862,-0.03944166990614795,0.06955477202006377,4005.960009765625,4023.4890234375,3636.3287548828125,-0.01483039291272803,-0.019122451723166733,0.08531167417928076,0.01412947281335258,0.014273147983946218,3202483.7,0.586105090870564,False,True
2024-04-10,3666.75244140625,3984.64990234375,3990.199951171875,3918.0,3956.39990234375,2101965,0.009653964359818135,0.009462126783778002,-0.03340332384451994,0.07314737209140088,3999.075,4026.9760205078123,3640.3775048828124,-0.003607108557916461,-0.010510645692577203,0.09457052105150288,0.014322147764518888,0.0143000734800114,3192378.55,0.6584322526537463,False,True
2024-04-12,3682.166015625,4001.39990234375,4013.35009765625,3945.5,3971.0,4354821,0.004203631538657326,-0.000474645033147425,-0.045524502989146676,0.07116752554259698,3989.5324951171874,4030.9840185546873,3644.3325048828124,0.002974636061013891,-0.007339179732482437,0.09797881971047517,0.013723967937543106,0.014291558007125072,3208129.55,1.3574330251096,False,True
2024-04-15,3626.76904296875,3941.199951171875,4064.199951171875,3919.050048828125,4001.39990234375,4200329,-0.01504472250739397,-0.009562115682132277,-0.050084369445197674,0.015040666943788583,3979.1424926757813,4033.7970166015625,3647.9000048828125,-0.009535356317031951,-0.02295531109983806,0.08040240848062519,0.013909941956728698,0.013535598524484677,3276283.0,1.2820409592211661,False,True
2024-04-16,3563.825927734375,3872.800048828125,3928.699951171875,3862.85009765625,3902.0,3051420,-0.017355095704650103,-0.025109815804441715,-0.07957031111740342,-0.007940980483697069,3962.402490234375,4034.9340185546876,3650.9730053710937,-0.022613159977332375,-0.04018255787603653,0.0607583356904291,0.013712704132145192,0.01370900351238042,3282873.6,0.9294966458653784,False,True
2024-04-18,3553.8876953125,3862.0,3936.0,3850.0,3876.800048828125,3476284,-0.0027886925975930676,-0.021423787303351483,-0.08467144634709955,0.00018127344754970132,3944.539990234375,4035.0910205078126,3654.090505371094,-0.020925124460322908,-0.0428964352050798,0.056897740853244505,0.013623342055299711,0.013640100337336132,3288030.65,1.0572541347812558,False,True
2024-04-19,3520.943359375,3826.199951171875,3852.550048828125,3800.89990234375,3838.0,2957749,-0.009269821032657943,-0.03976508728625705,-0.07857918093392535,-0.015033760236892957,3928.224987792969,4032.2890185546876,3657.139754638672,-0.025972299687044065,-0.05110969636216256,0.046227436706177016,0.013409485615810469,0.01367020190637428,3359572.9,0.8803943501270652,False,True
2024-04-22,3556.2802734375,3864.60009765625,3878.0,3812.0,3837.0,1728883,0.010036105528832495,-0.03418798621136865,-0.028335793072760795,-0.009737098101038177,3922.589990234375,4030.11501953125,3660.514505615234,-0.01478357226284055,-0.04106952805884212,0.05575325319103319,0.010306391171271745,0.013720016848692146,2999456.6,0.5763987383581413,False,True
2024-04-23,3565.57421875,3874.699951171875,3895.0,3860.60009765625,3877.050048828125,1807586,0.0026134278477480954,-0.016873033802871862,-0.024226234238514777,-0.01733432160633208,3917.779992675781,4024.8890185546875,3663.9012548828123,-0.010996033872357147,-0.0373150828980483,0.057533945820219756,0.010344752763286315,0.013656435613058678,2998940.25,0.6027415851316144,False,True
2024-04-24,3525.40673828125,3831.050048828125,3898.0,3824.449951171875,3890.0,1317312,-0.01126536322652505,-0.010780313848796075,-0.035716508913457345,-0.007049815634516898,3910.6849975585938,4019.842021484375,3666.9792553710936,-0.020363427067172202,-0.04696502291563598,0.0447427656474233,0.010576259162149255,0.013448036972800094,2873326.75,0.45846230332140264,False,True
2024-04-25,3544.869384765625,3852.199951171875,3873.64990234375,3811.0,3811.199951171875,2856271,0.005520654148128301,-0.0025375579565315443,-0.015009320779776791,0.0027070389430918773,3907.75,4014.2040185546875,3669.7290051269533,-0.014215353804139186,-0.04035770644291814,0.04972327542169808,0.010167187191763443,0.013455139908845004,2723516.05,1.0487439572827193,False,True
2024-04-26,3516.48046875,3821.35009765625,3876.800048828125,3802.550048828125,3855.14990234375,2039178,-0.00800837285360545,-0.0012675379168669565,-0.014480954827530645,0.002900046895656816,3904.9425048828125,4007.9570166015624,3672.474255371094,-0.021406821514538765,-0.04655911182988204,0.04053829433042888,0.010146294895757366,0.013453158337473589,2653428.7,0.7685068002769397,False,True
2024-04-29,3561.433349609375,3870.199951171875,3877.800048828125,3819.199951171875,3838.0,1110693,0.012783401747352707,0.0014490124137349625,0.007628433328930484,0.018205722486681175,3906.407507324219,4002.94701171875,3675.2810046386717,-0.009268760641192086,-0.03316233269095348,0.053035113855836036,0.010351343153858496,0.013546956139044154,2610534.6,0.42546572644545677,False,True
2024-04-30,3515.83642578125,3820.64990234375,3881.75,3810.0,3872.0,2203078,-0.012802968697553041,-0.013949479833084366,-0.014356511566022578,0.005288669602396823,3903.625,3996.370009765625,3677.7845043945313,-0.021255908970828408,-0.043969929459104495,0.03884550543364118,0.010537055525760761,0.013653593830325174,2505099.35,0.8794373764058498,False,True
2024-05-02,3555.083740234375,3863.300048828125,3871.10009765625,3778.050048828125,3778.050048828125,2491044,0.011163060624374888,0.008418057605346307,-0.013646505692697986,0.012408469257231491,3900.952502441406,3991.6340087890626,3680.486505126953,-0.009652117935226467,-0.03215073317803252,0.049671026764127824,0.010578604866068996,0.013718487625008102,2551167.75,0.9764328511913809,False,True
2024-05-03,3536.771240234375,3843.39990234375,3893.60009765625,3797.60009765625,3890.14990234375,2962234,-0.005151074530286959,-0.0022844216135374795,-0.01040222101458732,-0.002789201321272694,3898.9324951171875,3986.4380029296876,3683.057254638672,-0.014243024941566373,-0.03588118026188214,0.04353520366894448,0.0104770280577982,0.013676121825538859,2592146.15,1.1427727560809025,False,True
2024-05-06,3608.226806640625,3921.050048828125,3939.949951171875,3853.0,3853.0,2053831,0.020203504308001552,0.02609024261687609,-0.006650115186402683,-0.01140861746285926,3897.6199951171875,3982.2930078125,3686.3027551269533,0.006011374567117755,-0.015378817898187847,0.06368095875323387,0.010832063891845252,0.013401293206689095,2496183.2,0.8227885677621738,False,True
2024-05-07,3661.507080078125,3978.949951171875,3988.0,3913.5,3930.800048828125,2062112,0.014766427773869939,0.028099323386914676,-0.006082506272138688,0.0014219671996371641,3896.402490234375,3979.7960107421877,3689.835505371094,0.021185557997252635,-0.0002125886774169139,0.07835429123600024,0.010873489593226314,0.013536440757869778,2429556.95,0.8487605116644826,False,True
2024-05-08,3659.666748046875,3976.949951171875,3984.300048828125,3938.60009765625,3961.0,1247685,-0.0005026451763764372,0.04090928319086329,-0.0005780106372117455,-0.038455040819179165,3896.287487792969,3978.72201171875,3693.420755615234,0.0207023900653176,-0.0004453843575036309,0.07676601565786445,0.010789395082456736,0.012429568052231199,2410100.25,0.517690083638637,False,True
2024-05-09,3644.25341796875,3960.199951171875,3971.0,3910.050048828125,3962.0,1726486,-0.0042117703782177385,0.025082158030449442,-0.003108858920454205,-0.030170924748556205,3895.6699829101562,3978.0960107421874,3696.5190051269533,0.01656453666373281,-0.004498649485077055,0.07133223058753502,0.01082523268417939,0.012336915213018914,2381297.65,0.725018982822244,False,True
2024-05-10,3583.2421875,3893.89990234375,3973.60009765625,3885.050048828125,3962.60009765625,1672489,-0.016741591244276988,0.013139408149853038,-0.0133408029374944,-0.05810217209028801,3893.0374755859375,3974.2320068359377,3698.415255126953,0.00022153055633822305,-0.02021323977916012,0.052856327300133454,0.011371092918913174,0.012396233074603507,2371072.5,0.7053723578675895,False,True
2024-05-13,3632.8427734375,3947.800048828125,3955.0,3870.0,3884.5,931326,0.013842201349842709,0.006822152144677407,-0.009247952622876587,-0.04497185032798956,3891.1949829101563,3972.146005859375,3700.6957556152342,0.014546962094311278,-0.006129169722194683,0.06677238809430586,0.011606197435936,0.012541708983447891,2312540.55,0.4027285056687979,False,True
2024-05-14,3589.96044921875,3901.199951171875,3945.800048828125,3892.89990234375,3936.0,1058317,-0.011804067348872627,-0.0195403312316359,-0.025041223975935223,-0.05326770542305348,3886.1849853515623,3970.14900390625,3702.7175048828126,0.0038636775853206906,-0.017366867759002425,0.05360453397466092,0.011821933305879977,0.012620024717305101,2147715.35,0.49276408998985827,False,True
2024-05-15,3570.81982421875,3880.39990234375,3926.949951171875,3875.5,3904.5,1115021,-0.005331705395381414,-0.024277411084762335,-0.015426786151777616,-0.06485121042444875,3883.144982910156,3965.66900390625,3704.7692541503907,-0.0007069219868141019,-0.021501820116229697,0.047406636188368045,0.011415821086140157,0.01259078985891335,1993449.95,0.5593423602132575,False,True
2024-05-16,3615.8212890625,3900.949951171875,3909.5,3843.5,3891.10009765625,2599399,0.005295858505643514,-0.01496136577206586,0.007268617534816446,-0.04857202061925647,3884.5524780273436,3961.3089990234375,3706.9575036621095,0.004221200057737073,-0.015237147081038738,0.05233198581805154,0.010784230033879693,0.012534880096929206,1970848.9,1.3189235359443334,False,True
2024-05-17,3553.857177734375,3834.10009765625,3920.0,3830.0,3919.0,2765804,-0.017136813943368523,-0.015357304036374031,-0.007224210860629188,-0.06558298031952481,3883.1574829101564,3956.0889990234373,3709.28650390625,-0.012633375151486548,-0.030835732309687724,0.033648949364941005,0.011464518826306787,0.012710012696448985,1935324.9,1.4291161137853392,False,True
2024-05-21,3540.972900390625,3820.199951171875,3844.75,3810.050048828125,3830.60009765625,1908117,-0.0036253999974784623,-0.03232182382036475,-0.0015681355069178116,-0.07463117217547799,3882.8574829101562,3950.60599609375,3711.4137536621092,-0.016136964082266614,-0.03300912443579973,0.029311255691291338,0.011300389242971583,0.012679089961291305,1882843.3,1.0134231563508231,False,True
2024-05-22,3551.91064453125,3832.0,3841.25,3817.550048828125,3835.0,1311168,0.0030888563370892186,-0.017738119562697108,-0.008435568191394682,-0.06623125338059643,3881.2274780273438,3945.6319970703125,3713.578004150391,-0.012683481786634143,-0.02879944129474976,0.031888921066760334,0.0110796956108516,0.012675645923672856,1861957.55,0.704187912339892,False,True
2024-05-23,3608.868896484375,3893.449951171875,3905.0,3825.5,3840.949951171875,2095742,0.01603599978389214,0.0033630680230258836,0.004839084377186165,-0.034039163533428174,3882.1649780273438,3943.258994140625,3716.1037536621093,0.002906876242612766,-0.012631440907828306,0.047723693757203645,0.011660894636255068,0.012670464559132184,1876365.35,1.1169157435144492,False,True
2024-05-24,3568.1318359375,3849.5,3883.800048828125,3844.300048828125,3878.25,1309452,-0.011288176738639355,-0.013189082612151681,0.004815899280020686,-0.03557559814606037,3883.0874755859377,3938.9629931640625,3718.3667541503905,-0.008649682964164906,-0.022712321318916318,0.03526635604280837,0.011662087173982203,0.01269149554120245,1875972.35,0.6980124200657861,False,True
2024-05-27,3565.860595703125,3847.050048828125,3908.35009765625,3841.35009765625,3855.0,1841538,-0.0006364336074490273,0.0033775725312417126,-0.001336873061893673,-0.05873358691796704,3882.82998046875,3933.7319921875,3720.8250048828127,-0.009214910727640357,-0.02203554882018599,0.033923939927211766,0.01159824438789025,0.012278048957558256,1825235.7,1.0089316135992739,False,True
2024-05-28,3559.233154296875,3839.89990234375,3870.0,3830.0,3858.0,1801993,-0.0018586050073752247,0.00515678535774855,0.004854254180708839,-0.05236795493656177,3883.757470703125,3928.08298828125,3722.9172546386717,-0.011292561054651706,-0.022449394832181224,0.03142230667612078,0.01145548255140364,0.012237877735641311,1813376.45,0.9937225113957998,False,True
2024-05-29,3525.632568359375,3803.64990234375,3848.89990234375,3800.0,3848.89990234375,1568095,-0.009440350249201646,-0.007398250954136265,-0.017195506606312194,-0.04933708503401302,3880.429968261719,3920.310986328125,3724.67525390625,-0.019786484112832348,-0.029758119799991545,0.021203096392007792,0.011257450337915125,0.01219307959022849,1836246.55,0.8539675676994465,False,True
2024-05-30,3463.020263671875,3736.10009765625,3794.39990234375,3715.449951171875,3777.0,2919230,-0.01775920666249453,-0.04041399157276049,-0.022129691766741955,-0.08973292404504452,3876.2024780273437,3912.05298828125,3726.1525048828125,-0.03614423683109402,-0.04497712355943939,0.0026696687160285837,0.011585202765954808,0.011875776543360732,1872054.15,1.5593726281902691,False,True
2024-05-31,3402.632080078125,3670.949951171875,3749.800048828125,3653.75,3740.0,10956800,-0.017438008827773466,-0.04638265978130274,-0.04978906510629344,-0.10876563757689128,3866.5849731445314,3901.3199853515625,3727.5075048828126,-0.05059633328413693,-0.05904925385373838,-0.015173022089653876,0.011761591214567923,0.012032728111953231,2295341.95,4.77349355288871,False,True
2024-06-03,3432.20068359375,3702.85009765625,3751.550048828125,3696.0,3732.800048828125,2156773,0.008689888696028492,-0.03748325323082313,-0.036569133646954355,-0.0957852044262597,3859.557482910156,3890.9919873046874,3728.804005126953,-0.040602422932627724,-0.048353193803096106,-0.006960383928738989,0.012001200408526796,0.012097311232185303,2255068.9,0.9564111322718344,False,True
2024-06-04,3443.46240234375,3715.0,3745.0,3591.5,3700.0,3395997,0.003281229869780633,-0.032526864116305565,-0.05254971149621179,-0.09265209095660953,3849.25498046875,3882.2419873046874,3729.9587548828126,-0.03487817282823935,-0.04307871272619923,-0.004010434395080198,0.010916294739307898,0.012112467906014394,2322177.2,1.4624194053752657,False,True
2024-06-05,3472.61328125,3746.449951171875,3783.800048828125,3700.0,3716.0,2799670,0.008465666533479244,-0.015038174553506978,-0.058432501753766575,-0.08190996740743262,3837.62998046875,3877.6249853515624,3731.3380041503906,-0.023759463460762742,-0.03382870563172691,0.0040500075320637485,0.010469322686582504,0.012178567606878245,2359055.1,1.186776010445877,False,True
2024-06-06,3550.427490234375,3830.39990234375,3839.89990234375,3741.5,3781.0,4328036,0.02240786671809558,0.025240170825898467,-0.03684985997496437,-0.045288051367074256,3830.3024780273436,3874.8149853515624,3733.1775036621093,2.543514956454551e-05,-0.011462504190708489,0.026042800961451507,0.0119064045373439,0.012385405870797278,2513072.65,1.7222088665045159,False,True
2024-06-07,3609.33251953125,3893.949951171875,3915.0,3837.300048828125,3837.300048828125,4552445,0.016590969728575766,0.060747218830595084,-0.016728953289440796,-0.04191376020709092,3826.9899780273436,3873.2349853515625,3735.4367529296874,0.01749677253637505,0.00534823368544779,0.04243498383900257,0.012575252798059395,0.012460959379975434,2654370.6,1.7150751292980715,False,True
2024-06-10,3576.6591796875,3858.699951171875,3905.89990234375,3841.89990234375,3895.0,1734661,-0.009052504639766035,0.04208916089103143,-0.009039767856047876,-0.060823672429675124,3825.22998046875,3872.190986328125,3737.486252441406,0.008749793051403332,-0.0034840830950445545,0.032431878151067295,0.012172283818016168,0.01241401298052145,2657479.2,0.652746783493169,False,True
2024-06-11,3570.541748046875,3852.10009765625,3879.949951171875,3841.0,3845.0,1419898,-0.001710382667514887,0.03690446774057876,-0.024241336944175518,-0.0655572655397827,3820.4449829101563,3871.68298828125,3739.497502441406,0.008285714069354633,-0.0050579788387306035,0.03011169151505766,0.011703389107319134,0.012401374805662052,2681907.8,0.5294357993962358,False,True
2024-06-12,3551.586181640625,3831.64990234375,3893.5,3827.449951171875,3874.39990234375,2177001,-0.005308843174906763,0.022741515910341903,-0.017827860581007382,-0.08601588589808573,3816.96748046875,3871.49798828125,3741.363752441406,0.003846619587441813,-0.010292678972872338,0.024131882349966105,0.011480511619031297,0.012184557446590123,2737842.0,0.7951521672908809,False,True
2024-06-13,3594.6875,3878.14990234375,3890.0,3852.0,3856.800048828125,1932323,0.012135764275216454,0.012466061303620712,-0.0005798371447852668,-0.06528081408923836,3816.85498046875,3871.5349853515627,3743.575751953125,0.016059012508636616,0.0017086031812227898,0.03594802384335738,0.011781024223164347,0.012251430898719854,2778707.1,0.6954036285436489,False,True
2024-06-14,3551.95703125,3832.050048828125,3889.0,3828.0,3889.0,1860730,-0.011887073650186819,-0.01589642987710238,-0.017662339482989786,-0.08925516686752544,3813.4099853515627,3869.840986328125,3745.9005017089844,0.004888030279504241,-0.009765501381972186,0.02299835435560471,0.012001795642651065,0.012165284004511518,2741773.65,0.6786592321361029,False,True
2024-06-18,3536.245849609375,3815.10009765625,3842.0,3795.050048828125,3826.050048828125,1774045,-0.004423207149149455,-0.011299104379023817,-0.0049555305067842115,-0.09578714282011025,3812.4599853515624,3868.4669873046873,3747.9677526855467,0.0006924957415503918,-0.013795358684350556,0.017911665574657176,0.011414532953964602,0.012158101161185203,2692185.7,0.6589608584578693,False,True
2024-06-19,3523.8251953125,3801.699951171875,3833.85009765625,3792.949951171875,3827.64990234375,1509050,-0.0035123970908672586,-0.01308381018318816,-0.004842678455698413,-0.08447924113862126,3811.5349853515627,3865.5549853515627,3750.0655029296877,-0.0025803342268890805,-0.01651898224748194,0.013768945689574874,0.011412769003942568,0.012017186281644311,2672232.35,0.5647151154352278,False,True
2024-06-20,3510.431640625,3787.25,3809.949951171875,3780.050048828125,3796.0,2846526,-0.0038009183674321267,-0.011587672014760853,-0.011677974947807979,-0.047783684030608065,3809.2974853515625,3861.233984375,3752.0105029296874,-0.005787808759054602,-0.019160709937389497,0.009392163759348815,0.011412859216206944,0.010765220313059836,2749000.25,1.0354768065226623,False,True
2024-06-21,3532.213623046875,3810.75,3877.800048828125,3798.050048828125,3827.0,4642195,0.006205030034985848,-0.017379395856518376,-0.02124078958482145,-0.04033088374985838,3805.162487792969,3857.863984375,3754.1255029296876,0.001468403051106515,-0.012212453462802197,0.015083272263040515,0.010860356133576454,0.010801963315331087,2876322.9,1.6139338876035094,False,True
2024-06-24,3537.82177734375,3816.800048828125,3857.0,3791.300048828125,3808.75,1702154,0.0015876268000065696,-0.0039795931174394505,-0.00849459700529287,-0.03930326439115894,3803.527490234375,3854.748984375,3756.3030029296874,0.003489539283685339,-0.009844722886159007,0.016105475477152353,0.010597906119760522,0.010804772965151687,2895958.0,0.5877688833885022,False,True
2024-06-25,3557.88916015625,3838.449951171875,3847.64990234375,3792.89990234375,3817.0,1338808,0.0056722652658729444,0.006120377688116241,-0.0022355044896984477,-0.018525135641660584,3803.0974853515627,3852.586982421875,3758.617502441406,0.00929570329356011,-0.0036694904786063187,0.021239843819865545,0.010683201206212113,0.010652080591224073,2870821.5,0.4663501370600715,False,True
2024-06-26,3574.017578125,3855.85009765625,3866.949951171875,3841.0,3844.5,1639845,0.004533117978798407,0.014243666564922597,0.0041538049736047356,-0.005583469334300428,3803.8949951171876,3850.010986328125,3761.016003417969,0.01365839556711057,0.0015166479651254061,0.025215020130756383,0.010722026952186483,0.010613389391802083,2862714.1,0.5728287711301663,False,True
2024-06-27,3646.594482421875,3934.14990234375,3942.0,3818.10009765625,3831.0,4526556,0.020306755372853758,0.03878801302891288,0.03430915130217116,0.024278164589266682,3810.4199951171877,3848.665986328125,3763.732003173828,0.0324714617772095,0.02221131070331772,0.045278967531751535,0.011350162976634841,0.010858706117283847,3010637.15,1.5035209407417298,False,True
2024-06-28,3618.787109375,3904.14990234375,3960.0,3897.85009765625,3917.800048828125,2731571,-0.007625535565416008,0.024509585342452178,0.04498000596743168,0.007184648547535533,3818.8224853515626,3847.9249853515626,3766.468752441406,0.02234390766250338,0.014611749762853066,0.036554438374963194,0.010637251648472386,0.010846129866950853,3001254.2,0.9101431661470061,False,True
2024-07-01,3687.4248046875,3978.199951171875,4001.699951171875,3884.0,3884.0,2658723,0.01896700963855702,0.04228670621436015,0.08369768155022572,0.015689015426533448,3834.1849853515623,3850.0329833984374,3769.463752441406,0.03756077663715218,0.033289836301689135,0.05537556863234849,0.01019550652678938,0.01103714280364926,2586350.35,1.027982539179195,False,True
2024-07-02,3723.75927734375,4017.39990234375,4023.39990234375,3982.550048828125,3993.60009765625,2307449,0.009853690526623105,0.04662036849464246,0.08494802554567271,0.03439926150573491,3849.9124755859375,3853.1409814453127,3772.458251953125,0.04350421673737448,0.04262987564935239,0.06492892274256734,0.010226499271376012,0.0110441269057304,2593884.15,0.8895728824280761,False,True
2024-07-03,3675.42138671875,3965.25,4026.10009765625,3955.0,4020.0,1821198,-0.012981008515812853,0.028372446950219343,0.0673620457604307,0.004547399728886514,3862.4249755859373,3855.921982421875,3775.137751464844,0.026621882642125394,0.028353275319501492,0.05035902291549177,0.0109208340456532,0.010985218656789041,2515144.2,0.7240928770604882,True,True
2024-07-04,3727.050048828125,4020.949951171875,4047.35009765625,3982.10009765625,3999.85009765625,2518001,0.01404702129042934,0.022063228647290378,0.07326936261730577,0.004408838240570256,3876.1499755859377,3859.0489794921873,3778.0930017089845,0.03735664938094896,0.041953593369782105,0.06428029944022984,0.011128550053199716,0.010982200111394233,2501060.75,1.0067732261201572,True,True
2024-07-05,3718.569091796875,4011.800048828125,4026.75,3988.0,4010.0,1668616,-0.0022755573819274177,0.02757326157475415,0.047358017729005164,0.0081799456752214,3885.2199829101564,3861.7909814453124,3780.875751953125,0.03257989675610484,0.03884442946383149,0.06107693350031651,0.010268458612263323,0.010957375433363198,2368089.75,0.7046253208941933,True,True
2024-07-08,3701.328125,3993.199951171875,4031.25,3978.050048828125,4022.0,1758882,-0.004636347133422869,0.003770549541025847,0.025488257744589404,0.005198147811842357,3890.182482910156,3865.0339794921874,3783.6322521972656,0.026481397393125272,0.03316037384399051,0.05538796717173211,0.009807463926777043,0.010972574404875922,2228411.6,0.789298529948417,True,True
2024-07-09,3694.19091796875,3985.5,4006.949951171875,3975.10009765625,3985.0,1305801,-0.001928265868483603,-0.007940434888032866,0.03286082111401689,0.009869367090236336,3896.5224853515624,3867.69998046875,3786.156502685547,0.022835108736812382,0.030457382973374525,0.052650622649395906,0.009537137675814766,0.010941004642391948,2206968.6,0.5916717618909485,True,True
2024-07-10,3623.421630859375,3909.14990234375,4003.300048828125,3902.0,3983.699951171875,2669716,-0.019156968424601684,-0.014147934595864053,0.014810052501546211,-0.018947712308574838,3899.3749755859376,3869.4559765625,3787.798251953125,0.0025067932217377464,0.010258270418807891,0.03203751686828937,0.010600355347064664,0.01115028638201133,2269459.5,1.176366443199361,True,True
2024-07-11,3636.908447265625,3923.699951171875,3980.0,3895.60009765625,3931.0,4872189,0.0037220493436185276,-0.024185827026187434,0.024023606324737434,-0.0194181918998807,3903.9774780273438,3870.5259765625,3789.577501220703,0.005051892142189596,0.013738177945675556,0.0353924546754798,0.01051898397516885,0.01114719341752791,2404218.9,2.026516387505314,True,True
2024-07-12,3878.135986328125,4183.9501953125,4199.9501953125,3971.300048828125,3980.0,13509164,0.06632776394201523,0.04291094879832347,0.07885210749175542,0.06159297857203261,3919.2674926757813,3877.791982421875,3792.697001953125,0.06753371723959911,0.07895168546390496,0.10315962312778781,0.0178785016620622,0.01392306578149958,2983060.95,4.528624867688339,True,True
2024-07-15,3864.464111328125,4169.2001953125,4240.0,4157.0498046875,4235.7001953125,4848030,-0.003525376572724337,0.04407498905457374,0.0879816657372412,0.07653381087259148,3936.125,3883.9099853515627,3795.551502685547,0.05921437843373867,0.0734543825775904,0.09844384732036371,0.017584012182562652,0.013725599871266859,3132425.95,1.5476918137522133,True,True
2024-07-16,3873.0380859375,4178.4501953125,4194.5498046875,4144.89990234375,4172.0,2029521,0.0022186509562194257,0.048413046120311165,0.09523999065698652,0.0819394602052046,3954.2925048828124,3890.6109912109373,3798.4130041503904,0.05668717985654692,0.07398303370648063,0.10005157173452606,0.017471605578558817,0.013715407706071428,3145199.75,0.6452757094362608,True,True
2024-07-18,4000.11669921875,4315.5498046875,4325.0,4160.0,4160.0,5613364,0.03281111487910082,0.10396119680652083,0.1351631796605175,0.1278944801004842,3979.984997558594,3898.500986328125,3801.9605029296877,0.08431308342487442,0.10697671228555472,0.13508538591130925,0.01843439224113853,0.014226711497030751,3350415.45,1.6754232672846585,True,True
2024-07-19,3997.190185546875,4302.39990234375,4358.75,4285.25,4317.39990234375,3903354,-0.003047097806510468,0.09651603228701777,0.13602215389629668,0.11328463324135685,4005.7424926757812,3904.9699853515626,3805.546002197266,0.07405803298898661,0.10177540889764525,0.13056047669890414,0.01841294594888311,0.014203346943513627,3403256.85,1.146946637307143,True,True
2024-07-22,3983.208251953125,4287.35009765625,4319.9501953125,4265.0,4299.9501953125,1896386,-0.0034980022845625403,0.024713463955568615,0.1250672696073607,0.10649860677846079,4029.5724975585936,3911.17798828125,3808.9645031738282,0.06397145112883229,0.09617872428769414,0.12559465809770765,0.018549939110783686,0.014219958273719023,3265966.4,0.5806507991019136,True,True
2024-07-23,3997.14404296875,4302.35009765625,4361.7001953125,4266.2998046875,4283.0,2365208,0.003498664596623513,0.03193655763842962,0.127213907623273,0.12302111505233149,4053.85,3918.0209912109376,3812.5905041503906,0.061299776177276,0.09809266139907247,0.1284584832734348,0.018530554071761556,0.014117660541262813,3299119.1,0.7169210714460111,True,True
2024-07-24,4000.7666015625,4306.25,4339.10009765625,4268.10009765625,4287.5,1809793,0.0009064586226663618,0.030585456021677393,0.12187212410710369,0.11786772612620977,4077.2400024414064,3926.2679931640623,3816.1932543945313,0.05616789725928939,0.0967794372410431,0.12841507568861843,0.01856781797444157,0.014110900100437163,3322668.35,0.544680602865465,True,True
2024-07-25,4015.86474609375,4322.5,4343.0,4274.2001953125,4295.0,2810342,0.0037735849056603765,0.0016105005450175458,0.12102387035932738,0.131144723602038,4100.572497558594,3933.7619921875,3819.859254150391,0.054121102010399325,0.09882092729162029,0.13158619530378646,0.018571592918020786,0.014051754813853705,3381193.2,0.8311687128673984,True,True
2024-07-26,4076.578369140625,4387.85009765625,4422.4501953125,4337.0498046875,4350.0,3552210,0.015118588237420516,0.019861053656576866,0.11532356584638781,0.13375281717101806,4123.257507324219,3943.4949951171875,3824.114754638672,0.06417076543534583,0.11268052909646409,0.1474159064745022,0.018394984845043736,0.014084896752283482,3332475.9,1.065937191023647,True,True
2024-07-29,4070.3076171875,4381.10009765625,4431.0,4371.0,4415.0,1746803,-0.0015383387877369037,0.021866653728896512,0.12216492891991049,0.14668975426633457,4147.105017089843,3953.5089990234374,3828.3772546386717,0.056423717171890875,0.10815483124951353,0.14437522904720757,0.018213608325562264,0.013956144571830358,3283237.5,0.5320367472654659,True,True
2024-07-30,4055.6748046875,4365.35009765625,4398.0,4327.2998046875,4391.10009765625,1797906,-0.003594987480068257,0.014643159801039918,0.09731792047564891,0.12995367755098775,4166.4625244140625,3962.797001953125,3832.634754638672,0.04773535633088577,0.10158307263902766,0.13899454999535976,0.01806190327903882,0.01392871383629362,3240196.65,0.5548755813941108,True,True
2024-07-31,4074.25634765625,4385.35009765625,4414.0,4345.0,4350.0,2330091,0.00458153402420991,0.018368672895500815,0.09158913831252846,0.14100801610106006,4184.860034179687,3973.822001953125,3836.872755126953,0.04790842748361168,0.10355977079518408,0.14294905709249894,0.018022768100738183,0.013899098728707447,3241328.75,0.7188690749125648,True,True
2024-08-01,4085.17236328125,4397.10009765625,4419.2998046875,4365.0498046875,4399.39990234375,2202244,0.002679375588799493,0.017258553535280496,0.10890866847140779,0.12140881725557184,4206.4525390625,3985.3600048828125,3840.911505126953,0.045322645821706864,0.10331314919329215,0.14480640644463727,0.01755556631038632,0.013699067125373185,3260381.05,0.6754560176332763,True,True
2024-08-02,3979.212890625,4283.0498046875,4398.0,4270.0,4365.0,2811282,-0.0259376158003638,-0.0238842008355592,0.06518356525159885,0.07642716225321244,4219.557531738281,3994.3810009765625,3844.219754638672,0.015047140007370174,0.0722687203950656,0.11415321653225186,0.01874627636792646,0.014059376550063687,3275045.1,0.8583948966076833,True,True
2024-08-05,3860.29296875,4155.0498046875,4239.0,4110.5,4239.0,2787771,-0.029885246690317002,-0.051596696704026446,0.03570710257636578,0.04478302611355334,4226.72001953125,3999.612998046875,3846.803253173828,-0.016956461396205325,0.038862961670673934,0.0801305736807183,0.02014483352592182,0.014624439250703608,3331002.85,0.83691642593461,True,True
2024-08-06,3875.2978515625,4171.2001953125,4258.25,4160.7998046875,4170.9501953125,2203067,0.003886930694977364,-0.04447521916924568,0.04457584050815888,0.053280199672288475,4235.620031738281,4006.047001953125,3849.514754638672,-0.0152090687887656,0.041225974952080024,0.08356519228461101,0.02008836479982187,0.014614448842205117,3353212.1,0.6570019832625559,True,True
2024-08-07,3902.472900390625,4200.4501953125,4244.9501953125,4180.2998046875,4228.0,1237666,0.007012370212504004,-0.04216308806053359,0.05393305615669308,0.07872577638275624,4246.367541503906,4013.1150048828126,3852.4675061035155,-0.010813323562459232,0.04668074306411696,0.09032722239906521,0.020087144240368168,0.01444732896005263,3349805.35,0.36947400540750824,True,True
2024-08-08,3876.551513671875,4172.5498046875,4232.0,4160.0,4181.0,2441283,-0.0066422381715501855,-0.05106781469187849,0.067380353510063,0.05693037972530801,4259.537536621094,4019.7680029296876,3855.6175048828127,-0.020421872371289673,0.03800761676954045,0.08220014028967326,0.01955444228802408,0.014389399897491141,3338383.7,0.7312769350030075,True,True
2024-08-09,3928.765380859375,4228.75,4253.64990234375,4205.5498046875,4217.0,1302536,0.013469029237078045,-0.012677836393140351,0.07774550873519703,0.08396135879416611,4274.7900390625,4028.2700048828124,3858.907004394531,-0.010770128741246165,0.04976826153017999,0.0958413859635101,0.01968279142619319,0.014377436375925838,3159901.05,0.41220784429309903,True,True
2024-08-12,3898.013427734375,4195.64990234375,4239.0,4186.35009765625,4230.0,936912,-0.00782739524830034,0.009771266185653715,0.002796330378014078,0.08124162661935697,4275.375024414063,4037.4610009765624,3862.2650036621094,-0.01864751550800836,0.03918029210162666,0.08631849403537384,0.013240193473006525,0.01440096436820864,2531288.45,0.3701324517164371,True,True
2024-08-13,3899.220703125,4196.9501953125,4234.0,4183.0,4213.0,1495593,0.0003099145541252124,0.006173283178529054,0.006655952868658055,0.0758790160975289,4276.762524414063,4047.981005859375,3865.714504394531,-0.018661856637105956,0.03680086177220088,0.0856855027812895,0.013210788043675873,0.014392504485288825,2363666.6,0.63274279037492,True,True
2024-08-14,3990.54736328125,4295.25,4306.2001953125,4188.14990234375,4209.0,3226545,0.023421722944744428,0.022568962915758828,0.027952901010649622,0.12027591627710676,4282.602514648437,4059.82900390625,3869.754504394531,0.0029532241921361724,0.05798790931027753,0.10995413148877331,0.014178488343479215,0.014463228513429618,2423517.8,1.331347762331269,True,True
2024-08-16,4102.77783203125,4416.0498046875,4427.0,4325.10009765625,4350.0,3457058,0.02812404509341704,0.05835760180176841,0.023287878613018842,0.15597347288925123,4287.627514648438,4073.85,3874.55650390625,0.029951829910670913,0.08399911746566513,0.13975620183505577,0.013662629426696092,0.01483021571786235,2315702.5,1.4928765676938207,True,True
2024-08-19,4171.48193359375,4490.0,4494.25,4390.35009765625,4421.0,2055210,0.01674577927857701,0.061779485663612244,0.043603593788214434,0.1717118997912317,4297.00751953125,4088.7210009765627,3879.5337536621096,0.044913228471567423,0.09814291533406028,0.15735557030832292,0.014047140820767337,0.014943384746802903,2223295.3,0.9243981220128519,True,True
2024-08-20,4202.4189453125,4523.2998046875,4565.0,4500.0,4505.0,2212298,0.007416437569599088,0.07809276511863406,0.05503392577159394,0.161771657890722,4308.805004882813,4102.578999023437,3885.099503173828,0.04978057711166284,0.10255032401916209,0.1642687146088051,0.01402488288530491,0.01485469105030356,2239090.9,0.9880340275600246,True,True
2024-08-21,4228.61962890625,4551.5,4560.0,4492.5498046875,4518.0,1896990,0.006234429847713496,0.08447796332763025,0.05791018784814295,0.1823613456293025,4321.2625,4115.73,3890.906502685547,0.05328014671638215,0.10587915145065407,0.1697788155172848,0.014045628858618086,0.014748706852377353,2215680.0,0.8561660528596187,True,True
2024-08-22,4182.630859375,4502.0,4560.9501953125,4497.2001953125,4560.0,1829872,-0.010875535537734793,0.04813456725452525,0.04545718432510881,0.17024731751836275,4331.05,4128.596000976562,3896.732752685547,0.03947079807436982,0.09044333689591189,0.15532685604300567,0.014377365658365057,0.014849227553100405,2216683.95,0.8254997289983536,True,True
2024-08-23,4147.23388671875,4463.89990234375,4506.0,4455.0,4500.0,1809253,-0.008462927067136805,0.010835497734979826,0.03271252801474844,0.16250423601384267,4338.1199951171875,4140.831997070312,3902.2975024414063,0.02899410513497447,0.07802004657566686,0.14391583408261077,0.014571465972836884,0.014908182899194596,2166629.5,0.8350541705446178,True,True
2024-08-26,4183.04833984375,4502.4501953125,4552.14990234375,4485.0,4489.0,1844164,0.00863601196534658,0.002772872007238414,0.02611759634119304,0.18371835234840095,4343.85,4154.248002929688,3907.917003173828,0.0365114346288431,0.08381834501388719,0.15213557290388202,0.014327607247699502,0.014842824481148896,2081227.2,0.8860945119302689,True,True
2024-08-27,4178.12548828125,4497.14990234375,4510.0,4486.7998046875,4505.0,930697,-0.0011772019098108544,-0.005781156118957798,0.02648873618513825,0.20370166344443663,4349.652490234375,4166.628002929688,3913.559002685547,0.033910160050838245,0.07932599194880408,0.14912025071239077,0.014323952671708362,0.014603675116887153,2040421.9,0.45612968572823104,True,True
2024-08-28,4186.39306640625,4506.0498046875,4562.5,4457.2998046875,4498.75,1848058,0.0019790094920144607,-0.00998576190541578,0.03223102474800155,0.22748876030005172,4356.687475585937,4180.107998046875,3919.4360021972657,0.03428346190507381,0.07797449415013169,0.1496679119550297,0.014275678392324473,0.014351592139705348,2042929.5,0.9046117352556708,True,True
2024-08-29,4191.7353515625,4511.7998046875,4556.0,4460.0,4460.0,2133641,0.0012760622383751752,0.0021767669230341458,0.028834575168543708,0.21846677172896678,4363.0099609375,4194.0419921875,3925.194500732422,0.03410256797076583,0.07576409895082281,0.14944617492091683,0.014259497420110345,0.014338251164078752,2033107.0,1.049448455000155,True,True
2024-08-30,4230.70947265625,4553.75,4592.25,4487.7998046875,4500.0,3637222,0.009297884908128218,0.02012816138844742,0.035625730336966255,0.22577388963660838,4370.842456054687,4209.082993164063,3931.208751220703,0.04184720583830259,0.0818864839195872,0.15835873599589134,0.014364254710705546,0.01435844432960213,2104855.9,1.7280147301295068,True,True
2024-09-02,4200.3291015625,4521.0498046875,4588.0,4512.0,4576.0,1216500,-0.0071809377573428534,0.004130997249978341,0.0555678805648081,0.20675569235172442,4382.742456054688,4223.758989257813,3936.9127502441406,0.03155726123987579,0.07038536436046194,0.14837439676739983,0.013002261540296047,0.014408699974796338,2025116.8,0.6007060926066091,True,True
2024-09-03,4192.24658203125,4512.35009765625,4555.89990234375,4495.89990234375,4521.0498046875,1717263,-0.0019242670191843558,0.0033799618964398537,0.08599181953623347,0.17803629195354453,4400.607470703125,4237.790991210937,3942.6222509765626,0.02539254584669215,0.06478826044388253,0.14450480173153024,0.010582249474772716,0.014200925627332417,1971591.4,0.871003494943222,True,True
2024-09-04,4161.49462890625,4479.25,4487.0,4436.7001953125,4476.9501953125,1265505,-0.007335445375446947,-0.005947516305661149,0.07385159912336015,0.15031011085593948,4416.0099609375,4251.039990234375,3948.110750732422,0.01432062871730344,0.05368333638118572,0.13452997719707982,0.010891938757980958,0.014143840888788834,1924713.3,0.6575031200750782,True,True
2024-09-05,4158.4287109375,4475.9501953125,4499.0,4454.14990234375,4481.0,1688793,-0.0007366868755930289,-0.007945744697660184,0.0655882077372194,0.15996326533582073,4429.7849609375,4263.789995117188,3953.753251953125,0.010421552012590318,0.049758595155548146,0.1320762602222112,0.010902914603999996,0.014069932328957546,1947269.65,0.8672620147908124,True,True
2024-09-06,4140.5908203125,4456.75,4518.9501953125,4440.0,4473.9501953125,1649179,-0.004289635602426456,-0.021301125446060887,0.06811187609869274,0.1569663007229849,4443.994970703125,4275.807993164062,3959.369752197266,0.0028701718568455714,0.042317617424640686,0.12562106570792264,0.01080294730841179,0.014087167561995635,1907664.45,0.8645016160992045,True,True
2024-09-09,4133.9013671875,4449.5498046875,4490.25,4430.5,4455.0,1184938,-0.0016155708335671148,-0.015814910936364335,0.05221396504581732,0.1612620980757642,4455.0349609375,4286.115991210938,3964.9597509765626,-0.0012312263086809994,0.03813098241197799,0.12221815204847508,0.01058401454541673,0.014060382719584407,1901784.55,0.6230663720556568,True,True
2024-09-10,4188.06591796875,4507.85009765625,4539.9501953125,4440.4501953125,4442.4501953125,1385591,0.013102514979679958,-0.0009972630453335407,0.0744104495320499,0.1623712881577739,4470.644970703125,4298.189995117187,3970.4775012207033,0.008322093835886335,0.048778695864361454,0.13534205804473998,0.010533261246833474,0.014072055526173365,1924218.5,0.7200798661898324,True,True
2024-09-11,4161.587890625,4479.35009765625,4549.35009765625,4471.25,4521.4501953125,1325919,-0.006322304287540104,2.2346967963438047e-05,0.06728693198674529,0.16891743076948473,4484.764965820313,4308.212998046875,3975.385001220703,-0.0012073917374334497,0.03972345371200525,0.1267713935331538,0.010746107121433509,0.013993027221140052,1915734.8,0.6921203289724652,True,True
2024-09-12,4197.21826171875,4517.7001953125,4532.60009765625,4431.2998046875,4510.25,2742216,0.008561531655298937,0.009327628364525387,0.0517898132384611,0.18416295239222746,4495.887475585938,4318.21900390625,3980.461252441406,0.004851704995957329,0.04619524651848361,0.13496901710614062,0.009750362912397309,0.01398140788309101,1891518.35,1.4497432710605211,True,True
2024-09-13,4201.76953125,4522.60009765625,4547.0,4505.0,4530.0,1458786,0.0010846010429894637,0.01477536268721602,0.024127964511552857,0.18962573473536692,4501.214990234375,4329.366005859375,3985.4762524414064,0.004750963343957304,0.044633346207124,0.13477030377130328,0.007674655520892578,0.013958160999244136,1791604.75,0.8142342779566755,True,True
2024-09-16,4193.0830078125,4513.25,4546.0498046875,4494.4501953125,4527.0,1155120,-0.002067416409665679,0.014316098955762468,0.005178173719376344,0.19169582150637,4502.377490234375,4339.212006835937,3990.491502685547,0.0024148374473724754,0.04010820233947676,0.13100103006425234,0.006771428937472934,0.013945649677851616,1746600.25,0.6613533921113317,True,True
2024-09-17,4186.02197265625,4505.64990234375,4535.7998046875,4466.0,4513.25,1699364,-0.0016839522863235645,-0.00048808085114537825,-0.0039019970167485374,0.182352529644755,4501.4949951171875,4349.08900390625,3995.369002685547,0.0009230060748861568,0.035998550109432426,0.12771809044801863,0.006569389801690524,0.013952312394148963,1720953.55,0.9874548909236974,True,True
2024-09-18,4037.83642578125,4346.14990234375,4497.0498046875,4321.0,4497.0498046875,2961779,-0.03539999854783016,-0.029736500253060183,-0.04511701585329009,0.13868943794374333,4491.227490234375,4356.148002929687,3999.5585021972656,-0.03230243584990489,-0.0022951700858678814,0.08665741480117739,0.01008654628430166,0.014802067194979026,1774193.0,1.6693668614406663,True,True
2024-09-19,3991.38330078125,4296.14990234375,4422.2001953125,4281.7998046875,4390.0498046875,2927551,-0.011504435218177012,-0.04904050366127155,-0.045724144303920466,0.11924082819736648,4480.934985351562,4362.3610009765625,4003.753751220703,-0.041238063844239115,-0.01517781279861763,0.07303050319563198,0.010115767763109221,0.014900989374763996,1829076.95,1.6005619665154056,True,True
2024-09-20,3980.931396484375,4284.89990234375,4330.7001953125,4227.5,4316.89990234375,5447908,-0.0026186237109330213,-0.05255830499709302,-0.040099465470992524,0.11127242860097053,4471.9849853515625,4369.876000976563,4007.827501220703,-0.04183490857429717,-0.019445883273077502,0.06913281598039234,0.010011887758989176,0.014908880260678554,2011009.7,2.709041134908499,True,True
2024-09-23,3965.69580078125,4268.5,4309.39990234375,4253.0,4300.0,1702319,-0.003827371167942517,-0.054229213981055735,-0.0519606403544598,0.08498661869926782,4460.2874755859375,4376.772001953125,4011.601251220703,-0.04299890458534694,-0.024737866606898695,0.06403895419593963,0.009698260562499462,0.01472743683808372,2003917.45,0.8494955717861532,True,True
2024-09-24,3968.29638671875,4271.2998046875,4291.0,4240.0,4251.64990234375,3012026,0.0006559223819841975,-0.05201249602956182,-0.05022071813495588,0.09404093375701117,4448.994970703125,4378.518994140625,4015.5197497558593,-0.039940518518397305,-0.024487546952886796,0.06369786998238314,0.00972123998366002,0.01467951912754951,2107983.9,1.4288657517735313,True,True
2024-09-25,3971.501708984375,4274.75,4289.60009765625,4240.0,4252.35009765625,2713073,0.0008077623838798065,-0.016428311021956743,-0.05133094721831222,0.07454377670000456,4437.42998046875,4380.629990234375,4019.3352502441408,-0.0366608557621827,-0.024170037293816393,0.06354651549415924,0.009696159004076908,0.01450158508319392,2151234.65,1.2611701842939356,True,True
2024-09-26,3987.992431640625,4292.5,4316.7998046875,4260.0,4260.0,3964251,0.004152289607579407,-0.000849575183994089,-0.04860583673496777,0.06847715048127445,4426.464990234375,4382.910986328125,4023.235500488281,-0.030264554340749927,-0.020628068105911557,0.06692735224647905,0.009777444457443971,0.01446322191409037,2242765.15,1.767572944496663,True,True
2024-09-27,4003.043212890625,4308.7001953125,4378.0,4300.0498046875,4335.0,3012477,0.003774069962143356,0.0055544571661363396,-0.05381274876475428,0.08661501678645744,4414.2125,4382.773994140625,4027.1210009765623,-0.02390286029218114,-0.016901122195019713,0.06992071861452787,0.009502511296777085,0.014345935531528738,2211527.9,1.3621700182936873,True,True
2024-09-30,3965.69580078125,4268.5,4298.75,4260.0498046875,4286.89990234375,2503416,-0.009330005219725934,0.0,-0.05586087647732885,0.0615650659257716,4401.585009765625,4382.09599609375,4030.443000488281,-0.03023570133721243,-0.025922753904754847,0.05906472302991972,0.009567557197562072,0.01431640727715111,2275873.7,1.0999801966163587,True,True
2024-10-01,3983.71826171875,4287.89990234375,4295.75,4242.9501953125,4255.5498046875,1823365,0.004544899225430443,0.0038864276485655047,-0.04974130784512509,0.06882193782221924,4390.3625,4382.1069921875,4033.8080004882813,-0.02333807234738594,-0.021498126360607772,0.06299057908177863,0.009707965974312737,0.014316263233450971,2281178.8,0.7993082348477025,True,True
2024-10-03,3932.481201171875,4232.75,4279.0,4210.0,4262.60009765625,3350119,-0.01286175134676193,-0.009825135972863941,-0.05503153429703633,0.05998949508096252,4378.0375,4380.714990234375,4036.838250732422,-0.03318553118834644,-0.033776447580868285,0.04853098813955037,0.009928900861865587,0.014412250103556021,2385409.5,1.404420918085553,False,True
2024-10-04,3950.597900390625,4252.25,4298.0,4224.0498046875,4225.0,2965463,0.004606934026342158,-0.009376820034944666,-0.049978258369982154,0.06693012169113044,4366.852490234375,4379.634990234375,4039.885001220703,-0.02624372828957733,-0.02908575498150323,0.052567090081803824,0.01005780272635932,0.014413884092499446,2449243.0,1.2107671635684985,False,True
2024-10-07,3969.7373046875,4272.85009765625,4297.25,4229.39990234375,4273.89990234375,1472619,0.00484451705714628,-0.008320397342858055,-0.04126323045801317,0.09303818078054293,4357.657495117188,4378.6419921875,4042.888751220703,-0.019461694168475985,-0.0241608916006395,0.05688045370185191,0.010179459695395871,0.014170883223052712,2440415.0,0.6034297445311556,False,True
2024-10-08,3951.527099609375,4253.25,4279.39990234375,4203.9501953125,4272.60009765625,1541867,-0.004587125035582451,-0.0035726836125102857,-0.04411677884371645,0.08398961514111192,4347.842504882812,4375.949990234375,4046.1872509765626,-0.02175619396898132,-0.028039623512197243,0.0511747816350967,0.01019438627849513,0.014190194910648789,2458261.45,0.6272184758866881,False,True
2024-10-09,3951.24853515625,4252.9501953125,4295.0,4246.7001953125,4260.0,1082504,-7.048837653556017e-05,-0.008150774931137361,-0.056545780543208246,0.016491592102913843,4335.097509765625,4373.3869921875,4049.115751953125,-0.018949357948252032,-0.02753856383854103,0.05034048316871509,0.009559196938047897,0.01134891744991364,2443107.1,0.4430849552195235,False,True
2024-10-10,3927.510498046875,4227.39990234375,4293.85009765625,4198.60009765625,4253.25,2378875,-0.006007663338477576,-0.001263976765991326,-0.05624704249938606,0.013959441692602104,4322.5,4370.62798828125,4050.947751464844,-0.022001179330537912,-0.03277059642722513,0.04355823913431123,0.009553459686770004,0.01136774148030985,2495754.9,0.9531685182707645,False,True
2024-10-11,3854.858154296875,4149.2001953125,4241.9501953125,4112.4501953125,4143.0,5759183,-0.01849829891605348,-0.02423418300605562,-0.08156805101461806,-0.007000203097505708,4304.075,4365.904990234375,4052.397752685547,-0.03598329598984684,-0.04963571021508684,0.023887695269498632,0.009766584147913824,0.011620138507101975,2646603.25,2.176065868580793,False,True
2024-10-14,3843.19873046875,4136.64990234375,4165.39990234375,4122.2001953125,4140.0,2137590,-0.003024749922389547,-0.03187572514823511,-0.0853381212087514,-0.04145471850410143,4284.777490234375,4360.695986328125,4054.000002441406,-0.03457066049012569,-0.05137851496339485,0.020387247126929076,0.009692516692391743,0.010794051247310841,2680543.45,0.7974465028723933,False,True
2024-10-15,3824.75634765625,4116.7998046875,4169.9501953125,4095.0,4131.0498046875,2759474,-0.004798592611137686,-0.032081395476988184,-0.08784139928266765,-0.04313873695356485,4264.95498046875,4357.370986328125,4055.683751220703,-0.034737805313238446,-0.055210167414124545,0.015069235476854459,0.009677079817006651,0.010803014469103436,2760761.15,0.9995337698808171,False,True
2024-10-16,3804.456787109375,4094.949951171875,4115.0,4067.199951171875,4085.0,2359151,-0.0053074850739028845,-0.03715073934201463,-0.09115221112901761,-0.044876238726003215,4244.419982910156,4356.168989257812,4057.2210009765627,-0.03521565545825134,-0.05996531326725296,0.009299210022384985,0.009654661994934623,0.010813543631744537,2793750.5,0.844438685559072,False,True
2024-10-17,3817.510009765625,4109.0,4129.9501953125,4092.949951171875,4112.7998046875,2522659,0.0034310672891384453,-0.028007736452401177,-0.05456551377021346,-0.04494057742106561,4232.562487792969,4354.924985351562,4058.6460009765624,-0.029193305036684603,-0.05647054453951961,0.01240660038133945,0.006573540974326937,0.01081310152513132,2771794.5,0.9101176151406607,False,True
2024-10-18,3839.90771484375,4123.0498046875,4146.14990234375,4080.0,4090.0,2361000,0.0034192759035045484,-0.006302513591545433,-0.040291912896664894,-0.042542861030478996,4223.907482910156,4353.376977539063,4060.2834997558593,-0.02387781423497659,-0.05290770223665886,0.015458601581740394,0.006375220607666714,0.010824322107172168,2743466.95,0.860589918898057,False,True
2024-10-21,3799.675048828125,4079.85009765625,4139.9501953125,4070.0,4132.60009765625,1595450,-0.010477609798003495,-0.013730870638899884,-0.047854047786587084,-0.056136472491324474,4213.654992675782,4351.522983398438,4061.6267504882812,-0.03175506662318406,-0.062431678926815115,0.004486711430531587,0.00664940749417143,0.010881450070114823,2550844.05,0.6254596395259836,False,True
2024-10-22,3739.744140625,4015.5,4089.800048828125,4006.35009765625,4066.0,1928049,-0.015772662258649484,-0.02460644420264435,-0.05927140681738319,-0.08485934782848192,4201.004992675781,4347.257983398437,4062.7047509765625,-0.0441572892674964,-0.0763143077004802,-0.011619045406933814,0.007287594861468025,0.010841229653692087,2562130.55,0.7525178605750593,False,True
2024-10-23,3787.009033203125,4066.25,4113.5498046875,3995.14990234375,3999.60009765625,1966476,0.012638525712862725,-0.007008620743621519,-0.04800641820142659,-0.07186553391571326,4190.752502441406,4344.669985351563,4064.069001464844,-0.029708865500617132,-0.06408311477978312,0.0005366539136932857,0.008057977677868089,0.010992021805063928,2509853.05,0.7835024444957047,False,True
2024-10-24,3769.9189453125,4047.89990234375,4079.0,4004.0,4004.0,2676744,-0.0045127814709499114,-0.014869821770807978,-0.05306745368881216,-0.07272044354081442,4179.409997558594,4341.688979492187,4065.253000488281,-0.031466186684643516,-0.06766700206673937,-0.004268639157869569,0.008033392994836335,0.010996073755248147,2508036.6,1.0672667217057359,False,True
2024-10-25,3778.906494140625,4057.550048828125,4092.0,4032.699951171875,4057.050048828125,1759676,0.0023839884179912563,-0.015886239303951277,-0.054734991536837474,-0.07474888926275636,4167.6625,4336.93498046875,4066.6247509765626,-0.026420673740226164,-0.06441990320325908,-0.0022315071353112836,0.00796352900213586,0.010980145833171263,2397807.85,0.7338686458967093,False,True
2024-10-28,3809.91943359375,4090.85009765625,4134.0,4051.0,4068.949951171875,1532534,0.008206934831954227,0.0026961774910110314,-0.050560514257467326,-0.069648175660872,4156.769995117187,4330.430986328125,4068.620251464844,-0.01585844238155365,-0.05532495251125602,0.005463730900764796,0.00821332393070389,0.011036584044416988,2323810.7,0.6594917563638036,False,True
2024-10-29,3795.39111328125,4075.25,4103.5,4060.10009765625,4095.85009765625,1445885,-0.003813412196449706,0.014879840617606721,-0.045273515286400334,-0.048516784572543936,4147.107495117188,4322.135986328125,4070.6625012207032,-0.017327135889723788,-0.05712129074815786,0.0011269661333803693,0.008065249321255514,0.010553122560540274,2270934.15,0.6366917332235283,False,True
2024-10-30,3804.145263671875,4084.64990234375,4107.0,4060.050048828125,4075.0,1935002,0.0023065829933746063,0.0045250297802028605,-0.047400826658501094,-0.01694321504024543,4136.944995117187,4313.36298828125,4072.396251220703,-0.012640993011790336,-0.0530243076130803,0.0030089535416337743,0.00798060489486415,0.009842369764522078,2276516.0,0.8499839228013333,False,True
2024-10-31,3695.925048828125,3968.449951171875,4078.300048828125,3960.0,4070.0,3740372,-0.028447958564380316,-0.01962744956363005,-0.062441686569753685,-0.04860717171246565,4123.729992675781,4301.7019873046875,4073.8470007324217,-0.037655239741617774,-0.07746981011616239,-0.025871626877886578,0.009644132174828055,0.010477485258122985,2296028.65,1.6290615537397586,False,True
2024-11-01,3710.59326171875,3984.199951171875,3998.949951171875,3976.050048828125,3989.85009765625,154895,0.003968803989917724,-0.018077435095947725,-0.06303722707463699,-0.05148263497611516,4110.327490234375,4291.345986328125,4075.3185009765625,-0.030685520645778896,-0.07157335626975592,-0.02235863277504635,0.009618055150892427,0.010446461058264285,2155500.25,0.07186034889116807,False,True
2024-11-04,3691.920166015625,3964.14990234375,3991.89990234375,3913.25,3966.300048828125,2269192,-0.005032390209790516,-0.030971605482461917,-0.07224690505333398,-0.04994545591993427,4094.89248046875,4281.350986328125,4076.5740002441407,-0.03192820782196304,-0.07408901652709876,-0.027578083433210776,0.009434764332595541,0.010433330327081712,2195328.9,1.0336455735630319,False,True
2024-11-05,3698.6259765625,3971.35009765625,3986.0,3941.10009765625,3941.10009765625,967590,0.001816327709565968,-0.0254953444190541,-0.0662787050711221,-0.0608690280446349,4080.7974853515625,4270.728984375,4077.753000488281,-0.026820097808868293,-0.07010018378924665,-0.026093513466678875,0.00951140842909476,0.010270402152621358,2166615.05,0.44659063916314995,False,True
2024-11-06,3855.367919921875,4139.64990234375,4149.7998046875,3975.25,4003.60009765625,3792017,0.04237848604353078,0.013465046286694315,-0.02664039966741838,-0.013347157485355865,4075.132470703125,4263.578984375,4079.037249755859,0.015831983893640933,-0.029066913615396928,0.014859548681865675,0.013976728496809681,0.011655989436804218,2302090.7,1.6472057334665398,False,True
2024-11-07,3865.845458984375,4150.89990234375,4205.7998046875,4085.050048828125,4169.7001953125,3724349,0.002717621119030067,0.045975117090237605,-0.018096229778873485,-0.010972322954935887,4071.307470703125,4256.475986328125,4080.2727490234374,0.019549599781732763,-0.024803636699346487,0.017309419655148428,0.013956804193365646,0.011661768360322995,2369364.4,1.5718768290770302,False,True
2024-11-08,3862.213623046875,4147.0,4169.75,4117.64990234375,4155.0,1648039,-0.0009395317727483032,0.040861415296248094,-0.0005302697408974266,-0.03451487107851692,4071.1974609375,4249.179990234375,4081.7012487792967,0.018619224390320932,-0.024046990353246644,0.01599792518872656,0.013324224046960322,0.01124497507896793,2163807.2,0.761638560034369,False,True
2024-11-11,3910.363525390625,4198.7001953125,4234.2998046875,4117.64990234375,4128.2001953125,1406487,0.012466890598625602,0.05916786669194196,0.01500013161219993,-0.049218106449861576,4074.2999755859373,4242.078994140625,4083.2717492675783,0.03053290638195394,-0.01022583475886274,0.028268617210114977,0.013583410850943396,0.010739212304369236,2127252.05,0.6611755292467576,False,True
2024-11-12,3909.152099609375,4197.39990234375,4218.0,4164.35009765625,4216.0,1587640,-0.0003096894058313149,0.056920140287028964,0.0195783379032608,-0.06516705961163693,4078.32998046875,4235.60599609375,4084.745748291016,0.029195754744032465,-0.0090202190159413,0.02757923283226793,0.013522433369522748,0.010490179705369735,2068660.35,0.76747253361336,False,True
2024-11-13,3865.333984375,4150.35009765625,4196.75,4131.0498046875,4178.10009765625,1098813,-0.01120927378428449,0.002584806823021868,0.013528894649498913,-0.08245080430988938,4081.099987792969,4228.36599609375,4085.782248535156,0.016968491355373816,-0.018450602078810774,0.01580305684284644,0.013731389135656547,0.010510406907705787,2005643.45,0.547860588082094,False,True
2024-11-14,3861.189208984375,4145.89990234375,4160.0,4116.4501953125,4135.0,1825432,-0.0010722457642822203,-0.001204558075991402,0.008980263408067568,-0.08911350052867184,4082.9449829101563,4221.698994140625,4087.220498046875,0.01541899773254407,-0.017954641461193077,0.014356799278364196,0.013722219939194117,0.010462923055799192,1970782.1,0.926247503465756,False,True
2024-11-18,3743.4697265625,4019.5,4213.0,3990.199951171875,4213.0,3313944,-0.030487929115773804,-0.03074511695201354,-0.025114856621371473,-0.10717458907152377,4077.7674926757813,4212.569990234375,4088.1089978027344,-0.01428906694176102,-0.04583187713959691,-0.01678257547428652,0.015345767612468104,0.011050620699949705,2018429.3,1.641842991478572,False,True
2024-11-19,3762.142822265625,4039.550048828125,4132.14990234375,4014.10009765625,4019.89990234375,1776233,0.004988194757588049,-0.037904622640609786,-0.009877825867003365,-0.09506258267413703,4075.752490234375,4204.2259912109375,4089.255247802734,-0.008882394476355415,-0.03916914617032308,-0.012155073714539388,0.015240818737172668,0.011050167624928208,2027468.45,0.8760841629866053,False,True
2024-11-21,3793.156005859375,4072.85009765625,4092.449951171875,4024.0,4044.89990234375,2384347,0.008243504456092898,-0.02967308514443756,0.014282180962831514,-0.09541473620374674,4078.6199951171875,4196.691997070313,4090.6144982910155,-0.001414669046845507,-0.029509408720133967,-0.004342721770087876,0.014907190019595888,0.01104411764462849,2050283.35,1.1629353572031884,False,True
2024-11-22,3953.111328125,4244.60009765625,4254.9501953125,4054.0,4071.0,3096553,0.0421694871851126,0.022708927628352082,0.043861075353519796,-0.05615774661099915,4087.5375,4191.426997070313,4092.8347485351565,0.03842474782341454,0.012686156915795888,0.03708074194185618,0.01739492296384941,0.012406605364894449,2106787.2,1.4697986583552434,False,True
2024-11-25,4018.769775390625,4315.10009765625,4328.10009765625,4252.2001953125,4280.0,4052167,0.01660933854261759,0.04081145210882875,0.06600958565151038,-0.04237629749067817,4100.897509765625,4188.141997070313,4095.330499267578,0.05223309955455768,0.030313704901779204,0.053663458523793395,0.017600084227957134,0.012606065227391782,2175558.35,1.862587137688125,False,True
2024-11-26,4053.788330078125,4352.7001953125,4366.60009765625,4310.0,4321.0498046875,2060669,0.008713609604716455,0.08289593116370186,0.07274097495596354,-0.03526300285081463,4115.655017089844,4184.841997070313,4097.823250732422,0.057595978583809826,0.040111000214512416,0.06219813032065802,0.01763871918174128,0.012661706473412507,2190608.0,0.9406835910395652,False,True
2024-11-27,4035.021240234375,4332.5498046875,4377.39990234375,4324.0498046875,4358.9501953125,1558993,-0.004629400078300927,0.07253277031296457,0.05908300261838639,-0.048575392876749945,4127.740002441406,4181.040991210937,4099.654499511718,0.04961790280515643,0.03623710310304373,0.05680852013346982,0.01769813994314236,0.01260621593269432,2191930.95,0.7112418390734434,False,True
2024-11-28,3953.390869140625,4244.89990234375,4339.9501953125,4233.0,4319.0,2558544,-0.02023055851520028,0.0422430977232644,0.04162932392951357,-0.061080924624504984,4136.222497558594,4175.6739892578125,4101.012498779297,0.026274554826125174,0.016578380703097473,0.035085824197629734,0.018398707871879187,0.012829610794950146,2247563.9,1.138363185135693,False,True
2024-11-29,3977.55810546875,4270.85009765625,4298.7001953125,4195.64990234375,4220.0,2017425,0.006113264366533588,0.006184328180761867,0.045585349972260714,-0.05351978343290276,4145.532507324218,4170.977993164062,4101.686749267578,0.030229551960001322,0.023944529234119827,0.04124238605468311,0.018419535894574016,0.012861391944440494,2251685.05,0.8959623371838793,False,True
2024-12-02,3982.9599609375,4276.64990234375,4288.2001953125,4230.0498046875,4270.0,1670944,0.0013579977182254233,-0.008910614920238924,0.07766255212085116,-0.04523080820589387,4160.9425048828125,4169.587993164063,4102.652999267578,0.02780797795815637,0.02567685568819078,0.04241082614279956,0.01693935498581561,0.01283586558690798,2148213.65,0.7778295236137244,False,True
2024-12-03,4007.268310546875,4302.75,4325.0,4265.4501953125,4314.35009765625,2010905,0.006102930623791858,-0.011475680168896552,0.07995332883191009,-0.038695737833250754,4176.870007324219,4169.719995117188,4103.496248779297,0.030137397729651294,0.031903822088435785,0.04855706917728431,0.016946653250496414,0.012865783352678729,2241014.15,0.8973191891715633,True,True
2024-12-04,4055.370849609375,4354.39990234375,4386.9501953125,4289.0498046875,4313.5498046875,3302642,0.012003928265353458,0.005043242118673241,0.09844481404935523,-0.022965187110843055,4196.382507324219,4171.109995117187,4104.599747314453,0.0376556223708715,0.04394271727217136,0.06085859046128306,0.016897456408535974,0.012957705542359397,2292686.65,1.4405117245306942,True,True
2024-12-05,4157.4912109375,4464.0498046875,4489.0,4360.0,4400.7998046875,3746747,0.02518140382208145,0.05162663605395035,0.12406352875361559,0.003258756646509431,4221.017492675781,4175.020991210938,4106.316495361328,0.0575767128265694,0.0692281102502268,0.08711781221205994,0.017475220811900945,0.013367103345350066,2431644.5,1.540828439354519,True,True
2024-12-06,4140.21484375,4445.5,4465.0,4412.75,4453.0,1842087,-0.00415537583564185,0.040893475151374314,0.07388308307982427,-0.013831448762829823,4236.309997558594,4178.504995117188,4107.796495361328,0.04938023953911852,0.06389725636197885,0.08221037848881241,0.015346065507794925,0.01326880440275568,2334148.0,0.789190316980757,True,True
2024-12-09,4146.408203125,4452.14990234375,4469.39990234375,4415.5498046875,4430.4501953125,2066639,0.0014958727575637987,0.0410367937538727,0.07257462407848081,-0.006072353068971359,4251.372497558594,4182.052993164062,4109.556744384766,0.047226490950970534,0.06458476485620457,0.08336499025767141,0.015352535508731717,0.013245489684340524,2251262.5,0.9179911272008484,True,True
2024-12-10,4128.154296875,4432.5498046875,4493.7998046875,4412.10009765625,4426.14990234375,2087828,-0.004402389426719888,0.03016670842774971,0.0688569579666023,-0.01884817206625411,4265.649987792969,4184.853989257813,4111.20349243164,0.03912646780025297,0.05918863981049349,0.07816356277363301,0.015426021620498054,0.013208891547262418,2273251.95,0.9184322925578046,True,True
2024-12-11,4123.404296875,4427.4501953125,4448.64990234375,4407.0,4431.85009765625,1635256,-0.0011504911619057978,0.016776202141983054,0.05448114639272905,-0.0210387609536955,4277.087487792969,4187.228989257813,4112.699244384766,0.035155396738709266,0.05736997108850894,0.07653147780195124,0.015307034126464125,0.013208268368129954,2284690.4,0.7157451180256196,True,True
2024-12-12,4149.01611328125,4454.9501953125,4485.0,4426.0,4430.0498046875,1914642,0.006211249994209966,-0.002038420217768344,0.06135948419518922,-0.012917477358333818,4289.965002441406,4190.957993164063,4114.45499633789,0.03845840065762807,0.06299089673030345,0.08275584476623776,0.015307508286759097,0.013232380346721242,2301040.5,0.8320766192511605,True,True
2024-12-13,4166.6650390625,4473.89990234375,4494.89990234375,4394.39990234375,4434.9501953125,1967048,0.004253629378660362,0.006388460767911441,0.07795723181767533,-0.007046708174881511,4306.142492675781,4194.677993164062,4116.671246337891,0.03895770052972103,0.06656575537734422,0.08677609520644691,0.014933050568613595,0.013242766972849037,2344452.25,0.8390224198424173,True,True
2024-12-16,4111.99609375,4415.2001953125,4475.0,4397.0,4459.0,1646224,-0.013120478399728852,-0.008299295361056558,0.06495581159991581,0.015887692445102575,4319.607507324219,4198.326997070312,4118.789747314453,0.022129947645983084,0.05165705253390862,0.07196542338470024,0.015379096159235843,0.012527270600862785,2335491.85,0.7048725089749296,True,True
2024-12-17,4031.249267578125,4328.5,4432.9501953125,4318.0,4410.0,3225027,-0.019636752916560196,-0.023474029457596912,0.07687523323796497,0.007530020690991623,4335.057507324219,4199.851997070313,4119.996746826172,-0.0015126690506734874,0.030631556307086028,0.050607625681852175,0.014277684076403955,0.012700384466631522,2331046.0,1.3835106643112147,True,True
2024-12-18,4049.27099609375,4347.85009765625,4362.0,4289.60009765625,4311.7001953125,1575404,0.004470393359420122,-0.01797876749478189,0.07632039338578389,0.014691170563416733,4350.472509765625,4201.351997070313,4121.475496826172,-0.0006027878818882781,0.03486927557797892,0.05492562093463915,0.014275896807884342,0.01270665469975771,2321004.55,0.6787595483171285,True,True
2024-12-19,3978.5361328125,4271.89990234375,4364.0,4262.0,4282.0,3015763,-0.017468448453050733,-0.0410891895405151,0.04887236208424284,0.0007965098614852728,4360.425,4201.724995117187,4122.82974609375,-0.020301942507037762,0.01670145173901494,0.03615724282363075,0.014992532912356584,0.012902678324888155,2352575.35,1.2818985797840652,True,True
2024-12-20,3883.913818359375,4170.2998046875,4382.0,4152.5,4329.0,4116989,-0.023783351665264352,-0.06786027946159512,-0.017504662691257167,-0.023646197789524925,4356.709985351563,4200.071987304687,4123.159245605469,-0.042786915193075536,-0.007088493413250574,0.011433116276620803,0.012916068423770686,0.013265322205740329,2403597.15,1.7128448500615006,True,True
2024-12-23,3872.737548828125,4158.2998046875,4217.0,4114.89990234375,4200.0498046875,2195338,-0.0028774909627629075,-0.05818544556546823,-0.03633757952774175,-0.027241404833616034,4348.869970703125,4198.689985351562,4123.355993652343,-0.0438206171486919,-0.009619710148874083,0.008474604445735556,0.012251297955269691,0.013268577855691549,2310755.7,0.9500519678475746,True,True
2024-12-24,3892.48193359375,4179.5,4218.0,4158.2998046875,4158.2998046875,1181886,0.005098284469196246,-0.03442301028069772,-0.03979143693356657,-0.026324985439720394,4340.2099609375,4199.2959814453125,4123.7779931640625,-0.03702815356489941,-0.0047141191125325,0.01351236825268165,0.012114260989937243,0.013274608208711215,2266816.55,0.5213858174804662,True,True
2024-12-26,3882.7958984375,4169.10009765625,4199.9501953125,4143.14990234375,4179.5,1208464,-0.002488312559815742,-0.04111227295907849,-0.03772598455865628,-0.03239958486973005,4332.0374755859375,4199.9449853515625,4124.151743164062,-0.03761218106905895,-0.0073441170784123155,0.010898811996113311,0.012098864552373214,0.01326618291184585,2249290.1,0.537264624069612,True,True
2024-12-27,3878.83837890625,4164.85009765625,4180.9501953125,4147.25,4163.0,858100,-0.001019404643795685,-0.025059062041404068,-0.018857878048738397,-0.024282511969954346,4328.034985351563,4200.905991210938,4124.572493896484,-0.03770415171033037,-0.00858288512766614,0.009765279630644885,0.011299061264116353,0.013215318733547057,2164267.9,0.3964851116629323,True,True
2024-12-30,3873.202880859375,4158.7998046875,4199.2998046875,4112.0,4151.0,1527169,-0.0014527036572468122,-0.002757595505981092,-0.026236063173989854,-0.030108001724966638,4322.432470703125,4202.18298828125,4125.30599243164,-0.03785661595055678,-0.010323963452980034,0.008119109786597134,0.011178234038769446,0.013200539631413167,2139755.1,0.713712050505219,True,True
2024-12-31,3813.598388671875,4094.800048828125,4139.9501953125,4032.050048828125,4135.0,1555429,-0.015388996553101442,-0.015270605497899381,-0.04252156656918893,-0.03259109353774137,4313.339978027344,4201.898989257813,4125.4584924316405,-0.0506660570028068,-0.025488223468362103,-0.0074315239529764154,0.011590732061848038,0.013244856313920519,2133979.35,0.7288866220753261,True,True
2025-01-01,3830.03662109375,4112.4501953125,4134.0,4085.449951171875,4094.39990234375,763161,0.004310380549454651,-0.01604254209534628,-0.04422748351345074,-0.03287666639720144,4303.824987792968,4201.686997070313,4125.477742919922,-0.04446621157302377,-0.021238326848248,-0.003157827630940413,0.011530686505890963,0.013242986276299351,2071592.15,0.3683934600736926,True,True
2025-01-02,3888.9892578125,4175.75,4183.0,4096.9501953125,4120.0,1720835,0.015392236180671759,0.0015950450188251253,-0.04102744496379207,-0.02272490151468487,4294.892492675781,4203.604995117187,4125.744742431641,-0.02774050639892811,-0.006626453995925652,0.012120298440685184,0.011772652591290175,0.013384003737976867,1992501.8,0.8636554305747678,True,True
2025-01-03,3818.347900390625,4099.89990234375,4179.9501953125,4092.300048828125,4179.9501953125,1791953,-0.018164424991019557,-0.015594845862291762,-0.08157388879518601,-0.036054804597954515,4276.684997558594,4205.292993164063,4125.28299194336,-0.04133694562862689,-0.02506200899476807,-0.006153054141784353,0.010411349950678777,0.013571263664314962,1894762.1,0.9457403649777457,True,True
2025-01-06,3813.784423828125,4095.0,4149.64990234375,4066.39990234375,4105.5,2085593,-0.0011951273105348381,-0.01534091749633859,-0.07884377460353165,-0.037138971316097,4259.159997558594,4205.867993164063,4125.012991943359,-0.03854281070743826,-0.026360312150609633,-0.007275853919000541,0.010432945100945364,0.0135714065781669,1906937.4,1.0936871865851496,True,True
2025-01-07,3751.6650390625,4028.300048828125,4140.35009765625,4011.550048828125,4114.9501953125,2669054,-0.016288144364316248,-0.016240109213398912,-0.09520116411455448,-0.04709747317854651,4237.967504882812,4205.47599609375,4124.116491699218,-0.04947358747161623,-0.04212982012742306,-0.023233204751598846,0.010690456249580222,0.013705831939421606,1937058.15,1.3778904882127572,True,True
2025-01-08,3826.264404296875,4108.39990234375,4126.0,4017.75,4034.89990234375,2181277,0.01988428184214497,-0.0009848855977311333,-0.07312944391531839,-0.00983329100746777,4221.760009765625,4206.492993164063,4123.562241210938,-0.026851385952696094,-0.02331944709755207,-0.003677000122771279,0.012047391139489877,0.01375723108367821,1941730.6,1.1233674743550932,True,True
2025-01-09,3761.49072265625,4038.85009765625,4137.75,4025.300048828125,4101.0,2392472,-0.016928684242209058,-0.032784506338681685,-0.0877706310660874,-0.023642272611005488,4202.330004882812,4205.452993164063,4122.993991699219,-0.03890220592780913,-0.03961592146639725,-0.020408444497463485,0.01238218341270948,0.013923902384179223,1979591.4,1.2085685965295667,False,True
2025-01-10,3972.715576171875,4265.64990234375,4297.0,4170.0,4200.0,7894300,0.056154548746216726,0.04042781627552605,-0.04249212329420249,0.03615674910564404,4192.864990234375,4209.260991210937,4124.435740966797,0.01735923104581194,0.013396392205319296,0.034238419567145684,0.01828651479663108,0.015700614343575246,2278574.3,3.4645787060794992,False,True
2025-01-13,3996.417724609375,4291.10009765625,4322.9501953125,4227.39990234375,4245.0,4003771,0.005966311323045259,0.047887691735347904,-0.04085916285067892,0.04790049910823502,4183.725,4213.389995117188,4126.03674194336,0.02566495112758349,0.018443605417281184,0.04000530437233718,0.01832137949865622,0.0156948125693275,2380410.45,1.681966654112109,False,True
2025-01-14,3942.35400390625,4233.0498046875,4313.89990234375,4219.0498046875,4302.0,3441709,-0.013528067779275621,0.05082783143697034,-0.04125529592483357,0.030189779675711792,4174.61748046875,4218.6819921875,4127.3372412109375,0.013997048709763149,0.0034057586057938405,0.025612775816096667,0.018334707759895243,0.015800810039712742,2470184.7,1.3933002661703797,False,True
2025-01-15,3957.76806640625,4249.60009765625,4256.4501953125,4207.4501953125,4218.0,1653474,0.003909779882680153,0.0343686590080845,-0.018228001003523175,0.03069336994786598,4170.6724853515625,4223.989995117187,4129.0307421875,0.01892443306970293,0.006063012120925304,0.029200401497827988,0.017889616799414358,0.01580241109351469,2391607.05,0.6913652474807682,False,True
2025-01-16,3917.441650390625,4206.2998046875,4294.0,4191.85009765625,4260.0,2637705,-0.010189262983270164,0.041459747943708436,-0.032556387591433755,0.03099371398569062,4163.594970703125,4228.832993164063,4130.674741210937,0.010256721483445252,-0.005328464972011893,0.018308162277234308,0.017963778462563095,0.015799020697210734,2444722.1,1.078938583653332,False,True
2025-01-17,3911.750244140625,4124.2998046875,4160.60009765625,4100.0498046875,4159.89990234375,1761466,-0.01949456857749876,-0.0331368257808935,-0.03455139423451148,0.0270949582088158,4156.2149658203125,4231.891987304687,4132.091740722656,-0.007678900488852225,-0.025424132501480234,-0.0018857122552156103,0.018063988344473963,0.015871655079323994,2382007.25,0.7394880934976164,False,True
2025-01-20,3867.64697265625,4077.800048828125,4145.7998046875,4068.10009765625,4145.7998046875,1287799,-0.011274581883335744,-0.0497075444463827,-0.022180600961926866,0.0028404669727943865,4151.589978027344,4230.654990234375,4133.099240722656,-0.0177738961674343,-0.03613032538911476,-0.013379594506146453,0.017462173057450105,0.015863661101516765,2240547.75,0.5747697186993671,False,True
2025-01-21,3827.85888671875,4035.85009765625,4111.0,4030.0,4095.300048828125,1971591,-0.010287397780558316,-0.046585728051883435,-0.029447060765848798,-0.002976804016453838,4145.467492675782,4228.353994140625,4133.6947412109375,-0.026442710071470588,-0.045526911122184766,-0.02367002153768727,0.017582771801227137,0.015910000453840355,2229360.4,0.8843751777415622,False,True
2025-01-22,3942.386474609375,4156.60009765625,4163.14990234375,4044.199951171875,4050.0,2409223,0.029919347120975548,-0.02188441214769632,-0.0054791009316306205,0.024411294410707773,4144.322497558594,4228.54599609375,4135.058741455078,0.002962510785511796,-0.017014335070249187,0.005209443818829929,0.018889248938877005,0.016368302832945967,2290727.25,1.0517284412624854,False,True
2025-01-23,3931.810791015625,4145.4501953125,4191.35009765625,4140.0498046875,4168.0,1822998,-0.0026824573165066257,-0.014466303449694462,-0.005672663594008087,0.013346883007893995,4143.140002441406,4227.48099609375,4136.0494921875,0.0005575946914013752,-0.01940417966563246,0.002272870076327038,0.01889058633261023,0.016342115556299556,2321453.95,0.7852828611999819,False,True
2025-01-24,3938.35498046875,4152.35009765625,4178.0,4104.0,4104.0,1910099,0.0016644518734183489,0.0068012254921112625,-0.0030013085001628914,0.018919108681982655,4142.515002441406,4226.58,4136.794742431641,0.0023741845736340306,-0.017562639851546602,0.003760243423502674,0.018893377307585474,0.016333755867464463,2374053.9,0.8045727184205885,False,True
2025-01-27,3855.648681640625,4065.14990234375,4156.35009765625,4041.050048828125,4102.0,1551782,-0.021000203080592694,-0.003102198816249069,-0.022518492531954704,-0.004773970956191587,4137.832507324219,4224.87599609375,4137.22424194336,-0.01756538111482664,-0.03780610221404834,-0.017420941042768923,0.019470174772119927,0.016564180018554944,2375284.55,0.653303622086036,False,True
2025-01-28,3832.07958984375,4040.300048828125,4102.0,4028.300048828125,4070.800048828125,2468272,-0.006112899674695416,0.0011026056627967407,-0.013309563189928486,0.018105330428832334,4135.107507324219,4222.7639990234375,4137.5629919433595,-0.022927447068345486,-0.043209601634737194,-0.023507302077243164,0.01921723408536517,0.016158807412265174,2420926.7,1.0195566846365072,False,True
2025-01-29,3888.512939453125,4099.7998046875,4107.85009765625,4054.0,4054.0,1217089,0.014726568606366897,-0.0136650848371912,-0.0030761200802916777,0.029014571289682323,4134.474987792969,4224.3699951171875,4138.329240722656,-0.008386840701140374,-0.02948846587152032,-0.009310384407314132,0.019493542231165454,0.016258161858497207,2443623.1,0.49806739836433855,False,True
2025-01-30,3888.75,4100.0498046875,4129.89990234375,4058.5,4099.89990234375,1531251,6.09785872260904e-05,-0.010951860108303069,-0.018128526686822743,0.03428223091750415,4130.689978027343,4225.579990234375,4138.906240234375,-0.0074176889340109575,-0.029707208439311183,-0.009388092721007157,0.01915589668787814,0.01624151509231399,2434143.9,0.6290716830668885,False,True
2025-01-31,3900.46337890625,4112.39990234375,4128.4501953125,4085.25,4110.0,1492943,0.0030121823501096934,-0.009621104765479505,0.00304885492273943,0.035516839668893185,4131.314978027343,4226.370986328125,4139.461240234375,-0.004578463705671054,-0.02696665398117193,-0.006537405792714335,0.018722616695420403,0.016243654049014174,2419193.4,0.617124286136032,False,True
2025-02-01,3863.236328125,4073.14990234375,4135.89990234375,4056.0,4113.0,437172,-0.009544305255340224,0.001967947109499546,-0.005335799183455392,-0.016064160392488702,4130.222473144531,4222.941982421875,4140.120989990234,-0.013818280049531895,-0.03547102486883291,-0.0161761184777941,0.018850722950483283,0.015344347688047908,2336772.35,0.18708369259846813,False,True
2025-02-03,3858.96875,4068.64990234375,4077.0,3998.699951171875,4030.89990234375,1265713,-0.0011047960688632674,0.007016769342130358,0.010016595841057852,-0.019814980350058242,4132.239965820312,4218.012978515625,4141.100239257812,-0.015388763479987966,-0.03541076732875248,-0.017495431824429142,0.018466357783732144,0.015340152352984021,2266605.3,0.5584179124614241,False,True
2025-02-04,3895.38916015625,4107.0498046875,4118.85009765625,4066.050048828125,4083.699951171875,2547132,0.009437996206463906,0.001768379029559064,-0.0003286188512173771,-0.009633517075596787,4132.1724609375,4213.099970703125,4142.32548828125,-0.006079769537087443,-0.02517152850705473,-0.00851591302845367,0.01803664987561845,0.015390310930438317,2284898.05,1.1147683372568855,False,True
2025-02-05,3880.261474609375,4091.10009765625,4150.0,4076.0,4150.0,1693912,-0.0038834949147794617,-0.0021828288575953536,0.01293685052344995,-0.02562700184604194,4134.7849609375,4208.2709765625,4143.649989013672,-0.010565208032328965,-0.027842997648873102,-0.012682029490123647,0.017618109291019323,0.01530953915788035,2249970.05,0.7528597991782158,False,True
2025-02-06,3872.342041015625,4082.75,4139.5,4051.550048828125,4105.39990234375,2284536,-0.0020410396853974833,-0.007209878184962437,-0.04287738246949335,-0.02731450541077385,4125.639965820313,4205.027978515625,4144.740738525391,-0.010395954609622504,-0.02907899284864912,-0.014956481583802472,0.0118559616405052,0.015311153847155036,1969481.85,1.1599680393094254,False,True
2025-02-07,3821.7412109375,4029.39990234375,4090.0,4008.0,4090.0,1548940,-0.013067196780662593,-0.010741072891725767,-0.060986737516432576,-0.02914216691762994,4112.554956054688,4200.198974609375,4145.51423828125,-0.020219803649921597,-0.040664519299709934,-0.02800963385079136,0.01193615723776159,0.01533535302077955,1846740.3,0.8387427295543396,False,True
2025-02-10,3828.90234375,4036.949951171875,4052.0,4014.35009765625,4040.0,1339511,0.0018737402618522747,-0.007791270306549136,-0.046325902732935575,-0.02627896325000123,4102.749963378907,4195.404975585938,4146.543737792968,-0.016038026395554628,-0.03776870774958563,-0.026430153291817304,0.011721090679748329,0.015337809515295694,1741630.4,0.7691132400996217,False,True
2025-02-11,3759.28466796875,3963.550048828125,4040.0,3955.0,4018.39990234375,1810908,-0.018182019403644833,-0.03493986259810977,-0.06731222756369193,-0.01391962959867521,4088.4474609375,4188.6209765625,4147.10048828125,-0.030548860735692518,-0.05373389690634778,-0.04425994498368113,0.012138238196389269,0.015006386371697654,1749502.1,1.035099071901657,False,True
2025-02-12,3746.5751953125,3950.14990234375,4021.75,3940.14990234375,3971.10009765625,1678002,-0.003380844525562865,-0.03445288356382403,-0.06089672972390048,-0.022131213972781505,4075.6399658203127,4180.5359765625,4147.744487304688,-0.03079027208707452,-0.05510921937052382,-0.047639044682171394,0.01203307565500602,0.014996954212763354,1701516.95,0.9861800083742922,False,True
2025-02-13,3708.636962890625,3910.14990234375,3984.449951171875,3902.25,3968.0,2277310,-0.010126197989667851,-0.042275451021064225,-0.051923941634979265,-0.039947503937384554,4064.932470703125,4169.457978515625,4147.944237060547,-0.03807752514338858,-0.062192274753226195,-0.05732823806843412,0.011531881381530645,0.01500784282743189,1727309.15,1.31841483037359,False,True
2025-02-14,3732.064208984375,3934.85009765625,3948.0,3900.0,3925.0,1681975,0.006316943321711177,-0.023464984111530862,-0.03505565487767259,-0.07297507253298974,4057.7849731445312,4159.24498046875,4148.515238037109,-0.030296054695331587,-0.0539508694164994,-0.051504002786779135,0.011506241143634837,0.013954068333739569,1747017.95,0.9627691575807793,False,True
2025-02-17,3703.278076171875,3904.5,3934.0,3856.199951171875,3856.5,1799806,-0.007713152192081685,-0.032809411256987886,-0.03254583160373803,-0.0951542463358539,4051.2174682617188,4148.291982421875,4148.721237792969,-0.036215648607151096,-0.0587692436923265,-0.05886662993122416,0.011419430617945214,0.01378111257206427,1738428.7,1.0353061934607959,False,False
2025-02-18,3673.591064453125,3873.199951171875,3924.39990234375,3864.5,3898.39990234375,2149879,-0.008016403848924325,-0.022795245813273635,-0.06818075827024439,-0.1101615600948136,4037.0474609375,4137.104985351562,4148.87023803711,-0.04058597560494759,-0.06378978418824466,-0.0664446634984801,0.008748136711568296,0.013738646310161995,1725461.5,1.245973323658627,False,False
2025-02-19,3589.083251953125,3784.10009765625,3874.949951171875,3768.14990234375,3872.199951171875,4366672,-0.02300419669494913,-0.042036329960282615,-0.08716787818723515,-0.12658820596542664,4018.9799560546876,4124.237983398438,4148.18548828125,-0.058442654844442665,-0.08247290459749579,-0.08776979516792405,0.009770115643867283,0.014003852938210928,1852645.2,2.3569931252891814,False,False
2025-02-20,3584.625,3779.39990234375,3788.0,3751.300048828125,3761.5,2888572,-0.0012420906400999465,-0.03343861572202855,-0.08981665479580048,-0.10966100749348229,4000.3324462890623,4110.726977539062,4147.18773803711,-0.055228545855048106,-0.08060060349560494,-0.08868367166503921,0.009694856907163114,0.013801602043131463,1901568.85,1.5190467597321022,False,False
2025-02-21,3590.88525390625,3786.0,3817.0,3775.0,3776.10009765625,1833931,0.0017463348221384845,-0.03782865775367428,-0.06866903042931016,-0.11352543090246259,3986.374951171875,4096.968979492188,4146.23298828125,-0.05026495340408732,-0.07590220503225087,-0.08688199367941896,0.008983923367549324,0.01377042227677544,1915676.3,0.957328229200309,False,False
2025-02-24,3486.1748046875,3675.60009765625,3763.199951171875,3670.0,3743.14990234375,2508516,-0.02916003759739827,-0.05862463883819946,-0.09026556116238327,-0.14054220439183118,3968.1399536132812,4082.1769775390626,4144.809989013672,-0.07372216186343239,-0.09959805322500181,-0.11320419816616933,0.01065733341318949,0.014204297086720458,1917688.5,1.308093572026948,False,False
2025-02-25,3442.498291015625,3629.550048828125,3658.0,3621.25,3625.0,4101954,-0.012528579716136412,-0.06290661608369363,-0.11470066302303727,-0.1564580677873163,3944.6274658203124,4068.197978515625,4143.488239746093,-0.0798750755862987,-0.10782364378627185,-0.1240351513461666,0.009751333499874015,0.0142184042534963,2061931.75,1.989374284575617,False,False
2025-02-27,3426.374267578125,3612.550048828125,3638.0,3600.699951171875,3611.699951171875,3823856,-0.0046837761626923324,-0.0453344373565534,-0.1189009351305994,-0.1703678739098642,3920.252478027344,4053.4919775390626,4141.811989746094,-0.07849046226585221,-0.10878075771563267,-0.12778511970805662,0.00965263475201357,0.014087858563126377,2176562.0,1.7568330238238101,False,False
2025-02-28,3303.737548828125,3483.25,3600.0,3457.0,3584.949951171875,7085018,-0.03579190518621844,-0.07835897496851185,-0.15298850240347084,-0.219710766590822,3888.7949829101562,4037.7189794921874,4139.722239990235,-0.10428551381401674,-0.13732233033263785,-0.15857881324708956,0.011426684213748232,0.014218255349694002,2456165.75,2.8845846417327494,False,False
2025-03-03,3313.03271484375,3493.050048828125,3523.25,3476.14990234375,3485.0,4990439,0.0028134784549271874,-0.07737716618380219,-0.1424204528249321,-0.21425035455446517,3859.789990234375,4024.173984375,4137.7854907226565,-0.09501551699292865,-0.13198334306844461,-0.15581654567161474,0.011681709424823815,0.014245631265829246,2683829.1,1.8594473843360593,False,False
2025-03-04,3350.022705078125,3532.050048828125,3551.0,3464.300048828125,3474.0,2797737,0.011165027541785166,-0.039054860434806216,-0.13188646514081148,-0.20666416758143202,3832.959997558594,4011.6489892578124,4135.940991210938,-0.07850589333625546,-0.11955157136477612,-0.1460105315008382,0.012343489907165026,0.014362052756106603,2760430.3,1.0135148132521223,False,False
2025-03-05,3364.24951171875,3547.050048828125,3600.35009765625,3520.85009765625,3520.85009765625,2501894,0.004246825439230939,-0.022730090201301123,-0.13635085584309947,-0.19977209391374318,3804.960009765625,3998.999990234375,4134.505740966797,-0.06778256808890515,-0.11301573956237043,-0.14208607484030333,0.012030849694948283,0.014398756160363655,2758168.4,0.9070852961697335,False,False
2025-03-06,3415.988525390625,3601.60009765625,3609.449951171875,3536.10009765625,3557.0,2786513,0.015378990450430008,-0.0030310863583542513,-0.11964996903410641,-0.18652950597402695,3780.485009765625,3987.649990234375,4133.412741699219,-0.04731797947810534,-0.09681137851204302,-0.12866187755165825,0.013041661137482126,0.014603213716453844,2812798.45,0.9906550538663728,False,False
2025-03-07,3425.09375,3611.199951171875,3625.0,3574.39990234375,3600.0,2051315,0.0026654412636961666,0.036732922176667016,-0.11549814434587591,-0.18939611154989322,3756.907507324219,3976.5769873046875,4132.308741455078,-0.038783908272503886,-0.09188229909776346,-0.12610596712086652,0.013163870413281807,0.014571084116002168,2801137.4,0.7323150231759428,False,False
2025-03-10,3404.654052734375,3589.64990234375,3622.10009765625,3582.60009765625,3606.5,1004626,-0.005967559016257673,0.027654872436778666,-0.10913535778471972,-0.1976463531373973,3734.9200073242187,3965.1939892578125,4130.789741210938,-0.038895104766793476,-0.09471014228596553,-0.13100154516907292,0.013059554568039297,0.014539925248645143,2773921.7,0.3621681174346053,False,False
2025-03-11,3391.0439453125,3575.300048828125,3588.75,3537.64990234375,3558.0,1995450,-0.003997563524580916,0.012245013349782452,-0.11435611239364984,-0.19022923295212624,3711.837512207031,3954.8039892578126,4129.418741455078,-0.03678433199995379,-0.09596024011822346,-0.13418806067405475,0.012946328919108005,0.014485854705232261,2806718.65,0.7109547656299644,False,False
2025-03-12,3325.504638671875,3506.199951171875,3569.25,3486.85009765625,3565.0,3174167,-0.019327076528555698,-0.01151663976936157,-0.11538900531645147,-0.18997344318542797,3688.970007324219,3942.678984375,4127.714490966797,-0.04954501006770595,-0.11070620634672756,-0.1505711068813168,0.01300555896799652,0.014480028445808391,2874881.6,1.1041035568212618,False,False
2025-03-13,3330.10498046875,3511.050048828125,3524.300048828125,3484.10009765625,3502.300048828125,1693004,0.0013832918041736253,-0.025141616607310402,-0.11116030134833443,-0.19246294836135447,3667.0150146484375,3929.3849853515626,4126.070241699219,-0.042531859072648226,-0.10646320940375076,-0.14905713108214402,0.013099927199075392,0.014457044750234165,2875631.7,0.5887415971941051,False,False
2025-03-17,3317.44287109375,3497.699951171875,3530.449951171875,3477.35009765625,3489.0,2690906,-0.0038023091299156375,-0.031429995994314286,-0.10548187703101919,-0.18123082676799507,3646.3925170898438,3917.340986328125,4124.5404919433595,-0.04077799228170831,-0.10712394877567089,-0.15197827297269084,0.013066085416026904,0.014339689542476525,2896311.5,0.9290803147382455,False,False
2025-03-18,3317.44287109375,3497.699951171875,3497.699951171875,3497.699951171875,3497.699951171875,0,0.0,-0.025615297779273405,-0.11109702673165589,-0.1612833333372362,3624.535009765625,3905.3949853515624,4123.348491210938,-0.034993470404346194,-0.10439277863286,-0.15173312209061518,0.012840413405578484,0.01408832688003981,2812212.75,0.0,False,False
2025-03-19,3316.874267578125,3497.10009765625,3547.0,3462.75,3547.0,3051244,-0.00017149942076188918,-0.021872276481384123,-0.10434111982168015,-0.15900722364604492,3604.1650146484376,3894.770986328125,4122.47924194336,-0.029705886538780257,-0.10210379251253165,-0.1516997679271036,0.012891653587927857,0.014092503429196082,2874784.65,1.0613817629783155,False,False
2025-03-20,3379.520263671875,3563.14990234375,3578.949951171875,3512.0,3512.0,2845192,0.018887021487250744,0.01624264216672544,-0.08005010139853908,-0.14746981640297885,3588.6625122070313,3883.865986328125,4121.780740966797,-0.00710922517135526,-0.08257650627322122,-0.13553143015851332,0.013964831667496944,0.014333606247716355,2909550.3,0.9778803274169208,False,False
2025-03-21,3393.69970703125,3578.10009765625,3616.25,3465.0,3475.0,4161925,0.004195780621709444,0.019096865010655106,-0.05443830625082824,-0.1417572104666529,3578.362512207031,3874.650986328125,4121.096241455078,-7.333369659612288e-05,-0.07653615505455014,-0.1317601220608977,0.01333399815480757,0.014360085429384304,2899312.95,1.435486638308569,False,False
2025-03-24,3441.92919921875,3628.949951171875,3649.75,3566.60009765625,3600.0,1834751,0.014211411678765717,0.037524659585515874,-0.0398078941258837,-0.12867213319056792,3570.8400146484373,3861.9169873046876,4120.508741455078,0.0162734640266875,-0.06032419570349312,-0.11929565525193342,0.013860846733126658,0.01451942799870006,2846621.9,0.6445362483862013,False,False
2025-03-25,3469.24462890625,3657.75,3710.0,3638.0,3645.0,3135390,0.007936193448693007,0.045758655991775754,-0.0338748019017433,-0.12047942392484312,3564.4275146484374,3849.2499853515624,4119.645491943359,0.0261816196199931,-0.04974994767300678,-0.11212020375216059,0.014015655919133209,0.014577984701921825,2911694.85,1.0768264401058374,False,False
2025-03-26,3448.426025390625,3635.800048828125,3680.5,3625.85009765625,3647.75,1734499,-0.006000943523169933,0.03966141868939688,-0.010828177105965286,-0.11209338539774594,3562.4375122070314,3837.304990234375,4118.35474243164,0.020593353952093052,-0.05251209948624447,-0.11717171632441647,0.01249546338099729,0.014482276395759882,2872994.0,0.6037252427258811,False,False
2025-03-27,3463.0322265625,3651.199951171875,3663.0,3610.5,3614.85009765625,2528474,0.004235629610245928,0.024711295129685062,0.005964899795427803,-0.11215947239102675,3563.5200073242186,3825.3369873046877,4117.317242431641,0.024604869249350347,-0.045522011971946275,-0.11320898143483404,0.012202796552701038,0.014481738300481911,2794320.0,0.9048620057831601,False,False
2025-03-28,3420.3037109375,3606.14990234375,3660.949951171875,3591.89990234375,3651.0,2051919,-0.012338422828272133,0.007839301283346867,-0.001771642301938825,-0.13640665692540266,3563.2,3813.3339892578124,4116.087491455078,0.012053744483540019,-0.05433148197815907,-0.12388890910845529,0.012486355263075786,0.014363235880794169,2705723.15,0.7583625102220825,False,False
2025-04-01,3367.806396484375,3550.800048828125,3584.0,3525.0,3572.699951171875,2618493,-0.015348738963860464,-0.02153512817626857,0.01939282245837215,-0.13393006331733281,3566.577502441406,3801.863994140625,4114.6832421875,-0.004423695714583786,-0.06603706647566454,-0.13704170167412355,0.009990701332155787,0.01431517836911205,2482396.9,1.054824472267106,False,False
2025-04-02,3361.309326171875,3543.949951171875,3564.10009765625,3530.050048828125,3544.0,1764313,-0.0019291702044756942,-0.031112035767377533,0.014571764398516596,-0.13456655649038463,3569.1224975585938,3791.1869921875,4113.0122424316405,-0.007052867029343379,-0.06521362347072468,-0.1383565760853005,0.010001876378967916,0.014314537373511627,2321090.6,0.7601224183149077,False,False
2025-04-03,3227.765625,3403.14990234375,3502.0,3396.14990234375,3491.0,4537821,-0.039729694484417544,-0.06398870767366915,-0.036494428080695474,-0.15518956852934473,3562.677490234375,3778.53298828125,4110.867741699219,-0.04477744290015151,-0.0993462508073143,-0.17215777393581022,0.013185881123576677,0.015005839019911874,2408094.8,1.8844029728397738,False,False
2025-04-04,3129.3623046875,3299.39990234375,3399.64990234375,3295.5,3362.60009765625,5317367,-0.030486461947664245,-0.09635189897370933,-0.06981862197467259,-0.1969136450272243,3550.2949829101562,3761.388984375,4108.289240722656,-0.07066879844467144,-0.12282406418224112,-0.19689201294810033,0.014566261042303701,0.015129633551181482,2548868.45,2.086167687469316,False,False
2025-04-07,3105.31884765625,3274.050048828125,3291.39990234375,3056.050048828125,3100.0,6623955,-0.007683170960154806,-0.09209263688672031,-0.09094570189546558,-0.18936084042137125,3533.91748046875,3743.9609814453124,4105.650991210938,-0.07353522912655996,-0.12551170670474876,-0.20255032494555436,0.013889334014573216,0.015037722646517055,2740740.55,2.4168486141455454,False,False
2025-04-08,3123.2451171875,3292.949951171875,3349.0,3255.300048828125,3302.050048828125,5557558,0.005772636967023459,-0.07261746482777831,-0.08812860110300025,-0.22803089176104852,3518.00498046875,3726.772978515625,4103.179490966797,-0.06397234527703488,-0.11640715166839644,-0.197463830568137,0.013992619405145191,0.012913509257020329,2916052.7,1.9058496439381907,False,False
2025-04-09,3079.28369140625,3246.60009765625,3270.0,3212.050048828125,3260.550048828125,2990265,-0.014075480709668908,-0.08390351376641214,-0.09556636831450227,-0.2434107749130564,3500.852490234375,3710.401982421875,4100.358741455078,-0.07262585135688004,-0.12500044118208709,-0.2082155971298888,0.014153655824063508,0.012904719682056812,3015334.65,0.9916859476940645,False,False
2025-04-11,3064.961669921875,3231.5,3298.949951171875,3206.0,3289.550048828125,7108961,-0.004651049467765067,-0.05043853702287249,-0.09615977516091612,-0.23660241454717268,3483.662487792969,3694.2259814453123,4097.432241210938,-0.0723843049309646,-0.12525654461026703,-0.2113353413148874,0.014152184456018081,0.012850883131032696,3271010.2,2.173322785725339,False,False
2025-04-15,3080.80126953125,3248.199951171875,3314.39990234375,3238.60009765625,3314.39990234375,3512160,0.005167863584055299,-0.015517958624992612,-0.07358393805058627,-0.23564573688631774,3470.762487792969,3677.193984375,4094.4809912109376,-0.0641249689092438,-0.11666342189886936,-0.20668823273466363,0.013899795474257624,0.012865702100204688,3287909.85,1.0682044703871671,False,False
2025-04-16,3105.08154296875,3273.800048828125,3278.10009765625,3229.0,3248.199951171875,2384391,0.007881318281226513,-7.63580263806185e-05,-0.06757237769344426,-0.22169122486709036,3458.8999877929687,3660.6689892578124,4091.570740966797,-0.05351410553010838,-0.10568257921296609,-0.19986717666903664,0.01409989803854651,0.012938867667036339,3322479.2,0.7176541541629515,False,False
2025-04-17,3128.88818359375,3298.89990234375,3303.60009765625,3218.0,3245.5,2932346,0.007666886535910855,0.0018068756768554461,-0.05683736501226144,-0.20013091710879904,3448.9599853515624,3644.3989892578124,4088.394490966797,-0.04350879211273784,-0.09480276115004194,-0.19310626466389558,0.01431412816811954,0.012865555514542604,3334551.2,0.8793825088065824,False,False
2025-04-21,3150.418701171875,3321.60009765625,3354.0,3284.10009765625,3290.10009765625,2432946,0.006881140981686684,0.0231010896765953,-0.05034732995225166,-0.1854431169054479,3440.154992675781,3629.3679931640627,4085.4817419433593,-0.034462079549304914,-0.08479930833343308,-0.1869746807199658,0.014467430721044715,0.012896249834813618,3456198.5,0.703936998988918,False,False
2025-04-22,3143.589599609375,3314.39990234375,3333.89990234375,3295.0,3322.60009765625,2710498,-0.0021676887948012258,0.02565369096201464,-0.052243341686143085,-0.17876040433996043,3431.019982910156,3614.2829931640626,4082.1627416992187,-0.0339899158697089,-0.08297166862348682,-0.1880774696983012,0.014457556480771874,0.012864570351940049,3439161.2,0.788127639960581,False,False
2025-04-23,3237.10791015625,3413.0,3420.89990234375,3337.300048828125,3365.0,3543923,0.02974900451406781,0.050735807926069576,-0.04213965352537796,-0.17889623254244214,3423.512487792969,3600.4019970703125,4079.1407421875,-0.003070673126051915,-0.052050298056384725,-0.16330418200531915,0.01547460230679758,0.012857155261267754,3474097.75,1.0200988155845643,False,False
2025-04-24,3226.295654296875,3401.60009765625,3412.5,3387.699951171875,3401.10009765625,2252175,-0.0033401413254467993,0.03903721880445077,-0.04932785421950947,-0.17943771185512358,3414.6874877929686,3586.6119970703126,4076.322492675781,-0.0038326758110380776,-0.05158402959817998,-0.16552232955853052,0.015406482763974607,0.012856988851037789,3378610.25,0.6665980487095249,False,False
2025-04-25,3270.304443359375,3448.0,3477.800048828125,3405.0,3420.0,2742991,0.013640610598441683,0.045196914750374795,-0.049862895219439984,-0.16962685734370353,3405.639990234375,3573.9169970703124,4073.4577429199217,0.012438193669058295,-0.03523221081338257,-0.153544674424825,0.015374562391258447,0.013025782223802629,3424022.25,0.8011019788203771,False,False
2025-04-28,3266.0361328125,3443.5,3457.800048828125,3405.0,3435.0,1593296,-0.0013051044083526309,0.03669915063820106,-0.058574260132595146,-0.15292176605476215,3394.927490234375,3562.1989990234374,4070.6162426757815,0.014307377670169874,-0.03332183268143585,-0.15405928864066842,0.015183960613413816,0.012811110475948058,3346917.55,0.4760487750885886,False,False
2025-04-29,3293.541748046875,3472.5,3495.0,3430.39990234375,3455.0,1578332,0.00842166400464639,0.04770097221655445,-0.044914474568192864,-0.14053412914043684,3386.762487792969,3550.91,4068.012742919922,0.025315478282299964,-0.022081663573562782,-0.14638910459569432,0.015370429790703114,0.0128823324369082,3339109.2,0.4726805580362571,False,False
2025-04-30,3275.71044921875,3453.699951171875,3509.89990234375,3366.0,3472.0,2809332,-0.005413980944024455,0.011924978368553996,-0.05409180615720899,-0.1575930250976908,3376.887487792969,3540.712998046875,4065.353742675781,0.022746527284836615,-0.024575007046037878,-0.15045524454197212,0.01530971085484126,0.012688419424737595,3353152.1,0.8378182427215276,False,False
2025-05-02,3254.180419921875,3431.0,3491.5,3420.0,3472.0,1721761,-0.006572647158932465,0.008642962576349555,-0.048569778596811664,-0.1631808969546149,3368.129992675781,3530.33,4062.9629931640625,0.01866614633667174,-0.028136179903861636,-0.15554239460889518,0.015171620217851248,0.01269219601992199,3336644.2,0.516015762184053,False,False
2025-05-05,3276.279541015625,3454.300048828125,3504.5,3446.39990234375,3450.0,1284443,0.0067910372568129596,0.0018271603329829134,-0.02717697382927775,-0.16002817555281013,3363.3049926757812,3521.2130029296877,4060.6159936523436,0.02705524962811956,-0.019002813532123852,-0.14931624802050403,0.014981782185003066,0.012731269656977913,3269941.7,0.39280302765030944,False,False
2025-05-06,3281.685791015625,3460.0,3473.0,3437.0,3460.0,1324763,0.0016501030863860233,0.004791636416436873,-0.023688244001333958,-0.15053457816294324,3359.1074951171877,3511.7160009765626,4056.996242675781,0.030035509440966113,-0.014726703686226639,-0.14715227891905414,0.01499485490450824,0.012713097028030725,3247964.2,0.4078748774386121,False,False
2025-05-07,3267.553466796875,3445.10009765625,3459.5,3420.60009765625,3420.60009765625,1477128,-0.004306330157153204,-0.007890540631749432,0.01232687260811205,-0.15325717858602272,3361.2050048828123,3502.5280029296873,4053.3757421875,0.02495982620862569,-0.016396130230908024,-0.150066434305688,0.011979493498803166,0.012713283050290687,3094929.55,0.47727354569347147,False,False
2025-05-08,3271.157958984375,3448.89990234375,3477.0,3428.699951171875,3448.0,2543591,0.0011029591535192118,-0.0013898279804231972,0.04531127005665536,-0.16024882425155484,3368.6800048828127,3494.042001953125,4049.727990722656,0.023813451365122473,-0.012919735820044798,-0.14836257885846083,0.00947442305169034,0.012623752896537183,2956240.75,0.8604140241284476,False,False
2025-05-09,3263.00146484375,3440.300048828125,3446.199951171875,3398.10009765625,3399.0,2531757,-0.002493506265514034,0.0027105942372851466,0.05077808754313495,-0.1590770289881105,3376.9925048828127,3487.1660009765624,4045.3517419433592,0.018746723261533926,-0.013439552959426893,-0.14956714068689902,0.009256311346124254,0.012623057685450436,2751630.85,0.9200932603295968,False,False
2025-05-12,3433.819580078125,3620.39990234375,3630.5,3502.199951171875,3505.0,2228678,0.05235004242637875,0.04808495242675126,0.09943969875865988,-0.11324477316912618,3393.3650024414064,3483.9860009765625,4041.9417419433594,0.06690553469461724,0.03915454922291617,-0.1042919137664099,0.014494809817560381,0.01449329360248827,2585186.85,0.862095519323874,False,False
2025-05-13,3333.851318359375,3515.0,3623.0,3510.5,3620.39990234375,3062887,-0.029112779026294056,0.01589595375722541,0.082671069509765,-0.12766166546153512,3406.7849975585937,3478.5660009765625,4038.079991455078,0.03176455294917546,0.010473855897288997,-0.12953680773089193,0.015854347250829643,0.014846607601569434,2588817.95,1.1831218182027823,False,False
2025-05-14,3365.814697265625,3548.699951171875,3561.0,3508.60009765625,3521.0,2119499,0.00958746832770263,0.030071652659992454,0.0981587346965418,-0.12094526954892448,3422.6449951171876,3476.027998046875,4034.3117407226564,0.03682969055643226,0.020906607531882226,-0.12037041774659563,0.01576025507738751,0.01491541461633467,2339344.85,0.9060224703510472,False,False
2025-05-15,3395.406494140625,3579.89990234375,3600.0,3514.10009765625,3564.0,3548330,0.008791938343948091,0.03798312612986443,0.10211808267905598,-0.09679457601344188,3439.2299926757814,3475.0349951171875,4030.679990234375,0.040901570981743074,0.030176647824815994,-0.11183723068633222,0.015785413377434287,0.014826779806459696,2341153.35,1.5156333095395054,False,False
2025-05-16,3377.765625,3561.300048828125,3593.89990234375,3546.10009765625,3593.89990234375,1666727,-0.0051956350800332896,0.03517135083645284,0.08781843598020367,-0.09843926512381418,3453.6049926757814,3474.0099951171874,4026.8739904785157,0.031183374005057773,0.025126598321140836,-0.11561671478949509,0.015929525629715578,0.014832350894841717,2305270.15,0.7230072362668645,False,False
2025-05-19,3337.45556640625,3518.800048828125,3550.0,3503.699951171875,3550.0,2537377,-0.011933844219047196,-0.028063157732893584,0.06665862954136426,-0.10008563949966454,3464.6,3474.72099609375,4022.528740234375,0.01564395567399557,0.012685638007750466,-0.12522687193451854,0.016312183734028974,0.01485174995896627,2285521.7,1.1101959784499091,False,False
2025-05-20,3318.01220703125,3498.300048828125,3558.0,3494.0,3531.800048828125,2038374,-0.005825849640654357,-0.0047510529649715805,0.053197238071059694,-0.11094451834090224,3473.4349975585938,3474.82599609375,4018.1147399902343,0.007158634402834263,0.006755461355694825,-0.1293678067449544,0.016414806004293677,0.014824087903494813,2265793.1,0.8996293615688034,False,False
2025-05-21,3344.0947265625,3525.800048828125,3537.0,3498.300048828125,3508.0,1440153,0.007860960928497862,-0.006453039890337298,0.06378232944518403,-0.09699063930640928,3484.0050048828125,3474.70099609375,4013.916989746094,0.011996264037146043,0.014706028746594546,-0.12160613738772041,0.016410787824586368,0.014855999922292452,2202275.85,0.6539385154679873,True,False
2025-05-22,3297.8095703125,3477.0,3497.800048828125,3451.300048828125,3495.0,2034383,-0.013840844106955186,-0.028743793164826115,0.018751831233518867,-0.10229266657199065,3487.2050048828123,3473.2999951171873,4009.3752392578126,-0.0029264138094902137,0.0010652707477079026,-0.13278259267056336,0.015575699939979603,0.014917603080211051,2126798.85,0.9565469719903225,True,False
2025-05-23,3333.47216796875,3514.60009765625,3535.0,3465.60009765625,3477.0,1274331,0.01081394813236991,-0.013113175113465103,0.033219660382141525,-0.0712190462844573,3492.8550048828124,3471.5599951171876,4004.9627392578127,0.006225592743769548,0.012397914078857708,-0.12243875249946401,0.01568722950304102,0.014736314068056337,2077906.65,0.6132763471352286,True,False
2025-05-26,3355.001953125,3537.300048828125,3545.0,3510.10009765625,3521.0,967470,0.0064587579073398516,0.005257474065956336,0.025899086087043166,-0.06405774984687107,3497.3200073242188,3470.0819970703124,4001.233990478516,0.011431622333723634,0.019370738736019133,-0.11594771581826635,0.015481582239166507,0.014768766411301558,1989130.6,0.48637832025710126,True,False
2025-05-27,3318.3916015625,3498.699951171875,3540.0,3483.10009765625,3532.0,2467680,-0.010912305182885995,0.0001143133345249403,0.016030187649738625,-0.07588485177710647,3500.0800048828123,3468.262998046875,3997.9522412109377,-0.0003942920473281042,0.008775849219664122,-0.12487700200436724,0.015716909831329756,0.014819265251110525,2032849.8,1.213901784578477,True,False
2025-05-28,3317.44287109375,3497.699951171875,3529.0,3493.0,3520.0,1222933,-0.00028582045158376257,-0.007969850038883952,0.007257005377069747,-0.04840029974909765,3501.3400024414063,3466.71099609375,3994.5847399902345,-0.0010396166230624004,0.008939007351072226,-0.12438959770811475,0.015618201489460212,0.01435776265962872,2015079.85,0.6068905904646905,True,False
2025-05-29,3317.822509765625,3498.10009765625,3532.5,3486.5,3504.699951171875,3188072,0.000114402747508624,0.006068477899410452,0.012855820456930456,-0.03621659693446477,3503.560009765625,3466.5489990234373,3991.072989501953,-0.001558389779012348,0.009101587383216314,-0.12351888656068433,0.01555728017243333,0.014274130227462151,2034016.85,1.567377379395849,True,False
2025-05-30,3284.910400390625,3463.39990234375,3506.699951171875,3453.10009765625,3490.0,3404365,-0.009919726235321114,-0.014567858046394377,0.009443282525138486,-0.04128666578135243,3505.1800048828127,3465.59599609375,3987.527239990234,-0.011919531231166958,-0.000633684293401493,-0.13144169458959432,0.01565789894376686,0.014315995215869886,2118147.05,1.6072373256615966,True,False
2025-06-02,3272.01171875,3449.800048828125,3460.0,3418.60009765625,3450.0,1877585,-0.003926734971154144,-0.024736380513999068,-0.0013027241225112007,-0.009603086534665906,3504.9550048828123,3464.637998046875,3983.632490234375,-0.015736280773319455,-0.0042826838553160496,-0.1340064483144232,0.01561766564999798,0.013559474274252702,2147804.15,0.874188179587976,True,False
2025-06-03,3229.7099609375,3405.199951171875,3473.5,3400.5,3446.0,2848125,-0.012928313822536008,-0.026724212223080857,-0.015838164401192234,-0.025149968202065276,3502.2150024414063,3462.787998046875,3979.6802404785158,-0.0277010552470085,-0.016630543627701666,-0.1443533788125564,0.01587705176811732,0.013654683070583384,2223972.25,1.2806477239093248,True,False
2025-06-04,3235.1640625,3380.89990234375,3394.800048828125,3370.0,3389.0,2544807,-0.007136159161450162,-0.03339338721407248,-0.018635219149706672,-0.042793885815554655,3499.004992675781,3460.463994140625,3975.599989013672,-0.033753907347732315,-0.022992318929367705,-0.14958750586410585,0.01592360985497404,0.013597773177226132,2277356.2,1.1174391603737701,True,False
2025-06-05,3225.786865234375,3371.10009765625,3409.0,3363.699951171875,3409.0,3584683,-0.0028985787720915424,-0.03630542193034747,-0.022557861025375048,-0.04960458655778066,3495.1150024414064,3456.622998046875,3970.979239501953,-0.03548235314103532,-0.024741749516493106,-0.15106579653660968,0.015923295326626043,0.013585550443341933,2329410.8,1.5388797029703822,True,False
2025-06-06,3238.32177734375,3384.199951171875,3390.89990234375,3358.699951171875,3371.10009765625,2070390,0.0038859283723828852,-0.022867688804367847,-0.01630674559196066,-0.06036210034141454,3492.3099975585938,3452.7449951171875,3965.819990234375,-0.030956600777793608,-0.01985233315586521,-0.1466582044809671,0.015956121054952047,0.01343436363693786,2306342.45,0.8976940956881749,True,False
2025-06-09,3274.396728515625,3421.89990234375,3434.0,3390.89990234375,3400.0,1718678,0.011139989278358131,-0.008087467705223284,-0.05482819725840127,-0.05242026234706143,3482.3849975585936,3448.603994140625,3960.479489746094,-0.017368870833422534,-0.007743449767571797,-0.13598848038394262,0.010458197739858892,0.013517297638070776,2280842.45,0.7535277151650698,True,False
2025-06-10,3313.62939453125,3462.89990234375,3485.800048828125,3423.199951171875,3440.0,2419874,0.011981647964605324,0.016944658756974817,-0.014822218394381248,-0.03530985011024124,3479.779992675781,3444.7069921875,3955.177490234375,-0.004850907346889866,0.0052814100582461165,-0.12446409525390323,0.00893477366399489,0.013599531154189097,2248691.8,1.0761252386832203,True,False
2025-06-11,3322.24169921875,3471.89990234375,3489.0,3449.10009765625,3470.0,2847013,0.0025989778087169846,0.026915910742260074,-0.021641742013934873,-0.02892069059162361,3475.939990234375,3441.4289892578126,3949.7794897460935,-0.0011623008170380533,0.008854145525318158,-0.12098892827889574,0.00864280894765652,0.01359750885129744,2285067.5,1.245920744135567,True,False
2025-06-12,3286.166748046875,3434.199951171875,3474.699951171875,3423.199951171875,3471.89990234375,4060134,-0.010858593920413773,0.018717881904335876,-0.040699448349515444,-0.020535052479233373,3468.654992675781,3437.0889892578125,3944.440489501953,-0.009933257004994589,-0.0008405479447773923,-0.12935688589752403,0.008580864121739102,0.013440747206680098,2310657.7,1.7571334776241412,True,False
2025-06-13,3297.171142578125,3445.699951171875,3450.5,3393.199951171875,3393.199951171875,2178493,0.003348669315563768,0.018172685091702112,-0.03246008369732545,-0.018612693281903403,3462.8749877929686,3433.879990234375,3939.3494897460937,-0.0049597622442731915,0.0034421590070459196,-0.12531245066200924,0.008628073755503413,0.013447206378782217,2336246.0,0.9324758608468457,True,False
2025-06-16,3345.590087890625,3496.300048828125,3509.0,3426.199951171875,3440.0,1934088,0.014684998221926149,0.021742350333923133,-0.006394225215352378,-0.00040023511544518,3461.7499877929686,3432.789990234375,3934.318739013672,0.009980518858088816,0.01850100319985315,-0.11133279208978308,0.008997413501462518,0.01357503239071147,2306081.55,0.8386902015672429,True,False
2025-06-17,3363.770751953125,3515.300048828125,3520.0,3488.10009765625,3510.0,2111940,0.005434316201313516,0.015131868654046254,0.004859503119434949,0.005031906081696125,3462.599987792969,3432.2169921875,3929.4094897460936,0.015219794726778924,0.02420681933273472,-0.10538719418238263,0.00898455754396153,0.013592582133680994,2309759.85,0.9143547975344709,True,False
2025-06-18,3302.625244140625,3451.39990234375,3538.0,3443.10009765625,3519.10009765625,2696327,-0.01817772184359545,-0.005904548108129903,-0.021101635218679915,-0.013068026089138263,3458.87998046875,3433.1819921875,3924.136240234375,-0.0021625723260818575,0.00530642133091308,-0.12046889020917118,0.009687429458304125,0.013797574156208952,2372568.55,1.1364590498344085,True,False
2025-06-19,3276.406494140625,3424.0,3451.0,3413.0,3450.0,2672768,-0.007938779370406657,-0.0029701098703919238,-0.015243025596778814,-0.039052497413095244,3456.22998046875,3435.673994140625,3918.6972412109376,-0.009325183986853447,-0.003397875980239773,-0.12624023004595997,0.009360743665083342,0.013604316331904082,2404487.8,1.1115747811238637,True,False
2025-06-20,3287.60205078125,3435.699951171875,3446.300048828125,3410.89990234375,3425.0,2351248,0.003417041814215871,-0.0029021679605616413,-0.02244925291414812,-0.03979769782786424,3452.2849731445312,3438.9069921875,3913.1069909667967,-0.004804070956387352,-0.0009325756767806226,-0.12200204106276447,0.00902075030928999,0.013600060481027096,2458333.65,0.9564397412043724,True,False
2025-06-23,3247.317138671875,3393.60009765625,3425.0,3370.0,3415.0,3123421,-0.012253646742715452,-0.029373895185654253,-0.040624190537492444,-0.0648534305191023,3445.0999755859375,3440.9199951171877,3907.4697424316405,-0.01494873248806905,-0.013752106276253673,-0.13150956466667518,0.009165207468653179,0.013541046991262535,2566131.2,1.2171712030935908,True,False
2025-06-24,3244.2548828125,3390.39990234375,3442.10009765625,3382.0,3434.60009765625,3403048,-0.0009430089640527495,-0.03553043687579738,-0.03095436886259717,-0.07309140801209757,3439.6849731445313,3443.7959912109377,3901.859991455078,-0.014328367622493454,-0.015505009298884764,-0.1310810972796066,0.00892473413168568,0.013489852410661382,2612899.6,1.3024028937047563,False,False
2025-06-25,3296.309814453125,3444.800048828125,3450.0,3400.0,3407.300048828125,1757699,0.016045348056660913,-0.0019122250977474664,-0.015124196781380994,-0.052533141931598304,3437.0399780273438,3448.0619921875,3896.687741699219,0.002257777288128926,-0.0009460222486619152,-0.11596712973312051,0.009753477205402468,0.01365540909575331,2639637.9,0.6658864081319639,False,False
2025-06-26,3293.439208984375,3441.800048828125,3451.39990234375,3415.300048828125,3444.800048828125,2879106,-0.0008708778325233757,0.005198612391391633,-0.016094464782710594,-0.05735098190843857,3434.2249755859375,3451.933994140625,3891.516990966797,0.002205759173041777,-0.002935729747353677,-0.11556340192849723,0.009751547607521612,0.013639348063677387,2624189.6,1.0971409992631629,False,False
2025-06-27,3292.76953125,3441.10009765625,3466.39990234375,3431.0,3455.0,1778433,-0.0002033677616203322,0.0015717747652943537,-0.006438703388658484,-0.04576898053523204,3433.1099853515625,3455.2799951171874,3886.4387414550783,0.0023273685779889863,-0.004103834560723163,-0.11458784594970717,0.009510553041894411,0.01355646887764119,2542893.0,0.699373902087111,False,False
2025-06-30,3312.7685546875,3462.0,3464.89990234375,3430.0,3439.89990234375,1468351,0.006073610691530007,0.020155557630667786,0.0035364226909380125,-0.025008462207673943,3433.7199829101564,3458.5419970703124,3881.5009924316405,0.008235970676291338,0.0009998441344984954,-0.10807700249197572,0.009571421214883465,0.013445515207820375,2522431.3,0.582117340519839,False,False
2025-07-01,3281.860595703125,3429.699951171875,3485.0,3413.5,3455.0,2375183,-0.009329881232849502,0.011591567354918064,0.007194878524407589,-0.032238039919898154,3434.9449829101563,3460.703994140625,3876.110241699219,-0.001526962371850793,-0.008958883227587089,-0.11516965790210487,0.009342331739571592,0.013494260102125564,2498784.2,0.9505354644070504,False,False
2025-07-02,3275.736572265625,3423.300048828125,3489.89990234375,3420.0,3487.199951171875,3090585,-0.0018660239772763099,-0.00624129113308447,0.012541083057496571,0.005921028183477173,3437.064990234375,3462.8819970703125,3870.829991455078,-0.0040048533982801615,-0.011430348558130188,-0.11561601610375105,0.00919169128283488,0.01247324947059508,2526073.1,1.223474095029158,False,False
2025-07-03,3254.206298828125,3400.800048828125,3435.300048828125,3397.60009765625,3430.0,2531870,-0.0065726052870248575,-0.0119123712645538,0.00881016591365058,0.030732905827009604,3438.5499877929688,3462.637998046875,3865.245490722656,-0.010978447048569318,-0.017858623758426395,-0.12015936452401044,0.009302672203884553,0.011843070932468292,2473432.45,1.023626094983916,False,False
2025-07-04,3272.387451171875,3419.800048828125,3427.0,3390.10009765625,3408.0,1109320,0.005586920644319315,-0.006189895156677561,0.010519501852697122,0.04451672937992135,3440.3299926757813,3463.0019970703124,3859.7314904785158,-0.005967434487785472,-0.012475288284192754,-0.11397980474435787,0.009343139309674694,0.011810139711601683,2425378.95,0.4573800725037215,False,False
2025-07-07,3264.636474609375,3411.699951171875,3426.10009765625,3408.39990234375,3418.300048828125,1639174,-0.0023685880871969767,-0.014529187991948245,-0.0029807859560382344,0.03606189032959328,3439.8199951171873,3462.27599609375,3854.223740234375,-0.008174859145312463,-0.01460774501482165,-0.11481528289159204,0.009021139541219898,0.011798733009903233,2421403.75,0.6769519540060182,False,False
2025-07-08,3259.37353515625,3406.199951171875,3425.0,3393.39990234375,3405.0,2325242,-0.0016120995628912116,-0.006851911343431216,-0.016373546094560654,0.04915907371247896,3436.984997558594,3461.5299951171874,3848.7264904785156,-0.008956991784539792,-0.01598427401275171,-0.11497999153782967,0.008562560326663604,0.011643631990403813,2416672.15,0.9621669203247118,False,False
2025-07-09,3237.939453125,3383.800048828125,3414.0,3367.0,3410.0,2034938,-0.0065762147451278175,-0.011538573726110224,-0.025375113336692734,0.0471298309850301,3432.5800048828123,3459.75599609375,3843.9147412109373,-0.014210872284199705,-0.021954134150322546,-0.11969950515548211,0.00861703446506824,0.011661731625419993,2376068.4,0.8564307323812732,False,False
2025-07-10,3236.216796875,3382.0,3399.0,3356.0,3380.0,3035012,-0.0005319607548172067,-0.005528125311161203,-0.015200032588103207,0.041192060476404224,3429.970007324219,3458.3219970703126,3839.343991699219,-0.013985547168571588,-0.022069083542529566,-0.11912034782192238,0.008315017421462593,0.011649038022371652,2324812.3,1.305486898877815,False,False
2025-07-11,3125.21728515625,3266.0,3335.0,3261.10009765625,3299.89990234375,7635550,-0.0342992312241277,-0.04497340389267146,-0.05215194408055157,-0.002382567264887503,3420.985009765625,3455.0219970703124,3834.2494921875,-0.045304206046855255,-0.05470934692473561,-0.1482035776089533,0.011128052476998638,0.012455559792365494,2597665.15,2.9393896284130387,False,False
2025-07-14,3083.78369140625,3222.699951171875,3272.0,3200.0,3266.0,3924009,-0.013257822666296715,-0.05539760316116926,-0.07825418123022765,-0.023098594509562975,3407.3050048828127,3450.3899951171875,3829.0204919433595,-0.05417919835365215,-0.06598965458035977,-0.15834873227950685,0.010582438803998569,0.012530988682107001,2697161.2,1.4548663238963988,False,False
2025-07-15,3112.107666015625,3252.300048828125,3259.39990234375,3206.0,3206.0,2590889,0.009184875447522334,-0.045182286580328856,-0.07481580415523126,-0.020863453393147435,3394.1550048828126,3446.23599609375,3823.9254931640626,-0.041793894459921765,-0.056274714640973,-0.14948655389803445,0.010789847151092633,0.012556907293974939,2721108.65,0.9521446341365312,False,False
2025-07-16,3104.234375,3233.10009765625,3244.89990234375,3220.60009765625,3227.0,2540733,-0.005903499333892337,-0.04453571398938461,-0.06324964097590047,-0.024529268369218094,3383.2400146484374,3441.99599609375,3818.7172436523438,-0.04437755416172828,-0.06069033743054075,-0.1533544142262785,0.010266897789153708,0.012575702486273153,2713328.95,0.9363895962559202,False,False
2025-07-17,3081.286865234375,3209.199951171875,3242.0,3204.10009765625,3224.10009765625,2947640,-0.007392331125689822,-0.051094041640486365,-0.06273365912036366,-0.059712876890748556,3372.5000122070314,3437.2019970703127,3813.3007434082033,-0.04842107055421163,-0.06633361847595065,-0.15841939382321124,0.01025437340751665,0.011969166939147256,2727072.55,1.0808806681729095,False,False
2025-07-18,3062.75634765625,3189.89990234375,3228.800048828125,3187.0,3225.0,3432645,-0.006013975171935693,-0.02330070350773117,-0.0715429322471206,-0.062235474257648415,3360.210009765625,3432.193994140625,3807.7067419433592,-0.05068436405073207,-0.07059452123350685,-0.1622516862431207,0.010151187038982852,0.011983164909017857,2781142.4,1.2342571887005858,False,False
2025-07-21,3032.319580078125,3158.199951171875,3197.60009765625,3152.0,3190.0,3844346,-0.009937600596364726,-0.02001427404885947,-0.06936590632672113,-0.08404873805920099,3348.4400024414062,3422.9499951171874,3802.1552416992185,-0.056814531880763575,-0.07734557744722426,-0.1693658595169707,0.010060743205282718,0.011881074794299836,2817188.65,1.3646036803392632,False,False
2025-07-22,3033.6640625,3159.60009765625,3180.10009765625,3154.60009765625,3159.60009765625,3198036,0.00044333687100950314,-0.028502890194672226,-0.0680745078266285,-0.08244515822382747,3336.900012207031,3415.8419970703126,3796.513742675781,-0.05313312173040352,-0.07501573539813466,-0.1677627655762507,0.01008432190679124,0.01188343842529494,2806938.05,1.1393325905429228,False,False
2025-07-23,3052.386962890625,3179.10009765625,3182.0,3157.60009765625,3159.60009765625,1922875,0.0061716671089055986,-0.01670223573935925,-0.07713073252604674,-0.08449241248200146,3323.6150146484374,3408.45,3791.2454931640623,-0.04348124447484292,-0.06728862161503024,-0.16146287456498465,0.009288968872662689,0.011855552198519019,2815196.85,0.683033941303252,False,False
2025-07-24,3022.5263671875,3148.0,3173.699951171875,3140.0,3165.10009765625,2934778,-0.009782673304051692,-0.019070158327008313,-0.0853623233947477,-0.08851375495666547,3308.925012207031,3399.812001953125,3785.7242431640625,-0.04863362318981512,-0.07406644891201752,-0.16845501737629476,0.009346365240695126,0.011893965602164089,2817980.45,1.0414472534754455,False,False
2025-07-25,3010.812744140625,3135.800048828125,3156.89990234375,3125.60009765625,3140.0,2568917,-0.003875460982171175,-0.016959733901328877,-0.08872164138325023,-0.08603904143744534,3293.660009765625,3391.302001953125,3780.038992919922,-0.047928432342576044,-0.07534037162654661,-0.1704318249887018,0.009295320520760429,0.01187945817617167,2857504.65,0.8990071109770548,False,False
2025-07-28,2956.56494140625,3079.300048828125,3118.0,3069.89990234375,3110.0,3374473,-0.018017730442065227,-0.02498255448154052,-0.11054302460192811,-0.10856034354259969,3274.525012207031,3382.512001953125,3774.1692431640627,-0.05961932269600356,-0.08964105757789476,-0.18411182688601324,0.009400685648448509,0.012019412072698618,2952810.75,1.1428002962939634,False,False
2025-07-29,2934.193115234375,3056.0,3074.0,3041.199951171875,3060.0,4785312,-0.007566670496105821,-0.03278899052228135,-0.10895995465847896,-0.11676300578034682,3255.8400146484373,3373.6660009765624,3768.1844921875,-0.06137894176290348,-0.09416047732188326,-0.18899936923578387,0.009374045586319992,0.012032903294267662,3073317.2,1.5570511237824718,False,False
2025-07-30,2931.88916015625,3053.60009765625,3069.0,3047.199951171875,3060.0,2880121,-0.0007853083585569465,-0.03947658020976541,-0.1079951934971145,-0.11363965890754324,3237.355017089844,3364.222001953125,3762.3154931640624,-0.056760818156661896,-0.09233097700346204,-0.18837213327683777,0.009400443972186734,0.012030032943022979,3062794.0,0.9403573991590685,False,False
2025-07-31,2915.758544921875,3036.800048828125,3059.800048828125,3015.0,3041.699951171875,2968371,-0.005501718722441651,-0.03532399973693612,-0.10703363760695961,-0.11948733369605091,3219.1550170898436,3355.4180029296876,3756.7534924316406,-0.056646842818575904,-0.09495626292264348,-0.19164245007130076,0.00939799388734532,0.012031954729852003,3084619.05,0.9623136445325396,False,False
2025-08-01,2883.305908203125,3003.0,3036.800048828125,3000.0,3029.89990234375,2053847,-0.011130152886150046,-0.04234965455713713,-0.12187848496316367,-0.12711102014985098,3198.3150146484377,3345.1860009765624,3751.0852429199217,-0.061068097968425716,-0.10229207012006736,-0.1994316829594618,0.009088817706381284,0.012088903786989466,3131845.4,0.6557945037772299,False,False
2025-08-04,2951.85986328125,3074.39990234375,3079.39990234375,2991.60009765625,3009.10009765625,2519252,0.023776191256660084,-0.0015913182887908883,-0.09886568386890726,-0.15081206903318445,3181.4500122070312,3335.927998046875,3745.873243408203,-0.03364821369266735,-0.07839740421743069,-0.17925682409197308,0.011312934885549722,0.0103402038373442,3175849.3,0.7932530047946545,False,False
2025-08-05,2941.778564453125,3063.89990234375,3077.5,3042.0,3074.39990234375,1927996,-0.0034153006549327847,0.002585046578452266,-0.10049323402472587,-0.1283357319078947,3164.335009765625,3327.2319970703124,3740.7179931640626,-0.03173972007133141,-0.07914449457039097,-0.1809326690911095,0.01129058271162382,0.009741139313708309,3155987.0,0.6109011222162829,False,False
2025-08-06,2911.43798828125,3032.300048828125,3066.800048828125,3026.0,3063.0,1487081,-0.010313605053302366,-0.006975389097109819,-0.10387729621368469,-0.14551805152566388,3146.760009765625,3317.9239990234373,3735.3344934082033,-0.03637390858606504,-0.08608513946653984,-0.18821191136181592,0.01134499811623693,0.009670153835256911,3128594.15,0.4753192420308016,False,False
2025-08-07,2925.552001953125,3047.0,3051.60009765625,3010.89990234375,3016.0,2543076,0.004847789115577816,0.0033587826026975076,-0.09905381431105853,-0.1488588834550547,3130.010009765625,3308.9019970703125,3729.954244384766,-0.026520685079802875,-0.07915072652565702,-0.18309989872205934,0.011528963745467677,0.00960478333685232,3103997.35,0.819290647912441,False,False
2025-08-08,2915.374267578125,3036.39990234375,3059.800048828125,3025.0,3048.10009765625,2762140,-0.0034788636876436074,0.011122178602647415,-0.07030009113785973,-0.1473900371458725,3118.5300048828126,3300.3619970703126,3724.736993408203,-0.026336159155264882,-0.07997974008938358,-0.1848015288818049,0.009263204202984616,0.009599588211578516,2860326.85,0.9656728565828062,False,False
2025-08-11,2919.599365234375,3040.800048828125,3049.89990234375,3021.300048828125,3036.39990234375,1884215,0.0014491327314885005,-0.01092891444929145,-0.05644332550338904,-0.13584176235281953,3109.435009765625,3292.1819970703127,3719.8634936523435,-0.022073129273305958,-0.07635724527559251,-0.1825506355227785,0.009036948556922204,0.009534498148612201,2758337.15,0.6830981484623807,False,False
2025-08-12,2914.414306640625,3035.39990234375,3096.39990234375,3026.89990234375,3041.0,3358232,-0.0017758966053871283,-0.00930187046195563,-0.06669130868245965,-0.13232145328398548,3098.5900024414063,3284.78599609375,3714.7092431640626,-0.020393178848401416,-0.0759215650719921,-0.18287012424199856,0.008589178475692277,0.009524059664624569,2796704.3,1.2007819346507245,False,False
2025-08-13,2915.182373046875,3036.199951171875,3044.39990234375,3028.60009765625,3036.10009765625,2148166,0.00026357279233857334,0.0012861201995024718,-0.060901345624007286,-0.13886212799247621,3088.7449951171875,3277.8919970703123,3709.650743408203,-0.01701177793193609,-0.07373398699971045,-0.1815402146503965,0.00860563877832349,0.009436537361300752,2777075.95,0.7735351998565253,False,False
2025-08-14,2901.836669921875,3022.300048828125,3055.89990234375,3019.10009765625,3034.0,3342174,-0.0045780589444990305,-0.008106318074130314,-0.05823878386745629,-0.13077364140692405,3079.4,3270.91599609375,3704.474493408203,-0.018542557372174806,-0.07600805021056223,-0.18414877624179882,0.00855464761505486,0.009322011567083378,2796802.65,1.1949981526226028,False,False
2025-08-18,2891.17919921875,3011.199951171875,3049.0,3003.39990234375,3046.5,2945609,-0.003672731852204403,-0.008299285990762795,-0.056020551315913325,-0.1432311308532862,3070.4650024414063,3263.45599609375,3699.076242675781,-0.01930165340507317,-0.07729721044923454,-0.1859589384960394,0.008526645742698808,0.009163105105919637,2772450.85,1.0624567068519897,False,False
2025-08-19,2895.9794921875,3016.199951171875,3025.0,3011.10009765625,3011.199951171875,2650784,0.001660467614597927,-0.008090008307429009,-0.04496232100418773,-0.14731577487436653,3063.3650024414064,3255.3419970703126,3693.7809924316407,-0.015396484334038618,-0.0734614200639001,-0.18343833666589682,0.008412445230898903,0.009104058836465452,2712772.75,0.977149302314394,False,False
2025-08-20,2975.095458984375,3098.60009765625,3103.39990234375,3010.89990234375,3010.89990234375,4952358,0.02731919230101454,0.02082104412789265,-0.019306240699653365,-0.11435672081042936,3060.3150024414062,3248.0560009765627,3688.850743408203,0.012510181201706772,-0.04601395520131957,-0.160009359773285,0.01070253508622032,0.009822790210549036,2800488.85,1.768390543672402,False,False
2025-08-21,2978.935791015625,3102.60009765625,3130.0,3083.10009765625,3130.0,3230726,0.0012909055295731164,0.021869490663402047,-0.024063413434637915,-0.11295990480351237,3056.4900024414064,3240.6700048828125,3684.521494140625,0.015085963041924666,-0.04260535846554214,-0.15793676259177358,0.010587338891501522,0.009829491257949819,2865881.4,1.1273062451223557,False,False
2025-08-22,2932.273193359375,3054.0,3095.699951171875,3050.0,3086.0,1593791,-0.015664312552869153,0.010488684333035181,-0.02986022871664551,-0.1269546568875487,3051.790002441406,3233.066005859375,3679.8704943847656,0.0007241643615143456,-0.05538581814749488,-0.17007948930262673,0.010915915303588247,0.009983242462411434,2798832.05,0.5694486026769631,False,False
2025-08-25,3015.421630859375,3140.60009765625,3152.0,3077.10009765625,3087.300048828125,3448370,0.028356286069499026,0.04297295051230865,0.0015307254140515258,-0.09320315695252379,3052.0300048828126,3226.9640087890625,3675.752745361328,0.029020059642840268,-0.026763208668454053,-0.14558994708782358,0.012763265094885921,0.010680866776647277,2842804.7,1.213016849170117,False,False
2025-08-26,3031.35986328125,3157.199951171875,3162.0,3120.0,3129.0,5522097,0.005285567407328662,0.046747563915720436,0.02529792521303542,-0.08481653820940849,3055.925,3220.1820068359375,3671.681994628906,0.033140522483986024,-0.019558539092002114,-0.1401216238796381,0.01206152205962755,0.010712628462753363,2950185.9,1.871779334312458,False,False
2025-08-28,2970.390625,3093.699951171875,3146.5,3086.5,3145.0,3116051,-0.02011275845118088,-0.001581406548099351,0.012336371456765471,-0.0914777412388954,3057.8099975585938,3211.7500048828124,3666.4522448730468,0.01173714313248242,-0.036755679468036484,-0.1562143062144271,0.012848518103094633,0.010882255696837626,2866722.85,1.0869732314723064,False,False
2025-08-29,2961.74951171875,3084.699951171875,3115.0,3077.199951171875,3093.0,2271789,-0.0029091379713765964,-0.005769401766568927,0.010184651729443939,-0.08760979612751607,3059.364990234375,3204.416005859375,3661.1212451171873,0.008281117492803247,-0.037359710620779474,-0.1574439236925249,0.012870120414567901,0.010859067135331099,2836306.25,0.8009674554713547,False,False
2025-09-01,2988.53759765625,3112.60009765625,3131.10009765625,3090.0,3090.0,1246862,0.009044687303793042,0.019187982205713716,0.024960500398231833,-0.0766811997601975,3063.154992675781,3198.1880078125,3655.9492456054686,0.01614188805290473,-0.02676137548736246,-0.14862053913968754,0.012918984910890958,0.010941568777429307,2750230.8,0.45336631383809683,False,False
2025-09-02,2987.481201171875,3111.5,3155.0,3103.10009765625,3121.10009765625,2185229,-0.00035343366373286056,-0.009265776205625964,0.036130536130536184,-0.08058033068567505,3068.5799926757813,3191.7040087890623,3650.5132446289062,0.013986927968852703,-0.025128899349125988,-0.14765409916591055,0.01259335594250501,0.010921379346022128,2756799.9,0.792668702577942,False,False
2025-09-03,2974.0390625,3097.5,3141.89990234375,3088.0,3129.89990234375,1799774,-0.004499437570303688,-0.018909144842003345,0.007513693205181138,-0.09480110803988151,3069.734997558594,3185.7820068359374,3645.0137451171877,0.009044755480029476,-0.027711251631939993,-0.15020896583740728,0.011546011572605068,0.010804465072172389,2720826.0,0.6614807415101149,False,False
2025-09-04,2972.310546875,3095.699951171875,3118.0,3090.800048828125,3116.0,1481391,-0.0005811295651735326,0.0006464751047503547,0.01037894508361692,-0.1060382804953004,3071.325,3179.8880078125,3639.7404943847655,0.007936298233457872,-0.026475164041559807,-0.149472343990516,0.011513586644254219,0.010657508083640443,2698495.75,0.5489691803294484,False,False
2025-09-05,2926.80029296875,3048.300048828125,3103.39990234375,3028.60009765625,3097.10009765625,2802055,-0.015311529893524356,-0.011800143586063072,0.005276522686527452,-0.12200808359413484,3072.125,3171.9580078125,3634.2524951171877,-0.007755202399601258,-0.038984740239248694,-0.16123052734401944,0.011812796632944106,0.010782007093887812,2764244.45,1.013678439329054,False,False
2025-09-08,2898.66796875,3019.0,3064.89990234375,3016.0,3050.0,2626187,-0.009611930701962534,-0.03007135344072298,-0.009189366590088621,-0.12090150750546524,3070.725,3163.5020068359377,3629.2499951171876,-0.016844556253002074,-0.045677861598850455,-0.1681476877972642,0.011963211246482135,0.010766049898642495,2768400.0,0.9486298945239128,False,False
2025-09-09,2927.856201171875,3049.39990234375,3060.0,3030.800048828125,3032.10009765625,2489301,0.010069527109556109,-0.019958250893861496,0.004281385989363784,-0.11501293044780181,3071.375,3155.6680029296876,3624.2992443847656,-0.007154807751007297,-0.03367531073841723,-0.15862358576812452,0.012161285238573374,0.010858147215240414,2754758.05,0.9036368910874043,False,False
2025-09-10,2986.041015625,3110.0,3122.699951171875,3053.39990234375,3056.39990234375,2079428,0.019872794515954917,0.004035512510088823,0.02275715274292489,-0.11048824283762582,3074.834997558594,3148.6280029296877,3619.4849938964844,0.011436386820537381,-0.012268201544846091,-0.1407617367541586,0.012927841000859324,0.011012626378208327,2764518.7,0.7521844580034853,False,False
2025-09-11,2999.6748046875,3124.199951171875,3139.0,3110.10009765625,3139.0,2263446,0.0045659006983520545,0.009206318586919782,0.029254810464861336,-0.11125653350320086,3079.275,3142.5180029296876,3613.8829931640626,0.014589457314424736,-0.005829100021299882,-0.13550052475923002,0.012928662651049866,0.011003404018768448,2709779.4,0.8352879204853355,False,False
2025-09-12,3008.50830078125,3133.39990234375,3148.699951171875,3121.0,3144.0,1447167,0.0029447382740097616,0.027917151249051253,0.0320136857700557,-0.09213652691594942,3084.1349975585936,3136.72,3607.9744921875,0.01597365382000282,-0.0010584615956317212,-0.1315349071539631,0.012928830786008875,0.010810129464699454,2674729.45,0.5410517314190413,False,False
2025-09-15,2987.865234375,3111.89990234375,3134.0,3096.0,3134.0,1732539,-0.006861556350952314,0.03077174638746283,0.02964624692057516,-0.09115072945568048,3088.614990234375,3130.9419970703125,3601.770490722656,0.0075389493941451224,-0.0060819059389731756,-0.13600827416424832,0.012996684188815935,0.010800232932533195,2594247.7,0.6678386955879347,False,False
2025-09-16,3020.318115234375,3145.699951171875,3150.0,3109.10009765625,3128.0,2573429,0.010861547571844543,0.031579999971177664,0.04466657883268632,-0.084407836575218,3095.339990234375,3125.4599951171876,3595.836241455078,0.01626960563181523,0.00647583270504426,-0.1251826446081572,0.013095744473515435,0.010900377510607191,2575638.7,0.999142076875922,False,False
2025-09-17,3046.337890625,3172.800048828125,3182.39990234375,3142.39990234375,3152.0,2418271,0.008614965850813006,0.02019294174537789,0.05191966719428098,-0.06506366173805156,3103.1699951171877,3120.6819970703127,3590.4757421875,0.0224383626486786,0.016700853149004047,-0.11632878853678197,0.013170869228230277,0.010881445165705075,2564013.05,0.9431586161388688,False,False
2025-09-18,3050.082275390625,3176.699951171875,3203.0,3161.39990234375,3185.0,2633138,0.0012291673864510688,0.01680430216392126,0.02520488319054115,-0.06303089822063357,3107.074987792969,3116.0919970703126,3585.004991455078,0.022408523660499835,0.019449988690495967,-0.11389246075149273,0.011817933661431277,0.010885462135223381,2448052.05,1.0756053981777063,False,False
2025-09-19,3042.88134765625,3169.199951171875,3180.5,3144.0,3170.0,4901694,-0.0023609406350239004,0.011425304762838318,0.021465819447996415,-0.08000467189670568,3110.40498046875,3111.7999951171873,3579.4677416992185,0.01890267379081423,0.018445901454063662,-0.11461698222557082,0.011846446227014595,0.010653079351148608,2531600.45,1.9362036375052785,False,False
2025-09-22,2951.283935546875,3073.800048828125,3106.89990234375,3065.0,3095.0,3634901,-0.030102203651894532,-0.012243277326153601,0.006483316577644116,-0.10692079574038527,3111.394982910156,3105.63599609375,3573.3229919433593,-0.01208298344907266,-0.010251023399286963,-0.13979227297434083,0.013277159163656448,0.011281458273332049,2633655.95,1.3801730632279436,True,False
2025-09-23,2940.338134765625,3062.39990234375,3080.699951171875,3052.0,3070.0,3177741,-0.0037088119927388696,-0.02648060848813416,-0.024899762109432122,-0.1100520718855097,3107.484973144531,3101.563994140625,3566.8629919433592,-0.014508540247310853,-0.012627207393064332,-0.14143046445547913,0.01154795162474441,0.011282019828453393,2620124.5,1.2128206121503005,True,False
2025-09-24,2914.414306640625,3035.39990234375,3057.0,3033.0,3050.0,1625714,-0.008816614701213976,-0.04330564308177054,-0.038578503329482094,-0.12322359839868569,3101.394970703125,3097.8179931640625,3559.7197424316405,-0.021279156309592318,-0.02014905038257575,-0.14729244941337105,0.011561875686716388,0.011267889908494297,2425305.35,0.6703131216034303,True,False
2025-09-25,2839.523193359375,2957.39990234375,3029.60009765625,2951.0,3022.0,4974361,-0.025696778846099666,-0.069033919538805,-0.04405729417182014,-0.13770885370504415,3094.579968261719,3091.919990234375,3552.2792419433595,-0.04432913911577652,-0.04350697570296047,-0.16746412629266338,0.012080586561131144,0.011637278475736262,2518220.85,1.9753473965557866,True,False
2025-09-26,2783.54736328125,2899.10009765625,2954.800048828125,2891.300048828125,2941.0,3934636,-0.019713196257732046,-0.08522651068947229,-0.060167879033134364,-0.15312708313468482,3085.2999755859373,3085.239990234375,3544.5139929199217,-0.06035065614465107,-0.06033238683775277,-0.1820881216868857,0.012702292106535,0.011849562042500995,2601363.2,1.5125285081298911,True,False
2025-09-29,2780.6669921875,2896.10009765625,2929.300048828125,2894.0,2916.0,3110035,-0.0010348038698027029,-0.057811161542411504,-0.06955599601857687,-0.14840624086258425,3074.4749755859375,3078.9779931640624,3536.8317443847654,-0.058017996355846924,-0.059395648787954114,-0.18115977604695788,0.012394622006465435,0.011840427321870278,2694521.85,1.1542066359565797,False,False
2025-09-30,2773.2734375,2888.39990234375,2915.300048828125,2885.10009765625,2911.0,2253458,-0.0026588153215876265,-0.056818183630045316,-0.07170178295235419,-0.1553892446625561,3063.319970703125,3072.9479931640626,3529.1364929199217,-0.05710146835207208,-0.060055715629047324,-0.18155619423096947,0.012374280604185285,0.01179148872721994,2697933.3,0.8352534141596459,False,False
2025-10-01,2798.044921875,2914.199951171875,2924.800048828125,2866.60009765625,2891.0,1952902,0.00893229805443152,-0.039928824890022474,-0.05917677121166265,-0.145821733188792,3054.1549682617188,3068.0679931640625,3521.4327416992187,-0.04582446488283454,-0.0501514446012995,-0.1724391277836339,0.012685748033277313,0.011887423358881108,2705589.7,0.7218027182761673,False,False
2025-10-03,2786.2353515625,2901.89990234375,2924.0,2891.10009765625,2924.0,2899519,-0.004220729199854278,-0.018766484693536367,-0.06260298216394067,-0.1480535658673311,3044.4649658203125,3062.9139892578123,3513.5727416992186,-0.046827624911804255,-0.05256892210449515,-0.17408856577696863,0.012675801692867309,0.01188869091553064,2776496.1,1.044308688205973,False,False
2025-10-06,2869.287841796875,2988.39990234375,2993.60009765625,2895.60009765625,2902.0,2112774,0.029808057793494935,0.030802594487749246,-0.019650344626475635,-0.11685091931519698,3041.4699584960936,3059.0999853515623,3506.438740234375,-0.01744881812956811,-0.023111399871321048,-0.14773930938716429,0.014307554839641157,0.012589565226871364,2742032.05,0.7705139697400692,False,False
2025-10-07,2855.173583984375,2973.699951171875,3004.5,2955.5,2995.0,3062943,-0.004919004033009822,0.02679460339731521,-0.015004984706235458,-0.12072739468602156,3039.2049560546875,3055.613984375,3499.6647399902345,-0.02155333576707741,-0.02680771642687718,-0.15029005001771312,0.014195101107125092,0.012593687028119556,2763869.85,1.108208116239627,False,False
2025-10-08,2906.541015625,3027.199951171875,3043.0,2968.0,2975.0,4121889,0.01799105521016564,0.04805430463956806,-0.007280104900250106,-0.07311697759587421,3038.0949584960936,3053.441982421875,3493.0614892578124,-0.003586131267474202,-0.00859424590382607,-0.13336768892233875,0.014614546108244912,0.012125743367929627,2845499.25,1.448564430301642,False,False
2025-10-09,2939.666015625,3061.699951171875,3066.0,3020.0,3034.0,3211304,0.011396670374100859,0.0506142346000269,-0.01553056232415595,-0.049958110416532975,3035.6799560546874,3053.08998046875,3487.010489501953,0.008571389439552268,0.0028200841633245766,-0.12196996241064506,0.014114212136153291,0.012127690859869658,2902093.05,1.106547565730189,False,False
2025-10-10,2907.597412109375,3028.300048828125,3070.0,3006.89990234375,3050.0,8817365,-0.010908940417550084,0.04355772105794786,-0.030695827361426842,-0.06887433405190035,3030.8849609375,3052.5359814453127,3481.3004907226564,-0.0008528572158593706,-0.007939605876721711,-0.1301239129175248,0.014234717113384886,0.01212524592599649,3229789.0,2.7300127036162425,False,False
2025-10-13,2887.338134765625,3007.199951171875,3035.5,2998.199951171875,3027.0,2866865,-0.006967637722825826,0.006291008379895935,-0.04027572448619754,-0.06987106481736682,3024.5749633789064,3051.607978515625,3475.544991455078,-0.005744612852187636,-0.014552336884815387,-0.13475441734596127,0.014245797466003267,0.012133142199712078,3300773.9,0.8685432831373273,False,False
2025-10-14,2842.307861328125,2960.300048828125,3027.199951171875,2955.5,3021.0,3611416,-0.01559587094482151,-0.004506137997705273,-0.04871617284394225,-0.07755824072378581,3016.994970703125,3050.077978515625,3469.448991699219,-0.01879185163566488,-0.02943463423554571,-0.14675210504297687,0.014535012421410034,0.012250512379296787,3394717.75,1.0638339520273814,False,False
2025-10-15,2862.06396484375,2969.800048828125,2979.699951171875,2951.0,2971.0,4282226,0.003209134156438198,-0.01896138453673324,-0.05591757162923994,-0.0689989843737443,3008.1999755859374,3049.4139794921875,3463.452491455078,-0.012765084458965514,-0.02610794441144404,-0.14253189378080888,0.014265951256103951,0.01224785427446858,3480157.6,1.2304689879561777,False,False
2025-10-16,2862.93115234375,2970.699951171875,2975.0,2943.10009765625,2969.89990234375,3251495,0.00030301782239683384,-0.029722050315599824,-0.06369771008131941,-0.05936926188933245,2998.094970703125,3047.33998046875,3457.4817407226565,-0.009137475563299136,-0.025149812553926454,-0.14079084896310634,0.014035854971359013,0.01219409237479684,3521818.8,0.9232431265345055,False,False
2025-10-17,2854.73974609375,2962.199951171875,2988.800048828125,2955.39990234375,2970.0,4374683,-0.002861278533581646,-0.02182745982579537,-0.06752290216168244,-0.06247630724875719,2987.369970703125,3045.3059814453127,3451.4987414550783,-0.008425477854464014,-0.027289878514603405,-0.1417641514413317,0.013997795702382337,0.012195170963484086,3608896.05,1.2121942387340308,False,False
2025-10-20,2905.81689453125,3015.199951171875,3023.0,2978.5,2985.5,3133039,0.017892107512537336,0.0026602820330861032,-0.0485927055322134,-0.05155551616798992,2979.669970703125,3044.9639794921877,3446.100740966797,0.011924132812724197,-0.009774837574688333,-0.12504010247652642,0.014786980766334711,0.012404098742579703,3520463.3,0.8899507630146294,False,False
2025-10-21,2897.625244140625,3006.699951171875,3031.800048828125,2996.0,3031.10009765625,310644,-0.00281905019157902,0.015674053838602653,-0.02182968852571643,-0.04488565718809556,2976.3149658203124,3044.157978515625,3440.5719897460935,0.010208928053818456,-0.01230488943350272,-0.12610462442503267,0.013276596442632588,0.012351152062195312,3354250.45,0.09261204690305698,False,False
2025-10-23,2961.712890625,3073.199951171875,3098.0,3036.10009765625,3055.0,5564758,0.02211727178632561,0.034817125949119454,0.0035266618248843695,-0.019963038676411804,2976.8549682617186,3044.8939794921876,3435.059239501953,0.03236468821536698,0.0092962092835851,-0.10534295425500251,0.014223439955878084,0.01268876788786015,3473601.3,1.6020140250408128,False,False
2025-10-24,2952.07568359375,3063.199951171875,3090.0,3058.300048828125,3080.0,2684318,-0.003253937315789268,0.03113744286544695,0.009158611623680812,-0.005228492644741456,2978.244970703125,3045.3419775390626,3429.8757397460936,0.028525182214508504,0.005864028987392578,-0.106906435217202,0.014090128152420932,0.012479944709906756,3526531.5,0.7611779449580983,False,False
2025-10-27,2972.98828125,3084.89990234375,3094.199951171875,3060.199951171875,3066.5,1946312,0.007084079236673091,0.04142190034245785,0.043112194566232276,0.009456774327143425,2984.619970703125,3046.3319775390623,3424.8252392578124,0.03359889454100262,0.012660447084905213,-0.09925333795651625,0.012715873800963593,0.012472931241951112,3375129.05,0.5766629871530394,False,False
2025-10-28,2946.968017578125,3057.89990234375,3090.199951171875,3040.199951171875,3076.0,3470737,-0.008752309914330403,0.014161565356645589,0.05477555080484464,0.0014081099521841,2992.5599609375,3046.7659765625,3419.9732385253906,0.021834129393945467,0.003654342298325064,-0.10587022497806375,0.011934412923841866,0.012526250806776629,3351934.1,1.0354430894091862,False,False
2025-10-29,2946.678955078125,3057.60009765625,3076.0,3046.10009765625,3057.89990234375,2895420,-9.804267538982003e-05,0.01692890787607082,0.055764647130359446,0.006849331037172446,3000.6349609375,3047.4719775390627,3414.7192395019533,0.01898436079707344,0.003323449794398581,-0.10458228533535019,0.01192066094119831,0.012504697181325962,3341203.35,0.8665800002864237,False,False
2025-10-30,2925.187744140625,3035.300048828125,3063.800048828125,3032.800048828125,3049.10009765625,2241536,-0.007293317672647515,-0.012332390650109826,0.05085865927539146,0.010755927015692723,3007.9799682617186,3047.9539794921875,3409.7014892578127,0.009082534077577087,-0.004151614738674869,-0.1098047561081904,0.01207606213841285,0.01245553785808074,3340607.25,0.6709965680640848,False,False
2025-10-31,2947.064208984375,3058.0,3067.39990234375,3025.10009765625,3035.0,1868085,0.0074786514699392015,-0.001697555254231986,0.04934460614835268,-0.005334342591946983,3015.169970703125,3048.78998046875,3403.663239746094,0.01420484739269523,0.003020877000466271,-0.10155623967425154,0.012039961564687283,0.012106710128435599,3336366.4,0.559916021213977,False,False
2025-11-03,2907.35888671875,3016.800048828125,3058.0,3010.0,3046.89990234375,2194877,-0.013472842109834904,-0.022075223077379635,0.039594800079621795,-0.015372517058927282,3020.9149780273438,3047.1539794921873,3397.291739501953,-0.0013621466440296714,-0.009961403614109687,-0.11199853290480388,0.012480630920112165,0.012223618586031288,3301134.3,0.6648857030748492,False,False
2025-11-04,2881.723876953125,2990.199951171875,3029.300048828125,2976.0,3019.60009765625,2670720,-0.008817322071637768,-0.022139361435600247,0.0006023453643915211,-0.01388388252426409,3021.00498046875,3044.9059765625,3391.077490234375,-0.010196947537668533,-0.017966408753410712,-0.11821538735606818,0.010833651311245873,0.012204114897739572,3329031.6,0.8022513213752612,False,False
2025-11-06,2901.6728515625,3010.89990234375,3024.0,2990.0,2990.10009765625,2542721,0.006922597655639295,-0.015273480449028431,0.012509651875675987,-0.011847751117902816,3022.8649780273436,3044.043974609375,3384.8839892578126,-0.003958190580977128,-0.010888171308326089,-0.11048653014429133,0.010869268117866085,0.012221471745309301,3303020.5,0.7698168994107061,False,False
2025-11-07,2883.265869140625,2991.800048828125,3004.0,2960.5,3001.0,1830520,-0.006343569741643407,-0.014331367344323831,-0.011693942559045767,-0.014688399074574865,3021.0949829101564,3041.0679736328125,3378.8114904785157,-0.009696793463213838,-0.01620086273370369,-0.11454070247511239,0.010168620843402351,0.012240375994176343,3188452.05,0.5741093079947682,False,False
2025-11-10,2915.4541015625,3025.199951171875,3047.89990234375,2992.0,2993.0,1556656,0.011163815027288582,-0.010725980650138967,-0.011921481719993299,-0.005130260920070073,3019.269982910156,3038.4279736328126,3373.3159912109377,0.0019640404121803456,-0.004353574471973376,-0.10319698508709751,0.010154358863799548,0.012326148364347353,3105719.65,0.5012223173459974,False,False
2025-11-11,2936.46337890625,3047.0,3055.699951171875,3018.0,3045.0,2806868,0.0072061513883339146,0.01001059091854839,0.006175065505517274,0.0038216044111001324,3020.20498046875,3037.493974609375,3368.161990966797,0.008871920847932424,0.0031295618921671764,-0.0953522995117615,0.009988350688587794,0.012358852465508146,2805194.8,1.0005964648159194,False,False
2025-11-12,3018.18701171875,3131.800048828125,3136.39990234375,3057.10009765625,3060.0,4460315,0.027830669126394758,0.04735472542588881,0.0414339251394622,0.03148675949993063,3026.4349853515623,3038.4359765625,3363.6417407226563,0.034814910608206295,0.03072767469375859,-0.06892579821676303,0.011553799491230666,0.012865606263998354,2884867.3,1.5461075107336828,False,False
2025-11-13,2993.03369140625,3105.699951171875,3131.89990234375,3102.0,3131.800048828125,1740435,-0.008333896560866472,0.031485619549932675,0.04911660978464272,0.027594845315271677,3033.70498046875,3038.2979736328125,3358.3872399902343,0.02373169809412423,0.022184123520469612,-0.07524066486719205,0.011072663254677553,0.012900307211922021,2791318.25,0.6235172216568283,False,False
2025-11-14,2993.322998046875,3106.0,3113.10009765625,3077.300048828125,3090.0,2210794,9.661230409974131e-05,0.03817098379171657,0.0458616569912238,0.0314824821882822,3040.5149780273437,3038.1879736328124,3353.189989013672,0.0215374771859016,0.022319891644526413,-0.07371785965709088,0.011083419858439605,0.012888639771361093,2687746.65,0.8225455327048775,True,False
2025-11-17,2989.660888671875,3102.199951171875,3123.5,3086.60009765625,3106.0,2232853,-0.0012234542266983395,0.025452863031474093,0.0442656620195272,0.028512698558524452,3047.089978027344,3038.28197265625,3347.93923828125,0.018086099702316227,0.02103753999492808,-0.07340016338992206,0.011103151632248492,0.012889988590249715,2636814.55,0.8467994080205603,True,False
2025-11-18,2975.108642578125,3087.10009765625,3105.0,3078.0,3102.0,2548350,-0.004867466234702578,0.01316051777362981,0.04216465753264331,-0.0037113533975224877,3053.3349853515624,3038.1099755859377,3343.0489892578125,0.011058436911336678,0.016125197067911934,-0.07656151388268628,0.011160446503069826,0.01241817899264037,2545497.9,1.0011204487734993,True,False
2025-11-19,3033.51025390625,3147.699951171875,3155.0,3083.5,3097.0,3151053,0.019630025460344758,0.00507692128994619,0.04394401769226053,0.01453614777801815,3059.9599853515624,3040.0979736328127,3338.5859887695315,0.028673566399670447,0.03539424665662394,-0.057175713981837406,0.011295611782948162,0.012673221769131302,2546398.6,1.2374547331277985,True,False
2025-11-20,3030.715576171875,3144.800048828125,3164.5,3138.10009765625,3148.0,2700767,-0.0009212766110919812,0.012589785964834288,0.0459307878734041,0.02973151566081378,3066.864990234375,3042.613974609375,3333.8109899902342,0.025411962653039355,0.03358496183593873,-0.05669515810272818,0.011259029502670666,0.012499804305748303,2665904.75,1.0130770801169846,True,False
2025-11-21,3036.30517578125,3150.60009765625,3170.0,3135.199951171875,3144.800048828125,4177037,0.0018443299217978382,0.014359336012958801,0.0251855224893065,0.0031841048490901525,3070.734997558594,3044.637978515625,3329.0637414550783,0.026008463824183314,0.034802863226545355,-0.05360775811424534,0.010248984453911467,0.011957574430446144,2596518.7,1.6087066886905146,True,False
2025-11-24,3027.245849609375,3141.199951171875,3178.89990234375,3131.0,3158.0,6703764,-0.002983605088874297,0.012571723491023645,0.025463567916994778,-0.005067781656990511,3074.6349975585936,3045.2619775390626,3324.207741699219,0.02164970920650333,0.031504013231184125,-0.05505305466673294,0.0102428473002246,0.011944713212996411,2797491.0,2.3963487281996616,True,False
2025-11-25,3006.04443359375,3119.199951171875,3149.800048828125,3115.0,3145.300048828125,2737920,-0.0070036929651016155,0.010398060477532223,0.011118691015570947,0.008242557585566912,3076.35,3045.1619775390627,3319.4379919433595,0.013928828375144198,0.024313312125565645,-0.06032287431109851,0.01030887723912594,0.011687993189092765,2837071.4,0.9650514964128151,True,False
2025-11-26,3048.15869140625,3162.89990234375,3178.0,3117.0,3118.800048828125,2508527,0.014009987130019441,0.004828907268056515,0.03433729139384911,0.025350910107858837,3081.6,3045.7519775390624,3314.9092419433596,0.026382367063781942,0.038462726337730846,-0.04585625985660302,0.010476793250968904,0.011815021282699711,2788960.9,0.8994486082612345,True,False
2025-11-27,3022.81298828125,3136.60009765625,3180.0,3125.0,3180.0,2836233,-0.008315092320187456,-0.0026074634458653767,0.025837257154902593,0.007710595401597464,3085.55,3046.2459814453123,3310.056993408203,0.016544893991751852,0.02966080768305801,-0.05240299369387991,0.010711212119987039,0.011814433421942988,2786001.55,1.0180299433071027,True,False
2025-11-28,3023.680419921875,3137.5,3147.300048828125,3125.0,3140.0,1616690,0.0002869037542982955,-0.004157969037706599,0.03367046075439317,0.00835609834484985,3090.6599975585937,3046.081982421875,3305.288992919922,0.015155339790985378,0.030011673390826,-0.05076378896953748,0.01052245507238014,0.011814217422068951,2754759.25,0.5868716113758399,True,False
2025-12-01,3019.72900390625,3133.39990234375,3154.0,3122.199951171875,3137.89990234375,1747647,-0.001306804033864517,-0.002483143050226788,0.024656606391023628,0.011589960401533483,3094.4299926757812,3045.2939794921876,3300.5422424316407,0.012593566427486325,0.028931828403067517,-0.050640872866014375,0.010452077985403022,0.011799840673035392,2748737.35,0.6357999246454012,True,False
2025-12-02,3021.94580078125,3135.699951171875,3144.0,3120.39990234375,3131.0,2512003,0.0007340425415871543,0.0052898179848333005,0.03941258963779748,0.012921148893922263,3100.3749877929686,3044.4739794921875,3296.0737426757814,0.011393771243153106,0.029964444529397394,-0.048656008337275125,0.009863579706348978,0.011799472456287121,2764593.65,0.9086337154829246,True,False
2025-12-03,3064.63818359375,3180.0,3211.89990234375,3139.0,3140.0,3952112,0.014127642796808226,0.005406461849639443,0.06347403248192185,0.04320439230465678,3109.864990234375,3044.68998046875,3291.788992919922,0.022552429120191286,0.044441312711390735,-0.033959951005474776,0.009875948542958446,0.011752032116675895,2828663.25,1.397165958160626,True,False
2025-12-04,3112.0537109375,3229.199951171875,3250.0,3187.39990234375,3194.0,5025905,0.015471682758451344,0.029522365182867327,0.0725032568031223,0.06962568770184663,3120.779992675781,3047.797978515625,3288.1172424316405,0.03474130145365795,0.05951902781450058,-0.017918245280145406,0.01022759739530995,0.011822288748210275,2952822.45,1.702068134845019,True,False
2025-12-05,3120.72705078125,3238.199951171875,3271.60009765625,3222.39990234375,3230.0,5244013,0.0027870680466020037,0.03209560196713146,0.08235841243476938,0.06191383710710241,3133.099987792969,3051.3139794921876,3284.5574926757813,0.033545039669462096,0.06124770277190206,-0.01411378598404156,0.009962847001502012,0.011766845174648037,3123497.1,1.6788915859726585,True,False
2025-12-08,3119.0888671875,3236.5,3259.89990234375,3208.60009765625,3243.0,2544725,-0.0005249679443851685,0.03290358743521127,0.06984663897877996,0.04067524115755616,3143.664990234375,3055.3359814453124,3281.1892431640626,0.029530821526470463,0.05929430336135688,-0.013619831058865883,0.009863555708902854,0.011506159680108523,3172900.55,0.8020185189857275,True,False
2025-12-09,3091.911865234375,3208.300048828125,3233.699951171875,3181.199951171875,3230.0,2734893,-0.008713100933686047,0.023152756573254996,0.052937331417172606,0.0269189229148743,3151.7299926757814,3060.353984375,3277.5564929199218,0.017948890382045724,0.04834279472521197,-0.02113051117239395,0.010179808612927924,0.01155870958809323,3169301.8,0.862932334181617,True,False
2025-12-10,3073.504638671875,3189.199951171875,3225.0,3178.10009765625,3225.0,1386849,-0.005953338953825882,0.002893066406250089,0.018328086547296785,0.017808147880003178,3154.599987792969,3066.1559814453126,3273.9799926757814,0.010968098495148126,0.04012971631944251,-0.025895100670611293,0.008431020722506729,0.011583975498733103,3015628.5,0.4598872175402242,True,False
2025-12-11,3076.10693359375,3191.89990234375,3208.39990234375,3153.10009765625,3205.0,1914362,0.000846592002136104,-0.011550863802840317,0.027755402172495502,0.02570776776584216,3158.9099853515627,3072.0719775390626,3270.5734924316407,0.010443449526946758,0.03900557203112065,-0.024054983100042726,0.008144456970024111,0.011545205984502257,3024324.85,0.6329882188416367,True,False
2025-12-12,3103.66943359375,3220.5,3223.0,3185.699951171875,3197.699951171875,1146554,0.008960211325940826,-0.005465984633058141,0.03686413393432075,0.02377850716507779,3164.6349853515626,3078.7139794921877,3267.755491943359,0.017652909389874294,0.0460536514441654,-0.014461146820766602,0.008309226439490926,0.011518831181291093,2971112.85,0.38590052208888664,True,False
2025-12-15,3113.017333984375,3230.199951171875,3238.199951171875,3197.300048828125,3211.10009765625,1562190,0.003011939503764882,-0.001946562282751474,0.04126104120130858,0.018091244787061367,3171.0349853515627,3085.0339794921874,3265.0094921875,0.018657935372401013,0.047054902035011725,-0.01066139044891512,0.008280850157396467,0.011474197609376654,2937579.7,0.5317949330872622,True,False
2025-12-16,3088.828125,3205.10009765625,3220.0,3191.10009765625,3220.0,1734623,-0.007770371461531034,-0.0009973977256410027,0.038223574314803166,0.008940141316745365,3176.9349853515623,3091.0979833984375,3262.1049926757814,0.008865498486608336,0.03688078309716847,-0.017474880528836834,0.008432641058704391,0.011521413946009904,2896893.35,0.5987873181454885,True,False
2025-12-17,3101.067138671875,3217.800048828125,3236.89990234375,3200.5,3200.5,1376350,0.0039624195141867435,0.008967796969186814,0.022270260426236588,0.015335131391214007,3180.439990234375,3095.685986328125,3259.8159924316406,0.011746820788464785,0.039446527535191844,-0.01288905376900551,0.007359373452949661,0.011526385439792869,2808158.2,0.49012552070606275,True,False
2025-12-18,3161.78173828125,3280.800048828125,3287.800048828125,3221.0,3228.0,2307422,0.019578593773389885,0.027851796486192182,0.04324599271444263,0.06734335243403944,3187.239990234375,3101.82798828125,3258.0722424316405,0.02935456974699613,0.05769889923717053,0.006975844826424549,0.008411393119219464,0.011079798270346521,2788490.95,0.827480541043176,True,False
2025-12-19,3162.938232421875,3282.0,3317.89990234375,3278.800048828125,3299.0,3902511,0.00036574955925883224,0.01909641360037262,0.04170630936039754,0.0717084981253373,3193.8099853515623,3106.9239892578125,3256.4194921875,0.027612793200886054,0.05635027163442441,0.007855409253589851,0.008420736976201522,0.011062005098949501,2774764.65,1.4064295507008135,True,False
2025-12-22,3204.281982421875,3324.89990234375,3328.60009765625,3291.0,3310.0,2632816,0.013071268233927569,0.029317055477484866,0.05848082071418048,0.09537458302494706,3202.994982910156,3112.18798828125,3255.627741699219,0.03805966605755784,0.06834802873844814,0.02127766628760064,0.008674198055635745,0.011086463858138693,2571217.25,1.023957038247157,True,False
2025-12-23,3189.92236328125,3310.0,3319.89990234375,3293.5,3319.89990234375,2365420,-0.004481308545032259,0.03272905654973424,0.06116954726048962,0.1192263844253234,3212.5349853515627,3117.8219873046874,3254.712491455078,0.030338973767711774,0.06163854558657711,0.016986910115739384,0.008540211814972823,0.01052591897476607,2552592.25,0.9266736589049818,True,False
2025-12-24,3198.59619140625,3319.0,3327.10009765625,3296.10009765625,3304.10009765625,1367708,0.002719033232628343,0.031450043394936955,0.049353473861306174,0.14483801462502588,3220.339990234375,3124.05798828125,3253.6472412109374,0.03063651976648729,0.06240025391654158,0.020086000092849554,0.00813835089271288,0.010135161030611135,2495551.3,0.5480584590667401,True,False
2025-12-26,3161.0107421875,3280.0,3320.0,3271.800048828125,3313.10009765625,1176664,-0.011750527267249122,-0.00024385784449454384,0.045718261135967664,0.1325575392419729,3227.5099853515626,3130.4519873046875,3252.3119909667967,0.016263315957710356,0.047772019280855726,0.008513331165677318,0.008409115586256484,0.01028830327068207,2412572.85,0.48772164537953744,True,False
2025-12-29,3133.544677734375,3251.5,3288.0,3242.89990234375,3280.0,2079473,-0.008689024390243882,-0.009293113954905508,0.03633466135458163,0.12570977355373048,3233.2099853515624,3136.085986328125,3250.5614904785157,0.005656921366475665,0.03680192895699497,0.00028872227897647207,0.00875307721794739,0.010365029107606375,2435712.0,0.8537433818119712,True,False
2025-12-30,3129.01513671875,3246.800048828125,3267.5,3239.5,3250.0,2807593,-0.0014454716813393498,-0.023489384886616227,0.03619076722366432,0.11413084319162903,3238.879992675781,3141.60798828125,3248.739490966797,0.0024453070722760817,0.033483509380947574,-0.0005969829664903559,0.008755740806208247,0.010334405146489062,2488709.3,1.1281321607147932,True,False
2025-12-31,3089.887939453125,3206.199951171875,3246.0,3198.5,3240.0,3362634,-0.012504649823109282,-0.031359531368013616,0.02248301849596701,0.10486235193100701,3242.404992675781,3146.48798828125,3246.8222412109376,-0.011166107129025882,0.018977336990643412,-0.012511399461127226,0.009323790914558932,0.010471379253757183,2531240.85,1.32845280211087,True,False
